ISO-10303-21;
HEADER;
/* Generated by software containing ST-Developer
 * from STEP Tools, Inc. (www.steptools.com) 
 */
/* OPTION: using custom renumber hook */

FILE_DESCRIPTION(
/* description */ ('STEP AP242 Edition 2',
'CAx-IF Rec.Pracs.---Representation and Presentation of Product Manufa
cturing Information (PMI)---4.0---2014-10-13',
'CAx-IF Rec.Pracs.---3D Tessellated Geometry---0.4---2014-09-14','2;1',
'CAx-IF Rec.Pracs.---User Defined Attributes---1.5---2016-08-15'),
/* implementation_level */ '2;1');

FILE_NAME(
/* name */ 'motor bevel - Bevel 1M 20T 45deg',
/* time_stamp */ '2026-09-27T03:14:04Z',
/* author */ (''),
/* organization */ (''),
/* preprocessor_version */ 'ST-DEVELOPER v20',
/* originating_system */ 'ONSHAPE BY PTC INC, 1.221',
/* authorisation */ '  ');

FILE_SCHEMA (('AP242_MANAGED_MODEL_BASED_3D_ENGINEERING_MIM_LF { 1 0 10303 442 3 1 4 }'));
ENDSEC;

DATA;
#10=SHAPE_REPRESENTATION_RELATIONSHIP('','',#2726,#11);
#11=ADVANCED_BREP_SHAPE_REPRESENTATION('',(#2724),#10757);
#12=B_SPLINE_SURFACE_WITH_KNOTS('',3,3,((#3478,#3479,#3480,#3481,#3482,
#3483,#3484,#3485,#3486,#3487,#3488),(#3489,#3490,#3491,#3492,#3493,#3494,
#3495,#3496,#3497,#3498,#3499),(#3500,#3501,#3502,#3503,#3504,#3505,#3506,
#3507,#3508,#3509,#3510),(#3511,#3512,#3513,#3514,#3515,#3516,#3517,#3518,
#3519,#3520,#3521),(#3522,#3523,#3524,#3525,#3526,#3527,#3528,#3529,#3530,
#3531,#3532),(#3533,#3534,#3535,#3536,#3537,#3538,#3539,#3540,#3541,#3542,
#3543),(#3544,#3545,#3546,#3547,#3548,#3549,#3550,#3551,#3552,#3553,#3554),
(#3555,#3556,#3557,#3558,#3559,#3560,#3561,#3562,#3563,#3564,#3565),(#3566,
#3567,#3568,#3569,#3570,#3571,#3572,#3573,#3574,#3575,#3576),(#3577,#3578,
#3579,#3580,#3581,#3582,#3583,#3584,#3585,#3586,#3587),(#3588,#3589,#3590,
#3591,#3592,#3593,#3594,#3595,#3596,#3597,#3598),(#3599,#3600,#3601,#3602,
#3603,#3604,#3605,#3606,#3607,#3608,#3609),(#3610,#3611,#3612,#3613,#3614,
#3615,#3616,#3617,#3618,#3619,#3620),(#3621,#3622,#3623,#3624,#3625,#3626,
#3627,#3628,#3629,#3630,#3631),(#3632,#3633,#3634,#3635,#3636,#3637,#3638,
#3639,#3640,#3641,#3642),(#3643,#3644,#3645,#3646,#3647,#3648,#3649,#3650,
#3651,#3652,#3653),(#3654,#3655,#3656,#3657,#3658,#3659,#3660,#3661,#3662,
#3663,#3664)),.UNSPECIFIED.,.F.,.F.,.F.,(4,2,2,2,2,2,3,4),(4,1,1,1,1,1,
1,1,4),(0.,0.255877787510416,0.508042515586447,0.706860886106296,0.854236241031621,
0.927319553393688,1.,1.00600004776789),(0.0134235266632356,0.124998103392716,
0.250000815693119,0.374995828732802,0.499994970319234,0.62498819096166,
0.74998935094414,0.874997001288063,0.992811099639891),.UNSPECIFIED.);
#13=B_SPLINE_SURFACE_WITH_KNOTS('',3,3,((#3668,#3669,#3670,#3671,#3672,
#3673,#3674,#3675,#3676,#3677,#3678),(#3679,#3680,#3681,#3682,#3683,#3684,
#3685,#3686,#3687,#3688,#3689),(#3690,#3691,#3692,#3693,#3694,#3695,#3696,
#3697,#3698,#3699,#3700),(#3701,#3702,#3703,#3704,#3705,#3706,#3707,#3708,
#3709,#3710,#3711),(#3712,#3713,#3714,#3715,#3716,#3717,#3718,#3719,#3720,
#3721,#3722),(#3723,#3724,#3725,#3726,#3727,#3728,#3729,#3730,#3731,#3732,
#3733),(#3734,#3735,#3736,#3737,#3738,#3739,#3740,#3741,#3742,#3743,#3744),
(#3745,#3746,#3747,#3748,#3749,#3750,#3751,#3752,#3753,#3754,#3755),(#3756,
#3757,#3758,#3759,#3760,#3761,#3762,#3763,#3764,#3765,#3766),(#3767,#3768,
#3769,#3770,#3771,#3772,#3773,#3774,#3775,#3776,#3777)),.UNSPECIFIED.,.F.,
 .F.,.F.,(4,2,2,2,4),(4,1,1,1,1,1,1,1,4),(0.,0.138797819066004,0.27903734021866,
0.492028020338095,1.),(0.0134241281889439,0.124998103392716,0.250000815693119,
0.374995828732802,0.499994970319234,0.62498819096166,0.74998935094414,0.874997001288063,
0.992786869144214),.UNSPECIFIED.);
#14=B_SPLINE_SURFACE_WITH_KNOTS('',3,3,((#3845,#3846,#3847,#3848,#3849,
#3850,#3851,#3852,#3853,#3854,#3855),(#3856,#3857,#3858,#3859,#3860,#3861,
#3862,#3863,#3864,#3865,#3866),(#3867,#3868,#3869,#3870,#3871,#3872,#3873,
#3874,#3875,#3876,#3877),(#3878,#3879,#3880,#3881,#3882,#3883,#3884,#3885,
#3886,#3887,#3888),(#3889,#3890,#3891,#3892,#3893,#3894,#3895,#3896,#3897,
#3898,#3899),(#3900,#3901,#3902,#3903,#3904,#3905,#3906,#3907,#3908,#3909,
#3910),(#3911,#3912,#3913,#3914,#3915,#3916,#3917,#3918,#3919,#3920,#3921),
(#3922,#3923,#3924,#3925,#3926,#3927,#3928,#3929,#3930,#3931,#3932),(#3933,
#3934,#3935,#3936,#3937,#3938,#3939,#3940,#3941,#3942,#3943),(#3944,#3945,
#3946,#3947,#3948,#3949,#3950,#3951,#3952,#3953,#3954),(#3955,#3956,#3957,
#3958,#3959,#3960,#3961,#3962,#3963,#3964,#3965),(#3966,#3967,#3968,#3969,
#3970,#3971,#3972,#3973,#3974,#3975,#3976),(#3977,#3978,#3979,#3980,#3981,
#3982,#3983,#3984,#3985,#3986,#3987),(#3988,#3989,#3990,#3991,#3992,#3993,
#3994,#3995,#3996,#3997,#3998),(#3999,#4000,#4001,#4002,#4003,#4004,#4005,
#4006,#4007,#4008,#4009),(#4010,#4011,#4012,#4013,#4014,#4015,#4016,#4017,
#4018,#4019,#4020),(#4021,#4022,#4023,#4024,#4025,#4026,#4027,#4028,#4029,
#4030,#4031)),.UNSPECIFIED.,.F.,.F.,.F.,(4,2,2,2,2,2,3,4),(4,1,1,1,1,1,
1,1,4),(0.,0.255877787510416,0.508042515586447,0.706860886106296,0.854236241031621,
0.927319553393688,1.,1.00600004776789),(0.013423526663235,0.124998103392716,
0.250000815693119,0.374995828732802,0.499994970319234,0.62498819096166,
0.74998935094414,0.874997001288063,0.992811099639891),.UNSPECIFIED.);
#15=B_SPLINE_SURFACE_WITH_KNOTS('',3,3,((#4035,#4036,#4037,#4038,#4039,
#4040,#4041,#4042,#4043,#4044,#4045),(#4046,#4047,#4048,#4049,#4050,#4051,
#4052,#4053,#4054,#4055,#4056),(#4057,#4058,#4059,#4060,#4061,#4062,#4063,
#4064,#4065,#4066,#4067),(#4068,#4069,#4070,#4071,#4072,#4073,#4074,#4075,
#4076,#4077,#4078),(#4079,#4080,#4081,#4082,#4083,#4084,#4085,#4086,#4087,
#4088,#4089),(#4090,#4091,#4092,#4093,#4094,#4095,#4096,#4097,#4098,#4099,
#4100),(#4101,#4102,#4103,#4104,#4105,#4106,#4107,#4108,#4109,#4110,#4111),
(#4112,#4113,#4114,#4115,#4116,#4117,#4118,#4119,#4120,#4121,#4122),(#4123,
#4124,#4125,#4126,#4127,#4128,#4129,#4130,#4131,#4132,#4133),(#4134,#4135,
#4136,#4137,#4138,#4139,#4140,#4141,#4142,#4143,#4144)),.UNSPECIFIED.,.F.,
 .F.,.F.,(4,2,2,2,4),(4,1,1,1,1,1,1,1,4),(0.,0.138797819066004,0.27903734021866,
0.492028020338095,1.),(0.0134241281889464,0.124998103392716,0.250000815693119,
0.374995828732802,0.499994970319234,0.62498819096166,0.74998935094414,0.874997001288063,
0.992786869144214),.UNSPECIFIED.);
#16=B_SPLINE_SURFACE_WITH_KNOTS('',3,3,((#4212,#4213,#4214,#4215,#4216,
#4217,#4218,#4219,#4220,#4221,#4222),(#4223,#4224,#4225,#4226,#4227,#4228,
#4229,#4230,#4231,#4232,#4233),(#4234,#4235,#4236,#4237,#4238,#4239,#4240,
#4241,#4242,#4243,#4244),(#4245,#4246,#4247,#4248,#4249,#4250,#4251,#4252,
#4253,#4254,#4255),(#4256,#4257,#4258,#4259,#4260,#4261,#4262,#4263,#4264,
#4265,#4266),(#4267,#4268,#4269,#4270,#4271,#4272,#4273,#4274,#4275,#4276,
#4277),(#4278,#4279,#4280,#4281,#4282,#4283,#4284,#4285,#4286,#4287,#4288),
(#4289,#4290,#4291,#4292,#4293,#4294,#4295,#4296,#4297,#4298,#4299),(#4300,
#4301,#4302,#4303,#4304,#4305,#4306,#4307,#4308,#4309,#4310),(#4311,#4312,
#4313,#4314,#4315,#4316,#4317,#4318,#4319,#4320,#4321),(#4322,#4323,#4324,
#4325,#4326,#4327,#4328,#4329,#4330,#4331,#4332),(#4333,#4334,#4335,#4336,
#4337,#4338,#4339,#4340,#4341,#4342,#4343),(#4344,#4345,#4346,#4347,#4348,
#4349,#4350,#4351,#4352,#4353,#4354),(#4355,#4356,#4357,#4358,#4359,#4360,
#4361,#4362,#4363,#4364,#4365),(#4366,#4367,#4368,#4369,#4370,#4371,#4372,
#4373,#4374,#4375,#4376),(#4377,#4378,#4379,#4380,#4381,#4382,#4383,#4384,
#4385,#4386,#4387),(#4388,#4389,#4390,#4391,#4392,#4393,#4394,#4395,#4396,
#4397,#4398)),.UNSPECIFIED.,.F.,.F.,.F.,(4,2,2,2,2,2,3,4),(4,1,1,1,1,1,
1,1,4),(0.,0.255877787510416,0.508042515586447,0.706860886106296,0.854236241031621,
0.927319553393688,1.,1.00600004776789),(0.0134235266632361,0.124998103392716,
0.250000815693119,0.374995828732802,0.499994970319234,0.62498819096166,
0.74998935094414,0.874997001288063,0.992811099639892),.UNSPECIFIED.);
#17=B_SPLINE_SURFACE_WITH_KNOTS('',3,3,((#4402,#4403,#4404,#4405,#4406,
#4407,#4408,#4409,#4410,#4411,#4412),(#4413,#4414,#4415,#4416,#4417,#4418,
#4419,#4420,#4421,#4422,#4423),(#4424,#4425,#4426,#4427,#4428,#4429,#4430,
#4431,#4432,#4433,#4434),(#4435,#4436,#4437,#4438,#4439,#4440,#4441,#4442,
#4443,#4444,#4445),(#4446,#4447,#4448,#4449,#4450,#4451,#4452,#4453,#4454,
#4455,#4456),(#4457,#4458,#4459,#4460,#4461,#4462,#4463,#4464,#4465,#4466,
#4467),(#4468,#4469,#4470,#4471,#4472,#4473,#4474,#4475,#4476,#4477,#4478),
(#4479,#4480,#4481,#4482,#4483,#4484,#4485,#4486,#4487,#4488,#4489),(#4490,
#4491,#4492,#4493,#4494,#4495,#4496,#4497,#4498,#4499,#4500),(#4501,#4502,
#4503,#4504,#4505,#4506,#4507,#4508,#4509,#4510,#4511)),.UNSPECIFIED.,.F.,
 .F.,.F.,(4,2,2,2,4),(4,1,1,1,1,1,1,1,4),(0.,0.138797819066004,0.27903734021866,
0.492028020338095,1.),(0.0134241281889459,0.124998103392716,0.250000815693119,
0.374995828732802,0.499994970319234,0.62498819096166,0.74998935094414,0.874997001288063,
0.992786869144213),.UNSPECIFIED.);
#18=B_SPLINE_SURFACE_WITH_KNOTS('',3,3,((#4579,#4580,#4581,#4582,#4583,
#4584,#4585,#4586,#4587,#4588,#4589),(#4590,#4591,#4592,#4593,#4594,#4595,
#4596,#4597,#4598,#4599,#4600),(#4601,#4602,#4603,#4604,#4605,#4606,#4607,
#4608,#4609,#4610,#4611),(#4612,#4613,#4614,#4615,#4616,#4617,#4618,#4619,
#4620,#4621,#4622),(#4623,#4624,#4625,#4626,#4627,#4628,#4629,#4630,#4631,
#4632,#4633),(#4634,#4635,#4636,#4637,#4638,#4639,#4640,#4641,#4642,#4643,
#4644),(#4645,#4646,#4647,#4648,#4649,#4650,#4651,#4652,#4653,#4654,#4655),
(#4656,#4657,#4658,#4659,#4660,#4661,#4662,#4663,#4664,#4665,#4666),(#4667,
#4668,#4669,#4670,#4671,#4672,#4673,#4674,#4675,#4676,#4677),(#4678,#4679,
#4680,#4681,#4682,#4683,#4684,#4685,#4686,#4687,#4688),(#4689,#4690,#4691,
#4692,#4693,#4694,#4695,#4696,#4697,#4698,#4699),(#4700,#4701,#4702,#4703,
#4704,#4705,#4706,#4707,#4708,#4709,#4710),(#4711,#4712,#4713,#4714,#4715,
#4716,#4717,#4718,#4719,#4720,#4721),(#4722,#4723,#4724,#4725,#4726,#4727,
#4728,#4729,#4730,#4731,#4732),(#4733,#4734,#4735,#4736,#4737,#4738,#4739,
#4740,#4741,#4742,#4743),(#4744,#4745,#4746,#4747,#4748,#4749,#4750,#4751,
#4752,#4753,#4754),(#4755,#4756,#4757,#4758,#4759,#4760,#4761,#4762,#4763,
#4764,#4765)),.UNSPECIFIED.,.F.,.F.,.F.,(4,2,2,2,2,2,3,4),(4,1,1,1,1,1,
1,1,4),(0.,0.255877787510416,0.508042515586447,0.706860886106296,0.854236241031621,
0.927319553393688,1.,1.00600004776789),(0.0134235266632351,0.124998103392716,
0.250000815693119,0.374995828732802,0.499994970319234,0.62498819096166,
0.74998935094414,0.874997001288063,0.992811099639891),.UNSPECIFIED.);
#19=B_SPLINE_SURFACE_WITH_KNOTS('',3,3,((#4769,#4770,#4771,#4772,#4773,
#4774,#4775,#4776,#4777,#4778,#4779),(#4780,#4781,#4782,#4783,#4784,#4785,
#4786,#4787,#4788,#4789,#4790),(#4791,#4792,#4793,#4794,#4795,#4796,#4797,
#4798,#4799,#4800,#4801),(#4802,#4803,#4804,#4805,#4806,#4807,#4808,#4809,
#4810,#4811,#4812),(#4813,#4814,#4815,#4816,#4817,#4818,#4819,#4820,#4821,
#4822,#4823),(#4824,#4825,#4826,#4827,#4828,#4829,#4830,#4831,#4832,#4833,
#4834),(#4835,#4836,#4837,#4838,#4839,#4840,#4841,#4842,#4843,#4844,#4845),
(#4846,#4847,#4848,#4849,#4850,#4851,#4852,#4853,#4854,#4855,#4856),(#4857,
#4858,#4859,#4860,#4861,#4862,#4863,#4864,#4865,#4866,#4867),(#4868,#4869,
#4870,#4871,#4872,#4873,#4874,#4875,#4876,#4877,#4878)),.UNSPECIFIED.,.F.,
 .F.,.F.,(4,2,2,2,4),(4,1,1,1,1,1,1,1,4),(0.,0.138797819066004,0.27903734021866,
0.492028020338095,1.),(0.0134241281889462,0.124998103392716,0.250000815693119,
0.374995828732802,0.499994970319234,0.62498819096166,0.74998935094414,0.874997001288063,
0.992786869144214),.UNSPECIFIED.);
#20=B_SPLINE_SURFACE_WITH_KNOTS('',3,3,((#4946,#4947,#4948,#4949,#4950,
#4951,#4952,#4953,#4954,#4955,#4956),(#4957,#4958,#4959,#4960,#4961,#4962,
#4963,#4964,#4965,#4966,#4967),(#4968,#4969,#4970,#4971,#4972,#4973,#4974,
#4975,#4976,#4977,#4978),(#4979,#4980,#4981,#4982,#4983,#4984,#4985,#4986,
#4987,#4988,#4989),(#4990,#4991,#4992,#4993,#4994,#4995,#4996,#4997,#4998,
#4999,#5000),(#5001,#5002,#5003,#5004,#5005,#5006,#5007,#5008,#5009,#5010,
#5011),(#5012,#5013,#5014,#5015,#5016,#5017,#5018,#5019,#5020,#5021,#5022),
(#5023,#5024,#5025,#5026,#5027,#5028,#5029,#5030,#5031,#5032,#5033),(#5034,
#5035,#5036,#5037,#5038,#5039,#5040,#5041,#5042,#5043,#5044),(#5045,#5046,
#5047,#5048,#5049,#5050,#5051,#5052,#5053,#5054,#5055),(#5056,#5057,#5058,
#5059,#5060,#5061,#5062,#5063,#5064,#5065,#5066),(#5067,#5068,#5069,#5070,
#5071,#5072,#5073,#5074,#5075,#5076,#5077),(#5078,#5079,#5080,#5081,#5082,
#5083,#5084,#5085,#5086,#5087,#5088),(#5089,#5090,#5091,#5092,#5093,#5094,
#5095,#5096,#5097,#5098,#5099),(#5100,#5101,#5102,#5103,#5104,#5105,#5106,
#5107,#5108,#5109,#5110),(#5111,#5112,#5113,#5114,#5115,#5116,#5117,#5118,
#5119,#5120,#5121),(#5122,#5123,#5124,#5125,#5126,#5127,#5128,#5129,#5130,
#5131,#5132)),.UNSPECIFIED.,.F.,.F.,.F.,(4,2,2,2,2,2,3,4),(4,1,1,1,1,1,
1,1,4),(0.,0.255877787510416,0.508042515586447,0.706860886106296,0.854236241031621,
0.927319553393688,1.,1.00600004776789),(0.0134235266632355,0.124998103392716,
0.250000815693119,0.374995828732802,0.499994970319234,0.62498819096166,
0.74998935094414,0.874997001288063,0.992811099639891),.UNSPECIFIED.);
#21=B_SPLINE_SURFACE_WITH_KNOTS('',3,3,((#5136,#5137,#5138,#5139,#5140,
#5141,#5142,#5143,#5144,#5145,#5146),(#5147,#5148,#5149,#5150,#5151,#5152,
#5153,#5154,#5155,#5156,#5157),(#5158,#5159,#5160,#5161,#5162,#5163,#5164,
#5165,#5166,#5167,#5168),(#5169,#5170,#5171,#5172,#5173,#5174,#5175,#5176,
#5177,#5178,#5179),(#5180,#5181,#5182,#5183,#5184,#5185,#5186,#5187,#5188,
#5189,#5190),(#5191,#5192,#5193,#5194,#5195,#5196,#5197,#5198,#5199,#5200,
#5201),(#5202,#5203,#5204,#5205,#5206,#5207,#5208,#5209,#5210,#5211,#5212),
(#5213,#5214,#5215,#5216,#5217,#5218,#5219,#5220,#5221,#5222,#5223),(#5224,
#5225,#5226,#5227,#5228,#5229,#5230,#5231,#5232,#5233,#5234),(#5235,#5236,
#5237,#5238,#5239,#5240,#5241,#5242,#5243,#5244,#5245)),.UNSPECIFIED.,.F.,
 .F.,.F.,(4,2,2,2,4),(4,1,1,1,1,1,1,1,4),(0.,0.138797819066004,0.27903734021866,
0.492028020338095,1.),(0.013424128188944,0.124998103392716,0.250000815693119,
0.374995828732802,0.499994970319234,0.62498819096166,0.74998935094414,0.874997001288063,
0.992786869144214),.UNSPECIFIED.);
#22=B_SPLINE_SURFACE_WITH_KNOTS('',3,3,((#5313,#5314,#5315,#5316,#5317,
#5318,#5319,#5320,#5321,#5322,#5323),(#5324,#5325,#5326,#5327,#5328,#5329,
#5330,#5331,#5332,#5333,#5334),(#5335,#5336,#5337,#5338,#5339,#5340,#5341,
#5342,#5343,#5344,#5345),(#5346,#5347,#5348,#5349,#5350,#5351,#5352,#5353,
#5354,#5355,#5356),(#5357,#5358,#5359,#5360,#5361,#5362,#5363,#5364,#5365,
#5366,#5367),(#5368,#5369,#5370,#5371,#5372,#5373,#5374,#5375,#5376,#5377,
#5378),(#5379,#5380,#5381,#5382,#5383,#5384,#5385,#5386,#5387,#5388,#5389),
(#5390,#5391,#5392,#5393,#5394,#5395,#5396,#5397,#5398,#5399,#5400),(#5401,
#5402,#5403,#5404,#5405,#5406,#5407,#5408,#5409,#5410,#5411),(#5412,#5413,
#5414,#5415,#5416,#5417,#5418,#5419,#5420,#5421,#5422),(#5423,#5424,#5425,
#5426,#5427,#5428,#5429,#5430,#5431,#5432,#5433),(#5434,#5435,#5436,#5437,
#5438,#5439,#5440,#5441,#5442,#5443,#5444),(#5445,#5446,#5447,#5448,#5449,
#5450,#5451,#5452,#5453,#5454,#5455),(#5456,#5457,#5458,#5459,#5460,#5461,
#5462,#5463,#5464,#5465,#5466),(#5467,#5468,#5469,#5470,#5471,#5472,#5473,
#5474,#5475,#5476,#5477),(#5478,#5479,#5480,#5481,#5482,#5483,#5484,#5485,
#5486,#5487,#5488),(#5489,#5490,#5491,#5492,#5493,#5494,#5495,#5496,#5497,
#5498,#5499)),.UNSPECIFIED.,.F.,.F.,.F.,(4,2,2,2,2,2,3,4),(4,1,1,1,1,1,
1,1,4),(0.,0.255877787510416,0.508042515586447,0.706860886106296,0.854236241031621,
0.927319553393688,1.,1.00600004776789),(0.0134235266632354,0.124998103392716,
0.250000815693119,0.374995828732802,0.499994970319234,0.62498819096166,
0.74998935094414,0.874997001288063,0.992811099639892),.UNSPECIFIED.);
#23=B_SPLINE_SURFACE_WITH_KNOTS('',3,3,((#5503,#5504,#5505,#5506,#5507,
#5508,#5509,#5510,#5511,#5512,#5513),(#5514,#5515,#5516,#5517,#5518,#5519,
#5520,#5521,#5522,#5523,#5524),(#5525,#5526,#5527,#5528,#5529,#5530,#5531,
#5532,#5533,#5534,#5535),(#5536,#5537,#5538,#5539,#5540,#5541,#5542,#5543,
#5544,#5545,#5546),(#5547,#5548,#5549,#5550,#5551,#5552,#5553,#5554,#5555,
#5556,#5557),(#5558,#5559,#5560,#5561,#5562,#5563,#5564,#5565,#5566,#5567,
#5568),(#5569,#5570,#5571,#5572,#5573,#5574,#5575,#5576,#5577,#5578,#5579),
(#5580,#5581,#5582,#5583,#5584,#5585,#5586,#5587,#5588,#5589,#5590),(#5591,
#5592,#5593,#5594,#5595,#5596,#5597,#5598,#5599,#5600,#5601),(#5602,#5603,
#5604,#5605,#5606,#5607,#5608,#5609,#5610,#5611,#5612)),.UNSPECIFIED.,.F.,
 .F.,.F.,(4,2,2,2,4),(4,1,1,1,1,1,1,1,4),(0.,0.138797819066004,0.27903734021866,
0.492028020338095,1.),(0.0134241281889444,0.124998103392716,0.250000815693119,
0.374995828732802,0.499994970319234,0.62498819096166,0.74998935094414,0.874997001288063,
0.992786869144214),.UNSPECIFIED.);
#24=B_SPLINE_SURFACE_WITH_KNOTS('',3,3,((#5680,#5681,#5682,#5683,#5684,
#5685,#5686,#5687,#5688,#5689,#5690),(#5691,#5692,#5693,#5694,#5695,#5696,
#5697,#5698,#5699,#5700,#5701),(#5702,#5703,#5704,#5705,#5706,#5707,#5708,
#5709,#5710,#5711,#5712),(#5713,#5714,#5715,#5716,#5717,#5718,#5719,#5720,
#5721,#5722,#5723),(#5724,#5725,#5726,#5727,#5728,#5729,#5730,#5731,#5732,
#5733,#5734),(#5735,#5736,#5737,#5738,#5739,#5740,#5741,#5742,#5743,#5744,
#5745),(#5746,#5747,#5748,#5749,#5750,#5751,#5752,#5753,#5754,#5755,#5756),
(#5757,#5758,#5759,#5760,#5761,#5762,#5763,#5764,#5765,#5766,#5767),(#5768,
#5769,#5770,#5771,#5772,#5773,#5774,#5775,#5776,#5777,#5778),(#5779,#5780,
#5781,#5782,#5783,#5784,#5785,#5786,#5787,#5788,#5789),(#5790,#5791,#5792,
#5793,#5794,#5795,#5796,#5797,#5798,#5799,#5800),(#5801,#5802,#5803,#5804,
#5805,#5806,#5807,#5808,#5809,#5810,#5811),(#5812,#5813,#5814,#5815,#5816,
#5817,#5818,#5819,#5820,#5821,#5822),(#5823,#5824,#5825,#5826,#5827,#5828,
#5829,#5830,#5831,#5832,#5833),(#5834,#5835,#5836,#5837,#5838,#5839,#5840,
#5841,#5842,#5843,#5844),(#5845,#5846,#5847,#5848,#5849,#5850,#5851,#5852,
#5853,#5854,#5855),(#5856,#5857,#5858,#5859,#5860,#5861,#5862,#5863,#5864,
#5865,#5866)),.UNSPECIFIED.,.F.,.F.,.F.,(4,2,2,2,2,2,3,4),(4,1,1,1,1,1,
1,1,4),(0.,0.255877787510416,0.508042515586447,0.706860886106296,0.854236241031621,
0.927319553393688,1.,1.00600004776789),(0.013423526663235,0.124998103392716,
0.250000815693119,0.374995828732802,0.499994970319234,0.62498819096166,
0.74998935094414,0.874997001288063,0.992811099639891),.UNSPECIFIED.);
#25=B_SPLINE_SURFACE_WITH_KNOTS('',3,3,((#5870,#5871,#5872,#5873,#5874,
#5875,#5876,#5877,#5878,#5879,#5880),(#5881,#5882,#5883,#5884,#5885,#5886,
#5887,#5888,#5889,#5890,#5891),(#5892,#5893,#5894,#5895,#5896,#5897,#5898,
#5899,#5900,#5901,#5902),(#5903,#5904,#5905,#5906,#5907,#5908,#5909,#5910,
#5911,#5912,#5913),(#5914,#5915,#5916,#5917,#5918,#5919,#5920,#5921,#5922,
#5923,#5924),(#5925,#5926,#5927,#5928,#5929,#5930,#5931,#5932,#5933,#5934,
#5935),(#5936,#5937,#5938,#5939,#5940,#5941,#5942,#5943,#5944,#5945,#5946),
(#5947,#5948,#5949,#5950,#5951,#5952,#5953,#5954,#5955,#5956,#5957),(#5958,
#5959,#5960,#5961,#5962,#5963,#5964,#5965,#5966,#5967,#5968),(#5969,#5970,
#5971,#5972,#5973,#5974,#5975,#5976,#5977,#5978,#5979)),.UNSPECIFIED.,.F.,
 .F.,.F.,(4,2,2,2,4),(4,1,1,1,1,1,1,1,4),(0.,0.138797819066004,0.27903734021866,
0.492028020338095,1.),(0.0134241281889464,0.124998103392716,0.250000815693119,
0.374995828732802,0.499994970319234,0.62498819096166,0.74998935094414,0.874997001288063,
0.992786869144214),.UNSPECIFIED.);
#26=B_SPLINE_SURFACE_WITH_KNOTS('',3,3,((#6047,#6048,#6049,#6050,#6051,
#6052,#6053,#6054,#6055,#6056,#6057),(#6058,#6059,#6060,#6061,#6062,#6063,
#6064,#6065,#6066,#6067,#6068),(#6069,#6070,#6071,#6072,#6073,#6074,#6075,
#6076,#6077,#6078,#6079),(#6080,#6081,#6082,#6083,#6084,#6085,#6086,#6087,
#6088,#6089,#6090),(#6091,#6092,#6093,#6094,#6095,#6096,#6097,#6098,#6099,
#6100,#6101),(#6102,#6103,#6104,#6105,#6106,#6107,#6108,#6109,#6110,#6111,
#6112),(#6113,#6114,#6115,#6116,#6117,#6118,#6119,#6120,#6121,#6122,#6123),
(#6124,#6125,#6126,#6127,#6128,#6129,#6130,#6131,#6132,#6133,#6134),(#6135,
#6136,#6137,#6138,#6139,#6140,#6141,#6142,#6143,#6144,#6145),(#6146,#6147,
#6148,#6149,#6150,#6151,#6152,#6153,#6154,#6155,#6156),(#6157,#6158,#6159,
#6160,#6161,#6162,#6163,#6164,#6165,#6166,#6167),(#6168,#6169,#6170,#6171,
#6172,#6173,#6174,#6175,#6176,#6177,#6178),(#6179,#6180,#6181,#6182,#6183,
#6184,#6185,#6186,#6187,#6188,#6189),(#6190,#6191,#6192,#6193,#6194,#6195,
#6196,#6197,#6198,#6199,#6200),(#6201,#6202,#6203,#6204,#6205,#6206,#6207,
#6208,#6209,#6210,#6211),(#6212,#6213,#6214,#6215,#6216,#6217,#6218,#6219,
#6220,#6221,#6222),(#6223,#6224,#6225,#6226,#6227,#6228,#6229,#6230,#6231,
#6232,#6233)),.UNSPECIFIED.,.F.,.F.,.F.,(4,2,2,2,2,2,3,4),(4,1,1,1,1,1,
1,1,4),(0.,0.255877787510416,0.508042515586447,0.706860886106296,0.854236241031621,
0.927319553393688,1.,1.00600004776789),(0.013423526663236,0.124998103392716,
0.250000815693119,0.374995828732802,0.499994970319234,0.62498819096166,
0.74998935094414,0.874997001288063,0.992811099639893),.UNSPECIFIED.);
#27=B_SPLINE_SURFACE_WITH_KNOTS('',3,3,((#6237,#6238,#6239,#6240,#6241,
#6242,#6243,#6244,#6245,#6246,#6247),(#6248,#6249,#6250,#6251,#6252,#6253,
#6254,#6255,#6256,#6257,#6258),(#6259,#6260,#6261,#6262,#6263,#6264,#6265,
#6266,#6267,#6268,#6269),(#6270,#6271,#6272,#6273,#6274,#6275,#6276,#6277,
#6278,#6279,#6280),(#6281,#6282,#6283,#6284,#6285,#6286,#6287,#6288,#6289,
#6290,#6291),(#6292,#6293,#6294,#6295,#6296,#6297,#6298,#6299,#6300,#6301,
#6302),(#6303,#6304,#6305,#6306,#6307,#6308,#6309,#6310,#6311,#6312,#6313),
(#6314,#6315,#6316,#6317,#6318,#6319,#6320,#6321,#6322,#6323,#6324),(#6325,
#6326,#6327,#6328,#6329,#6330,#6331,#6332,#6333,#6334,#6335),(#6336,#6337,
#6338,#6339,#6340,#6341,#6342,#6343,#6344,#6345,#6346)),.UNSPECIFIED.,.F.,
 .F.,.F.,(4,2,2,2,4),(4,1,1,1,1,1,1,1,4),(0.,0.138797819066004,0.27903734021866,
0.492028020338095,1.),(0.0134241281889471,0.124998103392716,0.250000815693119,
0.374995828732802,0.499994970319234,0.62498819096166,0.74998935094414,0.874997001288063,
0.992786869144213),.UNSPECIFIED.);
#28=B_SPLINE_SURFACE_WITH_KNOTS('',3,3,((#6414,#6415,#6416,#6417,#6418,
#6419,#6420,#6421,#6422,#6423,#6424),(#6425,#6426,#6427,#6428,#6429,#6430,
#6431,#6432,#6433,#6434,#6435),(#6436,#6437,#6438,#6439,#6440,#6441,#6442,
#6443,#6444,#6445,#6446),(#6447,#6448,#6449,#6450,#6451,#6452,#6453,#6454,
#6455,#6456,#6457),(#6458,#6459,#6460,#6461,#6462,#6463,#6464,#6465,#6466,
#6467,#6468),(#6469,#6470,#6471,#6472,#6473,#6474,#6475,#6476,#6477,#6478,
#6479),(#6480,#6481,#6482,#6483,#6484,#6485,#6486,#6487,#6488,#6489,#6490),
(#6491,#6492,#6493,#6494,#6495,#6496,#6497,#6498,#6499,#6500,#6501),(#6502,
#6503,#6504,#6505,#6506,#6507,#6508,#6509,#6510,#6511,#6512),(#6513,#6514,
#6515,#6516,#6517,#6518,#6519,#6520,#6521,#6522,#6523),(#6524,#6525,#6526,
#6527,#6528,#6529,#6530,#6531,#6532,#6533,#6534),(#6535,#6536,#6537,#6538,
#6539,#6540,#6541,#6542,#6543,#6544,#6545),(#6546,#6547,#6548,#6549,#6550,
#6551,#6552,#6553,#6554,#6555,#6556),(#6557,#6558,#6559,#6560,#6561,#6562,
#6563,#6564,#6565,#6566,#6567),(#6568,#6569,#6570,#6571,#6572,#6573,#6574,
#6575,#6576,#6577,#6578),(#6579,#6580,#6581,#6582,#6583,#6584,#6585,#6586,
#6587,#6588,#6589),(#6590,#6591,#6592,#6593,#6594,#6595,#6596,#6597,#6598,
#6599,#6600)),.UNSPECIFIED.,.F.,.F.,.F.,(4,2,2,2,2,2,3,4),(4,1,1,1,1,1,
1,1,4),(0.,0.255877787510416,0.508042515586447,0.706860886106296,0.854236241031621,
0.927319553393688,1.,1.00600004776789),(0.0134235266632351,0.124998103392716,
0.250000815693119,0.374995828732802,0.499994970319234,0.62498819096166,
0.74998935094414,0.874997001288063,0.992811099639891),.UNSPECIFIED.);
#29=B_SPLINE_SURFACE_WITH_KNOTS('',3,3,((#6604,#6605,#6606,#6607,#6608,
#6609,#6610,#6611,#6612,#6613,#6614),(#6615,#6616,#6617,#6618,#6619,#6620,
#6621,#6622,#6623,#6624,#6625),(#6626,#6627,#6628,#6629,#6630,#6631,#6632,
#6633,#6634,#6635,#6636),(#6637,#6638,#6639,#6640,#6641,#6642,#6643,#6644,
#6645,#6646,#6647),(#6648,#6649,#6650,#6651,#6652,#6653,#6654,#6655,#6656,
#6657,#6658),(#6659,#6660,#6661,#6662,#6663,#6664,#6665,#6666,#6667,#6668,
#6669),(#6670,#6671,#6672,#6673,#6674,#6675,#6676,#6677,#6678,#6679,#6680),
(#6681,#6682,#6683,#6684,#6685,#6686,#6687,#6688,#6689,#6690,#6691),(#6692,
#6693,#6694,#6695,#6696,#6697,#6698,#6699,#6700,#6701,#6702),(#6703,#6704,
#6705,#6706,#6707,#6708,#6709,#6710,#6711,#6712,#6713)),.UNSPECIFIED.,.F.,
 .F.,.F.,(4,2,2,2,4),(4,1,1,1,1,1,1,1,4),(0.,0.138797819066004,0.27903734021866,
0.492028020338095,1.),(0.0134241281889459,0.124998103392716,0.250000815693119,
0.374995828732802,0.499994970319234,0.62498819096166,0.74998935094414,0.874997001288063,
0.992786869144214),.UNSPECIFIED.);
#30=B_SPLINE_SURFACE_WITH_KNOTS('',3,3,((#6781,#6782,#6783,#6784,#6785,
#6786,#6787,#6788,#6789,#6790,#6791),(#6792,#6793,#6794,#6795,#6796,#6797,
#6798,#6799,#6800,#6801,#6802),(#6803,#6804,#6805,#6806,#6807,#6808,#6809,
#6810,#6811,#6812,#6813),(#6814,#6815,#6816,#6817,#6818,#6819,#6820,#6821,
#6822,#6823,#6824),(#6825,#6826,#6827,#6828,#6829,#6830,#6831,#6832,#6833,
#6834,#6835),(#6836,#6837,#6838,#6839,#6840,#6841,#6842,#6843,#6844,#6845,
#6846),(#6847,#6848,#6849,#6850,#6851,#6852,#6853,#6854,#6855,#6856,#6857),
(#6858,#6859,#6860,#6861,#6862,#6863,#6864,#6865,#6866,#6867,#6868),(#6869,
#6870,#6871,#6872,#6873,#6874,#6875,#6876,#6877,#6878,#6879),(#6880,#6881,
#6882,#6883,#6884,#6885,#6886,#6887,#6888,#6889,#6890),(#6891,#6892,#6893,
#6894,#6895,#6896,#6897,#6898,#6899,#6900,#6901),(#6902,#6903,#6904,#6905,
#6906,#6907,#6908,#6909,#6910,#6911,#6912),(#6913,#6914,#6915,#6916,#6917,
#6918,#6919,#6920,#6921,#6922,#6923),(#6924,#6925,#6926,#6927,#6928,#6929,
#6930,#6931,#6932,#6933,#6934),(#6935,#6936,#6937,#6938,#6939,#6940,#6941,
#6942,#6943,#6944,#6945),(#6946,#6947,#6948,#6949,#6950,#6951,#6952,#6953,
#6954,#6955,#6956),(#6957,#6958,#6959,#6960,#6961,#6962,#6963,#6964,#6965,
#6966,#6967)),.UNSPECIFIED.,.F.,.F.,.F.,(4,2,2,2,2,2,3,4),(4,1,1,1,1,1,
1,1,4),(0.,0.255877787510416,0.508042515586447,0.706860886106296,0.854236241031621,
0.927319553393688,1.,1.00600004776789),(0.0134235266632355,0.124998103392716,
0.250000815693119,0.374995828732802,0.499994970319234,0.62498819096166,
0.74998935094414,0.874997001288063,0.992811099639891),.UNSPECIFIED.);
#31=B_SPLINE_SURFACE_WITH_KNOTS('',3,3,((#6971,#6972,#6973,#6974,#6975,
#6976,#6977,#6978,#6979,#6980,#6981),(#6982,#6983,#6984,#6985,#6986,#6987,
#6988,#6989,#6990,#6991,#6992),(#6993,#6994,#6995,#6996,#6997,#6998,#6999,
#7000,#7001,#7002,#7003),(#7004,#7005,#7006,#7007,#7008,#7009,#7010,#7011,
#7012,#7013,#7014),(#7015,#7016,#7017,#7018,#7019,#7020,#7021,#7022,#7023,
#7024,#7025),(#7026,#7027,#7028,#7029,#7030,#7031,#7032,#7033,#7034,#7035,
#7036),(#7037,#7038,#7039,#7040,#7041,#7042,#7043,#7044,#7045,#7046,#7047),
(#7048,#7049,#7050,#7051,#7052,#7053,#7054,#7055,#7056,#7057,#7058),(#7059,
#7060,#7061,#7062,#7063,#7064,#7065,#7066,#7067,#7068,#7069),(#7070,#7071,
#7072,#7073,#7074,#7075,#7076,#7077,#7078,#7079,#7080)),.UNSPECIFIED.,.F.,
 .F.,.F.,(4,2,2,2,4),(4,1,1,1,1,1,1,1,4),(0.,0.138797819066004,0.27903734021866,
0.492028020338095,1.),(0.0134241281889438,0.124998103392716,0.250000815693119,
0.374995828732802,0.499994970319234,0.62498819096166,0.74998935094414,0.874997001288063,
0.992786869144214),.UNSPECIFIED.);
#32=B_SPLINE_SURFACE_WITH_KNOTS('',3,3,((#7148,#7149,#7150,#7151,#7152,
#7153,#7154,#7155,#7156,#7157,#7158),(#7159,#7160,#7161,#7162,#7163,#7164,
#7165,#7166,#7167,#7168,#7169),(#7170,#7171,#7172,#7173,#7174,#7175,#7176,
#7177,#7178,#7179,#7180),(#7181,#7182,#7183,#7184,#7185,#7186,#7187,#7188,
#7189,#7190,#7191),(#7192,#7193,#7194,#7195,#7196,#7197,#7198,#7199,#7200,
#7201,#7202),(#7203,#7204,#7205,#7206,#7207,#7208,#7209,#7210,#7211,#7212,
#7213),(#7214,#7215,#7216,#7217,#7218,#7219,#7220,#7221,#7222,#7223,#7224),
(#7225,#7226,#7227,#7228,#7229,#7230,#7231,#7232,#7233,#7234,#7235),(#7236,
#7237,#7238,#7239,#7240,#7241,#7242,#7243,#7244,#7245,#7246),(#7247,#7248,
#7249,#7250,#7251,#7252,#7253,#7254,#7255,#7256,#7257),(#7258,#7259,#7260,
#7261,#7262,#7263,#7264,#7265,#7266,#7267,#7268),(#7269,#7270,#7271,#7272,
#7273,#7274,#7275,#7276,#7277,#7278,#7279),(#7280,#7281,#7282,#7283,#7284,
#7285,#7286,#7287,#7288,#7289,#7290),(#7291,#7292,#7293,#7294,#7295,#7296,
#7297,#7298,#7299,#7300,#7301),(#7302,#7303,#7304,#7305,#7306,#7307,#7308,
#7309,#7310,#7311,#7312),(#7313,#7314,#7315,#7316,#7317,#7318,#7319,#7320,
#7321,#7322,#7323),(#7324,#7325,#7326,#7327,#7328,#7329,#7330,#7331,#7332,
#7333,#7334)),.UNSPECIFIED.,.F.,.F.,.F.,(4,2,2,2,2,2,3,4),(4,1,1,1,1,1,
1,1,4),(0.,0.255877787510416,0.508042515586447,0.706860886106296,0.854236241031621,
0.927319553393688,1.,1.00600004776789),(0.0134235266632358,0.124998103392716,
0.250000815693119,0.374995828732802,0.499994970319234,0.62498819096166,
0.74998935094414,0.874997001288063,0.992811099639891),.UNSPECIFIED.);
#33=B_SPLINE_SURFACE_WITH_KNOTS('',3,3,((#7338,#7339,#7340,#7341,#7342,
#7343,#7344,#7345,#7346,#7347,#7348),(#7349,#7350,#7351,#7352,#7353,#7354,
#7355,#7356,#7357,#7358,#7359),(#7360,#7361,#7362,#7363,#7364,#7365,#7366,
#7367,#7368,#7369,#7370),(#7371,#7372,#7373,#7374,#7375,#7376,#7377,#7378,
#7379,#7380,#7381),(#7382,#7383,#7384,#7385,#7386,#7387,#7388,#7389,#7390,
#7391,#7392),(#7393,#7394,#7395,#7396,#7397,#7398,#7399,#7400,#7401,#7402,
#7403),(#7404,#7405,#7406,#7407,#7408,#7409,#7410,#7411,#7412,#7413,#7414),
(#7415,#7416,#7417,#7418,#7419,#7420,#7421,#7422,#7423,#7424,#7425),(#7426,
#7427,#7428,#7429,#7430,#7431,#7432,#7433,#7434,#7435,#7436),(#7437,#7438,
#7439,#7440,#7441,#7442,#7443,#7444,#7445,#7446,#7447)),.UNSPECIFIED.,.F.,
 .F.,.F.,(4,2,2,2,4),(4,1,1,1,1,1,1,1,4),(0.,0.138797819066004,0.27903734021866,
0.492028020338095,1.),(0.0134241281889437,0.124998103392716,0.250000815693119,
0.374995828732802,0.499994970319234,0.62498819096166,0.74998935094414,0.874997001288063,
0.992786869144214),.UNSPECIFIED.);
#34=B_SPLINE_SURFACE_WITH_KNOTS('',3,3,((#7515,#7516,#7517,#7518,#7519,
#7520,#7521,#7522,#7523,#7524,#7525),(#7526,#7527,#7528,#7529,#7530,#7531,
#7532,#7533,#7534,#7535,#7536),(#7537,#7538,#7539,#7540,#7541,#7542,#7543,
#7544,#7545,#7546,#7547),(#7548,#7549,#7550,#7551,#7552,#7553,#7554,#7555,
#7556,#7557,#7558),(#7559,#7560,#7561,#7562,#7563,#7564,#7565,#7566,#7567,
#7568,#7569),(#7570,#7571,#7572,#7573,#7574,#7575,#7576,#7577,#7578,#7579,
#7580),(#7581,#7582,#7583,#7584,#7585,#7586,#7587,#7588,#7589,#7590,#7591),
(#7592,#7593,#7594,#7595,#7596,#7597,#7598,#7599,#7600,#7601,#7602),(#7603,
#7604,#7605,#7606,#7607,#7608,#7609,#7610,#7611,#7612,#7613),(#7614,#7615,
#7616,#7617,#7618,#7619,#7620,#7621,#7622,#7623,#7624),(#7625,#7626,#7627,
#7628,#7629,#7630,#7631,#7632,#7633,#7634,#7635),(#7636,#7637,#7638,#7639,
#7640,#7641,#7642,#7643,#7644,#7645,#7646),(#7647,#7648,#7649,#7650,#7651,
#7652,#7653,#7654,#7655,#7656,#7657),(#7658,#7659,#7660,#7661,#7662,#7663,
#7664,#7665,#7666,#7667,#7668),(#7669,#7670,#7671,#7672,#7673,#7674,#7675,
#7676,#7677,#7678,#7679),(#7680,#7681,#7682,#7683,#7684,#7685,#7686,#7687,
#7688,#7689,#7690),(#7691,#7692,#7693,#7694,#7695,#7696,#7697,#7698,#7699,
#7700,#7701)),.UNSPECIFIED.,.F.,.F.,.F.,(4,2,2,2,2,2,3,4),(4,1,1,1,1,1,
1,1,4),(0.,0.255877787510416,0.508042515586447,0.706860886106296,0.854236241031621,
0.927319553393688,1.,1.00600004776789),(0.013423526663235,0.124998103392716,
0.250000815693119,0.374995828732802,0.499994970319234,0.62498819096166,
0.74998935094414,0.874997001288063,0.992811099639891),.UNSPECIFIED.);
#35=B_SPLINE_SURFACE_WITH_KNOTS('',3,3,((#7705,#7706,#7707,#7708,#7709,
#7710,#7711,#7712,#7713,#7714,#7715),(#7716,#7717,#7718,#7719,#7720,#7721,
#7722,#7723,#7724,#7725,#7726),(#7727,#7728,#7729,#7730,#7731,#7732,#7733,
#7734,#7735,#7736,#7737),(#7738,#7739,#7740,#7741,#7742,#7743,#7744,#7745,
#7746,#7747,#7748),(#7749,#7750,#7751,#7752,#7753,#7754,#7755,#7756,#7757,
#7758,#7759),(#7760,#7761,#7762,#7763,#7764,#7765,#7766,#7767,#7768,#7769,
#7770),(#7771,#7772,#7773,#7774,#7775,#7776,#7777,#7778,#7779,#7780,#7781),
(#7782,#7783,#7784,#7785,#7786,#7787,#7788,#7789,#7790,#7791,#7792),(#7793,
#7794,#7795,#7796,#7797,#7798,#7799,#7800,#7801,#7802,#7803),(#7804,#7805,
#7806,#7807,#7808,#7809,#7810,#7811,#7812,#7813,#7814)),.UNSPECIFIED.,.F.,
 .F.,.F.,(4,2,2,2,4),(4,1,1,1,1,1,1,1,4),(0.,0.138797819066004,0.27903734021866,
0.492028020338095,1.),(0.0134241281889464,0.124998103392716,0.250000815693119,
0.374995828732802,0.499994970319234,0.62498819096166,0.74998935094414,0.874997001288063,
0.992786869144214),.UNSPECIFIED.);
#36=B_SPLINE_SURFACE_WITH_KNOTS('',3,3,((#7882,#7883,#7884,#7885,#7886,
#7887,#7888,#7889,#7890,#7891,#7892),(#7893,#7894,#7895,#7896,#7897,#7898,
#7899,#7900,#7901,#7902,#7903),(#7904,#7905,#7906,#7907,#7908,#7909,#7910,
#7911,#7912,#7913,#7914),(#7915,#7916,#7917,#7918,#7919,#7920,#7921,#7922,
#7923,#7924,#7925),(#7926,#7927,#7928,#7929,#7930,#7931,#7932,#7933,#7934,
#7935,#7936),(#7937,#7938,#7939,#7940,#7941,#7942,#7943,#7944,#7945,#7946,
#7947),(#7948,#7949,#7950,#7951,#7952,#7953,#7954,#7955,#7956,#7957,#7958),
(#7959,#7960,#7961,#7962,#7963,#7964,#7965,#7966,#7967,#7968,#7969),(#7970,
#7971,#7972,#7973,#7974,#7975,#7976,#7977,#7978,#7979,#7980),(#7981,#7982,
#7983,#7984,#7985,#7986,#7987,#7988,#7989,#7990,#7991),(#7992,#7993,#7994,
#7995,#7996,#7997,#7998,#7999,#8000,#8001,#8002),(#8003,#8004,#8005,#8006,
#8007,#8008,#8009,#8010,#8011,#8012,#8013),(#8014,#8015,#8016,#8017,#8018,
#8019,#8020,#8021,#8022,#8023,#8024),(#8025,#8026,#8027,#8028,#8029,#8030,
#8031,#8032,#8033,#8034,#8035),(#8036,#8037,#8038,#8039,#8040,#8041,#8042,
#8043,#8044,#8045,#8046),(#8047,#8048,#8049,#8050,#8051,#8052,#8053,#8054,
#8055,#8056,#8057),(#8058,#8059,#8060,#8061,#8062,#8063,#8064,#8065,#8066,
#8067,#8068)),.UNSPECIFIED.,.F.,.F.,.F.,(4,2,2,2,2,2,3,4),(4,1,1,1,1,1,
1,1,4),(0.,0.255877787510416,0.508042515586447,0.706860886106296,0.854236241031621,
0.927319553393688,1.,1.00600004776789),(0.013423526663236,0.124998103392716,
0.250000815693119,0.374995828732802,0.499994970319234,0.62498819096166,
0.74998935094414,0.874997001288063,0.992811099639893),.UNSPECIFIED.);
#37=B_SPLINE_SURFACE_WITH_KNOTS('',3,3,((#8072,#8073,#8074,#8075,#8076,
#8077,#8078,#8079,#8080,#8081,#8082),(#8083,#8084,#8085,#8086,#8087,#8088,
#8089,#8090,#8091,#8092,#8093),(#8094,#8095,#8096,#8097,#8098,#8099,#8100,
#8101,#8102,#8103,#8104),(#8105,#8106,#8107,#8108,#8109,#8110,#8111,#8112,
#8113,#8114,#8115),(#8116,#8117,#8118,#8119,#8120,#8121,#8122,#8123,#8124,
#8125,#8126),(#8127,#8128,#8129,#8130,#8131,#8132,#8133,#8134,#8135,#8136,
#8137),(#8138,#8139,#8140,#8141,#8142,#8143,#8144,#8145,#8146,#8147,#8148),
(#8149,#8150,#8151,#8152,#8153,#8154,#8155,#8156,#8157,#8158,#8159),(#8160,
#8161,#8162,#8163,#8164,#8165,#8166,#8167,#8168,#8169,#8170),(#8171,#8172,
#8173,#8174,#8175,#8176,#8177,#8178,#8179,#8180,#8181)),.UNSPECIFIED.,.F.,
 .F.,.F.,(4,2,2,2,4),(4,1,1,1,1,1,1,1,4),(0.,0.138797819066004,0.27903734021866,
0.492028020338095,1.),(0.0134241281889464,0.124998103392716,0.250000815693119,
0.374995828732802,0.499994970319234,0.62498819096166,0.74998935094414,0.874997001288063,
0.992786869144213),.UNSPECIFIED.);
#38=B_SPLINE_SURFACE_WITH_KNOTS('',3,3,((#8249,#8250,#8251,#8252,#8253,
#8254,#8255,#8256,#8257,#8258,#8259),(#8260,#8261,#8262,#8263,#8264,#8265,
#8266,#8267,#8268,#8269,#8270),(#8271,#8272,#8273,#8274,#8275,#8276,#8277,
#8278,#8279,#8280,#8281),(#8282,#8283,#8284,#8285,#8286,#8287,#8288,#8289,
#8290,#8291,#8292),(#8293,#8294,#8295,#8296,#8297,#8298,#8299,#8300,#8301,
#8302,#8303),(#8304,#8305,#8306,#8307,#8308,#8309,#8310,#8311,#8312,#8313,
#8314),(#8315,#8316,#8317,#8318,#8319,#8320,#8321,#8322,#8323,#8324,#8325),
(#8326,#8327,#8328,#8329,#8330,#8331,#8332,#8333,#8334,#8335,#8336),(#8337,
#8338,#8339,#8340,#8341,#8342,#8343,#8344,#8345,#8346,#8347),(#8348,#8349,
#8350,#8351,#8352,#8353,#8354,#8355,#8356,#8357,#8358),(#8359,#8360,#8361,
#8362,#8363,#8364,#8365,#8366,#8367,#8368,#8369),(#8370,#8371,#8372,#8373,
#8374,#8375,#8376,#8377,#8378,#8379,#8380),(#8381,#8382,#8383,#8384,#8385,
#8386,#8387,#8388,#8389,#8390,#8391),(#8392,#8393,#8394,#8395,#8396,#8397,
#8398,#8399,#8400,#8401,#8402),(#8403,#8404,#8405,#8406,#8407,#8408,#8409,
#8410,#8411,#8412,#8413),(#8414,#8415,#8416,#8417,#8418,#8419,#8420,#8421,
#8422,#8423,#8424),(#8425,#8426,#8427,#8428,#8429,#8430,#8431,#8432,#8433,
#8434,#8435)),.UNSPECIFIED.,.F.,.F.,.F.,(4,2,2,2,2,2,3,4),(4,1,1,1,1,1,
1,1,4),(0.,0.255877787510416,0.508042515586447,0.706860886106296,0.854236241031621,
0.927319553393688,1.,1.00600004776789),(0.013423526663236,0.124998103392716,
0.250000815693119,0.374995828732802,0.499994970319234,0.62498819096166,
0.74998935094414,0.874997001288063,0.992811099639891),.UNSPECIFIED.);
#39=B_SPLINE_SURFACE_WITH_KNOTS('',3,3,((#8439,#8440,#8441,#8442,#8443,
#8444,#8445,#8446,#8447,#8448,#8449),(#8450,#8451,#8452,#8453,#8454,#8455,
#8456,#8457,#8458,#8459,#8460),(#8461,#8462,#8463,#8464,#8465,#8466,#8467,
#8468,#8469,#8470,#8471),(#8472,#8473,#8474,#8475,#8476,#8477,#8478,#8479,
#8480,#8481,#8482),(#8483,#8484,#8485,#8486,#8487,#8488,#8489,#8490,#8491,
#8492,#8493),(#8494,#8495,#8496,#8497,#8498,#8499,#8500,#8501,#8502,#8503,
#8504),(#8505,#8506,#8507,#8508,#8509,#8510,#8511,#8512,#8513,#8514,#8515),
(#8516,#8517,#8518,#8519,#8520,#8521,#8522,#8523,#8524,#8525,#8526),(#8527,
#8528,#8529,#8530,#8531,#8532,#8533,#8534,#8535,#8536,#8537),(#8538,#8539,
#8540,#8541,#8542,#8543,#8544,#8545,#8546,#8547,#8548)),.UNSPECIFIED.,.F.,
 .F.,.F.,(4,2,2,2,4),(4,1,1,1,1,1,1,1,4),(0.,0.138797819066004,0.27903734021866,
0.492028020338095,1.),(0.0134241281889462,0.124998103392716,0.250000815693119,
0.374995828732802,0.499994970319234,0.62498819096166,0.74998935094414,0.874997001288063,
0.992786869144214),.UNSPECIFIED.);
#40=B_SPLINE_SURFACE_WITH_KNOTS('',3,3,((#8616,#8617,#8618,#8619,#8620,
#8621,#8622,#8623,#8624,#8625,#8626),(#8627,#8628,#8629,#8630,#8631,#8632,
#8633,#8634,#8635,#8636,#8637),(#8638,#8639,#8640,#8641,#8642,#8643,#8644,
#8645,#8646,#8647,#8648),(#8649,#8650,#8651,#8652,#8653,#8654,#8655,#8656,
#8657,#8658,#8659),(#8660,#8661,#8662,#8663,#8664,#8665,#8666,#8667,#8668,
#8669,#8670),(#8671,#8672,#8673,#8674,#8675,#8676,#8677,#8678,#8679,#8680,
#8681),(#8682,#8683,#8684,#8685,#8686,#8687,#8688,#8689,#8690,#8691,#8692),
(#8693,#8694,#8695,#8696,#8697,#8698,#8699,#8700,#8701,#8702,#8703),(#8704,
#8705,#8706,#8707,#8708,#8709,#8710,#8711,#8712,#8713,#8714),(#8715,#8716,
#8717,#8718,#8719,#8720,#8721,#8722,#8723,#8724,#8725),(#8726,#8727,#8728,
#8729,#8730,#8731,#8732,#8733,#8734,#8735,#8736),(#8737,#8738,#8739,#8740,
#8741,#8742,#8743,#8744,#8745,#8746,#8747),(#8748,#8749,#8750,#8751,#8752,
#8753,#8754,#8755,#8756,#8757,#8758),(#8759,#8760,#8761,#8762,#8763,#8764,
#8765,#8766,#8767,#8768,#8769),(#8770,#8771,#8772,#8773,#8774,#8775,#8776,
#8777,#8778,#8779,#8780),(#8781,#8782,#8783,#8784,#8785,#8786,#8787,#8788,
#8789,#8790,#8791),(#8792,#8793,#8794,#8795,#8796,#8797,#8798,#8799,#8800,
#8801,#8802)),.UNSPECIFIED.,.F.,.F.,.F.,(4,2,2,2,2,2,3,4),(4,1,1,1,1,1,
1,1,4),(0.,0.255877787510416,0.508042515586447,0.706860886106296,0.854236241031621,
0.927319553393688,1.,1.00600004776789),(0.0134235266632355,0.124998103392716,
0.250000815693119,0.374995828732802,0.499994970319234,0.62498819096166,
0.74998935094414,0.874997001288063,0.992811099639891),.UNSPECIFIED.);
#41=B_SPLINE_SURFACE_WITH_KNOTS('',3,3,((#8806,#8807,#8808,#8809,#8810,
#8811,#8812,#8813,#8814,#8815,#8816),(#8817,#8818,#8819,#8820,#8821,#8822,
#8823,#8824,#8825,#8826,#8827),(#8828,#8829,#8830,#8831,#8832,#8833,#8834,
#8835,#8836,#8837,#8838),(#8839,#8840,#8841,#8842,#8843,#8844,#8845,#8846,
#8847,#8848,#8849),(#8850,#8851,#8852,#8853,#8854,#8855,#8856,#8857,#8858,
#8859,#8860),(#8861,#8862,#8863,#8864,#8865,#8866,#8867,#8868,#8869,#8870,
#8871),(#8872,#8873,#8874,#8875,#8876,#8877,#8878,#8879,#8880,#8881,#8882),
(#8883,#8884,#8885,#8886,#8887,#8888,#8889,#8890,#8891,#8892,#8893),(#8894,
#8895,#8896,#8897,#8898,#8899,#8900,#8901,#8902,#8903,#8904),(#8905,#8906,
#8907,#8908,#8909,#8910,#8911,#8912,#8913,#8914,#8915)),.UNSPECIFIED.,.F.,
 .F.,.F.,(4,2,2,2,4),(4,1,1,1,1,1,1,1,4),(0.,0.138797819066004,0.27903734021866,
0.492028020338095,1.),(0.0134241281889439,0.124998103392716,0.250000815693119,
0.374995828732802,0.499994970319234,0.62498819096166,0.74998935094414,0.874997001288063,
0.992786869144214),.UNSPECIFIED.);
#42=B_SPLINE_SURFACE_WITH_KNOTS('',3,3,((#8983,#8984,#8985,#8986,#8987,
#8988,#8989,#8990,#8991,#8992,#8993),(#8994,#8995,#8996,#8997,#8998,#8999,
#9000,#9001,#9002,#9003,#9004),(#9005,#9006,#9007,#9008,#9009,#9010,#9011,
#9012,#9013,#9014,#9015),(#9016,#9017,#9018,#9019,#9020,#9021,#9022,#9023,
#9024,#9025,#9026),(#9027,#9028,#9029,#9030,#9031,#9032,#9033,#9034,#9035,
#9036,#9037),(#9038,#9039,#9040,#9041,#9042,#9043,#9044,#9045,#9046,#9047,
#9048),(#9049,#9050,#9051,#9052,#9053,#9054,#9055,#9056,#9057,#9058,#9059),
(#9060,#9061,#9062,#9063,#9064,#9065,#9066,#9067,#9068,#9069,#9070),(#9071,
#9072,#9073,#9074,#9075,#9076,#9077,#9078,#9079,#9080,#9081),(#9082,#9083,
#9084,#9085,#9086,#9087,#9088,#9089,#9090,#9091,#9092),(#9093,#9094,#9095,
#9096,#9097,#9098,#9099,#9100,#9101,#9102,#9103),(#9104,#9105,#9106,#9107,
#9108,#9109,#9110,#9111,#9112,#9113,#9114),(#9115,#9116,#9117,#9118,#9119,
#9120,#9121,#9122,#9123,#9124,#9125),(#9126,#9127,#9128,#9129,#9130,#9131,
#9132,#9133,#9134,#9135,#9136),(#9137,#9138,#9139,#9140,#9141,#9142,#9143,
#9144,#9145,#9146,#9147),(#9148,#9149,#9150,#9151,#9152,#9153,#9154,#9155,
#9156,#9157,#9158),(#9159,#9160,#9161,#9162,#9163,#9164,#9165,#9166,#9167,
#9168,#9169)),.UNSPECIFIED.,.F.,.F.,.F.,(4,2,2,2,2,2,3,4),(4,1,1,1,1,1,
1,1,4),(0.,0.255877787510416,0.508042515586447,0.706860886106296,0.854236241031621,
0.927319553393688,1.,1.00600004776789),(0.0134235266632358,0.124998103392716,
0.250000815693119,0.374995828732802,0.499994970319234,0.62498819096166,
0.74998935094414,0.874997001288063,0.992811099639891),.UNSPECIFIED.);
#43=B_SPLINE_SURFACE_WITH_KNOTS('',3,3,((#9173,#9174,#9175,#9176,#9177,
#9178,#9179,#9180,#9181,#9182,#9183),(#9184,#9185,#9186,#9187,#9188,#9189,
#9190,#9191,#9192,#9193,#9194),(#9195,#9196,#9197,#9198,#9199,#9200,#9201,
#9202,#9203,#9204,#9205),(#9206,#9207,#9208,#9209,#9210,#9211,#9212,#9213,
#9214,#9215,#9216),(#9217,#9218,#9219,#9220,#9221,#9222,#9223,#9224,#9225,
#9226,#9227),(#9228,#9229,#9230,#9231,#9232,#9233,#9234,#9235,#9236,#9237,
#9238),(#9239,#9240,#9241,#9242,#9243,#9244,#9245,#9246,#9247,#9248,#9249),
(#9250,#9251,#9252,#9253,#9254,#9255,#9256,#9257,#9258,#9259,#9260),(#9261,
#9262,#9263,#9264,#9265,#9266,#9267,#9268,#9269,#9270,#9271),(#9272,#9273,
#9274,#9275,#9276,#9277,#9278,#9279,#9280,#9281,#9282)),.UNSPECIFIED.,.F.,
 .F.,.F.,(4,2,2,2,4),(4,1,1,1,1,1,1,1,4),(0.,0.138797819066004,0.27903734021866,
0.492028020338095,1.),(0.0134241281889437,0.124998103392716,0.250000815693119,
0.374995828732802,0.499994970319234,0.62498819096166,0.74998935094414,0.874997001288063,
0.992786869144214),.UNSPECIFIED.);
#44=B_SPLINE_SURFACE_WITH_KNOTS('',3,3,((#9350,#9351,#9352,#9353,#9354,
#9355,#9356,#9357,#9358,#9359,#9360),(#9361,#9362,#9363,#9364,#9365,#9366,
#9367,#9368,#9369,#9370,#9371),(#9372,#9373,#9374,#9375,#9376,#9377,#9378,
#9379,#9380,#9381,#9382),(#9383,#9384,#9385,#9386,#9387,#9388,#9389,#9390,
#9391,#9392,#9393),(#9394,#9395,#9396,#9397,#9398,#9399,#9400,#9401,#9402,
#9403,#9404),(#9405,#9406,#9407,#9408,#9409,#9410,#9411,#9412,#9413,#9414,
#9415),(#9416,#9417,#9418,#9419,#9420,#9421,#9422,#9423,#9424,#9425,#9426),
(#9427,#9428,#9429,#9430,#9431,#9432,#9433,#9434,#9435,#9436,#9437),(#9438,
#9439,#9440,#9441,#9442,#9443,#9444,#9445,#9446,#9447,#9448),(#9449,#9450,
#9451,#9452,#9453,#9454,#9455,#9456,#9457,#9458,#9459),(#9460,#9461,#9462,
#9463,#9464,#9465,#9466,#9467,#9468,#9469,#9470),(#9471,#9472,#9473,#9474,
#9475,#9476,#9477,#9478,#9479,#9480,#9481),(#9482,#9483,#9484,#9485,#9486,
#9487,#9488,#9489,#9490,#9491,#9492),(#9493,#9494,#9495,#9496,#9497,#9498,
#9499,#9500,#9501,#9502,#9503),(#9504,#9505,#9506,#9507,#9508,#9509,#9510,
#9511,#9512,#9513,#9514),(#9515,#9516,#9517,#9518,#9519,#9520,#9521,#9522,
#9523,#9524,#9525),(#9526,#9527,#9528,#9529,#9530,#9531,#9532,#9533,#9534,
#9535,#9536)),.UNSPECIFIED.,.F.,.F.,.F.,(4,2,2,2,2,2,3,4),(4,1,1,1,1,1,
1,1,4),(0.,0.255877787510416,0.508042515586447,0.706860886106296,0.854236241031621,
0.927319553393688,1.,1.00600004776789),(0.0134235266632366,0.124998103392716,
0.250000815693119,0.374995828732802,0.499994970319234,0.62498819096166,
0.74998935094414,0.874997001288063,0.992811099639891),.UNSPECIFIED.);
#45=B_SPLINE_SURFACE_WITH_KNOTS('',3,3,((#9540,#9541,#9542,#9543,#9544,
#9545,#9546,#9547,#9548,#9549,#9550),(#9551,#9552,#9553,#9554,#9555,#9556,
#9557,#9558,#9559,#9560,#9561),(#9562,#9563,#9564,#9565,#9566,#9567,#9568,
#9569,#9570,#9571,#9572),(#9573,#9574,#9575,#9576,#9577,#9578,#9579,#9580,
#9581,#9582,#9583),(#9584,#9585,#9586,#9587,#9588,#9589,#9590,#9591,#9592,
#9593,#9594),(#9595,#9596,#9597,#9598,#9599,#9600,#9601,#9602,#9603,#9604,
#9605),(#9606,#9607,#9608,#9609,#9610,#9611,#9612,#9613,#9614,#9615,#9616),
(#9617,#9618,#9619,#9620,#9621,#9622,#9623,#9624,#9625,#9626,#9627),(#9628,
#9629,#9630,#9631,#9632,#9633,#9634,#9635,#9636,#9637,#9638),(#9639,#9640,
#9641,#9642,#9643,#9644,#9645,#9646,#9647,#9648,#9649)),.UNSPECIFIED.,.F.,
 .F.,.F.,(4,2,2,2,4),(4,1,1,1,1,1,1,1,4),(0.,0.138797819066004,0.27903734021866,
0.492028020338095,1.),(0.0134241281889464,0.124998103392716,0.250000815693119,
0.374995828732802,0.499994970319234,0.62498819096166,0.74998935094414,0.874997001288063,
0.992786869144213),.UNSPECIFIED.);
#46=B_SPLINE_SURFACE_WITH_KNOTS('',3,3,((#9717,#9718,#9719,#9720,#9721,
#9722,#9723,#9724,#9725,#9726,#9727),(#9728,#9729,#9730,#9731,#9732,#9733,
#9734,#9735,#9736,#9737,#9738),(#9739,#9740,#9741,#9742,#9743,#9744,#9745,
#9746,#9747,#9748,#9749),(#9750,#9751,#9752,#9753,#9754,#9755,#9756,#9757,
#9758,#9759,#9760),(#9761,#9762,#9763,#9764,#9765,#9766,#9767,#9768,#9769,
#9770,#9771),(#9772,#9773,#9774,#9775,#9776,#9777,#9778,#9779,#9780,#9781,
#9782),(#9783,#9784,#9785,#9786,#9787,#9788,#9789,#9790,#9791,#9792,#9793),
(#9794,#9795,#9796,#9797,#9798,#9799,#9800,#9801,#9802,#9803,#9804),(#9805,
#9806,#9807,#9808,#9809,#9810,#9811,#9812,#9813,#9814,#9815),(#9816,#9817,
#9818,#9819,#9820,#9821,#9822,#9823,#9824,#9825,#9826),(#9827,#9828,#9829,
#9830,#9831,#9832,#9833,#9834,#9835,#9836,#9837),(#9838,#9839,#9840,#9841,
#9842,#9843,#9844,#9845,#9846,#9847,#9848),(#9849,#9850,#9851,#9852,#9853,
#9854,#9855,#9856,#9857,#9858,#9859),(#9860,#9861,#9862,#9863,#9864,#9865,
#9866,#9867,#9868,#9869,#9870),(#9871,#9872,#9873,#9874,#9875,#9876,#9877,
#9878,#9879,#9880,#9881),(#9882,#9883,#9884,#9885,#9886,#9887,#9888,#9889,
#9890,#9891,#9892),(#9893,#9894,#9895,#9896,#9897,#9898,#9899,#9900,#9901,
#9902,#9903)),.UNSPECIFIED.,.F.,.F.,.F.,(4,2,2,2,2,2,3,4),(4,1,1,1,1,1,
1,1,4),(0.,0.255877787510416,0.508042515586447,0.706860886106296,0.854236241031621,
0.927319553393688,1.,1.00600004776789),(0.0134235266632363,0.124998103392716,
0.250000815693119,0.374995828732802,0.499994970319234,0.62498819096166,
0.74998935094414,0.874997001288063,0.992811099639891),.UNSPECIFIED.);
#47=B_SPLINE_SURFACE_WITH_KNOTS('',3,3,((#9907,#9908,#9909,#9910,#9911,
#9912,#9913,#9914,#9915,#9916,#9917),(#9918,#9919,#9920,#9921,#9922,#9923,
#9924,#9925,#9926,#9927,#9928),(#9929,#9930,#9931,#9932,#9933,#9934,#9935,
#9936,#9937,#9938,#9939),(#9940,#9941,#9942,#9943,#9944,#9945,#9946,#9947,
#9948,#9949,#9950),(#9951,#9952,#9953,#9954,#9955,#9956,#9957,#9958,#9959,
#9960,#9961),(#9962,#9963,#9964,#9965,#9966,#9967,#9968,#9969,#9970,#9971,
#9972),(#9973,#9974,#9975,#9976,#9977,#9978,#9979,#9980,#9981,#9982,#9983),
(#9984,#9985,#9986,#9987,#9988,#9989,#9990,#9991,#9992,#9993,#9994),(#9995,
#9996,#9997,#9998,#9999,#10000,#10001,#10002,#10003,#10004,#10005),(#10006,
#10007,#10008,#10009,#10010,#10011,#10012,#10013,#10014,#10015,#10016)),
 .UNSPECIFIED.,.F.,.F.,.F.,(4,2,2,2,4),(4,1,1,1,1,1,1,1,4),(0.,0.138797819066004,
0.27903734021866,0.492028020338095,1.),(0.0134241281889467,0.124998103392716,
0.250000815693119,0.374995828732802,0.499994970319234,0.62498819096166,
0.74998935094414,0.874997001288063,0.992786869144213),.UNSPECIFIED.);
#48=B_SPLINE_SURFACE_WITH_KNOTS('',3,3,((#10084,#10085,#10086,#10087,#10088,
#10089,#10090,#10091,#10092,#10093,#10094),(#10095,#10096,#10097,#10098,
#10099,#10100,#10101,#10102,#10103,#10104,#10105),(#10106,#10107,#10108,
#10109,#10110,#10111,#10112,#10113,#10114,#10115,#10116),(#10117,#10118,
#10119,#10120,#10121,#10122,#10123,#10124,#10125,#10126,#10127),(#10128,
#10129,#10130,#10131,#10132,#10133,#10134,#10135,#10136,#10137,#10138),
(#10139,#10140,#10141,#10142,#10143,#10144,#10145,#10146,#10147,#10148,
#10149),(#10150,#10151,#10152,#10153,#10154,#10155,#10156,#10157,#10158,
#10159,#10160),(#10161,#10162,#10163,#10164,#10165,#10166,#10167,#10168,
#10169,#10170,#10171),(#10172,#10173,#10174,#10175,#10176,#10177,#10178,
#10179,#10180,#10181,#10182),(#10183,#10184,#10185,#10186,#10187,#10188,
#10189,#10190,#10191,#10192,#10193),(#10194,#10195,#10196,#10197,#10198,
#10199,#10200,#10201,#10202,#10203,#10204),(#10205,#10206,#10207,#10208,
#10209,#10210,#10211,#10212,#10213,#10214,#10215),(#10216,#10217,#10218,
#10219,#10220,#10221,#10222,#10223,#10224,#10225,#10226),(#10227,#10228,
#10229,#10230,#10231,#10232,#10233,#10234,#10235,#10236,#10237),(#10238,
#10239,#10240,#10241,#10242,#10243,#10244,#10245,#10246,#10247,#10248),
(#10249,#10250,#10251,#10252,#10253,#10254,#10255,#10256,#10257,#10258,
#10259),(#10260,#10261,#10262,#10263,#10264,#10265,#10266,#10267,#10268,
#10269,#10270)),.UNSPECIFIED.,.F.,.F.,.F.,(4,2,2,2,2,2,3,4),(4,1,1,1,1,
1,1,1,4),(0.,0.255877787510416,0.508042515586447,0.706860886106296,0.854236241031621,
0.927319553393688,1.,1.00600004776789),(0.0134235266632355,0.124998103392716,
0.250000815693119,0.374995828732802,0.499994970319234,0.62498819096166,
0.74998935094414,0.874997001288063,0.992811099639891),.UNSPECIFIED.);
#49=B_SPLINE_SURFACE_WITH_KNOTS('',3,3,((#10274,#10275,#10276,#10277,#10278,
#10279,#10280,#10281,#10282,#10283,#10284),(#10285,#10286,#10287,#10288,
#10289,#10290,#10291,#10292,#10293,#10294,#10295),(#10296,#10297,#10298,
#10299,#10300,#10301,#10302,#10303,#10304,#10305,#10306),(#10307,#10308,
#10309,#10310,#10311,#10312,#10313,#10314,#10315,#10316,#10317),(#10318,
#10319,#10320,#10321,#10322,#10323,#10324,#10325,#10326,#10327,#10328),
(#10329,#10330,#10331,#10332,#10333,#10334,#10335,#10336,#10337,#10338,
#10339),(#10340,#10341,#10342,#10343,#10344,#10345,#10346,#10347,#10348,
#10349,#10350),(#10351,#10352,#10353,#10354,#10355,#10356,#10357,#10358,
#10359,#10360,#10361),(#10362,#10363,#10364,#10365,#10366,#10367,#10368,
#10369,#10370,#10371,#10372),(#10373,#10374,#10375,#10376,#10377,#10378,
#10379,#10380,#10381,#10382,#10383)),.UNSPECIFIED.,.F.,.F.,.F.,(4,2,2,2,
4),(4,1,1,1,1,1,1,1,4),(0.,0.138797819066004,0.27903734021866,0.492028020338095,
1.),(0.0134241281889457,0.124998103392716,0.250000815693119,0.374995828732802,
0.499994970319234,0.62498819096166,0.74998935094414,0.874997001288063,0.992786869144214),
 .UNSPECIFIED.);
#50=B_SPLINE_SURFACE_WITH_KNOTS('',3,3,((#10420,#10421,#10422,#10423,#10424,
#10425,#10426,#10427,#10428,#10429,#10430),(#10431,#10432,#10433,#10434,
#10435,#10436,#10437,#10438,#10439,#10440,#10441),(#10442,#10443,#10444,
#10445,#10446,#10447,#10448,#10449,#10450,#10451,#10452),(#10453,#10454,
#10455,#10456,#10457,#10458,#10459,#10460,#10461,#10462,#10463),(#10464,
#10465,#10466,#10467,#10468,#10469,#10470,#10471,#10472,#10473,#10474),
(#10475,#10476,#10477,#10478,#10479,#10480,#10481,#10482,#10483,#10484,
#10485),(#10486,#10487,#10488,#10489,#10490,#10491,#10492,#10493,#10494,
#10495,#10496),(#10497,#10498,#10499,#10500,#10501,#10502,#10503,#10504,
#10505,#10506,#10507),(#10508,#10509,#10510,#10511,#10512,#10513,#10514,
#10515,#10516,#10517,#10518),(#10519,#10520,#10521,#10522,#10523,#10524,
#10525,#10526,#10527,#10528,#10529)),.UNSPECIFIED.,.F.,.F.,.F.,(4,2,2,2,
4),(4,1,1,1,1,1,1,1,4),(0.,0.138797819066004,0.27903734021866,0.492028020338095,
1.),(0.013424128188944,0.124998103392716,0.250000815693119,0.374995828732802,
0.499994970319234,0.62498819096166,0.74998935094414,0.874997001288063,0.992786869144214),
 .UNSPECIFIED.);
#51=B_SPLINE_SURFACE_WITH_KNOTS('',3,3,((#10542,#10543,#10544,#10545,#10546,
#10547,#10548,#10549,#10550,#10551,#10552),(#10553,#10554,#10555,#10556,
#10557,#10558,#10559,#10560,#10561,#10562,#10563),(#10564,#10565,#10566,
#10567,#10568,#10569,#10570,#10571,#10572,#10573,#10574),(#10575,#10576,
#10577,#10578,#10579,#10580,#10581,#10582,#10583,#10584,#10585),(#10586,
#10587,#10588,#10589,#10590,#10591,#10592,#10593,#10594,#10595,#10596),
(#10597,#10598,#10599,#10600,#10601,#10602,#10603,#10604,#10605,#10606,
#10607),(#10608,#10609,#10610,#10611,#10612,#10613,#10614,#10615,#10616,
#10617,#10618),(#10619,#10620,#10621,#10622,#10623,#10624,#10625,#10626,
#10627,#10628,#10629),(#10630,#10631,#10632,#10633,#10634,#10635,#10636,
#10637,#10638,#10639,#10640),(#10641,#10642,#10643,#10644,#10645,#10646,
#10647,#10648,#10649,#10650,#10651),(#10652,#10653,#10654,#10655,#10656,
#10657,#10658,#10659,#10660,#10661,#10662),(#10663,#10664,#10665,#10666,
#10667,#10668,#10669,#10670,#10671,#10672,#10673),(#10674,#10675,#10676,
#10677,#10678,#10679,#10680,#10681,#10682,#10683,#10684),(#10685,#10686,
#10687,#10688,#10689,#10690,#10691,#10692,#10693,#10694,#10695),(#10696,
#10697,#10698,#10699,#10700,#10701,#10702,#10703,#10704,#10705,#10706),
(#10707,#10708,#10709,#10710,#10711,#10712,#10713,#10714,#10715,#10716,
#10717),(#10718,#10719,#10720,#10721,#10722,#10723,#10724,#10725,#10726,
#10727,#10728)),.UNSPECIFIED.,.F.,.F.,.F.,(4,2,2,2,2,2,3,4),(4,1,1,1,1,
1,1,1,4),(0.,0.255877787510416,0.508042515586447,0.706860886106296,0.854236241031621,
0.927319553393688,1.,1.00600004776789),(0.0134235266632355,0.124998103392716,
0.250000815693119,0.374995828732802,0.499994970319234,0.62498819096166,
0.74998935094414,0.874997001288063,0.992811099639891),.UNSPECIFIED.);
#52=PLANE('',#2736);
#53=PLANE('',#2737);
#54=PLANE('',#2744);
#55=PLANE('',#2745);
#56=PLANE('',#2752);
#57=PLANE('',#2753);
#58=PLANE('',#2760);
#59=PLANE('',#2761);
#60=PLANE('',#2768);
#61=PLANE('',#2769);
#62=PLANE('',#2776);
#63=PLANE('',#2777);
#64=PLANE('',#2784);
#65=PLANE('',#2785);
#66=PLANE('',#2792);
#67=PLANE('',#2793);
#68=PLANE('',#2800);
#69=PLANE('',#2801);
#70=PLANE('',#2808);
#71=PLANE('',#2809);
#72=PLANE('',#2816);
#73=PLANE('',#2817);
#74=PLANE('',#2824);
#75=PLANE('',#2825);
#76=PLANE('',#2832);
#77=PLANE('',#2833);
#78=PLANE('',#2840);
#79=PLANE('',#2841);
#80=PLANE('',#2848);
#81=PLANE('',#2849);
#82=PLANE('',#2856);
#83=PLANE('',#2857);
#84=PLANE('',#2864);
#85=PLANE('',#2865);
#86=PLANE('',#2872);
#87=PLANE('',#2873);
#88=PLANE('',#2880);
#89=PLANE('',#2881);
#90=PLANE('',#2886);
#91=PLANE('',#2887);
#92=PLANE('',#2891);
#93=PLANE('',#2892);
#94=PLANE('',#2895);
#95=B_SPLINE_CURVE_WITH_KNOTS('',3,(#3420,#3421,#3422,#3423),
 .UNSPECIFIED.,.F.,.F.,(4,4),(0.484846606267267,0.515154102778257),
 .UNSPECIFIED.);
#96=B_SPLINE_CURVE_WITH_KNOTS('',3,(#3427,#3428,#3429,#3430,#3431),
 .UNSPECIFIED.,.F.,.F.,(4,1,4),(0.,0.000979815290987797,0.00195963058197559),
 .UNSPECIFIED.);
#97=B_SPLINE_CURVE_WITH_KNOTS('',3,(#3433,#3434,#3435,#3436),
 .UNSPECIFIED.,.F.,.F.,(4,4),(1.8945715895593E-14,0.000653748902532983),
 .UNSPECIFIED.);
#98=B_SPLINE_CURVE_WITH_KNOTS('',3,(#3438,#3439,#3440,#3441,#3442),
 .UNSPECIFIED.,.F.,.F.,(4,1,4),(1.02120365090098E-10,0.000976989343882728,
0.00195397858564509),.UNSPECIFIED.);
#99=B_SPLINE_CURVE_WITH_KNOTS('',3,(#3444,#3445,#3446,#3447),
 .UNSPECIFIED.,.F.,.F.,(4,4),(0.,0.00126222478237018),.UNSPECIFIED.);
#100=B_SPLINE_CURVE_WITH_KNOTS('',3,(#3450,#3451,#3452,#3453),
 .UNSPECIFIED.,.F.,.F.,(4,4),(7.52681736677122E-14,0.000422638641087352),
 .UNSPECIFIED.);
#101=B_SPLINE_CURVE_WITH_KNOTS('',3,(#3455,#3456,#3457,#3458),
 .UNSPECIFIED.,.F.,.F.,(4,4),(0.,0.00126470072229485),.UNSPECIFIED.);
#102=B_SPLINE_CURVE_WITH_KNOTS('',3,(#3460,#3461,#3462,#3463),
 .UNSPECIFIED.,.F.,.F.,(4,4),(0.,0.000271274500666779),.UNSPECIFIED.);
#103=B_SPLINE_CURVE_WITH_KNOTS('',3,(#3465,#3466,#3467,#3468),
 .UNSPECIFIED.,.F.,.F.,(4,4),(0.484929460437138,0.515080567368442),
 .UNSPECIFIED.);
#104=B_SPLINE_CURVE_WITH_KNOTS('',3,(#3469,#3470,#3471,#3472),
 .UNSPECIFIED.,.F.,.F.,(4,4),(7.03953693425534E-17,0.00027128327820486),
 .UNSPECIFIED.);
#105=B_SPLINE_CURVE_WITH_KNOTS('',3,(#3790,#3791,#3792,#3793),
 .UNSPECIFIED.,.F.,.F.,(4,4),(0.484846606267267,0.515154102778257),
 .UNSPECIFIED.);
#106=B_SPLINE_CURVE_WITH_KNOTS('',3,(#3796,#3797,#3798,#3799,#3800),
 .UNSPECIFIED.,.F.,.F.,(4,1,4),(0.,0.000979815290987802,0.0019596305819756),
 .UNSPECIFIED.);
#107=B_SPLINE_CURVE_WITH_KNOTS('',3,(#3802,#3803,#3804,#3805),
 .UNSPECIFIED.,.F.,.F.,(4,4),(1.89459797157224E-14,0.000653748902532982),
 .UNSPECIFIED.);
#108=B_SPLINE_CURVE_WITH_KNOTS('',3,(#3807,#3808,#3809,#3810,#3811),
 .UNSPECIFIED.,.F.,.F.,(4,1,4),(1.02120369325967E-10,0.000976989343882731,
0.00195397858564509),.UNSPECIFIED.);
#109=B_SPLINE_CURVE_WITH_KNOTS('',3,(#3813,#3814,#3815,#3816),
 .UNSPECIFIED.,.F.,.F.,(4,4),(0.,0.00126222478237018),.UNSPECIFIED.);
#110=B_SPLINE_CURVE_WITH_KNOTS('',3,(#3819,#3820,#3821,#3822),
 .UNSPECIFIED.,.F.,.F.,(4,4),(7.52684027083206E-14,0.000422638641087351),
 .UNSPECIFIED.);
#111=B_SPLINE_CURVE_WITH_KNOTS('',3,(#3824,#3825,#3826,#3827),
 .UNSPECIFIED.,.F.,.F.,(4,4),(0.,0.00126470072229485),.UNSPECIFIED.);
#112=B_SPLINE_CURVE_WITH_KNOTS('',3,(#3829,#3830,#3831,#3832),
 .UNSPECIFIED.,.F.,.F.,(4,4),(0.,0.000271274500666782),.UNSPECIFIED.);
#113=B_SPLINE_CURVE_WITH_KNOTS('',3,(#3833,#3834,#3835,#3836),
 .UNSPECIFIED.,.F.,.F.,(4,4),(0.484929460437138,0.515080567368442),
 .UNSPECIFIED.);
#114=B_SPLINE_CURVE_WITH_KNOTS('',3,(#3837,#3838,#3839,#3840),
 .UNSPECIFIED.,.F.,.F.,(4,4),(7.08228876475164E-17,0.000271283278204857),
 .UNSPECIFIED.);
#115=B_SPLINE_CURVE_WITH_KNOTS('',3,(#4157,#4158,#4159,#4160),
 .UNSPECIFIED.,.F.,.F.,(4,4),(0.484846606267267,0.515154102778258),
 .UNSPECIFIED.);
#116=B_SPLINE_CURVE_WITH_KNOTS('',3,(#4163,#4164,#4165,#4166,#4167),
 .UNSPECIFIED.,.F.,.F.,(4,1,4),(0.,0.000979815290987797,0.00195963058197559),
 .UNSPECIFIED.);
#117=B_SPLINE_CURVE_WITH_KNOTS('',3,(#4169,#4170,#4171,#4172),
 .UNSPECIFIED.,.F.,.F.,(4,4),(1.8946812801534E-14,0.000653748902532992),
 .UNSPECIFIED.);
#118=B_SPLINE_CURVE_WITH_KNOTS('',3,(#4174,#4175,#4176,#4177,#4178),
 .UNSPECIFIED.,.F.,.F.,(4,1,4),(1.02120363457226E-10,0.00097698934388273,
0.0019539785856451),.UNSPECIFIED.);
#119=B_SPLINE_CURVE_WITH_KNOTS('',3,(#4180,#4181,#4182,#4183),
 .UNSPECIFIED.,.F.,.F.,(4,4),(0.,0.00126222478237018),.UNSPECIFIED.);
#120=B_SPLINE_CURVE_WITH_KNOTS('',3,(#4186,#4187,#4188,#4189),
 .UNSPECIFIED.,.F.,.F.,(4,4),(7.52681314803756E-14,0.000422638641087349),
 .UNSPECIFIED.);
#121=B_SPLINE_CURVE_WITH_KNOTS('',3,(#4191,#4192,#4193,#4194),
 .UNSPECIFIED.,.F.,.F.,(4,4),(0.,0.00126470072229485),.UNSPECIFIED.);
#122=B_SPLINE_CURVE_WITH_KNOTS('',3,(#4196,#4197,#4198,#4199),
 .UNSPECIFIED.,.F.,.F.,(4,4),(8.67361737988403E-19,0.000271274500666781),
 .UNSPECIFIED.);
#123=B_SPLINE_CURVE_WITH_KNOTS('',3,(#4200,#4201,#4202,#4203),
 .UNSPECIFIED.,.F.,.F.,(4,4),(0.484929460437138,0.515080567368442),
 .UNSPECIFIED.);
#124=B_SPLINE_CURVE_WITH_KNOTS('',3,(#4204,#4205,#4206,#4207),
 .UNSPECIFIED.,.F.,.F.,(4,4),(7.05674870480413E-17,0.000271283278204857),
 .UNSPECIFIED.);
#125=B_SPLINE_CURVE_WITH_KNOTS('',3,(#4524,#4525,#4526,#4527),
 .UNSPECIFIED.,.F.,.F.,(4,4),(0.484846606267267,0.515154102778258),
 .UNSPECIFIED.);
#126=B_SPLINE_CURVE_WITH_KNOTS('',3,(#4530,#4531,#4532,#4533,#4534),
 .UNSPECIFIED.,.F.,.F.,(4,1,4),(0.,0.000979815290987795,0.00195963058197559),
 .UNSPECIFIED.);
#127=B_SPLINE_CURVE_WITH_KNOTS('',3,(#4536,#4537,#4538,#4539),
 .UNSPECIFIED.,.F.,.F.,(4,4),(1.89464588323928E-14,0.000653748902532992),
 .UNSPECIFIED.);
#128=B_SPLINE_CURVE_WITH_KNOTS('',3,(#4541,#4542,#4543,#4544,#4545),
 .UNSPECIFIED.,.F.,.F.,(4,1,4),(1.0212036381407E-10,0.000976989343882727,
0.00195397858564509),.UNSPECIFIED.);
#129=B_SPLINE_CURVE_WITH_KNOTS('',3,(#4547,#4548,#4549,#4550),
 .UNSPECIFIED.,.F.,.F.,(4,4),(0.,0.00126222478237018),.UNSPECIFIED.);
#130=B_SPLINE_CURVE_WITH_KNOTS('',3,(#4553,#4554,#4555,#4556),
 .UNSPECIFIED.,.F.,.F.,(4,4),(7.52674063098931E-14,0.000422638641087351),
 .UNSPECIFIED.);
#131=B_SPLINE_CURVE_WITH_KNOTS('',3,(#4558,#4559,#4560,#4561),
 .UNSPECIFIED.,.F.,.F.,(4,4),(0.,0.00126470072229485),.UNSPECIFIED.);
#132=B_SPLINE_CURVE_WITH_KNOTS('',3,(#4563,#4564,#4565,#4566),
 .UNSPECIFIED.,.F.,.F.,(4,4),(0.,0.000271274500666781),.UNSPECIFIED.);
#133=B_SPLINE_CURVE_WITH_KNOTS('',3,(#4567,#4568,#4569,#4570),
 .UNSPECIFIED.,.F.,.F.,(4,4),(0.484929460437138,0.515080567368442),
 .UNSPECIFIED.);
#134=B_SPLINE_CURVE_WITH_KNOTS('',3,(#4571,#4572,#4573,#4574),
 .UNSPECIFIED.,.F.,.F.,(4,4),(7.01504779048755E-17,0.000271283278204854),
 .UNSPECIFIED.);
#135=B_SPLINE_CURVE_WITH_KNOTS('',3,(#4891,#4892,#4893,#4894),
 .UNSPECIFIED.,.F.,.F.,(4,4),(0.484846606267267,0.515154102778258),
 .UNSPECIFIED.);
#136=B_SPLINE_CURVE_WITH_KNOTS('',3,(#4897,#4898,#4899,#4900,#4901),
 .UNSPECIFIED.,.F.,.F.,(4,1,4),(0.,0.000979815290987796,0.00195963058197559),
 .UNSPECIFIED.);
#137=B_SPLINE_CURVE_WITH_KNOTS('',3,(#4903,#4904,#4905,#4906),
 .UNSPECIFIED.,.F.,.F.,(4,4),(1.89462715449489E-14,0.000653748902532991),
 .UNSPECIFIED.);
#138=B_SPLINE_CURVE_WITH_KNOTS('',3,(#4908,#4909,#4910,#4911,#4912),
 .UNSPECIFIED.,.F.,.F.,(4,1,4),(1.02120370895034E-10,0.000976989343882732,
0.00195397858564509),.UNSPECIFIED.);
#139=B_SPLINE_CURVE_WITH_KNOTS('',3,(#4914,#4915,#4916,#4917),
 .UNSPECIFIED.,.F.,.F.,(4,4),(0.,0.00126222478237018),.UNSPECIFIED.);
#140=B_SPLINE_CURVE_WITH_KNOTS('',3,(#4920,#4921,#4922,#4923),
 .UNSPECIFIED.,.F.,.F.,(4,4),(7.52680652943316E-14,0.000422638641087351),
 .UNSPECIFIED.);
#141=B_SPLINE_CURVE_WITH_KNOTS('',3,(#4925,#4926,#4927,#4928),
 .UNSPECIFIED.,.F.,.F.,(4,4),(0.,0.00126470072229484),.UNSPECIFIED.);
#142=B_SPLINE_CURVE_WITH_KNOTS('',3,(#4930,#4931,#4932,#4933),
 .UNSPECIFIED.,.F.,.F.,(4,4),(0.,0.00027127450066678),.UNSPECIFIED.);
#143=B_SPLINE_CURVE_WITH_KNOTS('',3,(#4934,#4935,#4936,#4937),
 .UNSPECIFIED.,.F.,.F.,(4,4),(0.484929460437138,0.515080567368442),
 .UNSPECIFIED.);
#144=B_SPLINE_CURVE_WITH_KNOTS('',3,(#4938,#4939,#4940,#4941),
 .UNSPECIFIED.,.F.,.F.,(4,4),(7.00914693101281E-17,0.000271283278204855),
 .UNSPECIFIED.);
#145=B_SPLINE_CURVE_WITH_KNOTS('',3,(#5258,#5259,#5260,#5261),
 .UNSPECIFIED.,.F.,.F.,(4,4),(0.484846606267267,0.515154102778258),
 .UNSPECIFIED.);
#146=B_SPLINE_CURVE_WITH_KNOTS('',3,(#5264,#5265,#5266,#5267,#5268),
 .UNSPECIFIED.,.F.,.F.,(4,1,4),(0.,0.000979815290987796,0.00195963058197559),
 .UNSPECIFIED.);
#147=B_SPLINE_CURVE_WITH_KNOTS('',3,(#5270,#5271,#5272,#5273),
 .UNSPECIFIED.,.F.,.F.,(4,4),(1.89461283241907E-14,0.000653748902532984),
 .UNSPECIFIED.);
#148=B_SPLINE_CURVE_WITH_KNOTS('',3,(#5275,#5276,#5277,#5278,#5279),
 .UNSPECIFIED.,.F.,.F.,(4,1,4),(1.02120362352846E-10,0.000976989343882725,
0.00195397858564509),.UNSPECIFIED.);
#149=B_SPLINE_CURVE_WITH_KNOTS('',3,(#5281,#5282,#5283,#5284),
 .UNSPECIFIED.,.F.,.F.,(4,4),(0.,0.00126222478237018),.UNSPECIFIED.);
#150=B_SPLINE_CURVE_WITH_KNOTS('',3,(#5287,#5288,#5289,#5290),
 .UNSPECIFIED.,.F.,.F.,(4,4),(7.52681736677122E-14,0.000422638641087352),
 .UNSPECIFIED.);
#151=B_SPLINE_CURVE_WITH_KNOTS('',3,(#5292,#5293,#5294,#5295),
 .UNSPECIFIED.,.F.,.F.,(4,4),(0.,0.00126470072229485),.UNSPECIFIED.);
#152=B_SPLINE_CURVE_WITH_KNOTS('',3,(#5297,#5298,#5299,#5300),
 .UNSPECIFIED.,.F.,.F.,(4,4),(2.39343972872935E-15,0.000271274500667985),
 .UNSPECIFIED.);
#153=B_SPLINE_CURVE_WITH_KNOTS('',3,(#5301,#5302,#5303,#5304),
 .UNSPECIFIED.,.F.,.F.,(4,4),(0.484929460437138,0.515080567368442),
 .UNSPECIFIED.);
#154=B_SPLINE_CURVE_WITH_KNOTS('',3,(#5305,#5306,#5307,#5308),
 .UNSPECIFIED.,.F.,.F.,(4,4),(7.03953693425534E-17,0.000271283278204859),
 .UNSPECIFIED.);
#155=B_SPLINE_CURVE_WITH_KNOTS('',3,(#5625,#5626,#5627,#5628),
 .UNSPECIFIED.,.F.,.F.,(4,4),(0.484846606267267,0.515154102778258),
 .UNSPECIFIED.);
#156=B_SPLINE_CURVE_WITH_KNOTS('',3,(#5631,#5632,#5633,#5634,#5635),
 .UNSPECIFIED.,.F.,.F.,(4,1,4),(0.,0.000979815290987798,0.0019596305819756),
 .UNSPECIFIED.);
#157=B_SPLINE_CURVE_WITH_KNOTS('',3,(#5637,#5638,#5639,#5640),
 .UNSPECIFIED.,.F.,.F.,(4,4),(1.89466812923172E-14,0.00065374890253298),
 .UNSPECIFIED.);
#158=B_SPLINE_CURVE_WITH_KNOTS('',3,(#5642,#5643,#5644,#5645,#5646),
 .UNSPECIFIED.,.F.,.F.,(4,1,4),(1.02120367866395E-10,0.00097698934388273,
0.00195397858564509),.UNSPECIFIED.);
#159=B_SPLINE_CURVE_WITH_KNOTS('',3,(#5648,#5649,#5650,#5651),
 .UNSPECIFIED.,.F.,.F.,(4,4),(0.,0.00126222478237017),.UNSPECIFIED.);
#160=B_SPLINE_CURVE_WITH_KNOTS('',3,(#5654,#5655,#5656,#5657),
 .UNSPECIFIED.,.F.,.F.,(4,4),(7.52675413405734E-14,0.000422638641087352),
 .UNSPECIFIED.);
#161=B_SPLINE_CURVE_WITH_KNOTS('',3,(#5659,#5660,#5661,#5662),
 .UNSPECIFIED.,.F.,.F.,(4,4),(0.,0.00126470072229485),.UNSPECIFIED.);
#162=B_SPLINE_CURVE_WITH_KNOTS('',3,(#5664,#5665,#5666,#5667),
 .UNSPECIFIED.,.F.,.F.,(4,4),(0.,0.000271274500666783),.UNSPECIFIED.);
#163=B_SPLINE_CURVE_WITH_KNOTS('',3,(#5668,#5669,#5670,#5671),
 .UNSPECIFIED.,.F.,.F.,(4,4),(0.484929460437138,0.515080567368442),
 .UNSPECIFIED.);
#164=B_SPLINE_CURVE_WITH_KNOTS('',3,(#5672,#5673,#5674,#5675),
 .UNSPECIFIED.,.F.,.F.,(4,4),(7.08228876475164E-17,0.000271283278204857),
 .UNSPECIFIED.);
#165=B_SPLINE_CURVE_WITH_KNOTS('',3,(#5992,#5993,#5994,#5995),
 .UNSPECIFIED.,.F.,.F.,(4,4),(0.484846606267267,0.515154102778257),
 .UNSPECIFIED.);
#166=B_SPLINE_CURVE_WITH_KNOTS('',3,(#5998,#5999,#6000,#6001,#6002),
 .UNSPECIFIED.,.F.,.F.,(4,1,4),(0.,0.000979815290987798,0.0019596305819756),
 .UNSPECIFIED.);
#167=B_SPLINE_CURVE_WITH_KNOTS('',3,(#6004,#6005,#6006,#6007),
 .UNSPECIFIED.,.F.,.F.,(4,4),(1.8946812801534E-14,0.000653748902532992),
 .UNSPECIFIED.);
#168=B_SPLINE_CURVE_WITH_KNOTS('',3,(#6009,#6010,#6011,#6012,#6013),
 .UNSPECIFIED.,.F.,.F.,(4,1,4),(1.02120361233873E-10,0.000976989343882727,
0.00195397858564509),.UNSPECIFIED.);
#169=B_SPLINE_CURVE_WITH_KNOTS('',3,(#6015,#6016,#6017,#6018),
 .UNSPECIFIED.,.F.,.F.,(4,4),(0.,0.00126222478237017),.UNSPECIFIED.);
#170=B_SPLINE_CURVE_WITH_KNOTS('',3,(#6021,#6022,#6023,#6024),
 .UNSPECIFIED.,.F.,.F.,(4,4),(7.52681314803756E-14,0.000422638641087354),
 .UNSPECIFIED.);
#171=B_SPLINE_CURVE_WITH_KNOTS('',3,(#6026,#6027,#6028,#6029),
 .UNSPECIFIED.,.F.,.F.,(4,4),(0.,0.00126470072229485),.UNSPECIFIED.);
#172=B_SPLINE_CURVE_WITH_KNOTS('',3,(#6031,#6032,#6033,#6034),
 .UNSPECIFIED.,.F.,.F.,(4,4),(2.3934458580463E-15,0.000271274500667986),
 .UNSPECIFIED.);
#173=B_SPLINE_CURVE_WITH_KNOTS('',3,(#6035,#6036,#6037,#6038),
 .UNSPECIFIED.,.F.,.F.,(4,4),(0.484929460437138,0.515080567368442),
 .UNSPECIFIED.);
#174=B_SPLINE_CURVE_WITH_KNOTS('',3,(#6039,#6040,#6041,#6042),
 .UNSPECIFIED.,.F.,.F.,(4,4),(7.05674870480413E-17,0.000271283278204855),
 .UNSPECIFIED.);
#175=B_SPLINE_CURVE_WITH_KNOTS('',3,(#6359,#6360,#6361,#6362),
 .UNSPECIFIED.,.F.,.F.,(4,4),(0.484846606267267,0.515154102778258),
 .UNSPECIFIED.);
#176=B_SPLINE_CURVE_WITH_KNOTS('',3,(#6365,#6366,#6367,#6368,#6369),
 .UNSPECIFIED.,.F.,.F.,(4,1,4),(0.,0.000979815290987796,0.00195963058197559),
 .UNSPECIFIED.);
#177=B_SPLINE_CURVE_WITH_KNOTS('',3,(#6371,#6372,#6373,#6374),
 .UNSPECIFIED.,.F.,.F.,(4,4),(1.89464588323928E-14,0.000653748902532989),
 .UNSPECIFIED.);
#178=B_SPLINE_CURVE_WITH_KNOTS('',3,(#6376,#6377,#6378,#6379,#6380),
 .UNSPECIFIED.,.F.,.F.,(4,1,4),(1.0212036411141E-10,0.000976989343882728,
0.00195397858564509),.UNSPECIFIED.);
#179=B_SPLINE_CURVE_WITH_KNOTS('',3,(#6382,#6383,#6384,#6385),
 .UNSPECIFIED.,.F.,.F.,(4,4),(0.,0.00126222478237018),.UNSPECIFIED.);
#180=B_SPLINE_CURVE_WITH_KNOTS('',3,(#6388,#6389,#6390,#6391),
 .UNSPECIFIED.,.F.,.F.,(4,4),(7.52682316329774E-14,0.00042263864108735),
 .UNSPECIFIED.);
#181=B_SPLINE_CURVE_WITH_KNOTS('',3,(#6393,#6394,#6395,#6396),
 .UNSPECIFIED.,.F.,.F.,(4,4),(0.,0.00126470072229485),.UNSPECIFIED.);
#182=B_SPLINE_CURVE_WITH_KNOTS('',3,(#6398,#6399,#6400,#6401),
 .UNSPECIFIED.,.F.,.F.,(4,4),(0.,0.00027127450066678),.UNSPECIFIED.);
#183=B_SPLINE_CURVE_WITH_KNOTS('',3,(#6402,#6403,#6404,#6405),
 .UNSPECIFIED.,.F.,.F.,(4,4),(0.484929460437138,0.515080567368442),
 .UNSPECIFIED.);
#184=B_SPLINE_CURVE_WITH_KNOTS('',3,(#6406,#6407,#6408,#6409),
 .UNSPECIFIED.,.F.,.F.,(4,4),(7.07538076836427E-17,0.000271283278204862),
 .UNSPECIFIED.);
#185=B_SPLINE_CURVE_WITH_KNOTS('',3,(#6726,#6727,#6728,#6729),
 .UNSPECIFIED.,.F.,.F.,(4,4),(0.484846606267267,0.515154102778257),
 .UNSPECIFIED.);
#186=B_SPLINE_CURVE_WITH_KNOTS('',3,(#6732,#6733,#6734,#6735,#6736),
 .UNSPECIFIED.,.F.,.F.,(4,1,4),(0.,0.000979815290987796,0.00195963058197559),
 .UNSPECIFIED.);
#187=B_SPLINE_CURVE_WITH_KNOTS('',3,(#6738,#6739,#6740,#6741),
 .UNSPECIFIED.,.F.,.F.,(4,4),(1.89462715449489E-14,0.000653748902532991),
 .UNSPECIFIED.);
#188=B_SPLINE_CURVE_WITH_KNOTS('',3,(#6743,#6744,#6745,#6746,#6747),
 .UNSPECIFIED.,.F.,.F.,(4,1,4),(1.02120370895034E-10,0.000976989343882732,
0.00195397858564509),.UNSPECIFIED.);
#189=B_SPLINE_CURVE_WITH_KNOTS('',3,(#6749,#6750,#6751,#6752),
 .UNSPECIFIED.,.F.,.F.,(4,4),(0.,0.00126222478237018),.UNSPECIFIED.);
#190=B_SPLINE_CURVE_WITH_KNOTS('',3,(#6755,#6756,#6757,#6758),
 .UNSPECIFIED.,.F.,.F.,(4,4),(7.52680923993227E-14,0.000422638641087351),
 .UNSPECIFIED.);
#191=B_SPLINE_CURVE_WITH_KNOTS('',3,(#6760,#6761,#6762,#6763),
 .UNSPECIFIED.,.F.,.F.,(4,4),(0.,0.00126470072229484),.UNSPECIFIED.);
#192=B_SPLINE_CURVE_WITH_KNOTS('',3,(#6765,#6766,#6767,#6768),
 .UNSPECIFIED.,.F.,.F.,(4,4),(0.,0.00027127450066678),.UNSPECIFIED.);
#193=B_SPLINE_CURVE_WITH_KNOTS('',3,(#6769,#6770,#6771,#6772),
 .UNSPECIFIED.,.F.,.F.,(4,4),(0.484929460437138,0.515080567368442),
 .UNSPECIFIED.);
#194=B_SPLINE_CURVE_WITH_KNOTS('',3,(#6773,#6774,#6775,#6776),
 .UNSPECIFIED.,.F.,.F.,(4,4),(7.00914693101281E-17,0.000271283278204855),
 .UNSPECIFIED.);
#195=B_SPLINE_CURVE_WITH_KNOTS('',3,(#7093,#7094,#7095,#7096),
 .UNSPECIFIED.,.F.,.F.,(4,4),(0.484846606267267,0.515154102778257),
 .UNSPECIFIED.);
#196=B_SPLINE_CURVE_WITH_KNOTS('',3,(#7099,#7100,#7101,#7102,#7103),
 .UNSPECIFIED.,.F.,.F.,(4,1,4),(0.,0.000979815290987797,0.00195963058197559),
 .UNSPECIFIED.);
#197=B_SPLINE_CURVE_WITH_KNOTS('',3,(#7105,#7106,#7107,#7108),
 .UNSPECIFIED.,.F.,.F.,(4,4),(1.89474896108756E-14,0.000653748902532982),
 .UNSPECIFIED.);
#198=B_SPLINE_CURVE_WITH_KNOTS('',3,(#7110,#7111,#7112,#7113,#7114),
 .UNSPECIFIED.,.F.,.F.,(4,1,4),(1.02120365090098E-10,0.000976989343882727,
0.00195397858564509),.UNSPECIFIED.);
#199=B_SPLINE_CURVE_WITH_KNOTS('',3,(#7116,#7117,#7118,#7119),
 .UNSPECIFIED.,.F.,.F.,(4,4),(0.,0.00126222478237018),.UNSPECIFIED.);
#200=B_SPLINE_CURVE_WITH_KNOTS('',3,(#7122,#7123,#7124,#7125),
 .UNSPECIFIED.,.F.,.F.,(4,4),(7.52677614217843E-14,0.000422638641087353),
 .UNSPECIFIED.);
#201=B_SPLINE_CURVE_WITH_KNOTS('',3,(#7127,#7128,#7129,#7130),
 .UNSPECIFIED.,.F.,.F.,(4,4),(0.,0.00126470072229485),.UNSPECIFIED.);
#202=B_SPLINE_CURVE_WITH_KNOTS('',3,(#7132,#7133,#7134,#7135),
 .UNSPECIFIED.,.F.,.F.,(4,4),(0.,0.00027127450066678),.UNSPECIFIED.);
#203=B_SPLINE_CURVE_WITH_KNOTS('',3,(#7136,#7137,#7138,#7139),
 .UNSPECIFIED.,.F.,.F.,(4,4),(0.484929460437138,0.515080567368442),
 .UNSPECIFIED.);
#204=B_SPLINE_CURVE_WITH_KNOTS('',3,(#7140,#7141,#7142,#7143),
 .UNSPECIFIED.,.F.,.F.,(4,4),(7.03953693425534E-17,0.00027128327820486),
 .UNSPECIFIED.);
#205=B_SPLINE_CURVE_WITH_KNOTS('',3,(#7460,#7461,#7462,#7463),
 .UNSPECIFIED.,.F.,.F.,(4,4),(0.484846606267267,0.515154102778258),
 .UNSPECIFIED.);
#206=B_SPLINE_CURVE_WITH_KNOTS('',3,(#7466,#7467,#7468,#7469,#7470),
 .UNSPECIFIED.,.F.,.F.,(4,1,4),(0.,0.000979815290987798,0.0019596305819756),
 .UNSPECIFIED.);
#207=B_SPLINE_CURVE_WITH_KNOTS('',3,(#7472,#7473,#7474,#7475),
 .UNSPECIFIED.,.F.,.F.,(4,4),(1.89466812923172E-14,0.00065374890253298),
 .UNSPECIFIED.);
#208=B_SPLINE_CURVE_WITH_KNOTS('',3,(#7477,#7478,#7479,#7480,#7481),
 .UNSPECIFIED.,.F.,.F.,(4,1,4),(1.02120367866395E-10,0.00097698934388273,
0.00195397858564509),.UNSPECIFIED.);
#209=B_SPLINE_CURVE_WITH_KNOTS('',3,(#7483,#7484,#7485,#7486),
 .UNSPECIFIED.,.F.,.F.,(4,4),(0.,0.00126222478237017),.UNSPECIFIED.);
#210=B_SPLINE_CURVE_WITH_KNOTS('',3,(#7489,#7490,#7491,#7492),
 .UNSPECIFIED.,.F.,.F.,(4,4),(7.52675413405734E-14,0.000422638641087352),
 .UNSPECIFIED.);
#211=B_SPLINE_CURVE_WITH_KNOTS('',3,(#7494,#7495,#7496,#7497),
 .UNSPECIFIED.,.F.,.F.,(4,4),(0.,0.00126470072229485),.UNSPECIFIED.);
#212=B_SPLINE_CURVE_WITH_KNOTS('',3,(#7499,#7500,#7501,#7502),
 .UNSPECIFIED.,.F.,.F.,(4,4),(0.,0.000271274500666783),.UNSPECIFIED.);
#213=B_SPLINE_CURVE_WITH_KNOTS('',3,(#7503,#7504,#7505,#7506),
 .UNSPECIFIED.,.F.,.F.,(4,4),(0.484929460437138,0.515080567368442),
 .UNSPECIFIED.);
#214=B_SPLINE_CURVE_WITH_KNOTS('',3,(#7507,#7508,#7509,#7510),
 .UNSPECIFIED.,.F.,.F.,(4,4),(7.08228876475164E-17,0.000271283278204857),
 .UNSPECIFIED.);
#215=B_SPLINE_CURVE_WITH_KNOTS('',3,(#7827,#7828,#7829,#7830),
 .UNSPECIFIED.,.F.,.F.,(4,4),(0.484846606267267,0.515154102778257),
 .UNSPECIFIED.);
#216=B_SPLINE_CURVE_WITH_KNOTS('',3,(#7833,#7834,#7835,#7836,#7837),
 .UNSPECIFIED.,.F.,.F.,(4,1,4),(0.,0.000979815290987798,0.0019596305819756),
 .UNSPECIFIED.);
#217=B_SPLINE_CURVE_WITH_KNOTS('',3,(#7839,#7840,#7841,#7842),
 .UNSPECIFIED.,.F.,.F.,(4,4),(1.8946812801534E-14,0.000653748902532992),
 .UNSPECIFIED.);
#218=B_SPLINE_CURVE_WITH_KNOTS('',3,(#7844,#7845,#7846,#7847,#7848),
 .UNSPECIFIED.,.F.,.F.,(4,1,4),(1.02120361233873E-10,0.000976989343882728,
0.00195397858564509),.UNSPECIFIED.);
#219=B_SPLINE_CURVE_WITH_KNOTS('',3,(#7850,#7851,#7852,#7853),
 .UNSPECIFIED.,.F.,.F.,(4,4),(0.,0.00126222478237017),.UNSPECIFIED.);
#220=B_SPLINE_CURVE_WITH_KNOTS('',3,(#7856,#7857,#7858,#7859),
 .UNSPECIFIED.,.F.,.F.,(4,4),(7.52681314803756E-14,0.000422638641087353),
 .UNSPECIFIED.);
#221=B_SPLINE_CURVE_WITH_KNOTS('',3,(#7861,#7862,#7863,#7864),
 .UNSPECIFIED.,.F.,.F.,(4,4),(0.,0.00126470072229485),.UNSPECIFIED.);
#222=B_SPLINE_CURVE_WITH_KNOTS('',3,(#7866,#7867,#7868,#7869),
 .UNSPECIFIED.,.F.,.F.,(4,4),(2.39303484472196E-15,0.000271274500667986),
 .UNSPECIFIED.);
#223=B_SPLINE_CURVE_WITH_KNOTS('',3,(#7870,#7871,#7872,#7873),
 .UNSPECIFIED.,.F.,.F.,(4,4),(0.484929460437138,0.515080567368442),
 .UNSPECIFIED.);
#224=B_SPLINE_CURVE_WITH_KNOTS('',3,(#7874,#7875,#7876,#7877),
 .UNSPECIFIED.,.F.,.F.,(4,4),(7.05674870480413E-17,0.000271283278204855),
 .UNSPECIFIED.);
#225=B_SPLINE_CURVE_WITH_KNOTS('',3,(#8194,#8195,#8196,#8197),
 .UNSPECIFIED.,.F.,.F.,(4,4),(0.484846606267267,0.515154102778257),
 .UNSPECIFIED.);
#226=B_SPLINE_CURVE_WITH_KNOTS('',3,(#8200,#8201,#8202,#8203,#8204),
 .UNSPECIFIED.,.F.,.F.,(4,1,4),(0.,0.000979815290987794,0.00195963058197559),
 .UNSPECIFIED.);
#227=B_SPLINE_CURVE_WITH_KNOTS('',3,(#8206,#8207,#8208,#8209),
 .UNSPECIFIED.,.F.,.F.,(4,4),(1.89468713143051E-14,0.00065374890253299),
 .UNSPECIFIED.);
#228=B_SPLINE_CURVE_WITH_KNOTS('',3,(#8211,#8212,#8213,#8214,#8215),
 .UNSPECIFIED.,.F.,.F.,(4,1,4),(1.0212036381407E-10,0.000976989343882726,
0.00195397858564509),.UNSPECIFIED.);
#229=B_SPLINE_CURVE_WITH_KNOTS('',3,(#8217,#8218,#8219,#8220),
 .UNSPECIFIED.,.F.,.F.,(4,4),(0.,0.00126222478237018),.UNSPECIFIED.);
#230=B_SPLINE_CURVE_WITH_KNOTS('',3,(#8223,#8224,#8225,#8226),
 .UNSPECIFIED.,.F.,.F.,(4,4),(7.5267818971317E-14,0.00042263864108735),
 .UNSPECIFIED.);
#231=B_SPLINE_CURVE_WITH_KNOTS('',3,(#8228,#8229,#8230,#8231),
 .UNSPECIFIED.,.F.,.F.,(4,4),(0.,0.00126470072229485),.UNSPECIFIED.);
#232=B_SPLINE_CURVE_WITH_KNOTS('',3,(#8233,#8234,#8235,#8236),
 .UNSPECIFIED.,.F.,.F.,(4,4),(1.2266347333467E-18,0.000271274500666781),
 .UNSPECIFIED.);
#233=B_SPLINE_CURVE_WITH_KNOTS('',3,(#8237,#8238,#8239,#8240),
 .UNSPECIFIED.,.F.,.F.,(4,4),(0.484929460437138,0.515080567368442),
 .UNSPECIFIED.);
#234=B_SPLINE_CURVE_WITH_KNOTS('',3,(#8241,#8242,#8243,#8244),
 .UNSPECIFIED.,.F.,.F.,(4,4),(7.01504779048755E-17,0.000271283278204855),
 .UNSPECIFIED.);
#235=B_SPLINE_CURVE_WITH_KNOTS('',3,(#8561,#8562,#8563,#8564),
 .UNSPECIFIED.,.F.,.F.,(4,4),(0.484846606267267,0.515154102778257),
 .UNSPECIFIED.);
#236=B_SPLINE_CURVE_WITH_KNOTS('',3,(#8567,#8568,#8569,#8570,#8571),
 .UNSPECIFIED.,.F.,.F.,(4,1,4),(0.,0.000979815290987796,0.00195963058197559),
 .UNSPECIFIED.);
#237=B_SPLINE_CURVE_WITH_KNOTS('',3,(#8573,#8574,#8575,#8576),
 .UNSPECIFIED.,.F.,.F.,(4,4),(1.89462715449489E-14,0.000653748902532991),
 .UNSPECIFIED.);
#238=B_SPLINE_CURVE_WITH_KNOTS('',3,(#8578,#8579,#8580,#8581,#8582),
 .UNSPECIFIED.,.F.,.F.,(4,1,4),(1.02120370895034E-10,0.000976989343882731,
0.00195397858564509),.UNSPECIFIED.);
#239=B_SPLINE_CURVE_WITH_KNOTS('',3,(#8584,#8585,#8586,#8587),
 .UNSPECIFIED.,.F.,.F.,(4,4),(0.,0.00126222478237018),.UNSPECIFIED.);
#240=B_SPLINE_CURVE_WITH_KNOTS('',3,(#8590,#8591,#8592,#8593),
 .UNSPECIFIED.,.F.,.F.,(4,4),(7.52679839793583E-14,0.000422638641087351),
 .UNSPECIFIED.);
#241=B_SPLINE_CURVE_WITH_KNOTS('',3,(#8595,#8596,#8597,#8598),
 .UNSPECIFIED.,.F.,.F.,(4,4),(0.,0.00126470072229484),.UNSPECIFIED.);
#242=B_SPLINE_CURVE_WITH_KNOTS('',3,(#8600,#8601,#8602,#8603),
 .UNSPECIFIED.,.F.,.F.,(4,4),(0.,0.00027127450066678),.UNSPECIFIED.);
#243=B_SPLINE_CURVE_WITH_KNOTS('',3,(#8604,#8605,#8606,#8607),
 .UNSPECIFIED.,.F.,.F.,(4,4),(0.484929460437138,0.515080567368442),
 .UNSPECIFIED.);
#244=B_SPLINE_CURVE_WITH_KNOTS('',3,(#8608,#8609,#8610,#8611),
 .UNSPECIFIED.,.F.,.F.,(4,4),(7.00914693101281E-17,0.000271283278204855),
 .UNSPECIFIED.);
#245=B_SPLINE_CURVE_WITH_KNOTS('',3,(#8928,#8929,#8930,#8931),
 .UNSPECIFIED.,.F.,.F.,(4,4),(0.484846606267267,0.515154102778257),
 .UNSPECIFIED.);
#246=B_SPLINE_CURVE_WITH_KNOTS('',3,(#8934,#8935,#8936,#8937,#8938),
 .UNSPECIFIED.,.F.,.F.,(4,1,4),(0.,0.000979815290987798,0.0019596305819756),
 .UNSPECIFIED.);
#247=B_SPLINE_CURVE_WITH_KNOTS('',3,(#8940,#8941,#8942,#8943),
 .UNSPECIFIED.,.F.,.F.,(4,4),(1.89470771920565E-14,0.000653748902532981),
 .UNSPECIFIED.);
#248=B_SPLINE_CURVE_WITH_KNOTS('',3,(#8945,#8946,#8947,#8948,#8949),
 .UNSPECIFIED.,.F.,.F.,(4,1,4),(1.02120365387438E-10,0.000976989343882727,
0.00195397858564509),.UNSPECIFIED.);
#249=B_SPLINE_CURVE_WITH_KNOTS('',3,(#8951,#8952,#8953,#8954),
 .UNSPECIFIED.,.F.,.F.,(4,4),(0.,0.00126222478237018),.UNSPECIFIED.);
#250=B_SPLINE_CURVE_WITH_KNOTS('',3,(#8957,#8958,#8959,#8960),
 .UNSPECIFIED.,.F.,.F.,(4,4),(7.52681736677122E-14,0.000422638641087352),
 .UNSPECIFIED.);
#251=B_SPLINE_CURVE_WITH_KNOTS('',3,(#8962,#8963,#8964,#8965),
 .UNSPECIFIED.,.F.,.F.,(4,4),(0.,0.00126470072229485),.UNSPECIFIED.);
#252=B_SPLINE_CURVE_WITH_KNOTS('',3,(#8967,#8968,#8969,#8970),
 .UNSPECIFIED.,.F.,.F.,(4,4),(0.,0.00027127450066678),.UNSPECIFIED.);
#253=B_SPLINE_CURVE_WITH_KNOTS('',3,(#8971,#8972,#8973,#8974),
 .UNSPECIFIED.,.F.,.F.,(4,4),(0.484929460437138,0.515080567368442),
 .UNSPECIFIED.);
#254=B_SPLINE_CURVE_WITH_KNOTS('',3,(#8975,#8976,#8977,#8978),
 .UNSPECIFIED.,.F.,.F.,(4,4),(7.03953693425534E-17,0.00027128327820486),
 .UNSPECIFIED.);
#255=B_SPLINE_CURVE_WITH_KNOTS('',3,(#9295,#9296,#9297,#9298),
 .UNSPECIFIED.,.F.,.F.,(4,4),(0.484846606267266,0.515154102778257),
 .UNSPECIFIED.);
#256=B_SPLINE_CURVE_WITH_KNOTS('',3,(#9301,#9302,#9303,#9304,#9305),
 .UNSPECIFIED.,.F.,.F.,(4,1,4),(0.,0.000979815290987799,0.0019596305819756),
 .UNSPECIFIED.);
#257=B_SPLINE_CURVE_WITH_KNOTS('',3,(#9307,#9308,#9309,#9310),
 .UNSPECIFIED.,.F.,.F.,(4,4),(1.89466812923172E-14,0.000653748902532991),
 .UNSPECIFIED.);
#258=B_SPLINE_CURVE_WITH_KNOTS('',3,(#9312,#9313,#9314,#9315,#9316),
 .UNSPECIFIED.,.F.,.F.,(4,1,4),(1.02120367866395E-10,0.00097698934388273,
0.00195397858564509),.UNSPECIFIED.);
#259=B_SPLINE_CURVE_WITH_KNOTS('',3,(#9318,#9319,#9320,#9321),
 .UNSPECIFIED.,.F.,.F.,(4,4),(0.,0.00126222478237018),.UNSPECIFIED.);
#260=B_SPLINE_CURVE_WITH_KNOTS('',3,(#9324,#9325,#9326,#9327),
 .UNSPECIFIED.,.F.,.F.,(4,4),(7.52675413405734E-14,0.000422638641087353),
 .UNSPECIFIED.);
#261=B_SPLINE_CURVE_WITH_KNOTS('',3,(#9329,#9330,#9331,#9332),
 .UNSPECIFIED.,.F.,.F.,(4,4),(0.,0.00126470072229485),.UNSPECIFIED.);
#262=B_SPLINE_CURVE_WITH_KNOTS('',3,(#9334,#9335,#9336,#9337),
 .UNSPECIFIED.,.F.,.F.,(4,4),(0.,0.000271274500666783),.UNSPECIFIED.);
#263=B_SPLINE_CURVE_WITH_KNOTS('',3,(#9338,#9339,#9340,#9341),
 .UNSPECIFIED.,.F.,.F.,(4,4),(0.484929460437138,0.515080567368442),
 .UNSPECIFIED.);
#264=B_SPLINE_CURVE_WITH_KNOTS('',3,(#9342,#9343,#9344,#9345),
 .UNSPECIFIED.,.F.,.F.,(4,4),(7.08228876475164E-17,0.00027128327820486),
 .UNSPECIFIED.);
#265=B_SPLINE_CURVE_WITH_KNOTS('',3,(#9662,#9663,#9664,#9665),
 .UNSPECIFIED.,.F.,.F.,(4,4),(0.484846606267266,0.515154102778257),
 .UNSPECIFIED.);
#266=B_SPLINE_CURVE_WITH_KNOTS('',3,(#9668,#9669,#9670,#9671,#9672),
 .UNSPECIFIED.,.F.,.F.,(4,1,4),(0.,0.000979815290987795,0.00195963058197559),
 .UNSPECIFIED.);
#267=B_SPLINE_CURVE_WITH_KNOTS('',3,(#9674,#9675,#9676,#9677),
 .UNSPECIFIED.,.F.,.F.,(4,4),(1.8946812801534E-14,0.000653748902532992),
 .UNSPECIFIED.);
#268=B_SPLINE_CURVE_WITH_KNOTS('',3,(#9679,#9680,#9681,#9682,#9683),
 .UNSPECIFIED.,.F.,.F.,(4,1,4),(1.02120364506178E-10,0.000976989343882731,
0.0019539785856451),.UNSPECIFIED.);
#269=B_SPLINE_CURVE_WITH_KNOTS('',3,(#9685,#9686,#9687,#9688),
 .UNSPECIFIED.,.F.,.F.,(4,4),(0.,0.00126222478237018),.UNSPECIFIED.);
#270=B_SPLINE_CURVE_WITH_KNOTS('',3,(#9691,#9692,#9693,#9694),
 .UNSPECIFIED.,.F.,.F.,(4,4),(7.52681314803756E-14,0.000422638641087353),
 .UNSPECIFIED.);
#271=B_SPLINE_CURVE_WITH_KNOTS('',3,(#9696,#9697,#9698,#9699),
 .UNSPECIFIED.,.F.,.F.,(4,4),(0.,0.00126470072229485),.UNSPECIFIED.);
#272=B_SPLINE_CURVE_WITH_KNOTS('',3,(#9701,#9702,#9703,#9704),
 .UNSPECIFIED.,.F.,.F.,(4,4),(0.,0.000271274500666781),.UNSPECIFIED.);
#273=B_SPLINE_CURVE_WITH_KNOTS('',3,(#9705,#9706,#9707,#9708),
 .UNSPECIFIED.,.F.,.F.,(4,4),(0.484929460437138,0.515080567368442),
 .UNSPECIFIED.);
#274=B_SPLINE_CURVE_WITH_KNOTS('',3,(#9709,#9710,#9711,#9712),
 .UNSPECIFIED.,.F.,.F.,(4,4),(7.05674870480413E-17,0.000271283278204855),
 .UNSPECIFIED.);
#275=B_SPLINE_CURVE_WITH_KNOTS('',3,(#10029,#10030,#10031,#10032),
 .UNSPECIFIED.,.F.,.F.,(4,4),(0.484846606267266,0.515154102778256),
 .UNSPECIFIED.);
#276=B_SPLINE_CURVE_WITH_KNOTS('',3,(#10035,#10036,#10037,#10038,#10039),
 .UNSPECIFIED.,.F.,.F.,(4,1,4),(0.,0.000979815290987794,0.00195963058197559),
 .UNSPECIFIED.);
#277=B_SPLINE_CURVE_WITH_KNOTS('',3,(#10041,#10042,#10043,#10044),
 .UNSPECIFIED.,.F.,.F.,(4,4),(1.89468713143051E-14,0.00065374890253299),
 .UNSPECIFIED.);
#278=B_SPLINE_CURVE_WITH_KNOTS('',3,(#10046,#10047,#10048,#10049,#10050),
 .UNSPECIFIED.,.F.,.F.,(4,1,4),(1.02120366712186E-10,0.000976989343882727,
0.00195397858564509),.UNSPECIFIED.);
#279=B_SPLINE_CURVE_WITH_KNOTS('',3,(#10052,#10053,#10054,#10055),
 .UNSPECIFIED.,.F.,.F.,(4,4),(0.,0.00126222478237018),.UNSPECIFIED.);
#280=B_SPLINE_CURVE_WITH_KNOTS('',3,(#10058,#10059,#10060,#10061),
 .UNSPECIFIED.,.F.,.F.,(4,4),(7.5267818971317E-14,0.00042263864108735),
 .UNSPECIFIED.);
#281=B_SPLINE_CURVE_WITH_KNOTS('',3,(#10063,#10064,#10065,#10066),
 .UNSPECIFIED.,.F.,.F.,(4,4),(0.,0.00126470072229485),.UNSPECIFIED.);
#282=B_SPLINE_CURVE_WITH_KNOTS('',3,(#10068,#10069,#10070,#10071),
 .UNSPECIFIED.,.F.,.F.,(4,4),(1.30104260698261E-18,0.000271274500666781),
 .UNSPECIFIED.);
#283=B_SPLINE_CURVE_WITH_KNOTS('',3,(#10072,#10073,#10074,#10075),
 .UNSPECIFIED.,.F.,.F.,(4,4),(0.484929460437138,0.515080567368442),
 .UNSPECIFIED.);
#284=B_SPLINE_CURVE_WITH_KNOTS('',3,(#10076,#10077,#10078,#10079),
 .UNSPECIFIED.,.F.,.F.,(4,4),(7.07538076836427E-17,0.000271283278204861),
 .UNSPECIFIED.);
#285=B_SPLINE_CURVE_WITH_KNOTS('',3,(#10392,#10393,#10394,#10395),
 .UNSPECIFIED.,.F.,.F.,(4,4),(0.484929460437138,0.515080567368442),
 .UNSPECIFIED.);
#286=B_SPLINE_CURVE_WITH_KNOTS('',3,(#10401,#10402,#10403,#10404),
 .UNSPECIFIED.,.F.,.F.,(4,4),(0.484846606267267,0.515154102778257),
 .UNSPECIFIED.);
#287=B_SPLINE_CURVE_WITH_KNOTS('',3,(#10409,#10410,#10411,#10412),
 .UNSPECIFIED.,.F.,.F.,(4,4),(7.52680652943316E-14,0.000422638641087351),
 .UNSPECIFIED.);
#288=B_SPLINE_CURVE_WITH_KNOTS('',3,(#10416,#10417,#10418,#10419),
 .UNSPECIFIED.,.F.,.F.,(4,4),(1.8946325755054E-14,0.000653748902532991),
 .UNSPECIFIED.);
#289=B_SPLINE_CURVE_WITH_KNOTS('',3,(#10530,#10531,#10532,#10533),
 .UNSPECIFIED.,.F.,.F.,(4,4),(0.,0.00126222478237018),.UNSPECIFIED.);
#290=B_SPLINE_CURVE_WITH_KNOTS('',3,(#10537,#10538,#10539,#10540,#10541),
 .UNSPECIFIED.,.F.,.F.,(4,1,4),(1.02120370895034E-10,0.000976989343882732,
0.00195397858564509),.UNSPECIFIED.);
#291=B_SPLINE_CURVE_WITH_KNOTS('',3,(#10729,#10730,#10731,#10732),
 .UNSPECIFIED.,.F.,.F.,(4,4),(0.,0.00126470072229484),.UNSPECIFIED.);
#292=B_SPLINE_CURVE_WITH_KNOTS('',3,(#10734,#10735,#10736,#10737,#10738),
 .UNSPECIFIED.,.F.,.F.,(4,1,4),(0.,0.000979815290987796,0.00195963058197559),
 .UNSPECIFIED.);
#293=B_SPLINE_CURVE_WITH_KNOTS('',3,(#10742,#10743,#10744,#10745),
 .UNSPECIFIED.,.F.,.F.,(4,4),(0.,0.00027127450066678),.UNSPECIFIED.);
#294=B_SPLINE_CURVE_WITH_KNOTS('',3,(#10748,#10749,#10750,#10751),
 .UNSPECIFIED.,.F.,.F.,(4,4),(7.06953026834464E-17,0.000271283278204855),
 .UNSPECIFIED.);
#295=CONICAL_SURFACE('',#2731,0.00589308261758408,0.6972389207631);
#296=CONICAL_SURFACE('',#2734,0.00904000888117896,0.797667389676413);
#297=CONICAL_SURFACE('',#2735,0.00584388309024483,0.797667389676414);
#298=CONICAL_SURFACE('',#2739,0.00589308261758408,0.6972389207631);
#299=CONICAL_SURFACE('',#2742,0.00904000888117896,0.797667389676413);
#300=CONICAL_SURFACE('',#2743,0.00584388309024483,0.797667389676414);
#301=CONICAL_SURFACE('',#2747,0.00589308261758408,0.6972389207631);
#302=CONICAL_SURFACE('',#2750,0.00904000888117896,0.797667389676413);
#303=CONICAL_SURFACE('',#2751,0.00584388309024483,0.797667389676414);
#304=CONICAL_SURFACE('',#2755,0.00589308261758408,0.6972389207631);
#305=CONICAL_SURFACE('',#2758,0.00904000888117896,0.797667389676413);
#306=CONICAL_SURFACE('',#2759,0.00584388309024483,0.797667389676414);
#307=CONICAL_SURFACE('',#2763,0.00589308261758408,0.6972389207631);
#308=CONICAL_SURFACE('',#2766,0.00904000888117896,0.797667389676413);
#309=CONICAL_SURFACE('',#2767,0.00584388309024483,0.797667389676414);
#310=CONICAL_SURFACE('',#2771,0.00589308261758408,0.6972389207631);
#311=CONICAL_SURFACE('',#2774,0.00904000888117896,0.797667389676413);
#312=CONICAL_SURFACE('',#2775,0.00584388309024483,0.797667389676414);
#313=CONICAL_SURFACE('',#2779,0.00589308261758408,0.6972389207631);
#314=CONICAL_SURFACE('',#2782,0.00904000888117896,0.797667389676413);
#315=CONICAL_SURFACE('',#2783,0.00584388309024483,0.797667389676414);
#316=CONICAL_SURFACE('',#2787,0.00589308261758408,0.6972389207631);
#317=CONICAL_SURFACE('',#2790,0.00904000888117896,0.797667389676413);
#318=CONICAL_SURFACE('',#2791,0.00584388309024483,0.797667389676414);
#319=CONICAL_SURFACE('',#2795,0.00589308261758408,0.6972389207631);
#320=CONICAL_SURFACE('',#2798,0.00904000888117896,0.797667389676413);
#321=CONICAL_SURFACE('',#2799,0.00584388309024483,0.797667389676414);
#322=CONICAL_SURFACE('',#2803,0.00589308261758408,0.6972389207631);
#323=CONICAL_SURFACE('',#2806,0.00904000888117896,0.797667389676413);
#324=CONICAL_SURFACE('',#2807,0.00584388309024483,0.797667389676414);
#325=CONICAL_SURFACE('',#2811,0.00589308261758408,0.6972389207631);
#326=CONICAL_SURFACE('',#2814,0.00904000888117896,0.797667389676413);
#327=CONICAL_SURFACE('',#2815,0.00584388309024483,0.797667389676414);
#328=CONICAL_SURFACE('',#2819,0.00589308261758408,0.6972389207631);
#329=CONICAL_SURFACE('',#2822,0.00904000888117896,0.797667389676413);
#330=CONICAL_SURFACE('',#2823,0.00584388309024483,0.797667389676414);
#331=CONICAL_SURFACE('',#2827,0.00589308261758408,0.6972389207631);
#332=CONICAL_SURFACE('',#2830,0.00904000888117896,0.797667389676413);
#333=CONICAL_SURFACE('',#2831,0.00584388309024483,0.797667389676414);
#334=CONICAL_SURFACE('',#2835,0.00589308261758408,0.6972389207631);
#335=CONICAL_SURFACE('',#2838,0.00904000888117896,0.797667389676413);
#336=CONICAL_SURFACE('',#2839,0.00584388309024483,0.797667389676414);
#337=CONICAL_SURFACE('',#2843,0.00589308261758408,0.6972389207631);
#338=CONICAL_SURFACE('',#2846,0.00904000888117896,0.797667389676413);
#339=CONICAL_SURFACE('',#2847,0.00584388309024483,0.797667389676414);
#340=CONICAL_SURFACE('',#2851,0.00589308261758408,0.6972389207631);
#341=CONICAL_SURFACE('',#2854,0.00904000888117896,0.797667389676413);
#342=CONICAL_SURFACE('',#2855,0.00584388309024483,0.797667389676414);
#343=CONICAL_SURFACE('',#2859,0.00589308261758408,0.6972389207631);
#344=CONICAL_SURFACE('',#2862,0.00904000888117896,0.797667389676413);
#345=CONICAL_SURFACE('',#2863,0.00584388309024483,0.797667389676414);
#346=CONICAL_SURFACE('',#2867,0.00589308261758408,0.6972389207631);
#347=CONICAL_SURFACE('',#2870,0.00904000888117896,0.797667389676413);
#348=CONICAL_SURFACE('',#2871,0.00584388309024483,0.797667389676414);
#349=CONICAL_SURFACE('',#2875,0.00589308261758408,0.6972389207631);
#350=CONICAL_SURFACE('',#2878,0.00904000888117896,0.797667389676413);
#351=CONICAL_SURFACE('',#2879,0.00584388309024483,0.797667389676414);
#352=CONICAL_SURFACE('',#2883,0.00589308261758408,0.6972389207631);
#353=CONICAL_SURFACE('',#2893,0.00904000888117896,0.797667389676413);
#354=CONICAL_SURFACE('',#2894,0.00584388309024483,0.797667389676414);
#355=CIRCLE('',#2729,0.002);
#356=CIRCLE('',#2730,0.002);
#357=CIRCLE('',#2732,0.00911611652351682);
#358=CIRCLE('',#2733,0.00589308261758408);
#359=CIRCLE('',#2740,0.00911611652351682);
#360=CIRCLE('',#2741,0.00589308261758408);
#361=CIRCLE('',#2748,0.00911611652351682);
#362=CIRCLE('',#2749,0.00589308261758408);
#363=CIRCLE('',#2756,0.00911611652351682);
#364=CIRCLE('',#2757,0.00589308261758408);
#365=CIRCLE('',#2764,0.00911611652351682);
#366=CIRCLE('',#2765,0.00589308261758408);
#367=CIRCLE('',#2772,0.00911611652351682);
#368=CIRCLE('',#2773,0.00589308261758408);
#369=CIRCLE('',#2780,0.00911611652351682);
#370=CIRCLE('',#2781,0.00589308261758408);
#371=CIRCLE('',#2788,0.00911611652351682);
#372=CIRCLE('',#2789,0.00589308261758408);
#373=CIRCLE('',#2796,0.00911611652351682);
#374=CIRCLE('',#2797,0.00589308261758408);
#375=CIRCLE('',#2804,0.00911611652351682);
#376=CIRCLE('',#2805,0.00589308261758408);
#377=CIRCLE('',#2812,0.00911611652351682);
#378=CIRCLE('',#2813,0.00589308261758408);
#379=CIRCLE('',#2820,0.00911611652351682);
#380=CIRCLE('',#2821,0.00589308261758408);
#381=CIRCLE('',#2828,0.00911611652351682);
#382=CIRCLE('',#2829,0.00589308261758408);
#383=CIRCLE('',#2836,0.00911611652351682);
#384=CIRCLE('',#2837,0.00589308261758408);
#385=CIRCLE('',#2844,0.00911611652351682);
#386=CIRCLE('',#2845,0.00589308261758408);
#387=CIRCLE('',#2852,0.00911611652351682);
#388=CIRCLE('',#2853,0.00589308261758408);
#389=CIRCLE('',#2860,0.00911611652351682);
#390=CIRCLE('',#2861,0.00589308261758408);
#391=CIRCLE('',#2868,0.00911611652351682);
#392=CIRCLE('',#2869,0.00589308261758408);
#393=CIRCLE('',#2876,0.00911611652351682);
#394=CIRCLE('',#2877,0.00589308261758408);
#395=CIRCLE('',#2884,0.00911611652351682);
#396=CIRCLE('',#2885,0.00589308261758408);
#397=CIRCLE('',#2888,0.00911611652351682);
#398=ORIENTED_EDGE('',*,*,#1212,.F.);
#399=ORIENTED_EDGE('',*,*,#1213,.F.);
#400=ORIENTED_EDGE('',*,*,#1214,.T.);
#401=ORIENTED_EDGE('',*,*,#1215,.F.);
#402=ORIENTED_EDGE('',*,*,#1216,.F.);
#403=ORIENTED_EDGE('',*,*,#1217,.T.);
#404=ORIENTED_EDGE('',*,*,#1218,.T.);
#405=ORIENTED_EDGE('',*,*,#1219,.F.);
#406=ORIENTED_EDGE('',*,*,#1220,.F.);
#407=ORIENTED_EDGE('',*,*,#1221,.F.);
#408=ORIENTED_EDGE('',*,*,#1222,.F.);
#409=ORIENTED_EDGE('',*,*,#1223,.F.);
#410=ORIENTED_EDGE('',*,*,#1224,.T.);
#411=ORIENTED_EDGE('',*,*,#1225,.F.);
#412=ORIENTED_EDGE('',*,*,#1226,.T.);
#413=ORIENTED_EDGE('',*,*,#1227,.F.);
#414=ORIENTED_EDGE('',*,*,#1228,.T.);
#415=ORIENTED_EDGE('',*,*,#1229,.T.);
#416=ORIENTED_EDGE('',*,*,#1230,.T.);
#417=ORIENTED_EDGE('',*,*,#1231,.T.);
#418=ORIENTED_EDGE('',*,*,#1231,.F.);
#419=ORIENTED_EDGE('',*,*,#1217,.F.);
#420=ORIENTED_EDGE('',*,*,#1220,.T.);
#421=ORIENTED_EDGE('',*,*,#1232,.T.);
#422=ORIENTED_EDGE('',*,*,#1229,.F.);
#423=ORIENTED_EDGE('',*,*,#1233,.F.);
#424=ORIENTED_EDGE('',*,*,#1222,.T.);
#425=ORIENTED_EDGE('',*,*,#1234,.T.);
#426=ORIENTED_EDGE('',*,*,#1228,.F.);
#427=ORIENTED_EDGE('',*,*,#1235,.F.);
#428=ORIENTED_EDGE('',*,*,#1223,.T.);
#429=ORIENTED_EDGE('',*,*,#1233,.T.);
#430=ORIENTED_EDGE('',*,*,#1235,.T.);
#431=ORIENTED_EDGE('',*,*,#1227,.T.);
#432=ORIENTED_EDGE('',*,*,#1236,.F.);
#433=ORIENTED_EDGE('',*,*,#1224,.F.);
#434=ORIENTED_EDGE('',*,*,#1226,.F.);
#435=ORIENTED_EDGE('',*,*,#1232,.F.);
#436=ORIENTED_EDGE('',*,*,#1225,.T.);
#437=ORIENTED_EDGE('',*,*,#1236,.T.);
#438=ORIENTED_EDGE('',*,*,#1237,.F.);
#439=ORIENTED_EDGE('',*,*,#1238,.T.);
#440=ORIENTED_EDGE('',*,*,#1239,.T.);
#441=ORIENTED_EDGE('',*,*,#1240,.F.);
#442=ORIENTED_EDGE('',*,*,#1241,.F.);
#443=ORIENTED_EDGE('',*,*,#1242,.F.);
#444=ORIENTED_EDGE('',*,*,#1243,.F.);
#445=ORIENTED_EDGE('',*,*,#1244,.F.);
#446=ORIENTED_EDGE('',*,*,#1245,.T.);
#447=ORIENTED_EDGE('',*,*,#1246,.F.);
#448=ORIENTED_EDGE('',*,*,#1247,.T.);
#449=ORIENTED_EDGE('',*,*,#1248,.F.);
#450=ORIENTED_EDGE('',*,*,#1249,.T.);
#451=ORIENTED_EDGE('',*,*,#1250,.T.);
#452=ORIENTED_EDGE('',*,*,#1251,.T.);
#453=ORIENTED_EDGE('',*,*,#1252,.T.);
#454=ORIENTED_EDGE('',*,*,#1252,.F.);
#455=ORIENTED_EDGE('',*,*,#1238,.F.);
#456=ORIENTED_EDGE('',*,*,#1241,.T.);
#457=ORIENTED_EDGE('',*,*,#1253,.T.);
#458=ORIENTED_EDGE('',*,*,#1250,.F.);
#459=ORIENTED_EDGE('',*,*,#1254,.F.);
#460=ORIENTED_EDGE('',*,*,#1243,.T.);
#461=ORIENTED_EDGE('',*,*,#1219,.T.);
#462=ORIENTED_EDGE('',*,*,#1249,.F.);
#463=ORIENTED_EDGE('',*,*,#1255,.F.);
#464=ORIENTED_EDGE('',*,*,#1244,.T.);
#465=ORIENTED_EDGE('',*,*,#1254,.T.);
#466=ORIENTED_EDGE('',*,*,#1255,.T.);
#467=ORIENTED_EDGE('',*,*,#1248,.T.);
#468=ORIENTED_EDGE('',*,*,#1256,.F.);
#469=ORIENTED_EDGE('',*,*,#1245,.F.);
#470=ORIENTED_EDGE('',*,*,#1247,.F.);
#471=ORIENTED_EDGE('',*,*,#1253,.F.);
#472=ORIENTED_EDGE('',*,*,#1246,.T.);
#473=ORIENTED_EDGE('',*,*,#1256,.T.);
#474=ORIENTED_EDGE('',*,*,#1257,.F.);
#475=ORIENTED_EDGE('',*,*,#1258,.T.);
#476=ORIENTED_EDGE('',*,*,#1259,.T.);
#477=ORIENTED_EDGE('',*,*,#1260,.F.);
#478=ORIENTED_EDGE('',*,*,#1261,.F.);
#479=ORIENTED_EDGE('',*,*,#1262,.F.);
#480=ORIENTED_EDGE('',*,*,#1263,.F.);
#481=ORIENTED_EDGE('',*,*,#1264,.F.);
#482=ORIENTED_EDGE('',*,*,#1265,.T.);
#483=ORIENTED_EDGE('',*,*,#1266,.F.);
#484=ORIENTED_EDGE('',*,*,#1267,.T.);
#485=ORIENTED_EDGE('',*,*,#1268,.F.);
#486=ORIENTED_EDGE('',*,*,#1269,.T.);
#487=ORIENTED_EDGE('',*,*,#1270,.T.);
#488=ORIENTED_EDGE('',*,*,#1271,.T.);
#489=ORIENTED_EDGE('',*,*,#1272,.T.);
#490=ORIENTED_EDGE('',*,*,#1272,.F.);
#491=ORIENTED_EDGE('',*,*,#1258,.F.);
#492=ORIENTED_EDGE('',*,*,#1261,.T.);
#493=ORIENTED_EDGE('',*,*,#1273,.T.);
#494=ORIENTED_EDGE('',*,*,#1270,.F.);
#495=ORIENTED_EDGE('',*,*,#1274,.F.);
#496=ORIENTED_EDGE('',*,*,#1263,.T.);
#497=ORIENTED_EDGE('',*,*,#1240,.T.);
#498=ORIENTED_EDGE('',*,*,#1269,.F.);
#499=ORIENTED_EDGE('',*,*,#1275,.F.);
#500=ORIENTED_EDGE('',*,*,#1264,.T.);
#501=ORIENTED_EDGE('',*,*,#1274,.T.);
#502=ORIENTED_EDGE('',*,*,#1275,.T.);
#503=ORIENTED_EDGE('',*,*,#1268,.T.);
#504=ORIENTED_EDGE('',*,*,#1276,.F.);
#505=ORIENTED_EDGE('',*,*,#1265,.F.);
#506=ORIENTED_EDGE('',*,*,#1267,.F.);
#507=ORIENTED_EDGE('',*,*,#1273,.F.);
#508=ORIENTED_EDGE('',*,*,#1266,.T.);
#509=ORIENTED_EDGE('',*,*,#1276,.T.);
#510=ORIENTED_EDGE('',*,*,#1277,.F.);
#511=ORIENTED_EDGE('',*,*,#1278,.T.);
#512=ORIENTED_EDGE('',*,*,#1279,.T.);
#513=ORIENTED_EDGE('',*,*,#1280,.F.);
#514=ORIENTED_EDGE('',*,*,#1281,.F.);
#515=ORIENTED_EDGE('',*,*,#1282,.F.);
#516=ORIENTED_EDGE('',*,*,#1283,.F.);
#517=ORIENTED_EDGE('',*,*,#1284,.F.);
#518=ORIENTED_EDGE('',*,*,#1285,.T.);
#519=ORIENTED_EDGE('',*,*,#1286,.F.);
#520=ORIENTED_EDGE('',*,*,#1287,.T.);
#521=ORIENTED_EDGE('',*,*,#1288,.F.);
#522=ORIENTED_EDGE('',*,*,#1289,.T.);
#523=ORIENTED_EDGE('',*,*,#1290,.T.);
#524=ORIENTED_EDGE('',*,*,#1291,.T.);
#525=ORIENTED_EDGE('',*,*,#1292,.T.);
#526=ORIENTED_EDGE('',*,*,#1292,.F.);
#527=ORIENTED_EDGE('',*,*,#1278,.F.);
#528=ORIENTED_EDGE('',*,*,#1281,.T.);
#529=ORIENTED_EDGE('',*,*,#1293,.T.);
#530=ORIENTED_EDGE('',*,*,#1290,.F.);
#531=ORIENTED_EDGE('',*,*,#1294,.F.);
#532=ORIENTED_EDGE('',*,*,#1283,.T.);
#533=ORIENTED_EDGE('',*,*,#1260,.T.);
#534=ORIENTED_EDGE('',*,*,#1289,.F.);
#535=ORIENTED_EDGE('',*,*,#1295,.F.);
#536=ORIENTED_EDGE('',*,*,#1284,.T.);
#537=ORIENTED_EDGE('',*,*,#1294,.T.);
#538=ORIENTED_EDGE('',*,*,#1295,.T.);
#539=ORIENTED_EDGE('',*,*,#1288,.T.);
#540=ORIENTED_EDGE('',*,*,#1296,.F.);
#541=ORIENTED_EDGE('',*,*,#1285,.F.);
#542=ORIENTED_EDGE('',*,*,#1287,.F.);
#543=ORIENTED_EDGE('',*,*,#1293,.F.);
#544=ORIENTED_EDGE('',*,*,#1286,.T.);
#545=ORIENTED_EDGE('',*,*,#1296,.T.);
#546=ORIENTED_EDGE('',*,*,#1297,.F.);
#547=ORIENTED_EDGE('',*,*,#1298,.T.);
#548=ORIENTED_EDGE('',*,*,#1299,.T.);
#549=ORIENTED_EDGE('',*,*,#1300,.F.);
#550=ORIENTED_EDGE('',*,*,#1301,.F.);
#551=ORIENTED_EDGE('',*,*,#1302,.F.);
#552=ORIENTED_EDGE('',*,*,#1303,.F.);
#553=ORIENTED_EDGE('',*,*,#1304,.F.);
#554=ORIENTED_EDGE('',*,*,#1305,.T.);
#555=ORIENTED_EDGE('',*,*,#1306,.F.);
#556=ORIENTED_EDGE('',*,*,#1307,.T.);
#557=ORIENTED_EDGE('',*,*,#1308,.F.);
#558=ORIENTED_EDGE('',*,*,#1309,.T.);
#559=ORIENTED_EDGE('',*,*,#1310,.T.);
#560=ORIENTED_EDGE('',*,*,#1311,.T.);
#561=ORIENTED_EDGE('',*,*,#1312,.T.);
#562=ORIENTED_EDGE('',*,*,#1312,.F.);
#563=ORIENTED_EDGE('',*,*,#1298,.F.);
#564=ORIENTED_EDGE('',*,*,#1301,.T.);
#565=ORIENTED_EDGE('',*,*,#1313,.T.);
#566=ORIENTED_EDGE('',*,*,#1310,.F.);
#567=ORIENTED_EDGE('',*,*,#1314,.F.);
#568=ORIENTED_EDGE('',*,*,#1303,.T.);
#569=ORIENTED_EDGE('',*,*,#1280,.T.);
#570=ORIENTED_EDGE('',*,*,#1309,.F.);
#571=ORIENTED_EDGE('',*,*,#1315,.F.);
#572=ORIENTED_EDGE('',*,*,#1304,.T.);
#573=ORIENTED_EDGE('',*,*,#1314,.T.);
#574=ORIENTED_EDGE('',*,*,#1315,.T.);
#575=ORIENTED_EDGE('',*,*,#1308,.T.);
#576=ORIENTED_EDGE('',*,*,#1316,.F.);
#577=ORIENTED_EDGE('',*,*,#1305,.F.);
#578=ORIENTED_EDGE('',*,*,#1307,.F.);
#579=ORIENTED_EDGE('',*,*,#1313,.F.);
#580=ORIENTED_EDGE('',*,*,#1306,.T.);
#581=ORIENTED_EDGE('',*,*,#1316,.T.);
#582=ORIENTED_EDGE('',*,*,#1317,.F.);
#583=ORIENTED_EDGE('',*,*,#1318,.T.);
#584=ORIENTED_EDGE('',*,*,#1319,.T.);
#585=ORIENTED_EDGE('',*,*,#1320,.F.);
#586=ORIENTED_EDGE('',*,*,#1321,.F.);
#587=ORIENTED_EDGE('',*,*,#1322,.F.);
#588=ORIENTED_EDGE('',*,*,#1323,.F.);
#589=ORIENTED_EDGE('',*,*,#1324,.F.);
#590=ORIENTED_EDGE('',*,*,#1325,.T.);
#591=ORIENTED_EDGE('',*,*,#1326,.F.);
#592=ORIENTED_EDGE('',*,*,#1327,.T.);
#593=ORIENTED_EDGE('',*,*,#1328,.F.);
#594=ORIENTED_EDGE('',*,*,#1329,.T.);
#595=ORIENTED_EDGE('',*,*,#1330,.T.);
#596=ORIENTED_EDGE('',*,*,#1331,.T.);
#597=ORIENTED_EDGE('',*,*,#1332,.T.);
#598=ORIENTED_EDGE('',*,*,#1332,.F.);
#599=ORIENTED_EDGE('',*,*,#1318,.F.);
#600=ORIENTED_EDGE('',*,*,#1321,.T.);
#601=ORIENTED_EDGE('',*,*,#1333,.T.);
#602=ORIENTED_EDGE('',*,*,#1330,.F.);
#603=ORIENTED_EDGE('',*,*,#1334,.F.);
#604=ORIENTED_EDGE('',*,*,#1323,.T.);
#605=ORIENTED_EDGE('',*,*,#1300,.T.);
#606=ORIENTED_EDGE('',*,*,#1329,.F.);
#607=ORIENTED_EDGE('',*,*,#1335,.F.);
#608=ORIENTED_EDGE('',*,*,#1324,.T.);
#609=ORIENTED_EDGE('',*,*,#1334,.T.);
#610=ORIENTED_EDGE('',*,*,#1335,.T.);
#611=ORIENTED_EDGE('',*,*,#1328,.T.);
#612=ORIENTED_EDGE('',*,*,#1336,.F.);
#613=ORIENTED_EDGE('',*,*,#1325,.F.);
#614=ORIENTED_EDGE('',*,*,#1327,.F.);
#615=ORIENTED_EDGE('',*,*,#1333,.F.);
#616=ORIENTED_EDGE('',*,*,#1326,.T.);
#617=ORIENTED_EDGE('',*,*,#1336,.T.);
#618=ORIENTED_EDGE('',*,*,#1337,.F.);
#619=ORIENTED_EDGE('',*,*,#1338,.T.);
#620=ORIENTED_EDGE('',*,*,#1339,.T.);
#621=ORIENTED_EDGE('',*,*,#1340,.F.);
#622=ORIENTED_EDGE('',*,*,#1341,.F.);
#623=ORIENTED_EDGE('',*,*,#1342,.F.);
#624=ORIENTED_EDGE('',*,*,#1343,.F.);
#625=ORIENTED_EDGE('',*,*,#1344,.F.);
#626=ORIENTED_EDGE('',*,*,#1345,.T.);
#627=ORIENTED_EDGE('',*,*,#1346,.F.);
#628=ORIENTED_EDGE('',*,*,#1347,.T.);
#629=ORIENTED_EDGE('',*,*,#1348,.F.);
#630=ORIENTED_EDGE('',*,*,#1349,.T.);
#631=ORIENTED_EDGE('',*,*,#1350,.T.);
#632=ORIENTED_EDGE('',*,*,#1351,.T.);
#633=ORIENTED_EDGE('',*,*,#1352,.T.);
#634=ORIENTED_EDGE('',*,*,#1352,.F.);
#635=ORIENTED_EDGE('',*,*,#1338,.F.);
#636=ORIENTED_EDGE('',*,*,#1341,.T.);
#637=ORIENTED_EDGE('',*,*,#1353,.T.);
#638=ORIENTED_EDGE('',*,*,#1350,.F.);
#639=ORIENTED_EDGE('',*,*,#1354,.F.);
#640=ORIENTED_EDGE('',*,*,#1343,.T.);
#641=ORIENTED_EDGE('',*,*,#1320,.T.);
#642=ORIENTED_EDGE('',*,*,#1349,.F.);
#643=ORIENTED_EDGE('',*,*,#1355,.F.);
#644=ORIENTED_EDGE('',*,*,#1344,.T.);
#645=ORIENTED_EDGE('',*,*,#1354,.T.);
#646=ORIENTED_EDGE('',*,*,#1355,.T.);
#647=ORIENTED_EDGE('',*,*,#1348,.T.);
#648=ORIENTED_EDGE('',*,*,#1356,.F.);
#649=ORIENTED_EDGE('',*,*,#1345,.F.);
#650=ORIENTED_EDGE('',*,*,#1347,.F.);
#651=ORIENTED_EDGE('',*,*,#1353,.F.);
#652=ORIENTED_EDGE('',*,*,#1346,.T.);
#653=ORIENTED_EDGE('',*,*,#1356,.T.);
#654=ORIENTED_EDGE('',*,*,#1357,.F.);
#655=ORIENTED_EDGE('',*,*,#1358,.T.);
#656=ORIENTED_EDGE('',*,*,#1359,.T.);
#657=ORIENTED_EDGE('',*,*,#1360,.F.);
#658=ORIENTED_EDGE('',*,*,#1361,.F.);
#659=ORIENTED_EDGE('',*,*,#1362,.F.);
#660=ORIENTED_EDGE('',*,*,#1363,.F.);
#661=ORIENTED_EDGE('',*,*,#1364,.F.);
#662=ORIENTED_EDGE('',*,*,#1365,.T.);
#663=ORIENTED_EDGE('',*,*,#1366,.F.);
#664=ORIENTED_EDGE('',*,*,#1367,.T.);
#665=ORIENTED_EDGE('',*,*,#1368,.F.);
#666=ORIENTED_EDGE('',*,*,#1369,.T.);
#667=ORIENTED_EDGE('',*,*,#1370,.T.);
#668=ORIENTED_EDGE('',*,*,#1371,.T.);
#669=ORIENTED_EDGE('',*,*,#1372,.T.);
#670=ORIENTED_EDGE('',*,*,#1372,.F.);
#671=ORIENTED_EDGE('',*,*,#1358,.F.);
#672=ORIENTED_EDGE('',*,*,#1361,.T.);
#673=ORIENTED_EDGE('',*,*,#1373,.T.);
#674=ORIENTED_EDGE('',*,*,#1370,.F.);
#675=ORIENTED_EDGE('',*,*,#1374,.F.);
#676=ORIENTED_EDGE('',*,*,#1363,.T.);
#677=ORIENTED_EDGE('',*,*,#1340,.T.);
#678=ORIENTED_EDGE('',*,*,#1369,.F.);
#679=ORIENTED_EDGE('',*,*,#1375,.F.);
#680=ORIENTED_EDGE('',*,*,#1364,.T.);
#681=ORIENTED_EDGE('',*,*,#1374,.T.);
#682=ORIENTED_EDGE('',*,*,#1375,.T.);
#683=ORIENTED_EDGE('',*,*,#1368,.T.);
#684=ORIENTED_EDGE('',*,*,#1376,.F.);
#685=ORIENTED_EDGE('',*,*,#1365,.F.);
#686=ORIENTED_EDGE('',*,*,#1367,.F.);
#687=ORIENTED_EDGE('',*,*,#1373,.F.);
#688=ORIENTED_EDGE('',*,*,#1366,.T.);
#689=ORIENTED_EDGE('',*,*,#1376,.T.);
#690=ORIENTED_EDGE('',*,*,#1377,.F.);
#691=ORIENTED_EDGE('',*,*,#1378,.T.);
#692=ORIENTED_EDGE('',*,*,#1379,.T.);
#693=ORIENTED_EDGE('',*,*,#1380,.F.);
#694=ORIENTED_EDGE('',*,*,#1381,.F.);
#695=ORIENTED_EDGE('',*,*,#1382,.F.);
#696=ORIENTED_EDGE('',*,*,#1383,.F.);
#697=ORIENTED_EDGE('',*,*,#1384,.F.);
#698=ORIENTED_EDGE('',*,*,#1385,.T.);
#699=ORIENTED_EDGE('',*,*,#1386,.F.);
#700=ORIENTED_EDGE('',*,*,#1387,.T.);
#701=ORIENTED_EDGE('',*,*,#1388,.F.);
#702=ORIENTED_EDGE('',*,*,#1389,.T.);
#703=ORIENTED_EDGE('',*,*,#1390,.T.);
#704=ORIENTED_EDGE('',*,*,#1391,.T.);
#705=ORIENTED_EDGE('',*,*,#1392,.T.);
#706=ORIENTED_EDGE('',*,*,#1392,.F.);
#707=ORIENTED_EDGE('',*,*,#1378,.F.);
#708=ORIENTED_EDGE('',*,*,#1381,.T.);
#709=ORIENTED_EDGE('',*,*,#1393,.T.);
#710=ORIENTED_EDGE('',*,*,#1390,.F.);
#711=ORIENTED_EDGE('',*,*,#1394,.F.);
#712=ORIENTED_EDGE('',*,*,#1383,.T.);
#713=ORIENTED_EDGE('',*,*,#1360,.T.);
#714=ORIENTED_EDGE('',*,*,#1389,.F.);
#715=ORIENTED_EDGE('',*,*,#1395,.F.);
#716=ORIENTED_EDGE('',*,*,#1384,.T.);
#717=ORIENTED_EDGE('',*,*,#1394,.T.);
#718=ORIENTED_EDGE('',*,*,#1395,.T.);
#719=ORIENTED_EDGE('',*,*,#1388,.T.);
#720=ORIENTED_EDGE('',*,*,#1396,.F.);
#721=ORIENTED_EDGE('',*,*,#1385,.F.);
#722=ORIENTED_EDGE('',*,*,#1387,.F.);
#723=ORIENTED_EDGE('',*,*,#1393,.F.);
#724=ORIENTED_EDGE('',*,*,#1386,.T.);
#725=ORIENTED_EDGE('',*,*,#1396,.T.);
#726=ORIENTED_EDGE('',*,*,#1397,.F.);
#727=ORIENTED_EDGE('',*,*,#1398,.T.);
#728=ORIENTED_EDGE('',*,*,#1399,.T.);
#729=ORIENTED_EDGE('',*,*,#1400,.F.);
#730=ORIENTED_EDGE('',*,*,#1401,.F.);
#731=ORIENTED_EDGE('',*,*,#1402,.F.);
#732=ORIENTED_EDGE('',*,*,#1403,.F.);
#733=ORIENTED_EDGE('',*,*,#1404,.F.);
#734=ORIENTED_EDGE('',*,*,#1405,.T.);
#735=ORIENTED_EDGE('',*,*,#1406,.F.);
#736=ORIENTED_EDGE('',*,*,#1407,.T.);
#737=ORIENTED_EDGE('',*,*,#1408,.F.);
#738=ORIENTED_EDGE('',*,*,#1409,.T.);
#739=ORIENTED_EDGE('',*,*,#1410,.T.);
#740=ORIENTED_EDGE('',*,*,#1411,.T.);
#741=ORIENTED_EDGE('',*,*,#1412,.T.);
#742=ORIENTED_EDGE('',*,*,#1412,.F.);
#743=ORIENTED_EDGE('',*,*,#1398,.F.);
#744=ORIENTED_EDGE('',*,*,#1401,.T.);
#745=ORIENTED_EDGE('',*,*,#1413,.T.);
#746=ORIENTED_EDGE('',*,*,#1410,.F.);
#747=ORIENTED_EDGE('',*,*,#1414,.F.);
#748=ORIENTED_EDGE('',*,*,#1403,.T.);
#749=ORIENTED_EDGE('',*,*,#1380,.T.);
#750=ORIENTED_EDGE('',*,*,#1409,.F.);
#751=ORIENTED_EDGE('',*,*,#1415,.F.);
#752=ORIENTED_EDGE('',*,*,#1404,.T.);
#753=ORIENTED_EDGE('',*,*,#1414,.T.);
#754=ORIENTED_EDGE('',*,*,#1415,.T.);
#755=ORIENTED_EDGE('',*,*,#1408,.T.);
#756=ORIENTED_EDGE('',*,*,#1416,.F.);
#757=ORIENTED_EDGE('',*,*,#1405,.F.);
#758=ORIENTED_EDGE('',*,*,#1407,.F.);
#759=ORIENTED_EDGE('',*,*,#1413,.F.);
#760=ORIENTED_EDGE('',*,*,#1406,.T.);
#761=ORIENTED_EDGE('',*,*,#1416,.T.);
#762=ORIENTED_EDGE('',*,*,#1417,.F.);
#763=ORIENTED_EDGE('',*,*,#1418,.T.);
#764=ORIENTED_EDGE('',*,*,#1419,.T.);
#765=ORIENTED_EDGE('',*,*,#1420,.F.);
#766=ORIENTED_EDGE('',*,*,#1421,.F.);
#767=ORIENTED_EDGE('',*,*,#1422,.F.);
#768=ORIENTED_EDGE('',*,*,#1423,.F.);
#769=ORIENTED_EDGE('',*,*,#1424,.F.);
#770=ORIENTED_EDGE('',*,*,#1425,.T.);
#771=ORIENTED_EDGE('',*,*,#1426,.F.);
#772=ORIENTED_EDGE('',*,*,#1427,.T.);
#773=ORIENTED_EDGE('',*,*,#1428,.F.);
#774=ORIENTED_EDGE('',*,*,#1429,.T.);
#775=ORIENTED_EDGE('',*,*,#1430,.T.);
#776=ORIENTED_EDGE('',*,*,#1431,.T.);
#777=ORIENTED_EDGE('',*,*,#1432,.T.);
#778=ORIENTED_EDGE('',*,*,#1432,.F.);
#779=ORIENTED_EDGE('',*,*,#1418,.F.);
#780=ORIENTED_EDGE('',*,*,#1421,.T.);
#781=ORIENTED_EDGE('',*,*,#1433,.T.);
#782=ORIENTED_EDGE('',*,*,#1430,.F.);
#783=ORIENTED_EDGE('',*,*,#1434,.F.);
#784=ORIENTED_EDGE('',*,*,#1423,.T.);
#785=ORIENTED_EDGE('',*,*,#1400,.T.);
#786=ORIENTED_EDGE('',*,*,#1429,.F.);
#787=ORIENTED_EDGE('',*,*,#1435,.F.);
#788=ORIENTED_EDGE('',*,*,#1424,.T.);
#789=ORIENTED_EDGE('',*,*,#1434,.T.);
#790=ORIENTED_EDGE('',*,*,#1435,.T.);
#791=ORIENTED_EDGE('',*,*,#1428,.T.);
#792=ORIENTED_EDGE('',*,*,#1436,.F.);
#793=ORIENTED_EDGE('',*,*,#1425,.F.);
#794=ORIENTED_EDGE('',*,*,#1427,.F.);
#795=ORIENTED_EDGE('',*,*,#1433,.F.);
#796=ORIENTED_EDGE('',*,*,#1426,.T.);
#797=ORIENTED_EDGE('',*,*,#1436,.T.);
#798=ORIENTED_EDGE('',*,*,#1437,.F.);
#799=ORIENTED_EDGE('',*,*,#1438,.T.);
#800=ORIENTED_EDGE('',*,*,#1439,.T.);
#801=ORIENTED_EDGE('',*,*,#1440,.F.);
#802=ORIENTED_EDGE('',*,*,#1441,.F.);
#803=ORIENTED_EDGE('',*,*,#1442,.F.);
#804=ORIENTED_EDGE('',*,*,#1443,.F.);
#805=ORIENTED_EDGE('',*,*,#1444,.F.);
#806=ORIENTED_EDGE('',*,*,#1445,.T.);
#807=ORIENTED_EDGE('',*,*,#1446,.F.);
#808=ORIENTED_EDGE('',*,*,#1447,.T.);
#809=ORIENTED_EDGE('',*,*,#1448,.F.);
#810=ORIENTED_EDGE('',*,*,#1449,.T.);
#811=ORIENTED_EDGE('',*,*,#1450,.T.);
#812=ORIENTED_EDGE('',*,*,#1451,.T.);
#813=ORIENTED_EDGE('',*,*,#1452,.T.);
#814=ORIENTED_EDGE('',*,*,#1452,.F.);
#815=ORIENTED_EDGE('',*,*,#1438,.F.);
#816=ORIENTED_EDGE('',*,*,#1441,.T.);
#817=ORIENTED_EDGE('',*,*,#1453,.T.);
#818=ORIENTED_EDGE('',*,*,#1450,.F.);
#819=ORIENTED_EDGE('',*,*,#1454,.F.);
#820=ORIENTED_EDGE('',*,*,#1443,.T.);
#821=ORIENTED_EDGE('',*,*,#1420,.T.);
#822=ORIENTED_EDGE('',*,*,#1449,.F.);
#823=ORIENTED_EDGE('',*,*,#1455,.F.);
#824=ORIENTED_EDGE('',*,*,#1444,.T.);
#825=ORIENTED_EDGE('',*,*,#1454,.T.);
#826=ORIENTED_EDGE('',*,*,#1455,.T.);
#827=ORIENTED_EDGE('',*,*,#1448,.T.);
#828=ORIENTED_EDGE('',*,*,#1456,.F.);
#829=ORIENTED_EDGE('',*,*,#1445,.F.);
#830=ORIENTED_EDGE('',*,*,#1447,.F.);
#831=ORIENTED_EDGE('',*,*,#1453,.F.);
#832=ORIENTED_EDGE('',*,*,#1446,.T.);
#833=ORIENTED_EDGE('',*,*,#1456,.T.);
#834=ORIENTED_EDGE('',*,*,#1457,.F.);
#835=ORIENTED_EDGE('',*,*,#1458,.T.);
#836=ORIENTED_EDGE('',*,*,#1459,.T.);
#837=ORIENTED_EDGE('',*,*,#1460,.F.);
#838=ORIENTED_EDGE('',*,*,#1461,.F.);
#839=ORIENTED_EDGE('',*,*,#1462,.F.);
#840=ORIENTED_EDGE('',*,*,#1463,.F.);
#841=ORIENTED_EDGE('',*,*,#1464,.F.);
#842=ORIENTED_EDGE('',*,*,#1465,.T.);
#843=ORIENTED_EDGE('',*,*,#1466,.F.);
#844=ORIENTED_EDGE('',*,*,#1467,.T.);
#845=ORIENTED_EDGE('',*,*,#1468,.F.);
#846=ORIENTED_EDGE('',*,*,#1469,.T.);
#847=ORIENTED_EDGE('',*,*,#1470,.T.);
#848=ORIENTED_EDGE('',*,*,#1471,.T.);
#849=ORIENTED_EDGE('',*,*,#1472,.T.);
#850=ORIENTED_EDGE('',*,*,#1472,.F.);
#851=ORIENTED_EDGE('',*,*,#1458,.F.);
#852=ORIENTED_EDGE('',*,*,#1461,.T.);
#853=ORIENTED_EDGE('',*,*,#1473,.T.);
#854=ORIENTED_EDGE('',*,*,#1470,.F.);
#855=ORIENTED_EDGE('',*,*,#1474,.F.);
#856=ORIENTED_EDGE('',*,*,#1463,.T.);
#857=ORIENTED_EDGE('',*,*,#1440,.T.);
#858=ORIENTED_EDGE('',*,*,#1469,.F.);
#859=ORIENTED_EDGE('',*,*,#1475,.F.);
#860=ORIENTED_EDGE('',*,*,#1464,.T.);
#861=ORIENTED_EDGE('',*,*,#1474,.T.);
#862=ORIENTED_EDGE('',*,*,#1475,.T.);
#863=ORIENTED_EDGE('',*,*,#1468,.T.);
#864=ORIENTED_EDGE('',*,*,#1476,.F.);
#865=ORIENTED_EDGE('',*,*,#1465,.F.);
#866=ORIENTED_EDGE('',*,*,#1467,.F.);
#867=ORIENTED_EDGE('',*,*,#1473,.F.);
#868=ORIENTED_EDGE('',*,*,#1466,.T.);
#869=ORIENTED_EDGE('',*,*,#1476,.T.);
#870=ORIENTED_EDGE('',*,*,#1477,.F.);
#871=ORIENTED_EDGE('',*,*,#1478,.T.);
#872=ORIENTED_EDGE('',*,*,#1479,.T.);
#873=ORIENTED_EDGE('',*,*,#1480,.F.);
#874=ORIENTED_EDGE('',*,*,#1481,.F.);
#875=ORIENTED_EDGE('',*,*,#1482,.F.);
#876=ORIENTED_EDGE('',*,*,#1483,.F.);
#877=ORIENTED_EDGE('',*,*,#1484,.F.);
#878=ORIENTED_EDGE('',*,*,#1485,.T.);
#879=ORIENTED_EDGE('',*,*,#1486,.F.);
#880=ORIENTED_EDGE('',*,*,#1487,.T.);
#881=ORIENTED_EDGE('',*,*,#1488,.F.);
#882=ORIENTED_EDGE('',*,*,#1489,.T.);
#883=ORIENTED_EDGE('',*,*,#1490,.T.);
#884=ORIENTED_EDGE('',*,*,#1491,.T.);
#885=ORIENTED_EDGE('',*,*,#1492,.T.);
#886=ORIENTED_EDGE('',*,*,#1492,.F.);
#887=ORIENTED_EDGE('',*,*,#1478,.F.);
#888=ORIENTED_EDGE('',*,*,#1481,.T.);
#889=ORIENTED_EDGE('',*,*,#1493,.T.);
#890=ORIENTED_EDGE('',*,*,#1490,.F.);
#891=ORIENTED_EDGE('',*,*,#1494,.F.);
#892=ORIENTED_EDGE('',*,*,#1483,.T.);
#893=ORIENTED_EDGE('',*,*,#1460,.T.);
#894=ORIENTED_EDGE('',*,*,#1489,.F.);
#895=ORIENTED_EDGE('',*,*,#1495,.F.);
#896=ORIENTED_EDGE('',*,*,#1484,.T.);
#897=ORIENTED_EDGE('',*,*,#1494,.T.);
#898=ORIENTED_EDGE('',*,*,#1495,.T.);
#899=ORIENTED_EDGE('',*,*,#1488,.T.);
#900=ORIENTED_EDGE('',*,*,#1496,.F.);
#901=ORIENTED_EDGE('',*,*,#1485,.F.);
#902=ORIENTED_EDGE('',*,*,#1487,.F.);
#903=ORIENTED_EDGE('',*,*,#1493,.F.);
#904=ORIENTED_EDGE('',*,*,#1486,.T.);
#905=ORIENTED_EDGE('',*,*,#1496,.T.);
#906=ORIENTED_EDGE('',*,*,#1497,.F.);
#907=ORIENTED_EDGE('',*,*,#1498,.T.);
#908=ORIENTED_EDGE('',*,*,#1499,.T.);
#909=ORIENTED_EDGE('',*,*,#1500,.F.);
#910=ORIENTED_EDGE('',*,*,#1501,.F.);
#911=ORIENTED_EDGE('',*,*,#1502,.F.);
#912=ORIENTED_EDGE('',*,*,#1503,.F.);
#913=ORIENTED_EDGE('',*,*,#1504,.F.);
#914=ORIENTED_EDGE('',*,*,#1505,.T.);
#915=ORIENTED_EDGE('',*,*,#1506,.F.);
#916=ORIENTED_EDGE('',*,*,#1507,.T.);
#917=ORIENTED_EDGE('',*,*,#1508,.F.);
#918=ORIENTED_EDGE('',*,*,#1509,.T.);
#919=ORIENTED_EDGE('',*,*,#1510,.T.);
#920=ORIENTED_EDGE('',*,*,#1511,.T.);
#921=ORIENTED_EDGE('',*,*,#1512,.T.);
#922=ORIENTED_EDGE('',*,*,#1512,.F.);
#923=ORIENTED_EDGE('',*,*,#1498,.F.);
#924=ORIENTED_EDGE('',*,*,#1501,.T.);
#925=ORIENTED_EDGE('',*,*,#1513,.T.);
#926=ORIENTED_EDGE('',*,*,#1510,.F.);
#927=ORIENTED_EDGE('',*,*,#1514,.F.);
#928=ORIENTED_EDGE('',*,*,#1503,.T.);
#929=ORIENTED_EDGE('',*,*,#1480,.T.);
#930=ORIENTED_EDGE('',*,*,#1509,.F.);
#931=ORIENTED_EDGE('',*,*,#1515,.F.);
#932=ORIENTED_EDGE('',*,*,#1504,.T.);
#933=ORIENTED_EDGE('',*,*,#1514,.T.);
#934=ORIENTED_EDGE('',*,*,#1515,.T.);
#935=ORIENTED_EDGE('',*,*,#1508,.T.);
#936=ORIENTED_EDGE('',*,*,#1516,.F.);
#937=ORIENTED_EDGE('',*,*,#1505,.F.);
#938=ORIENTED_EDGE('',*,*,#1507,.F.);
#939=ORIENTED_EDGE('',*,*,#1513,.F.);
#940=ORIENTED_EDGE('',*,*,#1506,.T.);
#941=ORIENTED_EDGE('',*,*,#1516,.T.);
#942=ORIENTED_EDGE('',*,*,#1517,.F.);
#943=ORIENTED_EDGE('',*,*,#1518,.T.);
#944=ORIENTED_EDGE('',*,*,#1519,.T.);
#945=ORIENTED_EDGE('',*,*,#1520,.F.);
#946=ORIENTED_EDGE('',*,*,#1521,.F.);
#947=ORIENTED_EDGE('',*,*,#1522,.F.);
#948=ORIENTED_EDGE('',*,*,#1523,.F.);
#949=ORIENTED_EDGE('',*,*,#1524,.F.);
#950=ORIENTED_EDGE('',*,*,#1525,.T.);
#951=ORIENTED_EDGE('',*,*,#1526,.F.);
#952=ORIENTED_EDGE('',*,*,#1527,.T.);
#953=ORIENTED_EDGE('',*,*,#1528,.F.);
#954=ORIENTED_EDGE('',*,*,#1529,.T.);
#955=ORIENTED_EDGE('',*,*,#1530,.T.);
#956=ORIENTED_EDGE('',*,*,#1531,.T.);
#957=ORIENTED_EDGE('',*,*,#1532,.T.);
#958=ORIENTED_EDGE('',*,*,#1532,.F.);
#959=ORIENTED_EDGE('',*,*,#1518,.F.);
#960=ORIENTED_EDGE('',*,*,#1521,.T.);
#961=ORIENTED_EDGE('',*,*,#1533,.T.);
#962=ORIENTED_EDGE('',*,*,#1530,.F.);
#963=ORIENTED_EDGE('',*,*,#1534,.F.);
#964=ORIENTED_EDGE('',*,*,#1523,.T.);
#965=ORIENTED_EDGE('',*,*,#1500,.T.);
#966=ORIENTED_EDGE('',*,*,#1529,.F.);
#967=ORIENTED_EDGE('',*,*,#1535,.F.);
#968=ORIENTED_EDGE('',*,*,#1524,.T.);
#969=ORIENTED_EDGE('',*,*,#1534,.T.);
#970=ORIENTED_EDGE('',*,*,#1535,.T.);
#971=ORIENTED_EDGE('',*,*,#1528,.T.);
#972=ORIENTED_EDGE('',*,*,#1536,.F.);
#973=ORIENTED_EDGE('',*,*,#1525,.F.);
#974=ORIENTED_EDGE('',*,*,#1527,.F.);
#975=ORIENTED_EDGE('',*,*,#1533,.F.);
#976=ORIENTED_EDGE('',*,*,#1526,.T.);
#977=ORIENTED_EDGE('',*,*,#1536,.T.);
#978=ORIENTED_EDGE('',*,*,#1537,.F.);
#979=ORIENTED_EDGE('',*,*,#1538,.T.);
#980=ORIENTED_EDGE('',*,*,#1539,.T.);
#981=ORIENTED_EDGE('',*,*,#1540,.F.);
#982=ORIENTED_EDGE('',*,*,#1541,.F.);
#983=ORIENTED_EDGE('',*,*,#1542,.F.);
#984=ORIENTED_EDGE('',*,*,#1543,.F.);
#985=ORIENTED_EDGE('',*,*,#1544,.F.);
#986=ORIENTED_EDGE('',*,*,#1545,.T.);
#987=ORIENTED_EDGE('',*,*,#1546,.F.);
#988=ORIENTED_EDGE('',*,*,#1547,.T.);
#989=ORIENTED_EDGE('',*,*,#1548,.F.);
#990=ORIENTED_EDGE('',*,*,#1549,.T.);
#991=ORIENTED_EDGE('',*,*,#1550,.T.);
#992=ORIENTED_EDGE('',*,*,#1551,.T.);
#993=ORIENTED_EDGE('',*,*,#1552,.T.);
#994=ORIENTED_EDGE('',*,*,#1552,.F.);
#995=ORIENTED_EDGE('',*,*,#1538,.F.);
#996=ORIENTED_EDGE('',*,*,#1541,.T.);
#997=ORIENTED_EDGE('',*,*,#1553,.T.);
#998=ORIENTED_EDGE('',*,*,#1550,.F.);
#999=ORIENTED_EDGE('',*,*,#1554,.F.);
#1000=ORIENTED_EDGE('',*,*,#1543,.T.);
#1001=ORIENTED_EDGE('',*,*,#1520,.T.);
#1002=ORIENTED_EDGE('',*,*,#1549,.F.);
#1003=ORIENTED_EDGE('',*,*,#1555,.F.);
#1004=ORIENTED_EDGE('',*,*,#1544,.T.);
#1005=ORIENTED_EDGE('',*,*,#1554,.T.);
#1006=ORIENTED_EDGE('',*,*,#1555,.T.);
#1007=ORIENTED_EDGE('',*,*,#1548,.T.);
#1008=ORIENTED_EDGE('',*,*,#1556,.F.);
#1009=ORIENTED_EDGE('',*,*,#1545,.F.);
#1010=ORIENTED_EDGE('',*,*,#1547,.F.);
#1011=ORIENTED_EDGE('',*,*,#1553,.F.);
#1012=ORIENTED_EDGE('',*,*,#1546,.T.);
#1013=ORIENTED_EDGE('',*,*,#1556,.T.);
#1014=ORIENTED_EDGE('',*,*,#1557,.F.);
#1015=ORIENTED_EDGE('',*,*,#1558,.T.);
#1016=ORIENTED_EDGE('',*,*,#1559,.T.);
#1017=ORIENTED_EDGE('',*,*,#1560,.F.);
#1018=ORIENTED_EDGE('',*,*,#1561,.F.);
#1019=ORIENTED_EDGE('',*,*,#1562,.F.);
#1020=ORIENTED_EDGE('',*,*,#1563,.F.);
#1021=ORIENTED_EDGE('',*,*,#1564,.F.);
#1022=ORIENTED_EDGE('',*,*,#1565,.T.);
#1023=ORIENTED_EDGE('',*,*,#1566,.F.);
#1024=ORIENTED_EDGE('',*,*,#1567,.T.);
#1025=ORIENTED_EDGE('',*,*,#1568,.F.);
#1026=ORIENTED_EDGE('',*,*,#1569,.T.);
#1027=ORIENTED_EDGE('',*,*,#1570,.T.);
#1028=ORIENTED_EDGE('',*,*,#1571,.T.);
#1029=ORIENTED_EDGE('',*,*,#1572,.T.);
#1030=ORIENTED_EDGE('',*,*,#1572,.F.);
#1031=ORIENTED_EDGE('',*,*,#1558,.F.);
#1032=ORIENTED_EDGE('',*,*,#1561,.T.);
#1033=ORIENTED_EDGE('',*,*,#1573,.T.);
#1034=ORIENTED_EDGE('',*,*,#1570,.F.);
#1035=ORIENTED_EDGE('',*,*,#1574,.F.);
#1036=ORIENTED_EDGE('',*,*,#1563,.T.);
#1037=ORIENTED_EDGE('',*,*,#1540,.T.);
#1038=ORIENTED_EDGE('',*,*,#1569,.F.);
#1039=ORIENTED_EDGE('',*,*,#1575,.F.);
#1040=ORIENTED_EDGE('',*,*,#1564,.T.);
#1041=ORIENTED_EDGE('',*,*,#1574,.T.);
#1042=ORIENTED_EDGE('',*,*,#1575,.T.);
#1043=ORIENTED_EDGE('',*,*,#1568,.T.);
#1044=ORIENTED_EDGE('',*,*,#1576,.F.);
#1045=ORIENTED_EDGE('',*,*,#1565,.F.);
#1046=ORIENTED_EDGE('',*,*,#1567,.F.);
#1047=ORIENTED_EDGE('',*,*,#1573,.F.);
#1048=ORIENTED_EDGE('',*,*,#1566,.T.);
#1049=ORIENTED_EDGE('',*,*,#1576,.T.);
#1050=ORIENTED_EDGE('',*,*,#1577,.F.);
#1051=ORIENTED_EDGE('',*,*,#1578,.T.);
#1052=ORIENTED_EDGE('',*,*,#1579,.T.);
#1053=ORIENTED_EDGE('',*,*,#1580,.F.);
#1054=ORIENTED_EDGE('',*,*,#1581,.F.);
#1055=ORIENTED_EDGE('',*,*,#1582,.F.);
#1056=ORIENTED_EDGE('',*,*,#1583,.F.);
#1057=ORIENTED_EDGE('',*,*,#1584,.F.);
#1058=ORIENTED_EDGE('',*,*,#1585,.T.);
#1059=ORIENTED_EDGE('',*,*,#1586,.F.);
#1060=ORIENTED_EDGE('',*,*,#1587,.T.);
#1061=ORIENTED_EDGE('',*,*,#1588,.F.);
#1062=ORIENTED_EDGE('',*,*,#1589,.T.);
#1063=ORIENTED_EDGE('',*,*,#1590,.T.);
#1064=ORIENTED_EDGE('',*,*,#1591,.T.);
#1065=ORIENTED_EDGE('',*,*,#1592,.T.);
#1066=ORIENTED_EDGE('',*,*,#1592,.F.);
#1067=ORIENTED_EDGE('',*,*,#1578,.F.);
#1068=ORIENTED_EDGE('',*,*,#1581,.T.);
#1069=ORIENTED_EDGE('',*,*,#1593,.T.);
#1070=ORIENTED_EDGE('',*,*,#1590,.F.);
#1071=ORIENTED_EDGE('',*,*,#1594,.F.);
#1072=ORIENTED_EDGE('',*,*,#1583,.T.);
#1073=ORIENTED_EDGE('',*,*,#1560,.T.);
#1074=ORIENTED_EDGE('',*,*,#1589,.F.);
#1075=ORIENTED_EDGE('',*,*,#1595,.F.);
#1076=ORIENTED_EDGE('',*,*,#1584,.T.);
#1077=ORIENTED_EDGE('',*,*,#1594,.T.);
#1078=ORIENTED_EDGE('',*,*,#1595,.T.);
#1079=ORIENTED_EDGE('',*,*,#1588,.T.);
#1080=ORIENTED_EDGE('',*,*,#1596,.F.);
#1081=ORIENTED_EDGE('',*,*,#1585,.F.);
#1082=ORIENTED_EDGE('',*,*,#1587,.F.);
#1083=ORIENTED_EDGE('',*,*,#1593,.F.);
#1084=ORIENTED_EDGE('',*,*,#1586,.T.);
#1085=ORIENTED_EDGE('',*,*,#1596,.T.);
#1086=ORIENTED_EDGE('',*,*,#1597,.F.);
#1087=ORIENTED_EDGE('',*,*,#1598,.T.);
#1088=ORIENTED_EDGE('',*,*,#1599,.T.);
#1089=ORIENTED_EDGE('',*,*,#1234,.F.);
#1090=ORIENTED_EDGE('',*,*,#1213,.T.);
#1091=ORIENTED_EDGE('',*,*,#1600,.T.);
#1092=ORIENTED_EDGE('',*,*,#1599,.F.);
#1093=ORIENTED_EDGE('',*,*,#1601,.F.);
#1094=ORIENTED_EDGE('',*,*,#1579,.F.);
#1095=ORIENTED_EDGE('',*,*,#1591,.F.);
#1096=ORIENTED_EDGE('',*,*,#1559,.F.);
#1097=ORIENTED_EDGE('',*,*,#1571,.F.);
#1098=ORIENTED_EDGE('',*,*,#1539,.F.);
#1099=ORIENTED_EDGE('',*,*,#1551,.F.);
#1100=ORIENTED_EDGE('',*,*,#1519,.F.);
#1101=ORIENTED_EDGE('',*,*,#1531,.F.);
#1102=ORIENTED_EDGE('',*,*,#1499,.F.);
#1103=ORIENTED_EDGE('',*,*,#1511,.F.);
#1104=ORIENTED_EDGE('',*,*,#1479,.F.);
#1105=ORIENTED_EDGE('',*,*,#1491,.F.);
#1106=ORIENTED_EDGE('',*,*,#1459,.F.);
#1107=ORIENTED_EDGE('',*,*,#1471,.F.);
#1108=ORIENTED_EDGE('',*,*,#1439,.F.);
#1109=ORIENTED_EDGE('',*,*,#1451,.F.);
#1110=ORIENTED_EDGE('',*,*,#1419,.F.);
#1111=ORIENTED_EDGE('',*,*,#1431,.F.);
#1112=ORIENTED_EDGE('',*,*,#1399,.F.);
#1113=ORIENTED_EDGE('',*,*,#1411,.F.);
#1114=ORIENTED_EDGE('',*,*,#1379,.F.);
#1115=ORIENTED_EDGE('',*,*,#1391,.F.);
#1116=ORIENTED_EDGE('',*,*,#1359,.F.);
#1117=ORIENTED_EDGE('',*,*,#1371,.F.);
#1118=ORIENTED_EDGE('',*,*,#1339,.F.);
#1119=ORIENTED_EDGE('',*,*,#1351,.F.);
#1120=ORIENTED_EDGE('',*,*,#1319,.F.);
#1121=ORIENTED_EDGE('',*,*,#1331,.F.);
#1122=ORIENTED_EDGE('',*,*,#1299,.F.);
#1123=ORIENTED_EDGE('',*,*,#1311,.F.);
#1124=ORIENTED_EDGE('',*,*,#1279,.F.);
#1125=ORIENTED_EDGE('',*,*,#1291,.F.);
#1126=ORIENTED_EDGE('',*,*,#1259,.F.);
#1127=ORIENTED_EDGE('',*,*,#1271,.F.);
#1128=ORIENTED_EDGE('',*,*,#1239,.F.);
#1129=ORIENTED_EDGE('',*,*,#1251,.F.);
#1130=ORIENTED_EDGE('',*,*,#1218,.F.);
#1131=ORIENTED_EDGE('',*,*,#1230,.F.);
#1132=ORIENTED_EDGE('',*,*,#1215,.T.);
#1133=ORIENTED_EDGE('',*,*,#1602,.T.);
#1134=ORIENTED_EDGE('',*,*,#1603,.T.);
#1135=ORIENTED_EDGE('',*,*,#1603,.F.);
#1136=ORIENTED_EDGE('',*,*,#1597,.T.);
#1137=ORIENTED_EDGE('',*,*,#1221,.T.);
#1138=ORIENTED_EDGE('',*,*,#1216,.T.);
#1139=ORIENTED_EDGE('',*,*,#1242,.T.);
#1140=ORIENTED_EDGE('',*,*,#1237,.T.);
#1141=ORIENTED_EDGE('',*,*,#1262,.T.);
#1142=ORIENTED_EDGE('',*,*,#1257,.T.);
#1143=ORIENTED_EDGE('',*,*,#1282,.T.);
#1144=ORIENTED_EDGE('',*,*,#1277,.T.);
#1145=ORIENTED_EDGE('',*,*,#1302,.T.);
#1146=ORIENTED_EDGE('',*,*,#1297,.T.);
#1147=ORIENTED_EDGE('',*,*,#1322,.T.);
#1148=ORIENTED_EDGE('',*,*,#1317,.T.);
#1149=ORIENTED_EDGE('',*,*,#1342,.T.);
#1150=ORIENTED_EDGE('',*,*,#1337,.T.);
#1151=ORIENTED_EDGE('',*,*,#1362,.T.);
#1152=ORIENTED_EDGE('',*,*,#1357,.T.);
#1153=ORIENTED_EDGE('',*,*,#1382,.T.);
#1154=ORIENTED_EDGE('',*,*,#1377,.T.);
#1155=ORIENTED_EDGE('',*,*,#1402,.T.);
#1156=ORIENTED_EDGE('',*,*,#1397,.T.);
#1157=ORIENTED_EDGE('',*,*,#1422,.T.);
#1158=ORIENTED_EDGE('',*,*,#1417,.T.);
#1159=ORIENTED_EDGE('',*,*,#1442,.T.);
#1160=ORIENTED_EDGE('',*,*,#1437,.T.);
#1161=ORIENTED_EDGE('',*,*,#1462,.T.);
#1162=ORIENTED_EDGE('',*,*,#1457,.T.);
#1163=ORIENTED_EDGE('',*,*,#1482,.T.);
#1164=ORIENTED_EDGE('',*,*,#1477,.T.);
#1165=ORIENTED_EDGE('',*,*,#1502,.T.);
#1166=ORIENTED_EDGE('',*,*,#1497,.T.);
#1167=ORIENTED_EDGE('',*,*,#1522,.T.);
#1168=ORIENTED_EDGE('',*,*,#1517,.T.);
#1169=ORIENTED_EDGE('',*,*,#1542,.T.);
#1170=ORIENTED_EDGE('',*,*,#1537,.T.);
#1171=ORIENTED_EDGE('',*,*,#1562,.T.);
#1172=ORIENTED_EDGE('',*,*,#1557,.T.);
#1173=ORIENTED_EDGE('',*,*,#1582,.T.);
#1174=ORIENTED_EDGE('',*,*,#1577,.T.);
#1175=ORIENTED_EDGE('',*,*,#1604,.T.);
#1176=ORIENTED_EDGE('',*,*,#1605,.T.);
#1177=ORIENTED_EDGE('',*,*,#1606,.T.);
#1178=ORIENTED_EDGE('',*,*,#1607,.F.);
#1179=ORIENTED_EDGE('',*,*,#1608,.F.);
#1180=ORIENTED_EDGE('',*,*,#1609,.F.);
#1181=ORIENTED_EDGE('',*,*,#1610,.F.);
#1182=ORIENTED_EDGE('',*,*,#1611,.T.);
#1183=ORIENTED_EDGE('',*,*,#1607,.T.);
#1184=ORIENTED_EDGE('',*,*,#1612,.F.);
#1185=ORIENTED_EDGE('',*,*,#1605,.F.);
#1186=ORIENTED_EDGE('',*,*,#1613,.T.);
#1187=ORIENTED_EDGE('',*,*,#1614,.T.);
#1188=ORIENTED_EDGE('',*,*,#1615,.F.);
#1189=ORIENTED_EDGE('',*,*,#1614,.F.);
#1190=ORIENTED_EDGE('',*,*,#1616,.T.);
#1191=ORIENTED_EDGE('',*,*,#1580,.T.);
#1192=ORIENTED_EDGE('',*,*,#1617,.F.);
#1193=ORIENTED_EDGE('',*,*,#1598,.F.);
#1194=ORIENTED_EDGE('',*,*,#1618,.T.);
#1195=ORIENTED_EDGE('',*,*,#1610,.T.);
#1196=ORIENTED_EDGE('',*,*,#1618,.F.);
#1197=ORIENTED_EDGE('',*,*,#1604,.F.);
#1198=ORIENTED_EDGE('',*,*,#1616,.F.);
#1199=ORIENTED_EDGE('',*,*,#1613,.F.);
#1200=ORIENTED_EDGE('',*,*,#1608,.T.);
#1201=ORIENTED_EDGE('',*,*,#1611,.F.);
#1202=ORIENTED_EDGE('',*,*,#1609,.T.);
#1203=ORIENTED_EDGE('',*,*,#1606,.F.);
#1204=ORIENTED_EDGE('',*,*,#1612,.T.);
#1205=ORIENTED_EDGE('',*,*,#1615,.T.);
#1206=ORIENTED_EDGE('',*,*,#1601,.T.);
#1207=ORIENTED_EDGE('',*,*,#1617,.T.);
#1208=ORIENTED_EDGE('',*,*,#1600,.F.);
#1209=ORIENTED_EDGE('',*,*,#1212,.T.);
#1210=ORIENTED_EDGE('',*,*,#1602,.F.);
#1211=ORIENTED_EDGE('',*,*,#1214,.F.);
#1212=EDGE_CURVE('',#1619,#1620,#1864,.T.);
#1213=EDGE_CURVE('',#1621,#1619,#355,.T.);
#1214=EDGE_CURVE('',#1621,#1622,#1865,.T.);
#1215=EDGE_CURVE('',#1620,#1622,#356,.T.);
#1216=EDGE_CURVE('',#1623,#1624,#357,.T.);
#1217=EDGE_CURVE('',#1623,#1625,#1866,.T.);
#1218=EDGE_CURVE('',#1625,#1626,#358,.T.);
#1219=EDGE_CURVE('',#1624,#1626,#1867,.T.);
#1220=EDGE_CURVE('',#1623,#1627,#1868,.T.);
#1221=EDGE_CURVE('',#1628,#1623,#95,.T.);
#1222=EDGE_CURVE('',#1629,#1628,#1869,.T.);
#1223=EDGE_CURVE('',#1630,#1629,#96,.T.);
#1224=EDGE_CURVE('',#1630,#1631,#97,.T.);
#1225=EDGE_CURVE('',#1627,#1631,#98,.T.);
#1226=EDGE_CURVE('',#1632,#1633,#99,.T.);
#1227=EDGE_CURVE('',#1634,#1633,#100,.T.);
#1228=EDGE_CURVE('',#1634,#1635,#101,.T.);
#1229=EDGE_CURVE('',#1635,#1636,#102,.T.);
#1230=EDGE_CURVE('',#1636,#1625,#103,.F.);
#1231=EDGE_CURVE('',#1625,#1632,#104,.T.);
#1232=EDGE_CURVE('',#1627,#1632,#1870,.T.);
#1233=EDGE_CURVE('',#1629,#1635,#1871,.T.);
#1234=EDGE_CURVE('',#1628,#1636,#1872,.T.);
#1235=EDGE_CURVE('',#1630,#1634,#1873,.T.);
#1236=EDGE_CURVE('',#1631,#1633,#1874,.T.);
#1237=EDGE_CURVE('',#1637,#1638,#359,.T.);
#1238=EDGE_CURVE('',#1637,#1639,#1875,.T.);
#1239=EDGE_CURVE('',#1639,#1640,#360,.T.);
#1240=EDGE_CURVE('',#1638,#1640,#1876,.T.);
#1241=EDGE_CURVE('',#1637,#1641,#1877,.T.);
#1242=EDGE_CURVE('',#1624,#1637,#105,.T.);
#1243=EDGE_CURVE('',#1642,#1624,#1878,.T.);
#1244=EDGE_CURVE('',#1643,#1642,#106,.T.);
#1245=EDGE_CURVE('',#1643,#1644,#107,.T.);
#1246=EDGE_CURVE('',#1641,#1644,#108,.T.);
#1247=EDGE_CURVE('',#1645,#1646,#109,.T.);
#1248=EDGE_CURVE('',#1647,#1646,#110,.T.);
#1249=EDGE_CURVE('',#1647,#1648,#111,.T.);
#1250=EDGE_CURVE('',#1648,#1626,#112,.T.);
#1251=EDGE_CURVE('',#1626,#1639,#113,.F.);
#1252=EDGE_CURVE('',#1639,#1645,#114,.T.);
#1253=EDGE_CURVE('',#1641,#1645,#1879,.T.);
#1254=EDGE_CURVE('',#1642,#1648,#1880,.T.);
#1255=EDGE_CURVE('',#1643,#1647,#1881,.T.);
#1256=EDGE_CURVE('',#1644,#1646,#1882,.T.);
#1257=EDGE_CURVE('',#1649,#1650,#361,.T.);
#1258=EDGE_CURVE('',#1649,#1651,#1883,.T.);
#1259=EDGE_CURVE('',#1651,#1652,#362,.T.);
#1260=EDGE_CURVE('',#1650,#1652,#1884,.T.);
#1261=EDGE_CURVE('',#1649,#1653,#1885,.T.);
#1262=EDGE_CURVE('',#1638,#1649,#115,.T.);
#1263=EDGE_CURVE('',#1654,#1638,#1886,.T.);
#1264=EDGE_CURVE('',#1655,#1654,#116,.T.);
#1265=EDGE_CURVE('',#1655,#1656,#117,.T.);
#1266=EDGE_CURVE('',#1653,#1656,#118,.T.);
#1267=EDGE_CURVE('',#1657,#1658,#119,.T.);
#1268=EDGE_CURVE('',#1659,#1658,#120,.T.);
#1269=EDGE_CURVE('',#1659,#1660,#121,.T.);
#1270=EDGE_CURVE('',#1660,#1640,#122,.T.);
#1271=EDGE_CURVE('',#1640,#1651,#123,.F.);
#1272=EDGE_CURVE('',#1651,#1657,#124,.T.);
#1273=EDGE_CURVE('',#1653,#1657,#1887,.T.);
#1274=EDGE_CURVE('',#1654,#1660,#1888,.T.);
#1275=EDGE_CURVE('',#1655,#1659,#1889,.T.);
#1276=EDGE_CURVE('',#1656,#1658,#1890,.T.);
#1277=EDGE_CURVE('',#1661,#1662,#363,.T.);
#1278=EDGE_CURVE('',#1661,#1663,#1891,.T.);
#1279=EDGE_CURVE('',#1663,#1664,#364,.T.);
#1280=EDGE_CURVE('',#1662,#1664,#1892,.T.);
#1281=EDGE_CURVE('',#1661,#1665,#1893,.T.);
#1282=EDGE_CURVE('',#1650,#1661,#125,.T.);
#1283=EDGE_CURVE('',#1666,#1650,#1894,.T.);
#1284=EDGE_CURVE('',#1667,#1666,#126,.T.);
#1285=EDGE_CURVE('',#1667,#1668,#127,.T.);
#1286=EDGE_CURVE('',#1665,#1668,#128,.T.);
#1287=EDGE_CURVE('',#1669,#1670,#129,.T.);
#1288=EDGE_CURVE('',#1671,#1670,#130,.T.);
#1289=EDGE_CURVE('',#1671,#1672,#131,.T.);
#1290=EDGE_CURVE('',#1672,#1652,#132,.T.);
#1291=EDGE_CURVE('',#1652,#1663,#133,.F.);
#1292=EDGE_CURVE('',#1663,#1669,#134,.T.);
#1293=EDGE_CURVE('',#1665,#1669,#1895,.T.);
#1294=EDGE_CURVE('',#1666,#1672,#1896,.T.);
#1295=EDGE_CURVE('',#1667,#1671,#1897,.T.);
#1296=EDGE_CURVE('',#1668,#1670,#1898,.T.);
#1297=EDGE_CURVE('',#1673,#1674,#365,.T.);
#1298=EDGE_CURVE('',#1673,#1675,#1899,.T.);
#1299=EDGE_CURVE('',#1675,#1676,#366,.T.);
#1300=EDGE_CURVE('',#1674,#1676,#1900,.T.);
#1301=EDGE_CURVE('',#1673,#1677,#1901,.T.);
#1302=EDGE_CURVE('',#1662,#1673,#135,.T.);
#1303=EDGE_CURVE('',#1678,#1662,#1902,.T.);
#1304=EDGE_CURVE('',#1679,#1678,#136,.T.);
#1305=EDGE_CURVE('',#1679,#1680,#137,.T.);
#1306=EDGE_CURVE('',#1677,#1680,#138,.T.);
#1307=EDGE_CURVE('',#1681,#1682,#139,.T.);
#1308=EDGE_CURVE('',#1683,#1682,#140,.T.);
#1309=EDGE_CURVE('',#1683,#1684,#141,.T.);
#1310=EDGE_CURVE('',#1684,#1664,#142,.T.);
#1311=EDGE_CURVE('',#1664,#1675,#143,.F.);
#1312=EDGE_CURVE('',#1675,#1681,#144,.T.);
#1313=EDGE_CURVE('',#1677,#1681,#1903,.T.);
#1314=EDGE_CURVE('',#1678,#1684,#1904,.T.);
#1315=EDGE_CURVE('',#1679,#1683,#1905,.T.);
#1316=EDGE_CURVE('',#1680,#1682,#1906,.T.);
#1317=EDGE_CURVE('',#1685,#1686,#367,.T.);
#1318=EDGE_CURVE('',#1685,#1687,#1907,.T.);
#1319=EDGE_CURVE('',#1687,#1688,#368,.T.);
#1320=EDGE_CURVE('',#1686,#1688,#1908,.T.);
#1321=EDGE_CURVE('',#1685,#1689,#1909,.T.);
#1322=EDGE_CURVE('',#1674,#1685,#145,.T.);
#1323=EDGE_CURVE('',#1690,#1674,#1910,.T.);
#1324=EDGE_CURVE('',#1691,#1690,#146,.T.);
#1325=EDGE_CURVE('',#1691,#1692,#147,.T.);
#1326=EDGE_CURVE('',#1689,#1692,#148,.T.);
#1327=EDGE_CURVE('',#1693,#1694,#149,.T.);
#1328=EDGE_CURVE('',#1695,#1694,#150,.T.);
#1329=EDGE_CURVE('',#1695,#1696,#151,.T.);
#1330=EDGE_CURVE('',#1696,#1676,#152,.T.);
#1331=EDGE_CURVE('',#1676,#1687,#153,.F.);
#1332=EDGE_CURVE('',#1687,#1693,#154,.T.);
#1333=EDGE_CURVE('',#1689,#1693,#1911,.T.);
#1334=EDGE_CURVE('',#1690,#1696,#1912,.T.);
#1335=EDGE_CURVE('',#1691,#1695,#1913,.T.);
#1336=EDGE_CURVE('',#1692,#1694,#1914,.T.);
#1337=EDGE_CURVE('',#1697,#1698,#369,.T.);
#1338=EDGE_CURVE('',#1697,#1699,#1915,.T.);
#1339=EDGE_CURVE('',#1699,#1700,#370,.T.);
#1340=EDGE_CURVE('',#1698,#1700,#1916,.T.);
#1341=EDGE_CURVE('',#1697,#1701,#1917,.T.);
#1342=EDGE_CURVE('',#1686,#1697,#155,.T.);
#1343=EDGE_CURVE('',#1702,#1686,#1918,.T.);
#1344=EDGE_CURVE('',#1703,#1702,#156,.T.);
#1345=EDGE_CURVE('',#1703,#1704,#157,.T.);
#1346=EDGE_CURVE('',#1701,#1704,#158,.T.);
#1347=EDGE_CURVE('',#1705,#1706,#159,.T.);
#1348=EDGE_CURVE('',#1707,#1706,#160,.T.);
#1349=EDGE_CURVE('',#1707,#1708,#161,.T.);
#1350=EDGE_CURVE('',#1708,#1688,#162,.T.);
#1351=EDGE_CURVE('',#1688,#1699,#163,.F.);
#1352=EDGE_CURVE('',#1699,#1705,#164,.T.);
#1353=EDGE_CURVE('',#1701,#1705,#1919,.T.);
#1354=EDGE_CURVE('',#1702,#1708,#1920,.T.);
#1355=EDGE_CURVE('',#1703,#1707,#1921,.T.);
#1356=EDGE_CURVE('',#1704,#1706,#1922,.T.);
#1357=EDGE_CURVE('',#1709,#1710,#371,.T.);
#1358=EDGE_CURVE('',#1709,#1711,#1923,.T.);
#1359=EDGE_CURVE('',#1711,#1712,#372,.T.);
#1360=EDGE_CURVE('',#1710,#1712,#1924,.T.);
#1361=EDGE_CURVE('',#1709,#1713,#1925,.T.);
#1362=EDGE_CURVE('',#1698,#1709,#165,.T.);
#1363=EDGE_CURVE('',#1714,#1698,#1926,.T.);
#1364=EDGE_CURVE('',#1715,#1714,#166,.T.);
#1365=EDGE_CURVE('',#1715,#1716,#167,.T.);
#1366=EDGE_CURVE('',#1713,#1716,#168,.T.);
#1367=EDGE_CURVE('',#1717,#1718,#169,.T.);
#1368=EDGE_CURVE('',#1719,#1718,#170,.T.);
#1369=EDGE_CURVE('',#1719,#1720,#171,.T.);
#1370=EDGE_CURVE('',#1720,#1700,#172,.T.);
#1371=EDGE_CURVE('',#1700,#1711,#173,.F.);
#1372=EDGE_CURVE('',#1711,#1717,#174,.T.);
#1373=EDGE_CURVE('',#1713,#1717,#1927,.T.);
#1374=EDGE_CURVE('',#1714,#1720,#1928,.T.);
#1375=EDGE_CURVE('',#1715,#1719,#1929,.T.);
#1376=EDGE_CURVE('',#1716,#1718,#1930,.T.);
#1377=EDGE_CURVE('',#1721,#1722,#373,.T.);
#1378=EDGE_CURVE('',#1721,#1723,#1931,.T.);
#1379=EDGE_CURVE('',#1723,#1724,#374,.T.);
#1380=EDGE_CURVE('',#1722,#1724,#1932,.T.);
#1381=EDGE_CURVE('',#1721,#1725,#1933,.T.);
#1382=EDGE_CURVE('',#1710,#1721,#175,.T.);
#1383=EDGE_CURVE('',#1726,#1710,#1934,.T.);
#1384=EDGE_CURVE('',#1727,#1726,#176,.T.);
#1385=EDGE_CURVE('',#1727,#1728,#177,.T.);
#1386=EDGE_CURVE('',#1725,#1728,#178,.T.);
#1387=EDGE_CURVE('',#1729,#1730,#179,.T.);
#1388=EDGE_CURVE('',#1731,#1730,#180,.T.);
#1389=EDGE_CURVE('',#1731,#1732,#181,.T.);
#1390=EDGE_CURVE('',#1732,#1712,#182,.T.);
#1391=EDGE_CURVE('',#1712,#1723,#183,.F.);
#1392=EDGE_CURVE('',#1723,#1729,#184,.T.);
#1393=EDGE_CURVE('',#1725,#1729,#1935,.T.);
#1394=EDGE_CURVE('',#1726,#1732,#1936,.T.);
#1395=EDGE_CURVE('',#1727,#1731,#1937,.T.);
#1396=EDGE_CURVE('',#1728,#1730,#1938,.T.);
#1397=EDGE_CURVE('',#1733,#1734,#375,.T.);
#1398=EDGE_CURVE('',#1733,#1735,#1939,.T.);
#1399=EDGE_CURVE('',#1735,#1736,#376,.T.);
#1400=EDGE_CURVE('',#1734,#1736,#1940,.T.);
#1401=EDGE_CURVE('',#1733,#1737,#1941,.T.);
#1402=EDGE_CURVE('',#1722,#1733,#185,.T.);
#1403=EDGE_CURVE('',#1738,#1722,#1942,.T.);
#1404=EDGE_CURVE('',#1739,#1738,#186,.T.);
#1405=EDGE_CURVE('',#1739,#1740,#187,.T.);
#1406=EDGE_CURVE('',#1737,#1740,#188,.T.);
#1407=EDGE_CURVE('',#1741,#1742,#189,.T.);
#1408=EDGE_CURVE('',#1743,#1742,#190,.T.);
#1409=EDGE_CURVE('',#1743,#1744,#191,.T.);
#1410=EDGE_CURVE('',#1744,#1724,#192,.T.);
#1411=EDGE_CURVE('',#1724,#1735,#193,.F.);
#1412=EDGE_CURVE('',#1735,#1741,#194,.T.);
#1413=EDGE_CURVE('',#1737,#1741,#1943,.T.);
#1414=EDGE_CURVE('',#1738,#1744,#1944,.T.);
#1415=EDGE_CURVE('',#1739,#1743,#1945,.T.);
#1416=EDGE_CURVE('',#1740,#1742,#1946,.T.);
#1417=EDGE_CURVE('',#1745,#1746,#377,.T.);
#1418=EDGE_CURVE('',#1745,#1747,#1947,.T.);
#1419=EDGE_CURVE('',#1747,#1748,#378,.T.);
#1420=EDGE_CURVE('',#1746,#1748,#1948,.T.);
#1421=EDGE_CURVE('',#1745,#1749,#1949,.T.);
#1422=EDGE_CURVE('',#1734,#1745,#195,.T.);
#1423=EDGE_CURVE('',#1750,#1734,#1950,.T.);
#1424=EDGE_CURVE('',#1751,#1750,#196,.T.);
#1425=EDGE_CURVE('',#1751,#1752,#197,.T.);
#1426=EDGE_CURVE('',#1749,#1752,#198,.T.);
#1427=EDGE_CURVE('',#1753,#1754,#199,.T.);
#1428=EDGE_CURVE('',#1755,#1754,#200,.T.);
#1429=EDGE_CURVE('',#1755,#1756,#201,.T.);
#1430=EDGE_CURVE('',#1756,#1736,#202,.T.);
#1431=EDGE_CURVE('',#1736,#1747,#203,.F.);
#1432=EDGE_CURVE('',#1747,#1753,#204,.T.);
#1433=EDGE_CURVE('',#1749,#1753,#1951,.T.);
#1434=EDGE_CURVE('',#1750,#1756,#1952,.T.);
#1435=EDGE_CURVE('',#1751,#1755,#1953,.T.);
#1436=EDGE_CURVE('',#1752,#1754,#1954,.T.);
#1437=EDGE_CURVE('',#1757,#1758,#379,.T.);
#1438=EDGE_CURVE('',#1757,#1759,#1955,.T.);
#1439=EDGE_CURVE('',#1759,#1760,#380,.T.);
#1440=EDGE_CURVE('',#1758,#1760,#1956,.T.);
#1441=EDGE_CURVE('',#1757,#1761,#1957,.T.);
#1442=EDGE_CURVE('',#1746,#1757,#205,.T.);
#1443=EDGE_CURVE('',#1762,#1746,#1958,.T.);
#1444=EDGE_CURVE('',#1763,#1762,#206,.T.);
#1445=EDGE_CURVE('',#1763,#1764,#207,.T.);
#1446=EDGE_CURVE('',#1761,#1764,#208,.T.);
#1447=EDGE_CURVE('',#1765,#1766,#209,.T.);
#1448=EDGE_CURVE('',#1767,#1766,#210,.T.);
#1449=EDGE_CURVE('',#1767,#1768,#211,.T.);
#1450=EDGE_CURVE('',#1768,#1748,#212,.T.);
#1451=EDGE_CURVE('',#1748,#1759,#213,.F.);
#1452=EDGE_CURVE('',#1759,#1765,#214,.T.);
#1453=EDGE_CURVE('',#1761,#1765,#1959,.T.);
#1454=EDGE_CURVE('',#1762,#1768,#1960,.T.);
#1455=EDGE_CURVE('',#1763,#1767,#1961,.T.);
#1456=EDGE_CURVE('',#1764,#1766,#1962,.T.);
#1457=EDGE_CURVE('',#1769,#1770,#381,.T.);
#1458=EDGE_CURVE('',#1769,#1771,#1963,.T.);
#1459=EDGE_CURVE('',#1771,#1772,#382,.T.);
#1460=EDGE_CURVE('',#1770,#1772,#1964,.T.);
#1461=EDGE_CURVE('',#1769,#1773,#1965,.T.);
#1462=EDGE_CURVE('',#1758,#1769,#215,.T.);
#1463=EDGE_CURVE('',#1774,#1758,#1966,.T.);
#1464=EDGE_CURVE('',#1775,#1774,#216,.T.);
#1465=EDGE_CURVE('',#1775,#1776,#217,.T.);
#1466=EDGE_CURVE('',#1773,#1776,#218,.T.);
#1467=EDGE_CURVE('',#1777,#1778,#219,.T.);
#1468=EDGE_CURVE('',#1779,#1778,#220,.T.);
#1469=EDGE_CURVE('',#1779,#1780,#221,.T.);
#1470=EDGE_CURVE('',#1780,#1760,#222,.T.);
#1471=EDGE_CURVE('',#1760,#1771,#223,.F.);
#1472=EDGE_CURVE('',#1771,#1777,#224,.T.);
#1473=EDGE_CURVE('',#1773,#1777,#1967,.T.);
#1474=EDGE_CURVE('',#1774,#1780,#1968,.T.);
#1475=EDGE_CURVE('',#1775,#1779,#1969,.T.);
#1476=EDGE_CURVE('',#1776,#1778,#1970,.T.);
#1477=EDGE_CURVE('',#1781,#1782,#383,.T.);
#1478=EDGE_CURVE('',#1781,#1783,#1971,.T.);
#1479=EDGE_CURVE('',#1783,#1784,#384,.T.);
#1480=EDGE_CURVE('',#1782,#1784,#1972,.T.);
#1481=EDGE_CURVE('',#1781,#1785,#1973,.T.);
#1482=EDGE_CURVE('',#1770,#1781,#225,.T.);
#1483=EDGE_CURVE('',#1786,#1770,#1974,.T.);
#1484=EDGE_CURVE('',#1787,#1786,#226,.T.);
#1485=EDGE_CURVE('',#1787,#1788,#227,.T.);
#1486=EDGE_CURVE('',#1785,#1788,#228,.T.);
#1487=EDGE_CURVE('',#1789,#1790,#229,.T.);
#1488=EDGE_CURVE('',#1791,#1790,#230,.T.);
#1489=EDGE_CURVE('',#1791,#1792,#231,.T.);
#1490=EDGE_CURVE('',#1792,#1772,#232,.T.);
#1491=EDGE_CURVE('',#1772,#1783,#233,.F.);
#1492=EDGE_CURVE('',#1783,#1789,#234,.T.);
#1493=EDGE_CURVE('',#1785,#1789,#1975,.T.);
#1494=EDGE_CURVE('',#1786,#1792,#1976,.T.);
#1495=EDGE_CURVE('',#1787,#1791,#1977,.T.);
#1496=EDGE_CURVE('',#1788,#1790,#1978,.T.);
#1497=EDGE_CURVE('',#1793,#1794,#385,.T.);
#1498=EDGE_CURVE('',#1793,#1795,#1979,.T.);
#1499=EDGE_CURVE('',#1795,#1796,#386,.T.);
#1500=EDGE_CURVE('',#1794,#1796,#1980,.T.);
#1501=EDGE_CURVE('',#1793,#1797,#1981,.T.);
#1502=EDGE_CURVE('',#1782,#1793,#235,.T.);
#1503=EDGE_CURVE('',#1798,#1782,#1982,.T.);
#1504=EDGE_CURVE('',#1799,#1798,#236,.T.);
#1505=EDGE_CURVE('',#1799,#1800,#237,.T.);
#1506=EDGE_CURVE('',#1797,#1800,#238,.T.);
#1507=EDGE_CURVE('',#1801,#1802,#239,.T.);
#1508=EDGE_CURVE('',#1803,#1802,#240,.T.);
#1509=EDGE_CURVE('',#1803,#1804,#241,.T.);
#1510=EDGE_CURVE('',#1804,#1784,#242,.T.);
#1511=EDGE_CURVE('',#1784,#1795,#243,.F.);
#1512=EDGE_CURVE('',#1795,#1801,#244,.T.);
#1513=EDGE_CURVE('',#1797,#1801,#1983,.T.);
#1514=EDGE_CURVE('',#1798,#1804,#1984,.T.);
#1515=EDGE_CURVE('',#1799,#1803,#1985,.T.);
#1516=EDGE_CURVE('',#1800,#1802,#1986,.T.);
#1517=EDGE_CURVE('',#1805,#1806,#387,.T.);
#1518=EDGE_CURVE('',#1805,#1807,#1987,.T.);
#1519=EDGE_CURVE('',#1807,#1808,#388,.T.);
#1520=EDGE_CURVE('',#1806,#1808,#1988,.T.);
#1521=EDGE_CURVE('',#1805,#1809,#1989,.T.);
#1522=EDGE_CURVE('',#1794,#1805,#245,.T.);
#1523=EDGE_CURVE('',#1810,#1794,#1990,.T.);
#1524=EDGE_CURVE('',#1811,#1810,#246,.T.);
#1525=EDGE_CURVE('',#1811,#1812,#247,.T.);
#1526=EDGE_CURVE('',#1809,#1812,#248,.T.);
#1527=EDGE_CURVE('',#1813,#1814,#249,.T.);
#1528=EDGE_CURVE('',#1815,#1814,#250,.T.);
#1529=EDGE_CURVE('',#1815,#1816,#251,.T.);
#1530=EDGE_CURVE('',#1816,#1796,#252,.T.);
#1531=EDGE_CURVE('',#1796,#1807,#253,.F.);
#1532=EDGE_CURVE('',#1807,#1813,#254,.T.);
#1533=EDGE_CURVE('',#1809,#1813,#1991,.T.);
#1534=EDGE_CURVE('',#1810,#1816,#1992,.T.);
#1535=EDGE_CURVE('',#1811,#1815,#1993,.T.);
#1536=EDGE_CURVE('',#1812,#1814,#1994,.T.);
#1537=EDGE_CURVE('',#1817,#1818,#389,.T.);
#1538=EDGE_CURVE('',#1817,#1819,#1995,.T.);
#1539=EDGE_CURVE('',#1819,#1820,#390,.T.);
#1540=EDGE_CURVE('',#1818,#1820,#1996,.T.);
#1541=EDGE_CURVE('',#1817,#1821,#1997,.T.);
#1542=EDGE_CURVE('',#1806,#1817,#255,.T.);
#1543=EDGE_CURVE('',#1822,#1806,#1998,.T.);
#1544=EDGE_CURVE('',#1823,#1822,#256,.T.);
#1545=EDGE_CURVE('',#1823,#1824,#257,.T.);
#1546=EDGE_CURVE('',#1821,#1824,#258,.T.);
#1547=EDGE_CURVE('',#1825,#1826,#259,.T.);
#1548=EDGE_CURVE('',#1827,#1826,#260,.T.);
#1549=EDGE_CURVE('',#1827,#1828,#261,.T.);
#1550=EDGE_CURVE('',#1828,#1808,#262,.T.);
#1551=EDGE_CURVE('',#1808,#1819,#263,.F.);
#1552=EDGE_CURVE('',#1819,#1825,#264,.T.);
#1553=EDGE_CURVE('',#1821,#1825,#1999,.T.);
#1554=EDGE_CURVE('',#1822,#1828,#2000,.T.);
#1555=EDGE_CURVE('',#1823,#1827,#2001,.T.);
#1556=EDGE_CURVE('',#1824,#1826,#2002,.T.);
#1557=EDGE_CURVE('',#1829,#1830,#391,.T.);
#1558=EDGE_CURVE('',#1829,#1831,#2003,.T.);
#1559=EDGE_CURVE('',#1831,#1832,#392,.T.);
#1560=EDGE_CURVE('',#1830,#1832,#2004,.T.);
#1561=EDGE_CURVE('',#1829,#1833,#2005,.T.);
#1562=EDGE_CURVE('',#1818,#1829,#265,.T.);
#1563=EDGE_CURVE('',#1834,#1818,#2006,.T.);
#1564=EDGE_CURVE('',#1835,#1834,#266,.T.);
#1565=EDGE_CURVE('',#1835,#1836,#267,.T.);
#1566=EDGE_CURVE('',#1833,#1836,#268,.T.);
#1567=EDGE_CURVE('',#1837,#1838,#269,.T.);
#1568=EDGE_CURVE('',#1839,#1838,#270,.T.);
#1569=EDGE_CURVE('',#1839,#1840,#271,.T.);
#1570=EDGE_CURVE('',#1840,#1820,#272,.T.);
#1571=EDGE_CURVE('',#1820,#1831,#273,.F.);
#1572=EDGE_CURVE('',#1831,#1837,#274,.T.);
#1573=EDGE_CURVE('',#1833,#1837,#2007,.T.);
#1574=EDGE_CURVE('',#1834,#1840,#2008,.T.);
#1575=EDGE_CURVE('',#1835,#1839,#2009,.T.);
#1576=EDGE_CURVE('',#1836,#1838,#2010,.T.);
#1577=EDGE_CURVE('',#1841,#1842,#393,.T.);
#1578=EDGE_CURVE('',#1841,#1843,#2011,.T.);
#1579=EDGE_CURVE('',#1843,#1844,#394,.T.);
#1580=EDGE_CURVE('',#1842,#1844,#2012,.T.);
#1581=EDGE_CURVE('',#1841,#1845,#2013,.T.);
#1582=EDGE_CURVE('',#1830,#1841,#275,.T.);
#1583=EDGE_CURVE('',#1846,#1830,#2014,.T.);
#1584=EDGE_CURVE('',#1847,#1846,#276,.T.);
#1585=EDGE_CURVE('',#1847,#1848,#277,.T.);
#1586=EDGE_CURVE('',#1845,#1848,#278,.T.);
#1587=EDGE_CURVE('',#1849,#1850,#279,.T.);
#1588=EDGE_CURVE('',#1851,#1850,#280,.T.);
#1589=EDGE_CURVE('',#1851,#1852,#281,.T.);
#1590=EDGE_CURVE('',#1852,#1832,#282,.T.);
#1591=EDGE_CURVE('',#1832,#1843,#283,.F.);
#1592=EDGE_CURVE('',#1843,#1849,#284,.T.);
#1593=EDGE_CURVE('',#1845,#1849,#2015,.T.);
#1594=EDGE_CURVE('',#1846,#1852,#2016,.T.);
#1595=EDGE_CURVE('',#1847,#1851,#2017,.T.);
#1596=EDGE_CURVE('',#1848,#1850,#2018,.T.);
#1597=EDGE_CURVE('',#1853,#1628,#395,.T.);
#1598=EDGE_CURVE('',#1853,#1854,#2019,.T.);
#1599=EDGE_CURVE('',#1854,#1636,#396,.T.);
#1600=EDGE_CURVE('',#1619,#1621,#2020,.T.);
#1601=EDGE_CURVE('',#1844,#1854,#285,.F.);
#1602=EDGE_CURVE('',#1622,#1620,#2021,.T.);
#1603=EDGE_CURVE('',#1855,#1855,#397,.T.);
#1604=EDGE_CURVE('',#1842,#1853,#286,.T.);
#1605=EDGE_CURVE('',#1856,#1857,#2022,.T.);
#1606=EDGE_CURVE('',#1857,#1858,#287,.T.);
#1607=EDGE_CURVE('',#1859,#1858,#2023,.T.);
#1608=EDGE_CURVE('',#1856,#1859,#288,.T.);
#1609=EDGE_CURVE('',#1860,#1858,#289,.T.);
#1610=EDGE_CURVE('',#1861,#1860,#2024,.T.);
#1611=EDGE_CURVE('',#1861,#1859,#290,.T.);
#1612=EDGE_CURVE('',#1857,#1862,#291,.T.);
#1613=EDGE_CURVE('',#1856,#1863,#292,.T.);
#1614=EDGE_CURVE('',#1863,#1862,#2025,.T.);
#1615=EDGE_CURVE('',#1862,#1844,#293,.T.);
#1616=EDGE_CURVE('',#1863,#1842,#2026,.T.);
#1617=EDGE_CURVE('',#1854,#1860,#294,.T.);
#1618=EDGE_CURVE('',#1853,#1861,#2027,.T.);
#1619=VERTEX_POINT('',#3401);
#1620=VERTEX_POINT('',#3402);
#1621=VERTEX_POINT('',#3404);
#1622=VERTEX_POINT('',#3406);
#1623=VERTEX_POINT('',#3410);
#1624=VERTEX_POINT('',#3411);
#1625=VERTEX_POINT('',#3413);
#1626=VERTEX_POINT('',#3415);
#1627=VERTEX_POINT('',#3419);
#1628=VERTEX_POINT('',#3424);
#1629=VERTEX_POINT('',#3426);
#1630=VERTEX_POINT('',#3432);
#1631=VERTEX_POINT('',#3437);
#1632=VERTEX_POINT('',#3448);
#1633=VERTEX_POINT('',#3449);
#1634=VERTEX_POINT('',#3454);
#1635=VERTEX_POINT('',#3459);
#1636=VERTEX_POINT('',#3464);
#1637=VERTEX_POINT('',#3780);
#1638=VERTEX_POINT('',#3781);
#1639=VERTEX_POINT('',#3783);
#1640=VERTEX_POINT('',#3785);
#1641=VERTEX_POINT('',#3789);
#1642=VERTEX_POINT('',#3795);
#1643=VERTEX_POINT('',#3801);
#1644=VERTEX_POINT('',#3806);
#1645=VERTEX_POINT('',#3817);
#1646=VERTEX_POINT('',#3818);
#1647=VERTEX_POINT('',#3823);
#1648=VERTEX_POINT('',#3828);
#1649=VERTEX_POINT('',#4147);
#1650=VERTEX_POINT('',#4148);
#1651=VERTEX_POINT('',#4150);
#1652=VERTEX_POINT('',#4152);
#1653=VERTEX_POINT('',#4156);
#1654=VERTEX_POINT('',#4162);
#1655=VERTEX_POINT('',#4168);
#1656=VERTEX_POINT('',#4173);
#1657=VERTEX_POINT('',#4184);
#1658=VERTEX_POINT('',#4185);
#1659=VERTEX_POINT('',#4190);
#1660=VERTEX_POINT('',#4195);
#1661=VERTEX_POINT('',#4514);
#1662=VERTEX_POINT('',#4515);
#1663=VERTEX_POINT('',#4517);
#1664=VERTEX_POINT('',#4519);
#1665=VERTEX_POINT('',#4523);
#1666=VERTEX_POINT('',#4529);
#1667=VERTEX_POINT('',#4535);
#1668=VERTEX_POINT('',#4540);
#1669=VERTEX_POINT('',#4551);
#1670=VERTEX_POINT('',#4552);
#1671=VERTEX_POINT('',#4557);
#1672=VERTEX_POINT('',#4562);
#1673=VERTEX_POINT('',#4881);
#1674=VERTEX_POINT('',#4882);
#1675=VERTEX_POINT('',#4884);
#1676=VERTEX_POINT('',#4886);
#1677=VERTEX_POINT('',#4890);
#1678=VERTEX_POINT('',#4896);
#1679=VERTEX_POINT('',#4902);
#1680=VERTEX_POINT('',#4907);
#1681=VERTEX_POINT('',#4918);
#1682=VERTEX_POINT('',#4919);
#1683=VERTEX_POINT('',#4924);
#1684=VERTEX_POINT('',#4929);
#1685=VERTEX_POINT('',#5248);
#1686=VERTEX_POINT('',#5249);
#1687=VERTEX_POINT('',#5251);
#1688=VERTEX_POINT('',#5253);
#1689=VERTEX_POINT('',#5257);
#1690=VERTEX_POINT('',#5263);
#1691=VERTEX_POINT('',#5269);
#1692=VERTEX_POINT('',#5274);
#1693=VERTEX_POINT('',#5285);
#1694=VERTEX_POINT('',#5286);
#1695=VERTEX_POINT('',#5291);
#1696=VERTEX_POINT('',#5296);
#1697=VERTEX_POINT('',#5615);
#1698=VERTEX_POINT('',#5616);
#1699=VERTEX_POINT('',#5618);
#1700=VERTEX_POINT('',#5620);
#1701=VERTEX_POINT('',#5624);
#1702=VERTEX_POINT('',#5630);
#1703=VERTEX_POINT('',#5636);
#1704=VERTEX_POINT('',#5641);
#1705=VERTEX_POINT('',#5652);
#1706=VERTEX_POINT('',#5653);
#1707=VERTEX_POINT('',#5658);
#1708=VERTEX_POINT('',#5663);
#1709=VERTEX_POINT('',#5982);
#1710=VERTEX_POINT('',#5983);
#1711=VERTEX_POINT('',#5985);
#1712=VERTEX_POINT('',#5987);
#1713=VERTEX_POINT('',#5991);
#1714=VERTEX_POINT('',#5997);
#1715=VERTEX_POINT('',#6003);
#1716=VERTEX_POINT('',#6008);
#1717=VERTEX_POINT('',#6019);
#1718=VERTEX_POINT('',#6020);
#1719=VERTEX_POINT('',#6025);
#1720=VERTEX_POINT('',#6030);
#1721=VERTEX_POINT('',#6349);
#1722=VERTEX_POINT('',#6350);
#1723=VERTEX_POINT('',#6352);
#1724=VERTEX_POINT('',#6354);
#1725=VERTEX_POINT('',#6358);
#1726=VERTEX_POINT('',#6364);
#1727=VERTEX_POINT('',#6370);
#1728=VERTEX_POINT('',#6375);
#1729=VERTEX_POINT('',#6386);
#1730=VERTEX_POINT('',#6387);
#1731=VERTEX_POINT('',#6392);
#1732=VERTEX_POINT('',#6397);
#1733=VERTEX_POINT('',#6716);
#1734=VERTEX_POINT('',#6717);
#1735=VERTEX_POINT('',#6719);
#1736=VERTEX_POINT('',#6721);
#1737=VERTEX_POINT('',#6725);
#1738=VERTEX_POINT('',#6731);
#1739=VERTEX_POINT('',#6737);
#1740=VERTEX_POINT('',#6742);
#1741=VERTEX_POINT('',#6753);
#1742=VERTEX_POINT('',#6754);
#1743=VERTEX_POINT('',#6759);
#1744=VERTEX_POINT('',#6764);
#1745=VERTEX_POINT('',#7083);
#1746=VERTEX_POINT('',#7084);
#1747=VERTEX_POINT('',#7086);
#1748=VERTEX_POINT('',#7088);
#1749=VERTEX_POINT('',#7092);
#1750=VERTEX_POINT('',#7098);
#1751=VERTEX_POINT('',#7104);
#1752=VERTEX_POINT('',#7109);
#1753=VERTEX_POINT('',#7120);
#1754=VERTEX_POINT('',#7121);
#1755=VERTEX_POINT('',#7126);
#1756=VERTEX_POINT('',#7131);
#1757=VERTEX_POINT('',#7450);
#1758=VERTEX_POINT('',#7451);
#1759=VERTEX_POINT('',#7453);
#1760=VERTEX_POINT('',#7455);
#1761=VERTEX_POINT('',#7459);
#1762=VERTEX_POINT('',#7465);
#1763=VERTEX_POINT('',#7471);
#1764=VERTEX_POINT('',#7476);
#1765=VERTEX_POINT('',#7487);
#1766=VERTEX_POINT('',#7488);
#1767=VERTEX_POINT('',#7493);
#1768=VERTEX_POINT('',#7498);
#1769=VERTEX_POINT('',#7817);
#1770=VERTEX_POINT('',#7818);
#1771=VERTEX_POINT('',#7820);
#1772=VERTEX_POINT('',#7822);
#1773=VERTEX_POINT('',#7826);
#1774=VERTEX_POINT('',#7832);
#1775=VERTEX_POINT('',#7838);
#1776=VERTEX_POINT('',#7843);
#1777=VERTEX_POINT('',#7854);
#1778=VERTEX_POINT('',#7855);
#1779=VERTEX_POINT('',#7860);
#1780=VERTEX_POINT('',#7865);
#1781=VERTEX_POINT('',#8184);
#1782=VERTEX_POINT('',#8185);
#1783=VERTEX_POINT('',#8187);
#1784=VERTEX_POINT('',#8189);
#1785=VERTEX_POINT('',#8193);
#1786=VERTEX_POINT('',#8199);
#1787=VERTEX_POINT('',#8205);
#1788=VERTEX_POINT('',#8210);
#1789=VERTEX_POINT('',#8221);
#1790=VERTEX_POINT('',#8222);
#1791=VERTEX_POINT('',#8227);
#1792=VERTEX_POINT('',#8232);
#1793=VERTEX_POINT('',#8551);
#1794=VERTEX_POINT('',#8552);
#1795=VERTEX_POINT('',#8554);
#1796=VERTEX_POINT('',#8556);
#1797=VERTEX_POINT('',#8560);
#1798=VERTEX_POINT('',#8566);
#1799=VERTEX_POINT('',#8572);
#1800=VERTEX_POINT('',#8577);
#1801=VERTEX_POINT('',#8588);
#1802=VERTEX_POINT('',#8589);
#1803=VERTEX_POINT('',#8594);
#1804=VERTEX_POINT('',#8599);
#1805=VERTEX_POINT('',#8918);
#1806=VERTEX_POINT('',#8919);
#1807=VERTEX_POINT('',#8921);
#1808=VERTEX_POINT('',#8923);
#1809=VERTEX_POINT('',#8927);
#1810=VERTEX_POINT('',#8933);
#1811=VERTEX_POINT('',#8939);
#1812=VERTEX_POINT('',#8944);
#1813=VERTEX_POINT('',#8955);
#1814=VERTEX_POINT('',#8956);
#1815=VERTEX_POINT('',#8961);
#1816=VERTEX_POINT('',#8966);
#1817=VERTEX_POINT('',#9285);
#1818=VERTEX_POINT('',#9286);
#1819=VERTEX_POINT('',#9288);
#1820=VERTEX_POINT('',#9290);
#1821=VERTEX_POINT('',#9294);
#1822=VERTEX_POINT('',#9300);
#1823=VERTEX_POINT('',#9306);
#1824=VERTEX_POINT('',#9311);
#1825=VERTEX_POINT('',#9322);
#1826=VERTEX_POINT('',#9323);
#1827=VERTEX_POINT('',#9328);
#1828=VERTEX_POINT('',#9333);
#1829=VERTEX_POINT('',#9652);
#1830=VERTEX_POINT('',#9653);
#1831=VERTEX_POINT('',#9655);
#1832=VERTEX_POINT('',#9657);
#1833=VERTEX_POINT('',#9661);
#1834=VERTEX_POINT('',#9667);
#1835=VERTEX_POINT('',#9673);
#1836=VERTEX_POINT('',#9678);
#1837=VERTEX_POINT('',#9689);
#1838=VERTEX_POINT('',#9690);
#1839=VERTEX_POINT('',#9695);
#1840=VERTEX_POINT('',#9700);
#1841=VERTEX_POINT('',#10019);
#1842=VERTEX_POINT('',#10020);
#1843=VERTEX_POINT('',#10022);
#1844=VERTEX_POINT('',#10024);
#1845=VERTEX_POINT('',#10028);
#1846=VERTEX_POINT('',#10034);
#1847=VERTEX_POINT('',#10040);
#1848=VERTEX_POINT('',#10045);
#1849=VERTEX_POINT('',#10056);
#1850=VERTEX_POINT('',#10057);
#1851=VERTEX_POINT('',#10062);
#1852=VERTEX_POINT('',#10067);
#1853=VERTEX_POINT('',#10386);
#1854=VERTEX_POINT('',#10388);
#1855=VERTEX_POINT('',#10399);
#1856=VERTEX_POINT('',#10407);
#1857=VERTEX_POINT('',#10408);
#1858=VERTEX_POINT('',#10413);
#1859=VERTEX_POINT('',#10415);
#1860=VERTEX_POINT('',#10534);
#1861=VERTEX_POINT('',#10536);
#1862=VERTEX_POINT('',#10733);
#1863=VERTEX_POINT('',#10739);
#1864=LINE('',#3400,#2028);
#1865=LINE('',#3405,#2029);
#1866=LINE('',#3412,#2030);
#1867=LINE('',#3416,#2031);
#1868=LINE('',#3418,#2032);
#1869=LINE('',#3425,#2033);
#1870=LINE('',#3474,#2034);
#1871=LINE('',#3476,#2035);
#1872=LINE('',#3477,#2036);
#1873=LINE('',#3665,#2037);
#1874=LINE('',#3667,#2038);
#1875=LINE('',#3782,#2039);
#1876=LINE('',#3786,#2040);
#1877=LINE('',#3788,#2041);
#1878=LINE('',#3794,#2042);
#1879=LINE('',#3842,#2043);
#1880=LINE('',#3844,#2044);
#1881=LINE('',#4032,#2045);
#1882=LINE('',#4034,#2046);
#1883=LINE('',#4149,#2047);
#1884=LINE('',#4153,#2048);
#1885=LINE('',#4155,#2049);
#1886=LINE('',#4161,#2050);
#1887=LINE('',#4209,#2051);
#1888=LINE('',#4211,#2052);
#1889=LINE('',#4399,#2053);
#1890=LINE('',#4401,#2054);
#1891=LINE('',#4516,#2055);
#1892=LINE('',#4520,#2056);
#1893=LINE('',#4522,#2057);
#1894=LINE('',#4528,#2058);
#1895=LINE('',#4576,#2059);
#1896=LINE('',#4578,#2060);
#1897=LINE('',#4766,#2061);
#1898=LINE('',#4768,#2062);
#1899=LINE('',#4883,#2063);
#1900=LINE('',#4887,#2064);
#1901=LINE('',#4889,#2065);
#1902=LINE('',#4895,#2066);
#1903=LINE('',#4943,#2067);
#1904=LINE('',#4945,#2068);
#1905=LINE('',#5133,#2069);
#1906=LINE('',#5135,#2070);
#1907=LINE('',#5250,#2071);
#1908=LINE('',#5254,#2072);
#1909=LINE('',#5256,#2073);
#1910=LINE('',#5262,#2074);
#1911=LINE('',#5310,#2075);
#1912=LINE('',#5312,#2076);
#1913=LINE('',#5500,#2077);
#1914=LINE('',#5502,#2078);
#1915=LINE('',#5617,#2079);
#1916=LINE('',#5621,#2080);
#1917=LINE('',#5623,#2081);
#1918=LINE('',#5629,#2082);
#1919=LINE('',#5677,#2083);
#1920=LINE('',#5679,#2084);
#1921=LINE('',#5867,#2085);
#1922=LINE('',#5869,#2086);
#1923=LINE('',#5984,#2087);
#1924=LINE('',#5988,#2088);
#1925=LINE('',#5990,#2089);
#1926=LINE('',#5996,#2090);
#1927=LINE('',#6044,#2091);
#1928=LINE('',#6046,#2092);
#1929=LINE('',#6234,#2093);
#1930=LINE('',#6236,#2094);
#1931=LINE('',#6351,#2095);
#1932=LINE('',#6355,#2096);
#1933=LINE('',#6357,#2097);
#1934=LINE('',#6363,#2098);
#1935=LINE('',#6411,#2099);
#1936=LINE('',#6413,#2100);
#1937=LINE('',#6601,#2101);
#1938=LINE('',#6603,#2102);
#1939=LINE('',#6718,#2103);
#1940=LINE('',#6722,#2104);
#1941=LINE('',#6724,#2105);
#1942=LINE('',#6730,#2106);
#1943=LINE('',#6778,#2107);
#1944=LINE('',#6780,#2108);
#1945=LINE('',#6968,#2109);
#1946=LINE('',#6970,#2110);
#1947=LINE('',#7085,#2111);
#1948=LINE('',#7089,#2112);
#1949=LINE('',#7091,#2113);
#1950=LINE('',#7097,#2114);
#1951=LINE('',#7145,#2115);
#1952=LINE('',#7147,#2116);
#1953=LINE('',#7335,#2117);
#1954=LINE('',#7337,#2118);
#1955=LINE('',#7452,#2119);
#1956=LINE('',#7456,#2120);
#1957=LINE('',#7458,#2121);
#1958=LINE('',#7464,#2122);
#1959=LINE('',#7512,#2123);
#1960=LINE('',#7514,#2124);
#1961=LINE('',#7702,#2125);
#1962=LINE('',#7704,#2126);
#1963=LINE('',#7819,#2127);
#1964=LINE('',#7823,#2128);
#1965=LINE('',#7825,#2129);
#1966=LINE('',#7831,#2130);
#1967=LINE('',#7879,#2131);
#1968=LINE('',#7881,#2132);
#1969=LINE('',#8069,#2133);
#1970=LINE('',#8071,#2134);
#1971=LINE('',#8186,#2135);
#1972=LINE('',#8190,#2136);
#1973=LINE('',#8192,#2137);
#1974=LINE('',#8198,#2138);
#1975=LINE('',#8246,#2139);
#1976=LINE('',#8248,#2140);
#1977=LINE('',#8436,#2141);
#1978=LINE('',#8438,#2142);
#1979=LINE('',#8553,#2143);
#1980=LINE('',#8557,#2144);
#1981=LINE('',#8559,#2145);
#1982=LINE('',#8565,#2146);
#1983=LINE('',#8613,#2147);
#1984=LINE('',#8615,#2148);
#1985=LINE('',#8803,#2149);
#1986=LINE('',#8805,#2150);
#1987=LINE('',#8920,#2151);
#1988=LINE('',#8924,#2152);
#1989=LINE('',#8926,#2153);
#1990=LINE('',#8932,#2154);
#1991=LINE('',#8980,#2155);
#1992=LINE('',#8982,#2156);
#1993=LINE('',#9170,#2157);
#1994=LINE('',#9172,#2158);
#1995=LINE('',#9287,#2159);
#1996=LINE('',#9291,#2160);
#1997=LINE('',#9293,#2161);
#1998=LINE('',#9299,#2162);
#1999=LINE('',#9347,#2163);
#2000=LINE('',#9349,#2164);
#2001=LINE('',#9537,#2165);
#2002=LINE('',#9539,#2166);
#2003=LINE('',#9654,#2167);
#2004=LINE('',#9658,#2168);
#2005=LINE('',#9660,#2169);
#2006=LINE('',#9666,#2170);
#2007=LINE('',#9714,#2171);
#2008=LINE('',#9716,#2172);
#2009=LINE('',#9904,#2173);
#2010=LINE('',#9906,#2174);
#2011=LINE('',#10021,#2175);
#2012=LINE('',#10025,#2176);
#2013=LINE('',#10027,#2177);
#2014=LINE('',#10033,#2178);
#2015=LINE('',#10081,#2179);
#2016=LINE('',#10083,#2180);
#2017=LINE('',#10271,#2181);
#2018=LINE('',#10273,#2182);
#2019=LINE('',#10387,#2183);
#2020=LINE('',#10391,#2184);
#2021=LINE('',#10397,#2185);
#2022=LINE('',#10406,#2186);
#2023=LINE('',#10414,#2187);
#2024=LINE('',#10535,#2188);
#2025=LINE('',#10740,#2189);
#2026=LINE('',#10746,#2190);
#2027=LINE('',#10752,#2191);
#2028=VECTOR('',#2900,1.);
#2029=VECTOR('',#2903,1.);
#2030=VECTOR('',#2910,1.);
#2031=VECTOR('',#2913,1.);
#2032=VECTOR('',#2916,1.);
#2033=VECTOR('',#2917,1.);
#2034=VECTOR('',#2922,1.);
#2035=VECTOR('',#2925,1.);
#2036=VECTOR('',#2926,1.);
#2037=VECTOR('',#2927,1.);
#2038=VECTOR('',#2930,1.);
#2039=VECTOR('',#2935,1.);
#2040=VECTOR('',#2938,1.);
#2041=VECTOR('',#2941,1.);
#2042=VECTOR('',#2942,1.);
#2043=VECTOR('',#2947,1.);
#2044=VECTOR('',#2950,1.);
#2045=VECTOR('',#2951,1.);
#2046=VECTOR('',#2954,1.);
#2047=VECTOR('',#2959,1.);
#2048=VECTOR('',#2962,1.);
#2049=VECTOR('',#2965,1.);
#2050=VECTOR('',#2966,1.);
#2051=VECTOR('',#2971,1.);
#2052=VECTOR('',#2974,1.);
#2053=VECTOR('',#2975,1.);
#2054=VECTOR('',#2978,1.);
#2055=VECTOR('',#2983,1.);
#2056=VECTOR('',#2986,1.);
#2057=VECTOR('',#2989,1.);
#2058=VECTOR('',#2990,1.);
#2059=VECTOR('',#2995,1.);
#2060=VECTOR('',#2998,1.);
#2061=VECTOR('',#2999,1.);
#2062=VECTOR('',#3002,1.);
#2063=VECTOR('',#3007,1.);
#2064=VECTOR('',#3010,1.);
#2065=VECTOR('',#3013,1.);
#2066=VECTOR('',#3014,1.);
#2067=VECTOR('',#3019,1.);
#2068=VECTOR('',#3022,1.);
#2069=VECTOR('',#3023,1.);
#2070=VECTOR('',#3026,1.);
#2071=VECTOR('',#3031,1.);
#2072=VECTOR('',#3034,1.);
#2073=VECTOR('',#3037,1.);
#2074=VECTOR('',#3038,1.);
#2075=VECTOR('',#3043,1.);
#2076=VECTOR('',#3046,1.);
#2077=VECTOR('',#3047,1.);
#2078=VECTOR('',#3050,1.);
#2079=VECTOR('',#3055,1.);
#2080=VECTOR('',#3058,1.);
#2081=VECTOR('',#3061,1.);
#2082=VECTOR('',#3062,1.);
#2083=VECTOR('',#3067,1.);
#2084=VECTOR('',#3070,1.);
#2085=VECTOR('',#3071,1.);
#2086=VECTOR('',#3074,1.);
#2087=VECTOR('',#3079,1.);
#2088=VECTOR('',#3082,1.);
#2089=VECTOR('',#3085,1.);
#2090=VECTOR('',#3086,1.);
#2091=VECTOR('',#3091,1.);
#2092=VECTOR('',#3094,1.);
#2093=VECTOR('',#3095,1.);
#2094=VECTOR('',#3098,1.);
#2095=VECTOR('',#3103,1.);
#2096=VECTOR('',#3106,1.);
#2097=VECTOR('',#3109,1.);
#2098=VECTOR('',#3110,1.);
#2099=VECTOR('',#3115,1.);
#2100=VECTOR('',#3118,1.);
#2101=VECTOR('',#3119,1.);
#2102=VECTOR('',#3122,1.);
#2103=VECTOR('',#3127,1.);
#2104=VECTOR('',#3130,1.);
#2105=VECTOR('',#3133,1.);
#2106=VECTOR('',#3134,1.);
#2107=VECTOR('',#3139,1.);
#2108=VECTOR('',#3142,1.);
#2109=VECTOR('',#3143,1.);
#2110=VECTOR('',#3146,1.);
#2111=VECTOR('',#3151,1.);
#2112=VECTOR('',#3154,1.);
#2113=VECTOR('',#3157,1.);
#2114=VECTOR('',#3158,1.);
#2115=VECTOR('',#3163,1.);
#2116=VECTOR('',#3166,1.);
#2117=VECTOR('',#3167,1.);
#2118=VECTOR('',#3170,1.);
#2119=VECTOR('',#3175,1.);
#2120=VECTOR('',#3178,1.);
#2121=VECTOR('',#3181,1.);
#2122=VECTOR('',#3182,1.);
#2123=VECTOR('',#3187,1.);
#2124=VECTOR('',#3190,1.);
#2125=VECTOR('',#3191,1.);
#2126=VECTOR('',#3194,1.);
#2127=VECTOR('',#3199,1.);
#2128=VECTOR('',#3202,1.);
#2129=VECTOR('',#3205,1.);
#2130=VECTOR('',#3206,1.);
#2131=VECTOR('',#3211,1.);
#2132=VECTOR('',#3214,1.);
#2133=VECTOR('',#3215,1.);
#2134=VECTOR('',#3218,1.);
#2135=VECTOR('',#3223,1.);
#2136=VECTOR('',#3226,1.);
#2137=VECTOR('',#3229,1.);
#2138=VECTOR('',#3230,1.);
#2139=VECTOR('',#3235,1.);
#2140=VECTOR('',#3238,1.);
#2141=VECTOR('',#3239,1.);
#2142=VECTOR('',#3242,1.);
#2143=VECTOR('',#3247,1.);
#2144=VECTOR('',#3250,1.);
#2145=VECTOR('',#3253,1.);
#2146=VECTOR('',#3254,1.);
#2147=VECTOR('',#3259,1.);
#2148=VECTOR('',#3262,1.);
#2149=VECTOR('',#3263,1.);
#2150=VECTOR('',#3266,1.);
#2151=VECTOR('',#3271,1.);
#2152=VECTOR('',#3274,1.);
#2153=VECTOR('',#3277,1.);
#2154=VECTOR('',#3278,1.);
#2155=VECTOR('',#3283,1.);
#2156=VECTOR('',#3286,1.);
#2157=VECTOR('',#3287,1.);
#2158=VECTOR('',#3290,1.);
#2159=VECTOR('',#3295,1.);
#2160=VECTOR('',#3298,1.);
#2161=VECTOR('',#3301,1.);
#2162=VECTOR('',#3302,1.);
#2163=VECTOR('',#3307,1.);
#2164=VECTOR('',#3310,1.);
#2165=VECTOR('',#3311,1.);
#2166=VECTOR('',#3314,1.);
#2167=VECTOR('',#3319,1.);
#2168=VECTOR('',#3322,1.);
#2169=VECTOR('',#3325,1.);
#2170=VECTOR('',#3326,1.);
#2171=VECTOR('',#3331,1.);
#2172=VECTOR('',#3334,1.);
#2173=VECTOR('',#3335,1.);
#2174=VECTOR('',#3338,1.);
#2175=VECTOR('',#3343,1.);
#2176=VECTOR('',#3346,1.);
#2177=VECTOR('',#3349,1.);
#2178=VECTOR('',#3350,1.);
#2179=VECTOR('',#3355,1.);
#2180=VECTOR('',#3358,1.);
#2181=VECTOR('',#3359,1.);
#2182=VECTOR('',#3362,1.);
#2183=VECTOR('',#3367,1.);
#2184=VECTOR('',#3372,1.);
#2185=VECTOR('',#3375,1.);
#2186=VECTOR('',#3382,1.);
#2187=VECTOR('',#3383,1.);
#2188=VECTOR('',#3384,1.);
#2189=VECTOR('',#3385,1.);
#2190=VECTOR('',#3388,1.);
#2191=VECTOR('',#3391,1.);
#2192=EDGE_LOOP('',(#398,#399,#400,#401));
#2193=EDGE_LOOP('',(#402,#403,#404,#405));
#2194=EDGE_LOOP('',(#406,#407,#408,#409,#410,#411));
#2195=EDGE_LOOP('',(#412,#413,#414,#415,#416,#417));
#2196=EDGE_LOOP('',(#418,#419,#420,#421));
#2197=EDGE_LOOP('',(#422,#423,#424,#425));
#2198=EDGE_LOOP('',(#426,#427,#428,#429));
#2199=EDGE_LOOP('',(#430,#431,#432,#433));
#2200=EDGE_LOOP('',(#434,#435,#436,#437));
#2201=EDGE_LOOP('',(#438,#439,#440,#441));
#2202=EDGE_LOOP('',(#442,#443,#444,#445,#446,#447));
#2203=EDGE_LOOP('',(#448,#449,#450,#451,#452,#453));
#2204=EDGE_LOOP('',(#454,#455,#456,#457));
#2205=EDGE_LOOP('',(#458,#459,#460,#461));
#2206=EDGE_LOOP('',(#462,#463,#464,#465));
#2207=EDGE_LOOP('',(#466,#467,#468,#469));
#2208=EDGE_LOOP('',(#470,#471,#472,#473));
#2209=EDGE_LOOP('',(#474,#475,#476,#477));
#2210=EDGE_LOOP('',(#478,#479,#480,#481,#482,#483));
#2211=EDGE_LOOP('',(#484,#485,#486,#487,#488,#489));
#2212=EDGE_LOOP('',(#490,#491,#492,#493));
#2213=EDGE_LOOP('',(#494,#495,#496,#497));
#2214=EDGE_LOOP('',(#498,#499,#500,#501));
#2215=EDGE_LOOP('',(#502,#503,#504,#505));
#2216=EDGE_LOOP('',(#506,#507,#508,#509));
#2217=EDGE_LOOP('',(#510,#511,#512,#513));
#2218=EDGE_LOOP('',(#514,#515,#516,#517,#518,#519));
#2219=EDGE_LOOP('',(#520,#521,#522,#523,#524,#525));
#2220=EDGE_LOOP('',(#526,#527,#528,#529));
#2221=EDGE_LOOP('',(#530,#531,#532,#533));
#2222=EDGE_LOOP('',(#534,#535,#536,#537));
#2223=EDGE_LOOP('',(#538,#539,#540,#541));
#2224=EDGE_LOOP('',(#542,#543,#544,#545));
#2225=EDGE_LOOP('',(#546,#547,#548,#549));
#2226=EDGE_LOOP('',(#550,#551,#552,#553,#554,#555));
#2227=EDGE_LOOP('',(#556,#557,#558,#559,#560,#561));
#2228=EDGE_LOOP('',(#562,#563,#564,#565));
#2229=EDGE_LOOP('',(#566,#567,#568,#569));
#2230=EDGE_LOOP('',(#570,#571,#572,#573));
#2231=EDGE_LOOP('',(#574,#575,#576,#577));
#2232=EDGE_LOOP('',(#578,#579,#580,#581));
#2233=EDGE_LOOP('',(#582,#583,#584,#585));
#2234=EDGE_LOOP('',(#586,#587,#588,#589,#590,#591));
#2235=EDGE_LOOP('',(#592,#593,#594,#595,#596,#597));
#2236=EDGE_LOOP('',(#598,#599,#600,#601));
#2237=EDGE_LOOP('',(#602,#603,#604,#605));
#2238=EDGE_LOOP('',(#606,#607,#608,#609));
#2239=EDGE_LOOP('',(#610,#611,#612,#613));
#2240=EDGE_LOOP('',(#614,#615,#616,#617));
#2241=EDGE_LOOP('',(#618,#619,#620,#621));
#2242=EDGE_LOOP('',(#622,#623,#624,#625,#626,#627));
#2243=EDGE_LOOP('',(#628,#629,#630,#631,#632,#633));
#2244=EDGE_LOOP('',(#634,#635,#636,#637));
#2245=EDGE_LOOP('',(#638,#639,#640,#641));
#2246=EDGE_LOOP('',(#642,#643,#644,#645));
#2247=EDGE_LOOP('',(#646,#647,#648,#649));
#2248=EDGE_LOOP('',(#650,#651,#652,#653));
#2249=EDGE_LOOP('',(#654,#655,#656,#657));
#2250=EDGE_LOOP('',(#658,#659,#660,#661,#662,#663));
#2251=EDGE_LOOP('',(#664,#665,#666,#667,#668,#669));
#2252=EDGE_LOOP('',(#670,#671,#672,#673));
#2253=EDGE_LOOP('',(#674,#675,#676,#677));
#2254=EDGE_LOOP('',(#678,#679,#680,#681));
#2255=EDGE_LOOP('',(#682,#683,#684,#685));
#2256=EDGE_LOOP('',(#686,#687,#688,#689));
#2257=EDGE_LOOP('',(#690,#691,#692,#693));
#2258=EDGE_LOOP('',(#694,#695,#696,#697,#698,#699));
#2259=EDGE_LOOP('',(#700,#701,#702,#703,#704,#705));
#2260=EDGE_LOOP('',(#706,#707,#708,#709));
#2261=EDGE_LOOP('',(#710,#711,#712,#713));
#2262=EDGE_LOOP('',(#714,#715,#716,#717));
#2263=EDGE_LOOP('',(#718,#719,#720,#721));
#2264=EDGE_LOOP('',(#722,#723,#724,#725));
#2265=EDGE_LOOP('',(#726,#727,#728,#729));
#2266=EDGE_LOOP('',(#730,#731,#732,#733,#734,#735));
#2267=EDGE_LOOP('',(#736,#737,#738,#739,#740,#741));
#2268=EDGE_LOOP('',(#742,#743,#744,#745));
#2269=EDGE_LOOP('',(#746,#747,#748,#749));
#2270=EDGE_LOOP('',(#750,#751,#752,#753));
#2271=EDGE_LOOP('',(#754,#755,#756,#757));
#2272=EDGE_LOOP('',(#758,#759,#760,#761));
#2273=EDGE_LOOP('',(#762,#763,#764,#765));
#2274=EDGE_LOOP('',(#766,#767,#768,#769,#770,#771));
#2275=EDGE_LOOP('',(#772,#773,#774,#775,#776,#777));
#2276=EDGE_LOOP('',(#778,#779,#780,#781));
#2277=EDGE_LOOP('',(#782,#783,#784,#785));
#2278=EDGE_LOOP('',(#786,#787,#788,#789));
#2279=EDGE_LOOP('',(#790,#791,#792,#793));
#2280=EDGE_LOOP('',(#794,#795,#796,#797));
#2281=EDGE_LOOP('',(#798,#799,#800,#801));
#2282=EDGE_LOOP('',(#802,#803,#804,#805,#806,#807));
#2283=EDGE_LOOP('',(#808,#809,#810,#811,#812,#813));
#2284=EDGE_LOOP('',(#814,#815,#816,#817));
#2285=EDGE_LOOP('',(#818,#819,#820,#821));
#2286=EDGE_LOOP('',(#822,#823,#824,#825));
#2287=EDGE_LOOP('',(#826,#827,#828,#829));
#2288=EDGE_LOOP('',(#830,#831,#832,#833));
#2289=EDGE_LOOP('',(#834,#835,#836,#837));
#2290=EDGE_LOOP('',(#838,#839,#840,#841,#842,#843));
#2291=EDGE_LOOP('',(#844,#845,#846,#847,#848,#849));
#2292=EDGE_LOOP('',(#850,#851,#852,#853));
#2293=EDGE_LOOP('',(#854,#855,#856,#857));
#2294=EDGE_LOOP('',(#858,#859,#860,#861));
#2295=EDGE_LOOP('',(#862,#863,#864,#865));
#2296=EDGE_LOOP('',(#866,#867,#868,#869));
#2297=EDGE_LOOP('',(#870,#871,#872,#873));
#2298=EDGE_LOOP('',(#874,#875,#876,#877,#878,#879));
#2299=EDGE_LOOP('',(#880,#881,#882,#883,#884,#885));
#2300=EDGE_LOOP('',(#886,#887,#888,#889));
#2301=EDGE_LOOP('',(#890,#891,#892,#893));
#2302=EDGE_LOOP('',(#894,#895,#896,#897));
#2303=EDGE_LOOP('',(#898,#899,#900,#901));
#2304=EDGE_LOOP('',(#902,#903,#904,#905));
#2305=EDGE_LOOP('',(#906,#907,#908,#909));
#2306=EDGE_LOOP('',(#910,#911,#912,#913,#914,#915));
#2307=EDGE_LOOP('',(#916,#917,#918,#919,#920,#921));
#2308=EDGE_LOOP('',(#922,#923,#924,#925));
#2309=EDGE_LOOP('',(#926,#927,#928,#929));
#2310=EDGE_LOOP('',(#930,#931,#932,#933));
#2311=EDGE_LOOP('',(#934,#935,#936,#937));
#2312=EDGE_LOOP('',(#938,#939,#940,#941));
#2313=EDGE_LOOP('',(#942,#943,#944,#945));
#2314=EDGE_LOOP('',(#946,#947,#948,#949,#950,#951));
#2315=EDGE_LOOP('',(#952,#953,#954,#955,#956,#957));
#2316=EDGE_LOOP('',(#958,#959,#960,#961));
#2317=EDGE_LOOP('',(#962,#963,#964,#965));
#2318=EDGE_LOOP('',(#966,#967,#968,#969));
#2319=EDGE_LOOP('',(#970,#971,#972,#973));
#2320=EDGE_LOOP('',(#974,#975,#976,#977));
#2321=EDGE_LOOP('',(#978,#979,#980,#981));
#2322=EDGE_LOOP('',(#982,#983,#984,#985,#986,#987));
#2323=EDGE_LOOP('',(#988,#989,#990,#991,#992,#993));
#2324=EDGE_LOOP('',(#994,#995,#996,#997));
#2325=EDGE_LOOP('',(#998,#999,#1000,#1001));
#2326=EDGE_LOOP('',(#1002,#1003,#1004,#1005));
#2327=EDGE_LOOP('',(#1006,#1007,#1008,#1009));
#2328=EDGE_LOOP('',(#1010,#1011,#1012,#1013));
#2329=EDGE_LOOP('',(#1014,#1015,#1016,#1017));
#2330=EDGE_LOOP('',(#1018,#1019,#1020,#1021,#1022,#1023));
#2331=EDGE_LOOP('',(#1024,#1025,#1026,#1027,#1028,#1029));
#2332=EDGE_LOOP('',(#1030,#1031,#1032,#1033));
#2333=EDGE_LOOP('',(#1034,#1035,#1036,#1037));
#2334=EDGE_LOOP('',(#1038,#1039,#1040,#1041));
#2335=EDGE_LOOP('',(#1042,#1043,#1044,#1045));
#2336=EDGE_LOOP('',(#1046,#1047,#1048,#1049));
#2337=EDGE_LOOP('',(#1050,#1051,#1052,#1053));
#2338=EDGE_LOOP('',(#1054,#1055,#1056,#1057,#1058,#1059));
#2339=EDGE_LOOP('',(#1060,#1061,#1062,#1063,#1064,#1065));
#2340=EDGE_LOOP('',(#1066,#1067,#1068,#1069));
#2341=EDGE_LOOP('',(#1070,#1071,#1072,#1073));
#2342=EDGE_LOOP('',(#1074,#1075,#1076,#1077));
#2343=EDGE_LOOP('',(#1078,#1079,#1080,#1081));
#2344=EDGE_LOOP('',(#1082,#1083,#1084,#1085));
#2345=EDGE_LOOP('',(#1086,#1087,#1088,#1089));
#2346=EDGE_LOOP('',(#1090,#1091));
#2347=EDGE_LOOP('',(#1092,#1093,#1094,#1095,#1096,#1097,#1098,#1099,#1100,
#1101,#1102,#1103,#1104,#1105,#1106,#1107,#1108,#1109,#1110,#1111,#1112,
#1113,#1114,#1115,#1116,#1117,#1118,#1119,#1120,#1121,#1122,#1123,#1124,
#1125,#1126,#1127,#1128,#1129,#1130,#1131));
#2348=EDGE_LOOP('',(#1132,#1133));
#2349=EDGE_LOOP('',(#1134));
#2350=EDGE_LOOP('',(#1135));
#2351=EDGE_LOOP('',(#1136,#1137,#1138,#1139,#1140,#1141,#1142,#1143,#1144,
#1145,#1146,#1147,#1148,#1149,#1150,#1151,#1152,#1153,#1154,#1155,#1156,
#1157,#1158,#1159,#1160,#1161,#1162,#1163,#1164,#1165,#1166,#1167,#1168,
#1169,#1170,#1171,#1172,#1173,#1174,#1175));
#2352=EDGE_LOOP('',(#1176,#1177,#1178,#1179));
#2353=EDGE_LOOP('',(#1180,#1181,#1182,#1183));
#2354=EDGE_LOOP('',(#1184,#1185,#1186,#1187));
#2355=EDGE_LOOP('',(#1188,#1189,#1190,#1191));
#2356=EDGE_LOOP('',(#1192,#1193,#1194,#1195));
#2357=EDGE_LOOP('',(#1196,#1197,#1198,#1199,#1200,#1201));
#2358=EDGE_LOOP('',(#1202,#1203,#1204,#1205,#1206,#1207));
#2359=EDGE_LOOP('',(#1208,#1209,#1210,#1211));
#2360=FACE_BOUND('',#2192,.T.);
#2361=FACE_BOUND('',#2193,.T.);
#2362=FACE_BOUND('',#2194,.T.);
#2363=FACE_BOUND('',#2195,.T.);
#2364=FACE_BOUND('',#2196,.T.);
#2365=FACE_BOUND('',#2197,.T.);
#2366=FACE_BOUND('',#2198,.T.);
#2367=FACE_BOUND('',#2199,.T.);
#2368=FACE_BOUND('',#2200,.T.);
#2369=FACE_BOUND('',#2201,.T.);
#2370=FACE_BOUND('',#2202,.T.);
#2371=FACE_BOUND('',#2203,.T.);
#2372=FACE_BOUND('',#2204,.T.);
#2373=FACE_BOUND('',#2205,.T.);
#2374=FACE_BOUND('',#2206,.T.);
#2375=FACE_BOUND('',#2207,.T.);
#2376=FACE_BOUND('',#2208,.T.);
#2377=FACE_BOUND('',#2209,.T.);
#2378=FACE_BOUND('',#2210,.T.);
#2379=FACE_BOUND('',#2211,.T.);
#2380=FACE_BOUND('',#2212,.T.);
#2381=FACE_BOUND('',#2213,.T.);
#2382=FACE_BOUND('',#2214,.T.);
#2383=FACE_BOUND('',#2215,.T.);
#2384=FACE_BOUND('',#2216,.T.);
#2385=FACE_BOUND('',#2217,.T.);
#2386=FACE_BOUND('',#2218,.T.);
#2387=FACE_BOUND('',#2219,.T.);
#2388=FACE_BOUND('',#2220,.T.);
#2389=FACE_BOUND('',#2221,.T.);
#2390=FACE_BOUND('',#2222,.T.);
#2391=FACE_BOUND('',#2223,.T.);
#2392=FACE_BOUND('',#2224,.T.);
#2393=FACE_BOUND('',#2225,.T.);
#2394=FACE_BOUND('',#2226,.T.);
#2395=FACE_BOUND('',#2227,.T.);
#2396=FACE_BOUND('',#2228,.T.);
#2397=FACE_BOUND('',#2229,.T.);
#2398=FACE_BOUND('',#2230,.T.);
#2399=FACE_BOUND('',#2231,.T.);
#2400=FACE_BOUND('',#2232,.T.);
#2401=FACE_BOUND('',#2233,.T.);
#2402=FACE_BOUND('',#2234,.T.);
#2403=FACE_BOUND('',#2235,.T.);
#2404=FACE_BOUND('',#2236,.T.);
#2405=FACE_BOUND('',#2237,.T.);
#2406=FACE_BOUND('',#2238,.T.);
#2407=FACE_BOUND('',#2239,.T.);
#2408=FACE_BOUND('',#2240,.T.);
#2409=FACE_BOUND('',#2241,.T.);
#2410=FACE_BOUND('',#2242,.T.);
#2411=FACE_BOUND('',#2243,.T.);
#2412=FACE_BOUND('',#2244,.T.);
#2413=FACE_BOUND('',#2245,.T.);
#2414=FACE_BOUND('',#2246,.T.);
#2415=FACE_BOUND('',#2247,.T.);
#2416=FACE_BOUND('',#2248,.T.);
#2417=FACE_BOUND('',#2249,.T.);
#2418=FACE_BOUND('',#2250,.T.);
#2419=FACE_BOUND('',#2251,.T.);
#2420=FACE_BOUND('',#2252,.T.);
#2421=FACE_BOUND('',#2253,.T.);
#2422=FACE_BOUND('',#2254,.T.);
#2423=FACE_BOUND('',#2255,.T.);
#2424=FACE_BOUND('',#2256,.T.);
#2425=FACE_BOUND('',#2257,.T.);
#2426=FACE_BOUND('',#2258,.T.);
#2427=FACE_BOUND('',#2259,.T.);
#2428=FACE_BOUND('',#2260,.T.);
#2429=FACE_BOUND('',#2261,.T.);
#2430=FACE_BOUND('',#2262,.T.);
#2431=FACE_BOUND('',#2263,.T.);
#2432=FACE_BOUND('',#2264,.T.);
#2433=FACE_BOUND('',#2265,.T.);
#2434=FACE_BOUND('',#2266,.T.);
#2435=FACE_BOUND('',#2267,.T.);
#2436=FACE_BOUND('',#2268,.T.);
#2437=FACE_BOUND('',#2269,.T.);
#2438=FACE_BOUND('',#2270,.T.);
#2439=FACE_BOUND('',#2271,.T.);
#2440=FACE_BOUND('',#2272,.T.);
#2441=FACE_BOUND('',#2273,.T.);
#2442=FACE_BOUND('',#2274,.T.);
#2443=FACE_BOUND('',#2275,.T.);
#2444=FACE_BOUND('',#2276,.T.);
#2445=FACE_BOUND('',#2277,.T.);
#2446=FACE_BOUND('',#2278,.T.);
#2447=FACE_BOUND('',#2279,.T.);
#2448=FACE_BOUND('',#2280,.T.);
#2449=FACE_BOUND('',#2281,.T.);
#2450=FACE_BOUND('',#2282,.T.);
#2451=FACE_BOUND('',#2283,.T.);
#2452=FACE_BOUND('',#2284,.T.);
#2453=FACE_BOUND('',#2285,.T.);
#2454=FACE_BOUND('',#2286,.T.);
#2455=FACE_BOUND('',#2287,.T.);
#2456=FACE_BOUND('',#2288,.T.);
#2457=FACE_BOUND('',#2289,.T.);
#2458=FACE_BOUND('',#2290,.T.);
#2459=FACE_BOUND('',#2291,.T.);
#2460=FACE_BOUND('',#2292,.T.);
#2461=FACE_BOUND('',#2293,.T.);
#2462=FACE_BOUND('',#2294,.T.);
#2463=FACE_BOUND('',#2295,.T.);
#2464=FACE_BOUND('',#2296,.T.);
#2465=FACE_BOUND('',#2297,.T.);
#2466=FACE_BOUND('',#2298,.T.);
#2467=FACE_BOUND('',#2299,.T.);
#2468=FACE_BOUND('',#2300,.T.);
#2469=FACE_BOUND('',#2301,.T.);
#2470=FACE_BOUND('',#2302,.T.);
#2471=FACE_BOUND('',#2303,.T.);
#2472=FACE_BOUND('',#2304,.T.);
#2473=FACE_BOUND('',#2305,.T.);
#2474=FACE_BOUND('',#2306,.T.);
#2475=FACE_BOUND('',#2307,.T.);
#2476=FACE_BOUND('',#2308,.T.);
#2477=FACE_BOUND('',#2309,.T.);
#2478=FACE_BOUND('',#2310,.T.);
#2479=FACE_BOUND('',#2311,.T.);
#2480=FACE_BOUND('',#2312,.T.);
#2481=FACE_BOUND('',#2313,.T.);
#2482=FACE_BOUND('',#2314,.T.);
#2483=FACE_BOUND('',#2315,.T.);
#2484=FACE_BOUND('',#2316,.T.);
#2485=FACE_BOUND('',#2317,.T.);
#2486=FACE_BOUND('',#2318,.T.);
#2487=FACE_BOUND('',#2319,.T.);
#2488=FACE_BOUND('',#2320,.T.);
#2489=FACE_BOUND('',#2321,.T.);
#2490=FACE_BOUND('',#2322,.T.);
#2491=FACE_BOUND('',#2323,.T.);
#2492=FACE_BOUND('',#2324,.T.);
#2493=FACE_BOUND('',#2325,.T.);
#2494=FACE_BOUND('',#2326,.T.);
#2495=FACE_BOUND('',#2327,.T.);
#2496=FACE_BOUND('',#2328,.T.);
#2497=FACE_BOUND('',#2329,.T.);
#2498=FACE_BOUND('',#2330,.T.);
#2499=FACE_BOUND('',#2331,.T.);
#2500=FACE_BOUND('',#2332,.T.);
#2501=FACE_BOUND('',#2333,.T.);
#2502=FACE_BOUND('',#2334,.T.);
#2503=FACE_BOUND('',#2335,.T.);
#2504=FACE_BOUND('',#2336,.T.);
#2505=FACE_BOUND('',#2337,.T.);
#2506=FACE_BOUND('',#2338,.T.);
#2507=FACE_BOUND('',#2339,.T.);
#2508=FACE_BOUND('',#2340,.T.);
#2509=FACE_BOUND('',#2341,.T.);
#2510=FACE_BOUND('',#2342,.T.);
#2511=FACE_BOUND('',#2343,.T.);
#2512=FACE_BOUND('',#2344,.T.);
#2513=FACE_BOUND('',#2345,.T.);
#2514=FACE_BOUND('',#2346,.T.);
#2515=FACE_BOUND('',#2347,.T.);
#2516=FACE_BOUND('',#2348,.T.);
#2517=FACE_BOUND('',#2349,.T.);
#2518=FACE_BOUND('',#2350,.T.);
#2519=FACE_BOUND('',#2351,.T.);
#2520=FACE_BOUND('',#2352,.T.);
#2521=FACE_BOUND('',#2353,.T.);
#2522=FACE_BOUND('',#2354,.T.);
#2523=FACE_BOUND('',#2355,.T.);
#2524=FACE_BOUND('',#2356,.T.);
#2525=FACE_BOUND('',#2357,.T.);
#2526=FACE_BOUND('',#2358,.T.);
#2527=FACE_BOUND('',#2359,.T.);
#2528=CYLINDRICAL_SURFACE('',#2728,0.002);
#2529=CYLINDRICAL_SURFACE('',#2738,0.0150306334491363);
#2530=CYLINDRICAL_SURFACE('',#2746,0.0150306334491313);
#2531=CYLINDRICAL_SURFACE('',#2754,0.0150306334491188);
#2532=CYLINDRICAL_SURFACE('',#2762,0.0150306334492263);
#2533=CYLINDRICAL_SURFACE('',#2770,0.0150306334493474);
#2534=CYLINDRICAL_SURFACE('',#2778,0.0150306334491363);
#2535=CYLINDRICAL_SURFACE('',#2786,0.0150306334491391);
#2536=CYLINDRICAL_SURFACE('',#2794,0.0150306334491188);
#2537=CYLINDRICAL_SURFACE('',#2802,0.0150306334492178);
#2538=CYLINDRICAL_SURFACE('',#2810,0.0150306334493492);
#2539=CYLINDRICAL_SURFACE('',#2818,0.0150306334491418);
#2540=CYLINDRICAL_SURFACE('',#2826,0.0150306334491391);
#2541=CYLINDRICAL_SURFACE('',#2834,0.0150306334491188);
#2542=CYLINDRICAL_SURFACE('',#2842,0.0150306334492282);
#2543=CYLINDRICAL_SURFACE('',#2850,0.0150306334493501);
#2544=CYLINDRICAL_SURFACE('',#2858,0.0150306334491156);
#2545=CYLINDRICAL_SURFACE('',#2866,0.0150306334491566);
#2546=CYLINDRICAL_SURFACE('',#2874,0.0150306334490822);
#2547=CYLINDRICAL_SURFACE('',#2882,0.0150306334492282);
#2548=CYLINDRICAL_SURFACE('',#2889,0.00911611652351682);
#2549=CYLINDRICAL_SURFACE('',#2890,0.0150306334493474);
#2550=ADVANCED_FACE('',(#2360),#2528,.F.);
#2551=ADVANCED_FACE('',(#2361),#295,.T.);
#2552=ADVANCED_FACE('',(#2362),#296,.T.);
#2553=ADVANCED_FACE('',(#2363),#297,.F.);
#2554=ADVANCED_FACE('',(#2364),#52,.T.);
#2555=ADVANCED_FACE('',(#2365),#53,.T.);
#2556=ADVANCED_FACE('',(#2366),#12,.T.);
#2557=ADVANCED_FACE('',(#2367),#2529,.T.);
#2558=ADVANCED_FACE('',(#2368),#13,.T.);
#2559=ADVANCED_FACE('',(#2369),#298,.T.);
#2560=ADVANCED_FACE('',(#2370),#299,.T.);
#2561=ADVANCED_FACE('',(#2371),#300,.F.);
#2562=ADVANCED_FACE('',(#2372),#54,.T.);
#2563=ADVANCED_FACE('',(#2373),#55,.T.);
#2564=ADVANCED_FACE('',(#2374),#14,.T.);
#2565=ADVANCED_FACE('',(#2375),#2530,.T.);
#2566=ADVANCED_FACE('',(#2376),#15,.T.);
#2567=ADVANCED_FACE('',(#2377),#301,.T.);
#2568=ADVANCED_FACE('',(#2378),#302,.T.);
#2569=ADVANCED_FACE('',(#2379),#303,.F.);
#2570=ADVANCED_FACE('',(#2380),#56,.T.);
#2571=ADVANCED_FACE('',(#2381),#57,.T.);
#2572=ADVANCED_FACE('',(#2382),#16,.T.);
#2573=ADVANCED_FACE('',(#2383),#2531,.T.);
#2574=ADVANCED_FACE('',(#2384),#17,.T.);
#2575=ADVANCED_FACE('',(#2385),#304,.T.);
#2576=ADVANCED_FACE('',(#2386),#305,.T.);
#2577=ADVANCED_FACE('',(#2387),#306,.F.);
#2578=ADVANCED_FACE('',(#2388),#58,.T.);
#2579=ADVANCED_FACE('',(#2389),#59,.T.);
#2580=ADVANCED_FACE('',(#2390),#18,.T.);
#2581=ADVANCED_FACE('',(#2391),#2532,.T.);
#2582=ADVANCED_FACE('',(#2392),#19,.T.);
#2583=ADVANCED_FACE('',(#2393),#307,.T.);
#2584=ADVANCED_FACE('',(#2394),#308,.T.);
#2585=ADVANCED_FACE('',(#2395),#309,.F.);
#2586=ADVANCED_FACE('',(#2396),#60,.T.);
#2587=ADVANCED_FACE('',(#2397),#61,.T.);
#2588=ADVANCED_FACE('',(#2398),#20,.T.);
#2589=ADVANCED_FACE('',(#2399),#2533,.T.);
#2590=ADVANCED_FACE('',(#2400),#21,.T.);
#2591=ADVANCED_FACE('',(#2401),#310,.T.);
#2592=ADVANCED_FACE('',(#2402),#311,.T.);
#2593=ADVANCED_FACE('',(#2403),#312,.F.);
#2594=ADVANCED_FACE('',(#2404),#62,.T.);
#2595=ADVANCED_FACE('',(#2405),#63,.T.);
#2596=ADVANCED_FACE('',(#2406),#22,.T.);
#2597=ADVANCED_FACE('',(#2407),#2534,.T.);
#2598=ADVANCED_FACE('',(#2408),#23,.T.);
#2599=ADVANCED_FACE('',(#2409),#313,.T.);
#2600=ADVANCED_FACE('',(#2410),#314,.T.);
#2601=ADVANCED_FACE('',(#2411),#315,.F.);
#2602=ADVANCED_FACE('',(#2412),#64,.T.);
#2603=ADVANCED_FACE('',(#2413),#65,.T.);
#2604=ADVANCED_FACE('',(#2414),#24,.T.);
#2605=ADVANCED_FACE('',(#2415),#2535,.T.);
#2606=ADVANCED_FACE('',(#2416),#25,.T.);
#2607=ADVANCED_FACE('',(#2417),#316,.T.);
#2608=ADVANCED_FACE('',(#2418),#317,.T.);
#2609=ADVANCED_FACE('',(#2419),#318,.F.);
#2610=ADVANCED_FACE('',(#2420),#66,.T.);
#2611=ADVANCED_FACE('',(#2421),#67,.T.);
#2612=ADVANCED_FACE('',(#2422),#26,.T.);
#2613=ADVANCED_FACE('',(#2423),#2536,.T.);
#2614=ADVANCED_FACE('',(#2424),#27,.T.);
#2615=ADVANCED_FACE('',(#2425),#319,.T.);
#2616=ADVANCED_FACE('',(#2426),#320,.T.);
#2617=ADVANCED_FACE('',(#2427),#321,.F.);
#2618=ADVANCED_FACE('',(#2428),#68,.T.);
#2619=ADVANCED_FACE('',(#2429),#69,.T.);
#2620=ADVANCED_FACE('',(#2430),#28,.T.);
#2621=ADVANCED_FACE('',(#2431),#2537,.T.);
#2622=ADVANCED_FACE('',(#2432),#29,.T.);
#2623=ADVANCED_FACE('',(#2433),#322,.T.);
#2624=ADVANCED_FACE('',(#2434),#323,.T.);
#2625=ADVANCED_FACE('',(#2435),#324,.F.);
#2626=ADVANCED_FACE('',(#2436),#70,.T.);
#2627=ADVANCED_FACE('',(#2437),#71,.T.);
#2628=ADVANCED_FACE('',(#2438),#30,.T.);
#2629=ADVANCED_FACE('',(#2439),#2538,.T.);
#2630=ADVANCED_FACE('',(#2440),#31,.T.);
#2631=ADVANCED_FACE('',(#2441),#325,.T.);
#2632=ADVANCED_FACE('',(#2442),#326,.T.);
#2633=ADVANCED_FACE('',(#2443),#327,.F.);
#2634=ADVANCED_FACE('',(#2444),#72,.T.);
#2635=ADVANCED_FACE('',(#2445),#73,.T.);
#2636=ADVANCED_FACE('',(#2446),#32,.T.);
#2637=ADVANCED_FACE('',(#2447),#2539,.T.);
#2638=ADVANCED_FACE('',(#2448),#33,.T.);
#2639=ADVANCED_FACE('',(#2449),#328,.T.);
#2640=ADVANCED_FACE('',(#2450),#329,.T.);
#2641=ADVANCED_FACE('',(#2451),#330,.F.);
#2642=ADVANCED_FACE('',(#2452),#74,.T.);
#2643=ADVANCED_FACE('',(#2453),#75,.T.);
#2644=ADVANCED_FACE('',(#2454),#34,.T.);
#2645=ADVANCED_FACE('',(#2455),#2540,.T.);
#2646=ADVANCED_FACE('',(#2456),#35,.T.);
#2647=ADVANCED_FACE('',(#2457),#331,.T.);
#2648=ADVANCED_FACE('',(#2458),#332,.T.);
#2649=ADVANCED_FACE('',(#2459),#333,.F.);
#2650=ADVANCED_FACE('',(#2460),#76,.T.);
#2651=ADVANCED_FACE('',(#2461),#77,.T.);
#2652=ADVANCED_FACE('',(#2462),#36,.T.);
#2653=ADVANCED_FACE('',(#2463),#2541,.T.);
#2654=ADVANCED_FACE('',(#2464),#37,.T.);
#2655=ADVANCED_FACE('',(#2465),#334,.T.);
#2656=ADVANCED_FACE('',(#2466),#335,.T.);
#2657=ADVANCED_FACE('',(#2467),#336,.F.);
#2658=ADVANCED_FACE('',(#2468),#78,.T.);
#2659=ADVANCED_FACE('',(#2469),#79,.T.);
#2660=ADVANCED_FACE('',(#2470),#38,.T.);
#2661=ADVANCED_FACE('',(#2471),#2542,.T.);
#2662=ADVANCED_FACE('',(#2472),#39,.T.);
#2663=ADVANCED_FACE('',(#2473),#337,.T.);
#2664=ADVANCED_FACE('',(#2474),#338,.T.);
#2665=ADVANCED_FACE('',(#2475),#339,.F.);
#2666=ADVANCED_FACE('',(#2476),#80,.T.);
#2667=ADVANCED_FACE('',(#2477),#81,.T.);
#2668=ADVANCED_FACE('',(#2478),#40,.T.);
#2669=ADVANCED_FACE('',(#2479),#2543,.T.);
#2670=ADVANCED_FACE('',(#2480),#41,.T.);
#2671=ADVANCED_FACE('',(#2481),#340,.T.);
#2672=ADVANCED_FACE('',(#2482),#341,.T.);
#2673=ADVANCED_FACE('',(#2483),#342,.F.);
#2674=ADVANCED_FACE('',(#2484),#82,.T.);
#2675=ADVANCED_FACE('',(#2485),#83,.T.);
#2676=ADVANCED_FACE('',(#2486),#42,.T.);
#2677=ADVANCED_FACE('',(#2487),#2544,.T.);
#2678=ADVANCED_FACE('',(#2488),#43,.T.);
#2679=ADVANCED_FACE('',(#2489),#343,.T.);
#2680=ADVANCED_FACE('',(#2490),#344,.T.);
#2681=ADVANCED_FACE('',(#2491),#345,.F.);
#2682=ADVANCED_FACE('',(#2492),#84,.T.);
#2683=ADVANCED_FACE('',(#2493),#85,.T.);
#2684=ADVANCED_FACE('',(#2494),#44,.T.);
#2685=ADVANCED_FACE('',(#2495),#2545,.T.);
#2686=ADVANCED_FACE('',(#2496),#45,.T.);
#2687=ADVANCED_FACE('',(#2497),#346,.T.);
#2688=ADVANCED_FACE('',(#2498),#347,.T.);
#2689=ADVANCED_FACE('',(#2499),#348,.F.);
#2690=ADVANCED_FACE('',(#2500),#86,.T.);
#2691=ADVANCED_FACE('',(#2501),#87,.T.);
#2692=ADVANCED_FACE('',(#2502),#46,.T.);
#2693=ADVANCED_FACE('',(#2503),#2546,.T.);
#2694=ADVANCED_FACE('',(#2504),#47,.T.);
#2695=ADVANCED_FACE('',(#2505),#349,.T.);
#2696=ADVANCED_FACE('',(#2506),#350,.T.);
#2697=ADVANCED_FACE('',(#2507),#351,.F.);
#2698=ADVANCED_FACE('',(#2508),#88,.T.);
#2699=ADVANCED_FACE('',(#2509),#89,.T.);
#2700=ADVANCED_FACE('',(#2510),#48,.T.);
#2701=ADVANCED_FACE('',(#2511),#2547,.T.);
#2702=ADVANCED_FACE('',(#2512),#49,.T.);
#2703=ADVANCED_FACE('',(#2513),#352,.T.);
#2704=ADVANCED_FACE('',(#2514,#2515),#90,.F.);
#2705=ADVANCED_FACE('',(#2516,#2517),#91,.F.);
#2706=ADVANCED_FACE('',(#2518,#2519),#2548,.T.);
#2707=ADVANCED_FACE('',(#2520),#2549,.T.);
#2708=ADVANCED_FACE('',(#2521),#50,.T.);
#2709=ADVANCED_FACE('',(#2522),#51,.T.);
#2710=ADVANCED_FACE('',(#2523),#92,.T.);
#2711=ADVANCED_FACE('',(#2524),#93,.T.);
#2712=ADVANCED_FACE('',(#2525),#353,.T.);
#2713=ADVANCED_FACE('',(#2526),#354,.F.);
#2714=ADVANCED_FACE('',(#2527),#94,.T.);
#2715=CLOSED_SHELL('',(#2550,#2551,#2552,#2553,#2554,#2555,#2556,#2557,
#2558,#2559,#2560,#2561,#2562,#2563,#2564,#2565,#2566,#2567,#2568,#2569,
#2570,#2571,#2572,#2573,#2574,#2575,#2576,#2577,#2578,#2579,#2580,#2581,
#2582,#2583,#2584,#2585,#2586,#2587,#2588,#2589,#2590,#2591,#2592,#2593,
#2594,#2595,#2596,#2597,#2598,#2599,#2600,#2601,#2602,#2603,#2604,#2605,
#2606,#2607,#2608,#2609,#2610,#2611,#2612,#2613,#2614,#2615,#2616,#2617,
#2618,#2619,#2620,#2621,#2622,#2623,#2624,#2625,#2626,#2627,#2628,#2629,
#2630,#2631,#2632,#2633,#2634,#2635,#2636,#2637,#2638,#2639,#2640,#2641,
#2642,#2643,#2644,#2645,#2646,#2647,#2648,#2649,#2650,#2651,#2652,#2653,
#2654,#2655,#2656,#2657,#2658,#2659,#2660,#2661,#2662,#2663,#2664,#2665,
#2666,#2667,#2668,#2669,#2670,#2671,#2672,#2673,#2674,#2675,#2676,#2677,
#2678,#2679,#2680,#2681,#2682,#2683,#2684,#2685,#2686,#2687,#2688,#2689,
#2690,#2691,#2692,#2693,#2694,#2695,#2696,#2697,#2698,#2699,#2700,#2701,
#2702,#2703,#2704,#2705,#2706,#2707,#2708,#2709,#2710,#2711,#2712,#2713,
#2714));
#2716=STYLED_ITEM('',(#2717),#2724);
#2717=PRESENTATION_STYLE_ASSIGNMENT((#2718));
#2718=SURFACE_STYLE_USAGE(.BOTH.,#2719);
#2719=SURFACE_SIDE_STYLE('',(#2720));
#2720=SURFACE_STYLE_FILL_AREA(#2721);
#2721=FILL_AREA_STYLE('',(#2722));
#2722=FILL_AREA_STYLE_COLOUR('',#2723);
#2723=COLOUR_RGB('',0.615686274509804,0.811764705882353,0.929411764705882);
#2724=MANIFOLD_SOLID_BREP('Bevel 1M 20T 45deg',#2715);
#2725=SHAPE_DEFINITION_REPRESENTATION(#10762,#2726);
#2726=SHAPE_REPRESENTATION('Bevel 1M 20T 45deg',(#2727),#10757);
#2727=AXIS2_PLACEMENT_3D('',#3398,#2896,#2897);
#2728=AXIS2_PLACEMENT_3D('',#3399,#2898,#2899);
#2729=AXIS2_PLACEMENT_3D('',#3403,#2901,#2902);
#2730=AXIS2_PLACEMENT_3D('',#3407,#2904,#2905);
#2731=AXIS2_PLACEMENT_3D('',#3408,#2906,#2907);
#2732=AXIS2_PLACEMENT_3D('',#3409,#2908,#2909);
#2733=AXIS2_PLACEMENT_3D('',#3414,#2911,#2912);
#2734=AXIS2_PLACEMENT_3D('',#3417,#2914,#2915);
#2735=AXIS2_PLACEMENT_3D('',#3443,#2918,#2919);
#2736=AXIS2_PLACEMENT_3D('',#3473,#2920,#2921);
#2737=AXIS2_PLACEMENT_3D('',#3475,#2923,#2924);
#2738=AXIS2_PLACEMENT_3D('',#3666,#2928,#2929);
#2739=AXIS2_PLACEMENT_3D('',#3778,#2931,#2932);
#2740=AXIS2_PLACEMENT_3D('',#3779,#2933,#2934);
#2741=AXIS2_PLACEMENT_3D('',#3784,#2936,#2937);
#2742=AXIS2_PLACEMENT_3D('',#3787,#2939,#2940);
#2743=AXIS2_PLACEMENT_3D('',#3812,#2943,#2944);
#2744=AXIS2_PLACEMENT_3D('',#3841,#2945,#2946);
#2745=AXIS2_PLACEMENT_3D('',#3843,#2948,#2949);
#2746=AXIS2_PLACEMENT_3D('',#4033,#2952,#2953);
#2747=AXIS2_PLACEMENT_3D('',#4145,#2955,#2956);
#2748=AXIS2_PLACEMENT_3D('',#4146,#2957,#2958);
#2749=AXIS2_PLACEMENT_3D('',#4151,#2960,#2961);
#2750=AXIS2_PLACEMENT_3D('',#4154,#2963,#2964);
#2751=AXIS2_PLACEMENT_3D('',#4179,#2967,#2968);
#2752=AXIS2_PLACEMENT_3D('',#4208,#2969,#2970);
#2753=AXIS2_PLACEMENT_3D('',#4210,#2972,#2973);
#2754=AXIS2_PLACEMENT_3D('',#4400,#2976,#2977);
#2755=AXIS2_PLACEMENT_3D('',#4512,#2979,#2980);
#2756=AXIS2_PLACEMENT_3D('',#4513,#2981,#2982);
#2757=AXIS2_PLACEMENT_3D('',#4518,#2984,#2985);
#2758=AXIS2_PLACEMENT_3D('',#4521,#2987,#2988);
#2759=AXIS2_PLACEMENT_3D('',#4546,#2991,#2992);
#2760=AXIS2_PLACEMENT_3D('',#4575,#2993,#2994);
#2761=AXIS2_PLACEMENT_3D('',#4577,#2996,#2997);
#2762=AXIS2_PLACEMENT_3D('',#4767,#3000,#3001);
#2763=AXIS2_PLACEMENT_3D('',#4879,#3003,#3004);
#2764=AXIS2_PLACEMENT_3D('',#4880,#3005,#3006);
#2765=AXIS2_PLACEMENT_3D('',#4885,#3008,#3009);
#2766=AXIS2_PLACEMENT_3D('',#4888,#3011,#3012);
#2767=AXIS2_PLACEMENT_3D('',#4913,#3015,#3016);
#2768=AXIS2_PLACEMENT_3D('',#4942,#3017,#3018);
#2769=AXIS2_PLACEMENT_3D('',#4944,#3020,#3021);
#2770=AXIS2_PLACEMENT_3D('',#5134,#3024,#3025);
#2771=AXIS2_PLACEMENT_3D('',#5246,#3027,#3028);
#2772=AXIS2_PLACEMENT_3D('',#5247,#3029,#3030);
#2773=AXIS2_PLACEMENT_3D('',#5252,#3032,#3033);
#2774=AXIS2_PLACEMENT_3D('',#5255,#3035,#3036);
#2775=AXIS2_PLACEMENT_3D('',#5280,#3039,#3040);
#2776=AXIS2_PLACEMENT_3D('',#5309,#3041,#3042);
#2777=AXIS2_PLACEMENT_3D('',#5311,#3044,#3045);
#2778=AXIS2_PLACEMENT_3D('',#5501,#3048,#3049);
#2779=AXIS2_PLACEMENT_3D('',#5613,#3051,#3052);
#2780=AXIS2_PLACEMENT_3D('',#5614,#3053,#3054);
#2781=AXIS2_PLACEMENT_3D('',#5619,#3056,#3057);
#2782=AXIS2_PLACEMENT_3D('',#5622,#3059,#3060);
#2783=AXIS2_PLACEMENT_3D('',#5647,#3063,#3064);
#2784=AXIS2_PLACEMENT_3D('',#5676,#3065,#3066);
#2785=AXIS2_PLACEMENT_3D('',#5678,#3068,#3069);
#2786=AXIS2_PLACEMENT_3D('',#5868,#3072,#3073);
#2787=AXIS2_PLACEMENT_3D('',#5980,#3075,#3076);
#2788=AXIS2_PLACEMENT_3D('',#5981,#3077,#3078);
#2789=AXIS2_PLACEMENT_3D('',#5986,#3080,#3081);
#2790=AXIS2_PLACEMENT_3D('',#5989,#3083,#3084);
#2791=AXIS2_PLACEMENT_3D('',#6014,#3087,#3088);
#2792=AXIS2_PLACEMENT_3D('',#6043,#3089,#3090);
#2793=AXIS2_PLACEMENT_3D('',#6045,#3092,#3093);
#2794=AXIS2_PLACEMENT_3D('',#6235,#3096,#3097);
#2795=AXIS2_PLACEMENT_3D('',#6347,#3099,#3100);
#2796=AXIS2_PLACEMENT_3D('',#6348,#3101,#3102);
#2797=AXIS2_PLACEMENT_3D('',#6353,#3104,#3105);
#2798=AXIS2_PLACEMENT_3D('',#6356,#3107,#3108);
#2799=AXIS2_PLACEMENT_3D('',#6381,#3111,#3112);
#2800=AXIS2_PLACEMENT_3D('',#6410,#3113,#3114);
#2801=AXIS2_PLACEMENT_3D('',#6412,#3116,#3117);
#2802=AXIS2_PLACEMENT_3D('',#6602,#3120,#3121);
#2803=AXIS2_PLACEMENT_3D('',#6714,#3123,#3124);
#2804=AXIS2_PLACEMENT_3D('',#6715,#3125,#3126);
#2805=AXIS2_PLACEMENT_3D('',#6720,#3128,#3129);
#2806=AXIS2_PLACEMENT_3D('',#6723,#3131,#3132);
#2807=AXIS2_PLACEMENT_3D('',#6748,#3135,#3136);
#2808=AXIS2_PLACEMENT_3D('',#6777,#3137,#3138);
#2809=AXIS2_PLACEMENT_3D('',#6779,#3140,#3141);
#2810=AXIS2_PLACEMENT_3D('',#6969,#3144,#3145);
#2811=AXIS2_PLACEMENT_3D('',#7081,#3147,#3148);
#2812=AXIS2_PLACEMENT_3D('',#7082,#3149,#3150);
#2813=AXIS2_PLACEMENT_3D('',#7087,#3152,#3153);
#2814=AXIS2_PLACEMENT_3D('',#7090,#3155,#3156);
#2815=AXIS2_PLACEMENT_3D('',#7115,#3159,#3160);
#2816=AXIS2_PLACEMENT_3D('',#7144,#3161,#3162);
#2817=AXIS2_PLACEMENT_3D('',#7146,#3164,#3165);
#2818=AXIS2_PLACEMENT_3D('',#7336,#3168,#3169);
#2819=AXIS2_PLACEMENT_3D('',#7448,#3171,#3172);
#2820=AXIS2_PLACEMENT_3D('',#7449,#3173,#3174);
#2821=AXIS2_PLACEMENT_3D('',#7454,#3176,#3177);
#2822=AXIS2_PLACEMENT_3D('',#7457,#3179,#3180);
#2823=AXIS2_PLACEMENT_3D('',#7482,#3183,#3184);
#2824=AXIS2_PLACEMENT_3D('',#7511,#3185,#3186);
#2825=AXIS2_PLACEMENT_3D('',#7513,#3188,#3189);
#2826=AXIS2_PLACEMENT_3D('',#7703,#3192,#3193);
#2827=AXIS2_PLACEMENT_3D('',#7815,#3195,#3196);
#2828=AXIS2_PLACEMENT_3D('',#7816,#3197,#3198);
#2829=AXIS2_PLACEMENT_3D('',#7821,#3200,#3201);
#2830=AXIS2_PLACEMENT_3D('',#7824,#3203,#3204);
#2831=AXIS2_PLACEMENT_3D('',#7849,#3207,#3208);
#2832=AXIS2_PLACEMENT_3D('',#7878,#3209,#3210);
#2833=AXIS2_PLACEMENT_3D('',#7880,#3212,#3213);
#2834=AXIS2_PLACEMENT_3D('',#8070,#3216,#3217);
#2835=AXIS2_PLACEMENT_3D('',#8182,#3219,#3220);
#2836=AXIS2_PLACEMENT_3D('',#8183,#3221,#3222);
#2837=AXIS2_PLACEMENT_3D('',#8188,#3224,#3225);
#2838=AXIS2_PLACEMENT_3D('',#8191,#3227,#3228);
#2839=AXIS2_PLACEMENT_3D('',#8216,#3231,#3232);
#2840=AXIS2_PLACEMENT_3D('',#8245,#3233,#3234);
#2841=AXIS2_PLACEMENT_3D('',#8247,#3236,#3237);
#2842=AXIS2_PLACEMENT_3D('',#8437,#3240,#3241);
#2843=AXIS2_PLACEMENT_3D('',#8549,#3243,#3244);
#2844=AXIS2_PLACEMENT_3D('',#8550,#3245,#3246);
#2845=AXIS2_PLACEMENT_3D('',#8555,#3248,#3249);
#2846=AXIS2_PLACEMENT_3D('',#8558,#3251,#3252);
#2847=AXIS2_PLACEMENT_3D('',#8583,#3255,#3256);
#2848=AXIS2_PLACEMENT_3D('',#8612,#3257,#3258);
#2849=AXIS2_PLACEMENT_3D('',#8614,#3260,#3261);
#2850=AXIS2_PLACEMENT_3D('',#8804,#3264,#3265);
#2851=AXIS2_PLACEMENT_3D('',#8916,#3267,#3268);
#2852=AXIS2_PLACEMENT_3D('',#8917,#3269,#3270);
#2853=AXIS2_PLACEMENT_3D('',#8922,#3272,#3273);
#2854=AXIS2_PLACEMENT_3D('',#8925,#3275,#3276);
#2855=AXIS2_PLACEMENT_3D('',#8950,#3279,#3280);
#2856=AXIS2_PLACEMENT_3D('',#8979,#3281,#3282);
#2857=AXIS2_PLACEMENT_3D('',#8981,#3284,#3285);
#2858=AXIS2_PLACEMENT_3D('',#9171,#3288,#3289);
#2859=AXIS2_PLACEMENT_3D('',#9283,#3291,#3292);
#2860=AXIS2_PLACEMENT_3D('',#9284,#3293,#3294);
#2861=AXIS2_PLACEMENT_3D('',#9289,#3296,#3297);
#2862=AXIS2_PLACEMENT_3D('',#9292,#3299,#3300);
#2863=AXIS2_PLACEMENT_3D('',#9317,#3303,#3304);
#2864=AXIS2_PLACEMENT_3D('',#9346,#3305,#3306);
#2865=AXIS2_PLACEMENT_3D('',#9348,#3308,#3309);
#2866=AXIS2_PLACEMENT_3D('',#9538,#3312,#3313);
#2867=AXIS2_PLACEMENT_3D('',#9650,#3315,#3316);
#2868=AXIS2_PLACEMENT_3D('',#9651,#3317,#3318);
#2869=AXIS2_PLACEMENT_3D('',#9656,#3320,#3321);
#2870=AXIS2_PLACEMENT_3D('',#9659,#3323,#3324);
#2871=AXIS2_PLACEMENT_3D('',#9684,#3327,#3328);
#2872=AXIS2_PLACEMENT_3D('',#9713,#3329,#3330);
#2873=AXIS2_PLACEMENT_3D('',#9715,#3332,#3333);
#2874=AXIS2_PLACEMENT_3D('',#9905,#3336,#3337);
#2875=AXIS2_PLACEMENT_3D('',#10017,#3339,#3340);
#2876=AXIS2_PLACEMENT_3D('',#10018,#3341,#3342);
#2877=AXIS2_PLACEMENT_3D('',#10023,#3344,#3345);
#2878=AXIS2_PLACEMENT_3D('',#10026,#3347,#3348);
#2879=AXIS2_PLACEMENT_3D('',#10051,#3351,#3352);
#2880=AXIS2_PLACEMENT_3D('',#10080,#3353,#3354);
#2881=AXIS2_PLACEMENT_3D('',#10082,#3356,#3357);
#2882=AXIS2_PLACEMENT_3D('',#10272,#3360,#3361);
#2883=AXIS2_PLACEMENT_3D('',#10384,#3363,#3364);
#2884=AXIS2_PLACEMENT_3D('',#10385,#3365,#3366);
#2885=AXIS2_PLACEMENT_3D('',#10389,#3368,#3369);
#2886=AXIS2_PLACEMENT_3D('',#10390,#3370,#3371);
#2887=AXIS2_PLACEMENT_3D('',#10396,#3373,#3374);
#2888=AXIS2_PLACEMENT_3D('',#10398,#3376,#3377);
#2889=AXIS2_PLACEMENT_3D('',#10400,#3378,#3379);
#2890=AXIS2_PLACEMENT_3D('',#10405,#3380,#3381);
#2891=AXIS2_PLACEMENT_3D('',#10741,#3386,#3387);
#2892=AXIS2_PLACEMENT_3D('',#10747,#3389,#3390);
#2893=AXIS2_PLACEMENT_3D('',#10753,#3392,#3393);
#2894=AXIS2_PLACEMENT_3D('',#10754,#3394,#3395);
#2895=AXIS2_PLACEMENT_3D('',#10755,#3396,#3397);
#2896=DIRECTION('',(0.,0.,1.));
#2897=DIRECTION('',(1.,0.,0.));
#2898=DIRECTION('',(0.,0.,-1.));
#2899=DIRECTION('',(-1.,0.,0.));
#2900=DIRECTION('',(0.,0.,-1.));
#2901=DIRECTION('',(0.,0.,-1.));
#2902=DIRECTION('',(-1.,0.,0.));
#2903=DIRECTION('',(0.,0.,-1.));
#2904=DIRECTION('',(0.,0.,1.));
#2905=DIRECTION('',(1.,0.,0.));
#2906=DIRECTION('',(0.,0.,-1.));
#2907=DIRECTION('',(-1.,0.,0.));
#2908=DIRECTION('',(0.,0.,-1.));
#2909=DIRECTION('',(-1.,0.,0.));
#2910=DIRECTION('',(-0.589047599068076,0.255577291207318,0.766618010648893));
#2911=DIRECTION('',(0.,0.,-1.));
#2912=DIRECTION('',(-1.,0.,0.));
#2913=DIRECTION('',(-0.552998386640231,0.326327470026384,0.766618005710459));
#2914=DIRECTION('',(0.,0.,1.));
#2915=DIRECTION('',(0.951056516295154,-0.309016994374948,0.));
#2916=DIRECTION('',(0.656592927225613,-0.28487492508656,0.698378124638957));
#2917=DIRECTION('',(-0.698640459069694,0.155465442716818,-0.698378124708779));
#2918=DIRECTION('',(0.,0.,1.));
#2919=DIRECTION('',(0.951056516295154,-0.309016994374948,0.));
#2920=DIRECTION('',(-0.398025453256123,-0.917374372070394,5.35804849373601E-6));
#2921=DIRECTION('',(0.917374372083562,-0.398025453261837,0.));
#2922=DIRECTION('',(-0.609558978558791,0.264479302980869,0.747320914971017));
#2923=DIRECTION('',(0.21721057169072,0.976124770477985,2.25675513267553E-6));
#2924=DIRECTION('',(-0.97612477048047,0.217210571691273,0.));
#2925=DIRECTION('',(-0.648600678371395,0.144321478345092,0.747320862082984));
#2926=DIRECTION('',(-0.626773453084431,0.139469967480952,0.766618005710459));
#2927=DIRECTION('',(-0.725039385250085,0.211369560563093,0.655469906787142));
#2928=DIRECTION('',(-0.716548983678176,0.238578273649853,0.655467742403872));
#2929=DIRECTION('',(0.674958331269311,0.,0.737855847066449));
#2930=DIRECTION('',(-0.710808806474232,0.255165226780389,0.655470478115369));
#2931=DIRECTION('',(0.,0.,-1.));
#2932=DIRECTION('',(-1.,0.,0.));
#2933=DIRECTION('',(0.,0.,-1.));
#2934=DIRECTION('',(-1.,0.,0.));
#2935=DIRECTION('',(-0.481239831142332,0.42509416682758,0.766618010648893));
#2936=DIRECTION('',(0.,0.,-1.));
#2937=DIRECTION('',(-1.,0.,0.));
#2938=DIRECTION('',(-0.425091985145359,0.481241766148469,0.766618005710459));
#2939=DIRECTION('',(0.,0.,1.));
#2940=DIRECTION('',(0.809016994374947,-0.587785252292473,0.));
#2941=DIRECTION('',(0.536425788868205,-0.473830526731757,0.698378124638959));
#2942=DIRECTION('',(-0.616405097308132,0.363748197164992,-0.698378124708792));
#2943=DIRECTION('',(0.,0.,1.));
#2944=DIRECTION('',(0.809016994374947,-0.587785252292473,0.));
#2945=DIRECTION('',(-0.662028972144352,-0.749478245189801,5.35804850369737E-6));
#2946=DIRECTION('',(0.749478245200559,-0.662028972153855,0.));
#2947=DIRECTION('',(-0.497996439343027,0.439898847973656,0.747320914971017));
#2948=DIRECTION('',(0.508218672322698,0.861228065669867,2.25675514377649E-6));
#2949=DIRECTION('',(-0.86122806567206,0.508218672323993,0.));
#2950=DIRECTION('',(-0.572258112176623,0.33768651460133,0.747320862082984));
#2951=DIRECTION('',(-0.624236645605165,0.425073889553413,0.655469906787142));
#2952=DIRECTION('',(-0.607753839125113,0.448327235060125,0.655467742403873));
#2953=DIRECTION('',(0.733292431860137,0.,0.679913383731079));
#2954=DIRECTION('',(-0.597168955788621,0.46232855261333,0.655470478115369));
#2955=DIRECTION('',(0.,0.,-1.));
#2956=DIRECTION('',(-1.,0.,0.));
#2957=DIRECTION('',(0.,0.,-1.));
#2958=DIRECTION('',(-1.,0.,0.));
#2959=DIRECTION('',(-0.326324955549313,0.55299986359354,0.766618010648893));
#2960=DIRECTION('',(0.,0.,-1.));
#2961=DIRECTION('',(-1.,0.,0.));
#2962=DIRECTION('',(-0.255574618354451,0.589048765191386,0.766618005710459));
#2963=DIRECTION('',(0.,0.,1.));
#2964=DIRECTION('',(0.587785252292473,-0.809016994374948,0.));
#2965=DIRECTION('',(0.363749556798097,-0.616404295049083,0.69837812463896));
#2966=DIRECTION('',(-0.473831709875227,0.536424743691939,-0.698378124708783));
#2967=DIRECTION('',(0.,0.,1.));
#2968=DIRECTION('',(0.587785252292473,-0.809016994374948,0.));
#2969=DIRECTION('',(-0.861228482612047,-0.508217965748008,5.35804848002021E-6));
#2970=DIRECTION('',(0.508217965755303,-0.861228482624409,0.));
#2971=DIRECTION('',(-0.337686538899149,0.572258028771284,0.747320914971017));
#2972=DIRECTION('',(0.749478788340026,0.662028357265211,2.25675513395813E-6));
#2973=DIRECTION('',(-0.662028357266896,0.749478788341935,0.));
#2974=DIRECTION('',(-0.439898934805285,0.497996442008095,0.747320862082984));
#2975=DIRECTION('',(-0.462329273775957,0.597169024570307,0.655469906787142));
#2976=DIRECTION('',(-0.439467514328582,0.614190803022827,0.655467742403875));
#2977=DIRECTION('',(0.,-0.729709492503421,0.683757308224489));
#2978=DIRECTION('',(-0.425074046989649,0.62423593848404,0.655470478115369));
#2979=DIRECTION('',(0.,0.,-1.));
#2980=DIRECTION('',(-1.,0.,0.));
#2981=DIRECTION('',(0.,0.,-1.));
#2982=DIRECTION('',(-1.,0.,0.));
#2983=DIRECTION('',(-0.139467119667469,0.626774080734354,0.766618010648893));
#2984=DIRECTION('',(0.,0.,-1.));
#2985=DIRECTION('',(-1.,0.,0.));
#2986=DIRECTION('',(-0.0610398272259277,0.639195566953298,0.766618005710459));
#2987=DIRECTION('',(0.,0.,1.));
#2988=DIRECTION('',(0.309016994374948,-0.951056516295154,0.));
#2989=DIRECTION('',(0.155466983716437,-0.698640116225714,0.698378124638962));
#2990=DIRECTION('',(-0.284876373300076,0.656592298815353,-0.69837812470879));
#2991=DIRECTION('',(0.,0.,1.));
#2992=DIRECTION('',(0.309016994374948,-0.951056516295154,0.));
#2993=DIRECTION('',(-0.976124948669972,-0.217209770856044,5.35804848857788E-6));
#2994=DIRECTION('',(0.217209770859162,-0.976124948683984,0.));
#2995=DIRECTION('',(-0.144321527227358,0.648600606556643,0.747320914971017));
#2996=DIRECTION('',(0.917374698628854,0.39802470062865,2.25675513528497E-6));
#2997=DIRECTION('',(-0.398024700629664,0.91737469863119,0.));
#2998=DIRECTION('',(-0.264479384739104,0.60955900792587,0.747320862082984));
#2999=DIRECTION('',(-0.255165891392094,0.71080909474101,0.655469906787142));
#3000=DIRECTION('',(-0.228163047279736,0.719933095866548,0.655467742403875));
#3001=DIRECTION('',(0.,-0.673225452436486,0.73943727941705));
#3002=DIRECTION('',(-0.211369928806296,0.725038761388404,0.655470478115369));
#3003=DIRECTION('',(0.,0.,-1.));
#3004=DIRECTION('',(-1.,0.,0.));
#3005=DIRECTION('',(0.,0.,-1.));
#3006=DIRECTION('',(-1.,0.,0.));
#3007=DIRECTION('',(0.0610427296119886,0.639195283861085,0.766618010648893));
#3008=DIRECTION('',(0.,0.,-1.));
#3009=DIRECTION('',(-1.,0.,0.));
#3010=DIRECTION('',(0.139469967480951,0.626773453084431,0.766618005710459));
#3011=DIRECTION('',(0.,0.,1.));
#3012=DIRECTION('',(-1.83697019872103E-16,-1.,0.));
#3013=DIRECTION('',(-0.0680337809335534,-0.712488175114266,0.698378124638958));
#3014=DIRECTION('',(-0.0680353524559096,0.71248802498318,-0.698378124708791));
#3015=DIRECTION('',(0.,0.,1.));
#3016=DIRECTION('',(-1.83697019872103E-16,-1.,0.));
#3017=DIRECTION('',(-0.995471503689656,0.0950604297967677,5.35804849538411E-6));
#3018=DIRECTION('',(-0.0950604297981322,-0.995471503703946,0.));
#3019=DIRECTION('',(0.0631706810766545,0.661453637906085,0.747320914971017));
#3020=DIRECTION('',(0.995471581690528,0.0950596130933903,2.25675513372231E-6));
#3021=DIRECTION('',(-0.0950596130936324,0.995471581693063,0.));
#3022=DIRECTION('',(-0.0631707497584309,0.661453691100521,0.747320862082984));
#3023=DIRECTION('',(-0.0230250937134683,0.754870218220286,0.655469906787142));
#3024=DIRECTION('',(0.005475608541798,0.755203321218242,0.655467742403876));
#3025=DIRECTION('',(0.,-0.655477568836451,0.755214642834907));
#3026=DIRECTION('',(0.0230245507095087,0.754869738685977,0.655470478115369));
#3027=DIRECTION('',(0.,0.,-1.));
#3028=DIRECTION('',(-1.,0.,0.));
#3029=DIRECTION('',(0.,0.,-1.));
#3030=DIRECTION('',(-1.,0.,0.));
#3031=DIRECTION('',(0.255577291207318,0.589047599068076,0.766618010648892));
#3032=DIRECTION('',(0.,0.,-1.));
#3033=DIRECTION('',(-1.,0.,0.));
#3034=DIRECTION('',(0.326327470026388,0.552998386640229,0.766618005710459));
#3035=DIRECTION('',(0.,0.,1.));
#3036=DIRECTION('',(-0.309016994374948,-0.951056516295154,0.));
#3037=DIRECTION('',(-0.28487492508656,-0.656592927225622,0.698378124638949));
#3038=DIRECTION('',(0.155465442716821,0.698640459069692,-0.698378124708781));
#3039=DIRECTION('',(0.,0.,1.));
#3040=DIRECTION('',(-0.309016994374948,-0.951056516295154,0.));
#3041=DIRECTION('',(-0.917374372070394,0.398025453256123,5.35804849373617E-6));
#3042=DIRECTION('',(-0.398025453261837,-0.917374372083562,0.));
#3043=DIRECTION('',(0.264479302980869,0.609558978558791,0.747320914971017));
#3044=DIRECTION('',(0.976124770477984,-0.217210571690722,2.25675513581563E-6));
#3045=DIRECTION('',(0.217210571691275,0.97612477048047,0.));
#3046=DIRECTION('',(0.144321478345092,0.648600678371395,0.747320862082984));
#3047=DIRECTION('',(0.211369560563093,0.725039385250085,0.655469906787142));
#3048=DIRECTION('',(0.238578273649853,0.716548983678176,0.655467742403872));
#3049=DIRECTION('',(0.,-0.674958331269311,0.737855847066449));
#3050=DIRECTION('',(0.255165226780389,0.710808806474232,0.655470478115369));
#3051=DIRECTION('',(0.,0.,-1.));
#3052=DIRECTION('',(-1.,0.,0.));
#3053=DIRECTION('',(0.,0.,-1.));
#3054=DIRECTION('',(-1.,0.,0.));
#3055=DIRECTION('',(0.42509416682758,0.481239831142332,0.766618010648893));
#3056=DIRECTION('',(0.,0.,-1.));
#3057=DIRECTION('',(-1.,0.,0.));
#3058=DIRECTION('',(0.481241766148467,0.425091985145361,0.766618005710459));
#3059=DIRECTION('',(0.,0.,1.));
#3060=DIRECTION('',(-0.587785252292473,-0.809016994374947,0.));
#3061=DIRECTION('',(-0.473830526731757,-0.536425788868205,0.698378124638959));
#3062=DIRECTION('',(0.363748197164988,0.616405097308136,-0.698378124708791));
#3063=DIRECTION('',(0.,0.,1.));
#3064=DIRECTION('',(-0.587785252292473,-0.809016994374947,0.));
#3065=DIRECTION('',(-0.749478245189801,0.662028972144352,5.35804850369737E-6));
#3066=DIRECTION('',(-0.662028972153855,-0.749478245200559,0.));
#3067=DIRECTION('',(0.439898847973656,0.497996439343027,0.747320914971017));
#3068=DIRECTION('',(0.861228065669868,-0.508218672322696,2.25675513687712E-6));
#3069=DIRECTION('',(0.508218672323991,0.861228065672062,0.));
#3070=DIRECTION('',(0.337686514601329,0.572258112176623,0.747320862082984));
#3071=DIRECTION('',(0.425073889553413,0.624236645605165,0.655469906787142));
#3072=DIRECTION('',(0.448327235060131,0.607753839125106,0.655467742403875));
#3073=DIRECTION('',(0.,-0.733292431860142,0.679913383731075));
#3074=DIRECTION('',(0.46232855261333,0.597168955788621,0.655470478115369));
#3075=DIRECTION('',(0.,0.,-1.));
#3076=DIRECTION('',(-1.,0.,0.));
#3077=DIRECTION('',(0.,0.,-1.));
#3078=DIRECTION('',(-1.,0.,0.));
#3079=DIRECTION('',(0.55299986359354,0.326324955549313,0.766618010648892));
#3080=DIRECTION('',(0.,0.,-1.));
#3081=DIRECTION('',(-1.,0.,0.));
#3082=DIRECTION('',(0.589048765191387,0.255574618354449,0.766618005710459));
#3083=DIRECTION('',(0.,0.,1.));
#3084=DIRECTION('',(-0.809016994374948,-0.587785252292473,0.));
#3085=DIRECTION('',(-0.616404295049088,-0.3637495567981,0.698378124638954));
#3086=DIRECTION('',(0.536424743691941,0.473831709875214,-0.698378124708791));
#3087=DIRECTION('',(0.,0.,1.));
#3088=DIRECTION('',(-0.809016994374948,-0.587785252292473,0.));
#3089=DIRECTION('',(-0.508217965748008,0.861228482612047,5.35804848002037E-6));
#3090=DIRECTION('',(-0.861228482624409,-0.508217965755303,0.));
#3091=DIRECTION('',(0.572258028771284,0.337686538899149,0.747320914971017));
#3092=DIRECTION('',(0.662028357265206,-0.749478788340031,2.25675514362906E-6));
#3093=DIRECTION('',(0.749478788341939,0.662028357266891,0.));
#3094=DIRECTION('',(0.497996442008095,0.439898934805285,0.747320862082984));
#3095=DIRECTION('',(0.597169024570307,0.462329273775957,0.655469906787142));
#3096=DIRECTION('',(0.614190803022827,0.439467514328582,0.655467742403875));
#3097=DIRECTION('',(0.729709492503421,0.,-0.683757308224489));
#3098=DIRECTION('',(0.62423593848404,0.42507404698965,0.655470478115369));
#3099=DIRECTION('',(0.,0.,-1.));
#3100=DIRECTION('',(-1.,0.,0.));
#3101=DIRECTION('',(0.,0.,-1.));
#3102=DIRECTION('',(-1.,0.,0.));
#3103=DIRECTION('',(0.626774080734354,0.139467119667469,0.766618010648893));
#3104=DIRECTION('',(0.,0.,-1.));
#3105=DIRECTION('',(-1.,0.,0.));
#3106=DIRECTION('',(0.639195566953298,0.0610398272259282,0.766618005710459));
#3107=DIRECTION('',(0.,0.,1.));
#3108=DIRECTION('',(-0.951056516295154,-0.309016994374948,0.));
#3109=DIRECTION('',(-0.698640116225715,-0.155466983716448,0.698378124638959));
#3110=DIRECTION('',(0.656592298815348,0.284876373300091,-0.698378124708788));
#3111=DIRECTION('',(0.,0.,1.));
#3112=DIRECTION('',(-0.951056516295154,-0.309016994374948,0.));
#3113=DIRECTION('',(-0.217209770856054,0.97612494866997,5.358048493603E-6));
#3114=DIRECTION('',(-0.976124948683982,-0.217209770859172,0.));
#3115=DIRECTION('',(0.648600606556643,0.144321527227358,0.747320914971017));
#3116=DIRECTION('',(0.398024700628659,-0.91737469862885,2.25675512461158E-6));
#3117=DIRECTION('',(0.917374698631186,0.398024700629672,0.));
#3118=DIRECTION('',(0.60955900792587,0.264479384739104,0.747320862082984));
#3119=DIRECTION('',(0.71080909474101,0.255165891392095,0.655469906787142));
#3120=DIRECTION('',(0.719933095866552,0.228163047279723,0.655467742403876));
#3121=DIRECTION('',(0.673225452436485,0.,-0.739437279417051));
#3122=DIRECTION('',(0.725038761388404,0.211369928806296,0.655470478115369));
#3123=DIRECTION('',(0.,0.,-1.));
#3124=DIRECTION('',(-1.,0.,0.));
#3125=DIRECTION('',(0.,0.,-1.));
#3126=DIRECTION('',(-1.,0.,0.));
#3127=DIRECTION('',(0.639195283861085,-0.0610427296119885,0.766618010648893));
#3128=DIRECTION('',(0.,0.,-1.));
#3129=DIRECTION('',(-1.,0.,0.));
#3130=DIRECTION('',(0.626773453084431,-0.139469967480951,0.766618005710459));
#3131=DIRECTION('',(0.,0.,1.));
#3132=DIRECTION('',(-1.,1.22464679914735E-16,0.));
#3133=DIRECTION('',(-0.71248817511427,0.0680337809335494,0.698378124638955));
#3134=DIRECTION('',(0.71248802498318,0.0680353524559057,-0.698378124708791));
#3135=DIRECTION('',(0.,0.,1.));
#3136=DIRECTION('',(-1.,1.22464679914735E-16,0.));
#3137=DIRECTION('',(0.0950604297967648,0.995471503689656,5.35804849787451E-6));
#3138=DIRECTION('',(-0.995471503703946,0.0950604297981294,0.));
#3139=DIRECTION('',(0.661453637906085,-0.0631706810766545,0.747320914971017));
#3140=DIRECTION('',(0.0950596130933878,-0.995471581690529,2.25675513654545E-6));
#3141=DIRECTION('',(0.995471581693064,0.0950596130936299,0.));
#3142=DIRECTION('',(0.661453691100521,0.0631707497584309,0.747320862082984));
#3143=DIRECTION('',(0.754870218220286,0.0230250937134684,0.655469906787142));
#3144=DIRECTION('',(0.755203321218242,-0.005475608541786,0.655467742403877));
#3145=DIRECTION('',(0.655477568836451,0.,-0.755214642834907));
#3146=DIRECTION('',(0.754869738685977,-0.0230245507095086,0.655470478115369));
#3147=DIRECTION('',(0.,0.,-1.));
#3148=DIRECTION('',(-1.,0.,0.));
#3149=DIRECTION('',(0.,0.,-1.));
#3150=DIRECTION('',(-1.,0.,0.));
#3151=DIRECTION('',(0.589047599068076,-0.255577291207318,0.766618010648893));
#3152=DIRECTION('',(0.,0.,-1.));
#3153=DIRECTION('',(-1.,0.,0.));
#3154=DIRECTION('',(0.552998386640229,-0.326327470026388,0.766618005710459));
#3155=DIRECTION('',(0.,0.,1.));
#3156=DIRECTION('',(-0.951056516295154,0.309016994374948,0.));
#3157=DIRECTION('',(-0.656592927225616,0.284874925086558,0.698378124638956));
#3158=DIRECTION('',(0.698640459069692,-0.155465442716821,-0.698378124708781));
#3159=DIRECTION('',(0.,0.,1.));
#3160=DIRECTION('',(-0.951056516295154,0.309016994374948,0.));
#3161=DIRECTION('',(0.398025453256124,0.917374372070393,5.35804849515487E-6));
#3162=DIRECTION('',(-0.917374372083561,0.398025453261838,0.));
#3163=DIRECTION('',(0.609558978558791,-0.264479302980869,0.747320914971017));
#3164=DIRECTION('',(-0.217210571690722,-0.976124770477984,2.25675513581563E-6));
#3165=DIRECTION('',(0.97612477048047,-0.217210571691275,0.));
#3166=DIRECTION('',(0.648600678371395,-0.144321478345092,0.747320862082984));
#3167=DIRECTION('',(0.725039385250085,-0.211369560563093,0.655469906787142));
#3168=DIRECTION('',(0.716548983678192,-0.238578273649804,0.655467742403873));
#3169=DIRECTION('',(0.674958331269303,0.,-0.737855847066456));
#3170=DIRECTION('',(0.710808806474232,-0.255165226780389,0.655470478115369));
#3171=DIRECTION('',(0.,0.,-1.));
#3172=DIRECTION('',(-1.,0.,0.));
#3173=DIRECTION('',(0.,0.,-1.));
#3174=DIRECTION('',(-1.,0.,0.));
#3175=DIRECTION('',(0.481239831142332,-0.42509416682758,0.766618010648893));
#3176=DIRECTION('',(0.,0.,-1.));
#3177=DIRECTION('',(-1.,0.,0.));
#3178=DIRECTION('',(0.425091985145361,-0.481241766148467,0.766618005710459));
#3179=DIRECTION('',(0.,0.,1.));
#3180=DIRECTION('',(-0.809016994374947,0.587785252292473,0.));
#3181=DIRECTION('',(-0.536425788868205,0.473830526731757,0.698378124638959));
#3182=DIRECTION('',(0.616405097308136,-0.363748197164988,-0.698378124708791));
#3183=DIRECTION('',(0.,0.,1.));
#3184=DIRECTION('',(-0.809016994374947,0.587785252292473,0.));
#3185=DIRECTION('',(0.662028972144352,0.749478245189801,5.35804850369737E-6));
#3186=DIRECTION('',(-0.749478245200559,0.662028972153855,0.));
#3187=DIRECTION('',(0.497996439343027,-0.439898847973656,0.747320914971017));
#3188=DIRECTION('',(-0.508218672322696,-0.861228065669868,2.25675513687712E-6));
#3189=DIRECTION('',(0.861228065672062,-0.508218672323991,0.));
#3190=DIRECTION('',(0.572258112176623,-0.337686514601329,0.747320862082984));
#3191=DIRECTION('',(0.624236645605165,-0.425073889553413,0.655469906787142));
#3192=DIRECTION('',(0.607753839125106,-0.448327235060131,0.655467742403875));
#3193=DIRECTION('',(0.733292431860142,0.,-0.679913383731075));
#3194=DIRECTION('',(0.597168955788621,-0.46232855261333,0.655470478115369));
#3195=DIRECTION('',(0.,0.,-1.));
#3196=DIRECTION('',(-1.,0.,0.));
#3197=DIRECTION('',(0.,0.,-1.));
#3198=DIRECTION('',(-1.,0.,0.));
#3199=DIRECTION('',(0.326324955549313,-0.55299986359354,0.766618010648892));
#3200=DIRECTION('',(0.,0.,-1.));
#3201=DIRECTION('',(-1.,0.,0.));
#3202=DIRECTION('',(0.255574618354449,-0.589048765191386,0.766618005710459));
#3203=DIRECTION('',(0.,0.,1.));
#3204=DIRECTION('',(-0.587785252292473,0.809016994374948,0.));
#3205=DIRECTION('',(-0.363749556798099,0.616404295049089,0.698378124638954));
#3206=DIRECTION('',(0.473831709875222,-0.536424743691934,-0.69837812470879));
#3207=DIRECTION('',(0.,0.,1.));
#3208=DIRECTION('',(-0.587785252292473,0.809016994374948,0.));
#3209=DIRECTION('',(0.861228482612047,0.508217965748008,5.35804848002037E-6));
#3210=DIRECTION('',(-0.508217965755303,0.861228482624409,0.));
#3211=DIRECTION('',(0.337686538899149,-0.572258028771284,0.747320914971017));
#3212=DIRECTION('',(-0.749478788340026,-0.662028357265211,2.25675513714249E-6));
#3213=DIRECTION('',(0.662028357266897,-0.749478788341934,0.));
#3214=DIRECTION('',(0.439898934805285,-0.497996442008095,0.747320862082984));
#3215=DIRECTION('',(0.462329273775957,-0.597169024570307,0.655469906787142));
#3216=DIRECTION('',(0.439467514328582,-0.614190803022827,0.655467742403875));
#3217=DIRECTION('',(0.,-0.729709492503421,-0.683757308224489));
#3218=DIRECTION('',(0.42507404698965,-0.62423593848404,0.655470478115369));
#3219=DIRECTION('',(0.,0.,-1.));
#3220=DIRECTION('',(-1.,0.,0.));
#3221=DIRECTION('',(0.,0.,-1.));
#3222=DIRECTION('',(-1.,0.,0.));
#3223=DIRECTION('',(0.139467119667469,-0.626774080734354,0.766618010648893));
#3224=DIRECTION('',(0.,0.,-1.));
#3225=DIRECTION('',(-1.,0.,0.));
#3226=DIRECTION('',(0.0610398272259277,-0.639195566953298,0.766618005710459));
#3227=DIRECTION('',(0.,0.,1.));
#3228=DIRECTION('',(-0.309016994374948,0.951056516295154,0.));
#3229=DIRECTION('',(-0.155466983716444,0.698640116225718,0.698378124638957));
#3230=DIRECTION('',(0.284876373300094,-0.656592298815345,-0.69837812470879));
#3231=DIRECTION('',(0.,0.,1.));
#3232=DIRECTION('',(-0.309016994374948,0.951056516295154,0.));
#3233=DIRECTION('',(0.976124948669971,0.21720977085605,5.35804849191811E-6));
#3234=DIRECTION('',(-0.217209770859168,0.976124948683983,0.));
#3235=DIRECTION('',(0.144321527227358,-0.648600606556643,0.747320914971017));
#3236=DIRECTION('',(-0.917374698628848,-0.398024700628663,2.25675512033631E-6));
#3237=DIRECTION('',(0.398024700629677,-0.917374698631184,0.));
#3238=DIRECTION('',(0.264479384739104,-0.60955900792587,0.747320862082984));
#3239=DIRECTION('',(0.255165891392094,-0.71080909474101,0.655469906787142));
#3240=DIRECTION('',(0.228163047279772,-0.719933095866538,0.655467742403874));
#3241=DIRECTION('',(0.,-0.673225452436491,-0.739437279417046));
#3242=DIRECTION('',(0.211369928806296,-0.725038761388404,0.655470478115369));
#3243=DIRECTION('',(0.,0.,-1.));
#3244=DIRECTION('',(-1.,0.,0.));
#3245=DIRECTION('',(0.,0.,-1.));
#3246=DIRECTION('',(-1.,0.,0.));
#3247=DIRECTION('',(-0.0610427296119885,-0.639195283861085,0.766618010648893));
#3248=DIRECTION('',(0.,0.,-1.));
#3249=DIRECTION('',(-1.,0.,0.));
#3250=DIRECTION('',(-0.13946996748095,-0.626773453084431,0.766618005710458));
#3251=DIRECTION('',(0.,0.,1.));
#3252=DIRECTION('',(6.12323399573677E-17,1.,0.));
#3253=DIRECTION('',(0.0680337809335552,0.712488175114266,0.698378124638958));
#3254=DIRECTION('',(0.0680353524559096,-0.71248802498318,-0.698378124708791));
#3255=DIRECTION('',(0.,0.,1.));
#3256=DIRECTION('',(6.12323399573677E-17,1.,0.));
#3257=DIRECTION('',(0.995471503689656,-0.0950604297967688,5.35804849376573E-6));
#3258=DIRECTION('',(0.0950604297981333,0.995471503703945,0.));
#3259=DIRECTION('',(-0.0631706810766544,-0.661453637906085,0.747320914971017));
#3260=DIRECTION('',(-0.995471581690528,-0.0950596130933903,2.25675513372231E-6));
#3261=DIRECTION('',(0.0950596130936324,-0.995471581693063,0.));
#3262=DIRECTION('',(0.063170749758431,-0.661453691100521,0.747320862082984));
#3263=DIRECTION('',(0.0230250937134684,-0.754870218220286,0.655469906787142));
#3264=DIRECTION('',(-0.00547560854177999,-0.755203321218242,0.655467742403876));
#3265=DIRECTION('',(0.,-0.655477568836451,-0.755214642834907));
#3266=DIRECTION('',(-0.0230245507095086,-0.754869738685977,0.655470478115369));
#3267=DIRECTION('',(0.,0.,-1.));
#3268=DIRECTION('',(-1.,0.,0.));
#3269=DIRECTION('',(0.,0.,-1.));
#3270=DIRECTION('',(-1.,0.,0.));
#3271=DIRECTION('',(-0.255577291207318,-0.589047599068076,0.766618010648893));
#3272=DIRECTION('',(0.,0.,-1.));
#3273=DIRECTION('',(-1.,0.,0.));
#3274=DIRECTION('',(-0.326327470026389,-0.552998386640228,0.766618005710459));
#3275=DIRECTION('',(0.,0.,1.));
#3276=DIRECTION('',(0.309016994374948,0.951056516295154,0.));
#3277=DIRECTION('',(0.284874925086558,0.656592927225616,0.698378124638956));
#3278=DIRECTION('',(-0.155465442716818,-0.698640459069692,-0.698378124708781));
#3279=DIRECTION('',(0.,0.,1.));
#3280=DIRECTION('',(0.309016994374948,0.951056516295154,0.));
#3281=DIRECTION('',(0.917374372070393,-0.398025453256124,5.35804849515487E-6));
#3282=DIRECTION('',(0.398025453261838,0.917374372083561,0.));
#3283=DIRECTION('',(-0.264479302980869,-0.609558978558791,0.747320914971017));
#3284=DIRECTION('',(-0.976124770477985,0.217210571690718,2.25675513417924E-6));
#3285=DIRECTION('',(-0.217210571691272,-0.976124770480471,0.));
#3286=DIRECTION('',(-0.144321478345092,-0.648600678371395,0.747320862082984));
#3287=DIRECTION('',(-0.211369560563093,-0.725039385250085,0.655469906787142));
#3288=DIRECTION('',(-0.238578273649955,-0.716548983678144,0.65546774240387));
#3289=DIRECTION('',(0.,-0.674958331269326,-0.737855847066435));
#3290=DIRECTION('',(-0.255165226780388,-0.710808806474232,0.655470478115369));
#3291=DIRECTION('',(0.,0.,-1.));
#3292=DIRECTION('',(-1.,0.,0.));
#3293=DIRECTION('',(0.,0.,-1.));
#3294=DIRECTION('',(-1.,0.,0.));
#3295=DIRECTION('',(-0.42509416682758,-0.481239831142332,0.766618010648893));
#3296=DIRECTION('',(0.,0.,-1.));
#3297=DIRECTION('',(-1.,0.,0.));
#3298=DIRECTION('',(-0.481241766148469,-0.425091985145358,0.766618005710459));
#3299=DIRECTION('',(0.,0.,1.));
#3300=DIRECTION('',(0.587785252292473,0.809016994374948,0.));
#3301=DIRECTION('',(0.473830526731749,0.536425788868211,0.69837812463896));
#3302=DIRECTION('',(-0.36374819716498,-0.61640509730814,-0.698378124708792));
#3303=DIRECTION('',(0.,0.,1.));
#3304=DIRECTION('',(0.587785252292473,0.809016994374948,0.));
#3305=DIRECTION('',(0.749478245189807,-0.662028972144346,5.35804851114643E-6));
#3306=DIRECTION('',(0.662028972153849,0.749478245200565,0.));
#3307=DIRECTION('',(-0.439898847973655,-0.497996439343027,0.747320914971017));
#3308=DIRECTION('',(-0.86122806566987,0.508218672322693,2.25675513133404E-6));
#3309=DIRECTION('',(-0.508218672323987,-0.861228065672063,0.));
#3310=DIRECTION('',(-0.337686514601329,-0.572258112176623,0.747320862082984));
#3311=DIRECTION('',(-0.425073889553413,-0.624236645605165,0.655469906787142));
#3312=DIRECTION('',(-0.448327235059887,-0.607753839125286,0.655467742403875));
#3313=DIRECTION('',(0.,-0.733292431860042,-0.679913383731182));
#3314=DIRECTION('',(-0.46232855261333,-0.597168955788621,0.655470478115369));
#3315=DIRECTION('',(0.,0.,-1.));
#3316=DIRECTION('',(-1.,0.,0.));
#3317=DIRECTION('',(0.,0.,-1.));
#3318=DIRECTION('',(-1.,0.,0.));
#3319=DIRECTION('',(-0.55299986359354,-0.326324955549313,0.766618010648893));
#3320=DIRECTION('',(0.,0.,-1.));
#3321=DIRECTION('',(-1.,0.,0.));
#3322=DIRECTION('',(-0.589048765191387,-0.255574618354449,0.766618005710459));
#3323=DIRECTION('',(0.,0.,1.));
#3324=DIRECTION('',(0.809016994374948,0.587785252292473,0.));
#3325=DIRECTION('',(0.61640429504909,0.363749556798098,0.698378124638954));
#3326=DIRECTION('',(-0.536424743691919,-0.473831709875251,-0.698378124708781));
#3327=DIRECTION('',(0.,0.,1.));
#3328=DIRECTION('',(0.809016994374948,0.587785252292473,0.));
#3329=DIRECTION('',(0.508217965748008,-0.861228482612047,5.35804848002021E-6));
#3330=DIRECTION('',(0.861228482624409,0.508217965755303,0.));
#3331=DIRECTION('',(-0.572258028771284,-0.337686538899149,0.747320914971017));
#3332=DIRECTION('',(-0.662028357265229,0.74947878834001,2.25675511269979E-6));
#3333=DIRECTION('',(-0.749478788341919,-0.662028357266915,0.));
#3334=DIRECTION('',(-0.497996442008095,-0.439898934805286,0.747320862082984));
#3335=DIRECTION('',(-0.597169024570307,-0.462329273775957,0.655469906787142));
#3336=DIRECTION('',(-0.61419080302284,-0.439467514328561,0.655467742403877));
#3337=DIRECTION('',(0.729709492503415,0.,0.683757308224496));
#3338=DIRECTION('',(-0.62423593848404,-0.42507404698965,0.655470478115369));
#3339=DIRECTION('',(0.,0.,-1.));
#3340=DIRECTION('',(-1.,0.,0.));
#3341=DIRECTION('',(0.,0.,-1.));
#3342=DIRECTION('',(-1.,0.,0.));
#3343=DIRECTION('',(-0.626774080734354,-0.139467119667469,0.766618010648893));
#3344=DIRECTION('',(0.,0.,-1.));
#3345=DIRECTION('',(-1.,0.,0.));
#3346=DIRECTION('',(-0.639195566953298,-0.0610398272259282,0.766618005710459));
#3347=DIRECTION('',(0.,0.,1.));
#3348=DIRECTION('',(0.951056516295154,0.309016994374948,0.));
#3349=DIRECTION('',(0.698640116225712,0.155466983716457,0.69837812463896));
#3350=DIRECTION('',(-0.656592298815346,-0.284876373300089,-0.698378124708791));
#3351=DIRECTION('',(0.,0.,1.));
#3352=DIRECTION('',(0.951056516295154,0.309016994374948,0.));
#3353=DIRECTION('',(0.21720977085606,-0.976124948669969,5.3580485005941E-6));
#3354=DIRECTION('',(0.97612494868398,0.217209770859178,0.));
#3355=DIRECTION('',(-0.648600606556643,-0.144321527227358,0.747320914971017));
#3356=DIRECTION('',(-0.398024700628659,0.91737469862885,2.25675512461158E-6));
#3357=DIRECTION('',(-0.917374698631186,-0.398024700629672,0.));
#3358=DIRECTION('',(-0.60955900792587,-0.264479384739104,0.747320862082984));
#3359=DIRECTION('',(-0.71080909474101,-0.255165891392094,0.655469906787142));
#3360=DIRECTION('',(-0.719933095866538,-0.228163047279772,0.655467742403874));
#3361=DIRECTION('',(0.673225452436491,0.,0.739437279417046));
#3362=DIRECTION('',(-0.725038761388404,-0.211369928806296,0.655470478115369));
#3363=DIRECTION('',(0.,0.,-1.));
#3364=DIRECTION('',(-1.,0.,0.));
#3365=DIRECTION('',(0.,0.,-1.));
#3366=DIRECTION('',(-1.,0.,0.));
#3367=DIRECTION('',(-0.639195283861085,0.0610427296119885,0.766618010648893));
#3368=DIRECTION('',(0.,0.,-1.));
#3369=DIRECTION('',(-1.,0.,0.));
#3370=DIRECTION('',(0.,0.,-1.));
#3371=DIRECTION('',(-1.,0.,0.));
#3372=DIRECTION('',(-1.,0.,0.));
#3373=DIRECTION('',(0.,0.,1.));
#3374=DIRECTION('',(1.,0.,0.));
#3375=DIRECTION('',(1.,0.,0.));
#3376=DIRECTION('',(0.,0.,-1.));
#3377=DIRECTION('',(-1.,0.,0.));
#3378=DIRECTION('',(0.,0.,-1.));
#3379=DIRECTION('',(-1.,0.,0.));
#3380=DIRECTION('',(-0.755203321218242,0.005475608541798,0.655467742403876));
#3381=DIRECTION('',(0.655477568836451,0.,0.755214642834907));
#3382=DIRECTION('',(-0.754870218220286,-0.0230250937134684,0.655469906787142));
#3383=DIRECTION('',(-0.754869738685977,0.0230245507095085,0.655470478115369));
#3384=DIRECTION('',(-0.661453637906085,0.0631706810766544,0.747320914971017));
#3385=DIRECTION('',(-0.661453691100521,-0.063170749758431,0.747320862082984));
#3386=DIRECTION('',(-0.0950596130933892,0.995471581690528,2.25675513532922E-6));
#3387=DIRECTION('',(-0.995471581693063,-0.0950596130936313,0.));
#3388=DIRECTION('',(-0.71248802498318,-0.0680353524559075,-0.698378124708791));
#3389=DIRECTION('',(-0.0950604297967653,-0.995471503689656,5.3580484954728E-6));
#3390=DIRECTION('',(0.995471503703946,-0.0950604297981298,0.));
#3391=DIRECTION('',(0.712488175114268,-0.0680337809335511,0.698378124638957));
#3392=DIRECTION('',(0.,0.,1.));
#3393=DIRECTION('',(1.,0.,0.));
#3394=DIRECTION('',(0.,0.,1.));
#3395=DIRECTION('',(1.,0.,0.));
#3396=DIRECTION('',(0.,1.,0.));
#3397=DIRECTION('',(0.,0.,1.));
#3398=CARTESIAN_POINT('',(0.,0.,0.));
#3399=CARTESIAN_POINT('',(0.,1.22464679914735E-19,0.0459740257981333));
#3400=CARTESIAN_POINT('',(0.0013228756555323,-0.0015,0.00585003390593274));
#3401=CARTESIAN_POINT('',(0.0013228756555323,-0.0015,0.00584803390593274));
#3402=CARTESIAN_POINT('',(0.0013228756555323,-0.0015,0.));
#3403=CARTESIAN_POINT('',(0.,1.22464679914735E-19,0.00584803390593274));
#3404=CARTESIAN_POINT('',(-0.00132287565553229,-0.0015,0.00584803390593274));
#3405=CARTESIAN_POINT('',(-0.00132287565553229,-0.0015,0.00585003390593274));
#3406=CARTESIAN_POINT('',(-0.00132287565553229,-0.0015,-3.46944695195361E-18));
#3407=CARTESIAN_POINT('',(0.,1.22464679914735E-19,-3.46944695195361E-18));
#3408=CARTESIAN_POINT('',(0.,0.,0.00584803390593274));
#3409=CARTESIAN_POINT('',(0.,0.,0.002));
#3410=CARTESIAN_POINT('',(0.00836069987184089,-0.0036276131911072,0.00200279509074903));
#3411=CARTESIAN_POINT('',(0.00784891592196461,-0.00463163115279138,0.00200301617344234));
#3412=CARTESIAN_POINT('',(0.00688422342107573,-0.0029869504837445,0.00392438009641047));
#3413=CARTESIAN_POINT('',(0.00540502689250471,-0.00234516797371889,0.00584967957822384));
#3414=CARTESIAN_POINT('',(0.,0.,0.00584803390593274));
#3415=CARTESIAN_POINT('',(0.0050742722793164,-0.00299432341054118,0.00584968450963297));
#3416=CARTESIAN_POINT('',(0.00784890867627826,-0.00463164589010014,0.00200301722003452));
#3417=CARTESIAN_POINT('',(0.,0.,0.00193670395716381));
#3418=CARTESIAN_POINT('',(0.00835822995308951,-0.00362648823223398,0.00200603320155829));
#3419=CARTESIAN_POINT('',(0.00863365932039791,-0.00374600868875737,0.00229899864202097));
#3420=CARTESIAN_POINT('',(0.00889848342039426,-0.0019800437589369,0.002));
#3421=CARTESIAN_POINT('',(0.0087727984156859,-0.00254488275582348,0.002));
#3422=CARTESIAN_POINT('',(0.00859317375880562,-0.00309770641509542,0.002));
#3423=CARTESIAN_POINT('',(0.00836284866633843,-0.00362854552875639,0.002));
#3424=CARTESIAN_POINT('',(0.00889601537132619,-0.0019794945816307,0.00200301617344234));
#3425=CARTESIAN_POINT('',(0.00918662046803914,-0.00204417846594374,0.00229899899817791));
#3426=CARTESIAN_POINT('',(0.00918662666286628,-0.00204415062694783,0.00229899899824227));
#3427=CARTESIAN_POINT('',(0.0102935732522035,-0.00300087653674142,0.00357799385117149));
#3428=CARTESIAN_POINT('',(0.0101382332021323,-0.00279574773435518,0.00337645785292311));
#3429=CARTESIAN_POINT('',(0.00980359611310852,-0.0024127047352521,0.00296493589200744));
#3430=CARTESIAN_POINT('',(0.00941014771545386,-0.00211921035622126,0.00252780246888963));
#3431=CARTESIAN_POINT('',(0.00918662536494005,-0.00204415328142386,0.0022989983245951));
#3432=CARTESIAN_POINT('',(0.0102935755895336,-0.00300087721814322,0.00357799622678003));
#3433=CARTESIAN_POINT('',(0.0102933387814711,-0.00300080869472919,0.0035777556827259));
#3434=CARTESIAN_POINT('',(0.0102325322060213,-0.00321018397495924,0.00357797341427742));
#3435=CARTESIAN_POINT('',(0.0101651441110257,-0.00341741900183569,0.00357792386145269));
#3436=CARTESIAN_POINT('',(0.0100911720543013,-0.00362251298061754,0.00357760450081334));
#3437=CARTESIAN_POINT('',(0.0100915495066461,-0.00362264972785437,0.00357799622678003));
#3438=CARTESIAN_POINT('',(0.00863365859078133,-0.0037460110607653,0.00229899891016727));
#3439=CARTESIAN_POINT('',(0.0088582472317431,-0.0038165588617287,0.0025274350022649));
#3440=CARTESIAN_POINT('',(0.00935050213891443,-0.00381008171786375,0.00296575627883384));
#3441=CARTESIAN_POINT('',(0.00984540153483334,-0.00369727107296333,0.00337654066046555));
#3442=CARTESIAN_POINT('',(0.0100915450287915,-0.00362265071047749,0.00357799243837139));
#3443=CARTESIAN_POINT('',(0.,0.,0.00580711639365242));
#3444=CARTESIAN_POINT('',(0.00558120080141149,-0.00242159137881783,0.00604132020851931));
#3445=CARTESIAN_POINT('',(0.00587173830828697,-0.00251288923729247,0.00633684824942208));
#3446=CARTESIAN_POINT('',(0.0062053119526228,-0.00243834895840594,0.00660758550399951));
#3447=CARTESIAN_POINT('',(0.00652364526625792,-0.00234184969942999,0.00686812176216144));
#3448=CARTESIAN_POINT('',(0.00558120058460344,-0.002421591878271,0.00604132020842667));
#3449=CARTESIAN_POINT('',(0.00652364815031305,-0.00234184910970419,0.0068681242163913));
#3450=CARTESIAN_POINT('',(0.00665488829890101,-0.00194010451711508,0.00686877889194113));
#3451=CARTESIAN_POINT('',(0.00661466053885245,-0.00207516799203717,0.00686798020414155));
#3452=CARTESIAN_POINT('',(0.00657091920691278,-0.00220908474751132,0.00686776743920724));
#3453=CARTESIAN_POINT('',(0.0065236631675086,-0.00234185441112366,0.00686813975559412));
#3454=CARTESIAN_POINT('',(0.00665424630151509,-0.00193990943099877,0.0068681242163913));
#3455=CARTESIAN_POINT('',(0.00665424285385073,-0.00193990842589822,0.00686812071226371));
#3456=CARTESIAN_POINT('',(0.00645346561196224,-0.00167478196993732,0.00660763583669863));
#3457=CARTESIAN_POINT('',(0.00622701998644752,-0.00141823076237515,0.00633648431106661));
#3458=CARTESIAN_POINT('',(0.00593866210777182,-0.00132143839822173,0.00604132019881119));
#3459=CARTESIAN_POINT('',(0.00593866173212781,-0.00132143923294466,0.00604132001793273));
#3460=CARTESIAN_POINT('',(0.0059386614846036,-0.00132144034531147,0.00604132001792676));
#3461=CARTESIAN_POINT('',(0.00587548703736933,-0.00130738240852844,0.00597816929224917));
#3462=CARTESIAN_POINT('',(0.00581231259013497,-0.00129332447174539,0.00591501856657166));
#3463=CARTESIAN_POINT('',(0.00574913814290059,-0.00127926653496234,0.00585186784089419));
#3464=CARTESIAN_POINT('',(0.0057512165372117,-0.00127973442309585,0.00584968450963297));
#3465=CARTESIAN_POINT('',(0.00540666762784183,-0.00234587701477093,0.00584803390593274));
#3466=CARTESIAN_POINT('',(0.00555415593213892,-0.0020045860951909,0.00584803390593274));
#3467=CARTESIAN_POINT('',(0.00567175208478007,-0.0016427598000006,0.00584803390593274));
#3468=CARTESIAN_POINT('',(0.00575299292605064,-0.00128013239446122,0.00584803390593274));
#3469=CARTESIAN_POINT('',(0.00540308146846443,-0.00234430185666074,0.00585186190130036));
#3470=CARTESIAN_POINT('',(0.00546245569571441,-0.0023700624578469,0.00591501467032428));
#3471=CARTESIAN_POINT('',(0.00552182992296437,-0.00239582305903305,0.00597816743934832));
#3472=CARTESIAN_POINT('',(0.00558120415021422,-0.00242158366021915,0.00604132020837238));
#3473=CARTESIAN_POINT('',(0.00699672529448783,-0.00303575399501689,0.00404802241991509));
#3474=CARTESIAN_POINT('',(0.00712391959789604,-0.0030909559626263,0.0041499428962571));
#3475=CARTESIAN_POINT('',(0.00744335158047137,-0.00165626444202813,0.00404669388945717));
#3476=CARTESIAN_POINT('',(0.0075802021058095,-0.00168670177643716,0.00414992920057475));
#3477=CARTESIAN_POINT('',(0.00889601303434782,-0.00197951083668447,0.00200301722003453));
#3478=CARTESIAN_POINT('',(0.0103155474925025,-0.00300728282164565,0.00355812808354474));
#3479=CARTESIAN_POINT('',(0.0101748036953722,-0.00296625201014964,0.00368536713406));
#3480=CARTESIAN_POINT('',(0.00987637864193308,-0.00287925264196359,0.00395515748453597));
#3481=CARTESIAN_POINT('',(0.00942031850470611,-0.00274629832266075,0.0043674569507877));
#3482=CARTESIAN_POINT('',(0.00894729560436056,-0.00260839923825074,0.00479509112771454));
#3483=CARTESIAN_POINT('',(0.00847421219493529,-0.00247048080589326,0.00522278278564103));
#3484=CARTESIAN_POINT('',(0.00800120264581577,-0.0023325859545287,0.00565040489460085));
#3485=CARTESIAN_POINT('',(0.0075281529381116,-0.00219467829275259,0.00607806429313137));
#3486=CARTESIAN_POINT('',(0.00706408748924078,-0.00205938778889664,0.00649760530219737));
#3487=CARTESIAN_POINT('',(0.00675780364199672,-0.00197009759772595,0.00677449999279247));
#3488=CARTESIAN_POINT('',(0.00660919951377797,-0.00192677541813088,0.00690884492211732));
#3489=CARTESIAN_POINT('',(0.0102370161143504,-0.00289408092378929,0.00343591796673797));
#3490=CARTESIAN_POINT('',(0.0100973445046871,-0.00285459274581544,0.00356481921969989));
#3491=CARTESIAN_POINT('',(0.00980119150642737,-0.00277086479351748,0.0038381372607641));
#3492=CARTESIAN_POINT('',(0.00934856285488644,-0.00264292515189363,0.00425592596342808));
#3493=CARTESIAN_POINT('',(0.00887915595228544,-0.00251023708043664,0.00468918450510033));
#3494=CARTESIAN_POINT('',(0.00840967084646347,-0.00237750908098691,0.00512248334660754));
#3495=CARTESIAN_POINT('',(0.00794034622268563,-0.00224485116364526,0.00555567697154162));
#3496=CARTESIAN_POINT('',(0.0074708355234689,-0.00211211273547739,0.00598899183959547));
#3497=CARTESIAN_POINT('',(0.00701043553288713,-0.0019819782855366,0.00641395777752993));
#3498=CARTESIAN_POINT('',(0.00670646505399885,-0.00189604271701676,0.00669449616665421));
#3499=CARTESIAN_POINT('',(0.00655898190267606,-0.0018543474926819,0.00683060981780093));
#3500=CARTESIAN_POINT('',(0.0101661524621922,-0.00280017949026208,0.00333180171402541));
#3501=CARTESIAN_POINT('',(0.0100274371441583,-0.0027619703599298,0.00346213426986397));
#3502=CARTESIAN_POINT('',(0.0097333125922289,-0.00268095407919608,0.00373848539260672));
#3503=CARTESIAN_POINT('',(0.0092838074141261,-0.00255714799111524,0.00416085589020909));
#3504=CARTESIAN_POINT('',(0.00881758386284755,-0.0024287400716238,0.0045989383488999));
#3505=CARTESIAN_POINT('',(0.00835138125628378,-0.00230032502382069,0.00503697174962047));
#3506=CARTESIAN_POINT('',(0.00788517657462241,-0.00217192359320963,0.00547503937122977));
#3507=CARTESIAN_POINT('',(0.00741893551303253,-0.00204349237061227,0.00591309661992498));
#3508=CARTESIAN_POINT('',(0.00696176565204618,-0.00191759450217382,0.00634270593418054));
#3509=CARTESIAN_POINT('',(0.00665988672916362,-0.00183443950663684,0.00662633704999367));
#3510=CARTESIAN_POINT('',(0.00651341782189243,-0.00179409316185522,0.00676395162412121));
#3511=CARTESIAN_POINT('',(0.0100109130430965,-0.00261660405713042,0.00311792060795745));
#3512=CARTESIAN_POINT('',(0.00987431297487937,-0.00258090142031007,0.00325118248881889));
#3513=CARTESIAN_POINT('',(0.00958467389165524,-0.00250519919277582,0.00353374252703421));
#3514=CARTESIAN_POINT('',(0.0091420360239467,-0.00238949691912548,0.00396553353068814));
#3515=CARTESIAN_POINT('',(0.00868286900651354,-0.00226947270513416,0.00441344694760009));
#3516=CARTESIAN_POINT('',(0.00822382793223602,-0.00214949294175429,0.0048612625139844));
#3517=CARTESIAN_POINT('',(0.00776461784689914,-0.00202945745494937,0.00530922288959747));
#3518=CARTESIAN_POINT('',(0.00730553149979916,-0.00190946371189363,0.00575707894276256));
#3519=CARTESIAN_POINT('',(0.00685535237595468,-0.00179180390510955,0.00619625158751782));
#3520=CARTESIAN_POINT('',(0.00655808145936607,-0.00171410578195747,0.00648625363584136));
#3521=CARTESIAN_POINT('',(0.00641384820485701,-0.00167640729354715,0.00662696008727845));
#3522=CARTESIAN_POINT('',(0.00992288015409255,-0.00252325712028098,0.00300405008342864));
#3523=CARTESIAN_POINT('',(0.00978748358986855,-0.00248882821713825,0.00313886093626255));
#3524=CARTESIAN_POINT('',(0.00950039653044982,-0.00241582702800509,0.00342470560472341));
#3525=CARTESIAN_POINT('',(0.00906166425195879,-0.00230426119779182,0.00386152468093972));
#3526=CARTESIAN_POINT('',(0.00860656328380617,-0.00218853404606763,0.00431464758098127));
#3527=CARTESIAN_POINT('',(0.00815155183943129,-0.00207283019607194,0.00476767954406139));
#3528=CARTESIAN_POINT('',(0.00769643133480741,-0.00195709911193649,0.00522082700758023));
#3529=CARTESIAN_POINT('',(0.00724136767205125,-0.0018413789780006,0.00567390623338786));
#3530=CARTESIAN_POINT('',(0.00679513416440835,-0.00172792289098461,0.00611823599197008));
#3531=CARTESIAN_POINT('',(0.0065004715579097,-0.00165299399731776,0.00641162042056239));
#3532=CARTESIAN_POINT('',(0.00635750387147184,-0.00161663902486353,0.00655396766122709));
#3533=CARTESIAN_POINT('',(0.00976084671902656,-0.00237399957428881,0.00280819243829584));
#3534=CARTESIAN_POINT('',(0.00962766273438031,-0.00234160650413946,0.00294567119834785));
#3535=CARTESIAN_POINT('',(0.0093452676062857,-0.00227292234816791,0.00323717306284499));
#3536=CARTESIAN_POINT('',(0.00891372088082976,-0.00216796507297466,0.00368264722444761));
#3537=CARTESIAN_POINT('',(0.00846609988662651,-0.00205909766007614,0.0041447101794328));
#3538=CARTESIAN_POINT('',(0.00801851358469866,-0.00195023688385313,0.00460673504061113));
#3539=CARTESIAN_POINT('',(0.007570917830655,-0.0018413784928845,0.00506877913154592));
#3540=CARTESIAN_POINT('',(0.00712325620996472,-0.00173248927194189,0.00553085041084834));
#3541=CARTESIAN_POINT('',(0.00668432173438235,-0.00162576400540822,0.00598405404435135));
#3542=CARTESIAN_POINT('',(0.00639445590656988,-0.00155525748498508,0.00628325104742266));
#3543=CARTESIAN_POINT('',(0.00625381526320808,-0.001521047908275,0.00642841785976622));
#3544=CARTESIAN_POINT('',(0.00968502072195703,-0.00231140396709469,0.00272087726720114));
#3545=CARTESIAN_POINT('',(0.0095528751713528,-0.00227986668731188,0.002859543628038));
#3546=CARTESIAN_POINT('',(0.00927268125317655,-0.0022129967844145,0.00315356369734923));
#3547=CARTESIAN_POINT('',(0.00884447958051725,-0.00211080256934182,0.00360288878548258));
#3548=CARTESIAN_POINT('',(0.00840035682767959,-0.00200481720998006,0.00406895477416592));
#3549=CARTESIAN_POINT('',(0.00795619025748968,-0.00189878859000776,0.00453492867964297));
#3550=CARTESIAN_POINT('',(0.00751227229371756,-0.00179294014569541,0.00500116594621433));
#3551=CARTESIAN_POINT('',(0.00706738296672618,-0.00168641605252713,0.00546647122943406));
#3552=CARTESIAN_POINT('',(0.00663441903993053,-0.00158435484745382,0.00592642684826719));
#3553=CARTESIAN_POINT('',(0.00634644888381209,-0.00151545197903721,0.00622782584501009));
#3554=CARTESIAN_POINT('',(0.00620670029977495,-0.00148200050047216,0.00637403050335717));
#3555=CARTESIAN_POINT('',(0.00954821739073859,-0.00221271033141933,0.00257076964232204));
#3556=CARTESIAN_POINT('',(0.00941793733571958,-0.00218251919534029,0.00271148706165868));
#3557=CARTESIAN_POINT('',(0.00914169880018218,-0.00211850362920482,0.00300985657662019));
#3558=CARTESIAN_POINT('',(0.00871953860926048,-0.00202067301927735,0.00346584365211275));
#3559=CARTESIAN_POINT('',(0.00828164466611512,-0.00191919078418243,0.00393879936124513));
#3560=CARTESIAN_POINT('',(0.00784383886309377,-0.00181775103139943,0.00441175977779202));
#3561=CARTESIAN_POINT('',(0.00740580032475309,-0.00171617280577486,0.0048845972955845));
#3562=CARTESIAN_POINT('',(0.00696844840253225,-0.00161506883614301,0.00535808719851643));
#3563=CARTESIAN_POINT('',(0.00653712915317455,-0.00151420376978074,0.0058199298482121));
#3564=CARTESIAN_POINT('',(0.00625386489646338,-0.00144868616786376,0.00612644682917509));
#3565=CARTESIAN_POINT('',(0.00611644856677467,-0.00141691231870227,0.00627518709319471));
#3566=CARTESIAN_POINT('',(0.00949113879267101,-0.00217572603454561,0.00251023332112051));
#3567=CARTESIAN_POINT('',(0.00936163328040074,-0.00214603826355606,0.00265177854303173));
#3568=CARTESIAN_POINT('',(0.00908703704848535,-0.00208309005273553,0.00295190340619098));
#3569=CARTESIAN_POINT('',(0.00866738689729708,-0.00198689207657842,0.00341057676427965));
#3570=CARTESIAN_POINT('',(0.00823205920474651,-0.00188708236414522,0.00388629651292198));
#3571=CARTESIAN_POINT('',(0.00779696435753244,-0.00178739827419785,0.00436213078589741));
#3572=CARTESIAN_POINT('',(0.00736111325559914,-0.00168726993443389,0.00483740757904305));
#3573=CARTESIAN_POINT('',(0.00692780436021907,-0.00158873130118256,0.00531506550463439));
#3574=CARTESIAN_POINT('',(0.00649387320377007,-0.00148635596896891,0.00577443062743412));
#3575=CARTESIAN_POINT('',(0.00621303882916785,-0.00142238476700969,0.00608346289511619));
#3576=CARTESIAN_POINT('',(0.00607685768798732,-0.00139139564522622,0.00623347974011981));
#3577=CARTESIAN_POINT('',(0.00939066953750209,-0.00211986485115898,0.00240817886861874));
#3578=CARTESIAN_POINT('',(0.00926253285426621,-0.00209093898106732,0.00255112232464824));
#3579=CARTESIAN_POINT('',(0.00899083870588456,-0.00202960605578105,0.00285421183960993));
#3580=CARTESIAN_POINT('',(0.00857561444816292,-0.00193587040106413,0.00331741333077242));
#3581=CARTESIAN_POINT('',(0.00814494070534273,-0.001838658069089,0.00379789379709357));
#3582=CARTESIAN_POINT('',(0.00771424653130379,-0.00174139847971187,0.00427820926275522));
#3583=CARTESIAN_POINT('',(0.00728375188013286,-0.00164434291448792,0.00475900914024981));
#3584=CARTESIAN_POINT('',(0.00685220561294362,-0.00154645459518896,0.00523835033221364));
#3585=CARTESIAN_POINT('',(0.00643329871376222,-0.00145361713768301,0.00571324714160162));
#3586=CARTESIAN_POINT('',(0.00615398559822963,-0.00139032335018938,0.00602377139417902));
#3587=CARTESIAN_POINT('',(0.00601842887070805,-0.00135958682887165,0.0061743935179671));
#3588=CARTESIAN_POINT('',(0.00935360887106538,-0.00210122806935816,0.0023714653188556));
#3589=CARTESIAN_POINT('',(0.00922597529931091,-0.00207255595945405,0.00251490902604694));
#3590=CARTESIAN_POINT('',(0.00895534803114458,-0.00201176109559416,0.00281905946834711));
#3591=CARTESIAN_POINT('',(0.00854175757127865,-0.00191884780697573,0.0032838890392108));
#3592=CARTESIAN_POINT('',(0.00811280999900279,-0.00182250724884029,0.00376608203830865));
#3593=CARTESIAN_POINT('',(0.00768370102149719,-0.00172603911540786,0.00424797661162275));
#3594=CARTESIAN_POINT('',(0.00725531376882521,-0.00163007283836067,0.00473086095754959));
#3595=CARTESIAN_POINT('',(0.00682394608061305,-0.00153216824559108,0.00521038160369779));
#3596=CARTESIAN_POINT('',(0.00641227351536275,-0.00144336037606864,0.00569242501576709));
#3597=CARTESIAN_POINT('',(0.00613328754930238,-0.0013801760248231,0.00600327398616216));
#3598=CARTESIAN_POINT('',(0.00599782932367522,-0.00134945806822854,0.00615399418320329));
#3599=CARTESIAN_POINT('',(0.00930241565473672,-0.00207904869790618,0.00232196734432528));
#3600=CARTESIAN_POINT('',(0.00917548361989793,-0.00205068001981645,0.00246608799735318));
#3601=CARTESIAN_POINT('',(0.00890634341601855,-0.00199052837664179,0.0027716737810939));
#3602=CARTESIAN_POINT('',(0.00849501241856113,-0.00189859328437505,0.00323869640409317));
#3603=CARTESIAN_POINT('',(0.0080683278848819,-0.00180323002536376,0.0037230609642446));
#3604=CARTESIAN_POINT('',(0.00764189754133964,-0.00170792414277827,0.00420755981053368));
#3605=CARTESIAN_POINT('',(0.00721460281723006,-0.00161241820515894,0.00469145700568596));
#3606=CARTESIAN_POINT('',(0.0067903110370596,-0.0015176092605573,0.00517784262791474));
#3607=CARTESIAN_POINT('',(0.00636360671035599,-0.00142217378265393,0.00564529453639906));
#3608=CARTESIAN_POINT('',(0.00608855340879859,-0.00136071072161286,0.00595996105208658));
#3609=CARTESIAN_POINT('',(0.00595519084898681,-0.0013309104503075,0.00611271556727084));
#3610=CARTESIAN_POINT('',(0.00927030681624927,-0.00206740872598261,0.00229161141175203));
#3611=CARTESIAN_POINT('',(0.00914381592491773,-0.00203919975018983,0.00243614562917525));
#3612=CARTESIAN_POINT('',(0.00887561098546765,-0.00197938681187479,0.00274260868551084));
#3613=CARTESIAN_POINT('',(0.00846570593457192,-0.00188797178943524,0.00321098327609674));
#3614=CARTESIAN_POINT('',(0.00804049764359457,-0.00179313933261375,0.00369672108421214));
#3615=CARTESIAN_POINT('',(0.00761558369207287,-0.00169839925653766,0.00418266467996233));
#3616=CARTESIAN_POINT('',(0.00718962598003838,-0.00160332180673594,0.00466777912841314));
#3617=CARTESIAN_POINT('',(0.00676741344295476,-0.00150947205402808,0.00515614415942394));
#3618=CARTESIAN_POINT('',(0.00633993414246328,-0.00141300928495558,0.00562285902164744));
#3619=CARTESIAN_POINT('',(0.00606613827116818,-0.00135210651459215,0.00593872370927286));
#3620=CARTESIAN_POINT('',(0.00593340975050707,-0.00132259485599536,0.00609208237097971));
#3621=CARTESIAN_POINT('',(0.00922746305124248,-0.00205324019081399,0.00225194549380934));
#3622=CARTESIAN_POINT('',(0.00910155662991053,-0.00202522448888288,0.00239701548811162));
#3623=CARTESIAN_POINT('',(0.00883459071588422,-0.0019658212776269,0.00270461495724671));
#3624=CARTESIAN_POINT('',(0.00842657159372202,-0.0018750300039111,0.00317473777739458));
#3625=CARTESIAN_POINT('',(0.00800339336694313,-0.00178086860080634,0.00366232527683818));
#3626=CARTESIAN_POINT('',(0.00758022971146399,-0.0016867075950757,0.00414989769186392));
#3627=CARTESIAN_POINT('',(0.00715703574439986,-0.00159254178870196,0.00463750323998997));
#3628=CARTESIAN_POINT('',(0.00673390726450607,-0.00149838959468855,0.00512503461130941));
#3629=CARTESIAN_POINT('',(0.00631884625294064,-0.00140603476284192,0.0056032696800419));
#3630=CARTESIAN_POINT('',(0.00604485657769231,-0.00134506818835929,0.00591896233348655));
#3631=CARTESIAN_POINT('',(0.00591192041503725,-0.00131548799480767,0.00607213223685015));
#3632=CARTESIAN_POINT('',(0.00922392613521348,-0.00205207052425603,0.00224867092116255));
#3633=CARTESIAN_POINT('',(0.00909806796410673,-0.00202407077781855,0.00239378514588743));
#3634=CARTESIAN_POINT('',(0.00883120433634964,-0.00196470139109228,0.00270147843022866));
#3635=CARTESIAN_POINT('',(0.00842334090478946,-0.00187396161021002,0.00317174557338734));
#3636=CARTESIAN_POINT('',(0.00800033026754437,-0.00177985560514618,0.0036594857718971));
#3637=CARTESIAN_POINT('',(0.00757731110567188,-0.00168574240387871,0.00414719265215956));
#3638=CARTESIAN_POINT('',(0.00715434529628447,-0.00159165185714316,0.00463500385005449));
#3639=CARTESIAN_POINT('',(0.00673114120182211,-0.00149747469544773,0.0051224663995903));
#3640=CARTESIAN_POINT('',(0.00631710536731916,-0.00140545898946965,0.00560165250526019));
#3641=CARTESIAN_POINT('',(0.00604309969281612,-0.0013444871477139,0.0059173309566278));
#3642=CARTESIAN_POINT('',(0.00591014638852338,-0.00131490129634066,0.00607048527727103));
#3643=CARTESIAN_POINT('',(0.00922038921918448,-0.00205090085769807,0.00224539634851576));
#3644=CARTESIAN_POINT('',(0.00909457929830293,-0.00202291706675421,0.00239055480366323));
#3645=CARTESIAN_POINT('',(0.00882781795681505,-0.00196358150455766,0.00269834190321061));
#3646=CARTESIAN_POINT('',(0.00842011021585691,-0.00187289321650893,0.00316875336938009));
#3647=CARTESIAN_POINT('',(0.0079972671681456,-0.00177884260948601,0.00365664626695601));
#3648=CARTESIAN_POINT('',(0.00757439249987977,-0.00168477721268172,0.00414448761245521));
#3649=CARTESIAN_POINT('',(0.00715165484816907,-0.00159076192558436,0.004632504460119));
#3650=CARTESIAN_POINT('',(0.00672837513913814,-0.00149655979620691,0.00511989818787119));
#3651=CARTESIAN_POINT('',(0.00631536448169768,-0.00140488321609739,0.00560003533047849));
#3652=CARTESIAN_POINT('',(0.00604134280793994,-0.00134390610706851,0.00591569957976905));
#3653=CARTESIAN_POINT('',(0.00590837236200952,-0.00131431459787364,0.00606883831769191));
#3654=CARTESIAN_POINT('',(0.00921685230315548,-0.00204973119114012,0.00224212177586897));
#3655=CARTESIAN_POINT('',(0.00909109063249913,-0.00202176335568988,0.00238732446143903));
#3656=CARTESIAN_POINT('',(0.00882443157728047,-0.00196246161802305,0.00269520537619255));
#3657=CARTESIAN_POINT('',(0.00841687952692435,-0.00187182482280784,0.00316576116537285));
#3658=CARTESIAN_POINT('',(0.00799420406874684,-0.00177782961382584,0.00365380676201493));
#3659=CARTESIAN_POINT('',(0.00757147389408766,-0.00168381202148473,0.00414178257275085));
#3660=CARTESIAN_POINT('',(0.00714896440005368,-0.00158987199402556,0.00463000507018352));
#3661=CARTESIAN_POINT('',(0.00672560907645418,-0.00149564489696608,0.00511732997615208));
#3662=CARTESIAN_POINT('',(0.0063136235960762,-0.00140430744272513,0.00559841815569678));
#3663=CARTESIAN_POINT('',(0.00603958592306376,-0.00134332506642313,0.00591406820291031));
#3664=CARTESIAN_POINT('',(0.00590659833549565,-0.00131372789940663,0.00606719135811279));
#3665=CARTESIAN_POINT('',(0.00847419931435429,-0.00247047762347303,0.00522279408713123));
#3666=CARTESIAN_POINT('',(0.000152079353448105,-3.87834236957978E-5,-0.00715454934157289));
#3667=CARTESIAN_POINT('',(0.00830791561431437,-0.00298236313815039,0.00522276117126156));
#3668=CARTESIAN_POINT('',(0.00867202129860511,-0.00376265342518463,0.00225196675605711));
#3669=CARTESIAN_POINT('',(0.00855369214071078,-0.00371131202381898,0.0023970386149726));
#3670=CARTESIAN_POINT('',(0.00830279378164215,-0.00360245069101366,0.00270464065155936));
#3671=CARTESIAN_POINT('',(0.00791938574542012,-0.00343609613623161,0.00317469953952511));
#3672=CARTESIAN_POINT('',(0.00752162575740551,-0.00326351397269917,0.00366235437718064));
#3673=CARTESIAN_POINT('',(0.00712394781879075,-0.00309096843745893,0.00414990839757574));
#3674=CARTESIAN_POINT('',(0.00672622772925793,-0.00291840323221698,0.00463751349399863));
#3675=CARTESIAN_POINT('',(0.00632859536653691,-0.00274587610691742,0.00512501191571205));
#3676=CARTESIAN_POINT('',(0.00593852954450803,-0.00257663133858379,0.00560323413637834));
#3677=CARTESIAN_POINT('',(0.00568105866904896,-0.00246491873626288,0.00591889402047867));
#3678=CARTESIAN_POINT('',(0.00555615057747883,-0.00241072307249585,0.00607203162172664));
#3679=CARTESIAN_POINT('',(0.00874057426825705,-0.0037845323298703,0.00231522913218365));
#3680=CARTESIAN_POINT('',(0.00862130417708233,-0.00373289070038094,0.00245943989291729));
#3681=CARTESIAN_POINT('',(0.0083684111571847,-0.00362339288681843,0.00276521602982483));
#3682=CARTESIAN_POINT('',(0.00798196827920429,-0.00345606889037646,0.00323248237785693));
#3683=CARTESIAN_POINT('',(0.0075810424616062,-0.00328247693726195,0.00371724592587171));
#3684=CARTESIAN_POINT('',(0.00718022549590423,-0.00310893008981865,0.00420188698752769));
#3685=CARTESIAN_POINT('',(0.00677930503861093,-0.00293533943209005,0.00468665312946639));
#3686=CARTESIAN_POINT('',(0.00637854110838239,-0.00276181387364481,0.0051712258095376));
#3687=CARTESIAN_POINT('',(0.0059853844420303,-0.00259158433785177,0.00564659420272695));
#3688=CARTESIAN_POINT('',(0.00572588085407262,-0.00247922324580572,0.00596036801344963));
#3689=CARTESIAN_POINT('',(0.00559998672420609,-0.00242471299780807,0.00611259058292278));
#3690=CARTESIAN_POINT('',(0.00880645468857221,-0.00379956997678067,0.00237522145713892));
#3691=CARTESIAN_POINT('',(0.00868628614440459,-0.00374772317503083,0.00251861623209457));
#3692=CARTESIAN_POINT('',(0.00843148832675788,-0.00363779033355398,0.00282266223461084));
#3693=CARTESIAN_POINT('',(0.00804214160315361,-0.00346980178185102,0.0032872857511458));
#3694=CARTESIAN_POINT('',(0.00763819751363839,-0.00329552042279026,0.00376930957969373));
#3695=CARTESIAN_POINT('',(0.00723437732277962,-0.00312128910917138,0.00425119335010215));
#3696=CARTESIAN_POINT('',(0.00683040743195875,-0.00294699564101251,0.00473325755368358));
#3697=CARTESIAN_POINT('',(0.00642663455780717,-0.00277278299638458,0.00521508245136461));
#3698=CARTESIAN_POINT('',(0.00603053159188708,-0.00260188177694052,0.00568775325810007));
#3699=CARTESIAN_POINT('',(0.00576907457870426,-0.00248907431661805,0.00599974910403408));
#3700=CARTESIAN_POINT('',(0.00564223265657956,-0.00243434747893823,0.00615110915659529));
#3701=CARTESIAN_POINT('',(0.00893612776620742,-0.00381639661127308,0.00249129848454871));
#3702=CARTESIAN_POINT('',(0.00881419790648257,-0.00376432353665068,0.00263310261705107));
#3703=CARTESIAN_POINT('',(0.00855566387878633,-0.00365391046369467,0.0029337762746505));
#3704=CARTESIAN_POINT('',(0.00816055888920765,-0.0034851743070168,0.00339325729964724));
#3705=CARTESIAN_POINT('',(0.00775070234427325,-0.00331013688319739,0.00386991688685346));
#3706=CARTESIAN_POINT('',(0.00734093589209054,-0.00313513751948855,0.00434646104706497));
#3707=CARTESIAN_POINT('',(0.00693101852791785,-0.00296007689027137,0.00482318161761719));
#3708=CARTESIAN_POINT('',(0.00652126345817602,-0.00278508148397549,0.00529971038906804));
#3709=CARTESIAN_POINT('',(0.00611936124428887,-0.00261344013958926,0.00576711588052978));
#3710=CARTESIAN_POINT('',(0.00585403991375114,-0.0025001287092669,0.00607567839901555));
#3711=CARTESIAN_POINT('',(0.00572532278217419,-0.00244515716853256,0.00622537339732822));
#3712=CARTESIAN_POINT('',(0.00900871622526461,-0.00382131404323677,0.00255602074599871));
#3713=CARTESIAN_POINT('',(0.00888580062928811,-0.00376917551088746,0.00269693429298356));
#3714=CARTESIAN_POINT('',(0.00862517627462036,-0.00365862345013891,0.00299572074894328));
#3715=CARTESIAN_POINT('',(0.00822687007997977,-0.00348966901686073,0.00345235240892972));
#3716=CARTESIAN_POINT('',(0.00781371275994256,-0.00331441590716988,0.00392600895489662));
#3717=CARTESIAN_POINT('',(0.00740062222342801,-0.00313919080794875,0.00439958628790858));
#3718=CARTESIAN_POINT('',(0.00698741147421706,-0.00296391652135148,0.00487330462373963));
#3719=CARTESIAN_POINT('',(0.00657430262448716,-0.00278868392165579,0.00534689930095426));
#3720=CARTESIAN_POINT('',(0.00616915955040478,-0.00261683035052671,0.00581136592445496));
#3721=CARTESIAN_POINT('',(0.00590167426058153,-0.00250336813103544,0.00611801959318062));
#3722=CARTESIAN_POINT('',(0.00577190698061814,-0.00244832329182858,0.00626678896315873));
#3723=CARTESIAN_POINT('',(0.00917912900661635,-0.00382388691093162,0.00270778072901749));
#3724=CARTESIAN_POINT('',(0.00905389381000419,-0.00377171545606511,0.00284661919325368));
#3725=CARTESIAN_POINT('',(0.00878835035089074,-0.003661093376886,0.00314100622983892));
#3726=CARTESIAN_POINT('',(0.00838250424983089,-0.0034920255661128,0.00359092905095335));
#3727=CARTESIAN_POINT('',(0.00796157581427853,-0.00331667157189731,0.00405758102120311));
#3728=CARTESIAN_POINT('',(0.00754067272131668,-0.00314132980606659,0.00452420266740898));
#3729=CARTESIAN_POINT('',(0.00711971020046781,-0.00296596210031113,0.00499089587220759));
#3730=CARTESIAN_POINT('',(0.00669873774307095,-0.00279059324280781,0.0054575924373056));
#3731=CARTESIAN_POINT('',(0.0062859780153173,-0.00261864257911574,0.00591518967518698));
#3732=CARTESIAN_POINT('',(0.00601341590154153,-0.00250509881410206,0.00621735432342691));
#3733=CARTESIAN_POINT('',(0.00588118500784339,-0.00245001417720625,0.00636394652787481));
#3734=CARTESIAN_POINT('',(0.00928728422770873,-0.00381709975219727,0.00280381689354007));
#3735=CARTESIAN_POINT('',(0.0091605556973385,-0.00376501620806158,0.00294135437927077));
#3736=CARTESIAN_POINT('',(0.00889184801462356,-0.00365458103987227,0.00323298181907455));
#3737=CARTESIAN_POINT('',(0.0084812315813417,-0.00348581424841492,0.0036786551013581));
#3738=CARTESIAN_POINT('',(0.008055308232687,-0.00331076644795615,0.00414090043753314));
#3739=CARTESIAN_POINT('',(0.00762944201273725,-0.00313573292071811,0.004603121660772));
#3740=CARTESIAN_POINT('',(0.00720350128501042,-0.00296067907661925,0.00506538430840165));
#3741=CARTESIAN_POINT('',(0.00677755560422739,-0.00278561759309196,0.00552768009618421));
#3742=CARTESIAN_POINT('',(0.00635992335888632,-0.00261397380472704,0.00598093749636296));
#3743=CARTESIAN_POINT('',(0.00608415077918557,-0.00250063201712216,0.00628024545122941));
#3744=CARTESIAN_POINT('',(0.00595036245455997,-0.00244564535860051,0.00642545188156377));
#3745=CARTESIAN_POINT('',(0.00963045881872493,-0.00377689409672256,0.00311111331799177));
#3746=CARTESIAN_POINT('',(0.00949904642462797,-0.00372535199335014,0.00324448881489936));
#3747=CARTESIAN_POINT('',(0.00922040700213342,-0.00361606566259492,0.00352728804860057));
#3748=CARTESIAN_POINT('',(0.00879460309716798,-0.00344907852128386,0.00395936908664467));
#3749=CARTESIAN_POINT('',(0.00835292644824065,-0.00327583992333659,0.00440766222415706));
#3750=CARTESIAN_POINT('',(0.00791130285226985,-0.00310264647781044,0.00485580583992643));
#3751=CARTESIAN_POINT('',(0.00746964884682943,-0.00292941300743087,0.00530408941785104));
#3752=CARTESIAN_POINT('',(0.00702800087216737,-0.00275620478755784,0.00575228051383895));
#3753=CARTESIAN_POINT('',(0.00659496145848201,-0.00258635797852159,0.00619177119335279));
#3754=CARTESIAN_POINT('',(0.00630902934905378,-0.00247421808847338,0.0064819423063926));
#3755=CARTESIAN_POINT('',(0.00617031242230884,-0.00241981472645189,0.00662271545952694));
#3756=CARTESIAN_POINT('',(0.00985425432510018,-0.00372051181095031,0.00331563774150705));
#3757=CARTESIAN_POINT('',(0.00971982874078957,-0.00366974878676757,0.00344618748423992));
#3758=CARTESIAN_POINT('',(0.00943479226217958,-0.00356211317071116,0.00372299934095857));
#3759=CARTESIAN_POINT('',(0.00899896952852729,-0.00339761233977282,0.00414605726068882));
#3760=CARTESIAN_POINT('',(0.00854719541960359,-0.00322700356093436,0.00458481831733513));
#3761=CARTESIAN_POINT('',(0.00809523195592328,-0.00305638422498045,0.00502361208083592));
#3762=CARTESIAN_POINT('',(0.00764367964027322,-0.00288583986630701,0.00546219832804085));
#3763=CARTESIAN_POINT('',(0.00719168097668779,-0.00271519605169789,0.00590105663146125));
#3764=CARTESIAN_POINT('',(0.0067485240615349,-0.00254786401885127,0.00633139354168361));
#3765=CARTESIAN_POINT('',(0.0064559494116734,-0.00243740159345785,0.00661547556934537));
#3766=CARTESIAN_POINT('',(0.0063140104423381,-0.00238381226615389,0.00675329405728507));
#3767=CARTESIAN_POINT('',(0.0101130901781126,-0.00363038410852136,0.00355812687597505));
#3768=CARTESIAN_POINT('',(0.00997510053068888,-0.00358084876183278,0.00368537366539242));
#3769=CARTESIAN_POINT('',(0.00968251598025876,-0.00347581711080752,0.00395517969574964));
#3770=CARTESIAN_POINT('',(0.00923542919611873,-0.00331532170019812,0.00436745829101313));
#3771=CARTESIAN_POINT('',(0.00877165517942971,-0.00314883631492029,0.00479512584148079));
#3772=CARTESIAN_POINT('',(0.00830796062184028,-0.00298237917952781,0.00522271926827526));
#3773=CARTESIAN_POINT('',(0.00784414431640928,-0.00281587903155359,0.00565042736105104));
#3774=CARTESIAN_POINT('',(0.00738046576531549,-0.00264942688318921,0.00607800516570073));
#3775=CARTESIAN_POINT('',(0.00692542311919044,-0.00248607978013127,0.00649762559266368));
#3776=CARTESIAN_POINT('',(0.00662519016731763,-0.00237830193578724,0.00677448388159147));
#3777=CARTESIAN_POINT('',(0.00647953843035127,-0.00232601572908003,0.0069087958434152));
#3778=CARTESIAN_POINT('',(0.,0.,0.00584803390593274));
#3779=CARTESIAN_POINT('',(0.,0.,0.002));
#3780=CARTESIAN_POINT('',(0.00683050396883147,-0.00603366350926804,0.00200279509074903));
#3781=CARTESIAN_POINT('',(0.00603350989554826,-0.00683039139624505,0.00200301617344234));
#3782=CARTESIAN_POINT('',(0.00562426708341227,-0.00496810075160261,0.00392438009641047));
#3783=CARTESIAN_POINT('',(0.00441578928832415,-0.00390063244804962,0.00584967957822384));
#3784=CARTESIAN_POINT('',(0.,0.,0.00584803390593274));
#3785=CARTESIAN_POINT('',(0.00390062289618775,-0.00441580715988479,0.00584968450963297));
#3786=CARTESIAN_POINT('',(0.00603349845041216,-0.00683040317321838,0.00200301722003453));
#3787=CARTESIAN_POINT('',(0.,0.,0.00193670395716381));
#3788=CARTESIAN_POINT('',(0.00682850256791806,-0.0060318303629322,0.00200603320155829));
#3789=CARTESIAN_POINT('',(0.00705351761023458,-0.00623061342718757,0.00229899864202097));
#3790=CARTESIAN_POINT('',(0.0078510934709928,-0.00463291612055201,0.002));
#3791=CARTESIAN_POINT('',(0.00755701507914067,-0.00513127112680565,0.002));
#3792=CARTESIAN_POINT('',(0.00721534997311982,-0.00560153059873358,0.002));
#3793=CARTESIAN_POINT('',(0.00683225948566244,-0.00603521422908185,0.002));
#3794=CARTESIAN_POINT('',(0.00810530937334713,-0.00478295109600284,0.00229899899817791));
#3795=CARTESIAN_POINT('',(0.00810532386770069,-0.00478292653385124,0.00229899899824227));
#3796=CARTESIAN_POINT('',(0.00886244806959548,-0.00603489225263944,0.00357799385117149));
#3797=CARTESIAN_POINT('',(0.00877809918870676,-0.00579180045307113,0.0033764578529231));
#3798=CARTESIAN_POINT('',(0.00857820720089589,-0.00532409636529639,0.00296493589200744));
#3799=CARTESIAN_POINT('',(0.0082947102893546,-0.00492338438233822,0.00252780246888964));
#3800=CARTESIAN_POINT('',(0.00810532181302129,-0.00478292865732671,0.0022989983245951));
#3801=CARTESIAN_POINT('',(0.00886245008196375,-0.00603489362296578,0.00357799622678003));
#3802=CARTESIAN_POINT('',(0.00886224603901231,-0.00603475527561064,0.00357775568272589));
#3803=CARTESIAN_POINT('',(0.00873971502940401,-0.0062150927350408,0.00357797341427741));
#3804=CARTESIAN_POINT('',(0.0086115859974032,-0.00639136089118407,0.00357792386145269));
#3805=CARTESIAN_POINT('',(0.0084778568659441,-0.00656355823352074,0.00357760450081334));
#3806=CARTESIAN_POINT('',(0.00847817358723613,-0.00656380492706052,0.00357799622678003));
#3807=CARTESIAN_POINT('',(0.00705351618333721,-0.00623061545763725,0.00229899891016727));
#3808=CARTESIAN_POINT('',(0.00724531220439631,-0.00636711211025454,0.0025274350022649));
#3809=CARTESIAN_POINT('',(0.00771547598906915,-0.00651306711225521,0.00296575627883384));
#3810=CARTESIAN_POINT('',(0.00822101369088899,-0.00655871013716004,0.00337654066046555));
#3811=CARTESIAN_POINT('',(0.0084781690248961,-0.00656380447785748,0.00357799243837139));
#3812=CARTESIAN_POINT('',(0.,0.,0.00580711639365242));
#3813=CARTESIAN_POINT('',(0.00455972450144756,-0.00402775615728409,0.00604132020851931));
#3814=CARTESIAN_POINT('',(0.00480782950077094,-0.00420436660763803,0.00633684824942207));
#3815=CARTESIAN_POINT('',(0.00514811110182222,-0.0042365545146519,0.00660758550399951));
#3816=CARTESIAN_POINT('',(0.00548068398507689,-0.00424314866937412,0.00686812176216144));
#3817=CARTESIAN_POINT('',(0.00455972414091133,-0.00402775656529491,0.00604132020842667));
#3818=CARTESIAN_POINT('',(0.00548068691021162,-0.0042431489997336,0.0068681242163913));
#3819=CARTESIAN_POINT('',(0.00572964961523403,-0.00390162262332336,0.00686877889194115));
#3820=CARTESIAN_POINT('',(0.00564965383283362,-0.00401764455976084,0.00686798020414156));
#3821=CARTESIAN_POINT('',(0.0055666708007879,-0.00413149014776967,0.00686776743920724));
#3822=CARTESIAN_POINT('',(0.00548069955418458,-0.00424315868225176,0.00686813975559411));
#3823=CARTESIAN_POINT('',(0.005729099324362,-0.00390123869729861,0.0068681242163913));
#3824=CARTESIAN_POINT('',(0.0057290963560315,-0.0039012366760043,0.00686812071226371));
#3825=CARTESIAN_POINT('',(0.00562007443236,-0.00358704285259317,0.00660763583669863));
#3826=CARTESIAN_POINT('',(0.0054839905276918,-0.00327307260829189,0.0063364843110666));
#3827=CARTESIAN_POINT('',(0.00523965637360138,-0.00309191011466345,0.00604132019881119));
#3828=CARTESIAN_POINT('',(0.00523965575839913,-0.00309191079245175,0.00604132001793273));
#3829=CARTESIAN_POINT('',(0.00523965517924936,-0.00309191177388627,0.00604132001792676));
#3830=CARTESIAN_POINT('',(0.00518391685091567,-0.00305901990369748,0.00597816929224917));
#3831=CARTESIAN_POINT('',(0.00512817852258189,-0.00302612803350863,0.00591501856657167));
#3832=CARTESIAN_POINT('',(0.0050724401942481,-0.00299323616331978,0.00585186784089419));
#3833=CARTESIAN_POINT('',(0.00441713061462324,-0.00390181380126492,0.00584803390593274));
#3834=CARTESIAN_POINT('',(0.0046628650216784,-0.00362280324074532,0.00584803390593274));
#3835=CARTESIAN_POINT('',(0.00488651608316453,-0.00331502519457688,0.00584803390593274));
#3836=CARTESIAN_POINT('',(0.00507583874558197,-0.00299525083814136,0.00584803390593274));
#3837=CARTESIAN_POINT('',(0.00441420672500376,-0.00389920755268789,0.00585186190130036));
#3838=CARTESIAN_POINT('',(0.00446271450717801,-0.00394205498555779,0.00591501467032428));
#3839=CARTESIAN_POINT('',(0.00451122228935224,-0.00398490241842767,0.00597816743934832));
#3840=CARTESIAN_POINT('',(0.00455973007152638,-0.00402774985129748,0.00604132020837238));
#3841=CARTESIAN_POINT('',(0.00571618160884792,-0.00504928063979966,0.00404802241991509));
#3842=CARTESIAN_POINT('',(0.00582009223382568,-0.00514108603214772,0.0041499428962571));
#3843=CARTESIAN_POINT('',(0.0065672341639175,-0.00387532322377209,0.00404669388945717));
#3844=CARTESIAN_POINT('',(0.00668798109420287,-0.00394655998701907,0.00414992920057475));
#3845=CARTESIAN_POINT('',(0.00888136716311629,-0.00604777540533371,0.00355812808354474));
#3846=CARTESIAN_POINT('',(0.00876019107577261,-0.00596526055952542,0.00368536713406));
#3847=CARTESIAN_POINT('',(0.00850325626734302,-0.00579030083043859,0.00395515748453597));
#3848=CARTESIAN_POINT('',(0.00811060244615097,-0.00552292342583594,0.0043674569507877));
#3849=CARTESIAN_POINT('',(0.00770334409501195,-0.00524560148808136,0.00479509112771454));
#3850=CARTESIAN_POINT('',(0.00729603417516293,-0.00496824245100132,0.00522278278564103));
#3851=CARTESIAN_POINT('',(0.00688878721371143,-0.00469092866486793,0.00565040489460085));
#3852=CARTESIAN_POINT('',(0.0064815060178112,-0.00441359028562406,0.00607806429313137));
#3853=CARTESIAN_POINT('',(0.00608196061354421,-0.00414151726013568,0.00649760530219737));
#3854=CARTESIAN_POINT('',(0.00581825955128953,-0.00396195032808059,0.00677449999279247));
#3855=CARTESIAN_POINT('',(0.00569031591652696,-0.00387482728582273,0.00690884492211732));
#3856=CARTESIAN_POINT('',(0.00884166069442423,-0.00591584647227978,0.00343591796673797));
#3857=CARTESIAN_POINT('',(0.00872102761798326,-0.00583513008228344,0.00356481921969989));
#3858=CARTESIAN_POINT('',(0.00846524273933234,-0.00566398375825708,0.0038381372607641));
#3859=CARTESIAN_POINT('',(0.00807430283433845,-0.00540243598293108,0.00425592596342808));
#3860=CARTESIAN_POINT('',(0.00766887320985689,-0.00513118741775666,0.00468918450510033));
#3861=CARTESIAN_POINT('',(0.00726338154812075,-0.00485987671268027,0.00512248334660754));
#3862=CARTESIAN_POINT('',(0.00685802085731601,-0.00458868225132836,0.00555567697154162));
#3863=CARTESIAN_POINT('',(0.00645250807746614,-0.0043173537191577,0.00598899183959547));
#3864=CARTESIAN_POINT('',(0.00605485542290646,-0.00405131708124719,0.00641395777752993));
#3865=CARTESIAN_POINT('',(0.00579231786929231,-0.0038756554550601,0.00669449616665421));
#3866=CARTESIAN_POINT('',(0.00566493759008677,-0.00379042614011533,0.00683060981780093));
#3867=CARTESIAN_POINT('',(0.00880328249502679,-0.00580464282923392,0.00333180171402541));
#3868=CARTESIAN_POINT('',(0.00868316365851364,-0.00572543839619682,0.00346213426986397));
#3869=CARTESIAN_POINT('',(0.00842846999436654,-0.00555749784946991,0.00373848539260672));
#3870=CARTESIAN_POINT('',(0.00803922335084752,-0.0053008465235503,0.00416085589020909));
#3871=CARTESIAN_POINT('',(0.00763549863368898,-0.00503465233445117,0.0045989383488999));
#3872=CARTESIAN_POINT('',(0.00723179603890734,-0.00476845783819756,0.00503697174962047));
#3873=CARTESIAN_POINT('',(0.00682808726264686,-0.00450227565142277,0.00547503937122977));
#3874=CARTESIAN_POINT('',(0.00642435309324838,-0.00423605388876911,0.00591309661992498));
#3875=CARTESIAN_POINT('',(0.00602846329880662,-0.00397504464424223,0.00634270593418054));
#3876=CARTESIAN_POINT('',(0.00576705568885509,-0.00380267382645997,0.00662633704999367));
#3877=CARTESIAN_POINT('',(0.00564022318635863,-0.0037190407908524,0.00676395162412121));
#3878=CARTESIAN_POINT('',(0.00871236896249738,-0.00558208059862488,0.00311792060795744));
#3879=CARTESIAN_POINT('',(0.00859348729901456,-0.00550591363071608,0.00325118248881889));
#3880=CARTESIAN_POINT('',(0.00834141743636062,-0.00534441313497014,0.0035337425270342));
#3881=CARTESIAN_POINT('',(0.00795619777676319,-0.00509759111018898,0.00396553353068814));
#3882=CARTESIAN_POINT('',(0.00755659351462539,-0.00484155088771603,0.00441344694760009));
#3883=CARTESIAN_POINT('',(0.00715709529555209,-0.00458559185886217,0.0048612625139844));
#3884=CARTESIAN_POINT('',(0.00675745355689479,-0.00432952760659222,0.00530922288959747));
#3885=CARTESIAN_POINT('',(0.0063579166007661,-0.00407354129220501,0.00575707894276256));
#3886=CARTESIAN_POINT('',(0.00596612969138492,-0.00382252716647621,0.00619625158751782));
#3887=CARTESIAN_POINT('',(0.00570741828954332,-0.00365677009498922,0.00648625363584136));
#3888=CARTESIAN_POINT('',(0.00558189378655705,-0.0035763461751348,0.00662696008727845));
#3889=CARTESIAN_POINT('',(0.00865749049962117,-0.00546609872729187,0.00300405008342864));
#3890=CARTESIAN_POINT('',(0.00853935983110076,-0.00539151505528388,0.00313886093626255));
#3891=CARTESIAN_POINT('',(0.00828888242054828,-0.00523337201843597,0.00342470560472341));
#3892=CARTESIAN_POINT('',(0.00790609896570781,-0.0049916908785812,0.00386152468093972));
#3893=CARTESIAN_POINT('',(0.00750903388096741,-0.00474099388350598,0.00431464758098127));
#3894=CARTESIAN_POINT('',(0.00711204673776909,-0.00449034671406021,0.00476767954406139));
#3895=CARTESIAN_POINT('',(0.0067149642879223,-0.00423963994193801,0.00522082700758023));
#3896=CARTESIAN_POINT('',(0.00631793251410645,-0.00398896114917757,0.00567390623338786));
#3897=CARTESIAN_POINT('',(0.00592859908787665,-0.00374316426098646,0.00611823599197008));
#3898=CARTESIAN_POINT('',(0.00567151259737036,-0.00358084689539092,0.00641162042056239));
#3899=CARTESIAN_POINT('',(0.00554677655188239,-0.00350209181718282,0.00655396766122709));
#3900=CARTESIAN_POINT('',(0.00854951066359425,-0.00527407528047745,0.00280819243829583));
#3901=CARTESIAN_POINT('',(0.00843285517630641,-0.00520211152539483,0.00294567119834785));
#3902=CARTESIAN_POINT('',(0.00818550602100153,-0.00504952411758194,0.00323717306284499));
#3903=CARTESIAN_POINT('',(0.00780751427738882,-0.00481634854504408,0.00368264722444761));
#3904=CARTESIAN_POINT('',(0.00741544329474058,-0.00457448698834693,0.0041447101794328));
#3905=CARTESIAN_POINT('',(0.00702340325556141,-0.00433264246400594,0.00460673504061113));
#3906=CARTESIAN_POINT('',(0.00663135348980176,-0.00409079728731226,0.00506877913154592));
#3907=CARTESIAN_POINT('',(0.00623925060812454,-0.00384890243565776,0.00553085041084834));
#3908=CARTESIAN_POINT('',(0.00585477903598343,-0.00361176246309557,0.00598405404435135));
#3909=CARTESIAN_POINT('',(0.00560088796461608,-0.00345513331052323,0.00628325104742266));
#3910=CARTESIAN_POINT('',(0.00547770210486469,-0.00337913772077478,0.00642841785976622));
#3911=CARTESIAN_POINT('',(0.00849673896137289,-0.00519111179865413,0.00272087726720114));
#3912=CARTESIAN_POINT('',(0.00838080662978059,-0.00512028284234272,0.002859543628038));
#3913=CARTESIAN_POINT('',(0.00813499031448028,-0.00497010110301118,0.00315356369734922));
#3914=CARTESIAN_POINT('',(0.00775932607259343,-0.00474058703496712,0.00360288878548258));
#3915=CARTESIAN_POINT('',(0.00736969151166995,-0.00450254749009882,0.00406895477416592));
#3916=CARTESIAN_POINT('',(0.00698002864623194,-0.00426445326163847,0.00453492867964297));
#3917=CARTESIAN_POINT('',(0.00659054654220665,-0.00402660721402159,0.00500116594621433));
#3918=CARTESIAN_POINT('',(0.00620034940384071,-0.0037878184184151,0.00546647122943406));
#3919=CARTESIAN_POINT('',(0.00582011488677501,-0.00355695923293802,0.00592642684826719));
#3920=CARTESIAN_POINT('',(0.00556753115060195,-0.00340244103882558,0.00622782584501009));
#3921=CARTESIAN_POINT('',(0.00544495942447398,-0.00332744210474927,0.00637403050335717));
#3922=CARTESIAN_POINT('',(0.00839712927242706,-0.00505497401909461,0.00257076964232204));
#3923=CARTESIAN_POINT('',(0.00828255515128584,-0.00498600179136331,0.00271148706165868));
#3924=CARTESIAN_POINT('',(0.00803961858985157,-0.00483975696806353,0.00300985657662019));
#3925=CARTESIAN_POINT('',(0.00766835171039272,-0.00461625985565551,0.00346584365211275));
#3926=CARTESIAN_POINT('',(0.00728324955758963,-0.00438442784451451,0.00393879936124513));
#3927=CARTESIAN_POINT('',(0.00689821810326948,-0.00415266347324931,0.00441175977779202));
#3928=CARTESIAN_POINT('',(0.00651300809496863,-0.00392069548731693,0.0048845972955845));
#3929=CARTESIAN_POINT('',(0.0061283045442413,-0.00368939072168647,0.00535808719851643));
#3930=CARTESIAN_POINT('',(0.00574926458118082,-0.0034601773650035,0.0058199298482121));
#3931=CARTESIAN_POINT('',(0.00550011031642519,-0.00331033295354558,0.00612644682917509));
#3932=CARTESIAN_POINT('',(0.00537923827999699,-0.00323765024607434,0.00627518709319471));
#3933=CARTESIAN_POINT('',(0.00835427307605288,-0.00500216160573429,0.0025102333211205));
#3934=CARTESIAN_POINT('',(0.00824028004047298,-0.00493390745352365,0.00265177854303173));
#3935=CARTESIAN_POINT('',(0.00799857557166879,-0.00478918524518047,0.00295190340619098));
#3936=CARTESIAN_POINT('',(0.00762919137027396,-0.00456801650469266,0.00341057676427965));
#3937=CARTESIAN_POINT('',(0.00724601302889555,-0.00433856817217336,0.00388629651292198));
#3938=CARTESIAN_POINT('',(0.0068630173171087,-0.00410931126690384,0.00436213078589741));
#3939=CARTESIAN_POINT('',(0.00647943964508622,-0.00387939815939108,0.00483740757904305));
#3940=CARTESIAN_POINT('',(0.00609778850884349,-0.00365178253764431,0.00531506550463439));
#3941=CARTESIAN_POINT('',(0.00571673117233798,-0.00342032570910312,0.00577443062743412));
#3942=CARTESIAN_POINT('',(0.00546940999892886,-0.00327270288626782,0.00608346289511619));
#3943=CARTESIAN_POINT('',(0.00534947020248444,-0.00320114819312322,0.00623347974011981));
#3944=CARTESIAN_POINT('',(0.00827598319122952,-0.00491798775600708,0.00240817886861873));
#3945=CARTESIAN_POINT('',(0.00816305654909699,-0.00485088120604417,0.00255112232464823));
#3946=CARTESIAN_POINT('',(0.00792361297506754,-0.00470859201866506,0.00285421183960993));
#3947=CARTESIAN_POINT('',(0.00755767714932395,-0.00449113276132463,0.00331741333077242));
#3948=CARTESIAN_POINT('',(0.00717812234246072,-0.00426559283397293,0.00379789379709357));
#3949=CARTESIAN_POINT('',(0.00679856270769409,-0.00404000164856731,0.00427820926275522));
#3950=CARTESIAN_POINT('',(0.00641912978352063,-0.00381466615761903,0.00475900914024981));
#3951=CARTESIAN_POINT('',(0.00603895404824164,-0.00358821370326003,0.00523835033221364));
#3952=CARTESIAN_POINT('',(0.00566923826413807,-0.00337047068343475,0.00571324714160162));
#3953=CARTESIAN_POINT('',(0.00542315456149799,-0.00322396221494655,0.00602377139417902));
#3954=CARTESIAN_POINT('',(0.00530373055989609,-0.00315284071355307,0.0061743935179671));
#3955=CARTESIAN_POINT('',(0.00824649548521356,-0.00488881074748084,0.0023714653188556));
#3956=CARTESIAN_POINT('',(0.00813396891432341,-0.00482210100779569,0.00251490902604694));
#3957=CARTESIAN_POINT('',(0.00789537373355007,-0.00468065323135981,0.00281905946834711));
#3958=CARTESIAN_POINT('',(0.00753073761680342,-0.00446448096195891,0.0032838890392108));
#3959=CARTESIAN_POINT('',(0.0071525551027529,-0.00424030355683157,0.00376608203830865));
#3960=CARTESIAN_POINT('',(0.0067742585061417,-0.00401595494342775,0.00424797661162275));
#3961=CARTESIAN_POINT('',(0.00639649322848471,-0.0037923066490482,0.00473086095754959));
#3962=CARTESIAN_POINT('',(0.00601649236068453,-0.00356589390163765,0.00521038160369779));
#3963=CARTESIAN_POINT('',(0.00565241162583994,-0.00335421877984978,0.00569242501576709));
#3964=CARTESIAN_POINT('',(0.00540660524317676,-0.00320791548616505,0.00600327398616216));
#3965=CARTESIAN_POINT('',(0.00528726918562846,-0.00313684207963186,0.00615399418320329));
#3966=CARTESIAN_POINT('',(0.00820466164593729,-0.00485189733789183,0.00232196734432528));
#3967=CARTESIAN_POINT('',(0.00809270851071493,-0.00478569296584013,0.00246608799735318));
#3968=CARTESIAN_POINT('',(0.00785532884599899,-0.00464531645676475,0.0027716737810939));
#3969=CARTESIAN_POINT('',(0.00749253932640278,-0.00443077271966072,0.00323869640409317));
#3970=CARTESIAN_POINT('',(0.00711620708791826,-0.00420822409861906,0.0037230609642446));
#3971=CARTESIAN_POINT('',(0.00674009886832922,-0.00398580859487317,0.00420755981053368));
#3972=CARTESIAN_POINT('',(0.00636323039437436,-0.00376293571919881,0.00469145700568596));
#3973=CARTESIAN_POINT('',(0.00598900250713344,-0.00354165368398607,0.00517784262791474));
#3974=CARTESIAN_POINT('',(0.00561267376122906,-0.0033190302623156,0.00564529453639906));
#3975=CARTESIAN_POINT('',(0.00537007565684239,-0.00317557927306087,0.00595996105208658));
#3976=CARTESIAN_POINT('',(0.00525244911557394,-0.00310602623345336,0.00611271556727084));
#3977=CARTESIAN_POINT('',(0.00817772127500157,-0.00483090488998216,0.00229161141175203));
#3978=CARTESIAN_POINT('',(0.0080661383414626,-0.00476498872468134,0.00243614562917525));
#3979=CARTESIAN_POINT('',(0.0078295435005189,-0.0046252233556727,0.00274260868551084));
#3980=CARTESIAN_POINT('',(0.0074679494262772,-0.00441161487608738,0.00321098327609674));
#3981=CARTESIAN_POINT('',(0.00709285715113665,-0.00419002726200989,0.00369672108421214));
#3982=CARTESIAN_POINT('',(0.0067180162622331,-0.00396861846313621,0.00418266467996233));
#3983=CARTESIAN_POINT('',(0.00634228695230708,-0.00374656626304583,0.00466777912841314));
#3984=CARTESIAN_POINT('',(0.00596974013615681,-0.00352683899498333,0.00515614415942394));
#3985=CARTESIAN_POINT('',(0.00559299179681096,-0.00330299908128168,0.00562285902164744));
#3986=CARTESIAN_POINT('',(0.00535141644032786,-0.00316046952744722,0.00593872370927286));
#3987=CARTESIAN_POINT('',(0.00523430371989349,-0.00309138690370954,0.00609208237097971));
#3988=CARTESIAN_POINT('',(0.00814135275126174,-0.00480419036079358,0.00225194549380933));
#3989=CARTESIAN_POINT('',(0.00803026595681664,-0.00473863862102092,0.00239701548811162));
#3990=CARTESIAN_POINT('',(0.00779472288645177,-0.00459964580551408,0.00270461495724671));
#3991=CARTESIAN_POINT('',(0.00743472968806551,-0.00438721333024587,0.00317473777739458));
#3992=CARTESIAN_POINT('',(0.00706136075170678,-0.00416689125051546,0.00366232527683818));
#3993=CARTESIAN_POINT('',(0.00668800555068228,-0.00394657405148955,0.00414989769186392));
#3994=CARTESIAN_POINT('',(0.00631462300510764,-0.00372624291998585,0.00463750323998997));
#3995=CARTESIAN_POINT('',(0.00594129853508241,-0.0035059449712547,0.00512503461130941));
#3996=CARTESIAN_POINT('',(0.00557509126792632,-0.00328984940033943,0.0056032696800419));
#3997=CARTESIAN_POINT('',(0.00533335130948775,-0.00314719927646653,0.00591896233348655));
#3998=CARTESIAN_POINT('',(0.00521606228824773,-0.00307798730720858,0.00607213223685015));
#3999=CARTESIAN_POINT('',(0.00813835039106893,-0.00480198497463111,0.00224867092116255));
#4000=CARTESIAN_POINT('',(0.00802730455479624,-0.0047364633195742,0.00239378514588742));
#4001=CARTESIAN_POINT('',(0.00779184831209972,-0.00459753428130223,0.00270147843022866));
#4002=CARTESIAN_POINT('',(0.0074319872721144,-0.00438519888967078,0.00317174557338734));
#4003=CARTESIAN_POINT('',(0.00705876060393775,-0.0041649812846222,0.0036594857718971));
#4004=CARTESIAN_POINT('',(0.00668552805210789,-0.00394475420132254,0.00414719265215956));
#4005=CARTESIAN_POINT('',(0.00631233924087124,-0.00372456515058766,0.00463500385005449));
#4006=CARTESIAN_POINT('',(0.0059389505725559,-0.00350422008999311,0.0051224663995903));
#4007=CARTESIAN_POINT('',(0.00557361351106882,-0.00328876384407953,0.00560165250526019));
#4008=CARTESIAN_POINT('',(0.00533185996411172,-0.0031461037666906,0.0059173309566278));
#4009=CARTESIAN_POINT('',(0.00521455638856852,-0.00307688111946717,0.00607048527727103));
#4010=CARTESIAN_POINT('',(0.00813534803087612,-0.00479977958846863,0.00224539634851576));
#4011=CARTESIAN_POINT('',(0.00802434315277584,-0.00473428801812747,0.00239055480366323));
#4012=CARTESIAN_POINT('',(0.00778897373774767,-0.00459542275709038,0.00269834190321061));
#4013=CARTESIAN_POINT('',(0.00742924485616329,-0.00438318444909569,0.00316875336938009));
#4014=CARTESIAN_POINT('',(0.00705616045616871,-0.00416307131872894,0.00365664626695601));
#4015=CARTESIAN_POINT('',(0.0066830505535335,-0.00394293435115553,0.00414448761245521));
#4016=CARTESIAN_POINT('',(0.00631005547663484,-0.00372288738118946,0.004632504460119));
#4017=CARTESIAN_POINT('',(0.00593660261002939,-0.00350249520873152,0.00511989818787119));
#4018=CARTESIAN_POINT('',(0.00557213575421132,-0.00328767828781963,0.00560003533047849));
#4019=CARTESIAN_POINT('',(0.0053303686187357,-0.00314500825691467,0.00591569957976905));
#4020=CARTESIAN_POINT('',(0.00521305048888931,-0.00307577493172576,0.00606883831769191));
#4021=CARTESIAN_POINT('',(0.00813234567068331,-0.00479757420230616,0.00224212177586897));
#4022=CARTESIAN_POINT('',(0.00802138175075543,-0.00473211271668075,0.00238732446143903));
#4023=CARTESIAN_POINT('',(0.00778609916339562,-0.00459331123287853,0.00269520537619255));
#4024=CARTESIAN_POINT('',(0.00742650244021218,-0.0043811700085206,0.00316576116537285));
#4025=CARTESIAN_POINT('',(0.00705356030839968,-0.00416116135283568,0.00365380676201493));
#4026=CARTESIAN_POINT('',(0.00668057305495911,-0.00394111450098852,0.00414178257275085));
#4027=CARTESIAN_POINT('',(0.00630777171239845,-0.00372120961179127,0.00463000507018352));
#4028=CARTESIAN_POINT('',(0.00593425464750288,-0.00350077032746993,0.00511732997615208));
#4029=CARTESIAN_POINT('',(0.00557065799735383,-0.00328659273155973,0.00559841815569678));
#4030=CARTESIAN_POINT('',(0.00532887727335967,-0.00314391274713875,0.00591406820291031));
#4031=CARTESIAN_POINT('',(0.0052115445892101,-0.00307466874398435,0.00606719135811279));
#4032=CARTESIAN_POINT('',(0.00729602290842437,-0.00496823544402139,0.00522279408713123));
#4033=CARTESIAN_POINT('',(0.000132651323071166,-8.38803325413614E-5,-0.00715454934156909));
#4034=CARTESIAN_POINT('',(0.00697969638873807,-0.00540368300915252,0.00522276117126156));
#4035=CARTESIAN_POINT('',(0.00708485851316359,-0.0062582980154326,0.00225196675605712));
#4036=CARTESIAN_POINT('',(0.00698818616201748,-0.00617290372038865,0.00239703861497261));
#4037=CARTESIAN_POINT('',(0.00678320764456465,-0.00599183858363858,0.00270464065155936));
#4038=CARTESIAN_POINT('',(0.0064699713178351,-0.0057151464013252,0.00317469953952511));
#4039=CARTESIAN_POINT('',(0.00614500991076984,-0.00542809641412246,0.00366235437718064));
#4040=CARTESIAN_POINT('',(0.0058201152185562,-0.00514110661715465,0.00414990839757574));
#4041=CARTESIAN_POINT('',(0.00549518651680209,-0.00485408508755351,0.00463751349399863));
#4042=CARTESIAN_POINT('',(0.00517032948085464,-0.00456712688320544,0.00512501191571205));
#4043=CARTESIAN_POINT('',(0.00485165434865419,-0.00428562857550112,0.00560323413637834));
#4044=CARTESIAN_POINT('',(0.00464130608739564,-0.00409982070103807,0.00591889402047867));
#4045=CARTESIAN_POINT('',(0.00453925881409532,-0.00400967883882739,0.00607203162172663));
#4046=CARTESIAN_POINT('',(0.00714329530829627,-0.00630029012294063,0.00231522913218366));
#4047=CARTESIAN_POINT('',(0.00704582085201487,-0.00621431952960904,0.00245943989291729));
#4048=CARTESIAN_POINT('',(0.00683914198275338,-0.00603203267959317,0.00276521602982483));
#4049=CARTESIAN_POINT('',(0.00652331892394156,-0.00575348068579338,0.00323248237785693));
#4050=CARTESIAN_POINT('',(0.00619565867616306,-0.00546449203648594,0.00371724592587171));
#4051=CARTESIAN_POINT('',(0.00586808801427072,-0.0051755799223068,0.00420188698752769));
#4052=CARTESIAN_POINT('',(0.00554043246414876,-0.00488659416140984,0.00468665312946639));
#4053=CARTESIAN_POINT('',(0.00521290566332683,-0.00459771868313363,0.0051712258095376));
#4054=CARTESIAN_POINT('',(0.0048915952733724,-0.00431432868249715,0.00564659420272695));
#4055=CARTESIAN_POINT('',(0.00467951418199205,-0.00412727591494853,0.00596036801344963));
#4056=CARTESIAN_POINT('',(0.00457662634241804,-0.0040365301627647,0.00611259058292278));
#4057=CARTESIAN_POINT('',(0.00720130442288255,-0.00633494994449843,0.00237522145713893));
#4058=CARTESIAN_POINT('',(0.00710303888874292,-0.00624850658350809,0.00251861623209457));
#4059=CARTESIAN_POINT('',(0.00689468288018851,-0.00606521738248421,0.00282266223461084));
#4060=CARTESIAN_POINT('',(0.00657630345894315,-0.00578513602142619,0.0032872857511458));
#4061=CARTESIAN_POINT('',(0.00624598570214333,-0.00549455901078517,0.00376930957969373));
#4062=CARTESIAN_POINT('',(0.00591577031507605,-0.00520406788297817,0.00425119335010215));
#4063=CARTESIAN_POINT('',(0.00558543176169346,-0.00491347138285856,0.00473325755368358));
#4064=CARTESIAN_POINT('',(0.00525525560645341,-0.0046230126319837,0.00521508245136461));
#4065=CARTESIAN_POINT('',(0.00493135068075888,-0.00433807336559701,0.00568775325810007));
#4066=CARTESIAN_POINT('',(0.00471754970697222,-0.00414999243499861,0.00599974910403408));
#4067=CARTESIAN_POINT('',(0.00461382739328758,-0.00405874780987127,0.00615110915659528));
#4068=CARTESIAN_POINT('',(0.00731943113233927,-0.00639102420958193,0.00249129848454872));
#4069=CARTESIAN_POINT('',(0.00721956040972468,-0.00630382137386205,0.00263310261705108));
#4070=CARTESIAN_POINT('',(0.00700779945394472,-0.00611892089316071,0.0029337762746505));
#4071=CARTESIAN_POINT('',(0.00668417461896416,-0.00583634911547549,0.00339325729964724));
#4072=CARTESIAN_POINT('',(0.00634846741976988,-0.00554322599531599,0.00386991688685346));
#4073=CARTESIAN_POINT('',(0.0060128341426532,-0.005250166912664,0.00434646104706497));
#4074=CARTESIAN_POINT('',(0.00567707627178832,-0.00495700292868153,0.00482318161761719));
#4075=CARTESIAN_POINT('',(0.00534145259710834,-0.0046639511271206,0.00529971038906804));
#4076=CARTESIAN_POINT('',(0.00501226097003024,-0.00437651589390837,0.00576711588052978));
#4077=CARTESIAN_POINT('',(0.00479494054733676,-0.00418676151962322,0.00607567839901555));
#4078=CARTESIAN_POINT('',(0.00468951042088558,-0.00409470469647258,0.00622537339732822));
#4079=CARTESIAN_POINT('',(0.00738694728928797,-0.0064181320327386,0.00255602074599872));
#4080=CARTESIAN_POINT('',(0.00728615930333792,-0.00633056233376725,0.00269693429298356));
#4081=CARTESIAN_POINT('',(0.00707245327806042,-0.00614488372126216,0.00299572074894329));
#4082=CARTESIAN_POINT('',(0.00674585136732471,-0.00586111512342724,0.00345235240892972));
#4083=CARTESIAN_POINT('',(0.00640707159505981,-0.00556676687821285,0.00392600895489662));
#4084=CARTESIAN_POINT('',(0.00606834668198815,-0.00527246590978168,0.00439958628790858));
#4085=CARTESIAN_POINT('',(0.00572952263958338,-0.00497808101360976,0.00487330462373963));
#4086=CARTESIAN_POINT('',(0.00539078262738303,-0.00468376725270861,0.00534689930095426));
#4087=CARTESIAN_POINT('',(0.00505857434076804,-0.00439512869899294,0.00581136592445496));
#4088=CARTESIAN_POINT('',(0.00483924246691084,-0.00420456221549177,0.00611801959318062));
#4089=CARTESIAN_POINT('',(0.00473283624046732,-0.00411211116765317,0.00626678896315873));
#4090=CARTESIAN_POINT('',(0.00754822441561054,-0.00647323942082174,0.0027077807290175));
#4091=CARTESIAN_POINT('',(0.00744524053197806,-0.0063849216146593,0.00284661919325369));
#4092=CARTESIAN_POINT('',(0.0072268777972481,-0.00619765632379873,0.00314100622983892));
#4093=CARTESIAN_POINT('',(0.00689314004495284,-0.00591144993833881,0.00359092905095335));
#4094=CARTESIAN_POINT('',(0.00654700067767095,-0.00561460433948045,0.00405758102120311));
#4095=CARTESIAN_POINT('',(0.0062008816338462,-0.00531777820179826,0.00452420266740898));
#4096=CARTESIAN_POINT('',(0.00585471408661983,-0.00502090902955458,0.00499089587220759));
#4097=CARTESIAN_POINT('',(0.00550853744508441,-0.00472403569137139,0.0054575924373056));
#4098=CARTESIAN_POINT('',(0.00516911529361499,-0.00443295112171632,0.00591518967518698));
#4099=CARTESIAN_POINT('',(0.0049449802722079,-0.00424073825893591,0.00621735432342691));
#4100=CARTESIAN_POINT('',(0.00483624330803053,-0.00414748806273428,0.00636394652787481));
#4101=CARTESIAN_POINT('',(0.00765318349079423,-0.00650020625062823,0.00280381689354008));
#4102=CARTESIAN_POINT('',(0.00754875219645031,-0.00641151058702968,0.00294135437927077));
#4103=CARTESIAN_POINT('',(0.00732732234757286,-0.00622344526021706,0.00323298181907455));
#4104=CARTESIAN_POINT('',(0.00698895471964873,-0.0059360510474136,0.0036786551013581));
#4105=CARTESIAN_POINT('',(0.00663797028863813,-0.00563795314308876,0.00414090043753314));
#4106=CARTESIAN_POINT('',(0.00628703577958689,-0.00533988646714421,0.004603121660772));
#4107=CARTESIAN_POINT('',(0.00593603668768399,-0.00504177744454744,0.00506538430840165));
#4108=CARTESIAN_POINT('',(0.00558503524585794,-0.00474365962584395,0.00552768009618421));
#4109=CARTESIAN_POINT('',(0.00524088422509501,-0.00445136122122856,0.00598093749636296));
#4110=CARTESIAN_POINT('',(0.00501363345469782,-0.00425834836184824,0.00628024545122941));
#4111=CARTESIAN_POINT('',(0.0049033850087055,-0.00416471007599367,0.00642545188156377));
#4112=CARTESIAN_POINT('',(0.00799198615261878,-0.00656801518065877,0.00311111331799178));
#4113=CARTESIAN_POINT('',(0.00788293292475883,-0.00647838706433541,0.00324448881489937));
#4114=CARTESIAN_POINT('',(0.00765170241975491,-0.00628834527047504,0.00352728804860057));
#4115=CARTESIAN_POINT('',(0.00729834070578082,-0.00599795041868812,0.00395936908664467));
#4116=CARTESIAN_POINT('',(0.00693181492157047,-0.00569670513069941,0.00440766222415706));
#4117=CARTESIAN_POINT('',(0.00656532564085468,-0.0053955191794802,0.00485580583992643));
#4118=CARTESIAN_POINT('',(0.00619881980737455,-0.00509428576532043,0.00530408941785104));
#4119=CARTESIAN_POINT('',(0.00583231190666983,-0.00479307822943246,0.00575228051383895));
#4120=CARTESIAN_POINT('',(0.0054729525009043,-0.00449772777686364,0.00619177119335279));
#4121=CARTESIAN_POINT('',(0.0052356680367868,-0.00430271852264588,0.0064819423063926));
#4122=CARTESIAN_POINT('',(0.00512055196310137,-0.00420811196291532,0.00662271545952694));
#4123=CARTESIAN_POINT('',(0.00822225141175986,-0.00658354905510615,0.00331563774150706));
#4124=CARTESIAN_POINT('',(0.00811009172100281,-0.00649373076013955,0.00344618748423992));
#4125=CARTESIAN_POINT('',(0.00787226715520041,-0.00630328209019639,0.00372299934095857));
#4126=CARTESIAN_POINT('',(0.00750860865675958,-0.006012155871763,0.00414605726068882));
#4127=CARTESIAN_POINT('',(0.00713166695862489,-0.00571029140363551,0.00458481831733513));
#4128=CARTESIAN_POINT('',(0.00675454843574314,-0.00540835838125681,0.00502361208083592));
#4129=CARTESIAN_POINT('',(0.00637779776862085,-0.00510662371823783,0.00546219832804085));
#4130=CARTESIAN_POINT('',(0.00600065333296041,-0.0048046565379057,0.00590105663146125));
#4131=CARTESIAN_POINT('',(0.00563089450291591,-0.00450857129972499,0.00633139354168361));
#4132=CARTESIAN_POINT('',(0.00538677424234879,-0.0043131047513183,0.00661547556934537));
#4133=CARTESIAN_POINT('',(0.00526834227350029,-0.00421827671869333,0.00675329405728507));
#4134=CARTESIAN_POINT('',(0.00849626992813266,-0.00657781719374676,0.00355812687597506));
#4135=CARTESIAN_POINT('',(0.00838034123871809,-0.00648806513338991,0.00368537366539243));
#4136=CARTESIAN_POINT('',(0.00813453336057829,-0.00629776049889064,0.00395517969574964));
#4137=CARTESIAN_POINT('',(0.00775892437056996,-0.0060069628785354,0.00436745829101313));
#4138=CARTESIAN_POINT('',(0.00736929588327541,-0.00570531181529257,0.00479512584148079));
#4139=CARTESIAN_POINT('',(0.00697973423638064,-0.00540371217349941,0.00522271926827526));
#4140=CARTESIAN_POINT('',(0.00659007009202651,-0.00510203400215805,0.00565042736105104));
#4141=CARTESIAN_POINT('',(0.00620052212713728,-0.00480044404958965,0.00607800516570073));
#4142=CARTESIAN_POINT('',(0.00581822788417468,-0.00450447581199047,0.00649762559266368));
#4143=CARTESIAN_POINT('',(0.00556599456440893,-0.00430919590641478,0.00677448388159147));
#4144=CARTESIAN_POINT('',(0.00544362885730128,-0.00421445990683069,0.00690879584341519));
#4145=CARTESIAN_POINT('',(0.,0.,0.00584803390593274));
#4146=CARTESIAN_POINT('',(0.,0.,0.002));
#4147=CARTESIAN_POINT('',(0.00463169074643327,-0.0078490968041361,0.00200279509074903));
#4148=CARTESIAN_POINT('',(0.00362750188262031,-0.00836054533969903,0.00200301617344234));
#4149=CARTESIAN_POINT('',(0.00381376829705143,-0.00646293870310052,0.00392438009641047));
#4150=CARTESIAN_POINT('',(0.00299430346198934,-0.00507427584106092,0.00584967957822384));
#4151=CARTESIAN_POINT('',(0.,0.,0.00584803390593274));
#4152=CARTESIAN_POINT('',(0.00234515336674246,-0.00540504093768126,0.00584968450963297));
#4153=CARTESIAN_POINT('',(0.00362748735836417,-0.00836055300352469,0.00200301722003453));
#4154=CARTESIAN_POINT('',(0.,0.,0.00193670395716381));
#4155=CARTESIAN_POINT('',(0.0046303537744238,-0.00784673491147327,0.00200603320155829));
#4156=CARTESIAN_POINT('',(0.00478292845163452,-0.00810532231212827,0.00229899864202097));
#4157=CARTESIAN_POINT('',(0.00603518379086581,-0.00683228637286282,0.002));
#4158=CARTESIAN_POINT('',(0.00560149845382904,-0.00721537492822789,0.002));
#4159=CARTESIAN_POINT('',(0.00513123745976569,-0.00755703793920913,0.002));
#4160=CARTESIAN_POINT('',(0.00463288114337882,-0.00785111411085467,0.002));
#4161=CARTESIAN_POINT('',(0.00623059412418081,-0.00705353514800538,0.00229899899817791));
#4162=CARTESIAN_POINT('',(0.00623061549925248,-0.00705351626701261,0.00229899899824227));
#4163=CARTESIAN_POINT('',(0.00656380472162889,-0.00847817066728232,0.00357799385117149));
#4164=CARTESIAN_POINT('',(0.00655870366607726,-0.00822091138959384,0.0033764578529231));
#4165=CARTESIAN_POINT('',(0.00651312359997557,-0.00771432834794486,0.00296493589200744));
#4166=CARTESIAN_POINT('',(0.00636732882748844,-0.00724562324187585,0.00252780246888963));
#4167=CARTESIAN_POINT('',(0.00623061288894624,-0.00705351765162693,0.0022989983245951));
#4168=CARTESIAN_POINT('',(0.00656380621205072,-0.00847817259239611,0.00357799622678003));
#4169=CARTESIAN_POINT('',(0.00656365490735602,-0.00847797796350292,0.00357775568272588));
#4170=CARTESIAN_POINT('',(0.0063913936525335,-0.0086116249151192,0.00357797341427741));
#4171=CARTESIAN_POINT('',(0.00621506584590712,-0.00873967184527353,0.00357792386145268));
#4172=CARTESIAN_POINT('',(0.00603466997884622,-0.00886211667552766,0.00357760450081334));
#4173=CARTESIAN_POINT('',(0.00603489496619866,-0.00886244916728792,0.00357799622678003));
#4174=CARTESIAN_POINT('',(0.00478292646713103,-0.00810532380226513,0.00229899891016727));
#4175=CARTESIAN_POINT('',(0.00492315553742473,-0.00829440806315004,0.0025274350022649));
#4176=CARTESIAN_POINT('',(0.00532520529253159,-0.00857850811849221,0.00296575627883384));
#4177=CARTESIAN_POINT('',(0.00579189574770996,-0.00877813695591095,0.00337654066046555));
#4178=CARTESIAN_POINT('',(0.00603489076596683,-0.00886244733022984,0.00357799243837139));
#4179=CARTESIAN_POINT('',(0.,0.,0.00580711639365242));
#4180=CARTESIAN_POINT('',(0.00309191059781326,-0.00523965610004809,0.00604132020851931));
#4181=CARTESIAN_POINT('',(0.00327329684360157,-0.00548429128088334,0.00633684824942208));
#4182=CARTESIAN_POINT('',(0.0035869772673761,-0.00562005659719275,0.00660758550399951));
#4183=CARTESIAN_POINT('',(0.00390123516926582,-0.00572909868380474,0.00686812176216144));
#4184=CARTESIAN_POINT('',(0.00309191012884064,-0.00523965637667762,0.00604132020842667));
#4185=CARTESIAN_POINT('',(0.00390123784914757,-0.00572909990191161,0.0068681242163913));
#4186=CARTESIAN_POINT('',(0.00424355290641166,-0.00548122272295747,0.00686877889194116));
#4187=CARTESIAN_POINT('',(0.00413161964620416,-0.00556684608539948,0.00686798020414157));
#4188=CARTESIAN_POINT('',(0.0040175178714058,-0.00564947650657984,0.00686776743920725));
#4189=CARTESIAN_POINT('',(0.00390124688221779,-0.00572911301773613,0.00686813975559412));
#4190=CARTESIAN_POINT('',(0.00424314818835818,-0.00548068753837854,0.0068681242163913));
#4191=CARTESIAN_POINT('',(0.00424314598992242,-0.00548068469874885,0.00686812071226371));
#4192=CARTESIAN_POINT('',(0.00423655120995729,-0.00514817898844007,0.00660763583669863));
#4193=CARTESIAN_POINT('',(0.00420414986687681,-0.00480752330247121,0.0063364843110666));
#4194=CARTESIAN_POINT('',(0.00402775656675023,-0.0045597241264774,0.00604132019881119));
#4195=CARTESIAN_POINT('',(0.00402775577221001,-0.00455972458098443,0.00604132001793273));
#4196=CARTESIAN_POINT('',(0.00402775491812592,-0.004559725335417,0.00604132001792676));
#4197=CARTESIAN_POINT('',(0.00398490876462188,-0.00451121921724765,0.00597816929224917));
#4198=CARTESIAN_POINT('',(0.00394206261111777,-0.00446271309907822,0.00591501856657167));
#4199=CARTESIAN_POINT('',(0.00389921645761365,-0.00441420698090879,0.00585186784089419));
#4200=CARTESIAN_POINT('',(0.00299521408088668,-0.0050758138673558,0.00584803390593274));
#4201=CARTESIAN_POINT('',(0.00331514039480505,-0.00488639516354116,0.00584803390593274));
#4202=CARTESIAN_POINT('',(0.00362295384096934,-0.00466279282596928,0.00584803390593274));
#4203=CARTESIAN_POINT('',(0.00390182610324768,-0.0044171732606445,0.00584803390593274));
#4204=CARTESIAN_POINT('',(0.00299323867171302,-0.00507243164608143,0.00585186190130036));
#4205=CARTESIAN_POINT('',(0.00302613172911872,-0.00512817170537015,0.00591501467032428));
#4206=CARTESIAN_POINT('',(0.00305902478652441,-0.00518391176465885,0.00597816743934832));
#4207=CARTESIAN_POINT('',(0.00309191784393004,-0.00523965182394745,0.00604132020837238));
#4208=CARTESIAN_POINT('',(0.00387609824035483,-0.00656854851515196,0.00404802241991509));
#4209=CARTESIAN_POINT('',(0.00394655369094142,-0.00668797078078987,0.0041499428962571));
#4210=CARTESIAN_POINT('',(0.00504827011078841,-0.00571503836740864,0.00404669388945717));
#4211=CARTESIAN_POINT('',(0.00514109389519137,-0.00582010140877125,0.00414992920057475));
#4212=CARTESIAN_POINT('',(0.00657781673568059,-0.00849626959501874,0.00355812808354474));
#4213=CARTESIAN_POINT('',(0.00648806991783622,-0.00838034784292062,0.00368536713406));
#4214=CARTESIAN_POINT('',(0.00629777592363529,-0.00813455403023213,0.00395515748453597));
#4215=CARTESIAN_POINT('',(0.00600696411027648,-0.0077589263036201,0.0043674569507877));
#4216=CARTESIAN_POINT('',(0.00570533559328925,-0.00736932771600392,0.00479509112771454));
#4217=CARTESIAN_POINT('',(0.00540366949586639,-0.00697967790922476,0.00522278278564103));
#4218=CARTESIAN_POINT('',(0.00510204929212622,-0.00659009059386805,0.00565040489460085));
#4219=CARTESIAN_POINT('',(0.00480040412917958,-0.0062004693100469,0.00607806429313137));
#4220=CARTESIAN_POINT('',(0.00450448905748259,-0.00581824616630513,0.00649760530219737));
#4221=CARTESIAN_POINT('',(0.00430918367750412,-0.00556597975579158,0.00677449999279248));
#4222=CARTESIAN_POINT('',(0.00421442455060402,-0.00544358406126905,0.00690884492211732));
#4223=CARTESIAN_POINT('',(0.00658082192225536,-0.00835852774993745,0.00343591796673797));
#4224=CARTESIAN_POINT('',(0.00649103578505891,-0.00824448423055564,0.0035648192196999));
#4225=CARTESIAN_POINT('',(0.00630065703209713,-0.00800267252944313,0.0038381372607641));
#4226=CARTESIAN_POINT('',(0.00600967379538958,-0.00763311873897441,0.00425592596342808));
#4227=CARTESIAN_POINT('',(0.00570790772546602,-0.00724986137954171,0.00468918450510033));
#4228=CARTESIAN_POINT('',(0.00540610185689296,-0.00686652575098436,0.00512248334660754));
#4229=CARTESIAN_POINT('',(0.00510438462779131,-0.00648334114902225,0.00555567697154162));
#4230=CARTESIAN_POINT('',(0.00480256418357367,-0.0060999820400347,0.00598899183959547));
#4231=CARTESIAN_POINT('',(0.00450658387747334,-0.00572408473385941,0.00641395777752994));
#4232=CARTESIAN_POINT('',(0.00431117825408776,-0.00547589203388277,0.00669449616665421));
#4233=CARTESIAN_POINT('',(0.00421636971623871,-0.00535547146750244,0.00683060981780093));
#4234=CARTESIAN_POINT('',(0.00657868590117234,-0.00824090728475562,0.00333180171402541));
#4235=CARTESIAN_POINT('',(0.006488921614815,-0.00812846063076912,0.00346213426986397));
#4236=CARTESIAN_POINT('',(0.00629859002885204,-0.00789003500887324,0.00373848539260672));
#4237=CARTESIAN_POINT('',(0.00600770409342529,-0.00752566126509082,0.00416085589020909));
#4238=CARTESIAN_POINT('',(0.00570599759861773,-0.00714773774829697,0.0045989383488999));
#4239=CARTESIAN_POINT('',(0.00540431223835684,-0.00676982077557229,0.00503697174962047));
#4240=CARTESIAN_POINT('',(0.00510261719532206,-0.00639191359967563,0.00547503937122977));
#4241=CARTESIAN_POINT('',(0.00480091023159706,-0.00601396093797029,0.00591309661992498));
#4242=CARTESIAN_POINT('',(0.00450505295510624,-0.00564338972076762,0.00634270593418054));
#4243=CARTESIAN_POINT('',(0.00430970505628173,-0.00539867593736272,0.00662633704999367));
#4244=CARTESIAN_POINT('',(0.00421492420759836,-0.00527994279516008,0.00676395162412121));
#4245=CARTESIAN_POINT('',(0.00656099750520501,-0.00800114419848346,0.00311792060795745));
#4246=CARTESIAN_POINT('',(0.0064714712119755,-0.0078919686529916,0.00325118248881889));
#4247=CARTESIAN_POINT('',(0.00628164492432231,-0.00766047868279769,0.00353374252703421));
#4248=CARTESIAN_POINT('',(0.0059915514571006,-0.00730669756638147,0.00396553353068814));
#4249=CARTESIAN_POINT('',(0.0056906259996428,-0.00693970433633968,0.00441344694760009));
#4250=CARTESIAN_POINT('',(0.00538977630492439,-0.00657282109512746,0.0048612625139844));
#4251=CARTESIAN_POINT('',(0.00508882263079416,-0.00620579343050922,0.00530922288959747));
#4252=CARTESIAN_POINT('',(0.0047879445266403,-0.00583887226880428,0.00575707894276256));
#4253=CARTESIAN_POINT('',(0.00449290066415255,-0.00547907483567535,0.00619625158751782));
#4254=CARTESIAN_POINT('',(0.00429807325161855,-0.00524148427290802,0.00648625363584137));
#4255=CARTESIAN_POINT('',(0.00420354471308802,-0.00512620737523126,0.00662696008727846));
#4256=CARTESIAN_POINT('',(0.00654464535476363,-0.00787388050632618,0.00300405008342864));
#4257=CARTESIAN_POINT('',(0.00645534403484635,-0.00776644283492407,0.00313886093626255));
#4258=CARTESIAN_POINT('',(0.00626599474728374,-0.00753863809265543,0.00342470560472341));
#4259=CARTESIAN_POINT('',(0.00597662962766278,-0.00719049907701964,0.00386152468093972));
#4260=CARTESIAN_POINT('',(0.00567646792334412,-0.00682937220718003,0.00431464758098127));
#4261=CARTESIAN_POINT('',(0.00537636494887068,-0.00646831680959104,0.00476767954406139));
#4262=CARTESIAN_POINT('',(0.00507618975062809,-0.00610717527511421,0.00522082700758023));
#4263=CARTESIAN_POINT('',(0.00477605410205667,-0.00574607601034646,0.00567390623338786));
#4264=CARTESIAN_POINT('',(0.00448173142564484,-0.005391998632964,0.00611823599197008));
#4265=CARTESIAN_POINT('',(0.00428738646804857,-0.00515818155011585,0.00641162042056239));
#4266=CARTESIAN_POINT('',(0.00419309209672997,-0.00504473546192779,0.00655396766122709));
#4267=CARTESIAN_POINT('',(0.00650128893646587,-0.00765788775156972,0.00280819243829584));
#4268=CARTESIAN_POINT('',(0.00641258099841874,-0.0075533976253023,0.00294567119834785));
#4269=CARTESIAN_POINT('',(0.00622449007460773,-0.00733184328426377,0.00323717306284499));
#4270=CARTESIAN_POINT('',(0.00593705377832641,-0.00699327426405103,0.00368264722444761));
#4271=CARTESIAN_POINT('',(0.00563891144673396,-0.00664209365787333,0.0041447101794328));
#4272=CARTESIAN_POINT('',(0.0053407932808419,-0.00629093881248674,0.00460673504061113));
#4273=CARTESIAN_POINT('',(0.00504266606601015,-0.00593978034099722,0.00506877913154592));
#4274=CARTESIAN_POINT('',(0.00474450368534597,-0.00558855821209131,0.00553085041084834));
#4275=CARTESIAN_POINT('',(0.00445212977289825,-0.00524421644626633,0.00598405404435135));
#4276=CARTESIAN_POINT('',(0.00425906608500457,-0.00501679661429803,0.00628325104742266));
#4277=CARTESIAN_POINT('',(0.00416539329910241,-0.00490645398932822,0.00642841785976622));
#4278=CARTESIAN_POINT('',(0.00647673719098817,-0.00756267743875862,0.00272087726720114));
#4279=CARTESIAN_POINT('',(0.00638836634277209,-0.00745949003765674,0.00285954362803801));
#4280=CARTESIAN_POINT('',(0.00620098984399231,-0.00724069729691451,0.00315356369734923));
#4281=CARTESIAN_POINT('',(0.00591463566628048,-0.00690632981199779,0.00360288878548258));
#4282=CARTESIAN_POINT('',(0.00561762944283798,-0.00655953705079368,0.00406895477416592));
#4283=CARTESIAN_POINT('',(0.00532061319836177,-0.00621268353582701,0.00453492867964297));
#4284=CARTESIAN_POINT('',(0.00502369217610669,-0.00586612191321721,0.00500116594621433));
#4285=CARTESIAN_POINT('',(0.00472638244093278,-0.00551844272622583,0.00546647122943406));
#4286=CARTESIAN_POINT('',(0.00443609733737708,-0.00518138366591002,0.00592642684826719));
#4287=CARTESIAN_POINT('',(0.00424362467710038,-0.00495637546353302,0.00622782584501009));
#4288=CARTESIAN_POINT('',(0.00415022798344242,-0.00484717049216114,0.00637403050335717));
#4289=CARTESIAN_POINT('',(0.00642407163469047,-0.00740242162970592,0.00257076964232205));
#4290=CARTESIAN_POINT('',(0.00633641876068919,-0.00730141979253046,0.00271148706165868));
#4291=CARTESIAN_POINT('',(0.00615056449662978,-0.00708726117431858,0.00300985657662019));
#4292=CARTESIAN_POINT('',(0.00586653311756369,-0.00675997501398844,0.00346584365211275));
#4293=CARTESIAN_POINT('',(0.00557191923698371,-0.00642048655932046,0.00393879936124513));
#4294=CARTESIAN_POINT('',(0.00527735169278551,-0.0060810842810298,0.00441175977779202));
#4295=CARTESIAN_POINT('',(0.0049826772540529,-0.00574143317746867,0.0048845972955845));
#4296=CARTESIAN_POINT('',(0.00468827953875152,-0.00540256933789457,0.00535808719851643));
#4297=CARTESIAN_POINT('',(0.00439862193449934,-0.00506744469126642,0.0058199298482121));
#4298=CARTESIAN_POINT('',(0.00420796661709338,-0.00484794128528846,0.0061264468291751));
#4299=CARTESIAN_POINT('',(0.00411547067101627,-0.00474146440932494,0.00627518709319472));
#4300=CARTESIAN_POINT('',(0.00639963290310747,-0.00733895074684443,0.00251023332112051));
#4301=CARTESIAN_POINT('',(0.00631231077677669,-0.00723881140538572,0.00265177854303173));
#4302=CARTESIAN_POINT('',(0.00612715778854432,-0.00702648161761146,0.00295190340619098));
#4303=CARTESIAN_POINT('',(0.00584419743622652,-0.00670199165008511,0.00341057676427965));
#4304=CARTESIAN_POINT('',(0.00555067661183487,-0.00636536469892724,0.00388629651292198));
#4305=CARTESIAN_POINT('',(0.00525727032423297,-0.00602897624155014,0.00436213078589741));
#4306=CARTESIAN_POINT('',(0.00496351333720167,-0.00569178386315073,0.00483740757904305));
#4307=CARTESIAN_POINT('',(0.00467087863243155,-0.00535737185585638,0.00531506550463439));
#4308=CARTESIAN_POINT('',(0.00437999566294925,-0.0050194901380198,0.00577443062743413));
#4309=CARTESIAN_POINT('',(0.00419039721037446,-0.00480266604475625,0.00608346289511619));
#4310=CARTESIAN_POINT('',(0.00409843930161185,-0.00469755005216638,0.00623347974011981));
#4311=CARTESIAN_POINT('',(0.00635118594803389,-0.00723470375366164,0.00240817886861874));
#4312=CARTESIAN_POINT('',(0.00626452339354283,-0.00713598538049668,0.00255112232464824));
#4313=CARTESIAN_POINT('',(0.00608076879919307,-0.00692666818807246,0.00285421183960993));
#4314=CARTESIAN_POINT('',(0.00579994175367613,-0.00660677175534475,0.00331741333077242));
#4315=CARTESIAN_POINT('',(0.00550865935177947,-0.00627498165213474,0.00379789379709357));
#4316=CARTESIAN_POINT('',(0.00521738819788359,-0.00594314130771433,0.00427820926275522));
#4317=CARTESIAN_POINT('',(0.00492615853899033,-0.00561158329890043,0.00475900914024981));
#4318=CARTESIAN_POINT('',(0.0046345675854308,-0.00527873345350107,0.00523835033221364));
#4319=CARTESIAN_POINT('',(0.00435023327331445,-0.00495739907524179,0.00571324714160162));
#4320=CARTESIAN_POINT('',(0.00416146737094727,-0.00474201719543917,0.00602377139417902));
#4321=CARTESIAN_POINT('',(0.00406986614861779,-0.00463747258205895,0.0061743935179671));
#4322=CARTESIAN_POINT('',(0.00633215766455644,-0.00719784256729269,0.0023714653188556));
#4323=CARTESIAN_POINT('',(0.00624575297930805,-0.00709962521194099,0.00251490902604694));
#4324=CARTESIAN_POINT('',(0.00606254524461219,-0.00689137041681127,0.00281905946834712));
#4325=CARTESIAN_POINT('',(0.00578255659466121,-0.00657309961451763,0.0032838890392108));
#4326=CARTESIAN_POINT('',(0.00549215827826381,-0.00624302940874808,0.00376608203830865));
#4327=CARTESIAN_POINT('',(0.00520170436917068,-0.00591276112078152,0.00424797661162275));
#4328=CARTESIAN_POINT('',(0.00491153936395121,-0.00558332306237278,0.00473086095754959));
#4329=CARTESIAN_POINT('',(0.00462010244912501,-0.0052505650175482,0.00521038160369779));
#4330=CARTESIAN_POINT('',(0.00433925230371238,-0.00493674287924278,0.00569242501576709));
#4331=CARTESIAN_POINT('',(0.00415068674581523,-0.00472164182885972,0.00600327398616216));
#4332=CARTESIAN_POINT('',(0.00405915430112182,-0.0046171701326169,0.00615399418320329));
#4333=CARTESIAN_POINT('',(0.00630377818999443,-0.00714980846128808,0.00232196734432528));
#4334=CARTESIAN_POINT('',(0.00621776270728744,-0.00705224894048382,0.00246608799735319));
#4335=CARTESIAN_POINT('',(0.00603537995723871,-0.00684538859627665,0.0027716737810939));
#4336=CARTESIAN_POINT('',(0.00575664428138499,-0.00652923725013721,0.00323869640409317));
#4337=CARTESIAN_POINT('',(0.00546750235965893,-0.00620128787668016,0.0037230609642446));
#4338=CARTESIAN_POINT('',(0.00517853235705656,-0.00587353433094043,0.00420755981053368));
#4339=CARTESIAN_POINT('',(0.00488898064528416,-0.00554511086712869,0.00469145700568596));
#4340=CARTESIAN_POINT('',(0.00460144868397493,-0.00521901636867409,0.00517784262791474));
#4341=CARTESIAN_POINT('',(0.00431233319855547,-0.0048909969348582,0.00564529453639906));
#4342=CARTESIAN_POINT('',(0.00412593748407729,-0.00467959999969987,0.00595996105208659));
#4343=CARTESIAN_POINT('',(0.00403556106676381,-0.00457710252791152,0.00611271556727084));
#4344=CARTESIAN_POINT('',(0.00628464339782223,-0.00712151842445671,0.00229161141175203));
#4345=CARTESIAN_POINT('',(0.00619889093705464,-0.00702434740317242,0.00243614562917525));
#4346=CARTESIAN_POINT('',(0.00601706574610209,-0.00681831081159131,0.00274260868551084));
#4347=CARTESIAN_POINT('',(0.00573917799587526,-0.00650341836113983,0.00321098327609674));
#4348=CARTESIAN_POINT('',(0.0054509183818838,-0.00617676612936395,0.00369672108421214));
#4349=CARTESIAN_POINT('',(0.00516284259347432,-0.00585036164357224,0.00418266467996233));
#4350=CARTESIAN_POINT('',(0.00487412068837238,-0.0055230707096667,0.00466777912841314));
#4351=CARTESIAN_POINT('',(0.00458770707120654,-0.00519897436217741,0.00515614415942394));
#4352=CARTESIAN_POINT('',(0.00429856844542153,-0.00486966831418411,0.00562285902164744));
#4353=CARTESIAN_POINT('',(0.00411286068279747,-0.00465946376266974,0.00593872370927286));
#4354=CARTESIAN_POINT('',(0.00402282757163826,-0.00455757246232955,0.00609208237097971));
#4355=CARTESIAN_POINT('',(0.00625831011984742,-0.00708487290549621,0.00225194549380934));
#4356=CARTESIAN_POINT('',(0.00617291690171667,-0.00698820178889676,0.00239701548811163));
#4357=CARTESIAN_POINT('',(0.00599185327186563,-0.00678322495434078,0.00270461495724672));
#4358=CARTESIAN_POINT('',(0.00571512463973346,-0.00646994564830349,0.00317473777739458));
#4359=CARTESIAN_POINT('',(0.00542811294670002,-0.00614502955218564,0.00366232527683818));
#4360=CARTESIAN_POINT('',(0.00514111280852508,-0.0058201223423453,0.00414989769186392));
#4361=CARTESIAN_POINT('',(0.00485409096950995,-0.00549519343200048,0.00463750323998997));
#4362=CARTESIAN_POINT('',(0.00456711410958389,-0.00517031402667945,0.00512503461130941));
#4363=CARTESIAN_POINT('',(0.00428560750566241,-0.00485163065680313,0.0056032696800419));
#4364=CARTESIAN_POINT('',(0.00409978045546691,-0.00464126057156647,0.00591896233348655));
#4365=CARTESIAN_POINT('',(0.00400961964224158,-0.00453919177638132,0.00607213223685016));
#4366=CARTESIAN_POINT('',(0.00625613620742515,-0.00708184767829263,0.00224867092116255));
#4367=CARTESIAN_POINT('',(0.00617077264614273,-0.00698521783072947,0.00239378514588743));
#4368=CARTESIAN_POINT('',(0.00598977188606204,-0.00678032848315341,0.00270147843022866));
#4369=CARTESIAN_POINT('',(0.00571313894354463,-0.00646718234833332,0.00317174557338734));
#4370=CARTESIAN_POINT('',(0.00542623027114065,-0.00614240957682844,0.0036594857718971));
#4371=CARTESIAN_POINT('',(0.00513931893199062,-0.00581762597282226,0.00414719265215956));
#4372=CARTESIAN_POINT('',(0.00485243743990792,-0.00549289205652129,0.00463500385005449));
#4373=CARTESIAN_POINT('',(0.00456541408214615,-0.00516794800679293,0.0051224663995903));
#4374=CARTESIAN_POINT('',(0.00428453753070625,-0.00485014157946582,0.00560165250526019));
#4375=CARTESIAN_POINT('',(0.00409870063286726,-0.00463975782878974,0.00591733095662781));
#4376=CARTESIAN_POINT('',(0.00400852927734984,-0.00453767438072891,0.00607048527727103));
#4377=CARTESIAN_POINT('',(0.00625396229500287,-0.00707882245108905,0.00224539634851576));
#4378=CARTESIAN_POINT('',(0.00616862839056878,-0.00698223387256217,0.00239055480366323));
#4379=CARTESIAN_POINT('',(0.00598769050025844,-0.00677743201196603,0.00269834190321061));
#4380=CARTESIAN_POINT('',(0.00571115324735579,-0.00646441904836316,0.00316875336938009));
#4381=CARTESIAN_POINT('',(0.00542434759558127,-0.00613978960147123,0.00365664626695601));
#4382=CARTESIAN_POINT('',(0.00513752505545615,-0.00581512960329921,0.00414448761245521));
#4383=CARTESIAN_POINT('',(0.0048507839103059,-0.00549059068104211,0.004632504460119));
#4384=CARTESIAN_POINT('',(0.0045637140547084,-0.00516558198690642,0.00511989818787119));
#4385=CARTESIAN_POINT('',(0.00428346755575009,-0.00484865250212852,0.00560003533047849));
#4386=CARTESIAN_POINT('',(0.00409762081026761,-0.004638255086013,0.00591569957976906));
#4387=CARTESIAN_POINT('',(0.00400743891245811,-0.00453615698507649,0.00606883831769191));
#4388=CARTESIAN_POINT('',(0.0062517883825806,-0.00707579722388546,0.00224212177586898));
#4389=CARTESIAN_POINT('',(0.00616648413499483,-0.00697924991439488,0.00238732446143903));
#4390=CARTESIAN_POINT('',(0.00598560911445484,-0.00677453554077866,0.00269520537619255));
#4391=CARTESIAN_POINT('',(0.00570916755116696,-0.00646165574839299,0.00316576116537285));
#4392=CARTESIAN_POINT('',(0.0054224649200219,-0.00613716962611403,0.00365380676201493));
#4393=CARTESIAN_POINT('',(0.00513573117892169,-0.00581263323377617,0.00414178257275085));
#4394=CARTESIAN_POINT('',(0.00484913038070387,-0.00548828930556292,0.00463000507018352));
#4395=CARTESIAN_POINT('',(0.00456201402727066,-0.0051632159670199,0.00511732997615208));
#4396=CARTESIAN_POINT('',(0.00428239758079392,-0.00484716342479121,0.00559841815569678));
#4397=CARTESIAN_POINT('',(0.00409654098766796,-0.00463675234323627,0.00591406820291031));
#4398=CARTESIAN_POINT('',(0.00400634854756637,-0.00453463958942408,0.00606719135811279));
#4399=CARTESIAN_POINT('',(0.00540366094583714,-0.00697966776357715,0.00522279408713123));
#4400=CARTESIAN_POINT('',(0.000100238456957704,-0.000120766450014402,-0.00715454934155964));
#4401=CARTESIAN_POINT('',(0.00496825585022781,-0.00729605273754542,0.00522276117126156));
#4402=CARTESIAN_POINT('',(0.00480418041334175,-0.00814133679180377,0.00225196675605712));
#4403=CARTESIAN_POINT('',(0.00473862783222991,-0.00803024859165746,0.00239703861497261));
#4404=CARTESIAN_POINT('',(0.00459963388185047,-0.00779470356810273,0.00270464065155936));
#4405=CARTESIAN_POINT('',(0.0043872310187195,-0.00743475831689065,0.00317469953952511));
#4406=CARTESIAN_POINT('',(0.00416687767926641,-0.00706133895875989,0.00366235437718064));
#4407=CARTESIAN_POINT('',(0.00394656918960219,-0.00668799746096719,0.00414990839757574));
#4408=CARTESIAN_POINT('',(0.00372623816086585,-0.00631461527412082,0.00463751349399863));
#4409=CARTESIAN_POINT('',(0.00350595572178258,-0.00594131545912119,0.00512501191571205));
#4410=CARTESIAN_POINT('',(0.00328986542169055,-0.00557511862771832,0.00560323413637834));
#4411=CARTESIAN_POINT('',(0.00314723012802701,-0.00533340365046517,0.00591889402047866));
#4412=CARTESIAN_POINT('',(0.0030780327711123,-0.0052161393033393,0.00607203162172663));
#4413=CARTESIAN_POINT('',(0.00484678083329448,-0.00819933162207505,0.00231522913218366));
#4414=CARTESIAN_POINT('',(0.00478064349083169,-0.00808744746556887,0.00245943989291729));
#4415=CARTESIAN_POINT('',(0.00464040993994602,-0.00785021508604637,0.00276521602982483));
#4416=CARTESIAN_POINT('',(0.00442612166176793,-0.00748770170482773,0.00323248237785693));
#4417=CARTESIAN_POINT('',(0.00420380065180476,-0.0071116045818239,0.00371724592587171));
#4418=CARTESIAN_POINT('',(0.00398154119242708,-0.00673560793161384,0.00420188698752769));
#4419=CARTESIAN_POINT('',(0.00375922375763286,-0.00635951500730731,0.00468665312946639));
#4420=CARTESIAN_POINT('',(0.0035369946914954,-0.00598356675372761,0.0051712258095376));
#4421=CARTESIAN_POINT('',(0.0033189826776085,-0.00561475647600425,0.00564659420272694));
#4422=CARTESIAN_POINT('',(0.00317508405768562,-0.00537132206111396,0.00596036801344963));
#4423=CARTESIAN_POINT('',(0.00310527388700336,-0.00525322363123053,0.00611259058292278));
#4424=CARTESIAN_POINT('',(0.00489124030584292,-0.00825022087345703,0.00237522145713893));
#4425=CARTESIAN_POINT('',(0.00482449669686911,-0.00813764263168623,0.00251861623209457));
#4426=CARTESIAN_POINT('',(0.00468297783522597,-0.0078989386951625,0.00282266223461084));
#4427=CARTESIAN_POINT('',(0.00446673091237088,-0.00753418083981138,0.0032872857511458));
#4428=CARTESIAN_POINT('',(0.00424237329178116,-0.00715575187996072,0.00376930957969373));
#4429=CARTESIAN_POINT('',(0.0040180864913374,-0.00677743623352605,0.00425119335010215));
#4430=CARTESIAN_POINT('',(0.00379371511460221,-0.00639898231158227,0.00473325755368358));
#4431=CARTESIAN_POINT('',(0.00356945562082113,-0.00602070958074123,0.00521508245136461));
#4432=CARTESIAN_POINT('',(0.00334945480625748,-0.00564962410809445,0.00568775325810007));
#4433=CARTESIAN_POINT('',(0.00320423820082018,-0.00540468037914399,0.00599974910403408));
#4434=CARTESIAN_POINT('',(0.00313378855831492,-0.00528584962621529,0.00615110915659528));
#4435=CARTESIAN_POINT('',(0.00498625758176235,-0.00834005382937287,0.00249129848454872));
#4436=CARTESIAN_POINT('',(0.00491822203842776,-0.00822625725369365,0.00263310261705108));
#4437=CARTESIAN_POINT('',(0.00477396279234114,-0.00798496871257546,0.0029337762746505));
#4438=CARTESIAN_POINT('',(0.00455349676563342,-0.00761622140827603,0.00339325729964724));
#4439=CARTESIAN_POINT('',(0.00432480027184601,-0.00723370552508652,0.00386991688685346));
#4440=CARTESIAN_POINT('',(0.00409615429345409,-0.00685127338836406,0.00434646104706497));
#4441=CARTESIAN_POINT('',(0.00386742223565989,-0.00646870298296208,0.00482318161761719));
#4442=CARTESIAN_POINT('',(0.0036387831397471,-0.00608628073828485,0.00529971038906804));
#4443=CARTESIAN_POINT('',(0.00341452566954938,-0.00571118777955247,0.00576711588052978));
#4444=CARTESIAN_POINT('',(0.00326647899183383,-0.00546356494155604,0.00607567839901555));
#4445=CARTESIAN_POINT('',(0.00319465610586032,-0.00534343399923668,0.00622537339732822));
#4446=CARTESIAN_POINT('',(0.0050420924847477,-0.00838669854112064,0.00255602074599872));
#4447=CARTESIAN_POINT('',(0.00497329793912008,-0.00827226960779654,0.00269693429298356));
#4448=CARTESIAN_POINT('',(0.00482742927796441,-0.00802963995982586,0.00299572074894328));
#4449=CARTESIAN_POINT('',(0.0046045017217257,-0.00765883444492236,0.00345235240892972));
#4450=CARTESIAN_POINT('',(0.00437326162175987,-0.00727420392127084,0.00392600895489662));
#4451=CARTESIAN_POINT('',(0.0041420590866578,-0.00688963531293508,0.00439958628790858));
#4452=CARTESIAN_POINT('',(0.0039107882090557,-0.00650495625192601,0.00487330462373963));
#4453=CARTESIAN_POINT('',(0.00367957526691951,-0.00612037081134096,0.00534689930095426));
#4454=CARTESIAN_POINT('',(0.00345282062949703,-0.00574320122773945,0.00581136592445496));
#4455=CARTESIAN_POINT('',(0.00330311190359406,-0.00549418445538823,0.00611801959318061));
#4456=CARTESIAN_POINT('',(0.00323048251349047,-0.00537337695162466,0.00626678896315872));
#4457=CARTESIAN_POINT('',(0.00517844702723283,-0.00848894615449075,0.00270778072901749));
#4458=CARTESIAN_POINT('',(0.00510779523664088,-0.0083731271592459,0.00284661919325369));
#4459=CARTESIAN_POINT('',(0.00495798809219241,-0.0081275494881273,0.00314100622983892));
#4460=CARTESIAN_POINT('',(0.00472902726514403,-0.00775222040310662,0.00359092905095335));
#4461=CARTESIAN_POINT('',(0.00449155949909696,-0.00736294051506655,0.00405758102120311));
#4462=CARTESIAN_POINT('',(0.00425410504797206,-0.00697368541599853,0.00452420266740898));
#4463=CARTESIAN_POINT('',(0.00401661776578182,-0.00658437440025498,0.00499089587220759));
#4464=CARTESIAN_POINT('',(0.00377912312173582,-0.00619505661217148,0.0054575924373056));
#4465=CARTESIAN_POINT('',(0.00354626355162964,-0.00581333152233669,0.00591518967518698));
#4466=CARTESIAN_POINT('',(0.00339249552012709,-0.00556126469602426,0.00621735432342691));
#4467=CARTESIAN_POINT('',(0.00331789641713915,-0.00543897691943335,0.00636394652787481));
#4468=CARTESIAN_POINT('',(0.00526993583093596,-0.00854702727164767,0.00280381689354008));
#4469=CARTESIAN_POINT('',(0.00519802423532436,-0.00843040163811829,0.00294135437927077));
#4470=CARTESIAN_POINT('',(0.00504554731668498,-0.00818311529719897,0.00323298181907455));
#4471=CARTESIAN_POINT('',(0.00481255027508568,-0.00780522581099183,0.0036786551013581));
#4472=CARTESIAN_POINT('',(0.00457086156327884,-0.00741325770264647,0.00414090043753314));
#4473=CARTESIAN_POINT('',(0.00432921067997653,-0.0070213347209895,0.004603121660772));
#4474=CARTESIAN_POINT('',(0.00408751146056751,-0.0066293515080743,0.00506538430840165));
#4475=CARTESIAN_POINT('',(0.00384581272439521,-0.00623735920339829,0.00552768009618421));
#4476=CARTESIAN_POINT('',(0.00360883082796384,-0.00585301838693891,0.00598093749636296));
#4477=CARTESIAN_POINT('',(0.00345234675562592,-0.00559922789925898,0.0062802454512294));
#4478=CARTESIAN_POINT('',(0.00337643007430672,-0.00547610395390722,0.00642545188156377));
#4479=CARTESIAN_POINT('',(0.00557120219845252,-0.00871621317665946,0.00311111331799178));
#4480=CARTESIAN_POINT('',(0.00549518302659103,-0.00859727247188671,0.00324448881489937));
#4481=CARTESIAN_POINT('',(0.00533399589198519,-0.00834507782980327,0.00352728804860057));
#4482=CARTESIAN_POINT('',(0.00508766587558206,-0.0079597011389333,0.00395936908664467));
#4483=CARTESIAN_POINT('',(0.0048321690535825,-0.00755993714859083,0.00440766222415706));
#4484=CARTESIAN_POINT('',(0.00457668861239914,-0.00716024087106982,0.00485580583992643));
#4485=CARTESIAN_POINT('',(0.00432120709545663,-0.00676049433852441,0.00530408941785104));
#4486=CARTESIAN_POINT('',(0.00406571561564094,-0.0063607717788705,0.00575228051383895));
#4487=CARTESIAN_POINT('',(0.00381521282023577,-0.00596882864289419,0.00619177119335278));
#4488=CARTESIAN_POINT('',(0.00364980305803489,-0.00571003888901906,0.00648194230639259));
#4489=CARTESIAN_POINT('',(0.00356955620076214,-0.00558448988080853,0.00662271545952694));
#4490=CARTESIAN_POINT('',(0.00578539724244231,-0.0088021426474647,0.00331563774150706));
#4491=CARTESIAN_POINT('',(0.00570648241723263,-0.00868206112222643,0.00344618748423992));
#4492=CARTESIAN_POINT('',(0.00553914968975973,-0.00842744184114446,0.00372299934095857));
#4493=CARTESIAN_POINT('',(0.0052832528541155,-0.00803818769787193,0.00414605726068882));
#4494=CARTESIAN_POINT('',(0.0050180412464905,-0.00763461613780914,0.00458481831733513));
#4495=CARTESIAN_POINT('',(0.00475268265296621,-0.00723092473692715,0.00502361208083592));
#4496=CARTESIAN_POINT('',(0.00448761261464588,-0.00682753566068794,0.00546219832804085));
#4497=CARTESIAN_POINT('',(0.00422223993199266,-0.00642380376617276,0.00590105663146125));
#4498=CARTESIAN_POINT('',(0.00396207375760256,-0.00602794820871825,0.00633139354168361));
#4499=CARTESIAN_POINT('',(0.00379030407832003,-0.00576661116495187,0.00661547556934537));
#4500=CARTESIAN_POINT('',(0.00370697205623324,-0.00563982685554497,0.00675329405728507));
#4501=CARTESIAN_POINT('',(0.00604777558059364,-0.00888136770170096,0.00355812687597506));
#4502=CARTESIAN_POINT('',(0.00596525575703079,-0.00876018448468295,0.00368537366539243));
#4503=CARTESIAN_POINT('',(0.00579028593893783,-0.00850323521026481,0.00395517969574964));
#4504=CARTESIAN_POINT('',(0.00552292196802495,-0.00811060067735025,0.00436745829101313));
#4505=CARTESIAN_POINT('',(0.00524557856116254,-0.00770331164393917,0.00479512584148079));
#4506=CARTESIAN_POINT('',(0.00496828283319608,-0.00729609217005233,0.00522271926827526));
#4507=CARTESIAN_POINT('',(0.00469091389131795,-0.00688876633667012,0.00565042736105104));
#4508=CARTESIAN_POINT('',(0.0044136281815769,-0.00648156030575584,0.00607800516570073));
#4509=CARTESIAN_POINT('',(0.00414150396587855,-0.00608194236684362,0.00649762559266368));
#4510=CARTESIAN_POINT('',(0.00396196063297139,-0.00581827575778912,0.00677448388159146));
#4511=CARTESIAN_POINT('',(0.00387485896370619,-0.00569036338503197,0.00690879584341519));
#4512=CARTESIAN_POINT('',(0.,0.,0.00584803390593274));
#4513=CARTESIAN_POINT('',(0.,0.,0.002));
#4514=CARTESIAN_POINT('',(0.00197949536288718,-0.00889620581594217,0.00200279509074903));
#4515=CARTESIAN_POINT('',(0.000866408711129722,-0.00907231085395863,0.00200301617344234));
#4516=CARTESIAN_POINT('',(0.00162995129768898,-0.00732513918439719,0.00392438009641047));
#4517=CARTESIAN_POINT('',(0.00127971435025605,-0.00575121376019051,0.00584967957822384));
#4518=CARTESIAN_POINT('',(0.,0.,0.00584803390593274));
#4519=CARTESIAN_POINT('',(0.000560123886116123,-0.00586519164936288,0.00584968450963297));
#4520=CARTESIAN_POINT('',(0.000866392529488887,-0.00907231365444799,0.00200301722003453));
#4521=CARTESIAN_POINT('',(0.,0.,0.00193670395716381));
#4522=CARTESIAN_POINT('',(0.00197895369191717,-0.00889354637546247,0.00200603320155829));
#4523=CARTESIAN_POINT('',(0.00204415293156642,-0.00918662577605661,0.00229899864202097));
#4524=CARTESIAN_POINT('',(0.00362850827169083,-0.00836286483165952,0.002));
#4525=CARTESIAN_POINT('',(0.003097668131922,-0.00859318755920198,0.002));
#4526=CARTESIAN_POINT('',(0.00254484367241613,-0.00877280975321547,0.002));
#4527=CARTESIAN_POINT('',(0.00198000411560035,-0.00889849224152845,0.002));
#4528=CARTESIAN_POINT('',(0.0037459849110378,-0.00863367003485197,0.00229899899817791));
#4529=CARTESIAN_POINT('',(0.00374601107448662,-0.00863365868322117,0.00229899899824227));
#4530=CARTESIAN_POINT('',(0.00362265043479263,-0.0100915466661231,0.00357799385117149));
#4531=CARTESIAN_POINT('',(0.00369729653143664,-0.00984530224084541,0.0033764578529231));
#4532=CARTESIAN_POINT('',(0.00381049008148915,-0.00934942812301037,0.00296493589200744));
#4533=CARTESIAN_POINT('',(0.0038166688561991,-0.00885861001527309,0.00252780246888963));
#4534=CARTESIAN_POINT('',(0.0037460081640685,-0.00863365919343866,0.0022989983245951));
#4535=CARTESIAN_POINT('',(0.00362265125737515,-0.0100915489575808,0.00357799622678003));
#4536=CARTESIAN_POINT('',(0.00362256750169491,-0.0100913170987817,0.00357775568272592));
#4537=CARTESIAN_POINT('',(0.00341743813349492,-0.0101651912477868,0.00357797341427741));
#4538=CARTESIAN_POINT('',(0.00321017174650364,-0.0102324828262733,0.00357792386145268));
#4539=CARTESIAN_POINT('',(0.00300076754820078,-0.0102931893913363,0.00357760450081335));
#4540=CARTESIAN_POINT('',(0.00300087877828399,-0.0102935751347069,0.00357799622678003));
#4541=CARTESIAN_POINT('',(0.00204415058371383,-0.00918662658001568,0.00229899891016727));
#4542=CARTESIAN_POINT('',(0.0021190861048084,-0.00940978956428527,0.0025274350022649));
#4543=CARTESIAN_POINT('',(0.00241366639907406,-0.00980422498011056,0.00296575627883384));
#4544=CARTESIAN_POINT('',(0.00279582669423449,-0.0101382985685408,0.00337654066046555));
#4545=CARTESIAN_POINT('',(0.0030008753513083,-0.0102935720896179,0.00357799243837139));
#4546=CARTESIAN_POINT('',(0.,0.,0.00580711639365242));
#4547=CARTESIAN_POINT('',(0.00132143894225712,-0.00593866199690869,0.00604132020851931));
#4548=CARTESIAN_POINT('',(0.00141835108498032,-0.00622737531225157,0.00633684824942208));
#4549=CARTESIAN_POINT('',(0.00167472510605903,-0.00645342838276356,0.00660758550399951));
#4550=CARTESIAN_POINT('',(0.00193990627358328,-0.00665424460208685,0.00686812176216144));
#4551=CARTESIAN_POINT('',(0.00132143841075444,-0.0059386621150785,0.00604132020842667));
#4552=CARTESIAN_POINT('',(0.00193990844588655,-0.00665424658870433,0.0068681242163913));
#4553=CARTESIAN_POINT('',(0.00234206767253807,-0.00652428255254417,0.00686877889194115));
#4554=CARTESIAN_POINT('',(0.00220915374191745,-0.00657112592970182,0.00686798020414156));
#4555=CARTESIAN_POINT('',(0.00207510230107755,-0.00661445274270859,0.00686776743920724));
#4556=CARTESIAN_POINT('',(0.00193991298383418,-0.00665426185396693,0.00686813975559413));
#4557=CARTESIAN_POINT('',(0.00234184814392607,-0.00652364849700651,0.0068681242163913));
#4558=CARTESIAN_POINT('',(0.00234184693058323,-0.00652364511700417,0.00686812071226371));
#4559=CARTESIAN_POINT('',(0.00243832483733598,-0.00620537549542627,0.00660763583669862));
#4560=CARTESIAN_POINT('',(0.00251277772505745,-0.00587138011982013,0.0063364843110666));
#4561=CARTESIAN_POINT('',(0.00242159188411542,-0.00558120057132567,0.00604132019881119));
#4562=CARTESIAN_POINT('',(0.00242159098801238,-0.00558120075806111,0.00604132001793273));
#4563=CARTESIAN_POINT('',(0.00242158994259763,-0.00558120121164263,0.00604132001792676));
#4564=CARTESIAN_POINT('',(0.00239583004395492,-0.00552182896230114,0.00597816929224917));
#4565=CARTESIAN_POINT('',(0.00237007014531216,-0.00546245671295956,0.00591501856657166));
#4566=CARTESIAN_POINT('',(0.0023443102466694,-0.00540308446361797,0.00585186784089419));
#4567=CARTESIAN_POINT('',(0.00128010512402931,-0.00575295790683516,0.00584803390593274));
#4568=CARTESIAN_POINT('',(0.00164290672814686,-0.00567167268221258,0.00584803390593274));
#4569=CARTESIAN_POINT('',(0.00200475163421635,-0.0055541338079679,0.00584803390593274));
#4570=CARTESIAN_POINT('',(0.00234587553630648,-0.00540671198813997,0.00584803390593274));
#4571=CARTESIAN_POINT('',(0.00127927156211487,-0.00574913078824712,0.00585186190130036));
#4572=CARTESIAN_POINT('',(0.00129333009311375,-0.00581230724858764,0.00591501467032428));
#4573=CARTESIAN_POINT('',(0.00130738862411263,-0.00587548370892815,0.00597816743934832));
#4574=CARTESIAN_POINT('',(0.00132144715511148,-0.00593866016926854,0.00604132020837238));
#4575=CARTESIAN_POINT('',(0.00165659536973135,-0.00744484109607261,0.00404802241991509));
#4576=CARTESIAN_POINT('',(0.00168669897553137,-0.00758019035157586,0.0041499428962571));
#4577=CARTESIAN_POINT('',(0.00303514620584925,-0.00699532573662952,0.00404669388945717));
#4578=CARTESIAN_POINT('',(0.00309096060561109,-0.00712393075360192,0.00414992920057475));
#4579=CARTESIAN_POINT('',(0.0036303837758124,-0.0101130897197522,0.00355812808354474));
#4580=CARTESIAN_POINT('',(0.0035808512713008,-0.00997510829013394,0.00368536713406));
#4581=CARTESIAN_POINT('',(0.00347582539333712,-0.00968254040477597,0.00395515748453597));
#4582=CARTESIAN_POINT('',(0.00331532227430817,-0.00923543141518758,0.0043674569507877));
#4583=CARTESIAN_POINT('',(0.0031488490922849,-0.00877169280195866,0.00479509112771454));
#4584=CARTESIAN_POINT('',(0.00298235599673522,-0.00830789386341775,0.00522278278564103));
#4585=CARTESIAN_POINT('',(0.00281588723776,-0.00784416853967928,0.00565040489460085));
#4586=CARTESIAN_POINT('',(0.00264940523800161,-0.00738040319719238,0.00607806429313137));
#4587=CARTESIAN_POINT('',(0.00248608672785387,-0.0069254445996119,0.00649760530219737));
#4588=CARTESIAN_POINT('',(0.00237829488151649,-0.0066251723045444,0.00677449999279247));
#4589=CARTESIAN_POINT('',(0.00232599594604549,-0.00647948490111801,0.00690884492211732));
#4590=CARTESIAN_POINT('',(0.00367580644905369,-0.00998301809414401,0.00343591796673797));
#4591=CARTESIAN_POINT('',(0.00362565614378736,-0.00984681081964171,0.00356481921969989));
#4592=CARTESIAN_POINT('',(0.00351931911530139,-0.00955800395554914,0.0038381372607641));
#4593=CARTESIAN_POINT('',(0.00335677601348853,-0.00911661864978142,0.00425592596342808));
#4594=CARTESIAN_POINT('',(0.00318821246357492,-0.00865886839674277,0.00468918450510033));
#4595=CARTESIAN_POINT('',(0.00301963524938601,-0.00820103140688404,0.00512248334660754));
#4596=CARTESIAN_POINT('',(0.00285109566655947,-0.00774336544295587,0.00555567697154162));
#4597=CARTESIAN_POINT('',(0.00268251184596077,-0.00728550161775912,0.00598899183959547));
#4598=CARTESIAN_POINT('',(0.00251717650289695,-0.00683653909067801,0.00641395777752993));
#4599=CARTESIAN_POINT('',(0.00240803047362796,-0.00654011014764577,0.00669449616665421));
#4600=CARTESIAN_POINT('',(0.00235507419738998,-0.0063962859338866,0.00683060981780093));
#4601=CARTESIAN_POINT('',(0.00371012169491121,-0.00987049431746815,0.00333180171402541));
#4602=CARTESIAN_POINT('',(0.00365949871248292,-0.00973581250448635,0.00346213426986397));
#4603=CARTESIAN_POINT('',(0.0035521601864563,-0.00945024056850166,0.00373848539260672));
#4604=CARTESIAN_POINT('',(0.00338810890120286,-0.00901381184763901,0.00416085589020909));
#4605=CARTESIAN_POINT('',(0.00321795376257081,-0.0085611527901222,0.0045989383488999));
#4606=CARTESIAN_POINT('',(0.0030478167018585,-0.00810850648731911,0.00503697174962047));
#4607=CARTESIAN_POINT('',(0.00287766740489464,-0.00765586650971146,0.00547503937122977));
#4608=CARTESIAN_POINT('',(0.00270752082656854,-0.00720317958883322,0.00591309661992498));
#4609=CARTESIAN_POINT('',(0.00254065663961045,-0.00675932049161604,0.00634270593418054));
#4610=CARTESIAN_POINT('',(0.00243049046531873,-0.00646621803272936,0.00662633704999367));
#4611=CARTESIAN_POINT('',(0.00237703908029458,-0.0063240072111529,0.00676395162412121));
#4612=CARTESIAN_POINT('',(0.00376738989894557,-0.00963700005694484,0.00311792060795744));
#4613=CARTESIAN_POINT('',(0.00371598243331703,-0.00950550279693341,0.00325118248881889));
#4614=CARTESIAN_POINT('',(0.00360698124029761,-0.00922668320345958,0.0035337425270342));
#4615=CARTESIAN_POINT('',(0.0034404103352233,-0.0088005735560211,0.00396553353068814));
#4616=CARTESIAN_POINT('',(0.00326762036289244,-0.00835855117275913,0.00441344694760009));
#4617=CARTESIAN_POINT('',(0.00309486845679102,-0.00791665680706426,0.0048612625139844));
#4618=CARTESIAN_POINT('',(0.00292206228967928,-0.00747459295514268,0.00530922288959747));
#4619=CARTESIAN_POINT('',(0.00274929508267584,-0.00703265374591774,0.00575707894276256));
#4620=CARTESIAN_POINT('',(0.0025798752160333,-0.00659929248499947,0.00619625158751782));
#4621=CARTESIAN_POINT('',(0.00246800285738813,-0.00631312545062627,0.00648625363584136));
#4622=CARTESIAN_POINT('',(0.00241372339528375,-0.00617427968105313,0.00662696008727845));
#4623=CARTESIAN_POINT('',(0.00379116472335636,-0.00951091200084991,0.00300405008342864));
#4624=CARTESIAN_POINT('',(0.00373943418743459,-0.00938113707789281,0.00313886093626255));
#4625=CARTESIAN_POINT('',(0.00362974785040255,-0.00910596974558564,0.00342470560472341));
#4626=CARTESIAN_POINT('',(0.00346212614003493,-0.00868545112664643,0.00386152468093972));
#4627=CARTESIAN_POINT('',(0.00328824973510627,-0.00824924399618118,0.00431464758098127));
#4628=CARTESIAN_POINT('',(0.00311440709943955,-0.00781312298838587,0.00476767954406139));
#4629=CARTESIAN_POINT('',(0.00294052239264873,-0.00737689774117002,0.00522082700758023));
#4630=CARTESIAN_POINT('',(0.00276666223777194,-0.00694072491635695,0.00567390623338786));
#4631=CARTESIAN_POINT('',(0.00259616066541193,-0.00651302661048349,0.00611823599197008));
#4632=CARTESIAN_POINT('',(0.00248358107925615,-0.0062305974555513,0.00641162042056239));
#4633=CARTESIAN_POINT('',(0.00242895857215912,-0.00609356525092051,0.00655396766122709));
#4634=CARTESIAN_POINT('',(0.00381667575109265,-0.00929209281389701,0.00280819243829583));
#4635=CARTESIAN_POINT('',(0.00376459871332684,-0.00916530453802935,0.00294567119834785));
#4636=CARTESIAN_POINT('',(0.00365417767113886,-0.0088964705463259,0.00323717306284499));
#4637=CARTESIAN_POINT('',(0.00348543308955538,-0.00848564957308578,0.00368264722444761));
#4638=CARTESIAN_POINT('',(0.00331040365771475,-0.00805952592197936,0.0041447101794328));
#4639=CARTESIAN_POINT('',(0.00313538924829871,-0.00763343423845329,0.00460673504061113));
#4640=CARTESIAN_POINT('',(0.00296036735335704,-0.00720733631002226,0.00506877913154592));
#4641=CARTESIAN_POINT('',(0.00278533168494477,-0.0067811669729507,0.00553085041084834));
#4642=CARTESIAN_POINT('',(0.00261367502782966,-0.00636332998507204,0.00598405404435135));
#4643=CARTESIAN_POINT('',(0.00250033714233449,-0.006087380911388,0.00628325104742266));
#4644=CARTESIAN_POINT('',(0.00244534677522234,-0.00595349235613113,0.00642841785976622));
#4645=CARTESIAN_POINT('',(0.00382274725826806,-0.00919395551888533,0.00272087726720114));
#4646=CARTESIAN_POINT('',(0.00377058824776749,-0.00906851037476173,0.002859543628038));
#4647=CARTESIAN_POINT('',(0.00365999328273762,-0.00880252359049132,0.00315356369734922));
#4648=CARTESIAN_POINT('',(0.00349097951126213,-0.00839603290780084,0.00360288878548258));
#4649=CARTESIAN_POINT('',(0.00331567466381521,-0.00797443342197483,0.00406895477416592));
#4650=CARTESIAN_POINT('',(0.00314037905974397,-0.00755277305921732,0.00453492867964297));
#4651=CARTESIAN_POINT('',(0.00296508381768786,-0.00713141972787245,0.00500116594621433));
#4652=CARTESIAN_POINT('',(0.00278976423406352,-0.00670888341074225,0.00546647122943406));
#4653=CARTESIAN_POINT('',(0.00261784367248909,-0.00629861816483996,0.00592642684826719));
#4654=CARTESIAN_POINT('',(0.00250432265313253,-0.00602514532477141,0.00622782584501009));
#4655=CARTESIAN_POINT('',(0.00244924331105284,-0.00589242405957762,0.00637403050335717));
#4656=CARTESIAN_POINT('',(0.00382218110621141,-0.00902526863549741,0.00257076964232204));
#4657=CARTESIAN_POINT('',(0.00377002955337081,-0.00890212395242171,0.00271148706165868));
#4658=CARTESIAN_POINT('',(0.00365945029697519,-0.00864101487697913,0.00300985657662019));
#4659=CARTESIAN_POINT('',(0.00349045738864782,-0.00824197671843675,0.00346584365211275));
#4660=CARTESIAN_POINT('',(0.00331517063961773,-0.00782806331553983,0.00393879936124513));
#4661=CARTESIAN_POINT('',(0.00313990132914035,-0.00741424618997754,0.00441175977779202));
#4662=CARTESIAN_POINT('',(0.00296460724715668,-0.00700015938529262,0.0048845972955845));
#4663=CARTESIAN_POINT('',(0.00278933306684444,-0.00658690682539558,0.00535808719851643));
#4664=CARTESIAN_POINT('',(0.00261741152586796,-0.00617867522418491,0.0058199298482121));
#4665=CARTESIAN_POINT('',(0.00250391782665307,-0.0059109993464342,0.00612644682917509));
#4666=CARTESIAN_POINT('',(0.00244885211858624,-0.00578115100046573,0.00627518709319471));
#4667=CARTESIAN_POINT('',(0.00381855207274159,-0.00895735225537687,0.0025102333211205));
#4668=CARTESIAN_POINT('',(0.00376644855379421,-0.00883513006112389,0.00265177854303173));
#4669=CARTESIAN_POINT('',(0.00365597111065856,-0.0085759770129345,0.00295190340619098));
#4670=CARTESIAN_POINT('',(0.00348713273820337,-0.00817992915724564,0.00341057676427965));
#4671=CARTESIAN_POINT('',(0.00331200129416978,-0.00776907497884642,0.00388629651292198));
#4672=CARTESIAN_POINT('',(0.00313690508246511,-0.007358483015326,0.00436213078589741));
#4673=CARTESIAN_POINT('',(0.00296172376104089,-0.00694701810539513,0.00483740757904305));
#4674=CARTESIAN_POINT('',(0.00278675061155215,-0.00653854428981263,0.00531506550463439));
#4675=CARTESIAN_POINT('',(0.00261451566084683,-0.00612731189938288,0.00577443062743413));
#4676=CARTESIAN_POINT('',(0.00250119914665447,-0.00586251078864198,0.00608346289511619));
#4677=CARTESIAN_POINT('',(0.00244622460639177,-0.00573412298234773,0.00623347974011981));
#4678=CARTESIAN_POINT('',(0.00380469037293018,-0.00884323654076275,0.00240817886861873));
#4679=CARTESIAN_POINT('',(0.00375277504072769,-0.00872256958657247,0.00255112232464823));
#4680=CARTESIAN_POINT('',(0.00364269660604612,-0.00846671381429626,0.00285421183960993));
#4681=CARTESIAN_POINT('',(0.00347446764860809,-0.00807569389786615,0.00331741333077242));
#4682=CARTESIAN_POINT('',(0.00329997040265948,-0.00767013154581761,0.00379789379709357));
#4683=CARTESIAN_POINT('',(0.00312549937958314,-0.00726452488736193,0.00427820926275522));
#4684=CARTESIAN_POINT('',(0.00295098057409891,-0.00685919956868558,0.00475900914024981));
#4685=CARTESIAN_POINT('',(0.00277651735642687,-0.00645253399421479,0.00523835033221364));
#4686=CARTESIAN_POINT('',(0.00260539713984134,-0.0060590627053338,0.00571324714160162));
#4687=CARTESIAN_POINT('',(0.00249242675948013,-0.00579589049326563,0.00602377139417902));
#4688=CARTESIAN_POINT('',(0.00243761488228793,-0.00566815632306148,0.0061743935179671));
#4689=CARTESIAN_POINT('',(0.00379798413295587,-0.00880229940629987,0.0023714653188556));
#4690=CARTESIAN_POINT('',(0.00374615922595819,-0.00868218863434399,0.00251490902604694));
#4691=CARTESIAN_POINT('',(0.00363627258689518,-0.00842751225086419,0.00281905946834711));
#4692=CARTESIAN_POINT('',(0.0034683386435927,-0.00803829747932939,0.0032838890392108));
#4693=CARTESIAN_POINT('',(0.00329415073538143,-0.0076346440443927,0.00376608203830865));
#4694=CARTESIAN_POINT('',(0.00311997116613979,-0.00723078504300406,0.00424797661162275));
#4695=CARTESIAN_POINT('',(0.00294580980576719,-0.00682780491305308,0.00473086095754959));
#4696=CARTESIAN_POINT('',(0.00277146471969855,-0.00642127424670354,0.00521038160369779));
#4697=CARTESIAN_POINT('',(0.00260133673274889,-0.00603602418930531,0.00569242501576709));
#4698=CARTESIAN_POINT('',(0.00248847011023824,-0.00577318097173256,0.00600327398616216));
#4699=CARTESIAN_POINT('',(0.00243370111183036,-0.00564553740330547,0.00615399418320329));
#4700=CARTESIAN_POINT('',(0.00378583700380967,-0.00874784651684869,0.00232196734432528));
#4701=CARTESIAN_POINT('',(0.0037341789683705,-0.00862848165292533,0.00246608799735318));
#4702=CARTESIAN_POINT('',(0.00362464602729908,-0.00837538640535815,0.0027716737810939));
#4703=CARTESIAN_POINT('',(0.00345724878520609,-0.00798857454669936,0.00323869640409317));
#4704=CARTESIAN_POINT('',(0.00328360040610725,-0.00758732639045854,0.0037230609642446));
#4705=CARTESIAN_POINT('',(0.00311005501771867,-0.00718631760337523,0.00420755981053368));
#4706=CARTESIAN_POINT('',(0.00293616340710242,-0.00678449192832482,0.00469145700568596));
#4707=CARTESIAN_POINT('',(0.0027634730034508,-0.00638550536817106,0.00517784262791474));
#4708=CARTESIAN_POINT('',(0.00258987141661514,-0.00598419874983743,0.00564529453639906));
#4709=CARTESIAN_POINT('',(0.00247792380327387,-0.00572554887367786,0.00595996105208658));
#4710=CARTESIAN_POINT('',(0.00242364418333156,-0.00560014013638918,0.00611271556727084));
#4711=CARTESIAN_POINT('',(0.00377638083717873,-0.00871502811700893,0.00229161141175203));
#4712=CARTESIAN_POINT('',(0.00372485289751498,-0.0085961140163348,0.00243614562917525));
#4713=CARTESIAN_POINT('',(0.00361559567309459,-0.00834397449930653,0.00274260868551084));
#4714=CARTESIAN_POINT('',(0.00344861583603265,-0.00795862194502379,0.00321098327609674));
#4715=CARTESIAN_POINT('',(0.00327540574263059,-0.00755888009191566,0.00369672108421214));
#4716=CARTESIAN_POINT('',(0.00310229392002676,-0.007159430664469,0.00418266467996233));
#4717=CARTESIAN_POINT('',(0.00292884153146405,-0.006758938513729,0.00466777912841314));
#4718=CARTESIAN_POINT('',(0.00275659727369186,-0.00636219789541721,0.00515614415942394));
#4719=CARTESIAN_POINT('',(0.00258337126470678,-0.00595966048351998,0.00562285902164744));
#4720=CARTESIAN_POINT('',(0.00247170946564948,-0.00570235722040916,0.00593872370927286));
#4721=CARTESIAN_POINT('',(0.00241756903198328,-0.00557763107386219,0.00609208237097971));
#4722=CARTESIAN_POINT('',(0.00376266048969186,-0.00867203872699672,0.00225194549380933));
#4723=CARTESIAN_POINT('',(0.00371131973103563,-0.00855371107601052,0.00239701548811162));
#4724=CARTESIAN_POINT('',(0.00360245931133271,-0.00830281478312931,0.00270461495724671));
#4725=CARTESIAN_POINT('',(0.00343608337204948,-0.00791935460754314,0.00317473777739458));
#4726=CARTESIAN_POINT('',(0.00326352362658351,-0.00752164954634942,0.00366232527683818));
#4727=CARTESIAN_POINT('',(0.00309097212443022,-0.00712395650715548,0.00414989769186392));
#4728=CARTESIAN_POINT('',(0.00291840668937615,-0.00672623612362693,0.00463750323998997));
#4729=CARTESIAN_POINT('',(0.00274586873408418,-0.00632857672147675,0.00512503461130941));
#4730=CARTESIAN_POINT('',(0.002576618621161,-0.00593850050128046,0.0056032696800419));
#4731=CARTESIAN_POINT('',(0.0024648945256149,-0.0056810029443576,0.00591896233348655));
#4732=CARTESIAN_POINT('',(0.00241068748899006,-0.00555606852807307,0.00607213223685015));
#4733=CARTESIAN_POINT('',(0.00376152782273455,-0.00866848978906871,0.00224867092116255));
#4734=CARTESIAN_POINT('',(0.00371020251658362,-0.00855021055173853,0.00239378514588742));
#4735=CARTESIAN_POINT('',(0.0036013748546219,-0.00829941689174713,0.00270147843022866));
#4736=CARTESIAN_POINT('',(0.00343504876940104,-0.00791611293923202,0.00317174557338734));
#4737=CARTESIAN_POINT('',(0.00326254271263491,-0.00751857602297068,0.0036594857718971));
#4738=CARTESIAN_POINT('',(0.00309003746706955,-0.00712102798031855,0.00414719265215956));
#4739=CARTESIAN_POINT('',(0.00291754525340677,-0.00672353641673328,0.00463500385005449));
#4740=CARTESIAN_POINT('',(0.0027449830522656,-0.00632580116547683,0.0051224663995903));
#4741=CARTESIAN_POINT('',(0.00257606116470984,-0.00593675366413054,0.00560165250526019));
#4742=CARTESIAN_POINT('',(0.00246433192635125,-0.00567924006751327,0.0059173309566278));
#4743=CARTESIAN_POINT('',(0.00241011939139843,-0.00555428845776843,0.00607048527727103));
#4744=CARTESIAN_POINT('',(0.00376039515577725,-0.0086649408511407,0.00224539634851576));
#4745=CARTESIAN_POINT('',(0.00370908530213161,-0.00854671002746654,0.00239055480366323));
#4746=CARTESIAN_POINT('',(0.00360029039791108,-0.00829601900036496,0.00269834190321061));
#4747=CARTESIAN_POINT('',(0.00343401416675261,-0.0079128712709209,0.00316875336938009));
#4748=CARTESIAN_POINT('',(0.00326156179868632,-0.00751550249959193,0.00365664626695601));
#4749=CARTESIAN_POINT('',(0.00308910280970888,-0.00711809945348162,0.00414448761245521));
#4750=CARTESIAN_POINT('',(0.00291668381743738,-0.00672083670983963,0.004632504460119));
#4751=CARTESIAN_POINT('',(0.00274409737044702,-0.00632302560947691,0.00511989818787119));
#4752=CARTESIAN_POINT('',(0.00257550370825867,-0.00593500682698062,0.00560003533047849));
#4753=CARTESIAN_POINT('',(0.00246376932708759,-0.00567747719066894,0.00591569957976906));
#4754=CARTESIAN_POINT('',(0.00240955129380679,-0.00555250838746379,0.00606883831769191));
#4755=CARTESIAN_POINT('',(0.00375926248881994,-0.0086613919132127,0.00224212177586897));
#4756=CARTESIAN_POINT('',(0.00370796808767961,-0.00854320950319454,0.00238732446143903));
#4757=CARTESIAN_POINT('',(0.00359920594120026,-0.00829262110898279,0.00269520537619255));
#4758=CARTESIAN_POINT('',(0.00343297956410417,-0.00790962960260978,0.00316576116537285));
#4759=CARTESIAN_POINT('',(0.00326058088473773,-0.00751242897621319,0.00365380676201493));
#4760=CARTESIAN_POINT('',(0.00308816815234821,-0.00711517092664469,0.00414178257275085));
#4761=CARTESIAN_POINT('',(0.00291582238146799,-0.00671813700294599,0.00463000507018352));
#4762=CARTESIAN_POINT('',(0.00274321168862843,-0.00632025005347698,0.00511732997615208));
#4763=CARTESIAN_POINT('',(0.00257494625180751,-0.0059332599898307,0.00559841815569678));
#4764=CARTESIAN_POINT('',(0.00246320672782394,-0.0056757143138246,0.00591406820291031));
#4765=CARTESIAN_POINT('',(0.00240898319621515,-0.00555072831715915,0.00606719135811279));
#4766=CARTESIAN_POINT('',(0.00298235100035172,-0.00830788157222915,0.00522279408713123));
#4767=CARTESIAN_POINT('',(5.80135522470458E-5,-0.000145831105858703,-0.00715454934164077));
#4768=CARTESIAN_POINT('',(0.00247048781322329,-0.00847423398939881,0.00522276117126156));
#4769=CARTESIAN_POINT('',(0.00205323566196884,-0.00922744479896432,0.00225196675605712));
#4770=CARTESIAN_POINT('',(0.00202521959426219,-0.00910153678074296,0.00239703861497261));
#4771=CARTESIAN_POINT('',(0.00196581590724708,-0.00883456865842779,0.00270464065155936));
#4772=CARTESIAN_POINT('',(0.00187503797985571,-0.00842660428739168,0.00317469953952511));
#4773=CARTESIAN_POINT('',(0.00178086242817244,-0.00800336844687239,0.00366235437718064));
#4774=CARTESIAN_POINT('',(0.00168670547100548,-0.00758022051528192,0.00414990839757574));
#4775=CARTESIAN_POINT('',(0.00159253965151618,-0.00715702692114551,0.00463751349399863));
#4776=CARTESIAN_POINT('',(0.00149839458923256,-0.00673392668231924,0.00512501191571205));
#4777=CARTESIAN_POINT('',(0.0014060415454116,-0.00631887722451888,0.00560323413637834));
#4778=CARTESIAN_POINT('',(0.0013450813556854,-0.00604491589057645,0.00591889402047866));
#4779=CARTESIAN_POINT('',(0.00131550743457743,-0.00591200770986081,0.00607203162172663));
#4780=CARTESIAN_POINT('',(0.00207582968082208,-0.00929576541393815,0.00231522913218366));
#4781=CARTESIAN_POINT('',(0.00204750343606411,-0.00916891969503896,0.00245943989291729));
#4782=CARTESIAN_POINT('',(0.00198744224057954,-0.00889996374421267,0.00276521602982483));
#4783=CARTESIAN_POINT('',(0.00189566477273748,-0.00848897431110812,0.00323248237785693));
#4784=CARTESIAN_POINT('',(0.0018004453300464,-0.00806258372123024,0.00371724592587171));
#4785=CARTESIAN_POINT('',(0.00170525337763999,-0.00763630770683452,0.00420188698752769));
#4786=CARTESIAN_POINT('',(0.00161003603766781,-0.00720992221494304,0.00468665312946639));
#4787=CARTESIAN_POINT('',(0.0015148580355693,-0.00678370162050573,0.0051712258095376));
#4788=CARTESIAN_POINT('',(0.0014214849326482,-0.00636557278533134,0.00564659420272694));
#4789=CARTESIAN_POINT('',(0.00135985458370148,-0.00608958577973617,0.00596036801344963));
#4790=CARTESIAN_POINT('',(0.00132995558781342,-0.00595569496931027,0.00611259058292278));
#4791=CARTESIAN_POINT('',(0.00210238750839225,-0.00935790270065278,0.00237522145713893));
#4792=CARTESIAN_POINT('',(0.00207369915406069,-0.00923020952078479,0.00251861623209457));
#4793=CARTESIAN_POINT('',(0.00201287029152634,-0.00895945685321626,0.00282266223461084));
#4794=CARTESIAN_POINT('',(0.00191992362255149,-0.00854572754387122,0.0032872857511458));
#4795=CARTESIAN_POINT('',(0.00182348782526665,-0.0081164898980707,0.00376930957969373));
#4796=CARTESIAN_POINT('',(0.00172708436617188,-0.00768738190436149,0.00425119335010215));
#4797=CARTESIAN_POINT('',(0.00163064319972625,-0.00725811626731693,0.00473325755368358));
#4798=CARTESIAN_POINT('',(0.0015342524491632,-0.00682905752698552,0.00521508245136461));
#4799=CARTESIAN_POINT('',(0.00143969095829571,-0.00640815027964582,0.00568775325810007));
#4800=CARTESIAN_POINT('',(0.00137727353433156,-0.00613032055115629,0.00599974910403408));
#4801=CARTESIAN_POINT('',(0.00134699266486561,-0.00599553565246542,0.00615110915659528));
#4802=CARTESIAN_POINT('',(0.00216499439778312,-0.00947270087177292,0.00249129848454872));
#4803=CARTESIAN_POINT('',(0.00213545382674163,-0.0093434497578292,0.00263310261705108));
#4804=CARTESIAN_POINT('',(0.00207281739046859,-0.0090693921598549,0.0029337762746505));
#4805=CARTESIAN_POINT('',(0.00197709092280498,-0.00865056488429965,0.00339325729964724));
#4806=CARTESIAN_POINT('',(0.0018777915406585,-0.0082160995578716,0.00386991688685346));
#4807=CARTESIAN_POINT('',(0.00177851432242655,-0.00778172948918243,0.00434646104706497));
#4808=CARTESIAN_POINT('',(0.00167919796518991,-0.00734720131916645,0.00482318161761719));
#4809=CARTESIAN_POINT('',(0.00157992423577451,-0.00691284278517437,0.00529971038906804));
#4810=CARTESIAN_POINT('',(0.00148255280613377,-0.00648680881314887,0.00576711588052978));
#4811=CARTESIAN_POINT('',(0.0014182717137128,-0.00620555656011402,0.00607567839901555));
#4812=CARTESIAN_POINT('',(0.00138708659271554,-0.00606911075226164,0.00622537339732822));
#4813=CARTESIAN_POINT('',(0.00220368253747626,-0.00953431656273308,0.00255602074599872));
#4814=CARTESIAN_POINT('',(0.00217361552161689,-0.00940422949632327,0.00269693429298356));
#4815=CARTESIAN_POINT('',(0.0021098628654637,-0.00912839909333052,0.00299572074894328));
#4816=CARTESIAN_POINT('',(0.00201243136615426,-0.00870685368871113,0.00345235240892972));
#4817=CARTESIAN_POINT('',(0.00191136633061666,-0.00826959120215594,0.00392600895489662));
#4818=CARTESIAN_POINT('',(0.00181031788850275,-0.00783239920874654,0.00439958628790858));
#4819=CARTESIAN_POINT('',(0.00170923858056197,-0.00739508104960851,0.00487330462373963));
#4820=CARTESIAN_POINT('',(0.00160818544222155,-0.00695786983182834,0.00534689930095426));
#4821=CARTESIAN_POINT('',(0.00150908077779494,-0.00652908920507892,0.00581136592445496));
#4822=CARTESIAN_POINT('',(0.00144364973301958,-0.00624599764055726,0.00611801959318062));
#4823=CARTESIAN_POINT('',(0.00141190664999798,-0.00610865916105247,0.00626678896315873));
#4824=CARTESIAN_POINT('',(0.00230176716346754,-0.00967369569259248,0.0027077807290175));
#4825=CARTESIAN_POINT('',(0.00227036335543924,-0.00954171267847818,0.00284661919325369));
#4826=CARTESIAN_POINT('',(0.00220377596833862,-0.00926186148059089,0.00314100622983892));
#4827=CARTESIAN_POINT('',(0.00210200434755253,-0.00883414952192278,0.00359092905095335));
#4828=CARTESIAN_POINT('',(0.00199645318221617,-0.00839054077241483,0.00405758102120311));
#4829=CARTESIAN_POINT('',(0.00189090701990966,-0.0079469597131575,0.00452420266740898));
#4830=CARTESIAN_POINT('',(0.00178534691260755,-0.00750331532862441,0.00499089587220759));
#4831=CARTESIAN_POINT('',(0.00167978189653266,-0.00705966222827473,0.0054575924373056));
#4832=CARTESIAN_POINT('',(0.00157627882493974,-0.00662466252968836,0.00591518967518698));
#4833=CARTESIAN_POINT('',(0.00150792966963006,-0.0063374157970562,0.00621735432342691));
#4834=CARTESIAN_POINT('',(0.00147477070779452,-0.00619806081967778,0.00636394652787481));
#4835=CARTESIAN_POINT('',(0.00237083013414369,-0.00975720571267758,0.00280381689354008));
#4836=CARTESIAN_POINT('',(0.00233847744528042,-0.00962406623880581,0.00294135437927077));
#4837=CARTESIAN_POINT('',(0.0022698789600447,-0.0093417649937742,0.00323298181907455));
#4838=CARTESIAN_POINT('',(0.00216505987858781,-0.0089103706899842,0.0036786551013581));
#4839=CARTESIAN_POINT('',(0.00205632506104066,-0.00846290094706556,0.00414090043753314));
#4840=CARTESIAN_POINT('',(0.00194761227562562,-0.00801548581182875,0.004603121660772));
#4841=CARTESIAN_POINT('',(0.00183887213232371,-0.00756799845658289,0.00506538430840165));
#4842=CARTESIAN_POINT('',(0.00173013525811583,-0.00712050260388703,0.00552768009618421));
#4843=CARTESIAN_POINT('',(0.00162351992518867,-0.00668174133255863,0.00598093749636296));
#4844=CARTESIAN_POINT('',(0.00155312030219911,-0.00639201599777549,0.00628024545122941));
#4845=CARTESIAN_POINT('',(0.00151896663926316,-0.00625145862255256,0.00642545188156377));
#4846=CARTESIAN_POINT('',(0.00260507015625353,-0.0100112074975006,0.00311111331799178));
#4847=CARTESIAN_POINT('',(0.00256952632658902,-0.00987459694917018,0.00324448881489937));
#4848=CARTESIAN_POINT('',(0.00249416068217328,-0.00958493602757419,0.00352728804860057));
#4849=CARTESIAN_POINT('',(0.00237897486162879,-0.00914230085320083,0.00395936908664467));
#4850=CARTESIAN_POINT('',(0.00225951681092838,-0.00868314984519881,0.00440766222415706));
#4851=CARTESIAN_POINT('',(0.00214005341489737,-0.00822406829786747,0.00485580583992643));
#4852=CARTESIAN_POINT('',(0.00202060452541522,-0.00776493862273984,0.00530408941785104));
#4853=CARTESIAN_POINT('',(0.00190113875264673,-0.00730582866848976,0.00575228051383895));
#4854=CARTESIAN_POINT('',(0.00178401352657179,-0.0068556589740837,0.00619177119335279));
#4855=CARTESIAN_POINT('',(0.00170666992628933,-0.00655842086475475,0.0064819423063926));
#4856=CARTESIAN_POINT('',(0.00166914740693185,-0.00641421901973927,0.00662271545952694));
#4857=CARTESIAN_POINT('',(0.00278222808180169,-0.0101591211893554,0.00331563774150706));
#4858=CARTESIAN_POINT('',(0.00274428285506281,-0.010020530850193,0.00344618748423992));
#4859=CARTESIAN_POINT('',(0.00266382165916014,-0.00972666486724133,0.00372299934095857));
#4860=CARTESIAN_POINT('',(0.00254073545152346,-0.00927738570676627,0.00414605726068882));
#4861=CARTESIAN_POINT('',(0.0024132146944004,-0.00881161145091553,0.00458481831733513));
#4862=CARTESIAN_POINT('',(0.00228559117822977,-0.00834567779853195,0.00502361208083592));
#4863=CARTESIAN_POINT('',(0.00215814867091373,-0.00788012084243176,0.00546219832804085));
#4864=CARTESIAN_POINT('',(0.00203052426840605,-0.00741414432453421,0.00590105663146125));
#4865=CARTESIAN_POINT('',(0.00190541762750398,-0.00695726754785738,0.00633139354168361));
#4866=CARTESIAN_POINT('',(0.00182281254250392,-0.00665564149941742,0.00661547556934537));
#4867=CARTESIAN_POINT('',(0.00178273758610905,-0.00650931144479156,0.00675329405728507));
#4868=CARTESIAN_POINT('',(0.00300728282189592,-0.0103155480588852,0.00355812687597506));
#4869=CARTESIAN_POINT('',(0.00296624947946454,-0.0101747959428209,0.00368537366539243));
#4870=CARTESIAN_POINT('',(0.00287924498629978,-0.00987635401373483,0.00395517969574964));
#4871=CARTESIAN_POINT('',(0.00274629748278959,-0.00942031637198828,0.00436745829101313));
#4872=CARTESIAN_POINT('',(0.00260838746138818,-0.00894725765674879,0.00479512584148079));
#4873=CARTESIAN_POINT('',(0.00247050129023632,-0.00847427983013722,0.00522271926827526));
#4874=CARTESIAN_POINT('',(0.00233257835540827,-0.00800117822529158,0.00565042736105104));
#4875=CARTESIAN_POINT('',(0.00219469755804801,-0.00752821627950856,0.00607800516570073));
#4876=CARTESIAN_POINT('',(0.00205938078384735,-0.0070640660274459,0.00649762559266368));
#4877=CARTESIAN_POINT('',(0.0019701023901757,-0.00675782223968014,0.00677448388159147));
#4878=CARTESIAN_POINT('',(0.00192679087701362,-0.00660925444801331,0.00690879584341519));
#4879=CARTESIAN_POINT('',(0.,0.,0.00584803390593274));
#4880=CARTESIAN_POINT('',(0.,0.,0.002));
#4881=CARTESIAN_POINT('',(-0.000866466818733478,-0.00907249221897319,0.00200279509074903));
#4882=CARTESIAN_POINT('',(-0.0019794945816307,-0.00889601537132619,0.00200301617344235));
#4883=CARTESIAN_POINT('',(-0.000713416691229726,-0.00747030400507931,0.00392438009641047));
#4884=CARTESIAN_POINT('',(-0.000560142118374477,-0.00586518280541015,0.00584967957822384));
#4885=CARTESIAN_POINT('',(0.,0.,0.00584803390593274));
#4886=CARTESIAN_POINT('',(-0.00127973442309585,-0.0057512165372117,0.00584968450963297));
#4887=CARTESIAN_POINT('',(-0.00197951083668447,-0.00889601303434782,0.00200301722003453));
#4888=CARTESIAN_POINT('',(0.,0.,0.00193670395716381));
#4889=CARTESIAN_POINT('',(-0.000866160166135443,-0.00906979555524018,0.00200603320155829));
#4890=CARTESIAN_POINT('',(-0.000894718519894348,-0.00936867830203906,0.00229899864202097));
#4891=CARTESIAN_POINT('',(0.000866649081579059,-0.0090748278132279,0.002));
#4892=CARTESIAN_POINT('',(0.000290616470539471,-0.00912983911962308,0.002));
#4893=CARTESIAN_POINT('',(-0.00029065714455801,-0.00912983782481738,0.002));
#4894=CARTESIAN_POINT('',(-0.000866689510512968,-0.00907482395216035,0.002));
#4895=CARTESIAN_POINT('',(0.000894692594990806,-0.00936868114437098,0.00229899899817791));
#4896=CARTESIAN_POINT('',(0.000894720985756139,-0.00936867843327885,0.00229899899824227));
#4897=CARTESIAN_POINT('',(0.000326885882909113,-0.0107170917653437,0.00357799385117149));
#4898=CARTESIAN_POINT('',(0.000473972251719292,-0.0105059663125088,0.0033764578529231));
#4899=CARTESIAN_POINT('',(0.000734859244581036,-0.0100693407320995,0.00296493589200744));
#4900=CARTESIAN_POINT('',(0.000892406744969435,-0.0096044543188101,0.00252780246888963));
#4901=CARTESIAN_POINT('',(0.000894718060118147,-0.00936867801915586,0.0022989983245951));
#4902=CARTESIAN_POINT('',(0.000326885957132203,-0.0107170941988415,0.00357799622678003));
#4903=CARTESIAN_POINT('',(0.000326877949055953,-0.0107168478060912,0.00357775568272598));
#4904=CARTESIAN_POINT('',(0.000108959959258282,-0.0107237178360691,0.00357797341427742));
#4905=CARTESIAN_POINT('',(-0.000108956330029354,-0.0107236670943374,0.00357792386145266));
#4906=CARTESIAN_POINT('',(-0.000326870917639463,-0.0107166930126534,0.00357760450081334));
#4907=CARTESIAN_POINT('',(-0.000326884332801007,-0.0107170942483857,0.00357799622678003));
#4908=CARTESIAN_POINT('',(-0.000894721001271868,-0.00936867834112321,0.00229899891016727));
#4909=CARTESIAN_POINT('',(-0.000892414240287639,-0.00960407530100925,0.0025274350022649));
#4910=CARTESIAN_POINT('',(-0.0007341389785275,-0.0100702359906235,0.00296575627883384));
#4911=CARTESIAN_POINT('',(-0.000473917355742654,-0.0105060528796021,0.00337654066046555));
#4912=CARTESIAN_POINT('',(-0.000326886651064293,-0.0107170902933401,0.00357799243837139));
#4913=CARTESIAN_POINT('',(0.,0.,0.00580711639365242));
#4914=CARTESIAN_POINT('',(-0.000578384363973637,-0.0060563502804207,0.00604132020851931));
#4915=CARTESIAN_POINT('',(-0.00057543276007189,-0.00636088045938148,0.00633684824942208));
#4916=CARTESIAN_POINT('',(-0.000401460817135038,-0.00665509363455,0.00660758550399951));
#4917=CARTESIAN_POINT('',(-0.000211314164279368,-0.00692802669586836,0.00686812176216144));
#4918=CARTESIAN_POINT('',(-0.000578384905979207,-0.00605635022856351,0.00604132020842667));
#4919=CARTESIAN_POINT('',(-0.000211312712194749,-0.00692802925653249,0.0068681242163913));
#4920=CARTESIAN_POINT('',(0.00021132453673144,-0.00692870014853834,0.00686877889194114));
#4921=CARTESIAN_POINT('',(7.04404772926742E-5,-0.00693217818427846,0.00686798020414155));
#4922=CARTESIAN_POINT('',(-7.04387405680712E-5,-0.00693196025877888,0.00686776743920725));
#4923=CARTESIAN_POINT('',(-0.000211313113575654,-0.00692804517696292,0.00686813975559416));
#4924=CARTESIAN_POINT('',(0.000211311686550998,-0.00692802928781571,0.0068681242163913));
#4925=CARTESIAN_POINT('',(0.000211311577071556,-0.0069280256982989,0.00686812071226371));
#4926=CARTESIAN_POINT('',(0.000401418240828134,-0.00665514661352676,0.00660763583669863));
#4927=CARTESIAN_POINT('',(0.000575437391957586,-0.00636050534273033,0.0063364843110666));
#4928=CARTESIAN_POINT('',(0.00057838491564063,-0.00605635021774163,0.00604132019881119));
#4929=CARTESIAN_POINT('',(0.000578384005691568,-0.00605635011842652,0.00604132001793273));
#4930=CARTESIAN_POINT('',(0.000578382871278676,-0.00605635022675725,0.00604132001792676));
#4931=CARTESIAN_POINT('',(0.000572230785856205,-0.00599192361567995,0.00597816929224917));
#4932=CARTESIAN_POINT('',(0.000566078700433725,-0.00592749700460256,0.00591501856657167));
#4933=CARTESIAN_POINT('',(0.000559926615011244,-0.00586307039352515,0.00585186784089419));
#4934=CARTESIAN_POINT('',(-0.000560309441384902,-0.00586696234317882,0.00584803390593274));
#4935=CARTESIAN_POINT('',(-0.000190146095866604,-0.00590176736188181,0.00584803390593274));
#4936=CARTESIAN_POINT('',(0.000190310369580282,-0.00590179747491688,0.00584803390593274));
#4937=CARTESIAN_POINT('',(0.000560294327195643,-0.00586700407545879,0.00584803390593274));
#4938=CARTESIAN_POINT('',(-0.000559919561192173,-0.0058630649523096,0.00585186190130036));
#4939=CARTESIAN_POINT('',(-0.000566071703565824,-0.00592749366158752,0.00591501467032428));
#4940=CARTESIAN_POINT('',(-0.000572223845939473,-0.00599192237086541,0.00597816743934832));
#4941=CARTESIAN_POINT('',(-0.00057837598831311,-0.0060563510801432,0.00604132020837238));
#4942=CARTESIAN_POINT('',(-0.000725066597860062,-0.00759238075925164,0.00404802241991509));
#4943=CARTESIAN_POINT('',(-0.00073826158752648,-0.00773040807645788,0.0041499428962571));
#4944=CARTESIAN_POINT('',(0.000724921043174472,-0.00759086188344876,0.00404669388945717));
#4945=CARTESIAN_POINT('',(0.000738262555964728,-0.00773042012092586,0.00414992920057475));
#4946=CARTESIAN_POINT('',(0.000327583557596583,-0.010739970160677,0.00355812808354474));
#4947=CARTESIAN_POINT('',(0.000323113953072596,-0.0105934356372428,0.00368536713406));
#4948=CARTESIAN_POINT('',(0.000313636856039578,-0.0102827322622744,0.00395515748453597));
#4949=CARTESIAN_POINT('',(0.000299153594922018,-0.00980790815280214,0.0043674569507877));
#4950=CARTESIAN_POINT('',(0.000284131302806001,-0.00931542348048024,0.00479509112771454));
#4951=CARTESIAN_POINT('',(0.000269108713347541,-0.0088228752817592,0.00522278278564103));
#4952=CARTESIAN_POINT('',(0.000254086521121799,-0.00833040461529078,0.00565040489460085));
#4953=CARTESIAN_POINT('',(0.000239064102636297,-0.00783789179710389,0.00607806429313137));
#4954=CARTESIAN_POINT('',(0.000224328907718033,-0.00735473226309883,0.00649760530219737));
#4955=CARTESIAN_POINT('',(0.000214602011971211,-0.00703584682783868,0.00677449999279247));
#4956=CARTESIAN_POINT('',(0.000209882652121336,-0.00688112861361964,0.00690884492211732));
#4957=CARTESIAN_POINT('',(0.000410977429769167,-0.0106303010715187,0.00343591796673797));
#4958=CARTESIAN_POINT('',(0.000405372017730132,-0.0104852629589361,0.00356481921969989));
#4959=CARTESIAN_POINT('',(0.000393485722961825,-0.0101777313599566,0.0038381372607641));
#4960=CARTESIAN_POINT('',(0.000375293607353487,-0.00970772040793069,0.00425592596342808));
#4961=CARTESIAN_POINT('',(0.000356432752166679,-0.00922028504538704,0.00468918450510033));
#4962=CARTESIAN_POINT('',(0.000337585704633258,-0.00873276296873219,0.00512248334660754));
#4963=CARTESIAN_POINT('',(0.0003187215967332,-0.00824541517613353,0.00555567697154162));
#4964=CARTESIAN_POINT('',(0.000299876558706192,-0.00775786553606268,0.00598899183959547));
#4965=CARTESIAN_POINT('',(0.000281370354017037,-0.00727978536833232,0.00641395777752993));
#4966=CARTESIAN_POINT('',(0.000269167892674589,-0.00696413671253037,0.00669449616665421));
#4967=CARTESIAN_POINT('',(0.00026324760733393,-0.00681098736751733,0.00683060981780093));
#4968=CARTESIAN_POINT('',(0.000478384927214325,-0.0105338885946091,0.00333180171402541));
#4969=CARTESIAN_POINT('',(0.000471858578946203,-0.01039015521687,0.00346213426986397));
#4970=CARTESIAN_POINT('',(0.000458020155654893,-0.0100853907375874,0.00373848539260672));
#4971=CARTESIAN_POINT('',(0.000436862003387895,-0.00961962772362025,0.00416085589020909));
#4972=CARTESIAN_POINT('',(0.000414914191441215,-0.00913654254779134,0.0045989383488999));
#4973=CARTESIAN_POINT('',(0.000392979631194614,-0.00865347508880044,0.00503697174962047));
#4974=CARTESIAN_POINT('',(0.000371031478988351,-0.00817040986421821,0.00547503937122977));
#4975=CARTESIAN_POINT('',(0.000349100418628639,-0.00768730083403786,0.00591309661992498));
#4976=CARTESIAN_POINT('',(0.000327563150433884,-0.00721360187778997,0.00634270593418054));
#4977=CARTESIAN_POINT('',(0.00031336253338751,-0.00690080165426224,0.00662633704999367));
#4978=CARTESIAN_POINT('',(0.000306472806006435,-0.00674903373936892,0.00676395162412121));
#4979=CARTESIAN_POINT('',(0.000605003920428431,-0.0103295192049049,0.00311792060795744));
#4980=CARTESIAN_POINT('',(0.000596747403313462,-0.010188572098379,0.00325118248881889));
#4981=CARTESIAN_POINT('',(0.000579241101156528,-0.00988971568608487,0.00353374252703421));
#4982=CARTESIAN_POINT('',(0.000552497878986029,-0.00943298808879589,0.00396553353068814));
#4983=CARTESIAN_POINT('',(0.000524757278172365,-0.00895920478293847,0.00441344694760009));
#4984=CARTESIAN_POINT('',(0.000497013320890459,-0.00848555499213424,0.0048612625139844));
#4985=CARTESIAN_POINT('',(0.000469270132445471,-0.00801172724277536,0.00530922288959747));
#4986=CARTESIAN_POINT('',(0.000441525480553871,-0.0075380300750009,0.00575707894276256));
#4987=CARTESIAN_POINT('',(0.00041431360672113,-0.00707352540591741,0.00619625158751782));
#4988=CARTESIAN_POINT('',(0.000396347147889523,-0.00676679392310575,0.00648625363584136));
#4989=CARTESIAN_POINT('',(0.000387630014149331,-0.00661797047295741,0.00662696008727845));
#4990=CARTESIAN_POINT('',(0.000666578474229121,-0.01021694916231,0.00300405008342864));
#4991=CARTESIAN_POINT('',(0.000657482467586725,-0.010077540261452,0.00313886093626255));
#4992=CARTESIAN_POINT('',(0.000638195943983591,-0.00978194563479606,0.00342470560472341));
#4993=CARTESIAN_POINT('',(0.000608725623769226,-0.0093302107049007,0.00386152468093972));
#4994=CARTESIAN_POINT('',(0.000578154752213142,-0.00886162230697354,0.00431464758098127));
#4995=CARTESIAN_POINT('',(0.000547589383765058,-0.00839312625184865,0.00476767954406139));
#4996=CARTESIAN_POINT('',(0.000517016215052695,-0.00792451805845129,0.00522082700758023));
#4997=CARTESIAN_POINT('',(0.000486450197184806,-0.00745596730868037,0.00567390623338786));
#4998=CARTESIAN_POINT('',(0.000456459610733519,-0.00699651416444412,0.00611823599197008));
#4999=CARTESIAN_POINT('',(0.000436665470299256,-0.00669311907091229,0.00641162042056239));
#5000=CARTESIAN_POINT('',(0.000427061658995819,-0.00654591441678754,0.00655396766122709));
#5001=CARTESIAN_POINT('',(0.000758459750858865,-0.0100167230897825,0.00280819243829583));
#5002=CARTESIAN_POINT('',(0.000748111276672946,-0.00988004758414241,0.00294567119834785));
#5003=CARTESIAN_POINT('',(0.000726168897065989,-0.00959024928595852,0.00323717306284499));
#5004=CARTESIAN_POINT('',(0.000692633925538365,-0.00914739037890981,0.00368264722444761));
#5005=CARTESIAN_POINT('',(0.000657850493739886,-0.00868803563482302,0.0041447101794328));
#5006=CARTESIAN_POINT('',(0.000623071470590594,-0.00822871593589633,0.00460673504061113));
#5007=CARTESIAN_POINT('',(0.000588287258065148,-0.00776938798455744,0.00506877913154592));
#5008=CARTESIAN_POINT('',(0.000553512012674195,-0.00730998786332919,0.00553085041084834));
#5009=CARTESIAN_POINT('',(0.000519375560492375,-0.00685955644901188,0.00598405404435135));
#5010=CARTESIAN_POINT('',(0.000496857779299474,-0.00656208995159454,0.00628325104742266));
#5011=CARTESIAN_POINT('',(0.00048593267125068,-0.00641776141069557,0.00642841785976622));
#5012=CARTESIAN_POINT('',(0.000794560189262366,-0.00992526517476876,0.00272087726720114));
#5013=CARTESIAN_POINT('',(0.000783718703838296,-0.00978984173235795,0.002859543628038));
#5014=CARTESIAN_POINT('',(0.000760731078295906,-0.00950269754424266,0.00315356369734922));
#5015=CARTESIAN_POINT('',(0.000725601958596949,-0.00906387380398728,0.00360288878548258));
#5016=CARTESIAN_POINT('',(0.000689158547034407,-0.00860873668866836,0.00406895477416592));
#5017=CARTESIAN_POINT('',(0.000652742738450937,-0.00815354453230722,0.00453492867964297));
#5018=CARTESIAN_POINT('',(0.000616232396239996,-0.0076986444920406,0.00500116594621433));
#5019=CARTESIAN_POINT('',(0.000580064466533753,-0.0072426118434759,0.00546647122943406));
#5020=CARTESIAN_POINT('',(0.000543337229348491,-0.00679930003274213,0.00592642684826719));
#5021=CARTESIAN_POINT('',(0.000519880079234127,-0.00650413198196524,0.00622782584501009));
#5022=CARTESIAN_POINT('',(0.000508509638495819,-0.00636088610511013,0.00637403050335717));
#5023=CARTESIAN_POINT('',(0.000846148860354681,-0.00976465946450224,0.00257076964232204));
#5024=CARTESIAN_POINT('',(0.000834603586028024,-0.0096314261951052,0.00271148706165868));
#5025=CARTESIAN_POINT('',(0.000810123605363192,-0.00934892583799014,0.00300985657662019));
#5026=CARTESIAN_POINT('',(0.000772711371084458,-0.00891719631645599,0.00346584365211275));
#5027=CARTESIAN_POINT('',(0.000733910041893906,-0.00846937469310994,0.00393879936124513));
#5028=CARTESIAN_POINT('',(0.000695095546419977,-0.00802165002375951,0.00441175977779202));
#5029=CARTESIAN_POINT('',(0.000656340827275493,-0.00757366121950576,0.0048845972955845));
#5030=CARTESIAN_POINT('',(0.000617347239928378,-0.00712647197914841,0.00535808719851643));
#5031=CARTESIAN_POINT('',(0.000579990640506189,-0.00668509397679854,0.0058199298482121));
#5032=CARTESIAN_POINT('',(0.000554768113518625,-0.00639544760719682,0.00612644682917509));
#5033=CARTESIAN_POINT('',(0.000542522858632992,-0.00625493825203342,0.00627518709319471));
#5034=CARTESIAN_POINT('',(0.000863684760079042,-0.00969894571561009,0.0025102333211205));
#5035=CARTESIAN_POINT('',(0.000851900103976191,-0.00956660462850843,0.00265177854303173));
#5036=CARTESIAN_POINT('',(0.000826912507812997,-0.00928599602588615,0.00295190340619098));
#5037=CARTESIAN_POINT('',(0.000788723191482431,-0.00885715820557728,0.00341057676427965));
#5038=CARTESIAN_POINT('',(0.000749124213761417,-0.00841229406950779,0.00388629651292198));
#5039=CARTESIAN_POINT('',(0.00070947771512269,-0.00796769020199587,0.00436213078589741));
#5040=CARTESIAN_POINT('',(0.000670020027606584,-0.00752222981276217,0.00483740757904305));
#5041=CARTESIAN_POINT('',(0.000629836024380796,-0.00707967845196516,0.00531506550463439));
#5042=CARTESIAN_POINT('',(0.000593108649458957,-0.00663534968054204,0.00577443062743412));
#5043=CARTESIAN_POINT('',(0.000567166283580763,-0.00634849213002095,0.00608346289511619));
#5044=CARTESIAN_POINT('',(0.000554556402849039,-0.00620940000303283,0.00623347974011981));
#5045=CARTESIAN_POINT('',(0.000885765195287475,-0.009586131720802,0.00240817886861873));
#5046=CARTESIAN_POINT('',(0.000873678919804929,-0.00945532790779866,0.00255112232464824));
#5047=CARTESIAN_POINT('',(0.00084805188893972,-0.00917797850131285,0.00285421183960993));
#5048=CARTESIAN_POINT('',(0.000808888442054723,-0.00875411085499648,0.00331741333077242));
#5049=CARTESIAN_POINT('',(0.000768257358281416,-0.00831447552284697,0.00379789379709357));
#5050=CARTESIAN_POINT('',(0.000727664905374414,-0.00787480615611342,0.00427820926275522));
#5051=CARTESIAN_POINT('',(0.000686940069924026,-0.00743538959383423,0.00475900914024981));
#5052=CARTESIAN_POINT('',(0.000646682263441938,-0.00699471555012688,0.00523835033221364));
#5053=CARTESIAN_POINT('',(0.000605526581451276,-0.00656762306185551,0.00571324714160162));
#5054=CARTESIAN_POINT('',(0.000579410051036713,-0.00628242164726765,0.00602377139417902));
#5055=CARTESIAN_POINT('',(0.000566752887418161,-0.00614400143079546,0.0061743935179671));
#5056=CARTESIAN_POINT('',(0.000892037452310102,-0.00954512585019222,0.0023714653188556));
#5057=CARTESIAN_POINT('',(0.000879865306545434,-0.00941487894085215,0.00251490902604694));
#5058=CARTESIAN_POINT('',(0.000854056232971997,-0.00913871046787199,0.00281905946834711));
#5059=CARTESIAN_POINT('',(0.000814615540753045,-0.00871665078075262,0.0032838890392108));
#5060=CARTESIAN_POINT('',(0.000773688766822154,-0.00827892652727926,0.00376608203830865));
#5061=CARTESIAN_POINT('',(0.000732833447249802,-0.00784100934537556,0.00424797661162275));
#5062=CARTESIAN_POINT('',(0.000691723859130882,-0.00740393364672962,0.00473086095754959));
#5063=CARTESIAN_POINT('',(0.000651536713577844,-0.0069634244129431,0.00521038160369779));
#5064=CARTESIAN_POINT('',(0.000608784197805166,-0.00654445739626519,0.00569242501576709));
#5065=CARTESIAN_POINT('',(0.000582664682080362,-0.00625960093697515,0.00600327398616216));
#5066=CARTESIAN_POINT('',(0.000570020301120218,-0.00612128013818647,0.00615399418320329));
#5067=CARTESIAN_POINT('',(0.000897311714214574,-0.00948958440550952,0.00232196734432528));
#5068=CARTESIAN_POINT('',(0.000885067774474712,-0.00936009846301181,0.00246608799735318));
#5069=CARTESIAN_POINT('',(0.000859106489813564,-0.00908554303833476,0.0027716737810939));
#5070=CARTESIAN_POINT('',(0.000819433689862506,-0.00866593450695885,0.00323869640409317));
#5071=CARTESIAN_POINT('',(0.000778276766616498,-0.0082306645331274,0.0037230609642446));
#5072=CARTESIAN_POINT('',(0.000737143824218986,-0.00779565403877273,0.00420755981053368));
#5073=CARTESIAN_POINT('',(0.000695934037180112,-0.00735975964924168,0.00469145700568596));
#5074=CARTESIAN_POINT('',(0.000654989331100307,-0.00692693661179944,0.00517784262791474));
#5075=CARTESIAN_POINT('',(0.000613894975721308,-0.0064916254968182,0.00564529453639906));
#5076=CARTESIAN_POINT('',(0.00058735367589569,-0.00621104113165554,0.00595996105208658));
#5077=CARTESIAN_POINT('',(0.000574484120712829,-0.00607499700984641,0.00611271556727084));
#5078=CARTESIAN_POINT('',(0.000898459808599717,-0.00945545013629694,0.00229161141175203));
#5079=CARTESIAN_POINT('',(0.000886200303790367,-0.00932643309693021,0.00243614562917525));
#5080=CARTESIAN_POINT('',(0.000860205904268267,-0.00905287182714082,0.00274260868551084));
#5081=CARTESIAN_POINT('',(0.000820479130239765,-0.00863478016194914,0.00321098327609674));
#5082=CARTESIAN_POINT('',(0.00077927356819499,-0.00820107820525625,0.00369672108421214));
#5083=CARTESIAN_POINT('',(0.000738071102734236,-0.00776768472924092,0.00418266467996233));
#5084=CARTESIAN_POINT('',(0.000696866959017157,-0.00733319432377378,0.00466777912841314));
#5085=CARTESIAN_POINT('',(0.000655652528685657,-0.00690264517061428,0.00515614415942394));
#5086=CARTESIAN_POINT('',(0.000615295705196549,-0.0064662795613327,0.00562285902164744));
#5087=CARTESIAN_POINT('',(0.000588610104591234,-0.00618706422275596,0.00593872370927286));
#5088=CARTESIAN_POINT('',(0.000575661991283862,-0.0060517122942444,0.00609208237097971));
#5089=CARTESIAN_POINT('',(0.000898695434808086,-0.0094103249762521,0.00225194549380933));
#5090=CARTESIAN_POINT('',(0.000886432726795741,-0.0092819235257949,0.00239701548811162));
#5091=CARTESIAN_POINT('',(0.000860431533596632,-0.00900966725183294,0.00270461495724671));
#5092=CARTESIAN_POINT('',(0.000820694323308708,-0.00859356196040842,0.00317473777739458));
#5093=CARTESIAN_POINT('',(0.000779477875590851,-0.00816199807650257,0.00366232527683818));
#5094=CARTESIAN_POINT('',(0.000738265552727008,-0.00773044817352165,0.00414989769186392));
#5095=CARTESIAN_POINT('',(0.000697048428751169,-0.00729886795903001,0.00463750323998997));
#5096=CARTESIAN_POINT('',(0.000655838595299884,-0.00686735423298912,0.00512503461130941));
#5097=CARTESIAN_POINT('',(0.000615412353662798,-0.00644406854072651,0.0056032696800419));
#5098=CARTESIAN_POINT('',(0.000588727545665689,-0.00616464916708004,0.00591896233348655));
#5099=CARTESIAN_POINT('',(0.000575780448068818,-0.00602907858083132,0.00607213223685015));
#5100=CARTESIAN_POINT('',(0.000898714886649283,-0.00940659972237097,0.00224867092116255));
#5101=CARTESIAN_POINT('',(0.000886451914200327,-0.00927824909112354,0.00239378514588743));
#5102=CARTESIAN_POINT('',(0.000860450160157299,-0.00900610054953895,0.00270147843022866));
#5103=CARTESIAN_POINT('',(0.000820712088316399,-0.00859015924083667,0.00317174557338734));
#5104=CARTESIAN_POINT('',(0.000779494741944757,-0.0081587718629851,0.0036594857718971));
#5105=CARTESIAN_POINT('',(0.000738281605314734,-0.00772737415398188,0.00414719265215956));
#5106=CARTESIAN_POINT('',(0.000697063409769081,-0.00729603418684261,0.00463500385005449));
#5107=CARTESIAN_POINT('',(0.000655853955807772,-0.0068644408316355,0.0051224663995903));
#5108=CARTESIAN_POINT('',(0.000615421983438098,-0.00644223493635514,0.00560165250526019));
#5109=CARTESIAN_POINT('',(0.000588737240873816,-0.00616279871883632,0.0059173309566278));
#5110=CARTESIAN_POINT('',(0.000575790227127717,-0.00602721008155835,0.00607048527727103));
#5111=CARTESIAN_POINT('',(0.000898734338490481,-0.00940287446848983,0.00224539634851576));
#5112=CARTESIAN_POINT('',(0.000886471101604915,-0.00927457465645218,0.00239055480366323));
#5113=CARTESIAN_POINT('',(0.000860468786717966,-0.00900253384724497,0.00269834190321061));
#5114=CARTESIAN_POINT('',(0.000820729853324091,-0.00858675652126492,0.00316875336938009));
#5115=CARTESIAN_POINT('',(0.000779511608298663,-0.00815554564946762,0.00365664626695601));
#5116=CARTESIAN_POINT('',(0.00073829765790246,-0.0077243001344421,0.00414448761245521));
#5117=CARTESIAN_POINT('',(0.000697078390786994,-0.00729320041465522,0.004632504460119));
#5118=CARTESIAN_POINT('',(0.000655869316315659,-0.00686152743028188,0.00511989818787119));
#5119=CARTESIAN_POINT('',(0.000615431613213398,-0.00644040133198377,0.00560003533047849));
#5120=CARTESIAN_POINT('',(0.000588746936081943,-0.0061609482705926,0.00591569957976905));
#5121=CARTESIAN_POINT('',(0.000575800006186616,-0.00602534158228538,0.00606883831769191));
#5122=CARTESIAN_POINT('',(0.000898753790331679,-0.0093991492146087,0.00224212177586897));
#5123=CARTESIAN_POINT('',(0.000886490289009501,-0.00927090022178082,0.00238732446143903));
#5124=CARTESIAN_POINT('',(0.000860487413278633,-0.00899896714495098,0.00269520537619255));
#5125=CARTESIAN_POINT('',(0.000820747618331782,-0.00858335380169317,0.00316576116537285));
#5126=CARTESIAN_POINT('',(0.000779528474652569,-0.00815231943595015,0.00365380676201493));
#5127=CARTESIAN_POINT('',(0.000738313710490185,-0.00772122611490233,0.00414178257275085));
#5128=CARTESIAN_POINT('',(0.000697093371804906,-0.00729036664246782,0.00463000507018352));
#5129=CARTESIAN_POINT('',(0.000655884676823547,-0.00685861402892826,0.00511732997615208));
#5130=CARTESIAN_POINT('',(0.000615441242988698,-0.00643856772761239,0.00559841815569678));
#5131=CARTESIAN_POINT('',(0.000588756631290071,-0.00615909782234888,0.00591406820291031));
#5132=CARTESIAN_POINT('',(0.000575809785245515,-0.0060234730830124,0.00606719135811279));
#5133=CARTESIAN_POINT('',(0.00026910775969061,-0.00882286204817677,0.00522279408713123));
#5134=CARTESIAN_POINT('',(1.01098768806502E-5,-0.000156620796974351,-0.00715454934173219));
#5135=CARTESIAN_POINT('',(-0.000269108783840274,-0.00882289817490981,0.00522276117126156));
#5136=CARTESIAN_POINT('',(-0.000898694101731639,-0.00941030621781391,0.00225196675605711));
#5137=CARTESIAN_POINT('',(-0.000886431248126542,-0.00928190313559377,0.0023970386149726));
#5138=CARTESIAN_POINT('',(-0.000860429825002463,-0.00900964461440663,0.00270464065155936));
#5139=CARTESIAN_POINT('',(-0.000820696840634142,-0.00859359551863842,0.00317469953952511));
#5140=CARTESIAN_POINT('',(-0.000779476045389185,-0.00816197246865812,0.00366235437718064));
#5141=CARTESIAN_POINT('',(-0.000738264731061287,-0.00773043877105898,0.00414990839757574));
#5142=CARTESIAN_POINT('',(-0.000697047734800085,-0.00729885890718973,0.00463751349399863));
#5143=CARTESIAN_POINT('',(-0.000655839845640528,-0.00686737424382585,0.00512501191571205));
#5144=CARTESIAN_POINT('',(-0.000615415473799721,-0.00644410009237711,0.00560323413637834));
#5145=CARTESIAN_POINT('',(-0.000588733351483574,-0.00616470964591253,0.00591889402047867));
#5146=CARTESIAN_POINT('',(-0.000575788935333119,-0.00602916761036133,0.00607203162172663));
#5147=CARTESIAN_POINT('',(-0.000898318143965031,-0.00948226491967895,0.00231522913218365));
#5148=CARTESIAN_POINT('',(-0.000886060520820712,-0.00935287418113869,0.00245943989291729));
#5149=CARTESIAN_POINT('',(-0.000860070152619188,-0.00907852194140178,0.00276521602982483));
#5150=CARTESIAN_POINT('',(-0.000820352992121615,-0.00865928696565534,0.00323248237785693));
#5151=CARTESIAN_POINT('',(-0.000779150125057139,-0.0082243409906786,0.00371724592587171));
#5152=CARTESIAN_POINT('',(-0.000737956518949419,-0.00778951247842591,0.00420188698752769));
#5153=CARTESIAN_POINT('',(-0.000696753227444867,-0.00735457200169822,0.00468665312946639));
#5154=CARTESIAN_POINT('',(-0.000655563479514887,-0.00691980050784033,0.0051712258095376));
#5155=CARTESIAN_POINT('',(-0.000615157661587607,-0.00649328247887669,0.00564659420272695));
#5156=CARTESIAN_POINT('',(-0.000588486931599369,-0.00621175841359882,0.00596036801344963));
#5157=CARTESIAN_POINT('',(-0.00057554803065715,-0.00607518138802707,0.00611259058292278));
#5158=CARTESIAN_POINT('',(-0.000892261626574939,-0.00954956781116666,0.00237522145713892));
#5159=CARTESIAN_POINT('',(-0.000880086510258775,-0.00941925919133765,0.00251861623209457));
#5160=CARTESIAN_POINT('',(-0.000854271020799861,-0.00914296095027069,0.00282266223461084));
#5161=CARTESIAN_POINT('',(-0.000814819168337692,-0.00872075889435203,0.0032872857511458));
#5162=CARTESIAN_POINT('',(-0.000773893334571702,-0.00828272933404714,0.00376930957969373));
#5163=CARTESIAN_POINT('',(-0.000732976810058894,-0.00784483307325884,0.00425119335010215));
#5164=CARTESIAN_POINT('',(-0.000692047432898165,-0.00740677523253697,0.00473325755368358));
#5165=CARTESIAN_POINT('',(-0.000651134041984215,-0.00696892974164685,0.00521508245136461));
#5166=CARTESIAN_POINT('',(-0.000610999871580786,-0.0065394020536171,0.00568775325810007));
#5167=CARTESIAN_POINT('',(-0.000584508261726398,-0.00625588223516659,0.00599974910403408));
#5168=CARTESIAN_POINT('',(-0.000571656255670489,-0.00611833687569903,0.00615110915659528));
#5169=CARTESIAN_POINT('',(-0.000868193522254071,-0.00967809395265597,0.00249129848454871));
#5170=CARTESIAN_POINT('',(-0.000856347484087655,-0.00954604030002602,0.00263310261705107));
#5171=CARTESIAN_POINT('',(-0.000831229819751003,-0.0092660403123569,0.0029337762746505));
#5172=CARTESIAN_POINT('',(-0.000792846354750067,-0.0088381307974184,0.00339325729964724));
#5173=CARTESIAN_POINT('',(-0.00075302850987163,-0.00839424452100051,0.00386991688685346));
#5174=CARTESIAN_POINT('',(-0.000713219022118013,-0.00795045568910216,0.00434646104706497));
#5175=CARTESIAN_POINT('',(-0.000673397901773032,-0.00750650439928912,0.00482318161761719));
#5176=CARTESIAN_POINT('',(-0.000633588660375141,-0.0070627276156432,0.00529971038906804));
#5177=CARTESIAN_POINT('',(-0.000594542655498992,-0.00662745580385967,0.00576711588052978));
#5178=CARTESIAN_POINT('',(-0.000568765881426519,-0.00634010506591311,0.00607567839901555));
#5179=CARTESIAN_POINT('',(-0.000556260620524813,-0.00620070065887415,0.00622537339732822));
#5180=CARTESIAN_POINT('',(-0.000850439210522422,-0.00974864924969558,0.00255602074599871));
#5181=CARTESIAN_POINT('',(-0.000838835527612008,-0.00961563787863013,0.00269693429298356));
#5182=CARTESIAN_POINT('',(-0.000814231624587575,-0.00933360692228368,0.00299572074894328));
#5183=CARTESIAN_POINT('',(-0.000776629792970172,-0.00890258542923208,0.00345235240892972));
#5184=CARTESIAN_POINT('',(-0.000737626814239603,-0.00845549327854411,0.00392600895489662));
#5185=CARTESIAN_POINT('',(-0.000698629837805347,-0.00800847329847173,0.00439958628790858));
#5186=CARTESIAN_POINT('',(-0.000659623229162606,-0.00756132378959594,0.00487330462373963));
#5187=CARTESIAN_POINT('',(-0.000620624778447912,-0.00711428407484665,0.00534689930095426));
#5188=CARTESIAN_POINT('',(-0.000582378414821768,-0.00667586444018584,0.00581136592445496));
#5189=CARTESIAN_POINT('',(-0.000557126931921984,-0.00638640905824404,0.00611801959318062));
#5190=CARTESIAN_POINT('',(-0.000544876473728379,-0.00624598325026541,0.00626678896315873));
#5191=CARTESIAN_POINT('',(-0.000800225707612782,-0.00991151649570213,0.00270778072901749));
#5192=CARTESIAN_POINT('',(-0.000789307509544432,-0.00977628887971961,0.00284661919325368));
#5193=CARTESIAN_POINT('',(-0.000766157101906188,-0.00948955794015078,0.00314100622983892));
#5194=CARTESIAN_POINT('',(-0.00073077740110288,-0.00905133053439413,0.00359092905095335));
#5195=CARTESIAN_POINT('',(-0.000694079882247198,-0.00859681643862403,0.00405758102120311));
#5196=CARTESIAN_POINT('',(-0.000657386161985386,-0.00814233022386847,0.00452420266740898));
#5197=CARTESIAN_POINT('',(-0.000620686135616148,-0.00768777947395613,0.00499089587220759));
#5198=CARTESIAN_POINT('',(-0.000583988084431789,-0.00723321891791542,0.0054575924373056));
#5199=CARTESIAN_POINT('',(-0.000548003055715625,-0.0067875254118962,0.00591518967518698));
#5200=CARTESIAN_POINT('',(-0.000524242843294152,-0.00649321648450004,0.00621735432342691));
#5201=CARTESIAN_POINT('',(-0.000512715833760751,-0.00635043534246311,0.00636394652787481));
#5202=CARTESIAN_POINT('',(-0.000760348934723422,-0.010012280876101,0.00280381689354007));
#5203=CARTESIAN_POINT('',(-0.000749975810237994,-0.00987566018122662,0.00294135437927077));
#5204=CARTESIAN_POINT('',(-0.000727980964381426,-0.00958597764485486,0.00323298181907455));
#5205=CARTESIAN_POINT('',(-0.000694361663685409,-0.00914330640363782,0.0036786551013581));
#5206=CARTESIAN_POINT('',(-0.00065949886543135,-0.00868413648228779,0.00414090043753314));
#5207=CARTESIAN_POINT('',(-0.000624631988076183,-0.00822502530423266,0.004603121660772));
#5208=CARTESIAN_POINT('',(-0.000589768812407461,-0.00776583698681534,0.00506538430840165));
#5209=CARTESIAN_POINT('',(-0.000554899901789098,-0.00730664159804844,0.00552768009618421));
#5210=CARTESIAN_POINT('',(-0.000520712419592416,-0.0068564088821182,0.00598093749636296));
#5211=CARTESIAN_POINT('',(-0.000498136387632402,-0.00655910903463552,0.00628024545122941));
#5212=CARTESIAN_POINT('',(-0.000487183833694358,-0.00641487696474905,0.00642545188156377));
#5213=CARTESIAN_POINT('',(-0.000616064303430604,-0.0103262350763021,0.00311111331799177));
#5214=CARTESIAN_POINT('',(-0.000607653513202161,-0.0101853270767064,0.00324448881489936));
#5215=CARTESIAN_POINT('',(-0.000589820353049067,-0.00988655390478998,0.00352728804860057));
#5216=CARTESIAN_POINT('',(-0.000562586787073212,-0.00942998846180147,0.00395936908664467));
#5217=CARTESIAN_POINT('',(-0.000534312680158747,-0.00895639533589633,0.00440766222415706));
#5218=CARTESIAN_POINT('',(-0.000506065121483447,-0.00848286661921668,0.00485580583992643));
#5219=CARTESIAN_POINT('',(-0.000477788893953388,-0.00800929661305287,0.00530408941785104));
#5220=CARTESIAN_POINT('',(-0.000449534817469119,-0.00753574014533576,0.00575228051383895));
#5221=CARTESIAN_POINT('',(-0.000421817441026184,-0.00707140963870511,0.00619177119335279));
#5222=CARTESIAN_POINT('',(-0.00040352394891002,-0.00676481891104314,0.0064819423063926));
#5223=CARTESIAN_POINT('',(-0.00039464916472276,-0.00661607971052616,0.00662271545952694));
#5224=CARTESIAN_POINT('',(-0.000493284948408588,-0.0105216541664726,0.00331563774150705));
#5225=CARTESIAN_POINT('',(-0.000486546233503508,-0.0103781212013988,0.00344618748423992));
#5226=CARTESIAN_POINT('',(-0.000472259795374898,-0.0100737741664736,0.00372299934095857));
#5227=CARTESIAN_POINT('',(-0.000450486839408519,-0.00960844856333524,0.00414605726068882));
#5228=CARTESIAN_POINT('',(-0.000427834125833071,-0.00912606484109927,0.00458481831733513));
#5229=CARTESIAN_POINT('',(-0.000405229885681932,-0.00864349776946006,0.00502361208083592));
#5230=CARTESIAN_POINT('',(-0.000382569901433412,-0.00816134489208803,0.00546219832804085));
#5231=CARTESIAN_POINT('',(-0.000359953258066606,-0.00767873677902922,0.00590105663146125));
#5232=CARTESIAN_POINT('',(-0.000337754055799933,-0.00720556106527889,0.00633139354168361));
#5233=CARTESIAN_POINT('',(-0.000323108585254253,-0.0068931712713389,0.00661547556934537));
#5234=CARTESIAN_POINT('',(-0.000316003660006626,-0.0067416192767823,0.00675329405728507));
#5235=CARTESIAN_POINT('',(-0.000327583732380448,-0.0107399706994163,0.00355812687597505));
#5236=CARTESIAN_POINT('',(-0.000323113964227072,-0.0105934274821037,0.00368537366539242));
#5237=CARTESIAN_POINT('',(-0.000313636526476729,-0.0102827064737358,0.00395517969574964));
#5238=CARTESIAN_POINT('',(-0.000299153734640908,-0.00980790586493249,0.00436745829101313));
#5239=CARTESIAN_POINT('',(-0.000284130776810947,-0.00931538375090612,0.00479512584148079));
#5240=CARTESIAN_POINT('',(-0.000269110132006406,-0.00882294593666884,0.00522271926827526));
#5241=CARTESIAN_POINT('',(-0.000254086201957806,-0.00833037904173477,0.00565042736105104));
#5242=CARTESIAN_POINT('',(-0.00023906535381967,-0.00783795799165591,0.00607800516570073));
#5243=CARTESIAN_POINT('',(-0.000224328937856468,-0.00735470968703967,0.00649762559266368));
#5244=CARTESIAN_POINT('',(-0.000214603201080879,-0.0070358659962351,0.00677448388159147));
#5245=CARTESIAN_POINT('',(-0.000209884925462468,-0.00688118563623961,0.00690879584341519));
#5246=CARTESIAN_POINT('',(0.,0.,0.00584803390593274));
#5247=CARTESIAN_POINT('',(0.,0.,0.002));
#5248=CARTESIAN_POINT('',(-0.0036276131911072,-0.00836069987184089,0.00200279509074903));
#5249=CARTESIAN_POINT('',(-0.00463163115279138,-0.00784891592196461,0.00200301617344234));
#5250=CARTESIAN_POINT('',(-0.0029869504837445,-0.00688422342107573,0.00392438009641047));
#5251=CARTESIAN_POINT('',(-0.00234516797371889,-0.00540502689250471,0.00584967957822384));
#5252=CARTESIAN_POINT('',(0.,0.,0.00584803390593274));
#5253=CARTESIAN_POINT('',(-0.00299432341054118,-0.0050742722793164,0.00584968450963297));
#5254=CARTESIAN_POINT('',(-0.00463164589010015,-0.00784890867627825,0.00200301722003452));
#5255=CARTESIAN_POINT('',(0.,0.,0.00193670395716381));
#5256=CARTESIAN_POINT('',(-0.00362648823223398,-0.00835822995308951,0.0020060332015583));
#5257=CARTESIAN_POINT('',(-0.00374600868875737,-0.00863365932039791,0.00229899864202098));
#5258=CARTESIAN_POINT('',(-0.00198004375893689,-0.00889848342039426,0.002));
#5259=CARTESIAN_POINT('',(-0.00254488275582348,-0.0087727984156859,0.002));
#5260=CARTESIAN_POINT('',(-0.0030977064150954,-0.00859317375880563,0.002));
#5261=CARTESIAN_POINT('',(-0.00362854552875637,-0.00836284866633843,0.002));
#5262=CARTESIAN_POINT('',(-0.00204417846594374,-0.00918662046803914,0.00229899899817791));
#5263=CARTESIAN_POINT('',(-0.00204415062694783,-0.00918662666286628,0.00229899899824227));
#5264=CARTESIAN_POINT('',(-0.00300087653674142,-0.0102935732522035,0.00357799385117149));
#5265=CARTESIAN_POINT('',(-0.00279574773435518,-0.0101382332021323,0.0033764578529231));
#5266=CARTESIAN_POINT('',(-0.0024127047352521,-0.00980359611310853,0.00296493589200744));
#5267=CARTESIAN_POINT('',(-0.00211921035622126,-0.00941014771545386,0.00252780246888964));
#5268=CARTESIAN_POINT('',(-0.00204415328142386,-0.00918662536494005,0.00229899832459511));
#5269=CARTESIAN_POINT('',(-0.00300087721814322,-0.0102935755895336,0.00357799622678003));
#5270=CARTESIAN_POINT('',(-0.00300080869472919,-0.0102933387814711,0.0035777556827259));
#5271=CARTESIAN_POINT('',(-0.00321018397495924,-0.0102325322060213,0.00357797341427742));
#5272=CARTESIAN_POINT('',(-0.00341741900183569,-0.0101651441110257,0.00357792386145269));
#5273=CARTESIAN_POINT('',(-0.00362251298061754,-0.0100911720543013,0.00357760450081334));
#5274=CARTESIAN_POINT('',(-0.00362264972785437,-0.0100915495066461,0.00357799622678003));
#5275=CARTESIAN_POINT('',(-0.0037460110607653,-0.00863365859078133,0.00229899891016727));
#5276=CARTESIAN_POINT('',(-0.0038165588617287,-0.0088582472317431,0.0025274350022649));
#5277=CARTESIAN_POINT('',(-0.00381008171786376,-0.00935050213891443,0.00296575627883384));
#5278=CARTESIAN_POINT('',(-0.00369727107296333,-0.00984540153483334,0.00337654066046555));
#5279=CARTESIAN_POINT('',(-0.00362265071047749,-0.0100915450287915,0.00357799243837139));
#5280=CARTESIAN_POINT('',(0.,0.,0.00580711639365242));
#5281=CARTESIAN_POINT('',(-0.00242159137881783,-0.00558120080141149,0.00604132020851931));
#5282=CARTESIAN_POINT('',(-0.00251288923729247,-0.00587173830828697,0.00633684824942208));
#5283=CARTESIAN_POINT('',(-0.00243834895840594,-0.0062053119526228,0.00660758550399951));
#5284=CARTESIAN_POINT('',(-0.00234184969942999,-0.00652364526625792,0.00686812176216144));
#5285=CARTESIAN_POINT('',(-0.002421591878271,-0.00558120058460344,0.00604132020842667));
#5286=CARTESIAN_POINT('',(-0.00234184910970419,-0.00652364815031305,0.0068681242163913));
#5287=CARTESIAN_POINT('',(-0.00194010451711508,-0.00665488829890101,0.00686877889194113));
#5288=CARTESIAN_POINT('',(-0.00207516799203717,-0.00661466053885245,0.00686798020414155));
#5289=CARTESIAN_POINT('',(-0.00220908474751132,-0.00657091920691278,0.00686776743920724));
#5290=CARTESIAN_POINT('',(-0.00234185441112366,-0.0065236631675086,0.00686813975559412));
#5291=CARTESIAN_POINT('',(-0.00193990943099877,-0.00665424630151509,0.0068681242163913));
#5292=CARTESIAN_POINT('',(-0.00193990842589821,-0.00665424285385073,0.00686812071226371));
#5293=CARTESIAN_POINT('',(-0.00167478196993731,-0.00645346561196224,0.00660763583669863));
#5294=CARTESIAN_POINT('',(-0.00141823076237514,-0.00622701998644752,0.00633648431106661));
#5295=CARTESIAN_POINT('',(-0.00132143839822173,-0.00593866210777182,0.00604132019881119));
#5296=CARTESIAN_POINT('',(-0.00132143923294466,-0.00593866173212781,0.00604132001793274));
#5297=CARTESIAN_POINT('',(-0.00132143987556104,-0.00593866199679198,0.00604131961011679));
#5298=CARTESIAN_POINT('',(-0.001307381938778,-0.00587548754955768,0.00597816888443923));
#5299=CARTESIAN_POINT('',(-0.0012933244717454,-0.00581231259013498,0.00591501856657165));
#5300=CARTESIAN_POINT('',(-0.00127926653496235,-0.0057491381429006,0.00585186784089418));
#5301=CARTESIAN_POINT('',(-0.00234587701477093,-0.00540666762784182,0.00584803390593274));
#5302=CARTESIAN_POINT('',(-0.0020045860951909,-0.00555415593213892,0.00584803390593274));
#5303=CARTESIAN_POINT('',(-0.00164275980000059,-0.00567175208478007,0.00584803390593274));
#5304=CARTESIAN_POINT('',(-0.0012801323944612,-0.00575299292605064,0.00584803390593274));
#5305=CARTESIAN_POINT('',(-0.00234430185666074,-0.00540308146846443,0.00585186190130036));
#5306=CARTESIAN_POINT('',(-0.0023700624578469,-0.00546245569571441,0.00591501467032428));
#5307=CARTESIAN_POINT('',(-0.00239582305903305,-0.00552182992296437,0.00597816743934832));
#5308=CARTESIAN_POINT('',(-0.00242158366021915,-0.00558120415021422,0.00604132020837238));
#5309=CARTESIAN_POINT('',(-0.00303575399501689,-0.00699672529448783,0.0040480224199151));
#5310=CARTESIAN_POINT('',(-0.00309095596262629,-0.00712391959789604,0.0041499428962571));
#5311=CARTESIAN_POINT('',(-0.00165626444202813,-0.00744335158047137,0.00404669388945717));
#5312=CARTESIAN_POINT('',(-0.00168670177643716,-0.0075802021058095,0.00414992920057475));
#5313=CARTESIAN_POINT('',(-0.00300728282164564,-0.0103155474925025,0.00355812808354474));
#5314=CARTESIAN_POINT('',(-0.00296625201014964,-0.0101748036953722,0.00368536713406001));
#5315=CARTESIAN_POINT('',(-0.00287925264196359,-0.00987637864193308,0.00395515748453597));
#5316=CARTESIAN_POINT('',(-0.00274629832266075,-0.00942031850470611,0.0043674569507877));
#5317=CARTESIAN_POINT('',(-0.00260839923825074,-0.00894729560436056,0.00479509112771454));
#5318=CARTESIAN_POINT('',(-0.00247048080589326,-0.00847421219493529,0.00522278278564103));
#5319=CARTESIAN_POINT('',(-0.0023325859545287,-0.00800120264581577,0.00565040489460085));
#5320=CARTESIAN_POINT('',(-0.00219467829275259,-0.0075281529381116,0.00607806429313137));
#5321=CARTESIAN_POINT('',(-0.00205938778889664,-0.00706408748924078,0.00649760530219737));
#5322=CARTESIAN_POINT('',(-0.00197009759772594,-0.00675780364199672,0.00677449999279248));
#5323=CARTESIAN_POINT('',(-0.00192677541813088,-0.00660919951377797,0.00690884492211732));
#5324=CARTESIAN_POINT('',(-0.00289408092378929,-0.0102370161143504,0.00343591796673797));
#5325=CARTESIAN_POINT('',(-0.00285459274581544,-0.0100973445046871,0.0035648192196999));
#5326=CARTESIAN_POINT('',(-0.00277086479351748,-0.00980119150642737,0.0038381372607641));
#5327=CARTESIAN_POINT('',(-0.00264292515189363,-0.00934856285488644,0.00425592596342808));
#5328=CARTESIAN_POINT('',(-0.00251023708043664,-0.00887915595228544,0.00468918450510033));
#5329=CARTESIAN_POINT('',(-0.00237750908098691,-0.00840967084646347,0.00512248334660755));
#5330=CARTESIAN_POINT('',(-0.00224485116364526,-0.00794034622268563,0.00555567697154162));
#5331=CARTESIAN_POINT('',(-0.00211211273547739,-0.0074708355234689,0.00598899183959547));
#5332=CARTESIAN_POINT('',(-0.0019819782855366,-0.00701043553288713,0.00641395777752994));
#5333=CARTESIAN_POINT('',(-0.00189604271701676,-0.00670646505399885,0.00669449616665421));
#5334=CARTESIAN_POINT('',(-0.0018543474926819,-0.00655898190267606,0.00683060981780093));
#5335=CARTESIAN_POINT('',(-0.00280017949026208,-0.0101661524621922,0.00333180171402541));
#5336=CARTESIAN_POINT('',(-0.0027619703599298,-0.0100274371441583,0.00346213426986397));
#5337=CARTESIAN_POINT('',(-0.00268095407919608,-0.0097333125922289,0.00373848539260672));
#5338=CARTESIAN_POINT('',(-0.00255714799111524,-0.0092838074141261,0.00416085589020909));
#5339=CARTESIAN_POINT('',(-0.0024287400716238,-0.00881758386284755,0.0045989383488999));
#5340=CARTESIAN_POINT('',(-0.00230032502382069,-0.00835138125628378,0.00503697174962048));
#5341=CARTESIAN_POINT('',(-0.00217192359320963,-0.00788517657462241,0.00547503937122977));
#5342=CARTESIAN_POINT('',(-0.00204349237061227,-0.00741893551303253,0.00591309661992498));
#5343=CARTESIAN_POINT('',(-0.00191759450217382,-0.00696176565204617,0.00634270593418054));
#5344=CARTESIAN_POINT('',(-0.00183443950663684,-0.00665988672916361,0.00662633704999367));
#5345=CARTESIAN_POINT('',(-0.00179409316185522,-0.00651341782189243,0.00676395162412121));
#5346=CARTESIAN_POINT('',(-0.00261660405713042,-0.0100109130430965,0.00311792060795744));
#5347=CARTESIAN_POINT('',(-0.00258090142031007,-0.00987431297487938,0.00325118248881889));
#5348=CARTESIAN_POINT('',(-0.00250519919277582,-0.00958467389165524,0.00353374252703421));
#5349=CARTESIAN_POINT('',(-0.00238949691912547,-0.0091420360239467,0.00396553353068814));
#5350=CARTESIAN_POINT('',(-0.00226947270513416,-0.00868286900651354,0.00441344694760009));
#5351=CARTESIAN_POINT('',(-0.00214949294175429,-0.00822382793223602,0.0048612625139844));
#5352=CARTESIAN_POINT('',(-0.00202945745494937,-0.00776461784689914,0.00530922288959747));
#5353=CARTESIAN_POINT('',(-0.00190946371189363,-0.00730553149979916,0.00575707894276256));
#5354=CARTESIAN_POINT('',(-0.00179180390510955,-0.00685535237595468,0.00619625158751782));
#5355=CARTESIAN_POINT('',(-0.00171410578195747,-0.00655808145936607,0.00648625363584137));
#5356=CARTESIAN_POINT('',(-0.00167640729354714,-0.00641384820485701,0.00662696008727846));
#5357=CARTESIAN_POINT('',(-0.00252325712028098,-0.00992288015409255,0.00300405008342864));
#5358=CARTESIAN_POINT('',(-0.00248882821713825,-0.00978748358986855,0.00313886093626255));
#5359=CARTESIAN_POINT('',(-0.00241582702800508,-0.00950039653044982,0.00342470560472341));
#5360=CARTESIAN_POINT('',(-0.00230426119779182,-0.00906166425195879,0.00386152468093972));
#5361=CARTESIAN_POINT('',(-0.00218853404606763,-0.00860656328380617,0.00431464758098127));
#5362=CARTESIAN_POINT('',(-0.00207283019607193,-0.00815155183943129,0.00476767954406139));
#5363=CARTESIAN_POINT('',(-0.00195709911193649,-0.00769643133480741,0.00522082700758023));
#5364=CARTESIAN_POINT('',(-0.0018413789780006,-0.00724136767205125,0.00567390623338786));
#5365=CARTESIAN_POINT('',(-0.00172792289098461,-0.00679513416440835,0.00611823599197009));
#5366=CARTESIAN_POINT('',(-0.00165299399731776,-0.0065004715579097,0.0064116204205624));
#5367=CARTESIAN_POINT('',(-0.00161663902486353,-0.00635750387147184,0.00655396766122709));
#5368=CARTESIAN_POINT('',(-0.00237399957428881,-0.00976084671902656,0.00280819243829584));
#5369=CARTESIAN_POINT('',(-0.00234160650413946,-0.00962766273438031,0.00294567119834785));
#5370=CARTESIAN_POINT('',(-0.00227292234816791,-0.0093452676062857,0.00323717306284499));
#5371=CARTESIAN_POINT('',(-0.00216796507297466,-0.00891372088082976,0.00368264722444762));
#5372=CARTESIAN_POINT('',(-0.00205909766007614,-0.00846609988662651,0.0041447101794328));
#5373=CARTESIAN_POINT('',(-0.00195023688385313,-0.00801851358469866,0.00460673504061113));
#5374=CARTESIAN_POINT('',(-0.0018413784928845,-0.007570917830655,0.00506877913154592));
#5375=CARTESIAN_POINT('',(-0.00173248927194189,-0.00712325620996472,0.00553085041084834));
#5376=CARTESIAN_POINT('',(-0.00162576400540822,-0.00668432173438235,0.00598405404435135));
#5377=CARTESIAN_POINT('',(-0.00155525748498508,-0.00639445590656987,0.00628325104742266));
#5378=CARTESIAN_POINT('',(-0.001521047908275,-0.00625381526320808,0.00642841785976622));
#5379=CARTESIAN_POINT('',(-0.00231140396709469,-0.00968502072195703,0.00272087726720114));
#5380=CARTESIAN_POINT('',(-0.00227986668731188,-0.0095528751713528,0.002859543628038));
#5381=CARTESIAN_POINT('',(-0.0022129967844145,-0.00927268125317655,0.00315356369734923));
#5382=CARTESIAN_POINT('',(-0.00211080256934182,-0.00884447958051725,0.00360288878548258));
#5383=CARTESIAN_POINT('',(-0.00200481720998006,-0.00840035682767959,0.00406895477416592));
#5384=CARTESIAN_POINT('',(-0.00189878859000776,-0.00795619025748968,0.00453492867964297));
#5385=CARTESIAN_POINT('',(-0.00179294014569541,-0.00751227229371756,0.00500116594621433));
#5386=CARTESIAN_POINT('',(-0.00168641605252712,-0.00706738296672618,0.00546647122943406));
#5387=CARTESIAN_POINT('',(-0.00158435484745382,-0.00663441903993053,0.00592642684826719));
#5388=CARTESIAN_POINT('',(-0.00151545197903721,-0.00634644888381208,0.00622782584501009));
#5389=CARTESIAN_POINT('',(-0.00148200050047215,-0.00620670029977495,0.00637403050335717));
#5390=CARTESIAN_POINT('',(-0.00221271033141933,-0.00954821739073859,0.00257076964232204));
#5391=CARTESIAN_POINT('',(-0.00218251919534029,-0.00941793733571958,0.00271148706165868));
#5392=CARTESIAN_POINT('',(-0.00211850362920481,-0.00914169880018218,0.00300985657662019));
#5393=CARTESIAN_POINT('',(-0.00202067301927735,-0.00871953860926048,0.00346584365211275));
#5394=CARTESIAN_POINT('',(-0.00191919078418243,-0.00828164466611512,0.00393879936124513));
#5395=CARTESIAN_POINT('',(-0.00181775103139943,-0.00784383886309377,0.00441175977779202));
#5396=CARTESIAN_POINT('',(-0.00171617280577486,-0.00740580032475309,0.0048845972955845));
#5397=CARTESIAN_POINT('',(-0.00161506883614301,-0.00696844840253225,0.00535808719851643));
#5398=CARTESIAN_POINT('',(-0.00151420376978074,-0.00653712915317455,0.0058199298482121));
#5399=CARTESIAN_POINT('',(-0.00144868616786375,-0.00625386489646337,0.0061264468291751));
#5400=CARTESIAN_POINT('',(-0.00141691231870227,-0.00611644856677467,0.00627518709319472));
#5401=CARTESIAN_POINT('',(-0.00217572603454561,-0.00949113879267101,0.0025102333211205));
#5402=CARTESIAN_POINT('',(-0.00214603826355606,-0.00936163328040074,0.00265177854303173));
#5403=CARTESIAN_POINT('',(-0.00208309005273553,-0.00908703704848535,0.00295190340619098));
#5404=CARTESIAN_POINT('',(-0.00198689207657842,-0.00866738689729708,0.00341057676427966));
#5405=CARTESIAN_POINT('',(-0.00188708236414522,-0.00823205920474651,0.00388629651292198));
#5406=CARTESIAN_POINT('',(-0.00178739827419785,-0.00779696435753244,0.00436213078589741));
#5407=CARTESIAN_POINT('',(-0.00168726993443389,-0.00736111325559914,0.00483740757904305));
#5408=CARTESIAN_POINT('',(-0.00158873130118256,-0.00692780436021907,0.00531506550463439));
#5409=CARTESIAN_POINT('',(-0.00148635596896891,-0.00649387320377007,0.00577443062743413));
#5410=CARTESIAN_POINT('',(-0.00142238476700969,-0.00621303882916785,0.0060834628951162));
#5411=CARTESIAN_POINT('',(-0.00139139564522622,-0.00607685768798731,0.00623347974011982));
#5412=CARTESIAN_POINT('',(-0.00211986485115898,-0.00939066953750209,0.00240817886861874));
#5413=CARTESIAN_POINT('',(-0.00209093898106732,-0.00926253285426621,0.00255112232464824));
#5414=CARTESIAN_POINT('',(-0.00202960605578105,-0.00899083870588456,0.00285421183960993));
#5415=CARTESIAN_POINT('',(-0.00193587040106413,-0.00857561444816292,0.00331741333077242));
#5416=CARTESIAN_POINT('',(-0.001838658069089,-0.00814494070534273,0.00379789379709357));
#5417=CARTESIAN_POINT('',(-0.00174139847971187,-0.00771424653130379,0.00427820926275522));
#5418=CARTESIAN_POINT('',(-0.00164434291448792,-0.00728375188013286,0.00475900914024981));
#5419=CARTESIAN_POINT('',(-0.00154645459518896,-0.00685220561294362,0.00523835033221364));
#5420=CARTESIAN_POINT('',(-0.00145361713768301,-0.00643329871376222,0.00571324714160162));
#5421=CARTESIAN_POINT('',(-0.00139032335018938,-0.00615398559822963,0.00602377139417902));
#5422=CARTESIAN_POINT('',(-0.00135958682887165,-0.00601842887070805,0.00617439351796711));
#5423=CARTESIAN_POINT('',(-0.00210122806935816,-0.00935360887106538,0.0023714653188556));
#5424=CARTESIAN_POINT('',(-0.00207255595945405,-0.00922597529931091,0.00251490902604694));
#5425=CARTESIAN_POINT('',(-0.00201176109559416,-0.00895534803114458,0.00281905946834711));
#5426=CARTESIAN_POINT('',(-0.00191884780697573,-0.00854175757127865,0.0032838890392108));
#5427=CARTESIAN_POINT('',(-0.00182250724884029,-0.00811280999900279,0.00376608203830865));
#5428=CARTESIAN_POINT('',(-0.00172603911540786,-0.00768370102149719,0.00424797661162275));
#5429=CARTESIAN_POINT('',(-0.00163007283836067,-0.00725531376882521,0.00473086095754959));
#5430=CARTESIAN_POINT('',(-0.00153216824559108,-0.00682394608061305,0.00521038160369779));
#5431=CARTESIAN_POINT('',(-0.00144336037606864,-0.00641227351536274,0.00569242501576709));
#5432=CARTESIAN_POINT('',(-0.0013801760248231,-0.00613328754930238,0.00600327398616217));
#5433=CARTESIAN_POINT('',(-0.00134945806822854,-0.00599782932367522,0.00615399418320329));
#5434=CARTESIAN_POINT('',(-0.00207904869790618,-0.00930241565473672,0.00232196734432528));
#5435=CARTESIAN_POINT('',(-0.00205068001981645,-0.00917548361989793,0.00246608799735318));
#5436=CARTESIAN_POINT('',(-0.00199052837664179,-0.00890634341601855,0.0027716737810939));
#5437=CARTESIAN_POINT('',(-0.00189859328437505,-0.00849501241856113,0.00323869640409317));
#5438=CARTESIAN_POINT('',(-0.00180323002536376,-0.0080683278848819,0.0037230609642446));
#5439=CARTESIAN_POINT('',(-0.00170792414277827,-0.00764189754133964,0.00420755981053369));
#5440=CARTESIAN_POINT('',(-0.00161241820515894,-0.00721460281723006,0.00469145700568596));
#5441=CARTESIAN_POINT('',(-0.0015176092605573,-0.0067903110370596,0.00517784262791474));
#5442=CARTESIAN_POINT('',(-0.00142217378265393,-0.00636360671035599,0.00564529453639907));
#5443=CARTESIAN_POINT('',(-0.00136071072161286,-0.00608855340879859,0.00595996105208659));
#5444=CARTESIAN_POINT('',(-0.0013309104503075,-0.00595519084898681,0.00611271556727084));
#5445=CARTESIAN_POINT('',(-0.00206740872598261,-0.00927030681624927,0.00229161141175204));
#5446=CARTESIAN_POINT('',(-0.00203919975018983,-0.00914381592491772,0.00243614562917525));
#5447=CARTESIAN_POINT('',(-0.00197938681187479,-0.00887561098546765,0.00274260868551084));
#5448=CARTESIAN_POINT('',(-0.00188797178943524,-0.00846570593457192,0.00321098327609674));
#5449=CARTESIAN_POINT('',(-0.00179313933261375,-0.00804049764359457,0.00369672108421214));
#5450=CARTESIAN_POINT('',(-0.00169839925653766,-0.00761558369207287,0.00418266467996233));
#5451=CARTESIAN_POINT('',(-0.00160332180673594,-0.00718962598003838,0.00466777912841314));
#5452=CARTESIAN_POINT('',(-0.00150947205402808,-0.00676741344295476,0.00515614415942394));
#5453=CARTESIAN_POINT('',(-0.00141300928495558,-0.00633993414246328,0.00562285902164744));
#5454=CARTESIAN_POINT('',(-0.00135210651459215,-0.00606613827116818,0.00593872370927286));
#5455=CARTESIAN_POINT('',(-0.00132259485599536,-0.00593340975050706,0.00609208237097971));
#5456=CARTESIAN_POINT('',(-0.00205324019081399,-0.00922746305124248,0.00225194549380934));
#5457=CARTESIAN_POINT('',(-0.00202522448888288,-0.00910155662991053,0.00239701548811163));
#5458=CARTESIAN_POINT('',(-0.0019658212776269,-0.00883459071588422,0.00270461495724671));
#5459=CARTESIAN_POINT('',(-0.0018750300039111,-0.00842657159372202,0.00317473777739458));
#5460=CARTESIAN_POINT('',(-0.00178086860080634,-0.00800339336694313,0.00366232527683818));
#5461=CARTESIAN_POINT('',(-0.0016867075950757,-0.00758022971146399,0.00414989769186392));
#5462=CARTESIAN_POINT('',(-0.00159254178870196,-0.00715703574439986,0.00463750323998997));
#5463=CARTESIAN_POINT('',(-0.00149838959468855,-0.00673390726450607,0.00512503461130941));
#5464=CARTESIAN_POINT('',(-0.00140603476284192,-0.00631884625294064,0.0056032696800419));
#5465=CARTESIAN_POINT('',(-0.00134506818835929,-0.0060448565776923,0.00591896233348655));
#5466=CARTESIAN_POINT('',(-0.00131548799480767,-0.00591192041503724,0.00607213223685016));
#5467=CARTESIAN_POINT('',(-0.00205207052425603,-0.00922392613521348,0.00224867092116255));
#5468=CARTESIAN_POINT('',(-0.00202407077781855,-0.00909806796410673,0.00239378514588743));
#5469=CARTESIAN_POINT('',(-0.00196470139109228,-0.00883120433634964,0.00270147843022866));
#5470=CARTESIAN_POINT('',(-0.00187396161021002,-0.00842334090478946,0.00317174557338734));
#5471=CARTESIAN_POINT('',(-0.00177985560514618,-0.00800033026754437,0.0036594857718971));
#5472=CARTESIAN_POINT('',(-0.00168574240387871,-0.00757731110567188,0.00414719265215956));
#5473=CARTESIAN_POINT('',(-0.00159165185714316,-0.00715434529628447,0.00463500385005449));
#5474=CARTESIAN_POINT('',(-0.00149747469544773,-0.00673114120182211,0.0051224663995903));
#5475=CARTESIAN_POINT('',(-0.00140545898946965,-0.00631710536731916,0.00560165250526019));
#5476=CARTESIAN_POINT('',(-0.0013444871477139,-0.00604309969281612,0.00591733095662781));
#5477=CARTESIAN_POINT('',(-0.00131490129634066,-0.00591014638852338,0.00607048527727103));
#5478=CARTESIAN_POINT('',(-0.00205090085769807,-0.00922038921918448,0.00224539634851576));
#5479=CARTESIAN_POINT('',(-0.00202291706675421,-0.00909457929830293,0.00239055480366323));
#5480=CARTESIAN_POINT('',(-0.00196358150455766,-0.00882781795681505,0.00269834190321061));
#5481=CARTESIAN_POINT('',(-0.00187289321650893,-0.00842011021585691,0.00316875336938009));
#5482=CARTESIAN_POINT('',(-0.00177884260948601,-0.0079972671681456,0.00365664626695601));
#5483=CARTESIAN_POINT('',(-0.00168477721268172,-0.00757439249987977,0.00414448761245521));
#5484=CARTESIAN_POINT('',(-0.00159076192558436,-0.00715165484816907,0.004632504460119));
#5485=CARTESIAN_POINT('',(-0.00149655979620691,-0.00672837513913814,0.00511989818787119));
#5486=CARTESIAN_POINT('',(-0.00140488321609739,-0.00631536448169768,0.00560003533047849));
#5487=CARTESIAN_POINT('',(-0.00134390610706851,-0.00604134280793994,0.00591569957976906));
#5488=CARTESIAN_POINT('',(-0.00131431459787364,-0.00590837236200951,0.00606883831769191));
#5489=CARTESIAN_POINT('',(-0.00204973119114012,-0.00921685230315547,0.00224212177586897));
#5490=CARTESIAN_POINT('',(-0.00202176335568988,-0.00909109063249913,0.00238732446143903));
#5491=CARTESIAN_POINT('',(-0.00196246161802305,-0.00882443157728047,0.00269520537619255));
#5492=CARTESIAN_POINT('',(-0.00187182482280784,-0.00841687952692435,0.00316576116537285));
#5493=CARTESIAN_POINT('',(-0.00177782961382584,-0.00799420406874684,0.00365380676201493));
#5494=CARTESIAN_POINT('',(-0.00168381202148473,-0.00757147389408766,0.00414178257275085));
#5495=CARTESIAN_POINT('',(-0.00158987199402556,-0.00714896440005368,0.00463000507018352));
#5496=CARTESIAN_POINT('',(-0.00149564489696608,-0.00672560907645418,0.00511732997615208));
#5497=CARTESIAN_POINT('',(-0.00140430744272513,-0.0063136235960762,0.00559841815569678));
#5498=CARTESIAN_POINT('',(-0.00134332506642313,-0.00603958592306376,0.00591406820291031));
#5499=CARTESIAN_POINT('',(-0.00131372789940663,-0.00590659833549565,0.00606719135811279));
#5500=CARTESIAN_POINT('',(-0.00247047762347303,-0.00847419931435429,0.00522279408713123));
#5501=CARTESIAN_POINT('',(-3.87834236957978E-5,-0.000152079353448105,-0.00715454934157289));
#5502=CARTESIAN_POINT('',(-0.00298236313815039,-0.00830791561431437,0.00522276117126156));
#5503=CARTESIAN_POINT('',(-0.00376265342518463,-0.00867202129860511,0.00225196675605711));
#5504=CARTESIAN_POINT('',(-0.00371131202381898,-0.00855369214071078,0.0023970386149726));
#5505=CARTESIAN_POINT('',(-0.00360245069101366,-0.00830279378164215,0.00270464065155936));
#5506=CARTESIAN_POINT('',(-0.00343609613623161,-0.00791938574542012,0.00317469953952512));
#5507=CARTESIAN_POINT('',(-0.00326351397269917,-0.00752162575740551,0.00366235437718064));
#5508=CARTESIAN_POINT('',(-0.00309096843745893,-0.00712394781879075,0.00414990839757574));
#5509=CARTESIAN_POINT('',(-0.00291840323221698,-0.00672622772925793,0.00463751349399863));
#5510=CARTESIAN_POINT('',(-0.00274587610691742,-0.00632859536653691,0.00512501191571206));
#5511=CARTESIAN_POINT('',(-0.00257663133858379,-0.00593852954450803,0.00560323413637834));
#5512=CARTESIAN_POINT('',(-0.00246491873626288,-0.00568105866904896,0.00591889402047867));
#5513=CARTESIAN_POINT('',(-0.00241072307249585,-0.00555615057747883,0.00607203162172664));
#5514=CARTESIAN_POINT('',(-0.0037845323298703,-0.00874057426825705,0.00231522913218365));
#5515=CARTESIAN_POINT('',(-0.00373289070038094,-0.00862130417708233,0.00245943989291729));
#5516=CARTESIAN_POINT('',(-0.00362339288681843,-0.0083684111571847,0.00276521602982483));
#5517=CARTESIAN_POINT('',(-0.00345606889037646,-0.00798196827920429,0.00323248237785693));
#5518=CARTESIAN_POINT('',(-0.00328247693726195,-0.0075810424616062,0.00371724592587171));
#5519=CARTESIAN_POINT('',(-0.00310893008981865,-0.00718022549590423,0.00420188698752769));
#5520=CARTESIAN_POINT('',(-0.00293533943209005,-0.00677930503861093,0.0046866531294664));
#5521=CARTESIAN_POINT('',(-0.00276181387364481,-0.00637854110838239,0.00517122580953761));
#5522=CARTESIAN_POINT('',(-0.00259158433785177,-0.0059853844420303,0.00564659420272695));
#5523=CARTESIAN_POINT('',(-0.00247922324580572,-0.00572588085407262,0.00596036801344963));
#5524=CARTESIAN_POINT('',(-0.00242471299780807,-0.00559998672420609,0.00611259058292278));
#5525=CARTESIAN_POINT('',(-0.00379956997678067,-0.00880645468857221,0.00237522145713892));
#5526=CARTESIAN_POINT('',(-0.00374772317503083,-0.00868628614440459,0.00251861623209457));
#5527=CARTESIAN_POINT('',(-0.00363779033355398,-0.00843148832675788,0.00282266223461084));
#5528=CARTESIAN_POINT('',(-0.00346980178185102,-0.00804214160315361,0.0032872857511458));
#5529=CARTESIAN_POINT('',(-0.00329552042279026,-0.00763819751363839,0.00376930957969373));
#5530=CARTESIAN_POINT('',(-0.00312128910917138,-0.00723437732277962,0.00425119335010216));
#5531=CARTESIAN_POINT('',(-0.00294699564101251,-0.00683040743195875,0.00473325755368358));
#5532=CARTESIAN_POINT('',(-0.00277278299638458,-0.00642663455780717,0.00521508245136461));
#5533=CARTESIAN_POINT('',(-0.00260188177694052,-0.00603053159188708,0.00568775325810007));
#5534=CARTESIAN_POINT('',(-0.00248907431661805,-0.00576907457870426,0.00599974910403408));
#5535=CARTESIAN_POINT('',(-0.00243434747893823,-0.00564223265657956,0.00615110915659529));
#5536=CARTESIAN_POINT('',(-0.00381639661127308,-0.00893612776620742,0.00249129848454871));
#5537=CARTESIAN_POINT('',(-0.00376432353665068,-0.00881419790648257,0.00263310261705108));
#5538=CARTESIAN_POINT('',(-0.00365391046369467,-0.00855566387878633,0.0029337762746505));
#5539=CARTESIAN_POINT('',(-0.0034851743070168,-0.00816055888920765,0.00339325729964724));
#5540=CARTESIAN_POINT('',(-0.00331013688319739,-0.00775070234427325,0.00386991688685346));
#5541=CARTESIAN_POINT('',(-0.00313513751948855,-0.00734093589209054,0.00434646104706497));
#5542=CARTESIAN_POINT('',(-0.00296007689027137,-0.00693101852791785,0.00482318161761719));
#5543=CARTESIAN_POINT('',(-0.00278508148397549,-0.00652126345817602,0.00529971038906805));
#5544=CARTESIAN_POINT('',(-0.00261344013958925,-0.00611936124428887,0.00576711588052978));
#5545=CARTESIAN_POINT('',(-0.00250012870926689,-0.00585403991375114,0.00607567839901555));
#5546=CARTESIAN_POINT('',(-0.00244515716853256,-0.00572532278217419,0.00622537339732822));
#5547=CARTESIAN_POINT('',(-0.00382131404323677,-0.00900871622526461,0.00255602074599871));
#5548=CARTESIAN_POINT('',(-0.00376917551088746,-0.00888580062928811,0.00269693429298356));
#5549=CARTESIAN_POINT('',(-0.00365862345013891,-0.00862517627462036,0.00299572074894329));
#5550=CARTESIAN_POINT('',(-0.00348966901686073,-0.00822687007997977,0.00345235240892972));
#5551=CARTESIAN_POINT('',(-0.00331441590716988,-0.00781371275994256,0.00392600895489662));
#5552=CARTESIAN_POINT('',(-0.00313919080794875,-0.00740062222342801,0.00439958628790858));
#5553=CARTESIAN_POINT('',(-0.00296391652135147,-0.00698741147421706,0.00487330462373963));
#5554=CARTESIAN_POINT('',(-0.00278868392165579,-0.00657430262448716,0.00534689930095426));
#5555=CARTESIAN_POINT('',(-0.00261683035052671,-0.00616915955040478,0.00581136592445496));
#5556=CARTESIAN_POINT('',(-0.00250336813103544,-0.00590167426058153,0.00611801959318062));
#5557=CARTESIAN_POINT('',(-0.00244832329182858,-0.00577190698061814,0.00626678896315873));
#5558=CARTESIAN_POINT('',(-0.00382388691093162,-0.00917912900661635,0.00270778072901749));
#5559=CARTESIAN_POINT('',(-0.00377171545606511,-0.00905389381000419,0.00284661919325368));
#5560=CARTESIAN_POINT('',(-0.003661093376886,-0.00878835035089074,0.00314100622983892));
#5561=CARTESIAN_POINT('',(-0.0034920255661128,-0.00838250424983089,0.00359092905095336));
#5562=CARTESIAN_POINT('',(-0.00331667157189731,-0.00796157581427853,0.00405758102120311));
#5563=CARTESIAN_POINT('',(-0.00314132980606659,-0.00754067272131668,0.00452420266740898));
#5564=CARTESIAN_POINT('',(-0.00296596210031113,-0.00711971020046781,0.00499089587220759));
#5565=CARTESIAN_POINT('',(-0.00279059324280781,-0.00669873774307095,0.0054575924373056));
#5566=CARTESIAN_POINT('',(-0.00261864257911574,-0.0062859780153173,0.00591518967518698));
#5567=CARTESIAN_POINT('',(-0.00250509881410206,-0.00601341590154153,0.00621735432342691));
#5568=CARTESIAN_POINT('',(-0.00245001417720625,-0.00588118500784339,0.00636394652787481));
#5569=CARTESIAN_POINT('',(-0.00381709975219727,-0.00928728422770873,0.00280381689354007));
#5570=CARTESIAN_POINT('',(-0.00376501620806158,-0.0091605556973385,0.00294135437927077));
#5571=CARTESIAN_POINT('',(-0.00365458103987227,-0.00889184801462356,0.00323298181907455));
#5572=CARTESIAN_POINT('',(-0.00348581424841492,-0.0084812315813417,0.0036786551013581));
#5573=CARTESIAN_POINT('',(-0.00331076644795615,-0.008055308232687,0.00414090043753314));
#5574=CARTESIAN_POINT('',(-0.00313573292071811,-0.00762944201273725,0.004603121660772));
#5575=CARTESIAN_POINT('',(-0.00296067907661925,-0.00720350128501042,0.00506538430840165));
#5576=CARTESIAN_POINT('',(-0.00278561759309196,-0.00677755560422739,0.00552768009618421));
#5577=CARTESIAN_POINT('',(-0.00261397380472704,-0.00635992335888632,0.00598093749636296));
#5578=CARTESIAN_POINT('',(-0.00250063201712216,-0.00608415077918557,0.00628024545122941));
#5579=CARTESIAN_POINT('',(-0.00244564535860051,-0.00595036245455997,0.00642545188156377));
#5580=CARTESIAN_POINT('',(-0.00377689409672256,-0.00963045881872492,0.00311111331799177));
#5581=CARTESIAN_POINT('',(-0.00372535199335014,-0.00949904642462797,0.00324448881489936));
#5582=CARTESIAN_POINT('',(-0.00361606566259492,-0.00922040700213342,0.00352728804860057));
#5583=CARTESIAN_POINT('',(-0.00344907852128386,-0.00879460309716798,0.00395936908664467));
#5584=CARTESIAN_POINT('',(-0.00327583992333658,-0.00835292644824065,0.00440766222415706));
#5585=CARTESIAN_POINT('',(-0.00310264647781044,-0.00791130285226985,0.00485580583992643));
#5586=CARTESIAN_POINT('',(-0.00292941300743087,-0.00746964884682943,0.00530408941785104));
#5587=CARTESIAN_POINT('',(-0.00275620478755784,-0.00702800087216737,0.00575228051383896));
#5588=CARTESIAN_POINT('',(-0.00258635797852159,-0.00659496145848201,0.00619177119335279));
#5589=CARTESIAN_POINT('',(-0.00247421808847338,-0.00630902934905378,0.0064819423063926));
#5590=CARTESIAN_POINT('',(-0.00241981472645189,-0.00617031242230884,0.00662271545952694));
#5591=CARTESIAN_POINT('',(-0.0037205118109503,-0.00985425432510017,0.00331563774150706));
#5592=CARTESIAN_POINT('',(-0.00366974878676757,-0.00971982874078957,0.00344618748423992));
#5593=CARTESIAN_POINT('',(-0.00356211317071116,-0.00943479226217958,0.00372299934095857));
#5594=CARTESIAN_POINT('',(-0.00339761233977281,-0.00899896952852729,0.00414605726068882));
#5595=CARTESIAN_POINT('',(-0.00322700356093436,-0.00854719541960359,0.00458481831733513));
#5596=CARTESIAN_POINT('',(-0.00305638422498045,-0.00809523195592328,0.00502361208083593));
#5597=CARTESIAN_POINT('',(-0.00288583986630701,-0.00764367964027322,0.00546219832804085));
#5598=CARTESIAN_POINT('',(-0.00271519605169789,-0.00719168097668779,0.00590105663146125));
#5599=CARTESIAN_POINT('',(-0.00254786401885127,-0.0067485240615349,0.00633139354168361));
#5600=CARTESIAN_POINT('',(-0.00243740159345785,-0.0064559494116734,0.00661547556934537));
#5601=CARTESIAN_POINT('',(-0.00238381226615389,-0.0063140104423381,0.00675329405728508));
#5602=CARTESIAN_POINT('',(-0.00363038410852135,-0.0101130901781126,0.00355812687597506));
#5603=CARTESIAN_POINT('',(-0.00358084876183277,-0.00997510053068888,0.00368537366539243));
#5604=CARTESIAN_POINT('',(-0.00347581711080752,-0.00968251598025876,0.00395517969574964));
#5605=CARTESIAN_POINT('',(-0.00331532170019812,-0.00923542919611873,0.00436745829101313));
#5606=CARTESIAN_POINT('',(-0.00314883631492029,-0.00877165517942971,0.00479512584148079));
#5607=CARTESIAN_POINT('',(-0.0029823791795278,-0.00830796062184028,0.00522271926827526));
#5608=CARTESIAN_POINT('',(-0.00281587903155359,-0.00784414431640928,0.00565042736105105));
#5609=CARTESIAN_POINT('',(-0.00264942688318921,-0.00738046576531549,0.00607800516570073));
#5610=CARTESIAN_POINT('',(-0.00248607978013127,-0.00692542311919044,0.00649762559266368));
#5611=CARTESIAN_POINT('',(-0.00237830193578724,-0.00662519016731763,0.00677448388159147));
#5612=CARTESIAN_POINT('',(-0.00232601572908003,-0.00647953843035127,0.0069087958434152));
#5613=CARTESIAN_POINT('',(0.,0.,0.00584803390593274));
#5614=CARTESIAN_POINT('',(0.,0.,0.002));
#5615=CARTESIAN_POINT('',(-0.00603366350926804,-0.00683050396883147,0.00200279509074903));
#5616=CARTESIAN_POINT('',(-0.00683039139624505,-0.00603350989554826,0.00200301617344235));
#5617=CARTESIAN_POINT('',(-0.00496810075160261,-0.00562426708341227,0.00392438009641047));
#5618=CARTESIAN_POINT('',(-0.00390063244804962,-0.00441578928832415,0.00584967957822384));
#5619=CARTESIAN_POINT('',(0.,0.,0.00584803390593274));
#5620=CARTESIAN_POINT('',(-0.00441580715988479,-0.00390062289618775,0.00584968450963297));
#5621=CARTESIAN_POINT('',(-0.00683040317321836,-0.00603349845041217,0.00200301722003453));
#5622=CARTESIAN_POINT('',(0.,0.,0.00193670395716381));
#5623=CARTESIAN_POINT('',(-0.0060318303629322,-0.00682850256791806,0.00200603320155829));
#5624=CARTESIAN_POINT('',(-0.00623061342718757,-0.00705351761023458,0.00229899864202097));
#5625=CARTESIAN_POINT('',(-0.00463291612055202,-0.00785109347099279,0.002));
#5626=CARTESIAN_POINT('',(-0.00513127112680565,-0.00755701507914067,0.002));
#5627=CARTESIAN_POINT('',(-0.00560153059873359,-0.00721534997311981,0.002));
#5628=CARTESIAN_POINT('',(-0.00603521422908186,-0.00683225948566243,0.002));
#5629=CARTESIAN_POINT('',(-0.00478295109600285,-0.00810530937334713,0.00229899899817791));
#5630=CARTESIAN_POINT('',(-0.00478292653385124,-0.00810532386770069,0.00229899899824227));
#5631=CARTESIAN_POINT('',(-0.00603489225263943,-0.00886244806959548,0.00357799385117149));
#5632=CARTESIAN_POINT('',(-0.00579180045307112,-0.00877809918870676,0.0033764578529231));
#5633=CARTESIAN_POINT('',(-0.00532409636529638,-0.0085782072008959,0.00296493589200744));
#5634=CARTESIAN_POINT('',(-0.00492338438233824,-0.00829471028935458,0.00252780246888963));
#5635=CARTESIAN_POINT('',(-0.00478292865732671,-0.00810532181302129,0.0022989983245951));
#5636=CARTESIAN_POINT('',(-0.00603489362296578,-0.00886245008196375,0.00357799622678003));
#5637=CARTESIAN_POINT('',(-0.00603475527561064,-0.00886224603901231,0.00357775568272589));
#5638=CARTESIAN_POINT('',(-0.0062150927350408,-0.00873971502940401,0.00357797341427741));
#5639=CARTESIAN_POINT('',(-0.00639136089118407,-0.0086115859974032,0.00357792386145268));
#5640=CARTESIAN_POINT('',(-0.00656355823352074,-0.0084778568659441,0.00357760450081334));
#5641=CARTESIAN_POINT('',(-0.00656380492706052,-0.00847817358723613,0.00357799622678003));
#5642=CARTESIAN_POINT('',(-0.00623061545763725,-0.00705351618333721,0.00229899891016727));
#5643=CARTESIAN_POINT('',(-0.00636711211025454,-0.00724531220439631,0.0025274350022649));
#5644=CARTESIAN_POINT('',(-0.00651306711225522,-0.00771547598906916,0.00296575627883384));
#5645=CARTESIAN_POINT('',(-0.00655871013716004,-0.00822101369088899,0.00337654066046555));
#5646=CARTESIAN_POINT('',(-0.00656380447785748,-0.0084781690248961,0.00357799243837139));
#5647=CARTESIAN_POINT('',(0.,0.,0.00580711639365242));
#5648=CARTESIAN_POINT('',(-0.00402775615728409,-0.00455972450144756,0.00604132020851931));
#5649=CARTESIAN_POINT('',(-0.00420436660763803,-0.00480782950077094,0.00633684824942207));
#5650=CARTESIAN_POINT('',(-0.0042365545146519,-0.00514811110182222,0.00660758550399951));
#5651=CARTESIAN_POINT('',(-0.00424314866937412,-0.00548068398507689,0.00686812176216144));
#5652=CARTESIAN_POINT('',(-0.00402775656529491,-0.00455972414091133,0.00604132020842667));
#5653=CARTESIAN_POINT('',(-0.0042431489997336,-0.00548068691021162,0.0068681242163913));
#5654=CARTESIAN_POINT('',(-0.00390162262332337,-0.00572964961523403,0.00686877889194116));
#5655=CARTESIAN_POINT('',(-0.00401764455976085,-0.00564965383283363,0.00686798020414157));
#5656=CARTESIAN_POINT('',(-0.00413149014776968,-0.0055666708007879,0.00686776743920724));
#5657=CARTESIAN_POINT('',(-0.00424315868225176,-0.00548069955418458,0.00686813975559412));
#5658=CARTESIAN_POINT('',(-0.00390123869729861,-0.005729099324362,0.0068681242163913));
#5659=CARTESIAN_POINT('',(-0.0039012366760043,-0.0057290963560315,0.00686812071226371));
#5660=CARTESIAN_POINT('',(-0.00358704285259317,-0.00562007443236,0.00660763583669863));
#5661=CARTESIAN_POINT('',(-0.00327307260829191,-0.00548399052769179,0.0063364843110666));
#5662=CARTESIAN_POINT('',(-0.00309191011466345,-0.00523965637360138,0.00604132019881119));
#5663=CARTESIAN_POINT('',(-0.00309191079245175,-0.00523965575839913,0.00604132001793273));
#5664=CARTESIAN_POINT('',(-0.00309191177388626,-0.00523965517924936,0.00604132001792676));
#5665=CARTESIAN_POINT('',(-0.00305901990369747,-0.00518391685091567,0.00597816929224917));
#5666=CARTESIAN_POINT('',(-0.00302612803350863,-0.00512817852258189,0.00591501856657166));
#5667=CARTESIAN_POINT('',(-0.00299323616331977,-0.00507244019424811,0.00585186784089419));
#5668=CARTESIAN_POINT('',(-0.00390181380126492,-0.00441713061462324,0.00584803390593274));
#5669=CARTESIAN_POINT('',(-0.00362280324074532,-0.0046628650216784,0.00584803390593274));
#5670=CARTESIAN_POINT('',(-0.00331502519457688,-0.00488651608316453,0.00584803390593274));
#5671=CARTESIAN_POINT('',(-0.00299525083814136,-0.00507583874558197,0.00584803390593274));
#5672=CARTESIAN_POINT('',(-0.00389920755268789,-0.00441420672500376,0.00585186190130036));
#5673=CARTESIAN_POINT('',(-0.00394205498555779,-0.00446271450717801,0.00591501467032428));
#5674=CARTESIAN_POINT('',(-0.00398490241842767,-0.00451122228935224,0.00597816743934832));
#5675=CARTESIAN_POINT('',(-0.00402774985129748,-0.00455973007152638,0.00604132020837238));
#5676=CARTESIAN_POINT('',(-0.00504928063979966,-0.00571618160884792,0.00404802241991509));
#5677=CARTESIAN_POINT('',(-0.00514108603214772,-0.00582009223382568,0.0041499428962571));
#5678=CARTESIAN_POINT('',(-0.00387532322377208,-0.0065672341639175,0.00404669388945717));
#5679=CARTESIAN_POINT('',(-0.00394655998701907,-0.00668798109420287,0.00414992920057475));
#5680=CARTESIAN_POINT('',(-0.00604777540533371,-0.00888136716311628,0.00355812808354474));
#5681=CARTESIAN_POINT('',(-0.00596526055952542,-0.00876019107577261,0.00368536713406));
#5682=CARTESIAN_POINT('',(-0.00579030083043859,-0.00850325626734302,0.00395515748453597));
#5683=CARTESIAN_POINT('',(-0.00552292342583594,-0.00811060244615097,0.0043674569507877));
#5684=CARTESIAN_POINT('',(-0.00524560148808136,-0.00770334409501195,0.00479509112771454));
#5685=CARTESIAN_POINT('',(-0.00496824245100132,-0.00729603417516293,0.00522278278564103));
#5686=CARTESIAN_POINT('',(-0.00469092866486793,-0.00688878721371143,0.00565040489460085));
#5687=CARTESIAN_POINT('',(-0.00441359028562406,-0.0064815060178112,0.00607806429313137));
#5688=CARTESIAN_POINT('',(-0.00414151726013568,-0.00608196061354421,0.00649760530219737));
#5689=CARTESIAN_POINT('',(-0.00396195032808059,-0.00581825955128953,0.00677449999279247));
#5690=CARTESIAN_POINT('',(-0.00387482728582273,-0.00569031591652696,0.00690884492211732));
#5691=CARTESIAN_POINT('',(-0.00591584647227977,-0.00884166069442423,0.00343591796673797));
#5692=CARTESIAN_POINT('',(-0.00583513008228344,-0.00872102761798326,0.00356481921969989));
#5693=CARTESIAN_POINT('',(-0.00566398375825708,-0.00846524273933234,0.0038381372607641));
#5694=CARTESIAN_POINT('',(-0.00540243598293108,-0.00807430283433845,0.00425592596342808));
#5695=CARTESIAN_POINT('',(-0.00513118741775666,-0.00766887320985689,0.00468918450510033));
#5696=CARTESIAN_POINT('',(-0.00485987671268027,-0.00726338154812075,0.00512248334660754));
#5697=CARTESIAN_POINT('',(-0.00458868225132836,-0.00685802085731601,0.00555567697154162));
#5698=CARTESIAN_POINT('',(-0.0043173537191577,-0.00645250807746614,0.00598899183959547));
#5699=CARTESIAN_POINT('',(-0.00405131708124719,-0.00605485542290646,0.00641395777752993));
#5700=CARTESIAN_POINT('',(-0.0038756554550601,-0.00579231786929231,0.00669449616665421));
#5701=CARTESIAN_POINT('',(-0.00379042614011533,-0.00566493759008677,0.00683060981780093));
#5702=CARTESIAN_POINT('',(-0.00580464282923392,-0.00880328249502679,0.00333180171402541));
#5703=CARTESIAN_POINT('',(-0.00572543839619682,-0.00868316365851364,0.00346213426986397));
#5704=CARTESIAN_POINT('',(-0.00555749784946991,-0.00842846999436654,0.00373848539260672));
#5705=CARTESIAN_POINT('',(-0.0053008465235503,-0.00803922335084752,0.00416085589020909));
#5706=CARTESIAN_POINT('',(-0.00503465233445116,-0.00763549863368898,0.0045989383488999));
#5707=CARTESIAN_POINT('',(-0.00476845783819756,-0.00723179603890734,0.00503697174962047));
#5708=CARTESIAN_POINT('',(-0.00450227565142277,-0.00682808726264686,0.00547503937122977));
#5709=CARTESIAN_POINT('',(-0.00423605388876911,-0.00642435309324838,0.00591309661992498));
#5710=CARTESIAN_POINT('',(-0.00397504464424223,-0.00602846329880662,0.00634270593418054));
#5711=CARTESIAN_POINT('',(-0.00380267382645997,-0.00576705568885509,0.00662633704999367));
#5712=CARTESIAN_POINT('',(-0.00371904079085239,-0.00564022318635863,0.00676395162412121));
#5713=CARTESIAN_POINT('',(-0.00558208059862488,-0.00871236896249738,0.00311792060795744));
#5714=CARTESIAN_POINT('',(-0.00550591363071608,-0.00859348729901456,0.00325118248881889));
#5715=CARTESIAN_POINT('',(-0.00534441313497014,-0.00834141743636062,0.00353374252703421));
#5716=CARTESIAN_POINT('',(-0.00509759111018898,-0.00795619777676319,0.00396553353068814));
#5717=CARTESIAN_POINT('',(-0.00484155088771603,-0.00755659351462539,0.00441344694760009));
#5718=CARTESIAN_POINT('',(-0.00458559185886217,-0.00715709529555209,0.0048612625139844));
#5719=CARTESIAN_POINT('',(-0.00432952760659222,-0.00675745355689479,0.00530922288959747));
#5720=CARTESIAN_POINT('',(-0.004073541292205,-0.0063579166007661,0.00575707894276256));
#5721=CARTESIAN_POINT('',(-0.00382252716647621,-0.00596612969138492,0.00619625158751782));
#5722=CARTESIAN_POINT('',(-0.00365677009498922,-0.00570741828954332,0.00648625363584136));
#5723=CARTESIAN_POINT('',(-0.0035763461751348,-0.00558189378655705,0.00662696008727845));
#5724=CARTESIAN_POINT('',(-0.00546609872729187,-0.00865749049962117,0.00300405008342864));
#5725=CARTESIAN_POINT('',(-0.00539151505528388,-0.00853935983110076,0.00313886093626255));
#5726=CARTESIAN_POINT('',(-0.00523337201843597,-0.00828888242054828,0.00342470560472341));
#5727=CARTESIAN_POINT('',(-0.0049916908785812,-0.00790609896570781,0.00386152468093972));
#5728=CARTESIAN_POINT('',(-0.00474099388350598,-0.00750903388096741,0.00431464758098127));
#5729=CARTESIAN_POINT('',(-0.00449034671406021,-0.00711204673776909,0.00476767954406139));
#5730=CARTESIAN_POINT('',(-0.00423963994193801,-0.0067149642879223,0.00522082700758023));
#5731=CARTESIAN_POINT('',(-0.00398896114917757,-0.00631793251410645,0.00567390623338786));
#5732=CARTESIAN_POINT('',(-0.00374316426098645,-0.00592859908787665,0.00611823599197008));
#5733=CARTESIAN_POINT('',(-0.00358084689539092,-0.00567151259737036,0.00641162042056239));
#5734=CARTESIAN_POINT('',(-0.00350209181718282,-0.00554677655188239,0.00655396766122709));
#5735=CARTESIAN_POINT('',(-0.00527407528047744,-0.00854951066359425,0.00280819243829583));
#5736=CARTESIAN_POINT('',(-0.00520211152539483,-0.00843285517630641,0.00294567119834785));
#5737=CARTESIAN_POINT('',(-0.00504952411758195,-0.00818550602100153,0.00323717306284499));
#5738=CARTESIAN_POINT('',(-0.00481634854504408,-0.00780751427738882,0.00368264722444761));
#5739=CARTESIAN_POINT('',(-0.00457448698834693,-0.00741544329474058,0.0041447101794328));
#5740=CARTESIAN_POINT('',(-0.00433264246400594,-0.00702340325556141,0.00460673504061113));
#5741=CARTESIAN_POINT('',(-0.00409079728731226,-0.00663135348980176,0.00506877913154592));
#5742=CARTESIAN_POINT('',(-0.00384890243565776,-0.00623925060812454,0.00553085041084834));
#5743=CARTESIAN_POINT('',(-0.00361176246309557,-0.00585477903598343,0.00598405404435135));
#5744=CARTESIAN_POINT('',(-0.00345513331052323,-0.00560088796461608,0.00628325104742266));
#5745=CARTESIAN_POINT('',(-0.00337913772077478,-0.00547770210486469,0.00642841785976622));
#5746=CARTESIAN_POINT('',(-0.00519111179865413,-0.00849673896137289,0.00272087726720114));
#5747=CARTESIAN_POINT('',(-0.00512028284234272,-0.00838080662978058,0.002859543628038));
#5748=CARTESIAN_POINT('',(-0.00497010110301118,-0.00813499031448028,0.00315356369734922));
#5749=CARTESIAN_POINT('',(-0.00474058703496712,-0.00775932607259343,0.00360288878548258));
#5750=CARTESIAN_POINT('',(-0.00450254749009882,-0.00736969151166995,0.00406895477416592));
#5751=CARTESIAN_POINT('',(-0.00426445326163847,-0.00698002864623194,0.00453492867964297));
#5752=CARTESIAN_POINT('',(-0.00402660721402158,-0.00659054654220665,0.00500116594621433));
#5753=CARTESIAN_POINT('',(-0.00378781841841509,-0.00620034940384071,0.00546647122943406));
#5754=CARTESIAN_POINT('',(-0.00355695923293802,-0.00582011488677501,0.00592642684826719));
#5755=CARTESIAN_POINT('',(-0.00340244103882558,-0.00556753115060195,0.00622782584501009));
#5756=CARTESIAN_POINT('',(-0.00332744210474927,-0.00544495942447398,0.00637403050335717));
#5757=CARTESIAN_POINT('',(-0.00505497401909461,-0.00839712927242706,0.00257076964232204));
#5758=CARTESIAN_POINT('',(-0.00498600179136331,-0.00828255515128584,0.00271148706165868));
#5759=CARTESIAN_POINT('',(-0.00483975696806353,-0.00803961858985157,0.00300985657662019));
#5760=CARTESIAN_POINT('',(-0.00461625985565551,-0.00766835171039272,0.00346584365211275));
#5761=CARTESIAN_POINT('',(-0.00438442784451451,-0.00728324955758963,0.00393879936124513));
#5762=CARTESIAN_POINT('',(-0.00415266347324931,-0.00689821810326948,0.00441175977779202));
#5763=CARTESIAN_POINT('',(-0.00392069548731693,-0.00651300809496863,0.0048845972955845));
#5764=CARTESIAN_POINT('',(-0.00368939072168646,-0.0061283045442413,0.00535808719851643));
#5765=CARTESIAN_POINT('',(-0.0034601773650035,-0.00574926458118082,0.0058199298482121));
#5766=CARTESIAN_POINT('',(-0.00331033295354558,-0.00550011031642519,0.00612644682917509));
#5767=CARTESIAN_POINT('',(-0.00323765024607434,-0.00537923827999699,0.00627518709319471));
#5768=CARTESIAN_POINT('',(-0.00500216160573429,-0.00835427307605287,0.0025102333211205));
#5769=CARTESIAN_POINT('',(-0.00493390745352365,-0.00824028004047298,0.00265177854303173));
#5770=CARTESIAN_POINT('',(-0.00478918524518047,-0.00799857557166879,0.00295190340619098));
#5771=CARTESIAN_POINT('',(-0.00456801650469266,-0.00762919137027396,0.00341057676427965));
#5772=CARTESIAN_POINT('',(-0.00433856817217336,-0.00724601302889555,0.00388629651292198));
#5773=CARTESIAN_POINT('',(-0.00410931126690384,-0.0068630173171087,0.00436213078589741));
#5774=CARTESIAN_POINT('',(-0.00387939815939108,-0.00647943964508622,0.00483740757904305));
#5775=CARTESIAN_POINT('',(-0.00365178253764431,-0.00609778850884349,0.00531506550463439));
#5776=CARTESIAN_POINT('',(-0.00342032570910311,-0.00571673117233798,0.00577443062743412));
#5777=CARTESIAN_POINT('',(-0.00327270288626782,-0.00546940999892886,0.00608346289511619));
#5778=CARTESIAN_POINT('',(-0.00320114819312322,-0.00534947020248444,0.00623347974011981));
#5779=CARTESIAN_POINT('',(-0.00491798775600707,-0.00827598319122952,0.00240817886861873));
#5780=CARTESIAN_POINT('',(-0.00485088120604417,-0.00816305654909699,0.00255112232464823));
#5781=CARTESIAN_POINT('',(-0.00470859201866506,-0.00792361297506754,0.00285421183960993));
#5782=CARTESIAN_POINT('',(-0.00449113276132463,-0.00755767714932395,0.00331741333077242));
#5783=CARTESIAN_POINT('',(-0.00426559283397293,-0.00717812234246072,0.00379789379709357));
#5784=CARTESIAN_POINT('',(-0.00404000164856731,-0.00679856270769409,0.00427820926275522));
#5785=CARTESIAN_POINT('',(-0.00381466615761903,-0.00641912978352063,0.00475900914024981));
#5786=CARTESIAN_POINT('',(-0.00358821370326003,-0.00603895404824164,0.00523835033221364));
#5787=CARTESIAN_POINT('',(-0.00337047068343475,-0.00566923826413807,0.00571324714160162));
#5788=CARTESIAN_POINT('',(-0.00322396221494655,-0.00542315456149799,0.00602377139417902));
#5789=CARTESIAN_POINT('',(-0.00315284071355306,-0.00530373055989609,0.0061743935179671));
#5790=CARTESIAN_POINT('',(-0.00488881074748084,-0.00824649548521356,0.0023714653188556));
#5791=CARTESIAN_POINT('',(-0.00482210100779569,-0.00813396891432341,0.00251490902604694));
#5792=CARTESIAN_POINT('',(-0.0046806532313598,-0.00789537373355007,0.00281905946834711));
#5793=CARTESIAN_POINT('',(-0.00446448096195891,-0.00753073761680342,0.0032838890392108));
#5794=CARTESIAN_POINT('',(-0.00424030355683157,-0.0071525551027529,0.00376608203830865));
#5795=CARTESIAN_POINT('',(-0.00401595494342775,-0.0067742585061417,0.00424797661162275));
#5796=CARTESIAN_POINT('',(-0.0037923066490482,-0.00639649322848471,0.00473086095754959));
#5797=CARTESIAN_POINT('',(-0.00356589390163765,-0.00601649236068452,0.00521038160369779));
#5798=CARTESIAN_POINT('',(-0.00335421877984978,-0.00565241162583994,0.00569242501576709));
#5799=CARTESIAN_POINT('',(-0.00320791548616505,-0.00540660524317676,0.00600327398616216));
#5800=CARTESIAN_POINT('',(-0.00313684207963186,-0.00528726918562846,0.00615399418320329));
#5801=CARTESIAN_POINT('',(-0.00485189733789183,-0.00820466164593729,0.00232196734432528));
#5802=CARTESIAN_POINT('',(-0.00478569296584013,-0.00809270851071493,0.00246608799735318));
#5803=CARTESIAN_POINT('',(-0.00464531645676475,-0.00785532884599899,0.0027716737810939));
#5804=CARTESIAN_POINT('',(-0.00443077271966072,-0.00749253932640278,0.00323869640409317));
#5805=CARTESIAN_POINT('',(-0.00420822409861906,-0.00711620708791826,0.0037230609642446));
#5806=CARTESIAN_POINT('',(-0.00398580859487317,-0.00674009886832922,0.00420755981053368));
#5807=CARTESIAN_POINT('',(-0.00376293571919881,-0.00636323039437436,0.00469145700568596));
#5808=CARTESIAN_POINT('',(-0.00354165368398607,-0.00598900250713344,0.00517784262791474));
#5809=CARTESIAN_POINT('',(-0.0033190302623156,-0.00561267376122906,0.00564529453639906));
#5810=CARTESIAN_POINT('',(-0.00317557927306087,-0.00537007565684239,0.00595996105208658));
#5811=CARTESIAN_POINT('',(-0.00310602623345336,-0.00525244911557394,0.00611271556727084));
#5812=CARTESIAN_POINT('',(-0.00483090488998216,-0.00817772127500157,0.00229161141175203));
#5813=CARTESIAN_POINT('',(-0.00476498872468134,-0.00806613834146259,0.00243614562917525));
#5814=CARTESIAN_POINT('',(-0.00462522335567269,-0.00782954350051891,0.00274260868551084));
#5815=CARTESIAN_POINT('',(-0.00441161487608737,-0.0074679494262772,0.00321098327609674));
#5816=CARTESIAN_POINT('',(-0.00419002726200989,-0.00709285715113665,0.00369672108421214));
#5817=CARTESIAN_POINT('',(-0.00396861846313621,-0.0067180162622331,0.00418266467996233));
#5818=CARTESIAN_POINT('',(-0.00374656626304583,-0.00634228695230708,0.00466777912841314));
#5819=CARTESIAN_POINT('',(-0.00352683899498333,-0.00596974013615681,0.00515614415942394));
#5820=CARTESIAN_POINT('',(-0.00330299908128168,-0.00559299179681096,0.00562285902164744));
#5821=CARTESIAN_POINT('',(-0.00316046952744722,-0.00535141644032786,0.00593872370927286));
#5822=CARTESIAN_POINT('',(-0.00309138690370954,-0.00523430371989349,0.00609208237097971));
#5823=CARTESIAN_POINT('',(-0.00480419036079358,-0.00814135275126174,0.00225194549380933));
#5824=CARTESIAN_POINT('',(-0.00473863862102091,-0.00803026595681664,0.00239701548811162));
#5825=CARTESIAN_POINT('',(-0.00459964580551408,-0.00779472288645177,0.00270461495724671));
#5826=CARTESIAN_POINT('',(-0.00438721333024587,-0.00743472968806551,0.00317473777739458));
#5827=CARTESIAN_POINT('',(-0.00416689125051546,-0.00706136075170678,0.00366232527683818));
#5828=CARTESIAN_POINT('',(-0.00394657405148955,-0.00668800555068228,0.00414989769186392));
#5829=CARTESIAN_POINT('',(-0.00372624291998585,-0.00631462300510764,0.00463750323998997));
#5830=CARTESIAN_POINT('',(-0.0035059449712547,-0.00594129853508241,0.00512503461130941));
#5831=CARTESIAN_POINT('',(-0.00328984940033943,-0.00557509126792632,0.0056032696800419));
#5832=CARTESIAN_POINT('',(-0.00314719927646653,-0.00533335130948775,0.00591896233348655));
#5833=CARTESIAN_POINT('',(-0.00307798730720858,-0.00521606228824773,0.00607213223685015));
#5834=CARTESIAN_POINT('',(-0.0048019849746311,-0.00813835039106893,0.00224867092116255));
#5835=CARTESIAN_POINT('',(-0.00473646331957419,-0.00802730455479624,0.00239378514588742));
#5836=CARTESIAN_POINT('',(-0.00459753428130223,-0.00779184831209972,0.00270147843022866));
#5837=CARTESIAN_POINT('',(-0.00438519888967078,-0.0074319872721144,0.00317174557338734));
#5838=CARTESIAN_POINT('',(-0.0041649812846222,-0.00705876060393775,0.0036594857718971));
#5839=CARTESIAN_POINT('',(-0.00394475420132254,-0.00668552805210789,0.00414719265215956));
#5840=CARTESIAN_POINT('',(-0.00372456515058766,-0.00631233924087124,0.00463500385005449));
#5841=CARTESIAN_POINT('',(-0.00350422008999311,-0.0059389505725559,0.0051224663995903));
#5842=CARTESIAN_POINT('',(-0.00328876384407953,-0.00557361351106882,0.00560165250526019));
#5843=CARTESIAN_POINT('',(-0.0031461037666906,-0.00533185996411172,0.0059173309566278));
#5844=CARTESIAN_POINT('',(-0.00307688111946717,-0.00521455638856852,0.00607048527727103));
#5845=CARTESIAN_POINT('',(-0.00479977958846863,-0.00813534803087612,0.00224539634851576));
#5846=CARTESIAN_POINT('',(-0.00473428801812746,-0.00802434315277584,0.00239055480366323));
#5847=CARTESIAN_POINT('',(-0.00459542275709038,-0.00778897373774767,0.00269834190321061));
#5848=CARTESIAN_POINT('',(-0.00438318444909569,-0.00742924485616329,0.00316875336938009));
#5849=CARTESIAN_POINT('',(-0.00416307131872894,-0.00705616045616871,0.00365664626695601));
#5850=CARTESIAN_POINT('',(-0.00394293435115553,-0.0066830505535335,0.00414448761245521));
#5851=CARTESIAN_POINT('',(-0.00372288738118946,-0.00631005547663484,0.004632504460119));
#5852=CARTESIAN_POINT('',(-0.00350249520873152,-0.00593660261002939,0.00511989818787119));
#5853=CARTESIAN_POINT('',(-0.00328767828781963,-0.00557213575421132,0.00560003533047849));
#5854=CARTESIAN_POINT('',(-0.00314500825691467,-0.0053303686187357,0.00591569957976905));
#5855=CARTESIAN_POINT('',(-0.00307577493172576,-0.00521305048888931,0.00606883831769191));
#5856=CARTESIAN_POINT('',(-0.00479757420230615,-0.00813234567068331,0.00224212177586897));
#5857=CARTESIAN_POINT('',(-0.00473211271668074,-0.00802138175075543,0.00238732446143903));
#5858=CARTESIAN_POINT('',(-0.00459331123287853,-0.00778609916339562,0.00269520537619255));
#5859=CARTESIAN_POINT('',(-0.0043811700085206,-0.00742650244021218,0.00316576116537285));
#5860=CARTESIAN_POINT('',(-0.00416116135283568,-0.00705356030839968,0.00365380676201493));
#5861=CARTESIAN_POINT('',(-0.00394111450098852,-0.00668057305495911,0.00414178257275085));
#5862=CARTESIAN_POINT('',(-0.00372120961179127,-0.00630777171239845,0.00463000507018352));
#5863=CARTESIAN_POINT('',(-0.00350077032746993,-0.00593425464750288,0.00511732997615208));
#5864=CARTESIAN_POINT('',(-0.00328659273155973,-0.00557065799735383,0.00559841815569678));
#5865=CARTESIAN_POINT('',(-0.00314391274713874,-0.00532887727335967,0.00591406820291031));
#5866=CARTESIAN_POINT('',(-0.00307466874398435,-0.0052115445892101,0.00606719135811279));
#5867=CARTESIAN_POINT('',(-0.00496823544402139,-0.00729602290842437,0.00522279408713123));
#5868=CARTESIAN_POINT('',(-8.388033253829E-5,-0.00013265132306709,-0.00715454934157497));
#5869=CARTESIAN_POINT('',(-0.00540368300915252,-0.00697969638873807,0.00522276117126156));
#5870=CARTESIAN_POINT('',(-0.00625829801543259,-0.00708485851316359,0.00225196675605712));
#5871=CARTESIAN_POINT('',(-0.00617290372038864,-0.00698818616201748,0.00239703861497261));
#5872=CARTESIAN_POINT('',(-0.00599183858363858,-0.00678320764456465,0.00270464065155936));
#5873=CARTESIAN_POINT('',(-0.0057151464013252,-0.0064699713178351,0.00317469953952511));
#5874=CARTESIAN_POINT('',(-0.00542809641412246,-0.00614500991076984,0.00366235437718064));
#5875=CARTESIAN_POINT('',(-0.00514110661715465,-0.0058201152185562,0.00414990839757574));
#5876=CARTESIAN_POINT('',(-0.00485408508755351,-0.00549518651680209,0.00463751349399863));
#5877=CARTESIAN_POINT('',(-0.00456712688320544,-0.00517032948085464,0.00512501191571205));
#5878=CARTESIAN_POINT('',(-0.00428562857550112,-0.00485165434865419,0.00560323413637834));
#5879=CARTESIAN_POINT('',(-0.00409982070103807,-0.00464130608739564,0.00591889402047866));
#5880=CARTESIAN_POINT('',(-0.0040096788388274,-0.00453925881409532,0.00607203162172663));
#5881=CARTESIAN_POINT('',(-0.00630029012294062,-0.00714329530829627,0.00231522913218366));
#5882=CARTESIAN_POINT('',(-0.00621431952960904,-0.00704582085201487,0.00245943989291729));
#5883=CARTESIAN_POINT('',(-0.00603203267959317,-0.00683914198275338,0.00276521602982483));
#5884=CARTESIAN_POINT('',(-0.00575348068579337,-0.00652331892394156,0.00323248237785693));
#5885=CARTESIAN_POINT('',(-0.00546449203648594,-0.00619565867616306,0.00371724592587171));
#5886=CARTESIAN_POINT('',(-0.0051755799223068,-0.00586808801427072,0.00420188698752769));
#5887=CARTESIAN_POINT('',(-0.00488659416140984,-0.00554043246414876,0.00468665312946639));
#5888=CARTESIAN_POINT('',(-0.00459771868313363,-0.00521290566332683,0.0051712258095376));
#5889=CARTESIAN_POINT('',(-0.00431432868249715,-0.0048915952733724,0.00564659420272694));
#5890=CARTESIAN_POINT('',(-0.00412727591494853,-0.00467951418199205,0.00596036801344963));
#5891=CARTESIAN_POINT('',(-0.0040365301627647,-0.00457662634241804,0.00611259058292278));
#5892=CARTESIAN_POINT('',(-0.00633494994449843,-0.00720130442288255,0.00237522145713893));
#5893=CARTESIAN_POINT('',(-0.00624850658350808,-0.00710303888874292,0.00251861623209457));
#5894=CARTESIAN_POINT('',(-0.00606521738248421,-0.00689468288018851,0.00282266223461084));
#5895=CARTESIAN_POINT('',(-0.00578513602142619,-0.00657630345894315,0.0032872857511458));
#5896=CARTESIAN_POINT('',(-0.00549455901078517,-0.00624598570214333,0.00376930957969373));
#5897=CARTESIAN_POINT('',(-0.00520406788297817,-0.00591577031507605,0.00425119335010215));
#5898=CARTESIAN_POINT('',(-0.00491347138285856,-0.00558543176169346,0.00473325755368358));
#5899=CARTESIAN_POINT('',(-0.0046230126319837,-0.00525525560645341,0.00521508245136461));
#5900=CARTESIAN_POINT('',(-0.00433807336559701,-0.00493135068075888,0.00568775325810007));
#5901=CARTESIAN_POINT('',(-0.00414999243499861,-0.00471754970697222,0.00599974910403408));
#5902=CARTESIAN_POINT('',(-0.00405874780987127,-0.00461382739328758,0.00615110915659528));
#5903=CARTESIAN_POINT('',(-0.00639102420958193,-0.00731943113233928,0.00249129848454872));
#5904=CARTESIAN_POINT('',(-0.00630382137386205,-0.00721956040972468,0.00263310261705108));
#5905=CARTESIAN_POINT('',(-0.00611892089316071,-0.00700779945394472,0.0029337762746505));
#5906=CARTESIAN_POINT('',(-0.00583634911547548,-0.00668417461896416,0.00339325729964724));
#5907=CARTESIAN_POINT('',(-0.00554322599531599,-0.00634846741976988,0.00386991688685346));
#5908=CARTESIAN_POINT('',(-0.00525016691266399,-0.0060128341426532,0.00434646104706497));
#5909=CARTESIAN_POINT('',(-0.00495700292868153,-0.00567707627178832,0.00482318161761719));
#5910=CARTESIAN_POINT('',(-0.0046639511271206,-0.00534145259710834,0.00529971038906804));
#5911=CARTESIAN_POINT('',(-0.00437651589390836,-0.00501226097003024,0.00576711588052978));
#5912=CARTESIAN_POINT('',(-0.00418676151962322,-0.00479494054733676,0.00607567839901555));
#5913=CARTESIAN_POINT('',(-0.00409470469647258,-0.00468951042088558,0.00622537339732822));
#5914=CARTESIAN_POINT('',(-0.0064181320327386,-0.00738694728928797,0.00255602074599872));
#5915=CARTESIAN_POINT('',(-0.00633056233376725,-0.00728615930333792,0.00269693429298356));
#5916=CARTESIAN_POINT('',(-0.00614488372126216,-0.00707245327806042,0.00299572074894329));
#5917=CARTESIAN_POINT('',(-0.00586111512342724,-0.00674585136732471,0.00345235240892972));
#5918=CARTESIAN_POINT('',(-0.00556676687821285,-0.00640707159505981,0.00392600895489662));
#5919=CARTESIAN_POINT('',(-0.00527246590978168,-0.00606834668198815,0.00439958628790858));
#5920=CARTESIAN_POINT('',(-0.00497808101360976,-0.00572952263958338,0.00487330462373963));
#5921=CARTESIAN_POINT('',(-0.00468376725270861,-0.00539078262738303,0.00534689930095426));
#5922=CARTESIAN_POINT('',(-0.00439512869899294,-0.00505857434076804,0.00581136592445496));
#5923=CARTESIAN_POINT('',(-0.00420456221549177,-0.00483924246691084,0.00611801959318061));
#5924=CARTESIAN_POINT('',(-0.00411211116765317,-0.00473283624046732,0.00626678896315873));
#5925=CARTESIAN_POINT('',(-0.00647323942082174,-0.00754822441561054,0.0027077807290175));
#5926=CARTESIAN_POINT('',(-0.0063849216146593,-0.00744524053197806,0.00284661919325369));
#5927=CARTESIAN_POINT('',(-0.00619765632379873,-0.0072268777972481,0.00314100622983892));
#5928=CARTESIAN_POINT('',(-0.00591144993833881,-0.00689314004495284,0.00359092905095335));
#5929=CARTESIAN_POINT('',(-0.00561460433948045,-0.00654700067767095,0.00405758102120311));
#5930=CARTESIAN_POINT('',(-0.00531777820179826,-0.0062008816338462,0.00452420266740898));
#5931=CARTESIAN_POINT('',(-0.00502090902955458,-0.00585471408661983,0.00499089587220759));
#5932=CARTESIAN_POINT('',(-0.00472403569137139,-0.00550853744508441,0.0054575924373056));
#5933=CARTESIAN_POINT('',(-0.00443295112171632,-0.00516911529361499,0.00591518967518698));
#5934=CARTESIAN_POINT('',(-0.00424073825893591,-0.0049449802722079,0.00621735432342691));
#5935=CARTESIAN_POINT('',(-0.00414748806273428,-0.00483624330803053,0.00636394652787481));
#5936=CARTESIAN_POINT('',(-0.00650020625062823,-0.00765318349079423,0.00280381689354008));
#5937=CARTESIAN_POINT('',(-0.00641151058702968,-0.00754875219645031,0.00294135437927077));
#5938=CARTESIAN_POINT('',(-0.00622344526021706,-0.00732732234757286,0.00323298181907455));
#5939=CARTESIAN_POINT('',(-0.0059360510474136,-0.00698895471964873,0.0036786551013581));
#5940=CARTESIAN_POINT('',(-0.00563795314308876,-0.00663797028863813,0.00414090043753314));
#5941=CARTESIAN_POINT('',(-0.00533988646714421,-0.00628703577958689,0.004603121660772));
#5942=CARTESIAN_POINT('',(-0.00504177744454744,-0.005936036687684,0.00506538430840165));
#5943=CARTESIAN_POINT('',(-0.00474365962584395,-0.00558503524585794,0.00552768009618421));
#5944=CARTESIAN_POINT('',(-0.00445136122122856,-0.00524088422509501,0.00598093749636296));
#5945=CARTESIAN_POINT('',(-0.00425834836184824,-0.00501363345469782,0.00628024545122941));
#5946=CARTESIAN_POINT('',(-0.00416471007599367,-0.00490338500870551,0.00642545188156377));
#5947=CARTESIAN_POINT('',(-0.00656801518065877,-0.00799198615261878,0.00311111331799178));
#5948=CARTESIAN_POINT('',(-0.00647838706433541,-0.00788293292475883,0.00324448881489937));
#5949=CARTESIAN_POINT('',(-0.00628834527047504,-0.00765170241975491,0.00352728804860057));
#5950=CARTESIAN_POINT('',(-0.00599795041868812,-0.00729834070578082,0.00395936908664467));
#5951=CARTESIAN_POINT('',(-0.00569670513069941,-0.00693181492157047,0.00440766222415706));
#5952=CARTESIAN_POINT('',(-0.0053955191794802,-0.00656532564085468,0.00485580583992643));
#5953=CARTESIAN_POINT('',(-0.00509428576532043,-0.00619881980737455,0.00530408941785104));
#5954=CARTESIAN_POINT('',(-0.00479307822943246,-0.00583231190666983,0.00575228051383895));
#5955=CARTESIAN_POINT('',(-0.00449772777686364,-0.0054729525009043,0.00619177119335278));
#5956=CARTESIAN_POINT('',(-0.00430271852264588,-0.0052356680367868,0.0064819423063926));
#5957=CARTESIAN_POINT('',(-0.00420811196291532,-0.00512055196310137,0.00662271545952694));
#5958=CARTESIAN_POINT('',(-0.00658354905510615,-0.00822225141175986,0.00331563774150706));
#5959=CARTESIAN_POINT('',(-0.00649373076013955,-0.00811009172100281,0.00344618748423992));
#5960=CARTESIAN_POINT('',(-0.00630328209019639,-0.00787226715520041,0.00372299934095857));
#5961=CARTESIAN_POINT('',(-0.006012155871763,-0.00750860865675958,0.00414605726068882));
#5962=CARTESIAN_POINT('',(-0.00571029140363551,-0.00713166695862489,0.00458481831733513));
#5963=CARTESIAN_POINT('',(-0.00540835838125681,-0.00675454843574314,0.00502361208083592));
#5964=CARTESIAN_POINT('',(-0.00510662371823783,-0.00637779776862085,0.00546219832804085));
#5965=CARTESIAN_POINT('',(-0.0048046565379057,-0.00600065333296041,0.00590105663146125));
#5966=CARTESIAN_POINT('',(-0.00450857129972499,-0.00563089450291591,0.00633139354168361));
#5967=CARTESIAN_POINT('',(-0.0043131047513183,-0.0053867742423488,0.00661547556934537));
#5968=CARTESIAN_POINT('',(-0.00421827671869333,-0.00526834227350029,0.00675329405728507));
#5969=CARTESIAN_POINT('',(-0.00657781719374676,-0.00849626992813266,0.00355812687597506));
#5970=CARTESIAN_POINT('',(-0.00648806513338991,-0.00838034123871809,0.00368537366539243));
#5971=CARTESIAN_POINT('',(-0.00629776049889064,-0.00813453336057829,0.00395517969574964));
#5972=CARTESIAN_POINT('',(-0.0060069628785354,-0.00775892437056996,0.00436745829101313));
#5973=CARTESIAN_POINT('',(-0.00570531181529257,-0.00736929588327541,0.00479512584148079));
#5974=CARTESIAN_POINT('',(-0.00540371217349941,-0.00697973423638064,0.00522271926827526));
#5975=CARTESIAN_POINT('',(-0.00510203400215805,-0.00659007009202651,0.00565042736105104));
#5976=CARTESIAN_POINT('',(-0.00480044404958965,-0.00620052212713728,0.00607800516570073));
#5977=CARTESIAN_POINT('',(-0.00450447581199048,-0.00581822788417468,0.00649762559266368));
#5978=CARTESIAN_POINT('',(-0.00430919590641478,-0.00556599456440893,0.00677448388159146));
#5979=CARTESIAN_POINT('',(-0.0042144599068307,-0.00544362885730128,0.00690879584341519));
#5980=CARTESIAN_POINT('',(0.,0.,0.00584803390593274));
#5981=CARTESIAN_POINT('',(0.,0.,0.002));
#5982=CARTESIAN_POINT('',(-0.0078490968041361,-0.00463169074643328,0.00200279509074903));
#5983=CARTESIAN_POINT('',(-0.00836054533969903,-0.00362750188262032,0.00200301617344234));
#5984=CARTESIAN_POINT('',(-0.00646293870310052,-0.00381376829705143,0.00392438009641047));
#5985=CARTESIAN_POINT('',(-0.00507427584106092,-0.00299430346198935,0.00584967957822384));
#5986=CARTESIAN_POINT('',(0.,0.,0.00584803390593274));
#5987=CARTESIAN_POINT('',(-0.00540504093768126,-0.00234515336674246,0.00584968450963297));
#5988=CARTESIAN_POINT('',(-0.00836055300352469,-0.00362748735836416,0.00200301722003453));
#5989=CARTESIAN_POINT('',(0.,0.,0.00193670395716381));
#5990=CARTESIAN_POINT('',(-0.00784673491147327,-0.0046303537744238,0.0020060332015583));
#5991=CARTESIAN_POINT('',(-0.00810532231212827,-0.00478292845163452,0.00229899864202098));
#5992=CARTESIAN_POINT('',(-0.00683228637286283,-0.0060351837908658,0.002));
#5993=CARTESIAN_POINT('',(-0.00721537492822789,-0.00560149845382904,0.002));
#5994=CARTESIAN_POINT('',(-0.00755703793920911,-0.00513123745976572,0.002));
#5995=CARTESIAN_POINT('',(-0.00785111411085465,-0.00463288114337885,0.002));
#5996=CARTESIAN_POINT('',(-0.00705353514800538,-0.00623059412418081,0.00229899899817791));
#5997=CARTESIAN_POINT('',(-0.00705351626701261,-0.00623061549925248,0.00229899899824227));
#5998=CARTESIAN_POINT('',(-0.00847817066728232,-0.0065638047216289,0.00357799385117149));
#5999=CARTESIAN_POINT('',(-0.00822091138959384,-0.00655870366607727,0.0033764578529231));
#6000=CARTESIAN_POINT('',(-0.00771432834794487,-0.00651312359997557,0.00296493589200744));
#6001=CARTESIAN_POINT('',(-0.00724562324187584,-0.00636732882748845,0.00252780246888964));
#6002=CARTESIAN_POINT('',(-0.00705351765162693,-0.00623061288894624,0.00229899832459511));
#6003=CARTESIAN_POINT('',(-0.00847817259239611,-0.00656380621205072,0.00357799622678003));
#6004=CARTESIAN_POINT('',(-0.00847797796350292,-0.00656365490735602,0.00357775568272588));
#6005=CARTESIAN_POINT('',(-0.0086116249151192,-0.0063913936525335,0.00357797341427741));
#6006=CARTESIAN_POINT('',(-0.00873967184527353,-0.00621506584590712,0.00357792386145268));
#6007=CARTESIAN_POINT('',(-0.00886211667552766,-0.00603466997884622,0.00357760450081334));
#6008=CARTESIAN_POINT('',(-0.00886244916728792,-0.00603489496619866,0.00357799622678003));
#6009=CARTESIAN_POINT('',(-0.00810532380226513,-0.00478292646713103,0.00229899891016727));
#6010=CARTESIAN_POINT('',(-0.00829440806315004,-0.00492315553742473,0.0025274350022649));
#6011=CARTESIAN_POINT('',(-0.0085785081184922,-0.00532520529253159,0.00296575627883384));
#6012=CARTESIAN_POINT('',(-0.00877813695591095,-0.00579189574770996,0.00337654066046555));
#6013=CARTESIAN_POINT('',(-0.00886244733022984,-0.00603489076596683,0.00357799243837139));
#6014=CARTESIAN_POINT('',(0.,0.,0.00580711639365242));
#6015=CARTESIAN_POINT('',(-0.00523965610004809,-0.00309191059781325,0.00604132020851931));
#6016=CARTESIAN_POINT('',(-0.00548429128088334,-0.00327329684360157,0.00633684824942208));
#6017=CARTESIAN_POINT('',(-0.00562005659719275,-0.0035869772673761,0.00660758550399951));
#6018=CARTESIAN_POINT('',(-0.00572909868380474,-0.00390123516926582,0.00686812176216144));
#6019=CARTESIAN_POINT('',(-0.00523965637667762,-0.00309191012884064,0.00604132020842667));
#6020=CARTESIAN_POINT('',(-0.00572909990191161,-0.00390123784914757,0.0068681242163913));
#6021=CARTESIAN_POINT('',(-0.00548122272295747,-0.00424355290641167,0.00686877889194116));
#6022=CARTESIAN_POINT('',(-0.00556684608539948,-0.00413161964620416,0.00686798020414157));
#6023=CARTESIAN_POINT('',(-0.00564947650657984,-0.00401751787140581,0.00686776743920725));
#6024=CARTESIAN_POINT('',(-0.00572911301773613,-0.00390124688221779,0.00686813975559412));
#6025=CARTESIAN_POINT('',(-0.00548068753837854,-0.00424314818835819,0.0068681242163913));
#6026=CARTESIAN_POINT('',(-0.00548068469874885,-0.00424314598992242,0.00686812071226371));
#6027=CARTESIAN_POINT('',(-0.00514817898844007,-0.00423655120995728,0.00660763583669863));
#6028=CARTESIAN_POINT('',(-0.00480752330247118,-0.00420414986687686,0.0063364843110666));
#6029=CARTESIAN_POINT('',(-0.0045597241264774,-0.00402775656675023,0.00604132019881119));
#6030=CARTESIAN_POINT('',(-0.00455972458098443,-0.00402775577221001,0.00604132001793274));
#6031=CARTESIAN_POINT('',(-0.0045597252564377,-0.0040277556086074,0.00604131961011679));
#6032=CARTESIAN_POINT('',(-0.00451121913826832,-0.00398490945510333,0.00597816888443923));
#6033=CARTESIAN_POINT('',(-0.00446271309907824,-0.00394206261111777,0.00591501856657166));
#6034=CARTESIAN_POINT('',(-0.00441420698090881,-0.00389921645761365,0.00585186784089418));
#6035=CARTESIAN_POINT('',(-0.0050758138673558,-0.00299521408088668,0.00584803390593274));
#6036=CARTESIAN_POINT('',(-0.00488639516354116,-0.00331514039480505,0.00584803390593274));
#6037=CARTESIAN_POINT('',(-0.00466279282596929,-0.00362295384096933,0.00584803390593274));
#6038=CARTESIAN_POINT('',(-0.0044171732606445,-0.00390182610324767,0.00584803390593274));
#6039=CARTESIAN_POINT('',(-0.00507243164608143,-0.00299323867171302,0.00585186190130036));
#6040=CARTESIAN_POINT('',(-0.00512817170537015,-0.00302613172911872,0.00591501467032428));
#6041=CARTESIAN_POINT('',(-0.00518391176465885,-0.00305902478652441,0.00597816743934832));
#6042=CARTESIAN_POINT('',(-0.00523965182394745,-0.00309191784393004,0.00604132020837238));
#6043=CARTESIAN_POINT('',(-0.00656854851515196,-0.00387609824035483,0.0040480224199151));
#6044=CARTESIAN_POINT('',(-0.00668797078078987,-0.00394655369094142,0.0041499428962571));
#6045=CARTESIAN_POINT('',(-0.00571503836740864,-0.00504827011078841,0.00404669388945717));
#6046=CARTESIAN_POINT('',(-0.00582010140877125,-0.00514109389519137,0.00414992920057475));
#6047=CARTESIAN_POINT('',(-0.00849626959501874,-0.00657781673568059,0.00355812808354474));
#6048=CARTESIAN_POINT('',(-0.00838034784292062,-0.00648806991783622,0.00368536713406001));
#6049=CARTESIAN_POINT('',(-0.00813455403023213,-0.00629777592363529,0.00395515748453597));
#6050=CARTESIAN_POINT('',(-0.0077589263036201,-0.00600696411027649,0.0043674569507877));
#6051=CARTESIAN_POINT('',(-0.00736932771600392,-0.00570533559328926,0.00479509112771454));
#6052=CARTESIAN_POINT('',(-0.00697967790922476,-0.00540366949586639,0.00522278278564103));
#6053=CARTESIAN_POINT('',(-0.00659009059386805,-0.00510204929212622,0.00565040489460085));
#6054=CARTESIAN_POINT('',(-0.0062004693100469,-0.00480040412917958,0.00607806429313137));
#6055=CARTESIAN_POINT('',(-0.00581824616630513,-0.00450448905748259,0.00649760530219737));
#6056=CARTESIAN_POINT('',(-0.00556597975579158,-0.00430918367750412,0.00677449999279248));
#6057=CARTESIAN_POINT('',(-0.00544358406126905,-0.00421442455060402,0.00690884492211732));
#6058=CARTESIAN_POINT('',(-0.00835852774993745,-0.00658082192225536,0.00343591796673797));
#6059=CARTESIAN_POINT('',(-0.00824448423055564,-0.00649103578505891,0.0035648192196999));
#6060=CARTESIAN_POINT('',(-0.00800267252944313,-0.00630065703209714,0.0038381372607641));
#6061=CARTESIAN_POINT('',(-0.00763311873897441,-0.00600967379538958,0.00425592596342808));
#6062=CARTESIAN_POINT('',(-0.00724986137954171,-0.00570790772546602,0.00468918450510033));
#6063=CARTESIAN_POINT('',(-0.00686652575098436,-0.00540610185689296,0.00512248334660755));
#6064=CARTESIAN_POINT('',(-0.00648334114902225,-0.00510438462779131,0.00555567697154162));
#6065=CARTESIAN_POINT('',(-0.0060999820400347,-0.00480256418357367,0.00598899183959547));
#6066=CARTESIAN_POINT('',(-0.00572408473385941,-0.00450658387747334,0.00641395777752994));
#6067=CARTESIAN_POINT('',(-0.00547589203388277,-0.00431117825408776,0.00669449616665421));
#6068=CARTESIAN_POINT('',(-0.00535547146750244,-0.00421636971623871,0.00683060981780093));
#6069=CARTESIAN_POINT('',(-0.00824090728475562,-0.00657868590117234,0.00333180171402541));
#6070=CARTESIAN_POINT('',(-0.00812846063076912,-0.006488921614815,0.00346213426986397));
#6071=CARTESIAN_POINT('',(-0.00789003500887324,-0.00629859002885204,0.00373848539260672));
#6072=CARTESIAN_POINT('',(-0.00752566126509082,-0.00600770409342529,0.00416085589020909));
#6073=CARTESIAN_POINT('',(-0.00714773774829697,-0.00570599759861773,0.0045989383488999));
#6074=CARTESIAN_POINT('',(-0.00676982077557229,-0.00540431223835684,0.00503697174962048));
#6075=CARTESIAN_POINT('',(-0.00639191359967563,-0.00510261719532206,0.00547503937122977));
#6076=CARTESIAN_POINT('',(-0.00601396093797029,-0.00480091023159706,0.00591309661992498));
#6077=CARTESIAN_POINT('',(-0.00564338972076762,-0.00450505295510625,0.00634270593418054));
#6078=CARTESIAN_POINT('',(-0.00539867593736272,-0.00430970505628173,0.00662633704999367));
#6079=CARTESIAN_POINT('',(-0.00527994279516007,-0.00421492420759835,0.00676395162412122));
#6080=CARTESIAN_POINT('',(-0.00800114419848345,-0.00656099750520501,0.00311792060795745));
#6081=CARTESIAN_POINT('',(-0.0078919686529916,-0.0064714712119755,0.00325118248881889));
#6082=CARTESIAN_POINT('',(-0.00766047868279769,-0.00628164492432231,0.00353374252703421));
#6083=CARTESIAN_POINT('',(-0.00730669756638147,-0.0059915514571006,0.00396553353068814));
#6084=CARTESIAN_POINT('',(-0.00693970433633968,-0.00569062599964281,0.00441344694760009));
#6085=CARTESIAN_POINT('',(-0.00657282109512746,-0.00538977630492439,0.0048612625139844));
#6086=CARTESIAN_POINT('',(-0.00620579343050922,-0.00508882263079416,0.00530922288959747));
#6087=CARTESIAN_POINT('',(-0.00583887226880428,-0.0047879445266403,0.00575707894276256));
#6088=CARTESIAN_POINT('',(-0.00547907483567535,-0.00449290066415255,0.00619625158751782));
#6089=CARTESIAN_POINT('',(-0.00524148427290802,-0.00429807325161855,0.00648625363584137));
#6090=CARTESIAN_POINT('',(-0.00512620737523125,-0.00420354471308802,0.00662696008727846));
#6091=CARTESIAN_POINT('',(-0.00787388050632618,-0.00654464535476363,0.00300405008342864));
#6092=CARTESIAN_POINT('',(-0.00776644283492407,-0.00645534403484635,0.00313886093626255));
#6093=CARTESIAN_POINT('',(-0.00753863809265542,-0.00626599474728375,0.00342470560472341));
#6094=CARTESIAN_POINT('',(-0.00719049907701964,-0.00597662962766278,0.00386152468093972));
#6095=CARTESIAN_POINT('',(-0.00682937220718003,-0.00567646792334412,0.00431464758098127));
#6096=CARTESIAN_POINT('',(-0.00646831680959104,-0.00537636494887068,0.00476767954406139));
#6097=CARTESIAN_POINT('',(-0.00610717527511421,-0.00507618975062809,0.00522082700758023));
#6098=CARTESIAN_POINT('',(-0.00574607601034646,-0.00477605410205668,0.00567390623338786));
#6099=CARTESIAN_POINT('',(-0.005391998632964,-0.00448173142564484,0.00611823599197009));
#6100=CARTESIAN_POINT('',(-0.00515818155011584,-0.00428738646804857,0.0064116204205624));
#6101=CARTESIAN_POINT('',(-0.00504473546192778,-0.00419309209672997,0.00655396766122709));
#6102=CARTESIAN_POINT('',(-0.00765788775156972,-0.00650128893646587,0.00280819243829584));
#6103=CARTESIAN_POINT('',(-0.0075533976253023,-0.00641258099841874,0.00294567119834786));
#6104=CARTESIAN_POINT('',(-0.00733184328426377,-0.00622449007460773,0.00323717306284499));
#6105=CARTESIAN_POINT('',(-0.00699327426405103,-0.00593705377832642,0.00368264722444762));
#6106=CARTESIAN_POINT('',(-0.00664209365787333,-0.00563891144673396,0.0041447101794328));
#6107=CARTESIAN_POINT('',(-0.00629093881248674,-0.0053407932808419,0.00460673504061113));
#6108=CARTESIAN_POINT('',(-0.00593978034099722,-0.00504266606601015,0.00506877913154592));
#6109=CARTESIAN_POINT('',(-0.00558855821209131,-0.00474450368534597,0.00553085041084834));
#6110=CARTESIAN_POINT('',(-0.00524421644626633,-0.00445212977289825,0.00598405404435135));
#6111=CARTESIAN_POINT('',(-0.00501679661429803,-0.00425906608500457,0.00628325104742267));
#6112=CARTESIAN_POINT('',(-0.00490645398932822,-0.00416539329910241,0.00642841785976623));
#6113=CARTESIAN_POINT('',(-0.00756267743875862,-0.00647673719098817,0.00272087726720114));
#6114=CARTESIAN_POINT('',(-0.00745949003765673,-0.00638836634277209,0.00285954362803801));
#6115=CARTESIAN_POINT('',(-0.00724069729691451,-0.00620098984399231,0.00315356369734923));
#6116=CARTESIAN_POINT('',(-0.00690632981199779,-0.00591463566628048,0.00360288878548258));
#6117=CARTESIAN_POINT('',(-0.00655953705079368,-0.00561762944283799,0.00406895477416592));
#6118=CARTESIAN_POINT('',(-0.00621268353582701,-0.00532061319836177,0.00453492867964297));
#6119=CARTESIAN_POINT('',(-0.0058661219132172,-0.00502369217610669,0.00500116594621433));
#6120=CARTESIAN_POINT('',(-0.00551844272622583,-0.00472638244093278,0.00546647122943406));
#6121=CARTESIAN_POINT('',(-0.00518138366591002,-0.00443609733737708,0.00592642684826719));
#6122=CARTESIAN_POINT('',(-0.00495637546353302,-0.00424362467710038,0.0062278258450101));
#6123=CARTESIAN_POINT('',(-0.00484717049216114,-0.00415022798344242,0.00637403050335717));
#6124=CARTESIAN_POINT('',(-0.00740242162970592,-0.00642407163469047,0.00257076964232205));
#6125=CARTESIAN_POINT('',(-0.00730141979253046,-0.0063364187606892,0.00271148706165868));
#6126=CARTESIAN_POINT('',(-0.00708726117431858,-0.00615056449662979,0.00300985657662019));
#6127=CARTESIAN_POINT('',(-0.00675997501398844,-0.00586653311756369,0.00346584365211275));
#6128=CARTESIAN_POINT('',(-0.00642048655932046,-0.00557191923698371,0.00393879936124513));
#6129=CARTESIAN_POINT('',(-0.0060810842810298,-0.00527735169278551,0.00441175977779202));
#6130=CARTESIAN_POINT('',(-0.00574143317746867,-0.0049826772540529,0.0048845972955845));
#6131=CARTESIAN_POINT('',(-0.00540256933789457,-0.00468827953875152,0.00535808719851643));
#6132=CARTESIAN_POINT('',(-0.00506744469126642,-0.00439862193449934,0.0058199298482121));
#6133=CARTESIAN_POINT('',(-0.00484794128528846,-0.00420796661709338,0.0061264468291751));
#6134=CARTESIAN_POINT('',(-0.00474146440932493,-0.00411547067101627,0.00627518709319472));
#6135=CARTESIAN_POINT('',(-0.00733895074684443,-0.00639963290310747,0.00251023332112051));
#6136=CARTESIAN_POINT('',(-0.00723881140538572,-0.00631231077677669,0.00265177854303173));
#6137=CARTESIAN_POINT('',(-0.00702648161761146,-0.00612715778854432,0.00295190340619098));
#6138=CARTESIAN_POINT('',(-0.00670199165008511,-0.00584419743622652,0.00341057676427966));
#6139=CARTESIAN_POINT('',(-0.00636536469892724,-0.00555067661183487,0.00388629651292198));
#6140=CARTESIAN_POINT('',(-0.00602897624155014,-0.00525727032423297,0.00436213078589741));
#6141=CARTESIAN_POINT('',(-0.00569178386315073,-0.00496351333720168,0.00483740757904305));
#6142=CARTESIAN_POINT('',(-0.00535737185585638,-0.00467087863243155,0.00531506550463439));
#6143=CARTESIAN_POINT('',(-0.0050194901380198,-0.00437999566294925,0.00577443062743413));
#6144=CARTESIAN_POINT('',(-0.00480266604475624,-0.00419039721037446,0.0060834628951162));
#6145=CARTESIAN_POINT('',(-0.00469755005216638,-0.00409843930161184,0.00623347974011983));
#6146=CARTESIAN_POINT('',(-0.00723470375366164,-0.00635118594803389,0.00240817886861874));
#6147=CARTESIAN_POINT('',(-0.00713598538049668,-0.00626452339354283,0.00255112232464824));
#6148=CARTESIAN_POINT('',(-0.00692666818807246,-0.00608076879919308,0.00285421183960993));
#6149=CARTESIAN_POINT('',(-0.00660677175534475,-0.00579994175367613,0.00331741333077242));
#6150=CARTESIAN_POINT('',(-0.00627498165213474,-0.00550865935177947,0.00379789379709357));
#6151=CARTESIAN_POINT('',(-0.00594314130771433,-0.00521738819788359,0.00427820926275522));
#6152=CARTESIAN_POINT('',(-0.00561158329890043,-0.00492615853899033,0.00475900914024981));
#6153=CARTESIAN_POINT('',(-0.00527873345350107,-0.0046345675854308,0.00523835033221364));
#6154=CARTESIAN_POINT('',(-0.00495739907524179,-0.00435023327331445,0.00571324714160162));
#6155=CARTESIAN_POINT('',(-0.00474201719543917,-0.00416146737094726,0.00602377139417903));
#6156=CARTESIAN_POINT('',(-0.00463747258205895,-0.00406986614861778,0.00617439351796711));
#6157=CARTESIAN_POINT('',(-0.00719784256729269,-0.00633215766455644,0.0023714653188556));
#6158=CARTESIAN_POINT('',(-0.00709962521194099,-0.00624575297930805,0.00251490902604694));
#6159=CARTESIAN_POINT('',(-0.00689137041681127,-0.00606254524461219,0.00281905946834712));
#6160=CARTESIAN_POINT('',(-0.00657309961451763,-0.00578255659466121,0.0032838890392108));
#6161=CARTESIAN_POINT('',(-0.00624302940874808,-0.00549215827826381,0.00376608203830865));
#6162=CARTESIAN_POINT('',(-0.00591276112078152,-0.00520170436917068,0.00424797661162275));
#6163=CARTESIAN_POINT('',(-0.00558332306237278,-0.00491153936395121,0.00473086095754959));
#6164=CARTESIAN_POINT('',(-0.0052505650175482,-0.00462010244912501,0.00521038160369779));
#6165=CARTESIAN_POINT('',(-0.00493674287924278,-0.00433925230371238,0.00569242501576709));
#6166=CARTESIAN_POINT('',(-0.00472164182885972,-0.00415068674581523,0.00600327398616217));
#6167=CARTESIAN_POINT('',(-0.0046171701326169,-0.00405915430112182,0.00615399418320329));
#6168=CARTESIAN_POINT('',(-0.00714980846128808,-0.00630377818999444,0.00232196734432528));
#6169=CARTESIAN_POINT('',(-0.00705224894048382,-0.00621776270728744,0.00246608799735319));
#6170=CARTESIAN_POINT('',(-0.00684538859627665,-0.00603537995723871,0.0027716737810939));
#6171=CARTESIAN_POINT('',(-0.00652923725013721,-0.005756644281385,0.00323869640409317));
#6172=CARTESIAN_POINT('',(-0.00620128787668016,-0.00546750235965893,0.0037230609642446));
#6173=CARTESIAN_POINT('',(-0.00587353433094043,-0.00517853235705656,0.00420755981053369));
#6174=CARTESIAN_POINT('',(-0.00554511086712869,-0.00488898064528417,0.00469145700568596));
#6175=CARTESIAN_POINT('',(-0.00521901636867409,-0.00460144868397493,0.00517784262791474));
#6176=CARTESIAN_POINT('',(-0.0048909969348582,-0.00431233319855547,0.00564529453639907));
#6177=CARTESIAN_POINT('',(-0.00467959999969987,-0.00412593748407728,0.00595996105208659));
#6178=CARTESIAN_POINT('',(-0.00457710252791152,-0.00403556106676381,0.00611271556727084));
#6179=CARTESIAN_POINT('',(-0.0071215184244567,-0.00628464339782223,0.00229161141175204));
#6180=CARTESIAN_POINT('',(-0.00702434740317242,-0.00619889093705464,0.00243614562917526));
#6181=CARTESIAN_POINT('',(-0.00681831081159131,-0.00601706574610209,0.00274260868551084));
#6182=CARTESIAN_POINT('',(-0.00650341836113983,-0.00573917799587526,0.00321098327609674));
#6183=CARTESIAN_POINT('',(-0.00617676612936395,-0.0054509183818838,0.00369672108421214));
#6184=CARTESIAN_POINT('',(-0.00585036164357224,-0.00516284259347432,0.00418266467996233));
#6185=CARTESIAN_POINT('',(-0.0055230707096667,-0.00487412068837238,0.00466777912841314));
#6186=CARTESIAN_POINT('',(-0.00519897436217741,-0.00458770707120654,0.00515614415942394));
#6187=CARTESIAN_POINT('',(-0.0048696683141841,-0.00429856844542153,0.00562285902164744));
#6188=CARTESIAN_POINT('',(-0.00465946376266974,-0.00411286068279747,0.00593872370927286));
#6189=CARTESIAN_POINT('',(-0.00455757246232954,-0.00402282757163827,0.00609208237097972));
#6190=CARTESIAN_POINT('',(-0.00708487290549621,-0.00625831011984742,0.00225194549380934));
#6191=CARTESIAN_POINT('',(-0.00698820178889676,-0.00617291690171667,0.00239701548811163));
#6192=CARTESIAN_POINT('',(-0.00678322495434078,-0.00599185327186563,0.00270461495724671));
#6193=CARTESIAN_POINT('',(-0.00646994564830349,-0.00571512463973346,0.00317473777739458));
#6194=CARTESIAN_POINT('',(-0.00614502955218564,-0.00542811294670002,0.00366232527683818));
#6195=CARTESIAN_POINT('',(-0.0058201223423453,-0.00514111280852508,0.00414989769186392));
#6196=CARTESIAN_POINT('',(-0.00549519343200048,-0.00485409096950995,0.00463750323998997));
#6197=CARTESIAN_POINT('',(-0.00517031402667945,-0.00456711410958389,0.00512503461130941));
#6198=CARTESIAN_POINT('',(-0.00485163065680312,-0.00428560750566241,0.0056032696800419));
#6199=CARTESIAN_POINT('',(-0.00464126057156647,-0.00409978045546691,0.00591896233348656));
#6200=CARTESIAN_POINT('',(-0.00453919177638132,-0.00400961964224157,0.00607213223685016));
#6201=CARTESIAN_POINT('',(-0.00708184767829263,-0.00625613620742515,0.00224867092116255));
#6202=CARTESIAN_POINT('',(-0.00698521783072947,-0.00617077264614272,0.00239378514588743));
#6203=CARTESIAN_POINT('',(-0.00678032848315341,-0.00598977188606204,0.00270147843022866));
#6204=CARTESIAN_POINT('',(-0.00646718234833332,-0.00571313894354463,0.00317174557338734));
#6205=CARTESIAN_POINT('',(-0.00614240957682844,-0.00542623027114065,0.0036594857718971));
#6206=CARTESIAN_POINT('',(-0.00581762597282226,-0.00513931893199062,0.00414719265215956));
#6207=CARTESIAN_POINT('',(-0.00549289205652129,-0.00485243743990792,0.00463500385005449));
#6208=CARTESIAN_POINT('',(-0.00516794800679293,-0.00456541408214615,0.0051224663995903));
#6209=CARTESIAN_POINT('',(-0.00485014157946582,-0.00428453753070625,0.00560165250526019));
#6210=CARTESIAN_POINT('',(-0.00463975782878974,-0.00409870063286726,0.00591733095662781));
#6211=CARTESIAN_POINT('',(-0.0045376743807289,-0.00400852927734984,0.00607048527727104));
#6212=CARTESIAN_POINT('',(-0.00707882245108905,-0.00625396229500288,0.00224539634851576));
#6213=CARTESIAN_POINT('',(-0.00698223387256217,-0.00616862839056878,0.00239055480366323));
#6214=CARTESIAN_POINT('',(-0.00677743201196603,-0.00598769050025844,0.00269834190321061));
#6215=CARTESIAN_POINT('',(-0.00646441904836316,-0.00571115324735579,0.00316875336938009));
#6216=CARTESIAN_POINT('',(-0.00613978960147123,-0.00542434759558127,0.00365664626695601));
#6217=CARTESIAN_POINT('',(-0.00581512960329921,-0.00513752505545615,0.00414448761245521));
#6218=CARTESIAN_POINT('',(-0.00549059068104211,-0.0048507839103059,0.004632504460119));
#6219=CARTESIAN_POINT('',(-0.00516558198690642,-0.0045637140547084,0.00511989818787119));
#6220=CARTESIAN_POINT('',(-0.00484865250212851,-0.00428346755575009,0.00560003533047849));
#6221=CARTESIAN_POINT('',(-0.004638255086013,-0.00409762081026761,0.00591569957976906));
#6222=CARTESIAN_POINT('',(-0.00453615698507649,-0.00400743891245811,0.00606883831769192));
#6223=CARTESIAN_POINT('',(-0.00707579722388546,-0.0062517883825806,0.00224212177586898));
#6224=CARTESIAN_POINT('',(-0.00697924991439488,-0.00616648413499483,0.00238732446143903));
#6225=CARTESIAN_POINT('',(-0.00677453554077866,-0.00598560911445485,0.00269520537619255));
#6226=CARTESIAN_POINT('',(-0.00646165574839299,-0.00570916755116696,0.00316576116537285));
#6227=CARTESIAN_POINT('',(-0.00613716962611403,-0.0054224649200219,0.00365380676201493));
#6228=CARTESIAN_POINT('',(-0.00581263323377617,-0.00513573117892169,0.00414178257275085));
#6229=CARTESIAN_POINT('',(-0.00548828930556292,-0.00484913038070387,0.00463000507018352));
#6230=CARTESIAN_POINT('',(-0.0051632159670199,-0.00456201402727066,0.00511732997615208));
#6231=CARTESIAN_POINT('',(-0.00484716342479121,-0.00428239758079393,0.00559841815569678));
#6232=CARTESIAN_POINT('',(-0.00463675234323626,-0.00409654098766796,0.00591406820291031));
#6233=CARTESIAN_POINT('',(-0.00453463958942408,-0.00400634854756637,0.0060671913581128));
#6234=CARTESIAN_POINT('',(-0.00697966776357715,-0.00540366094583714,0.00522279408713123));
#6235=CARTESIAN_POINT('',(-0.000120766450014402,-0.000100238456957704,-0.00715454934155964));
#6236=CARTESIAN_POINT('',(-0.00729605273754542,-0.00496825585022781,0.00522276117126156));
#6237=CARTESIAN_POINT('',(-0.00814133679180376,-0.00480418041334175,0.00225196675605712));
#6238=CARTESIAN_POINT('',(-0.00803024859165746,-0.00473862783222991,0.00239703861497261));
#6239=CARTESIAN_POINT('',(-0.00779470356810273,-0.00459963388185047,0.00270464065155936));
#6240=CARTESIAN_POINT('',(-0.00743475831689065,-0.00438723101871951,0.00317469953952512));
#6241=CARTESIAN_POINT('',(-0.00706133895875989,-0.00416687767926641,0.00366235437718064));
#6242=CARTESIAN_POINT('',(-0.00668799746096719,-0.00394656918960219,0.00414990839757574));
#6243=CARTESIAN_POINT('',(-0.00631461527412082,-0.00372623816086585,0.00463751349399863));
#6244=CARTESIAN_POINT('',(-0.00594131545912119,-0.00350595572178258,0.00512501191571206));
#6245=CARTESIAN_POINT('',(-0.00557511862771832,-0.00328986542169055,0.00560323413637834));
#6246=CARTESIAN_POINT('',(-0.00533340365046517,-0.00314723012802701,0.00591889402047866));
#6247=CARTESIAN_POINT('',(-0.0052161393033393,-0.0030780327711123,0.00607203162172663));
#6248=CARTESIAN_POINT('',(-0.00819933162207505,-0.00484678083329448,0.00231522913218367));
#6249=CARTESIAN_POINT('',(-0.00808744746556887,-0.00478064349083169,0.0024594398929173));
#6250=CARTESIAN_POINT('',(-0.00785021508604637,-0.00464040993994602,0.00276521602982484));
#6251=CARTESIAN_POINT('',(-0.00748770170482773,-0.00442612166176793,0.00323248237785693));
#6252=CARTESIAN_POINT('',(-0.0071116045818239,-0.00420380065180476,0.00371724592587171));
#6253=CARTESIAN_POINT('',(-0.00673560793161384,-0.00398154119242708,0.00420188698752769));
#6254=CARTESIAN_POINT('',(-0.00635951500730731,-0.00375922375763286,0.0046866531294664));
#6255=CARTESIAN_POINT('',(-0.00598356675372761,-0.0035369946914954,0.00517122580953761));
#6256=CARTESIAN_POINT('',(-0.00561475647600425,-0.0033189826776085,0.00564659420272694));
#6257=CARTESIAN_POINT('',(-0.00537132206111396,-0.00317508405768562,0.00596036801344963));
#6258=CARTESIAN_POINT('',(-0.00525322363123053,-0.00310527388700336,0.00611259058292278));
#6259=CARTESIAN_POINT('',(-0.00825022087345702,-0.00489124030584291,0.00237522145713894));
#6260=CARTESIAN_POINT('',(-0.00813764263168623,-0.00482449669686911,0.00251861623209458));
#6261=CARTESIAN_POINT('',(-0.00789893869516249,-0.00468297783522597,0.00282266223461084));
#6262=CARTESIAN_POINT('',(-0.00753418083981138,-0.00446673091237088,0.0032872857511458));
#6263=CARTESIAN_POINT('',(-0.00715575187996072,-0.00424237329178116,0.00376930957969373));
#6264=CARTESIAN_POINT('',(-0.00677743623352605,-0.0040180864913374,0.00425119335010216));
#6265=CARTESIAN_POINT('',(-0.00639898231158227,-0.00379371511460221,0.00473325755368358));
#6266=CARTESIAN_POINT('',(-0.00602070958074123,-0.00356945562082113,0.00521508245136461));
#6267=CARTESIAN_POINT('',(-0.00564962410809444,-0.00334945480625748,0.00568775325810007));
#6268=CARTESIAN_POINT('',(-0.00540468037914399,-0.00320423820082018,0.00599974910403408));
#6269=CARTESIAN_POINT('',(-0.00528584962621528,-0.00313378855831492,0.00615110915659529));
#6270=CARTESIAN_POINT('',(-0.00834005382937288,-0.00498625758176235,0.00249129848454872));
#6271=CARTESIAN_POINT('',(-0.00822625725369365,-0.00491822203842776,0.00263310261705108));
#6272=CARTESIAN_POINT('',(-0.00798496871257546,-0.00477396279234114,0.0029337762746505));
#6273=CARTESIAN_POINT('',(-0.00761622140827603,-0.00455349676563342,0.00339325729964724));
#6274=CARTESIAN_POINT('',(-0.00723370552508652,-0.00432480027184601,0.00386991688685346));
#6275=CARTESIAN_POINT('',(-0.00685127338836406,-0.00409615429345409,0.00434646104706497));
#6276=CARTESIAN_POINT('',(-0.00646870298296208,-0.00386742223565989,0.00482318161761719));
#6277=CARTESIAN_POINT('',(-0.00608628073828485,-0.0036387831397471,0.00529971038906805));
#6278=CARTESIAN_POINT('',(-0.00571118777955247,-0.00341452566954937,0.00576711588052978));
#6279=CARTESIAN_POINT('',(-0.00546356494155604,-0.00326647899183382,0.00607567839901555));
#6280=CARTESIAN_POINT('',(-0.00534343399923668,-0.00319465610586033,0.00622537339732822));
#6281=CARTESIAN_POINT('',(-0.00838669854112064,-0.00504209248474769,0.00255602074599872));
#6282=CARTESIAN_POINT('',(-0.00827226960779655,-0.00497329793912008,0.00269693429298357));
#6283=CARTESIAN_POINT('',(-0.00802963995982586,-0.00482742927796441,0.00299572074894329));
#6284=CARTESIAN_POINT('',(-0.00765883444492236,-0.0046045017217257,0.00345235240892972));
#6285=CARTESIAN_POINT('',(-0.00727420392127084,-0.00437326162175987,0.00392600895489662));
#6286=CARTESIAN_POINT('',(-0.00688963531293508,-0.0041420590866578,0.00439958628790858));
#6287=CARTESIAN_POINT('',(-0.00650495625192601,-0.0039107882090557,0.00487330462373963));
#6288=CARTESIAN_POINT('',(-0.00612037081134096,-0.00367957526691951,0.00534689930095426));
#6289=CARTESIAN_POINT('',(-0.00574320122773945,-0.00345282062949703,0.00581136592445496));
#6290=CARTESIAN_POINT('',(-0.00549418445538823,-0.00330311190359405,0.00611801959318061));
#6291=CARTESIAN_POINT('',(-0.00537337695162466,-0.00323048251349047,0.00626678896315873));
#6292=CARTESIAN_POINT('',(-0.00848894615449074,-0.00517844702723282,0.0027077807290175));
#6293=CARTESIAN_POINT('',(-0.0083731271592459,-0.00510779523664088,0.00284661919325369));
#6294=CARTESIAN_POINT('',(-0.00812754948812729,-0.00495798809219241,0.00314100622983893));
#6295=CARTESIAN_POINT('',(-0.00775222040310662,-0.00472902726514404,0.00359092905095336));
#6296=CARTESIAN_POINT('',(-0.00736294051506655,-0.00449155949909696,0.00405758102120311));
#6297=CARTESIAN_POINT('',(-0.00697368541599853,-0.00425410504797206,0.00452420266740898));
#6298=CARTESIAN_POINT('',(-0.00658437440025498,-0.00401661776578182,0.00499089587220759));
#6299=CARTESIAN_POINT('',(-0.00619505661217148,-0.00377912312173582,0.0054575924373056));
#6300=CARTESIAN_POINT('',(-0.0058133315223367,-0.00354626355162964,0.00591518967518698));
#6301=CARTESIAN_POINT('',(-0.00556126469602426,-0.00339249552012709,0.00621735432342691));
#6302=CARTESIAN_POINT('',(-0.00543897691943335,-0.00331789641713915,0.00636394652787481));
#6303=CARTESIAN_POINT('',(-0.00854702727164767,-0.00526993583093596,0.00280381689354008));
#6304=CARTESIAN_POINT('',(-0.00843040163811829,-0.00519802423532436,0.00294135437927078));
#6305=CARTESIAN_POINT('',(-0.00818311529719897,-0.00504554731668498,0.00323298181907456));
#6306=CARTESIAN_POINT('',(-0.00780522581099183,-0.00481255027508568,0.0036786551013581));
#6307=CARTESIAN_POINT('',(-0.00741325770264647,-0.00457086156327884,0.00414090043753314));
#6308=CARTESIAN_POINT('',(-0.0070213347209895,-0.00432921067997653,0.004603121660772));
#6309=CARTESIAN_POINT('',(-0.0066293515080743,-0.00408751146056751,0.00506538430840165));
#6310=CARTESIAN_POINT('',(-0.00623735920339829,-0.00384581272439521,0.00552768009618421));
#6311=CARTESIAN_POINT('',(-0.00585301838693891,-0.00360883082796384,0.00598093749636296));
#6312=CARTESIAN_POINT('',(-0.00559922789925898,-0.00345234675562592,0.00628024545122941));
#6313=CARTESIAN_POINT('',(-0.00547610395390722,-0.00337643007430672,0.00642545188156377));
#6314=CARTESIAN_POINT('',(-0.00871621317665946,-0.00557120219845252,0.00311111331799178));
#6315=CARTESIAN_POINT('',(-0.00859727247188671,-0.00549518302659103,0.00324448881489937));
#6316=CARTESIAN_POINT('',(-0.00834507782980327,-0.00533399589198519,0.00352728804860057));
#6317=CARTESIAN_POINT('',(-0.0079597011389333,-0.00508766587558206,0.00395936908664467));
#6318=CARTESIAN_POINT('',(-0.00755993714859083,-0.00483216905358251,0.00440766222415706));
#6319=CARTESIAN_POINT('',(-0.00716024087106982,-0.00457668861239914,0.00485580583992643));
#6320=CARTESIAN_POINT('',(-0.00676049433852441,-0.00432120709545663,0.00530408941785104));
#6321=CARTESIAN_POINT('',(-0.0063607717788705,-0.00406571561564094,0.00575228051383896));
#6322=CARTESIAN_POINT('',(-0.00596882864289418,-0.00381521282023577,0.00619177119335278));
#6323=CARTESIAN_POINT('',(-0.00571003888901906,-0.00364980305803489,0.00648194230639259));
#6324=CARTESIAN_POINT('',(-0.00558448988080853,-0.00356955620076214,0.00662271545952694));
#6325=CARTESIAN_POINT('',(-0.00880214264746469,-0.00578539724244231,0.00331563774150707));
#6326=CARTESIAN_POINT('',(-0.00868206112222643,-0.00570648241723262,0.00344618748423993));
#6327=CARTESIAN_POINT('',(-0.00842744184114446,-0.00553914968975973,0.00372299934095857));
#6328=CARTESIAN_POINT('',(-0.00803818769787193,-0.0052832528541155,0.00414605726068882));
#6329=CARTESIAN_POINT('',(-0.00763461613780914,-0.0050180412464905,0.00458481831733513));
#6330=CARTESIAN_POINT('',(-0.00723092473692715,-0.00475268265296621,0.00502361208083593));
#6331=CARTESIAN_POINT('',(-0.00682753566068794,-0.00448761261464588,0.00546219832804085));
#6332=CARTESIAN_POINT('',(-0.00642380376617276,-0.00422223993199266,0.00590105663146125));
#6333=CARTESIAN_POINT('',(-0.00602794820871825,-0.00396207375760256,0.00633139354168361));
#6334=CARTESIAN_POINT('',(-0.00576661116495187,-0.00379030407832003,0.00661547556934537));
#6335=CARTESIAN_POINT('',(-0.00563982685554496,-0.00370697205623324,0.00675329405728508));
#6336=CARTESIAN_POINT('',(-0.00888136770170096,-0.00604777558059364,0.00355812687597507));
#6337=CARTESIAN_POINT('',(-0.00876018448468295,-0.00596525575703079,0.00368537366539243));
#6338=CARTESIAN_POINT('',(-0.00850323521026481,-0.00579028593893784,0.00395517969574964));
#6339=CARTESIAN_POINT('',(-0.00811060067735025,-0.00552292196802495,0.00436745829101313));
#6340=CARTESIAN_POINT('',(-0.00770331164393917,-0.00524557856116255,0.00479512584148079));
#6341=CARTESIAN_POINT('',(-0.00729609217005233,-0.00496828283319608,0.00522271926827526));
#6342=CARTESIAN_POINT('',(-0.00688876633667012,-0.00469091389131795,0.00565042736105105));
#6343=CARTESIAN_POINT('',(-0.00648156030575584,-0.0044136281815769,0.00607800516570073));
#6344=CARTESIAN_POINT('',(-0.00608194236684361,-0.00414150396587855,0.00649762559266368));
#6345=CARTESIAN_POINT('',(-0.00581827575778912,-0.00396196063297139,0.00677448388159146));
#6346=CARTESIAN_POINT('',(-0.00569036338503197,-0.00387485896370619,0.0069087958434152));
#6347=CARTESIAN_POINT('',(0.,0.,0.00584803390593274));
#6348=CARTESIAN_POINT('',(0.,0.,0.002));
#6349=CARTESIAN_POINT('',(-0.00889620581594217,-0.00197949536288719,0.00200279509074903));
#6350=CARTESIAN_POINT('',(-0.00907231085395863,-0.000866408711129722,0.00200301617344234));
#6351=CARTESIAN_POINT('',(-0.00732513918439719,-0.00162995129768898,0.00392438009641047));
#6352=CARTESIAN_POINT('',(-0.0057512137601905,-0.00127971435025605,0.00584967957822384));
#6353=CARTESIAN_POINT('',(0.,0.,0.00584803390593274));
#6354=CARTESIAN_POINT('',(-0.00586519164936288,-0.000560123886116123,0.00584968450963297));
#6355=CARTESIAN_POINT('',(-0.00907231365444799,-0.000866392529488889,0.00200301722003453));
#6356=CARTESIAN_POINT('',(0.,0.,0.00193670395716381));
#6357=CARTESIAN_POINT('',(-0.00889354637546247,-0.00197895369191718,0.00200603320155829));
#6358=CARTESIAN_POINT('',(-0.00918662577605661,-0.00204415293156642,0.00229899864202097));
#6359=CARTESIAN_POINT('',(-0.00836286483165952,-0.00362850827169083,0.002));
#6360=CARTESIAN_POINT('',(-0.00859318755920198,-0.003097668131922,0.002));
#6361=CARTESIAN_POINT('',(-0.00877280975321547,-0.00254484367241612,0.002));
#6362=CARTESIAN_POINT('',(-0.00889849224152845,-0.00198000411560034,0.002));
#6363=CARTESIAN_POINT('',(-0.00863367003485197,-0.0037459849110378,0.00229899899817791));
#6364=CARTESIAN_POINT('',(-0.00863365868322117,-0.00374601107448663,0.00229899899824227));
#6365=CARTESIAN_POINT('',(-0.0100915466661231,-0.00362265043479263,0.00357799385117149));
#6366=CARTESIAN_POINT('',(-0.00984530224084541,-0.00369729653143664,0.0033764578529231));
#6367=CARTESIAN_POINT('',(-0.00934942812301036,-0.00381049008148915,0.00296493589200744));
#6368=CARTESIAN_POINT('',(-0.00885861001527309,-0.00381666885619911,0.00252780246888963));
#6369=CARTESIAN_POINT('',(-0.00863365919343866,-0.00374600816406851,0.0022989983245951));
#6370=CARTESIAN_POINT('',(-0.0100915489575808,-0.00362265125737515,0.00357799622678003));
#6371=CARTESIAN_POINT('',(-0.0100913170987817,-0.00362256750169491,0.00357775568272591));
#6372=CARTESIAN_POINT('',(-0.0101651912477868,-0.00341743813349493,0.00357797341427741));
#6373=CARTESIAN_POINT('',(-0.0102324828262733,-0.00321017174650365,0.00357792386145268));
#6374=CARTESIAN_POINT('',(-0.0102931893913363,-0.00300076754820078,0.00357760450081335));
#6375=CARTESIAN_POINT('',(-0.0102935751347069,-0.003000878778284,0.00357799622678003));
#6376=CARTESIAN_POINT('',(-0.00918662658001568,-0.00204415058371383,0.00229899891016727));
#6377=CARTESIAN_POINT('',(-0.00940978956428527,-0.00211908610480841,0.0025274350022649));
#6378=CARTESIAN_POINT('',(-0.00980422498011056,-0.00241366639907406,0.00296575627883384));
#6379=CARTESIAN_POINT('',(-0.0101382985685408,-0.0027958266942345,0.00337654066046555));
#6380=CARTESIAN_POINT('',(-0.0102935720896179,-0.0030008753513083,0.00357799243837139));
#6381=CARTESIAN_POINT('',(0.,0.,0.00580711639365242));
#6382=CARTESIAN_POINT('',(-0.00593866199690869,-0.00132143894225712,0.00604132020851931));
#6383=CARTESIAN_POINT('',(-0.00622737531225156,-0.00141835108498033,0.00633684824942208));
#6384=CARTESIAN_POINT('',(-0.00645342838276356,-0.00167472510605903,0.00660758550399951));
#6385=CARTESIAN_POINT('',(-0.00665424460208685,-0.00193990627358328,0.00686812176216144));
#6386=CARTESIAN_POINT('',(-0.0059386621150785,-0.00132143841075444,0.00604132020842667));
#6387=CARTESIAN_POINT('',(-0.00665424658870433,-0.00193990844588655,0.0068681242163913));
#6388=CARTESIAN_POINT('',(-0.00652428255254417,-0.00234206767253807,0.00686877889194116));
#6389=CARTESIAN_POINT('',(-0.00657112592970183,-0.00220915374191745,0.00686798020414156));
#6390=CARTESIAN_POINT('',(-0.0066144527427086,-0.00207510230107755,0.00686776743920725));
#6391=CARTESIAN_POINT('',(-0.00665426185396693,-0.00193991298383418,0.00686813975559414));
#6392=CARTESIAN_POINT('',(-0.00652364849700651,-0.00234184814392607,0.0068681242163913));
#6393=CARTESIAN_POINT('',(-0.00652364511700417,-0.00234184693058323,0.00686812071226371));
#6394=CARTESIAN_POINT('',(-0.00620537549542627,-0.00243832483733599,0.00660763583669863));
#6395=CARTESIAN_POINT('',(-0.00587138011982013,-0.00251277772505747,0.0063364843110666));
#6396=CARTESIAN_POINT('',(-0.00558120057132567,-0.00242159188411542,0.00604132019881119));
#6397=CARTESIAN_POINT('',(-0.00558120075806111,-0.00242159098801238,0.00604132001793273));
#6398=CARTESIAN_POINT('',(-0.00558120121164262,-0.00242158994259764,0.00604132001792676));
#6399=CARTESIAN_POINT('',(-0.00552182896230114,-0.00239583004395493,0.00597816929224917));
#6400=CARTESIAN_POINT('',(-0.00546245671295956,-0.00237007014531217,0.00591501856657166));
#6401=CARTESIAN_POINT('',(-0.00540308446361797,-0.00234431024666941,0.00585186784089419));
#6402=CARTESIAN_POINT('',(-0.00575295790683517,-0.00128010512402931,0.00584803390593274));
#6403=CARTESIAN_POINT('',(-0.00567167268221258,-0.00164290672814687,0.00584803390593274));
#6404=CARTESIAN_POINT('',(-0.0055541338079679,-0.00200475163421635,0.00584803390593274));
#6405=CARTESIAN_POINT('',(-0.00540671198813997,-0.00234587553630648,0.00584803390593274));
#6406=CARTESIAN_POINT('',(-0.00574913078824712,-0.00127927156211487,0.00585186190130036));
#6407=CARTESIAN_POINT('',(-0.00581230724858764,-0.00129333009311375,0.00591501467032428));
#6408=CARTESIAN_POINT('',(-0.00587548370892815,-0.00130738862411263,0.00597816743934832));
#6409=CARTESIAN_POINT('',(-0.00593866016926854,-0.00132144715511148,0.00604132020837238));
#6410=CARTESIAN_POINT('',(-0.00744484109607261,-0.00165659536973136,0.00404802241991509));
#6411=CARTESIAN_POINT('',(-0.00758019035157586,-0.00168669897553138,0.0041499428962571));
#6412=CARTESIAN_POINT('',(-0.00699532573662952,-0.00303514620584926,0.00404669388945717));
#6413=CARTESIAN_POINT('',(-0.00712393075360192,-0.0030909606056111,0.00414992920057475));
#6414=CARTESIAN_POINT('',(-0.0101130897197522,-0.00363038377581241,0.00355812808354474));
#6415=CARTESIAN_POINT('',(-0.00997510829013394,-0.0035808512713008,0.00368536713406));
#6416=CARTESIAN_POINT('',(-0.00968254040477596,-0.00347582539333712,0.00395515748453597));
#6417=CARTESIAN_POINT('',(-0.00923543141518758,-0.00331532227430817,0.0043674569507877));
#6418=CARTESIAN_POINT('',(-0.00877169280195866,-0.0031488490922849,0.00479509112771454));
#6419=CARTESIAN_POINT('',(-0.00830789386341775,-0.00298235599673523,0.00522278278564103));
#6420=CARTESIAN_POINT('',(-0.00784416853967928,-0.00281588723776,0.00565040489460085));
#6421=CARTESIAN_POINT('',(-0.00738040319719237,-0.00264940523800161,0.00607806429313137));
#6422=CARTESIAN_POINT('',(-0.0069254445996119,-0.00248608672785387,0.00649760530219737));
#6423=CARTESIAN_POINT('',(-0.0066251723045444,-0.00237829488151649,0.00677449999279247));
#6424=CARTESIAN_POINT('',(-0.00647948490111801,-0.0023259959460455,0.00690884492211732));
#6425=CARTESIAN_POINT('',(-0.009983018094144,-0.0036758064490537,0.00343591796673797));
#6426=CARTESIAN_POINT('',(-0.00984681081964171,-0.00362565614378736,0.00356481921969989));
#6427=CARTESIAN_POINT('',(-0.00955800395554914,-0.00351931911530139,0.0038381372607641));
#6428=CARTESIAN_POINT('',(-0.00911661864978142,-0.00335677601348854,0.00425592596342808));
#6429=CARTESIAN_POINT('',(-0.00865886839674276,-0.00318821246357492,0.00468918450510033));
#6430=CARTESIAN_POINT('',(-0.00820103140688403,-0.00301963524938602,0.00512248334660754));
#6431=CARTESIAN_POINT('',(-0.00774336544295587,-0.00285109566655947,0.00555567697154162));
#6432=CARTESIAN_POINT('',(-0.00728550161775912,-0.00268251184596077,0.00598899183959547));
#6433=CARTESIAN_POINT('',(-0.00683653909067801,-0.00251717650289695,0.00641395777752993));
#6434=CARTESIAN_POINT('',(-0.00654011014764577,-0.00240803047362796,0.00669449616665421));
#6435=CARTESIAN_POINT('',(-0.0063962859338866,-0.00235507419738999,0.00683060981780093));
#6436=CARTESIAN_POINT('',(-0.00987049431746815,-0.00371012169491122,0.00333180171402541));
#6437=CARTESIAN_POINT('',(-0.00973581250448635,-0.00365949871248292,0.00346213426986397));
#6438=CARTESIAN_POINT('',(-0.00945024056850166,-0.0035521601864563,0.00373848539260672));
#6439=CARTESIAN_POINT('',(-0.009013811847639,-0.00338810890120286,0.00416085589020909));
#6440=CARTESIAN_POINT('',(-0.0085611527901222,-0.00321795376257081,0.0045989383488999));
#6441=CARTESIAN_POINT('',(-0.00810850648731911,-0.0030478167018585,0.00503697174962047));
#6442=CARTESIAN_POINT('',(-0.00765586650971146,-0.00287766740489464,0.00547503937122977));
#6443=CARTESIAN_POINT('',(-0.00720317958883321,-0.00270752082656855,0.00591309661992498));
#6444=CARTESIAN_POINT('',(-0.00675932049161604,-0.00254065663961045,0.00634270593418054));
#6445=CARTESIAN_POINT('',(-0.00646621803272936,-0.00243049046531873,0.00662633704999367));
#6446=CARTESIAN_POINT('',(-0.0063240072111529,-0.00237703908029458,0.00676395162412121));
#6447=CARTESIAN_POINT('',(-0.00963700005694484,-0.00376738989894557,0.00311792060795744));
#6448=CARTESIAN_POINT('',(-0.00950550279693341,-0.00371598243331704,0.00325118248881889));
#6449=CARTESIAN_POINT('',(-0.00922668320345958,-0.00360698124029762,0.00353374252703421));
#6450=CARTESIAN_POINT('',(-0.0088005735560211,-0.0034404103352233,0.00396553353068814));
#6451=CARTESIAN_POINT('',(-0.00835855117275913,-0.00326762036289244,0.00441344694760009));
#6452=CARTESIAN_POINT('',(-0.00791665680706426,-0.00309486845679103,0.0048612625139844));
#6453=CARTESIAN_POINT('',(-0.00747459295514268,-0.00292206228967929,0.00530922288959747));
#6454=CARTESIAN_POINT('',(-0.00703265374591774,-0.00274929508267585,0.00575707894276256));
#6455=CARTESIAN_POINT('',(-0.00659929248499947,-0.00257987521603331,0.00619625158751782));
#6456=CARTESIAN_POINT('',(-0.00631312545062627,-0.00246800285738813,0.00648625363584136));
#6457=CARTESIAN_POINT('',(-0.00617427968105313,-0.00241372339528376,0.00662696008727845));
#6458=CARTESIAN_POINT('',(-0.00951091200084991,-0.00379116472335636,0.00300405008342864));
#6459=CARTESIAN_POINT('',(-0.00938113707789281,-0.00373943418743459,0.00313886093626255));
#6460=CARTESIAN_POINT('',(-0.00910596974558564,-0.00362974785040255,0.00342470560472341));
#6461=CARTESIAN_POINT('',(-0.00868545112664642,-0.00346212614003493,0.00386152468093972));
#6462=CARTESIAN_POINT('',(-0.00824924399618118,-0.00328824973510628,0.00431464758098127));
#6463=CARTESIAN_POINT('',(-0.00781312298838587,-0.00311440709943955,0.00476767954406139));
#6464=CARTESIAN_POINT('',(-0.00737689774117002,-0.00294052239264873,0.00522082700758023));
#6465=CARTESIAN_POINT('',(-0.00694072491635695,-0.00276666223777195,0.00567390623338786));
#6466=CARTESIAN_POINT('',(-0.00651302661048349,-0.00259616066541193,0.00611823599197008));
#6467=CARTESIAN_POINT('',(-0.0062305974555513,-0.00248358107925616,0.00641162042056239));
#6468=CARTESIAN_POINT('',(-0.00609356525092051,-0.00242895857215912,0.00655396766122709));
#6469=CARTESIAN_POINT('',(-0.00929209281389701,-0.00381667575109266,0.00280819243829583));
#6470=CARTESIAN_POINT('',(-0.00916530453802935,-0.00376459871332685,0.00294567119834785));
#6471=CARTESIAN_POINT('',(-0.0088964705463259,-0.00365417767113886,0.00323717306284499));
#6472=CARTESIAN_POINT('',(-0.00848564957308578,-0.00348543308955538,0.00368264722444761));
#6473=CARTESIAN_POINT('',(-0.00805952592197936,-0.00331040365771476,0.0041447101794328));
#6474=CARTESIAN_POINT('',(-0.00763343423845329,-0.00313538924829871,0.00460673504061113));
#6475=CARTESIAN_POINT('',(-0.00720733631002225,-0.00296036735335705,0.00506877913154592));
#6476=CARTESIAN_POINT('',(-0.0067811669729507,-0.00278533168494477,0.00553085041084834));
#6477=CARTESIAN_POINT('',(-0.00636332998507204,-0.00261367502782966,0.00598405404435135));
#6478=CARTESIAN_POINT('',(-0.006087380911388,-0.00250033714233449,0.00628325104742266));
#6479=CARTESIAN_POINT('',(-0.00595349235613113,-0.00244534677522234,0.00642841785976622));
#6480=CARTESIAN_POINT('',(-0.00919395551888533,-0.00382274725826807,0.00272087726720114));
#6481=CARTESIAN_POINT('',(-0.00906851037476172,-0.00377058824776749,0.002859543628038));
#6482=CARTESIAN_POINT('',(-0.00880252359049132,-0.00365999328273762,0.00315356369734922));
#6483=CARTESIAN_POINT('',(-0.00839603290780084,-0.00349097951126213,0.00360288878548258));
#6484=CARTESIAN_POINT('',(-0.00797443342197483,-0.00331567466381521,0.00406895477416592));
#6485=CARTESIAN_POINT('',(-0.00755277305921732,-0.00314037905974397,0.00453492867964297));
#6486=CARTESIAN_POINT('',(-0.00713141972787245,-0.00296508381768786,0.00500116594621433));
#6487=CARTESIAN_POINT('',(-0.00670888341074224,-0.00278976423406352,0.00546647122943406));
#6488=CARTESIAN_POINT('',(-0.00629861816483996,-0.00261784367248909,0.00592642684826719));
#6489=CARTESIAN_POINT('',(-0.00602514532477141,-0.00250432265313253,0.00622782584501009));
#6490=CARTESIAN_POINT('',(-0.00589242405957762,-0.00244924331105284,0.00637403050335717));
#6491=CARTESIAN_POINT('',(-0.00902526863549741,-0.00382218110621141,0.00257076964232204));
#6492=CARTESIAN_POINT('',(-0.00890212395242171,-0.00377002955337081,0.00271148706165868));
#6493=CARTESIAN_POINT('',(-0.00864101487697913,-0.00365945029697519,0.00300985657662019));
#6494=CARTESIAN_POINT('',(-0.00824197671843675,-0.00349045738864783,0.00346584365211275));
#6495=CARTESIAN_POINT('',(-0.00782806331553983,-0.00331517063961773,0.00393879936124513));
#6496=CARTESIAN_POINT('',(-0.00741424618997754,-0.00313990132914035,0.00441175977779202));
#6497=CARTESIAN_POINT('',(-0.00700015938529261,-0.00296460724715669,0.0048845972955845));
#6498=CARTESIAN_POINT('',(-0.00658690682539558,-0.00278933306684444,0.00535808719851643));
#6499=CARTESIAN_POINT('',(-0.00617867522418491,-0.00261741152586797,0.0058199298482121));
#6500=CARTESIAN_POINT('',(-0.0059109993464342,-0.00250391782665308,0.00612644682917509));
#6501=CARTESIAN_POINT('',(-0.00578115100046573,-0.00244885211858624,0.00627518709319471));
#6502=CARTESIAN_POINT('',(-0.00895735225537686,-0.0038185520727416,0.0025102333211205));
#6503=CARTESIAN_POINT('',(-0.00883513006112389,-0.00376644855379421,0.00265177854303173));
#6504=CARTESIAN_POINT('',(-0.0085759770129345,-0.00365597111065857,0.00295190340619098));
#6505=CARTESIAN_POINT('',(-0.00817992915724564,-0.00348713273820338,0.00341057676427965));
#6506=CARTESIAN_POINT('',(-0.00776907497884641,-0.00331200129416978,0.00388629651292198));
#6507=CARTESIAN_POINT('',(-0.007358483015326,-0.00313690508246511,0.00436213078589741));
#6508=CARTESIAN_POINT('',(-0.00694701810539513,-0.00296172376104089,0.00483740757904305));
#6509=CARTESIAN_POINT('',(-0.00653854428981263,-0.00278675061155215,0.00531506550463439));
#6510=CARTESIAN_POINT('',(-0.00612731189938288,-0.00261451566084683,0.00577443062743413));
#6511=CARTESIAN_POINT('',(-0.00586251078864198,-0.00250119914665447,0.00608346289511619));
#6512=CARTESIAN_POINT('',(-0.00573412298234773,-0.00244622460639178,0.00623347974011981));
#6513=CARTESIAN_POINT('',(-0.00884323654076274,-0.00380469037293018,0.00240817886861873));
#6514=CARTESIAN_POINT('',(-0.00872256958657247,-0.0037527750407277,0.00255112232464823));
#6515=CARTESIAN_POINT('',(-0.00846671381429626,-0.00364269660604612,0.00285421183960993));
#6516=CARTESIAN_POINT('',(-0.00807569389786615,-0.00347446764860809,0.00331741333077242));
#6517=CARTESIAN_POINT('',(-0.00767013154581761,-0.00329997040265948,0.00379789379709357));
#6518=CARTESIAN_POINT('',(-0.00726452488736193,-0.00312549937958314,0.00427820926275522));
#6519=CARTESIAN_POINT('',(-0.00685919956868558,-0.00295098057409891,0.00475900914024981));
#6520=CARTESIAN_POINT('',(-0.00645253399421479,-0.00277651735642687,0.00523835033221364));
#6521=CARTESIAN_POINT('',(-0.0060590627053338,-0.00260539713984134,0.00571324714160162));
#6522=CARTESIAN_POINT('',(-0.00579589049326563,-0.00249242675948013,0.00602377139417902));
#6523=CARTESIAN_POINT('',(-0.00566815632306148,-0.00243761488228793,0.0061743935179671));
#6524=CARTESIAN_POINT('',(-0.00880229940629987,-0.00379798413295587,0.0023714653188556));
#6525=CARTESIAN_POINT('',(-0.00868218863434399,-0.0037461592259582,0.00251490902604694));
#6526=CARTESIAN_POINT('',(-0.00842751225086419,-0.00363627258689518,0.00281905946834711));
#6527=CARTESIAN_POINT('',(-0.00803829747932939,-0.0034683386435927,0.0032838890392108));
#6528=CARTESIAN_POINT('',(-0.0076346440443927,-0.00329415073538144,0.00376608203830865));
#6529=CARTESIAN_POINT('',(-0.00723078504300405,-0.0031199711661398,0.00424797661162275));
#6530=CARTESIAN_POINT('',(-0.00682780491305308,-0.00294580980576719,0.00473086095754959));
#6531=CARTESIAN_POINT('',(-0.00642127424670354,-0.00277146471969855,0.00521038160369779));
#6532=CARTESIAN_POINT('',(-0.00603602418930531,-0.00260133673274889,0.00569242501576709));
#6533=CARTESIAN_POINT('',(-0.00577318097173256,-0.00248847011023824,0.00600327398616216));
#6534=CARTESIAN_POINT('',(-0.00564553740330547,-0.00243370111183036,0.00615399418320329));
#6535=CARTESIAN_POINT('',(-0.00874784651684868,-0.00378583700380967,0.00232196734432528));
#6536=CARTESIAN_POINT('',(-0.00862848165292533,-0.00373417896837051,0.00246608799735318));
#6537=CARTESIAN_POINT('',(-0.00837538640535815,-0.00362464602729909,0.0027716737810939));
#6538=CARTESIAN_POINT('',(-0.00798857454669936,-0.00345724878520609,0.00323869640409317));
#6539=CARTESIAN_POINT('',(-0.00758732639045854,-0.00328360040610725,0.0037230609642446));
#6540=CARTESIAN_POINT('',(-0.00718631760337523,-0.00311005501771867,0.00420755981053368));
#6541=CARTESIAN_POINT('',(-0.00678449192832482,-0.00293616340710243,0.00469145700568596));
#6542=CARTESIAN_POINT('',(-0.00638550536817105,-0.0027634730034508,0.00517784262791474));
#6543=CARTESIAN_POINT('',(-0.00598419874983743,-0.00258987141661514,0.00564529453639906));
#6544=CARTESIAN_POINT('',(-0.00572554887367786,-0.00247792380327388,0.00595996105208658));
#6545=CARTESIAN_POINT('',(-0.00560014013638918,-0.00242364418333156,0.00611271556727084));
#6546=CARTESIAN_POINT('',(-0.00871502811700893,-0.00377638083717873,0.00229161141175203));
#6547=CARTESIAN_POINT('',(-0.00859611401633479,-0.00372485289751498,0.00243614562917525));
#6548=CARTESIAN_POINT('',(-0.00834397449930653,-0.0036155956730946,0.00274260868551084));
#6549=CARTESIAN_POINT('',(-0.00795862194502379,-0.00344861583603266,0.00321098327609674));
#6550=CARTESIAN_POINT('',(-0.00755888009191566,-0.0032754057426306,0.00369672108421214));
#6551=CARTESIAN_POINT('',(-0.007159430664469,-0.00310229392002676,0.00418266467996233));
#6552=CARTESIAN_POINT('',(-0.006758938513729,-0.00292884153146406,0.00466777912841314));
#6553=CARTESIAN_POINT('',(-0.00636219789541721,-0.00275659727369187,0.00515614415942394));
#6554=CARTESIAN_POINT('',(-0.00595966048351998,-0.00258337126470679,0.00562285902164744));
#6555=CARTESIAN_POINT('',(-0.00570235722040916,-0.00247170946564948,0.00593872370927286));
#6556=CARTESIAN_POINT('',(-0.00557763107386219,-0.00241756903198328,0.00609208237097971));
#6557=CARTESIAN_POINT('',(-0.00867203872699671,-0.00376266048969186,0.00225194549380933));
#6558=CARTESIAN_POINT('',(-0.00855371107601051,-0.00371131973103563,0.00239701548811162));
#6559=CARTESIAN_POINT('',(-0.0083028147831293,-0.00360245931133272,0.00270461495724671));
#6560=CARTESIAN_POINT('',(-0.00791935460754314,-0.00343608337204949,0.00317473777739458));
#6561=CARTESIAN_POINT('',(-0.00752164954634942,-0.00326352362658351,0.00366232527683818));
#6562=CARTESIAN_POINT('',(-0.00712395650715548,-0.00309097212443023,0.00414989769186392));
#6563=CARTESIAN_POINT('',(-0.00672623612362693,-0.00291840668937616,0.00463750323998997));
#6564=CARTESIAN_POINT('',(-0.00632857672147675,-0.00274586873408419,0.00512503461130941));
#6565=CARTESIAN_POINT('',(-0.00593850050128046,-0.00257661862116101,0.0056032696800419));
#6566=CARTESIAN_POINT('',(-0.0056810029443576,-0.0024648945256149,0.00591896233348655));
#6567=CARTESIAN_POINT('',(-0.00555606852807307,-0.00241068748899006,0.00607213223685015));
#6568=CARTESIAN_POINT('',(-0.00866848978906871,-0.00376152782273456,0.00224867092116255));
#6569=CARTESIAN_POINT('',(-0.00855021055173852,-0.00371020251658362,0.00239378514588742));
#6570=CARTESIAN_POINT('',(-0.00829941689174712,-0.0036013748546219,0.00270147843022866));
#6571=CARTESIAN_POINT('',(-0.00791611293923202,-0.00343504876940105,0.00317174557338734));
#6572=CARTESIAN_POINT('',(-0.00751857602297068,-0.00326254271263492,0.0036594857718971));
#6573=CARTESIAN_POINT('',(-0.00712102798031855,-0.00309003746706956,0.00414719265215956));
#6574=CARTESIAN_POINT('',(-0.00672353641673328,-0.00291754525340677,0.00463500385005449));
#6575=CARTESIAN_POINT('',(-0.00632580116547683,-0.00274498305226561,0.0051224663995903));
#6576=CARTESIAN_POINT('',(-0.00593675366413054,-0.00257606116470984,0.00560165250526019));
#6577=CARTESIAN_POINT('',(-0.00567924006751327,-0.00246433192635125,0.0059173309566278));
#6578=CARTESIAN_POINT('',(-0.00555428845776843,-0.00241011939139843,0.00607048527727103));
#6579=CARTESIAN_POINT('',(-0.0086649408511407,-0.00376039515577725,0.00224539634851576));
#6580=CARTESIAN_POINT('',(-0.00854671002746653,-0.00370908530213162,0.00239055480366323));
#6581=CARTESIAN_POINT('',(-0.00829601900036495,-0.00360029039791108,0.00269834190321061));
#6582=CARTESIAN_POINT('',(-0.0079128712709209,-0.00343401416675261,0.00316875336938009));
#6583=CARTESIAN_POINT('',(-0.00751550249959193,-0.00326156179868632,0.00365664626695601));
#6584=CARTESIAN_POINT('',(-0.00711809945348162,-0.00308910280970889,0.00414448761245521));
#6585=CARTESIAN_POINT('',(-0.00672083670983963,-0.00291668381743739,0.004632504460119));
#6586=CARTESIAN_POINT('',(-0.00632302560947691,-0.00274409737044702,0.00511989818787119));
#6587=CARTESIAN_POINT('',(-0.00593500682698062,-0.00257550370825868,0.00560003533047849));
#6588=CARTESIAN_POINT('',(-0.00567747719066894,-0.0024637693270876,0.00591569957976906));
#6589=CARTESIAN_POINT('',(-0.00555250838746379,-0.00240955129380679,0.00606883831769191));
#6590=CARTESIAN_POINT('',(-0.00866139191321269,-0.00375926248881995,0.00224212177586897));
#6591=CARTESIAN_POINT('',(-0.00854320950319454,-0.00370796808767961,0.00238732446143903));
#6592=CARTESIAN_POINT('',(-0.00829262110898278,-0.00359920594120026,0.00269520537619255));
#6593=CARTESIAN_POINT('',(-0.00790962960260978,-0.00343297956410418,0.00316576116537285));
#6594=CARTESIAN_POINT('',(-0.00751242897621319,-0.00326058088473773,0.00365380676201493));
#6595=CARTESIAN_POINT('',(-0.00711517092664469,-0.00308816815234822,0.00414178257275085));
#6596=CARTESIAN_POINT('',(-0.00671813700294599,-0.002915822381468,0.00463000507018352));
#6597=CARTESIAN_POINT('',(-0.00632025005347698,-0.00274321168862844,0.00511732997615208));
#6598=CARTESIAN_POINT('',(-0.0059332599898307,-0.00257494625180752,0.00559841815569678));
#6599=CARTESIAN_POINT('',(-0.0056757143138246,-0.00246320672782394,0.00591406820291031));
#6600=CARTESIAN_POINT('',(-0.00555072831715915,-0.00240898319621515,0.00606719135811279));
#6601=CARTESIAN_POINT('',(-0.00830788157222915,-0.00298235100035172,0.00522279408713123));
#6602=CARTESIAN_POINT('',(-0.000145831105863975,-5.80135522487047E-5,-0.0071545493416344));
#6603=CARTESIAN_POINT('',(-0.00847423398939881,-0.00247048781322329,0.00522276117126156));
#6604=CARTESIAN_POINT('',(-0.00922744479896431,-0.00205323566196884,0.00225196675605712));
#6605=CARTESIAN_POINT('',(-0.00910153678074297,-0.0020252195942622,0.00239703861497261));
#6606=CARTESIAN_POINT('',(-0.00883456865842779,-0.00196581590724708,0.00270464065155936));
#6607=CARTESIAN_POINT('',(-0.00842660428739168,-0.00187503797985572,0.00317469953952511));
#6608=CARTESIAN_POINT('',(-0.00800336844687239,-0.00178086242817245,0.00366235437718064));
#6609=CARTESIAN_POINT('',(-0.00758022051528192,-0.00168670547100548,0.00414990839757574));
#6610=CARTESIAN_POINT('',(-0.00715702692114551,-0.00159253965151619,0.00463751349399863));
#6611=CARTESIAN_POINT('',(-0.00673392668231924,-0.00149839458923256,0.00512501191571205));
#6612=CARTESIAN_POINT('',(-0.00631887722451888,-0.00140604154541161,0.00560323413637834));
#6613=CARTESIAN_POINT('',(-0.00604491589057645,-0.0013450813556854,0.00591889402047866));
#6614=CARTESIAN_POINT('',(-0.00591200770986082,-0.00131550743457743,0.00607203162172663));
#6615=CARTESIAN_POINT('',(-0.00929576541393815,-0.00207582968082208,0.00231522913218366));
#6616=CARTESIAN_POINT('',(-0.00916891969503896,-0.00204750343606412,0.00245943989291729));
#6617=CARTESIAN_POINT('',(-0.00889996374421267,-0.00198744224057955,0.00276521602982483));
#6618=CARTESIAN_POINT('',(-0.00848897431110812,-0.00189566477273749,0.00323248237785693));
#6619=CARTESIAN_POINT('',(-0.00806258372123024,-0.0018004453300464,0.00371724592587171));
#6620=CARTESIAN_POINT('',(-0.00763630770683452,-0.00170525337763999,0.00420188698752769));
#6621=CARTESIAN_POINT('',(-0.00720992221494304,-0.00161003603766781,0.00468665312946639));
#6622=CARTESIAN_POINT('',(-0.00678370162050573,-0.0015148580355693,0.0051712258095376));
#6623=CARTESIAN_POINT('',(-0.00636557278533134,-0.0014214849326482,0.00564659420272694));
#6624=CARTESIAN_POINT('',(-0.00608958577973617,-0.00135985458370148,0.00596036801344963));
#6625=CARTESIAN_POINT('',(-0.00595569496931027,-0.00132995558781342,0.00611259058292278));
#6626=CARTESIAN_POINT('',(-0.00935790270065278,-0.00210238750839226,0.00237522145713893));
#6627=CARTESIAN_POINT('',(-0.00923020952078479,-0.00207369915406069,0.00251861623209457));
#6628=CARTESIAN_POINT('',(-0.00895945685321626,-0.00201287029152635,0.00282266223461084));
#6629=CARTESIAN_POINT('',(-0.00854572754387122,-0.0019199236225515,0.0032872857511458));
#6630=CARTESIAN_POINT('',(-0.0081164898980707,-0.00182348782526666,0.00376930957969373));
#6631=CARTESIAN_POINT('',(-0.00768738190436149,-0.00172708436617189,0.00425119335010215));
#6632=CARTESIAN_POINT('',(-0.00725811626731693,-0.00163064319972625,0.00473325755368358));
#6633=CARTESIAN_POINT('',(-0.00682905752698551,-0.0015342524491632,0.00521508245136461));
#6634=CARTESIAN_POINT('',(-0.00640815027964582,-0.00143969095829571,0.00568775325810007));
#6635=CARTESIAN_POINT('',(-0.00613032055115629,-0.00137727353433157,0.00599974910403408));
#6636=CARTESIAN_POINT('',(-0.00599553565246542,-0.00134699266486562,0.00615110915659528));
#6637=CARTESIAN_POINT('',(-0.00947270087177292,-0.00216499439778313,0.00249129848454872));
#6638=CARTESIAN_POINT('',(-0.0093434497578292,-0.00213545382674164,0.00263310261705108));
#6639=CARTESIAN_POINT('',(-0.0090693921598549,-0.0020728173904686,0.0029337762746505));
#6640=CARTESIAN_POINT('',(-0.00865056488429965,-0.00197709092280499,0.00339325729964724));
#6641=CARTESIAN_POINT('',(-0.0082160995578716,-0.00187779154065851,0.00386991688685346));
#6642=CARTESIAN_POINT('',(-0.00778172948918243,-0.00177851432242656,0.00434646104706497));
#6643=CARTESIAN_POINT('',(-0.00734720131916645,-0.00167919796518992,0.00482318161761719));
#6644=CARTESIAN_POINT('',(-0.00691284278517437,-0.00157992423577451,0.00529971038906804));
#6645=CARTESIAN_POINT('',(-0.00648680881314887,-0.00148255280613378,0.00576711588052978));
#6646=CARTESIAN_POINT('',(-0.00620555656011402,-0.0014182717137128,0.00607567839901555));
#6647=CARTESIAN_POINT('',(-0.00606911075226164,-0.00138708659271554,0.00622537339732822));
#6648=CARTESIAN_POINT('',(-0.00953431656273308,-0.00220368253747626,0.00255602074599872));
#6649=CARTESIAN_POINT('',(-0.00940422949632327,-0.0021736155216169,0.00269693429298356));
#6650=CARTESIAN_POINT('',(-0.00912839909333052,-0.00210986286546371,0.00299572074894328));
#6651=CARTESIAN_POINT('',(-0.00870685368871113,-0.00201243136615427,0.00345235240892972));
#6652=CARTESIAN_POINT('',(-0.00826959120215594,-0.00191136633061666,0.00392600895489662));
#6653=CARTESIAN_POINT('',(-0.00783239920874654,-0.00181031788850275,0.00439958628790858));
#6654=CARTESIAN_POINT('',(-0.00739508104960851,-0.00170923858056198,0.00487330462373963));
#6655=CARTESIAN_POINT('',(-0.00695786983182834,-0.00160818544222155,0.00534689930095426));
#6656=CARTESIAN_POINT('',(-0.00652908920507892,-0.00150908077779494,0.00581136592445496));
#6657=CARTESIAN_POINT('',(-0.00624599764055726,-0.00144364973301959,0.00611801959318062));
#6658=CARTESIAN_POINT('',(-0.00610865916105247,-0.00141190664999799,0.00626678896315873));
#6659=CARTESIAN_POINT('',(-0.00967369569259248,-0.00230176716346755,0.00270778072901749));
#6660=CARTESIAN_POINT('',(-0.00954171267847818,-0.00227036335543925,0.00284661919325369));
#6661=CARTESIAN_POINT('',(-0.00926186148059089,-0.00220377596833863,0.00314100622983892));
#6662=CARTESIAN_POINT('',(-0.00883414952192278,-0.00210200434755254,0.00359092905095335));
#6663=CARTESIAN_POINT('',(-0.00839054077241483,-0.00199645318221617,0.00405758102120311));
#6664=CARTESIAN_POINT('',(-0.0079469597131575,-0.00189090701990967,0.00452420266740898));
#6665=CARTESIAN_POINT('',(-0.00750331532862441,-0.00178534691260755,0.00499089587220759));
#6666=CARTESIAN_POINT('',(-0.00705966222827473,-0.00167978189653266,0.0054575924373056));
#6667=CARTESIAN_POINT('',(-0.00662466252968836,-0.00157627882493974,0.00591518967518698));
#6668=CARTESIAN_POINT('',(-0.0063374157970562,-0.00150792966963006,0.00621735432342691));
#6669=CARTESIAN_POINT('',(-0.00619806081967778,-0.00147477070779453,0.00636394652787481));
#6670=CARTESIAN_POINT('',(-0.00975720571267758,-0.0023708301341437,0.00280381689354008));
#6671=CARTESIAN_POINT('',(-0.00962406623880581,-0.00233847744528042,0.00294135437927077));
#6672=CARTESIAN_POINT('',(-0.0093417649937742,-0.0022698789600447,0.00323298181907455));
#6673=CARTESIAN_POINT('',(-0.0089103706899842,-0.00216505987858782,0.0036786551013581));
#6674=CARTESIAN_POINT('',(-0.00846290094706556,-0.00205632506104066,0.00414090043753314));
#6675=CARTESIAN_POINT('',(-0.00801548581182875,-0.00194761227562562,0.004603121660772));
#6676=CARTESIAN_POINT('',(-0.00756799845658289,-0.00183887213232371,0.00506538430840165));
#6677=CARTESIAN_POINT('',(-0.00712050260388703,-0.00173013525811584,0.00552768009618421));
#6678=CARTESIAN_POINT('',(-0.00668174133255863,-0.00162351992518868,0.00598093749636296));
#6679=CARTESIAN_POINT('',(-0.00639201599777549,-0.00155312030219911,0.00628024545122941));
#6680=CARTESIAN_POINT('',(-0.00625145862255256,-0.00151896663926317,0.00642545188156377));
#6681=CARTESIAN_POINT('',(-0.0100112074975006,-0.00260507015625354,0.00311111331799178));
#6682=CARTESIAN_POINT('',(-0.00987459694917018,-0.00256952632658902,0.00324448881489937));
#6683=CARTESIAN_POINT('',(-0.00958493602757419,-0.00249416068217328,0.00352728804860057));
#6684=CARTESIAN_POINT('',(-0.00914230085320083,-0.0023789748616288,0.00395936908664467));
#6685=CARTESIAN_POINT('',(-0.00868314984519881,-0.00225951681092838,0.00440766222415706));
#6686=CARTESIAN_POINT('',(-0.00822406829786746,-0.00214005341489738,0.00485580583992643));
#6687=CARTESIAN_POINT('',(-0.00776493862273984,-0.00202060452541523,0.00530408941785104));
#6688=CARTESIAN_POINT('',(-0.00730582866848976,-0.00190113875264674,0.00575228051383895));
#6689=CARTESIAN_POINT('',(-0.0068556589740837,-0.00178401352657179,0.00619177119335279));
#6690=CARTESIAN_POINT('',(-0.00655842086475474,-0.00170666992628933,0.0064819423063926));
#6691=CARTESIAN_POINT('',(-0.00641421901973927,-0.00166914740693185,0.00662271545952694));
#6692=CARTESIAN_POINT('',(-0.0101591211893554,-0.00278222808180169,0.00331563774150706));
#6693=CARTESIAN_POINT('',(-0.010020530850193,-0.00274428285506282,0.00344618748423992));
#6694=CARTESIAN_POINT('',(-0.00972666486724133,-0.00266382165916014,0.00372299934095857));
#6695=CARTESIAN_POINT('',(-0.00927738570676627,-0.00254073545152346,0.00414605726068882));
#6696=CARTESIAN_POINT('',(-0.00881161145091552,-0.0024132146944004,0.00458481831733513));
#6697=CARTESIAN_POINT('',(-0.00834567779853195,-0.00228559117822978,0.00502361208083592));
#6698=CARTESIAN_POINT('',(-0.00788012084243176,-0.00215814867091373,0.00546219832804085));
#6699=CARTESIAN_POINT('',(-0.00741414432453421,-0.00203052426840606,0.00590105663146125));
#6700=CARTESIAN_POINT('',(-0.00695726754785738,-0.00190541762750399,0.00633139354168361));
#6701=CARTESIAN_POINT('',(-0.00665564149941742,-0.00182281254250392,0.00661547556934537));
#6702=CARTESIAN_POINT('',(-0.00650931144479156,-0.00178273758610906,0.00675329405728507));
#6703=CARTESIAN_POINT('',(-0.0103155480588852,-0.00300728282189593,0.00355812687597506));
#6704=CARTESIAN_POINT('',(-0.0101747959428209,-0.00296624947946455,0.00368537366539243));
#6705=CARTESIAN_POINT('',(-0.00987635401373482,-0.00287924498629979,0.00395517969574964));
#6706=CARTESIAN_POINT('',(-0.00942031637198828,-0.00274629748278959,0.00436745829101313));
#6707=CARTESIAN_POINT('',(-0.00894725765674879,-0.00260838746138818,0.00479512584148079));
#6708=CARTESIAN_POINT('',(-0.00847427983013721,-0.00247050129023632,0.00522271926827526));
#6709=CARTESIAN_POINT('',(-0.00800117822529158,-0.00233257835540828,0.00565042736105104));
#6710=CARTESIAN_POINT('',(-0.00752821627950856,-0.00219469755804801,0.00607800516570073));
#6711=CARTESIAN_POINT('',(-0.0070640660274459,-0.00205938078384735,0.00649762559266368));
#6712=CARTESIAN_POINT('',(-0.00675782223968014,-0.0019701023901757,0.00677448388159147));
#6713=CARTESIAN_POINT('',(-0.00660925444801331,-0.00192679087701363,0.00690879584341519));
#6714=CARTESIAN_POINT('',(0.,0.,0.00584803390593274));
#6715=CARTESIAN_POINT('',(0.,0.,0.002));
#6716=CARTESIAN_POINT('',(-0.00907249221897319,0.000866466818733477,0.00200279509074903));
#6717=CARTESIAN_POINT('',(-0.00889601537132619,0.0019794945816307,0.00200301617344234));
#6718=CARTESIAN_POINT('',(-0.00747030400507931,0.000713416691229726,0.00392438009641047));
#6719=CARTESIAN_POINT('',(-0.00586518280541015,0.000560142118374477,0.00584967957822384));
#6720=CARTESIAN_POINT('',(0.,0.,0.00584803390593274));
#6721=CARTESIAN_POINT('',(-0.0057512165372117,0.00127973442309585,0.00584968450963297));
#6722=CARTESIAN_POINT('',(-0.00889601303434782,0.00197951083668447,0.00200301722003453));
#6723=CARTESIAN_POINT('',(0.,0.,0.00193670395716381));
#6724=CARTESIAN_POINT('',(-0.00906979555524018,0.000866160166135444,0.00200603320155829));
#6725=CARTESIAN_POINT('',(-0.00936867830203906,0.000894718519894348,0.00229899864202097));
#6726=CARTESIAN_POINT('',(-0.0090748278132279,-0.000866649081579052,0.002));
#6727=CARTESIAN_POINT('',(-0.00912983911962308,-0.000290616470539469,0.002));
#6728=CARTESIAN_POINT('',(-0.00912983782481738,0.000290657144558023,0.002));
#6729=CARTESIAN_POINT('',(-0.00907482395216035,0.000866689510512975,0.002));
#6730=CARTESIAN_POINT('',(-0.00936868114437098,-0.000894692594990807,0.00229899899817791));
#6731=CARTESIAN_POINT('',(-0.00936867843327885,-0.000894720985756139,0.00229899899824227));
#6732=CARTESIAN_POINT('',(-0.0107170917653437,-0.000326885882909113,0.00357799385117149));
#6733=CARTESIAN_POINT('',(-0.0105059663125088,-0.000473972251719292,0.0033764578529231));
#6734=CARTESIAN_POINT('',(-0.0100693407320995,-0.00073485924458104,0.00296493589200744));
#6735=CARTESIAN_POINT('',(-0.0096044543188101,-0.000892406744969432,0.00252780246888963));
#6736=CARTESIAN_POINT('',(-0.00936867801915586,-0.000894718060118147,0.0022989983245951));
#6737=CARTESIAN_POINT('',(-0.0107170941988415,-0.000326885957132203,0.00357799622678003));
#6738=CARTESIAN_POINT('',(-0.0107168478060912,-0.000326877949055953,0.00357775568272598));
#6739=CARTESIAN_POINT('',(-0.0107237178360691,-0.000108959959258283,0.00357797341427742));
#6740=CARTESIAN_POINT('',(-0.0107236670943374,0.000108956330029353,0.00357792386145266));
#6741=CARTESIAN_POINT('',(-0.0107166930126534,0.000326870917639462,0.00357760450081334));
#6742=CARTESIAN_POINT('',(-0.0107170942483857,0.000326884332801006,0.00357799622678003));
#6743=CARTESIAN_POINT('',(-0.00936867834112321,0.000894721001271867,0.00229899891016727));
#6744=CARTESIAN_POINT('',(-0.00960407530100925,0.000892414240287636,0.0025274350022649));
#6745=CARTESIAN_POINT('',(-0.0100702359906236,0.0007341389785275,0.00296575627883384));
#6746=CARTESIAN_POINT('',(-0.0105060528796021,0.000473917355742653,0.00337654066046555));
#6747=CARTESIAN_POINT('',(-0.0107170902933401,0.000326886651064292,0.00357799243837139));
#6748=CARTESIAN_POINT('',(0.,0.,0.00580711639365242));
#6749=CARTESIAN_POINT('',(-0.0060563502804207,0.000578384363973637,0.00604132020851931));
#6750=CARTESIAN_POINT('',(-0.00636088045938148,0.000575432760071889,0.00633684824942208));
#6751=CARTESIAN_POINT('',(-0.00665509363455,0.000401460817135038,0.00660758550399951));
#6752=CARTESIAN_POINT('',(-0.00692802669586836,0.000211314164279368,0.00686812176216144));
#6753=CARTESIAN_POINT('',(-0.00605635022856351,0.000578384905979207,0.00604132020842667));
#6754=CARTESIAN_POINT('',(-0.00692802925653249,0.000211312712194748,0.0068681242163913));
#6755=CARTESIAN_POINT('',(-0.00692870014853834,-0.00021132453673144,0.00686877889194114));
#6756=CARTESIAN_POINT('',(-0.00693217818427846,-7.04404772926747E-5,0.00686798020414155));
#6757=CARTESIAN_POINT('',(-0.00693196025877888,7.04387405680705E-5,0.00686776743920725));
#6758=CARTESIAN_POINT('',(-0.00692804517696292,0.000211313113575653,0.00686813975559416));
#6759=CARTESIAN_POINT('',(-0.00692802928781571,-0.000211311686550999,0.0068681242163913));
#6760=CARTESIAN_POINT('',(-0.0069280256982989,-0.000211311577071557,0.00686812071226371));
#6761=CARTESIAN_POINT('',(-0.00665514661352676,-0.000401418240828134,0.00660763583669863));
#6762=CARTESIAN_POINT('',(-0.00636050534273033,-0.000575437391957598,0.0063364843110666));
#6763=CARTESIAN_POINT('',(-0.00605635021774163,-0.000578384915640631,0.00604132019881119));
#6764=CARTESIAN_POINT('',(-0.00605635011842652,-0.000578384005691569,0.00604132001793273));
#6765=CARTESIAN_POINT('',(-0.00605635022675725,-0.000578382871278674,0.00604132001792676));
#6766=CARTESIAN_POINT('',(-0.00599192361567996,-0.000572230785856205,0.00597816929224917));
#6767=CARTESIAN_POINT('',(-0.00592749700460256,-0.000566078700433725,0.00591501856657167));
#6768=CARTESIAN_POINT('',(-0.00586307039352515,-0.000559926615011244,0.00585186784089419));
#6769=CARTESIAN_POINT('',(-0.00586696234317881,0.000560309441384903,0.00584803390593274));
#6770=CARTESIAN_POINT('',(-0.00590176736188181,0.000190146095866604,0.00584803390593274));
#6771=CARTESIAN_POINT('',(-0.00590179747491688,-0.000190310369580282,0.00584803390593274));
#6772=CARTESIAN_POINT('',(-0.00586700407545879,-0.000560294327195642,0.00584803390593274));
#6773=CARTESIAN_POINT('',(-0.0058630649523096,0.000559919561192173,0.00585186190130036));
#6774=CARTESIAN_POINT('',(-0.00592749366158752,0.000566071703565823,0.00591501467032428));
#6775=CARTESIAN_POINT('',(-0.00599192237086541,0.000572223845939472,0.00597816743934832));
#6776=CARTESIAN_POINT('',(-0.0060563510801432,0.000578375988313109,0.00604132020837238));
#6777=CARTESIAN_POINT('',(-0.00759238075925164,0.000725066597860061,0.00404802241991509));
#6778=CARTESIAN_POINT('',(-0.00773040807645788,0.000738261587526479,0.0041499428962571));
#6779=CARTESIAN_POINT('',(-0.00759086188344876,-0.000724921043174473,0.00404669388945717));
#6780=CARTESIAN_POINT('',(-0.00773042012092586,-0.000738262555964729,0.00414992920057475));
#6781=CARTESIAN_POINT('',(-0.010739970160677,-0.000327583557596584,0.00355812808354474));
#6782=CARTESIAN_POINT('',(-0.0105934356372428,-0.000323113953072597,0.00368536713406));
#6783=CARTESIAN_POINT('',(-0.0102827322622744,-0.000313636856039579,0.00395515748453597));
#6784=CARTESIAN_POINT('',(-0.00980790815280214,-0.000299153594922018,0.0043674569507877));
#6785=CARTESIAN_POINT('',(-0.00931542348048024,-0.000284131302806003,0.00479509112771454));
#6786=CARTESIAN_POINT('',(-0.0088228752817592,-0.000269108713347541,0.00522278278564103));
#6787=CARTESIAN_POINT('',(-0.00833040461529078,-0.000254086521121799,0.00565040489460085));
#6788=CARTESIAN_POINT('',(-0.00783789179710389,-0.000239064102636298,0.00607806429313137));
#6789=CARTESIAN_POINT('',(-0.00735473226309883,-0.000224328907718034,0.00649760530219737));
#6790=CARTESIAN_POINT('',(-0.00703584682783868,-0.000214602011971211,0.00677449999279247));
#6791=CARTESIAN_POINT('',(-0.00688112861361964,-0.000209882652121337,0.00690884492211732));
#6792=CARTESIAN_POINT('',(-0.0106303010715187,-0.000410977429769167,0.00343591796673797));
#6793=CARTESIAN_POINT('',(-0.0104852629589361,-0.000405372017730133,0.00356481921969989));
#6794=CARTESIAN_POINT('',(-0.0101777313599566,-0.000393485722961825,0.0038381372607641));
#6795=CARTESIAN_POINT('',(-0.00970772040793069,-0.000375293607353487,0.00425592596342808));
#6796=CARTESIAN_POINT('',(-0.00922028504538704,-0.000356432752166679,0.00468918450510033));
#6797=CARTESIAN_POINT('',(-0.00873276296873219,-0.000337585704633258,0.00512248334660754));
#6798=CARTESIAN_POINT('',(-0.00824541517613353,-0.000318721596733201,0.00555567697154162));
#6799=CARTESIAN_POINT('',(-0.00775786553606268,-0.000299876558706192,0.00598899183959547));
#6800=CARTESIAN_POINT('',(-0.00727978536833232,-0.000281370354017037,0.00641395777752993));
#6801=CARTESIAN_POINT('',(-0.00696413671253037,-0.000269167892674589,0.00669449616665421));
#6802=CARTESIAN_POINT('',(-0.00681098736751733,-0.00026324760733393,0.00683060981780093));
#6803=CARTESIAN_POINT('',(-0.0105338885946091,-0.000478384927214326,0.00333180171402541));
#6804=CARTESIAN_POINT('',(-0.01039015521687,-0.000471858578946203,0.00346213426986397));
#6805=CARTESIAN_POINT('',(-0.0100853907375874,-0.000458020155654893,0.00373848539260672));
#6806=CARTESIAN_POINT('',(-0.00961962772362025,-0.000436862003387895,0.00416085589020909));
#6807=CARTESIAN_POINT('',(-0.00913654254779134,-0.000414914191441215,0.0045989383488999));
#6808=CARTESIAN_POINT('',(-0.00865347508880044,-0.000392979631194615,0.00503697174962047));
#6809=CARTESIAN_POINT('',(-0.00817040986421821,-0.000371031478988352,0.00547503937122977));
#6810=CARTESIAN_POINT('',(-0.00768730083403786,-0.00034910041862864,0.00591309661992498));
#6811=CARTESIAN_POINT('',(-0.00721360187778997,-0.000327563150433884,0.00634270593418054));
#6812=CARTESIAN_POINT('',(-0.00690080165426224,-0.000313362533387511,0.00662633704999367));
#6813=CARTESIAN_POINT('',(-0.00674903373936892,-0.000306472806006436,0.00676395162412121));
#6814=CARTESIAN_POINT('',(-0.0103295192049049,-0.000605003920428432,0.00311792060795744));
#6815=CARTESIAN_POINT('',(-0.010188572098379,-0.000596747403313463,0.00325118248881889));
#6816=CARTESIAN_POINT('',(-0.00988971568608487,-0.000579241101156528,0.00353374252703421));
#6817=CARTESIAN_POINT('',(-0.00943298808879589,-0.00055249787898603,0.00396553353068814));
#6818=CARTESIAN_POINT('',(-0.00895920478293847,-0.000524757278172366,0.00441344694760009));
#6819=CARTESIAN_POINT('',(-0.00848555499213424,-0.000497013320890459,0.0048612625139844));
#6820=CARTESIAN_POINT('',(-0.00801172724277536,-0.000469270132445472,0.00530922288959747));
#6821=CARTESIAN_POINT('',(-0.0075380300750009,-0.000441525480553872,0.00575707894276256));
#6822=CARTESIAN_POINT('',(-0.00707352540591741,-0.00041431360672113,0.00619625158751782));
#6823=CARTESIAN_POINT('',(-0.00676679392310575,-0.000396347147889523,0.00648625363584136));
#6824=CARTESIAN_POINT('',(-0.00661797047295741,-0.000387630014149331,0.00662696008727845));
#6825=CARTESIAN_POINT('',(-0.01021694916231,-0.000666578474229121,0.00300405008342864));
#6826=CARTESIAN_POINT('',(-0.010077540261452,-0.000657482467586726,0.00313886093626255));
#6827=CARTESIAN_POINT('',(-0.00978194563479606,-0.000638195943983592,0.00342470560472341));
#6828=CARTESIAN_POINT('',(-0.0093302107049007,-0.000608725623769226,0.00386152468093972));
#6829=CARTESIAN_POINT('',(-0.00886162230697354,-0.000578154752213142,0.00431464758098127));
#6830=CARTESIAN_POINT('',(-0.00839312625184865,-0.000547589383765059,0.00476767954406139));
#6831=CARTESIAN_POINT('',(-0.00792451805845129,-0.000517016215052695,0.00522082700758023));
#6832=CARTESIAN_POINT('',(-0.00745596730868037,-0.000486450197184806,0.00567390623338786));
#6833=CARTESIAN_POINT('',(-0.00699651416444412,-0.000456459610733519,0.00611823599197008));
#6834=CARTESIAN_POINT('',(-0.00669311907091229,-0.000436665470299256,0.00641162042056239));
#6835=CARTESIAN_POINT('',(-0.00654591441678754,-0.00042706165899582,0.00655396766122709));
#6836=CARTESIAN_POINT('',(-0.0100167230897825,-0.000758459750858866,0.00280819243829583));
#6837=CARTESIAN_POINT('',(-0.00988004758414241,-0.000748111276672947,0.00294567119834785));
#6838=CARTESIAN_POINT('',(-0.00959024928595852,-0.000726168897065989,0.00323717306284499));
#6839=CARTESIAN_POINT('',(-0.00914739037890981,-0.000692633925538366,0.00368264722444761));
#6840=CARTESIAN_POINT('',(-0.00868803563482302,-0.000657850493739886,0.0041447101794328));
#6841=CARTESIAN_POINT('',(-0.00822871593589633,-0.000623071470590594,0.00460673504061113));
#6842=CARTESIAN_POINT('',(-0.00776938798455744,-0.000588287258065149,0.00506877913154592));
#6843=CARTESIAN_POINT('',(-0.00730998786332919,-0.000553512012674196,0.00553085041084834));
#6844=CARTESIAN_POINT('',(-0.00685955644901188,-0.000519375560492376,0.00598405404435135));
#6845=CARTESIAN_POINT('',(-0.00656208995159454,-0.000496857779299474,0.00628325104742266));
#6846=CARTESIAN_POINT('',(-0.00641776141069557,-0.00048593267125068,0.00642841785976622));
#6847=CARTESIAN_POINT('',(-0.00992526517476876,-0.000794560189262366,0.00272087726720114));
#6848=CARTESIAN_POINT('',(-0.00978984173235795,-0.000783718703838296,0.002859543628038));
#6849=CARTESIAN_POINT('',(-0.00950269754424266,-0.000760731078295906,0.00315356369734922));
#6850=CARTESIAN_POINT('',(-0.00906387380398728,-0.00072560195859695,0.00360288878548258));
#6851=CARTESIAN_POINT('',(-0.00860873668866836,-0.000689158547034408,0.00406895477416592));
#6852=CARTESIAN_POINT('',(-0.00815354453230722,-0.000652742738450938,0.00453492867964297));
#6853=CARTESIAN_POINT('',(-0.0076986444920406,-0.000616232396239997,0.00500116594621433));
#6854=CARTESIAN_POINT('',(-0.0072426118434759,-0.000580064466533754,0.00546647122943406));
#6855=CARTESIAN_POINT('',(-0.00679930003274213,-0.000543337229348491,0.00592642684826719));
#6856=CARTESIAN_POINT('',(-0.00650413198196524,-0.000519880079234128,0.00622782584501009));
#6857=CARTESIAN_POINT('',(-0.00636088610511013,-0.000508509638495819,0.00637403050335717));
#6858=CARTESIAN_POINT('',(-0.00976465946450224,-0.000846148860354681,0.00257076964232204));
#6859=CARTESIAN_POINT('',(-0.0096314261951052,-0.000834603586028025,0.00271148706165868));
#6860=CARTESIAN_POINT('',(-0.00934892583799014,-0.000810123605363192,0.00300985657662019));
#6861=CARTESIAN_POINT('',(-0.00891719631645599,-0.000772711371084459,0.00346584365211275));
#6862=CARTESIAN_POINT('',(-0.00846937469310994,-0.000733910041893906,0.00393879936124513));
#6863=CARTESIAN_POINT('',(-0.00802165002375951,-0.000695095546419977,0.00441175977779202));
#6864=CARTESIAN_POINT('',(-0.00757366121950576,-0.000656340827275493,0.0048845972955845));
#6865=CARTESIAN_POINT('',(-0.00712647197914841,-0.000617347239928379,0.00535808719851643));
#6866=CARTESIAN_POINT('',(-0.00668509397679854,-0.000579990640506189,0.0058199298482121));
#6867=CARTESIAN_POINT('',(-0.00639544760719682,-0.000554768113518626,0.00612644682917509));
#6868=CARTESIAN_POINT('',(-0.00625493825203342,-0.000542522858632993,0.00627518709319471));
#6869=CARTESIAN_POINT('',(-0.00969894571561009,-0.000863684760079042,0.0025102333211205));
#6870=CARTESIAN_POINT('',(-0.00956660462850843,-0.000851900103976191,0.00265177854303173));
#6871=CARTESIAN_POINT('',(-0.00928599602588615,-0.000826912507812997,0.00295190340619098));
#6872=CARTESIAN_POINT('',(-0.00885715820557728,-0.000788723191482431,0.00341057676427965));
#6873=CARTESIAN_POINT('',(-0.00841229406950779,-0.000749124213761418,0.00388629651292198));
#6874=CARTESIAN_POINT('',(-0.00796769020199587,-0.000709477715122691,0.00436213078589741));
#6875=CARTESIAN_POINT('',(-0.00752222981276217,-0.000670020027606585,0.00483740757904305));
#6876=CARTESIAN_POINT('',(-0.00707967845196516,-0.000629836024380797,0.00531506550463439));
#6877=CARTESIAN_POINT('',(-0.00663534968054204,-0.000593108649458958,0.00577443062743412));
#6878=CARTESIAN_POINT('',(-0.00634849213002095,-0.000567166283580763,0.00608346289511619));
#6879=CARTESIAN_POINT('',(-0.00620940000303283,-0.00055455640284904,0.00623347974011981));
#6880=CARTESIAN_POINT('',(-0.009586131720802,-0.000885765195287475,0.00240817886861873));
#6881=CARTESIAN_POINT('',(-0.00945532790779866,-0.000873678919804929,0.00255112232464824));
#6882=CARTESIAN_POINT('',(-0.00917797850131285,-0.00084805188893972,0.00285421183960993));
#6883=CARTESIAN_POINT('',(-0.00875411085499648,-0.000808888442054724,0.00331741333077242));
#6884=CARTESIAN_POINT('',(-0.00831447552284697,-0.000768257358281417,0.00379789379709357));
#6885=CARTESIAN_POINT('',(-0.00787480615611342,-0.000727664905374415,0.00427820926275522));
#6886=CARTESIAN_POINT('',(-0.00743538959383423,-0.000686940069924027,0.00475900914024981));
#6887=CARTESIAN_POINT('',(-0.00699471555012688,-0.000646682263441939,0.00523835033221364));
#6888=CARTESIAN_POINT('',(-0.00656762306185551,-0.000605526581451277,0.00571324714160162));
#6889=CARTESIAN_POINT('',(-0.00628242164726765,-0.000579410051036714,0.00602377139417902));
#6890=CARTESIAN_POINT('',(-0.00614400143079546,-0.000566752887418161,0.0061743935179671));
#6891=CARTESIAN_POINT('',(-0.00954512585019222,-0.000892037452310102,0.0023714653188556));
#6892=CARTESIAN_POINT('',(-0.00941487894085215,-0.000879865306545435,0.00251490902604694));
#6893=CARTESIAN_POINT('',(-0.00913871046787199,-0.000854056232971998,0.00281905946834711));
#6894=CARTESIAN_POINT('',(-0.00871665078075262,-0.000814615540753045,0.0032838890392108));
#6895=CARTESIAN_POINT('',(-0.00827892652727926,-0.000773688766822155,0.00376608203830865));
#6896=CARTESIAN_POINT('',(-0.00784100934537556,-0.000732833447249802,0.00424797661162275));
#6897=CARTESIAN_POINT('',(-0.00740393364672962,-0.000691723859130883,0.00473086095754959));
#6898=CARTESIAN_POINT('',(-0.0069634244129431,-0.000651536713577845,0.00521038160369779));
#6899=CARTESIAN_POINT('',(-0.00654445739626519,-0.000608784197805167,0.00569242501576709));
#6900=CARTESIAN_POINT('',(-0.00625960093697515,-0.000582664682080362,0.00600327398616216));
#6901=CARTESIAN_POINT('',(-0.00612128013818647,-0.000570020301120218,0.00615399418320329));
#6902=CARTESIAN_POINT('',(-0.00948958440550952,-0.000897311714214574,0.00232196734432528));
#6903=CARTESIAN_POINT('',(-0.00936009846301181,-0.000885067774474713,0.00246608799735318));
#6904=CARTESIAN_POINT('',(-0.00908554303833476,-0.000859106489813564,0.0027716737810939));
#6905=CARTESIAN_POINT('',(-0.00866593450695885,-0.000819433689862507,0.00323869640409317));
#6906=CARTESIAN_POINT('',(-0.0082306645331274,-0.000778276766616498,0.0037230609642446));
#6907=CARTESIAN_POINT('',(-0.00779565403877273,-0.000737143824218986,0.00420755981053368));
#6908=CARTESIAN_POINT('',(-0.00735975964924168,-0.000695934037180113,0.00469145700568596));
#6909=CARTESIAN_POINT('',(-0.00692693661179944,-0.000654989331100307,0.00517784262791474));
#6910=CARTESIAN_POINT('',(-0.0064916254968182,-0.000613894975721308,0.00564529453639906));
#6911=CARTESIAN_POINT('',(-0.00621104113165554,-0.000587353675895691,0.00595996105208658));
#6912=CARTESIAN_POINT('',(-0.00607499700984641,-0.000574484120712829,0.00611271556727084));
#6913=CARTESIAN_POINT('',(-0.00945545013629694,-0.000898459808599718,0.00229161141175203));
#6914=CARTESIAN_POINT('',(-0.00932643309693021,-0.000886200303790368,0.00243614562917525));
#6915=CARTESIAN_POINT('',(-0.00905287182714082,-0.000860205904268267,0.00274260868551084));
#6916=CARTESIAN_POINT('',(-0.00863478016194914,-0.000820479130239766,0.00321098327609674));
#6917=CARTESIAN_POINT('',(-0.00820107820525625,-0.000779273568194991,0.00369672108421214));
#6918=CARTESIAN_POINT('',(-0.00776768472924092,-0.000738071102734237,0.00418266467996233));
#6919=CARTESIAN_POINT('',(-0.00733319432377378,-0.000696866959017158,0.00466777912841314));
#6920=CARTESIAN_POINT('',(-0.00690264517061428,-0.000655652528685658,0.00515614415942394));
#6921=CARTESIAN_POINT('',(-0.0064662795613327,-0.000615295705196549,0.00562285902164744));
#6922=CARTESIAN_POINT('',(-0.00618706422275596,-0.000588610104591234,0.00593872370927286));
#6923=CARTESIAN_POINT('',(-0.0060517122942444,-0.000575661991283862,0.00609208237097971));
#6924=CARTESIAN_POINT('',(-0.0094103249762521,-0.000898695434808086,0.00225194549380933));
#6925=CARTESIAN_POINT('',(-0.0092819235257949,-0.000886432726795741,0.00239701548811162));
#6926=CARTESIAN_POINT('',(-0.00900966725183294,-0.000860431533596633,0.00270461495724671));
#6927=CARTESIAN_POINT('',(-0.00859356196040842,-0.000820694323308708,0.00317473777739458));
#6928=CARTESIAN_POINT('',(-0.00816199807650257,-0.000779477875590851,0.00366232527683818));
#6929=CARTESIAN_POINT('',(-0.00773044817352165,-0.000738265552727008,0.00414989769186392));
#6930=CARTESIAN_POINT('',(-0.00729886795903001,-0.00069704842875117,0.00463750323998997));
#6931=CARTESIAN_POINT('',(-0.00686735423298912,-0.000655838595299884,0.00512503461130941));
#6932=CARTESIAN_POINT('',(-0.00644406854072651,-0.000615412353662798,0.0056032696800419));
#6933=CARTESIAN_POINT('',(-0.00616464916708004,-0.000588727545665689,0.00591896233348655));
#6934=CARTESIAN_POINT('',(-0.00602907858083132,-0.000575780448068818,0.00607213223685015));
#6935=CARTESIAN_POINT('',(-0.00940659972237097,-0.000898714886649284,0.00224867092116255));
#6936=CARTESIAN_POINT('',(-0.00927824909112354,-0.000886451914200329,0.00239378514588743));
#6937=CARTESIAN_POINT('',(-0.00900610054953895,-0.0008604501601573,0.00270147843022866));
#6938=CARTESIAN_POINT('',(-0.00859015924083667,-0.000820712088316399,0.00317174557338734));
#6939=CARTESIAN_POINT('',(-0.0081587718629851,-0.000779494741944757,0.0036594857718971));
#6940=CARTESIAN_POINT('',(-0.00772737415398188,-0.000738281605314734,0.00414719265215956));
#6941=CARTESIAN_POINT('',(-0.00729603418684261,-0.000697063409769083,0.00463500385005449));
#6942=CARTESIAN_POINT('',(-0.0068644408316355,-0.000655853955807772,0.0051224663995903));
#6943=CARTESIAN_POINT('',(-0.00644223493635514,-0.000615421983438099,0.00560165250526019));
#6944=CARTESIAN_POINT('',(-0.00616279871883632,-0.000588737240873816,0.0059173309566278));
#6945=CARTESIAN_POINT('',(-0.00602721008155835,-0.000575790227127717,0.00607048527727103));
#6946=CARTESIAN_POINT('',(-0.00940287446848983,-0.000898734338490482,0.00224539634851576));
#6947=CARTESIAN_POINT('',(-0.00927457465645218,-0.000886471101604915,0.00239055480366323));
#6948=CARTESIAN_POINT('',(-0.00900253384724497,-0.000860468786717967,0.00269834190321061));
#6949=CARTESIAN_POINT('',(-0.00858675652126492,-0.000820729853324091,0.00316875336938009));
#6950=CARTESIAN_POINT('',(-0.00815554564946762,-0.000779511608298663,0.00365664626695601));
#6951=CARTESIAN_POINT('',(-0.0077243001344421,-0.000738297657902459,0.00414448761245521));
#6952=CARTESIAN_POINT('',(-0.00729320041465522,-0.000697078390786995,0.004632504460119));
#6953=CARTESIAN_POINT('',(-0.00686152743028188,-0.000655869316315659,0.00511989818787119));
#6954=CARTESIAN_POINT('',(-0.00644040133198377,-0.000615431613213399,0.00560003533047849));
#6955=CARTESIAN_POINT('',(-0.0061609482705926,-0.000588746936081943,0.00591569957976905));
#6956=CARTESIAN_POINT('',(-0.00602534158228538,-0.000575800006186616,0.00606883831769191));
#6957=CARTESIAN_POINT('',(-0.0093991492146087,-0.00089875379033168,0.00224212177586897));
#6958=CARTESIAN_POINT('',(-0.00927090022178082,-0.000886490289009502,0.00238732446143903));
#6959=CARTESIAN_POINT('',(-0.00899896714495098,-0.000860487413278634,0.00269520537619255));
#6960=CARTESIAN_POINT('',(-0.00858335380169317,-0.000820747618331782,0.00316576116537285));
#6961=CARTESIAN_POINT('',(-0.00815231943595015,-0.000779528474652568,0.00365380676201493));
#6962=CARTESIAN_POINT('',(-0.00772122611490233,-0.000738313710490185,0.00414178257275085));
#6963=CARTESIAN_POINT('',(-0.00729036664246782,-0.000697093371804907,0.00463000507018352));
#6964=CARTESIAN_POINT('',(-0.00685861402892826,-0.000655884676823547,0.00511732997615208));
#6965=CARTESIAN_POINT('',(-0.00643856772761239,-0.0006154412429887,0.00559841815569678));
#6966=CARTESIAN_POINT('',(-0.00615909782234888,-0.000588756631290071,0.00591406820291031));
#6967=CARTESIAN_POINT('',(-0.0060234730830124,-0.000575809785245515,0.00606719135811279));
#6968=CARTESIAN_POINT('',(-0.00882286204817677,-0.00026910775969061,0.00522279408713123));
#6969=CARTESIAN_POINT('',(-0.000156620796973159,-1.01098768806712E-5,-0.00715454934173356));
#6970=CARTESIAN_POINT('',(-0.00882289817490981,0.000269108783840273,0.00522276117126156));
#6971=CARTESIAN_POINT('',(-0.00941030621781391,0.000898694101731639,0.00225196675605711));
#6972=CARTESIAN_POINT('',(-0.00928190313559377,0.000886431248126541,0.0023970386149726));
#6973=CARTESIAN_POINT('',(-0.00900964461440664,0.000860429825002463,0.00270464065155936));
#6974=CARTESIAN_POINT('',(-0.00859359551863842,0.000820696840634142,0.00317469953952511));
#6975=CARTESIAN_POINT('',(-0.00816197246865812,0.000779476045389185,0.00366235437718064));
#6976=CARTESIAN_POINT('',(-0.00773043877105898,0.000738264731061287,0.00414990839757574));
#6977=CARTESIAN_POINT('',(-0.00729885890718973,0.000697047734800085,0.00463751349399863));
#6978=CARTESIAN_POINT('',(-0.00686737424382585,0.000655839845640528,0.00512501191571205));
#6979=CARTESIAN_POINT('',(-0.00644410009237711,0.00061541547379972,0.00560323413637834));
#6980=CARTESIAN_POINT('',(-0.00616470964591253,0.000588733351483574,0.00591889402047867));
#6981=CARTESIAN_POINT('',(-0.00602916761036133,0.000575788935333119,0.00607203162172663));
#6982=CARTESIAN_POINT('',(-0.00948226491967895,0.00089831814396503,0.00231522913218365));
#6983=CARTESIAN_POINT('',(-0.00935287418113869,0.000886060520820711,0.00245943989291729));
#6984=CARTESIAN_POINT('',(-0.00907852194140178,0.000860070152619187,0.00276521602982483));
#6985=CARTESIAN_POINT('',(-0.00865928696565534,0.000820352992121614,0.00323248237785693));
#6986=CARTESIAN_POINT('',(-0.0082243409906786,0.000779150125057139,0.00371724592587171));
#6987=CARTESIAN_POINT('',(-0.00778951247842591,0.000737956518949419,0.00420188698752769));
#6988=CARTESIAN_POINT('',(-0.00735457200169822,0.000696753227444866,0.00468665312946639));
#6989=CARTESIAN_POINT('',(-0.00691980050784033,0.000655563479514887,0.0051712258095376));
#6990=CARTESIAN_POINT('',(-0.00649328247887669,0.000615157661587606,0.00564659420272695));
#6991=CARTESIAN_POINT('',(-0.00621175841359882,0.000588486931599369,0.00596036801344963));
#6992=CARTESIAN_POINT('',(-0.00607518138802707,0.00057554803065715,0.00611259058292278));
#6993=CARTESIAN_POINT('',(-0.00954956781116666,0.000892261626574938,0.00237522145713892));
#6994=CARTESIAN_POINT('',(-0.00941925919133765,0.000880086510258775,0.00251861623209457));
#6995=CARTESIAN_POINT('',(-0.00914296095027069,0.000854271020799861,0.00282266223461084));
#6996=CARTESIAN_POINT('',(-0.00872075889435203,0.000814819168337691,0.0032872857511458));
#6997=CARTESIAN_POINT('',(-0.00828272933404714,0.000773893334571701,0.00376930957969373));
#6998=CARTESIAN_POINT('',(-0.00784483307325884,0.000732976810058894,0.00425119335010215));
#6999=CARTESIAN_POINT('',(-0.00740677523253697,0.000692047432898165,0.00473325755368358));
#7000=CARTESIAN_POINT('',(-0.00696892974164685,0.000651134041984214,0.00521508245136461));
#7001=CARTESIAN_POINT('',(-0.0065394020536171,0.000610999871580785,0.00568775325810007));
#7002=CARTESIAN_POINT('',(-0.00625588223516659,0.000584508261726397,0.00599974910403408));
#7003=CARTESIAN_POINT('',(-0.00611833687569903,0.000571656255670489,0.00615110915659528));
#7004=CARTESIAN_POINT('',(-0.00967809395265597,0.000868193522254071,0.00249129848454871));
#7005=CARTESIAN_POINT('',(-0.00954604030002602,0.000856347484087654,0.00263310261705107));
#7006=CARTESIAN_POINT('',(-0.0092660403123569,0.000831229819751002,0.0029337762746505));
#7007=CARTESIAN_POINT('',(-0.0088381307974184,0.000792846354750067,0.00339325729964724));
#7008=CARTESIAN_POINT('',(-0.00839424452100051,0.000753028509871629,0.00386991688685346));
#7009=CARTESIAN_POINT('',(-0.00795045568910216,0.000713219022118013,0.00434646104706497));
#7010=CARTESIAN_POINT('',(-0.00750650439928912,0.000673397901773032,0.00482318161761719));
#7011=CARTESIAN_POINT('',(-0.0070627276156432,0.000633588660375141,0.00529971038906804));
#7012=CARTESIAN_POINT('',(-0.00662745580385967,0.000594542655498991,0.00576711588052978));
#7013=CARTESIAN_POINT('',(-0.00634010506591311,0.000568765881426519,0.00607567839901555));
#7014=CARTESIAN_POINT('',(-0.00620070065887415,0.000556260620524813,0.00622537339732822));
#7015=CARTESIAN_POINT('',(-0.00974864924969558,0.000850439210522421,0.00255602074599871));
#7016=CARTESIAN_POINT('',(-0.00961563787863013,0.000838835527612007,0.00269693429298356));
#7017=CARTESIAN_POINT('',(-0.00933360692228368,0.000814231624587575,0.00299572074894328));
#7018=CARTESIAN_POINT('',(-0.00890258542923208,0.000776629792970172,0.00345235240892972));
#7019=CARTESIAN_POINT('',(-0.00845549327854411,0.000737626814239602,0.00392600895489662));
#7020=CARTESIAN_POINT('',(-0.00800847329847173,0.000698629837805347,0.00439958628790858));
#7021=CARTESIAN_POINT('',(-0.00756132378959594,0.000659623229162606,0.00487330462373963));
#7022=CARTESIAN_POINT('',(-0.00711428407484665,0.000620624778447912,0.00534689930095426));
#7023=CARTESIAN_POINT('',(-0.00667586444018584,0.000582378414821767,0.00581136592445496));
#7024=CARTESIAN_POINT('',(-0.00638640905824404,0.000557126931921984,0.00611801959318062));
#7025=CARTESIAN_POINT('',(-0.00624598325026541,0.000544876473728379,0.00626678896315873));
#7026=CARTESIAN_POINT('',(-0.00991151649570213,0.000800225707612781,0.00270778072901749));
#7027=CARTESIAN_POINT('',(-0.00977628887971961,0.00078930750954443,0.00284661919325368));
#7028=CARTESIAN_POINT('',(-0.00948955794015078,0.000766157101906187,0.00314100622983892));
#7029=CARTESIAN_POINT('',(-0.00905133053439413,0.00073077740110288,0.00359092905095335));
#7030=CARTESIAN_POINT('',(-0.00859681643862403,0.000694079882247198,0.00405758102120311));
#7031=CARTESIAN_POINT('',(-0.00814233022386847,0.000657386161985386,0.00452420266740898));
#7032=CARTESIAN_POINT('',(-0.00768777947395613,0.000620686135616147,0.00499089587220759));
#7033=CARTESIAN_POINT('',(-0.00723321891791542,0.000583988084431788,0.0054575924373056));
#7034=CARTESIAN_POINT('',(-0.0067875254118962,0.000548003055715624,0.00591518967518698));
#7035=CARTESIAN_POINT('',(-0.00649321648450004,0.000524242843294152,0.00621735432342691));
#7036=CARTESIAN_POINT('',(-0.00635043534246311,0.000512715833760751,0.00636394652787481));
#7037=CARTESIAN_POINT('',(-0.010012280876101,0.000760348934723421,0.00280381689354007));
#7038=CARTESIAN_POINT('',(-0.00987566018122662,0.000749975810237993,0.00294135437927077));
#7039=CARTESIAN_POINT('',(-0.00958597764485486,0.000727980964381425,0.00323298181907455));
#7040=CARTESIAN_POINT('',(-0.00914330640363782,0.000694361663685408,0.0036786551013581));
#7041=CARTESIAN_POINT('',(-0.00868413648228779,0.00065949886543135,0.00414090043753314));
#7042=CARTESIAN_POINT('',(-0.00822502530423266,0.000624631988076182,0.004603121660772));
#7043=CARTESIAN_POINT('',(-0.00776583698681534,0.000589768812407461,0.00506538430840165));
#7044=CARTESIAN_POINT('',(-0.00730664159804844,0.000554899901789098,0.00552768009618421));
#7045=CARTESIAN_POINT('',(-0.0068564088821182,0.000520712419592415,0.00598093749636296));
#7046=CARTESIAN_POINT('',(-0.00655910903463552,0.000498136387632402,0.00628024545122941));
#7047=CARTESIAN_POINT('',(-0.00641487696474905,0.000487183833694358,0.00642545188156377));
#7048=CARTESIAN_POINT('',(-0.0103262350763022,0.000616064303430604,0.00311111331799177));
#7049=CARTESIAN_POINT('',(-0.0101853270767064,0.000607653513202161,0.00324448881489936));
#7050=CARTESIAN_POINT('',(-0.00988655390478998,0.000589820353049066,0.00352728804860057));
#7051=CARTESIAN_POINT('',(-0.00942998846180147,0.000562586787073212,0.00395936908664467));
#7052=CARTESIAN_POINT('',(-0.00895639533589633,0.000534312680158746,0.00440766222415706));
#7053=CARTESIAN_POINT('',(-0.00848286661921668,0.000506065121483447,0.00485580583992643));
#7054=CARTESIAN_POINT('',(-0.00800929661305287,0.000477788893953388,0.00530408941785104));
#7055=CARTESIAN_POINT('',(-0.00753574014533576,0.000449534817469118,0.00575228051383895));
#7056=CARTESIAN_POINT('',(-0.00707140963870511,0.000421817441026183,0.00619177119335279));
#7057=CARTESIAN_POINT('',(-0.00676481891104314,0.00040352394891002,0.0064819423063926));
#7058=CARTESIAN_POINT('',(-0.00661607971052616,0.00039464916472276,0.00662271545952694));
#7059=CARTESIAN_POINT('',(-0.0105216541664726,0.000493284948408588,0.00331563774150705));
#7060=CARTESIAN_POINT('',(-0.0103781212013988,0.000486546233503508,0.00344618748423992));
#7061=CARTESIAN_POINT('',(-0.0100737741664736,0.000472259795374898,0.00372299934095857));
#7062=CARTESIAN_POINT('',(-0.00960844856333524,0.000450486839408519,0.00414605726068882));
#7063=CARTESIAN_POINT('',(-0.00912606484109927,0.00042783412583307,0.00458481831733513));
#7064=CARTESIAN_POINT('',(-0.00864349776946006,0.000405229885681931,0.00502361208083592));
#7065=CARTESIAN_POINT('',(-0.00816134489208803,0.000382569901433411,0.00546219832804085));
#7066=CARTESIAN_POINT('',(-0.00767873677902922,0.000359953258066606,0.00590105663146125));
#7067=CARTESIAN_POINT('',(-0.00720556106527889,0.000337754055799932,0.00633139354168361));
#7068=CARTESIAN_POINT('',(-0.0068931712713389,0.000323108585254252,0.00661547556934537));
#7069=CARTESIAN_POINT('',(-0.0067416192767823,0.000316003660006626,0.00675329405728507));
#7070=CARTESIAN_POINT('',(-0.0107399706994163,0.000327583732380448,0.00355812687597505));
#7071=CARTESIAN_POINT('',(-0.0105934274821037,0.000323113964227071,0.00368537366539242));
#7072=CARTESIAN_POINT('',(-0.0102827064737358,0.000313636526476728,0.00395517969574964));
#7073=CARTESIAN_POINT('',(-0.00980790586493249,0.000299153734640907,0.00436745829101313));
#7074=CARTESIAN_POINT('',(-0.00931538375090612,0.000284130776810946,0.00479512584148079));
#7075=CARTESIAN_POINT('',(-0.00882294593666884,0.000269110132006406,0.00522271926827526));
#7076=CARTESIAN_POINT('',(-0.00833037904173477,0.000254086201957806,0.00565042736105104));
#7077=CARTESIAN_POINT('',(-0.00783795799165591,0.00023906535381967,0.00607800516570073));
#7078=CARTESIAN_POINT('',(-0.00735470968703967,0.000224328937856468,0.00649762559266368));
#7079=CARTESIAN_POINT('',(-0.0070358659962351,0.000214603201080878,0.00677448388159147));
#7080=CARTESIAN_POINT('',(-0.00688118563623961,0.000209884925462467,0.00690879584341519));
#7081=CARTESIAN_POINT('',(0.,0.,0.00584803390593274));
#7082=CARTESIAN_POINT('',(0.,0.,0.002));
#7083=CARTESIAN_POINT('',(-0.00836069987184089,0.0036276131911072,0.00200279509074903));
#7084=CARTESIAN_POINT('',(-0.00784891592196461,0.00463163115279138,0.00200301617344234));
#7085=CARTESIAN_POINT('',(-0.00688422342107573,0.0029869504837445,0.00392438009641047));
#7086=CARTESIAN_POINT('',(-0.00540502689250471,0.00234516797371888,0.00584967957822384));
#7087=CARTESIAN_POINT('',(0.,0.,0.00584803390593274));
#7088=CARTESIAN_POINT('',(-0.0050742722793164,0.00299432341054118,0.00584968450963297));
#7089=CARTESIAN_POINT('',(-0.00784890867627825,0.00463164589010015,0.00200301722003452));
#7090=CARTESIAN_POINT('',(0.,0.,0.00193670395716381));
#7091=CARTESIAN_POINT('',(-0.00835822995308951,0.00362648823223398,0.00200603320155829));
#7092=CARTESIAN_POINT('',(-0.00863365932039791,0.00374600868875737,0.00229899864202097));
#7093=CARTESIAN_POINT('',(-0.00889848342039426,0.00198004375893689,0.002));
#7094=CARTESIAN_POINT('',(-0.0087727984156859,0.00254488275582348,0.002));
#7095=CARTESIAN_POINT('',(-0.00859317375880562,0.00309770641509542,0.002));
#7096=CARTESIAN_POINT('',(-0.00836284866633843,0.00362854552875639,0.002));
#7097=CARTESIAN_POINT('',(-0.00918662046803914,0.00204417846594374,0.00229899899817791));
#7098=CARTESIAN_POINT('',(-0.00918662666286628,0.00204415062694783,0.00229899899824227));
#7099=CARTESIAN_POINT('',(-0.0102935732522035,0.00300087653674142,0.00357799385117149));
#7100=CARTESIAN_POINT('',(-0.0101382332021323,0.00279574773435518,0.0033764578529231));
#7101=CARTESIAN_POINT('',(-0.00980359611310852,0.0024127047352521,0.00296493589200744));
#7102=CARTESIAN_POINT('',(-0.00941014771545386,0.00211921035622126,0.00252780246888963));
#7103=CARTESIAN_POINT('',(-0.00918662536494005,0.00204415328142386,0.0022989983245951));
#7104=CARTESIAN_POINT('',(-0.0102935755895336,0.00300087721814322,0.00357799622678003));
#7105=CARTESIAN_POINT('',(-0.0102933387814711,0.00300080869472919,0.00357775568272591));
#7106=CARTESIAN_POINT('',(-0.0102325322060213,0.00321018397495924,0.00357797341427742));
#7107=CARTESIAN_POINT('',(-0.0101651441110257,0.00341741900183569,0.00357792386145268));
#7108=CARTESIAN_POINT('',(-0.0100911720543013,0.00362251298061754,0.00357760450081334));
#7109=CARTESIAN_POINT('',(-0.0100915495066461,0.00362264972785437,0.00357799622678003));
#7110=CARTESIAN_POINT('',(-0.00863365859078133,0.0037460110607653,0.00229899891016727));
#7111=CARTESIAN_POINT('',(-0.00885824723174311,0.00381655886172869,0.0025274350022649));
#7112=CARTESIAN_POINT('',(-0.00935050213891444,0.00381008171786376,0.00296575627883384));
#7113=CARTESIAN_POINT('',(-0.00984540153483334,0.00369727107296333,0.00337654066046555));
#7114=CARTESIAN_POINT('',(-0.0100915450287915,0.00362265071047749,0.00357799243837139));
#7115=CARTESIAN_POINT('',(0.,0.,0.00580711639365242));
#7116=CARTESIAN_POINT('',(-0.00558120080141149,0.00242159137881783,0.00604132020851931));
#7117=CARTESIAN_POINT('',(-0.00587173830828697,0.00251288923729247,0.00633684824942208));
#7118=CARTESIAN_POINT('',(-0.0062053119526228,0.00243834895840594,0.00660758550399951));
#7119=CARTESIAN_POINT('',(-0.00652364526625792,0.00234184969943,0.00686812176216144));
#7120=CARTESIAN_POINT('',(-0.00558120058460344,0.002421591878271,0.00604132020842667));
#7121=CARTESIAN_POINT('',(-0.00652364815031305,0.00234184910970419,0.0068681242163913));
#7122=CARTESIAN_POINT('',(-0.00665488829890101,0.00194010451711508,0.00686877889194113));
#7123=CARTESIAN_POINT('',(-0.00661466053885245,0.00207516799203717,0.00686798020414155));
#7124=CARTESIAN_POINT('',(-0.00657091920691279,0.00220908474751132,0.00686776743920724));
#7125=CARTESIAN_POINT('',(-0.0065236631675086,0.00234185441112367,0.00686813975559413));
#7126=CARTESIAN_POINT('',(-0.00665424630151509,0.00193990943099877,0.0068681242163913));
#7127=CARTESIAN_POINT('',(-0.00665424285385073,0.00193990842589821,0.00686812071226371));
#7128=CARTESIAN_POINT('',(-0.00645346561196224,0.00167478196993731,0.00660763583669863));
#7129=CARTESIAN_POINT('',(-0.00622701998644752,0.00141823076237514,0.00633648431106661));
#7130=CARTESIAN_POINT('',(-0.00593866210777182,0.00132143839822173,0.00604132019881119));
#7131=CARTESIAN_POINT('',(-0.00593866173212781,0.00132143923294466,0.00604132001793273));
#7132=CARTESIAN_POINT('',(-0.0059386614846036,0.00132144034531147,0.00604132001792676));
#7133=CARTESIAN_POINT('',(-0.00587548703736933,0.00130738240852844,0.00597816929224917));
#7134=CARTESIAN_POINT('',(-0.00581231259013497,0.00129332447174539,0.00591501856657166));
#7135=CARTESIAN_POINT('',(-0.00574913814290059,0.00127926653496234,0.00585186784089419));
#7136=CARTESIAN_POINT('',(-0.00540666762784183,0.00234587701477092,0.00584803390593274));
#7137=CARTESIAN_POINT('',(-0.00555415593213892,0.00200458609519089,0.00584803390593274));
#7138=CARTESIAN_POINT('',(-0.00567175208478007,0.0016427598000006,0.00584803390593274));
#7139=CARTESIAN_POINT('',(-0.00575299292605063,0.00128013239446121,0.00584803390593274));
#7140=CARTESIAN_POINT('',(-0.00540308146846443,0.00234430185666073,0.00585186190130036));
#7141=CARTESIAN_POINT('',(-0.00546245569571441,0.00237006245784689,0.00591501467032428));
#7142=CARTESIAN_POINT('',(-0.00552182992296437,0.00239582305903304,0.00597816743934832));
#7143=CARTESIAN_POINT('',(-0.00558120415021423,0.00242158366021914,0.00604132020837238));
#7144=CARTESIAN_POINT('',(-0.00699672529448783,0.00303575399501689,0.00404802241991509));
#7145=CARTESIAN_POINT('',(-0.00712391959789604,0.00309095596262629,0.0041499428962571));
#7146=CARTESIAN_POINT('',(-0.00744335158047137,0.00165626444202813,0.00404669388945717));
#7147=CARTESIAN_POINT('',(-0.0075802021058095,0.00168670177643716,0.00414992920057475));
#7148=CARTESIAN_POINT('',(-0.0103155474925025,0.00300728282164564,0.00355812808354474));
#7149=CARTESIAN_POINT('',(-0.0101748036953722,0.00296625201014964,0.00368536713406));
#7150=CARTESIAN_POINT('',(-0.00987637864193308,0.00287925264196359,0.00395515748453597));
#7151=CARTESIAN_POINT('',(-0.00942031850470611,0.00274629832266075,0.0043674569507877));
#7152=CARTESIAN_POINT('',(-0.00894729560436056,0.00260839923825074,0.00479509112771454));
#7153=CARTESIAN_POINT('',(-0.00847421219493529,0.00247048080589326,0.00522278278564103));
#7154=CARTESIAN_POINT('',(-0.00800120264581577,0.0023325859545287,0.00565040489460085));
#7155=CARTESIAN_POINT('',(-0.0075281529381116,0.00219467829275259,0.00607806429313137));
#7156=CARTESIAN_POINT('',(-0.00706408748924078,0.00205938778889664,0.00649760530219737));
#7157=CARTESIAN_POINT('',(-0.00675780364199672,0.00197009759772595,0.00677449999279247));
#7158=CARTESIAN_POINT('',(-0.00660919951377797,0.00192677541813088,0.00690884492211732));
#7159=CARTESIAN_POINT('',(-0.0102370161143504,0.00289408092378929,0.00343591796673797));
#7160=CARTESIAN_POINT('',(-0.0100973445046871,0.00285459274581544,0.0035648192196999));
#7161=CARTESIAN_POINT('',(-0.00980119150642737,0.00277086479351748,0.0038381372607641));
#7162=CARTESIAN_POINT('',(-0.00934856285488644,0.00264292515189363,0.00425592596342808));
#7163=CARTESIAN_POINT('',(-0.00887915595228544,0.00251023708043664,0.00468918450510033));
#7164=CARTESIAN_POINT('',(-0.00840967084646347,0.00237750908098691,0.00512248334660754));
#7165=CARTESIAN_POINT('',(-0.00794034622268563,0.00224485116364526,0.00555567697154162));
#7166=CARTESIAN_POINT('',(-0.0074708355234689,0.00211211273547739,0.00598899183959547));
#7167=CARTESIAN_POINT('',(-0.00701043553288713,0.0019819782855366,0.00641395777752993));
#7168=CARTESIAN_POINT('',(-0.00670646505399885,0.00189604271701676,0.00669449616665421));
#7169=CARTESIAN_POINT('',(-0.00655898190267606,0.0018543474926819,0.00683060981780093));
#7170=CARTESIAN_POINT('',(-0.0101661524621922,0.00280017949026208,0.00333180171402541));
#7171=CARTESIAN_POINT('',(-0.0100274371441583,0.0027619703599298,0.00346213426986397));
#7172=CARTESIAN_POINT('',(-0.0097333125922289,0.00268095407919608,0.00373848539260672));
#7173=CARTESIAN_POINT('',(-0.0092838074141261,0.00255714799111524,0.00416085589020909));
#7174=CARTESIAN_POINT('',(-0.00881758386284755,0.0024287400716238,0.0045989383488999));
#7175=CARTESIAN_POINT('',(-0.00835138125628378,0.00230032502382069,0.00503697174962047));
#7176=CARTESIAN_POINT('',(-0.00788517657462241,0.00217192359320963,0.00547503937122977));
#7177=CARTESIAN_POINT('',(-0.00741893551303253,0.00204349237061227,0.00591309661992498));
#7178=CARTESIAN_POINT('',(-0.00696176565204618,0.00191759450217382,0.00634270593418054));
#7179=CARTESIAN_POINT('',(-0.00665988672916362,0.00183443950663684,0.00662633704999367));
#7180=CARTESIAN_POINT('',(-0.00651341782189243,0.00179409316185522,0.00676395162412121));
#7181=CARTESIAN_POINT('',(-0.0100109130430965,0.00261660405713042,0.00311792060795745));
#7182=CARTESIAN_POINT('',(-0.00987431297487938,0.00258090142031006,0.00325118248881889));
#7183=CARTESIAN_POINT('',(-0.00958467389165524,0.00250519919277582,0.00353374252703421));
#7184=CARTESIAN_POINT('',(-0.0091420360239467,0.00238949691912547,0.00396553353068814));
#7185=CARTESIAN_POINT('',(-0.00868286900651354,0.00226947270513416,0.00441344694760009));
#7186=CARTESIAN_POINT('',(-0.00822382793223602,0.00214949294175429,0.0048612625139844));
#7187=CARTESIAN_POINT('',(-0.00776461784689914,0.00202945745494937,0.00530922288959747));
#7188=CARTESIAN_POINT('',(-0.00730553149979916,0.00190946371189363,0.00575707894276256));
#7189=CARTESIAN_POINT('',(-0.00685535237595468,0.00179180390510955,0.00619625158751782));
#7190=CARTESIAN_POINT('',(-0.00655808145936607,0.00171410578195747,0.00648625363584136));
#7191=CARTESIAN_POINT('',(-0.00641384820485701,0.00167640729354715,0.00662696008727845));
#7192=CARTESIAN_POINT('',(-0.00992288015409255,0.00252325712028098,0.00300405008342864));
#7193=CARTESIAN_POINT('',(-0.00978748358986855,0.00248882821713825,0.00313886093626255));
#7194=CARTESIAN_POINT('',(-0.00950039653044982,0.00241582702800508,0.00342470560472341));
#7195=CARTESIAN_POINT('',(-0.00906166425195879,0.00230426119779182,0.00386152468093972));
#7196=CARTESIAN_POINT('',(-0.00860656328380617,0.00218853404606763,0.00431464758098127));
#7197=CARTESIAN_POINT('',(-0.00815155183943129,0.00207283019607193,0.00476767954406139));
#7198=CARTESIAN_POINT('',(-0.00769643133480741,0.00195709911193649,0.00522082700758023));
#7199=CARTESIAN_POINT('',(-0.00724136767205125,0.0018413789780006,0.00567390623338786));
#7200=CARTESIAN_POINT('',(-0.00679513416440835,0.00172792289098461,0.00611823599197008));
#7201=CARTESIAN_POINT('',(-0.0065004715579097,0.00165299399731776,0.00641162042056239));
#7202=CARTESIAN_POINT('',(-0.00635750387147184,0.00161663902486353,0.00655396766122709));
#7203=CARTESIAN_POINT('',(-0.00976084671902656,0.00237399957428881,0.00280819243829584));
#7204=CARTESIAN_POINT('',(-0.00962766273438031,0.00234160650413945,0.00294567119834785));
#7205=CARTESIAN_POINT('',(-0.0093452676062857,0.00227292234816791,0.00323717306284499));
#7206=CARTESIAN_POINT('',(-0.00891372088082976,0.00216796507297466,0.00368264722444761));
#7207=CARTESIAN_POINT('',(-0.00846609988662651,0.00205909766007614,0.0041447101794328));
#7208=CARTESIAN_POINT('',(-0.00801851358469866,0.00195023688385313,0.00460673504061113));
#7209=CARTESIAN_POINT('',(-0.007570917830655,0.0018413784928845,0.00506877913154592));
#7210=CARTESIAN_POINT('',(-0.00712325620996472,0.00173248927194189,0.00553085041084834));
#7211=CARTESIAN_POINT('',(-0.00668432173438235,0.00162576400540822,0.00598405404435135));
#7212=CARTESIAN_POINT('',(-0.00639445590656988,0.00155525748498508,0.00628325104742266));
#7213=CARTESIAN_POINT('',(-0.00625381526320808,0.001521047908275,0.00642841785976622));
#7214=CARTESIAN_POINT('',(-0.00968502072195703,0.00231140396709469,0.00272087726720114));
#7215=CARTESIAN_POINT('',(-0.0095528751713528,0.00227986668731188,0.002859543628038));
#7216=CARTESIAN_POINT('',(-0.00927268125317655,0.0022129967844145,0.00315356369734923));
#7217=CARTESIAN_POINT('',(-0.00884447958051725,0.00211080256934182,0.00360288878548258));
#7218=CARTESIAN_POINT('',(-0.00840035682767959,0.00200481720998006,0.00406895477416592));
#7219=CARTESIAN_POINT('',(-0.00795619025748968,0.00189878859000776,0.00453492867964297));
#7220=CARTESIAN_POINT('',(-0.00751227229371756,0.00179294014569541,0.00500116594621433));
#7221=CARTESIAN_POINT('',(-0.00706738296672618,0.00168641605252712,0.00546647122943406));
#7222=CARTESIAN_POINT('',(-0.00663441903993053,0.00158435484745382,0.00592642684826719));
#7223=CARTESIAN_POINT('',(-0.00634644888381209,0.00151545197903721,0.00622782584501009));
#7224=CARTESIAN_POINT('',(-0.00620670029977495,0.00148200050047215,0.00637403050335717));
#7225=CARTESIAN_POINT('',(-0.00954821739073859,0.00221271033141933,0.00257076964232204));
#7226=CARTESIAN_POINT('',(-0.00941793733571958,0.00218251919534029,0.00271148706165868));
#7227=CARTESIAN_POINT('',(-0.00914169880018218,0.00211850362920481,0.00300985657662019));
#7228=CARTESIAN_POINT('',(-0.00871953860926048,0.00202067301927735,0.00346584365211275));
#7229=CARTESIAN_POINT('',(-0.00828164466611512,0.00191919078418243,0.00393879936124513));
#7230=CARTESIAN_POINT('',(-0.00784383886309377,0.00181775103139943,0.00441175977779202));
#7231=CARTESIAN_POINT('',(-0.00740580032475309,0.00171617280577486,0.0048845972955845));
#7232=CARTESIAN_POINT('',(-0.00696844840253225,0.00161506883614301,0.00535808719851643));
#7233=CARTESIAN_POINT('',(-0.00653712915317455,0.00151420376978074,0.0058199298482121));
#7234=CARTESIAN_POINT('',(-0.00625386489646338,0.00144868616786376,0.00612644682917509));
#7235=CARTESIAN_POINT('',(-0.00611644856677467,0.00141691231870227,0.00627518709319471));
#7236=CARTESIAN_POINT('',(-0.00949113879267101,0.00217572603454561,0.00251023332112051));
#7237=CARTESIAN_POINT('',(-0.00936163328040074,0.00214603826355606,0.00265177854303173));
#7238=CARTESIAN_POINT('',(-0.00908703704848535,0.00208309005273553,0.00295190340619098));
#7239=CARTESIAN_POINT('',(-0.00866738689729708,0.00198689207657842,0.00341057676427965));
#7240=CARTESIAN_POINT('',(-0.00823205920474651,0.00188708236414522,0.00388629651292198));
#7241=CARTESIAN_POINT('',(-0.00779696435753244,0.00178739827419785,0.00436213078589741));
#7242=CARTESIAN_POINT('',(-0.00736111325559914,0.00168726993443389,0.00483740757904305));
#7243=CARTESIAN_POINT('',(-0.00692780436021907,0.00158873130118256,0.00531506550463439));
#7244=CARTESIAN_POINT('',(-0.00649387320377007,0.00148635596896891,0.00577443062743412));
#7245=CARTESIAN_POINT('',(-0.00621303882916785,0.00142238476700969,0.00608346289511619));
#7246=CARTESIAN_POINT('',(-0.00607685768798732,0.00139139564522622,0.00623347974011981));
#7247=CARTESIAN_POINT('',(-0.00939066953750209,0.00211986485115897,0.00240817886861874));
#7248=CARTESIAN_POINT('',(-0.00926253285426621,0.00209093898106732,0.00255112232464824));
#7249=CARTESIAN_POINT('',(-0.00899083870588456,0.00202960605578104,0.00285421183960993));
#7250=CARTESIAN_POINT('',(-0.00857561444816292,0.00193587040106413,0.00331741333077242));
#7251=CARTESIAN_POINT('',(-0.00814494070534273,0.001838658069089,0.00379789379709357));
#7252=CARTESIAN_POINT('',(-0.00771424653130379,0.00174139847971187,0.00427820926275522));
#7253=CARTESIAN_POINT('',(-0.00728375188013286,0.00164434291448792,0.00475900914024981));
#7254=CARTESIAN_POINT('',(-0.00685220561294362,0.00154645459518896,0.00523835033221364));
#7255=CARTESIAN_POINT('',(-0.00643329871376222,0.00145361713768301,0.00571324714160162));
#7256=CARTESIAN_POINT('',(-0.00615398559822963,0.00139032335018938,0.00602377139417902));
#7257=CARTESIAN_POINT('',(-0.00601842887070805,0.00135958682887165,0.0061743935179671));
#7258=CARTESIAN_POINT('',(-0.00935360887106538,0.00210122806935816,0.0023714653188556));
#7259=CARTESIAN_POINT('',(-0.00922597529931091,0.00207255595945405,0.00251490902604694));
#7260=CARTESIAN_POINT('',(-0.00895534803114458,0.00201176109559416,0.00281905946834712));
#7261=CARTESIAN_POINT('',(-0.00854175757127865,0.00191884780697573,0.0032838890392108));
#7262=CARTESIAN_POINT('',(-0.00811280999900279,0.00182250724884029,0.00376608203830865));
#7263=CARTESIAN_POINT('',(-0.00768370102149719,0.00172603911540786,0.00424797661162275));
#7264=CARTESIAN_POINT('',(-0.00725531376882521,0.00163007283836067,0.00473086095754959));
#7265=CARTESIAN_POINT('',(-0.00682394608061305,0.00153216824559108,0.00521038160369779));
#7266=CARTESIAN_POINT('',(-0.00641227351536275,0.00144336037606864,0.00569242501576709));
#7267=CARTESIAN_POINT('',(-0.00613328754930238,0.00138017602482309,0.00600327398616216));
#7268=CARTESIAN_POINT('',(-0.00599782932367522,0.00134945806822854,0.00615399418320329));
#7269=CARTESIAN_POINT('',(-0.00930241565473672,0.00207904869790618,0.00232196734432528));
#7270=CARTESIAN_POINT('',(-0.00917548361989793,0.00205068001981645,0.00246608799735318));
#7271=CARTESIAN_POINT('',(-0.00890634341601855,0.00199052837664179,0.0027716737810939));
#7272=CARTESIAN_POINT('',(-0.00849501241856113,0.00189859328437505,0.00323869640409317));
#7273=CARTESIAN_POINT('',(-0.0080683278848819,0.00180323002536376,0.0037230609642446));
#7274=CARTESIAN_POINT('',(-0.00764189754133964,0.00170792414277827,0.00420755981053368));
#7275=CARTESIAN_POINT('',(-0.00721460281723006,0.00161241820515894,0.00469145700568596));
#7276=CARTESIAN_POINT('',(-0.0067903110370596,0.0015176092605573,0.00517784262791474));
#7277=CARTESIAN_POINT('',(-0.00636360671035599,0.00142217378265393,0.00564529453639906));
#7278=CARTESIAN_POINT('',(-0.00608855340879859,0.00136071072161286,0.00595996105208658));
#7279=CARTESIAN_POINT('',(-0.00595519084898681,0.0013309104503075,0.00611271556727084));
#7280=CARTESIAN_POINT('',(-0.00927030681624928,0.00206740872598261,0.00229161141175203));
#7281=CARTESIAN_POINT('',(-0.00914381592491772,0.00203919975018983,0.00243614562917525));
#7282=CARTESIAN_POINT('',(-0.00887561098546765,0.00197938681187479,0.00274260868551084));
#7283=CARTESIAN_POINT('',(-0.00846570593457191,0.00188797178943524,0.00321098327609674));
#7284=CARTESIAN_POINT('',(-0.00804049764359457,0.00179313933261375,0.00369672108421214));
#7285=CARTESIAN_POINT('',(-0.00761558369207287,0.00169839925653766,0.00418266467996233));
#7286=CARTESIAN_POINT('',(-0.00718962598003838,0.00160332180673594,0.00466777912841314));
#7287=CARTESIAN_POINT('',(-0.00676741344295476,0.00150947205402808,0.00515614415942394));
#7288=CARTESIAN_POINT('',(-0.00633993414246328,0.00141300928495558,0.00562285902164744));
#7289=CARTESIAN_POINT('',(-0.00606613827116818,0.00135210651459215,0.00593872370927286));
#7290=CARTESIAN_POINT('',(-0.00593340975050707,0.00132259485599536,0.00609208237097971));
#7291=CARTESIAN_POINT('',(-0.00922746305124248,0.00205324019081399,0.00225194549380934));
#7292=CARTESIAN_POINT('',(-0.00910155662991053,0.00202522448888288,0.00239701548811162));
#7293=CARTESIAN_POINT('',(-0.00883459071588422,0.0019658212776269,0.00270461495724671));
#7294=CARTESIAN_POINT('',(-0.00842657159372202,0.0018750300039111,0.00317473777739458));
#7295=CARTESIAN_POINT('',(-0.00800339336694313,0.00178086860080634,0.00366232527683818));
#7296=CARTESIAN_POINT('',(-0.00758022971146399,0.0016867075950757,0.00414989769186392));
#7297=CARTESIAN_POINT('',(-0.00715703574439986,0.00159254178870196,0.00463750323998997));
#7298=CARTESIAN_POINT('',(-0.00673390726450607,0.00149838959468855,0.00512503461130941));
#7299=CARTESIAN_POINT('',(-0.00631884625294064,0.00140603476284192,0.0056032696800419));
#7300=CARTESIAN_POINT('',(-0.00604485657769231,0.00134506818835929,0.00591896233348655));
#7301=CARTESIAN_POINT('',(-0.00591192041503725,0.00131548799480767,0.00607213223685015));
#7302=CARTESIAN_POINT('',(-0.00922392613521348,0.00205207052425603,0.00224867092116255));
#7303=CARTESIAN_POINT('',(-0.00909806796410673,0.00202407077781855,0.00239378514588743));
#7304=CARTESIAN_POINT('',(-0.00883120433634964,0.00196470139109228,0.00270147843022866));
#7305=CARTESIAN_POINT('',(-0.00842334090478946,0.00187396161021001,0.00317174557338734));
#7306=CARTESIAN_POINT('',(-0.00800033026754437,0.00177985560514617,0.0036594857718971));
#7307=CARTESIAN_POINT('',(-0.00757731110567188,0.00168574240387871,0.00414719265215956));
#7308=CARTESIAN_POINT('',(-0.00715434529628447,0.00159165185714316,0.00463500385005449));
#7309=CARTESIAN_POINT('',(-0.00673114120182211,0.00149747469544773,0.0051224663995903));
#7310=CARTESIAN_POINT('',(-0.00631710536731916,0.00140545898946965,0.00560165250526019));
#7311=CARTESIAN_POINT('',(-0.00604309969281612,0.0013444871477139,0.0059173309566278));
#7312=CARTESIAN_POINT('',(-0.00591014638852338,0.00131490129634066,0.00607048527727103));
#7313=CARTESIAN_POINT('',(-0.00922038921918448,0.00205090085769807,0.00224539634851576));
#7314=CARTESIAN_POINT('',(-0.00909457929830293,0.00202291706675421,0.00239055480366323));
#7315=CARTESIAN_POINT('',(-0.00882781795681505,0.00196358150455766,0.00269834190321061));
#7316=CARTESIAN_POINT('',(-0.00842011021585691,0.00187289321650892,0.00316875336938009));
#7317=CARTESIAN_POINT('',(-0.0079972671681456,0.001778842609486,0.00365664626695601));
#7318=CARTESIAN_POINT('',(-0.00757439249987977,0.00168477721268172,0.00414448761245521));
#7319=CARTESIAN_POINT('',(-0.00715165484816907,0.00159076192558436,0.004632504460119));
#7320=CARTESIAN_POINT('',(-0.00672837513913814,0.00149655979620691,0.00511989818787119));
#7321=CARTESIAN_POINT('',(-0.00631536448169768,0.00140488321609739,0.00560003533047849));
#7322=CARTESIAN_POINT('',(-0.00604134280793994,0.00134390610706851,0.00591569957976905));
#7323=CARTESIAN_POINT('',(-0.00590837236200952,0.00131431459787364,0.00606883831769191));
#7324=CARTESIAN_POINT('',(-0.00921685230315547,0.00204973119114012,0.00224212177586897));
#7325=CARTESIAN_POINT('',(-0.00909109063249913,0.00202176335568988,0.00238732446143903));
#7326=CARTESIAN_POINT('',(-0.00882443157728047,0.00196246161802305,0.00269520537619255));
#7327=CARTESIAN_POINT('',(-0.00841687952692435,0.00187182482280783,0.00316576116537285));
#7328=CARTESIAN_POINT('',(-0.00799420406874684,0.00177782961382583,0.00365380676201493));
#7329=CARTESIAN_POINT('',(-0.00757147389408766,0.00168381202148473,0.00414178257275085));
#7330=CARTESIAN_POINT('',(-0.00714896440005368,0.00158987199402556,0.00463000507018352));
#7331=CARTESIAN_POINT('',(-0.00672560907645418,0.00149564489696608,0.00511732997615208));
#7332=CARTESIAN_POINT('',(-0.0063136235960762,0.00140430744272513,0.00559841815569678));
#7333=CARTESIAN_POINT('',(-0.00603958592306376,0.00134332506642313,0.00591406820291031));
#7334=CARTESIAN_POINT('',(-0.00590659833549565,0.00131372789940663,0.00606719135811279));
#7335=CARTESIAN_POINT('',(-0.00847419931435429,0.00247047762347303,0.00522279408713123));
#7336=CARTESIAN_POINT('',(-0.000152079353444731,3.87834236946377E-5,-0.007154549341577));
#7337=CARTESIAN_POINT('',(-0.00830791561431437,0.00298236313815039,0.00522276117126156));
#7338=CARTESIAN_POINT('',(-0.00867202129860511,0.00376265342518463,0.00225196675605711));
#7339=CARTESIAN_POINT('',(-0.00855369214071078,0.00371131202381898,0.0023970386149726));
#7340=CARTESIAN_POINT('',(-0.00830279378164215,0.00360245069101366,0.00270464065155936));
#7341=CARTESIAN_POINT('',(-0.00791938574542012,0.00343609613623161,0.00317469953952511));
#7342=CARTESIAN_POINT('',(-0.00752162575740551,0.00326351397269917,0.00366235437718064));
#7343=CARTESIAN_POINT('',(-0.00712394781879075,0.00309096843745893,0.00414990839757574));
#7344=CARTESIAN_POINT('',(-0.00672622772925793,0.00291840323221698,0.00463751349399863));
#7345=CARTESIAN_POINT('',(-0.00632859536653691,0.00274587610691742,0.00512501191571205));
#7346=CARTESIAN_POINT('',(-0.00593852954450803,0.00257663133858379,0.00560323413637834));
#7347=CARTESIAN_POINT('',(-0.00568105866904896,0.00246491873626288,0.00591889402047867));
#7348=CARTESIAN_POINT('',(-0.00555615057747883,0.00241072307249585,0.00607203162172664));
#7349=CARTESIAN_POINT('',(-0.00874057426825705,0.0037845323298703,0.00231522913218365));
#7350=CARTESIAN_POINT('',(-0.00862130417708233,0.00373289070038094,0.00245943989291729));
#7351=CARTESIAN_POINT('',(-0.0083684111571847,0.00362339288681843,0.00276521602982483));
#7352=CARTESIAN_POINT('',(-0.00798196827920429,0.00345606889037646,0.00323248237785693));
#7353=CARTESIAN_POINT('',(-0.0075810424616062,0.00328247693726195,0.00371724592587171));
#7354=CARTESIAN_POINT('',(-0.00718022549590423,0.00310893008981865,0.00420188698752769));
#7355=CARTESIAN_POINT('',(-0.00677930503861093,0.00293533943209005,0.00468665312946639));
#7356=CARTESIAN_POINT('',(-0.00637854110838239,0.00276181387364481,0.0051712258095376));
#7357=CARTESIAN_POINT('',(-0.0059853844420303,0.00259158433785177,0.00564659420272695));
#7358=CARTESIAN_POINT('',(-0.00572588085407262,0.00247922324580572,0.00596036801344963));
#7359=CARTESIAN_POINT('',(-0.00559998672420609,0.00242471299780807,0.00611259058292278));
#7360=CARTESIAN_POINT('',(-0.00880645468857221,0.00379956997678067,0.00237522145713892));
#7361=CARTESIAN_POINT('',(-0.00868628614440459,0.00374772317503083,0.00251861623209457));
#7362=CARTESIAN_POINT('',(-0.00843148832675788,0.00363779033355398,0.00282266223461084));
#7363=CARTESIAN_POINT('',(-0.00804214160315361,0.00346980178185101,0.0032872857511458));
#7364=CARTESIAN_POINT('',(-0.00763819751363839,0.00329552042279026,0.00376930957969373));
#7365=CARTESIAN_POINT('',(-0.00723437732277962,0.00312128910917138,0.00425119335010215));
#7366=CARTESIAN_POINT('',(-0.00683040743195875,0.00294699564101251,0.00473325755368358));
#7367=CARTESIAN_POINT('',(-0.00642663455780717,0.00277278299638458,0.00521508245136461));
#7368=CARTESIAN_POINT('',(-0.00603053159188708,0.00260188177694052,0.00568775325810007));
#7369=CARTESIAN_POINT('',(-0.00576907457870426,0.00248907431661805,0.00599974910403408));
#7370=CARTESIAN_POINT('',(-0.00564223265657956,0.00243434747893823,0.00615110915659529));
#7371=CARTESIAN_POINT('',(-0.00893612776620742,0.00381639661127308,0.00249129848454871));
#7372=CARTESIAN_POINT('',(-0.00881419790648257,0.00376432353665068,0.00263310261705107));
#7373=CARTESIAN_POINT('',(-0.00855566387878633,0.00365391046369467,0.0029337762746505));
#7374=CARTESIAN_POINT('',(-0.00816055888920765,0.0034851743070168,0.00339325729964724));
#7375=CARTESIAN_POINT('',(-0.00775070234427325,0.00331013688319739,0.00386991688685346));
#7376=CARTESIAN_POINT('',(-0.00734093589209054,0.00313513751948855,0.00434646104706497));
#7377=CARTESIAN_POINT('',(-0.00693101852791785,0.00296007689027137,0.00482318161761719));
#7378=CARTESIAN_POINT('',(-0.00652126345817602,0.00278508148397549,0.00529971038906804));
#7379=CARTESIAN_POINT('',(-0.00611936124428887,0.00261344013958925,0.00576711588052978));
#7380=CARTESIAN_POINT('',(-0.00585403991375114,0.00250012870926689,0.00607567839901555));
#7381=CARTESIAN_POINT('',(-0.00572532278217419,0.00244515716853256,0.00622537339732822));
#7382=CARTESIAN_POINT('',(-0.00900871622526461,0.00382131404323677,0.00255602074599871));
#7383=CARTESIAN_POINT('',(-0.00888580062928811,0.00376917551088746,0.00269693429298356));
#7384=CARTESIAN_POINT('',(-0.00862517627462036,0.00365862345013891,0.00299572074894328));
#7385=CARTESIAN_POINT('',(-0.00822687007997977,0.00348966901686073,0.00345235240892972));
#7386=CARTESIAN_POINT('',(-0.00781371275994256,0.00331441590716988,0.00392600895489662));
#7387=CARTESIAN_POINT('',(-0.00740062222342801,0.00313919080794875,0.00439958628790858));
#7388=CARTESIAN_POINT('',(-0.00698741147421706,0.00296391652135147,0.00487330462373963));
#7389=CARTESIAN_POINT('',(-0.00657430262448716,0.00278868392165579,0.00534689930095426));
#7390=CARTESIAN_POINT('',(-0.00616915955040478,0.0026168303505267,0.00581136592445496));
#7391=CARTESIAN_POINT('',(-0.00590167426058153,0.00250336813103544,0.00611801959318062));
#7392=CARTESIAN_POINT('',(-0.00577190698061814,0.00244832329182858,0.00626678896315873));
#7393=CARTESIAN_POINT('',(-0.00917912900661635,0.00382388691093162,0.00270778072901749));
#7394=CARTESIAN_POINT('',(-0.00905389381000419,0.00377171545606511,0.00284661919325368));
#7395=CARTESIAN_POINT('',(-0.00878835035089074,0.003661093376886,0.00314100622983892));
#7396=CARTESIAN_POINT('',(-0.00838250424983089,0.0034920255661128,0.00359092905095335));
#7397=CARTESIAN_POINT('',(-0.00796157581427853,0.00331667157189731,0.00405758102120311));
#7398=CARTESIAN_POINT('',(-0.00754067272131668,0.00314132980606659,0.00452420266740898));
#7399=CARTESIAN_POINT('',(-0.00711971020046781,0.00296596210031113,0.00499089587220759));
#7400=CARTESIAN_POINT('',(-0.00669873774307095,0.00279059324280781,0.0054575924373056));
#7401=CARTESIAN_POINT('',(-0.0062859780153173,0.00261864257911574,0.00591518967518698));
#7402=CARTESIAN_POINT('',(-0.00601341590154153,0.00250509881410206,0.00621735432342691));
#7403=CARTESIAN_POINT('',(-0.00588118500784339,0.00245001417720625,0.00636394652787481));
#7404=CARTESIAN_POINT('',(-0.00928728422770873,0.00381709975219727,0.00280381689354007));
#7405=CARTESIAN_POINT('',(-0.0091605556973385,0.00376501620806158,0.00294135437927076));
#7406=CARTESIAN_POINT('',(-0.00889184801462356,0.00365458103987227,0.00323298181907455));
#7407=CARTESIAN_POINT('',(-0.0084812315813417,0.00348581424841492,0.0036786551013581));
#7408=CARTESIAN_POINT('',(-0.008055308232687,0.00331076644795615,0.00414090043753314));
#7409=CARTESIAN_POINT('',(-0.00762944201273725,0.00313573292071811,0.004603121660772));
#7410=CARTESIAN_POINT('',(-0.00720350128501042,0.00296067907661925,0.00506538430840165));
#7411=CARTESIAN_POINT('',(-0.00677755560422739,0.00278561759309196,0.00552768009618421));
#7412=CARTESIAN_POINT('',(-0.00635992335888632,0.00261397380472704,0.00598093749636296));
#7413=CARTESIAN_POINT('',(-0.00608415077918557,0.00250063201712216,0.00628024545122941));
#7414=CARTESIAN_POINT('',(-0.00595036245455997,0.00244564535860051,0.00642545188156377));
#7415=CARTESIAN_POINT('',(-0.00963045881872493,0.00377689409672256,0.00311111331799177));
#7416=CARTESIAN_POINT('',(-0.00949904642462797,0.00372535199335014,0.00324448881489936));
#7417=CARTESIAN_POINT('',(-0.00922040700213342,0.00361606566259492,0.00352728804860057));
#7418=CARTESIAN_POINT('',(-0.00879460309716798,0.00344907852128386,0.00395936908664467));
#7419=CARTESIAN_POINT('',(-0.00835292644824065,0.00327583992333658,0.00440766222415706));
#7420=CARTESIAN_POINT('',(-0.00791130285226985,0.00310264647781044,0.00485580583992643));
#7421=CARTESIAN_POINT('',(-0.00746964884682943,0.00292941300743087,0.00530408941785104));
#7422=CARTESIAN_POINT('',(-0.00702800087216737,0.00275620478755784,0.00575228051383895));
#7423=CARTESIAN_POINT('',(-0.00659496145848201,0.00258635797852159,0.00619177119335279));
#7424=CARTESIAN_POINT('',(-0.00630902934905378,0.00247421808847338,0.0064819423063926));
#7425=CARTESIAN_POINT('',(-0.00617031242230884,0.00241981472645189,0.00662271545952694));
#7426=CARTESIAN_POINT('',(-0.00985425432510018,0.0037205118109503,0.00331563774150705));
#7427=CARTESIAN_POINT('',(-0.00971982874078957,0.00366974878676757,0.00344618748423992));
#7428=CARTESIAN_POINT('',(-0.00943479226217958,0.00356211317071116,0.00372299934095857));
#7429=CARTESIAN_POINT('',(-0.00899896952852729,0.00339761233977281,0.00414605726068882));
#7430=CARTESIAN_POINT('',(-0.00854719541960359,0.00322700356093436,0.00458481831733513));
#7431=CARTESIAN_POINT('',(-0.00809523195592328,0.00305638422498045,0.00502361208083592));
#7432=CARTESIAN_POINT('',(-0.00764367964027322,0.00288583986630701,0.00546219832804085));
#7433=CARTESIAN_POINT('',(-0.00719168097668779,0.00271519605169789,0.00590105663146125));
#7434=CARTESIAN_POINT('',(-0.0067485240615349,0.00254786401885127,0.00633139354168361));
#7435=CARTESIAN_POINT('',(-0.0064559494116734,0.00243740159345785,0.00661547556934537));
#7436=CARTESIAN_POINT('',(-0.0063140104423381,0.00238381226615389,0.00675329405728507));
#7437=CARTESIAN_POINT('',(-0.0101130901781126,0.00363038410852135,0.00355812687597505));
#7438=CARTESIAN_POINT('',(-0.00997510053068888,0.00358084876183277,0.00368537366539242));
#7439=CARTESIAN_POINT('',(-0.00968251598025876,0.00347581711080752,0.00395517969574964));
#7440=CARTESIAN_POINT('',(-0.00923542919611873,0.00331532170019812,0.00436745829101313));
#7441=CARTESIAN_POINT('',(-0.00877165517942971,0.00314883631492029,0.00479512584148079));
#7442=CARTESIAN_POINT('',(-0.00830796062184028,0.0029823791795278,0.00522271926827526));
#7443=CARTESIAN_POINT('',(-0.00784414431640928,0.00281587903155359,0.00565042736105104));
#7444=CARTESIAN_POINT('',(-0.00738046576531549,0.00264942688318921,0.00607800516570073));
#7445=CARTESIAN_POINT('',(-0.00692542311919044,0.00248607978013127,0.00649762559266368));
#7446=CARTESIAN_POINT('',(-0.00662519016731763,0.00237830193578724,0.00677448388159147));
#7447=CARTESIAN_POINT('',(-0.00647953843035127,0.00232601572908003,0.0069087958434152));
#7448=CARTESIAN_POINT('',(0.,0.,0.00584803390593274));
#7449=CARTESIAN_POINT('',(0.,0.,0.002));
#7450=CARTESIAN_POINT('',(-0.00683050396883147,0.00603366350926804,0.00200279509074903));
#7451=CARTESIAN_POINT('',(-0.00603350989554826,0.00683039139624504,0.00200301617344235));
#7452=CARTESIAN_POINT('',(-0.00562426708341227,0.00496810075160261,0.00392438009641047));
#7453=CARTESIAN_POINT('',(-0.00441578928832415,0.00390063244804962,0.00584967957822384));
#7454=CARTESIAN_POINT('',(0.,0.,0.00584803390593274));
#7455=CARTESIAN_POINT('',(-0.00390062289618775,0.00441580715988479,0.00584968450963297));
#7456=CARTESIAN_POINT('',(-0.00603349845041217,0.00683040317321836,0.00200301722003453));
#7457=CARTESIAN_POINT('',(0.,0.,0.00193670395716381));
#7458=CARTESIAN_POINT('',(-0.00682850256791806,0.0060318303629322,0.00200603320155829));
#7459=CARTESIAN_POINT('',(-0.00705351761023458,0.00623061342718757,0.00229899864202097));
#7460=CARTESIAN_POINT('',(-0.00785109347099279,0.00463291612055202,0.002));
#7461=CARTESIAN_POINT('',(-0.00755701507914067,0.00513127112680566,0.002));
#7462=CARTESIAN_POINT('',(-0.00721534997311982,0.00560153059873358,0.002));
#7463=CARTESIAN_POINT('',(-0.00683225948566244,0.00603521422908185,0.002));
#7464=CARTESIAN_POINT('',(-0.00810530937334713,0.00478295109600285,0.00229899899817791));
#7465=CARTESIAN_POINT('',(-0.00810532386770069,0.00478292653385124,0.00229899899824227));
#7466=CARTESIAN_POINT('',(-0.00886244806959548,0.00603489225263943,0.00357799385117149));
#7467=CARTESIAN_POINT('',(-0.00877809918870676,0.00579180045307112,0.0033764578529231));
#7468=CARTESIAN_POINT('',(-0.0085782072008959,0.00532409636529638,0.00296493589200744));
#7469=CARTESIAN_POINT('',(-0.00829471028935458,0.00492338438233824,0.00252780246888963));
#7470=CARTESIAN_POINT('',(-0.00810532181302129,0.00478292865732671,0.0022989983245951));
#7471=CARTESIAN_POINT('',(-0.00886245008196375,0.00603489362296578,0.00357799622678003));
#7472=CARTESIAN_POINT('',(-0.00886224603901231,0.00603475527561064,0.00357775568272589));
#7473=CARTESIAN_POINT('',(-0.00873971502940401,0.0062150927350408,0.00357797341427741));
#7474=CARTESIAN_POINT('',(-0.0086115859974032,0.00639136089118407,0.00357792386145268));
#7475=CARTESIAN_POINT('',(-0.0084778568659441,0.00656355823352074,0.00357760450081334));
#7476=CARTESIAN_POINT('',(-0.00847817358723613,0.00656380492706052,0.00357799622678003));
#7477=CARTESIAN_POINT('',(-0.00705351618333721,0.00623061545763725,0.00229899891016727));
#7478=CARTESIAN_POINT('',(-0.00724531220439631,0.00636711211025454,0.0025274350022649));
#7479=CARTESIAN_POINT('',(-0.00771547598906916,0.00651306711225522,0.00296575627883384));
#7480=CARTESIAN_POINT('',(-0.00822101369088899,0.00655871013716004,0.00337654066046555));
#7481=CARTESIAN_POINT('',(-0.0084781690248961,0.00656380447785748,0.00357799243837139));
#7482=CARTESIAN_POINT('',(0.,0.,0.00580711639365242));
#7483=CARTESIAN_POINT('',(-0.00455972450144756,0.00402775615728409,0.00604132020851931));
#7484=CARTESIAN_POINT('',(-0.00480782950077094,0.00420436660763803,0.00633684824942207));
#7485=CARTESIAN_POINT('',(-0.00514811110182222,0.0042365545146519,0.00660758550399951));
#7486=CARTESIAN_POINT('',(-0.00548068398507689,0.00424314866937412,0.00686812176216144));
#7487=CARTESIAN_POINT('',(-0.00455972414091133,0.00402775656529491,0.00604132020842667));
#7488=CARTESIAN_POINT('',(-0.00548068691021162,0.0042431489997336,0.0068681242163913));
#7489=CARTESIAN_POINT('',(-0.00572964961523403,0.00390162262332337,0.00686877889194116));
#7490=CARTESIAN_POINT('',(-0.00564965383283363,0.00401764455976085,0.00686798020414157));
#7491=CARTESIAN_POINT('',(-0.0055666708007879,0.00413149014776968,0.00686776743920724));
#7492=CARTESIAN_POINT('',(-0.00548069955418458,0.00424315868225176,0.00686813975559412));
#7493=CARTESIAN_POINT('',(-0.005729099324362,0.00390123869729861,0.0068681242163913));
#7494=CARTESIAN_POINT('',(-0.0057290963560315,0.0039012366760043,0.00686812071226371));
#7495=CARTESIAN_POINT('',(-0.00562007443236,0.00358704285259317,0.00660763583669863));
#7496=CARTESIAN_POINT('',(-0.00548399052769179,0.00327307260829191,0.0063364843110666));
#7497=CARTESIAN_POINT('',(-0.00523965637360138,0.00309191011466345,0.00604132019881119));
#7498=CARTESIAN_POINT('',(-0.00523965575839913,0.00309191079245175,0.00604132001793273));
#7499=CARTESIAN_POINT('',(-0.00523965517924936,0.00309191177388626,0.00604132001792676));
#7500=CARTESIAN_POINT('',(-0.00518391685091567,0.00305901990369747,0.00597816929224917));
#7501=CARTESIAN_POINT('',(-0.00512817852258189,0.00302612803350863,0.00591501856657166));
#7502=CARTESIAN_POINT('',(-0.00507244019424811,0.00299323616331977,0.00585186784089419));
#7503=CARTESIAN_POINT('',(-0.00441713061462324,0.00390181380126492,0.00584803390593274));
#7504=CARTESIAN_POINT('',(-0.0046628650216784,0.00362280324074532,0.00584803390593274));
#7505=CARTESIAN_POINT('',(-0.00488651608316453,0.00331502519457688,0.00584803390593274));
#7506=CARTESIAN_POINT('',(-0.00507583874558197,0.00299525083814136,0.00584803390593274));
#7507=CARTESIAN_POINT('',(-0.00441420672500376,0.00389920755268789,0.00585186190130036));
#7508=CARTESIAN_POINT('',(-0.00446271450717801,0.00394205498555779,0.00591501467032428));
#7509=CARTESIAN_POINT('',(-0.00451122228935224,0.00398490241842767,0.00597816743934832));
#7510=CARTESIAN_POINT('',(-0.00455973007152638,0.00402774985129748,0.00604132020837238));
#7511=CARTESIAN_POINT('',(-0.00571618160884792,0.00504928063979966,0.00404802241991509));
#7512=CARTESIAN_POINT('',(-0.00582009223382568,0.00514108603214772,0.0041499428962571));
#7513=CARTESIAN_POINT('',(-0.0065672341639175,0.00387532322377208,0.00404669388945717));
#7514=CARTESIAN_POINT('',(-0.00668798109420287,0.00394655998701907,0.00414992920057475));
#7515=CARTESIAN_POINT('',(-0.00888136716311628,0.00604777540533371,0.00355812808354474));
#7516=CARTESIAN_POINT('',(-0.00876019107577261,0.00596526055952542,0.00368536713406));
#7517=CARTESIAN_POINT('',(-0.00850325626734302,0.00579030083043859,0.00395515748453597));
#7518=CARTESIAN_POINT('',(-0.00811060244615097,0.00552292342583594,0.0043674569507877));
#7519=CARTESIAN_POINT('',(-0.00770334409501195,0.00524560148808136,0.00479509112771454));
#7520=CARTESIAN_POINT('',(-0.00729603417516293,0.00496824245100132,0.00522278278564103));
#7521=CARTESIAN_POINT('',(-0.00688878721371143,0.00469092866486793,0.00565040489460085));
#7522=CARTESIAN_POINT('',(-0.0064815060178112,0.00441359028562406,0.00607806429313137));
#7523=CARTESIAN_POINT('',(-0.00608196061354421,0.00414151726013568,0.00649760530219737));
#7524=CARTESIAN_POINT('',(-0.00581825955128953,0.00396195032808059,0.00677449999279247));
#7525=CARTESIAN_POINT('',(-0.00569031591652696,0.00387482728582273,0.00690884492211732));
#7526=CARTESIAN_POINT('',(-0.00884166069442423,0.00591584647227977,0.00343591796673797));
#7527=CARTESIAN_POINT('',(-0.00872102761798326,0.00583513008228344,0.00356481921969989));
#7528=CARTESIAN_POINT('',(-0.00846524273933234,0.00566398375825708,0.0038381372607641));
#7529=CARTESIAN_POINT('',(-0.00807430283433845,0.00540243598293108,0.00425592596342808));
#7530=CARTESIAN_POINT('',(-0.00766887320985689,0.00513118741775666,0.00468918450510033));
#7531=CARTESIAN_POINT('',(-0.00726338154812075,0.00485987671268027,0.00512248334660754));
#7532=CARTESIAN_POINT('',(-0.00685802085731601,0.00458868225132836,0.00555567697154162));
#7533=CARTESIAN_POINT('',(-0.00645250807746614,0.0043173537191577,0.00598899183959547));
#7534=CARTESIAN_POINT('',(-0.00605485542290646,0.00405131708124719,0.00641395777752993));
#7535=CARTESIAN_POINT('',(-0.00579231786929231,0.0038756554550601,0.00669449616665421));
#7536=CARTESIAN_POINT('',(-0.00566493759008677,0.00379042614011533,0.00683060981780093));
#7537=CARTESIAN_POINT('',(-0.00880328249502679,0.00580464282923392,0.00333180171402541));
#7538=CARTESIAN_POINT('',(-0.00868316365851364,0.00572543839619682,0.00346213426986397));
#7539=CARTESIAN_POINT('',(-0.00842846999436654,0.00555749784946991,0.00373848539260672));
#7540=CARTESIAN_POINT('',(-0.00803922335084752,0.0053008465235503,0.00416085589020909));
#7541=CARTESIAN_POINT('',(-0.00763549863368898,0.00503465233445116,0.0045989383488999));
#7542=CARTESIAN_POINT('',(-0.00723179603890734,0.00476845783819756,0.00503697174962047));
#7543=CARTESIAN_POINT('',(-0.00682808726264686,0.00450227565142277,0.00547503937122977));
#7544=CARTESIAN_POINT('',(-0.00642435309324838,0.00423605388876911,0.00591309661992498));
#7545=CARTESIAN_POINT('',(-0.00602846329880662,0.00397504464424223,0.00634270593418054));
#7546=CARTESIAN_POINT('',(-0.00576705568885509,0.00380267382645997,0.00662633704999367));
#7547=CARTESIAN_POINT('',(-0.00564022318635863,0.00371904079085239,0.00676395162412121));
#7548=CARTESIAN_POINT('',(-0.00871236896249738,0.00558208059862488,0.00311792060795744));
#7549=CARTESIAN_POINT('',(-0.00859348729901456,0.00550591363071608,0.00325118248881889));
#7550=CARTESIAN_POINT('',(-0.00834141743636062,0.00534441313497014,0.00353374252703421));
#7551=CARTESIAN_POINT('',(-0.00795619777676319,0.00509759111018898,0.00396553353068814));
#7552=CARTESIAN_POINT('',(-0.00755659351462539,0.00484155088771603,0.00441344694760009));
#7553=CARTESIAN_POINT('',(-0.00715709529555209,0.00458559185886217,0.0048612625139844));
#7554=CARTESIAN_POINT('',(-0.00675745355689479,0.00432952760659222,0.00530922288959747));
#7555=CARTESIAN_POINT('',(-0.0063579166007661,0.004073541292205,0.00575707894276256));
#7556=CARTESIAN_POINT('',(-0.00596612969138492,0.00382252716647621,0.00619625158751782));
#7557=CARTESIAN_POINT('',(-0.00570741828954332,0.00365677009498922,0.00648625363584136));
#7558=CARTESIAN_POINT('',(-0.00558189378655705,0.0035763461751348,0.00662696008727845));
#7559=CARTESIAN_POINT('',(-0.00865749049962117,0.00546609872729187,0.00300405008342864));
#7560=CARTESIAN_POINT('',(-0.00853935983110076,0.00539151505528388,0.00313886093626255));
#7561=CARTESIAN_POINT('',(-0.00828888242054828,0.00523337201843597,0.00342470560472341));
#7562=CARTESIAN_POINT('',(-0.00790609896570781,0.0049916908785812,0.00386152468093972));
#7563=CARTESIAN_POINT('',(-0.00750903388096741,0.00474099388350598,0.00431464758098127));
#7564=CARTESIAN_POINT('',(-0.00711204673776909,0.00449034671406021,0.00476767954406139));
#7565=CARTESIAN_POINT('',(-0.0067149642879223,0.00423963994193801,0.00522082700758023));
#7566=CARTESIAN_POINT('',(-0.00631793251410645,0.00398896114917757,0.00567390623338786));
#7567=CARTESIAN_POINT('',(-0.00592859908787665,0.00374316426098645,0.00611823599197008));
#7568=CARTESIAN_POINT('',(-0.00567151259737036,0.00358084689539092,0.00641162042056239));
#7569=CARTESIAN_POINT('',(-0.00554677655188239,0.00350209181718282,0.00655396766122709));
#7570=CARTESIAN_POINT('',(-0.00854951066359425,0.00527407528047744,0.00280819243829583));
#7571=CARTESIAN_POINT('',(-0.00843285517630641,0.00520211152539483,0.00294567119834785));
#7572=CARTESIAN_POINT('',(-0.00818550602100153,0.00504952411758195,0.00323717306284499));
#7573=CARTESIAN_POINT('',(-0.00780751427738882,0.00481634854504408,0.00368264722444761));
#7574=CARTESIAN_POINT('',(-0.00741544329474058,0.00457448698834693,0.0041447101794328));
#7575=CARTESIAN_POINT('',(-0.00702340325556141,0.00433264246400594,0.00460673504061113));
#7576=CARTESIAN_POINT('',(-0.00663135348980176,0.00409079728731226,0.00506877913154592));
#7577=CARTESIAN_POINT('',(-0.00623925060812454,0.00384890243565776,0.00553085041084834));
#7578=CARTESIAN_POINT('',(-0.00585477903598343,0.00361176246309557,0.00598405404435135));
#7579=CARTESIAN_POINT('',(-0.00560088796461608,0.00345513331052323,0.00628325104742266));
#7580=CARTESIAN_POINT('',(-0.00547770210486469,0.00337913772077478,0.00642841785976622));
#7581=CARTESIAN_POINT('',(-0.00849673896137289,0.00519111179865413,0.00272087726720114));
#7582=CARTESIAN_POINT('',(-0.00838080662978058,0.00512028284234272,0.002859543628038));
#7583=CARTESIAN_POINT('',(-0.00813499031448028,0.00497010110301118,0.00315356369734922));
#7584=CARTESIAN_POINT('',(-0.00775932607259343,0.00474058703496712,0.00360288878548258));
#7585=CARTESIAN_POINT('',(-0.00736969151166995,0.00450254749009882,0.00406895477416592));
#7586=CARTESIAN_POINT('',(-0.00698002864623194,0.00426445326163847,0.00453492867964297));
#7587=CARTESIAN_POINT('',(-0.00659054654220665,0.00402660721402158,0.00500116594621433));
#7588=CARTESIAN_POINT('',(-0.00620034940384071,0.00378781841841509,0.00546647122943406));
#7589=CARTESIAN_POINT('',(-0.00582011488677501,0.00355695923293802,0.00592642684826719));
#7590=CARTESIAN_POINT('',(-0.00556753115060195,0.00340244103882558,0.00622782584501009));
#7591=CARTESIAN_POINT('',(-0.00544495942447398,0.00332744210474927,0.00637403050335717));
#7592=CARTESIAN_POINT('',(-0.00839712927242706,0.00505497401909461,0.00257076964232204));
#7593=CARTESIAN_POINT('',(-0.00828255515128584,0.00498600179136331,0.00271148706165868));
#7594=CARTESIAN_POINT('',(-0.00803961858985157,0.00483975696806353,0.00300985657662019));
#7595=CARTESIAN_POINT('',(-0.00766835171039272,0.00461625985565551,0.00346584365211275));
#7596=CARTESIAN_POINT('',(-0.00728324955758963,0.00438442784451451,0.00393879936124513));
#7597=CARTESIAN_POINT('',(-0.00689821810326948,0.00415266347324931,0.00441175977779202));
#7598=CARTESIAN_POINT('',(-0.00651300809496863,0.00392069548731693,0.0048845972955845));
#7599=CARTESIAN_POINT('',(-0.0061283045442413,0.00368939072168646,0.00535808719851643));
#7600=CARTESIAN_POINT('',(-0.00574926458118082,0.0034601773650035,0.0058199298482121));
#7601=CARTESIAN_POINT('',(-0.00550011031642519,0.00331033295354558,0.00612644682917509));
#7602=CARTESIAN_POINT('',(-0.00537923827999699,0.00323765024607434,0.00627518709319471));
#7603=CARTESIAN_POINT('',(-0.00835427307605287,0.00500216160573429,0.0025102333211205));
#7604=CARTESIAN_POINT('',(-0.00824028004047298,0.00493390745352365,0.00265177854303173));
#7605=CARTESIAN_POINT('',(-0.00799857557166879,0.00478918524518047,0.00295190340619098));
#7606=CARTESIAN_POINT('',(-0.00762919137027396,0.00456801650469266,0.00341057676427965));
#7607=CARTESIAN_POINT('',(-0.00724601302889555,0.00433856817217336,0.00388629651292198));
#7608=CARTESIAN_POINT('',(-0.0068630173171087,0.00410931126690384,0.00436213078589741));
#7609=CARTESIAN_POINT('',(-0.00647943964508622,0.00387939815939108,0.00483740757904305));
#7610=CARTESIAN_POINT('',(-0.00609778850884349,0.00365178253764431,0.00531506550463439));
#7611=CARTESIAN_POINT('',(-0.00571673117233798,0.00342032570910311,0.00577443062743412));
#7612=CARTESIAN_POINT('',(-0.00546940999892886,0.00327270288626782,0.00608346289511619));
#7613=CARTESIAN_POINT('',(-0.00534947020248444,0.00320114819312322,0.00623347974011981));
#7614=CARTESIAN_POINT('',(-0.00827598319122952,0.00491798775600707,0.00240817886861873));
#7615=CARTESIAN_POINT('',(-0.00816305654909699,0.00485088120604417,0.00255112232464823));
#7616=CARTESIAN_POINT('',(-0.00792361297506754,0.00470859201866506,0.00285421183960993));
#7617=CARTESIAN_POINT('',(-0.00755767714932395,0.00449113276132463,0.00331741333077242));
#7618=CARTESIAN_POINT('',(-0.00717812234246072,0.00426559283397293,0.00379789379709357));
#7619=CARTESIAN_POINT('',(-0.00679856270769409,0.00404000164856731,0.00427820926275522));
#7620=CARTESIAN_POINT('',(-0.00641912978352063,0.00381466615761903,0.00475900914024981));
#7621=CARTESIAN_POINT('',(-0.00603895404824164,0.00358821370326003,0.00523835033221364));
#7622=CARTESIAN_POINT('',(-0.00566923826413807,0.00337047068343475,0.00571324714160162));
#7623=CARTESIAN_POINT('',(-0.00542315456149799,0.00322396221494655,0.00602377139417902));
#7624=CARTESIAN_POINT('',(-0.00530373055989609,0.00315284071355306,0.0061743935179671));
#7625=CARTESIAN_POINT('',(-0.00824649548521356,0.00488881074748084,0.0023714653188556));
#7626=CARTESIAN_POINT('',(-0.00813396891432341,0.00482210100779569,0.00251490902604694));
#7627=CARTESIAN_POINT('',(-0.00789537373355007,0.0046806532313598,0.00281905946834711));
#7628=CARTESIAN_POINT('',(-0.00753073761680342,0.00446448096195891,0.0032838890392108));
#7629=CARTESIAN_POINT('',(-0.0071525551027529,0.00424030355683157,0.00376608203830865));
#7630=CARTESIAN_POINT('',(-0.0067742585061417,0.00401595494342775,0.00424797661162275));
#7631=CARTESIAN_POINT('',(-0.00639649322848471,0.0037923066490482,0.00473086095754959));
#7632=CARTESIAN_POINT('',(-0.00601649236068452,0.00356589390163765,0.00521038160369779));
#7633=CARTESIAN_POINT('',(-0.00565241162583994,0.00335421877984978,0.00569242501576709));
#7634=CARTESIAN_POINT('',(-0.00540660524317676,0.00320791548616505,0.00600327398616216));
#7635=CARTESIAN_POINT('',(-0.00528726918562846,0.00313684207963186,0.00615399418320329));
#7636=CARTESIAN_POINT('',(-0.00820466164593729,0.00485189733789183,0.00232196734432528));
#7637=CARTESIAN_POINT('',(-0.00809270851071493,0.00478569296584013,0.00246608799735318));
#7638=CARTESIAN_POINT('',(-0.00785532884599899,0.00464531645676475,0.0027716737810939));
#7639=CARTESIAN_POINT('',(-0.00749253932640278,0.00443077271966072,0.00323869640409317));
#7640=CARTESIAN_POINT('',(-0.00711620708791826,0.00420822409861906,0.0037230609642446));
#7641=CARTESIAN_POINT('',(-0.00674009886832922,0.00398580859487317,0.00420755981053368));
#7642=CARTESIAN_POINT('',(-0.00636323039437436,0.00376293571919881,0.00469145700568596));
#7643=CARTESIAN_POINT('',(-0.00598900250713344,0.00354165368398607,0.00517784262791474));
#7644=CARTESIAN_POINT('',(-0.00561267376122906,0.0033190302623156,0.00564529453639906));
#7645=CARTESIAN_POINT('',(-0.00537007565684239,0.00317557927306087,0.00595996105208658));
#7646=CARTESIAN_POINT('',(-0.00525244911557394,0.00310602623345336,0.00611271556727084));
#7647=CARTESIAN_POINT('',(-0.00817772127500157,0.00483090488998216,0.00229161141175203));
#7648=CARTESIAN_POINT('',(-0.00806613834146259,0.00476498872468134,0.00243614562917525));
#7649=CARTESIAN_POINT('',(-0.00782954350051891,0.00462522335567269,0.00274260868551084));
#7650=CARTESIAN_POINT('',(-0.0074679494262772,0.00441161487608737,0.00321098327609674));
#7651=CARTESIAN_POINT('',(-0.00709285715113665,0.00419002726200989,0.00369672108421214));
#7652=CARTESIAN_POINT('',(-0.0067180162622331,0.00396861846313621,0.00418266467996233));
#7653=CARTESIAN_POINT('',(-0.00634228695230708,0.00374656626304583,0.00466777912841314));
#7654=CARTESIAN_POINT('',(-0.00596974013615681,0.00352683899498333,0.00515614415942394));
#7655=CARTESIAN_POINT('',(-0.00559299179681096,0.00330299908128168,0.00562285902164744));
#7656=CARTESIAN_POINT('',(-0.00535141644032786,0.00316046952744722,0.00593872370927286));
#7657=CARTESIAN_POINT('',(-0.00523430371989349,0.00309138690370954,0.00609208237097971));
#7658=CARTESIAN_POINT('',(-0.00814135275126174,0.00480419036079358,0.00225194549380933));
#7659=CARTESIAN_POINT('',(-0.00803026595681664,0.00473863862102091,0.00239701548811162));
#7660=CARTESIAN_POINT('',(-0.00779472288645177,0.00459964580551408,0.00270461495724671));
#7661=CARTESIAN_POINT('',(-0.00743472968806551,0.00438721333024587,0.00317473777739458));
#7662=CARTESIAN_POINT('',(-0.00706136075170678,0.00416689125051546,0.00366232527683818));
#7663=CARTESIAN_POINT('',(-0.00668800555068228,0.00394657405148955,0.00414989769186392));
#7664=CARTESIAN_POINT('',(-0.00631462300510764,0.00372624291998585,0.00463750323998997));
#7665=CARTESIAN_POINT('',(-0.00594129853508241,0.0035059449712547,0.00512503461130941));
#7666=CARTESIAN_POINT('',(-0.00557509126792632,0.00328984940033943,0.0056032696800419));
#7667=CARTESIAN_POINT('',(-0.00533335130948775,0.00314719927646653,0.00591896233348655));
#7668=CARTESIAN_POINT('',(-0.00521606228824773,0.00307798730720858,0.00607213223685015));
#7669=CARTESIAN_POINT('',(-0.00813835039106893,0.0048019849746311,0.00224867092116255));
#7670=CARTESIAN_POINT('',(-0.00802730455479624,0.00473646331957419,0.00239378514588742));
#7671=CARTESIAN_POINT('',(-0.00779184831209972,0.00459753428130223,0.00270147843022866));
#7672=CARTESIAN_POINT('',(-0.0074319872721144,0.00438519888967078,0.00317174557338734));
#7673=CARTESIAN_POINT('',(-0.00705876060393775,0.0041649812846222,0.0036594857718971));
#7674=CARTESIAN_POINT('',(-0.00668552805210789,0.00394475420132254,0.00414719265215956));
#7675=CARTESIAN_POINT('',(-0.00631233924087124,0.00372456515058766,0.00463500385005449));
#7676=CARTESIAN_POINT('',(-0.0059389505725559,0.00350422008999311,0.0051224663995903));
#7677=CARTESIAN_POINT('',(-0.00557361351106882,0.00328876384407953,0.00560165250526019));
#7678=CARTESIAN_POINT('',(-0.00533185996411172,0.0031461037666906,0.0059173309566278));
#7679=CARTESIAN_POINT('',(-0.00521455638856852,0.00307688111946717,0.00607048527727103));
#7680=CARTESIAN_POINT('',(-0.00813534803087612,0.00479977958846863,0.00224539634851576));
#7681=CARTESIAN_POINT('',(-0.00802434315277584,0.00473428801812746,0.00239055480366323));
#7682=CARTESIAN_POINT('',(-0.00778897373774767,0.00459542275709038,0.00269834190321061));
#7683=CARTESIAN_POINT('',(-0.00742924485616329,0.00438318444909569,0.00316875336938009));
#7684=CARTESIAN_POINT('',(-0.00705616045616871,0.00416307131872894,0.00365664626695601));
#7685=CARTESIAN_POINT('',(-0.0066830505535335,0.00394293435115553,0.00414448761245521));
#7686=CARTESIAN_POINT('',(-0.00631005547663484,0.00372288738118946,0.004632504460119));
#7687=CARTESIAN_POINT('',(-0.00593660261002939,0.00350249520873152,0.00511989818787119));
#7688=CARTESIAN_POINT('',(-0.00557213575421132,0.00328767828781963,0.00560003533047849));
#7689=CARTESIAN_POINT('',(-0.0053303686187357,0.00314500825691467,0.00591569957976905));
#7690=CARTESIAN_POINT('',(-0.00521305048888931,0.00307577493172576,0.00606883831769191));
#7691=CARTESIAN_POINT('',(-0.00813234567068331,0.00479757420230615,0.00224212177586897));
#7692=CARTESIAN_POINT('',(-0.00802138175075543,0.00473211271668074,0.00238732446143903));
#7693=CARTESIAN_POINT('',(-0.00778609916339562,0.00459331123287853,0.00269520537619255));
#7694=CARTESIAN_POINT('',(-0.00742650244021218,0.0043811700085206,0.00316576116537285));
#7695=CARTESIAN_POINT('',(-0.00705356030839968,0.00416116135283568,0.00365380676201493));
#7696=CARTESIAN_POINT('',(-0.00668057305495911,0.00394111450098852,0.00414178257275085));
#7697=CARTESIAN_POINT('',(-0.00630777171239845,0.00372120961179127,0.00463000507018352));
#7698=CARTESIAN_POINT('',(-0.00593425464750288,0.00350077032746993,0.00511732997615208));
#7699=CARTESIAN_POINT('',(-0.00557065799735383,0.00328659273155973,0.00559841815569678));
#7700=CARTESIAN_POINT('',(-0.00532887727335967,0.00314391274713874,0.00591406820291031));
#7701=CARTESIAN_POINT('',(-0.0052115445892101,0.00307466874398435,0.00606719135811279));
#7702=CARTESIAN_POINT('',(-0.00729602290842437,0.00496823544402139,0.00522279408713123));
#7703=CARTESIAN_POINT('',(-0.00013265132306709,8.388033253829E-5,-0.00715454934157497));
#7704=CARTESIAN_POINT('',(-0.00697969638873807,0.00540368300915252,0.00522276117126156));
#7705=CARTESIAN_POINT('',(-0.00708485851316359,0.00625829801543259,0.00225196675605712));
#7706=CARTESIAN_POINT('',(-0.00698818616201748,0.00617290372038864,0.00239703861497261));
#7707=CARTESIAN_POINT('',(-0.00678320764456465,0.00599183858363858,0.00270464065155936));
#7708=CARTESIAN_POINT('',(-0.0064699713178351,0.0057151464013252,0.00317469953952511));
#7709=CARTESIAN_POINT('',(-0.00614500991076984,0.00542809641412246,0.00366235437718064));
#7710=CARTESIAN_POINT('',(-0.0058201152185562,0.00514110661715465,0.00414990839757574));
#7711=CARTESIAN_POINT('',(-0.00549518651680209,0.00485408508755351,0.00463751349399863));
#7712=CARTESIAN_POINT('',(-0.00517032948085464,0.00456712688320544,0.00512501191571205));
#7713=CARTESIAN_POINT('',(-0.00485165434865419,0.00428562857550112,0.00560323413637834));
#7714=CARTESIAN_POINT('',(-0.00464130608739564,0.00409982070103807,0.00591889402047866));
#7715=CARTESIAN_POINT('',(-0.00453925881409532,0.0040096788388274,0.00607203162172663));
#7716=CARTESIAN_POINT('',(-0.00714329530829627,0.00630029012294062,0.00231522913218366));
#7717=CARTESIAN_POINT('',(-0.00704582085201487,0.00621431952960904,0.00245943989291729));
#7718=CARTESIAN_POINT('',(-0.00683914198275338,0.00603203267959317,0.00276521602982483));
#7719=CARTESIAN_POINT('',(-0.00652331892394156,0.00575348068579337,0.00323248237785693));
#7720=CARTESIAN_POINT('',(-0.00619565867616306,0.00546449203648594,0.00371724592587171));
#7721=CARTESIAN_POINT('',(-0.00586808801427072,0.0051755799223068,0.00420188698752769));
#7722=CARTESIAN_POINT('',(-0.00554043246414876,0.00488659416140984,0.00468665312946639));
#7723=CARTESIAN_POINT('',(-0.00521290566332683,0.00459771868313363,0.0051712258095376));
#7724=CARTESIAN_POINT('',(-0.0048915952733724,0.00431432868249715,0.00564659420272694));
#7725=CARTESIAN_POINT('',(-0.00467951418199205,0.00412727591494853,0.00596036801344963));
#7726=CARTESIAN_POINT('',(-0.00457662634241804,0.0040365301627647,0.00611259058292278));
#7727=CARTESIAN_POINT('',(-0.00720130442288255,0.00633494994449843,0.00237522145713893));
#7728=CARTESIAN_POINT('',(-0.00710303888874292,0.00624850658350808,0.00251861623209457));
#7729=CARTESIAN_POINT('',(-0.00689468288018851,0.00606521738248421,0.00282266223461084));
#7730=CARTESIAN_POINT('',(-0.00657630345894315,0.00578513602142619,0.0032872857511458));
#7731=CARTESIAN_POINT('',(-0.00624598570214333,0.00549455901078517,0.00376930957969373));
#7732=CARTESIAN_POINT('',(-0.00591577031507605,0.00520406788297817,0.00425119335010215));
#7733=CARTESIAN_POINT('',(-0.00558543176169346,0.00491347138285856,0.00473325755368358));
#7734=CARTESIAN_POINT('',(-0.00525525560645341,0.0046230126319837,0.00521508245136461));
#7735=CARTESIAN_POINT('',(-0.00493135068075888,0.00433807336559701,0.00568775325810007));
#7736=CARTESIAN_POINT('',(-0.00471754970697222,0.00414999243499861,0.00599974910403408));
#7737=CARTESIAN_POINT('',(-0.00461382739328758,0.00405874780987127,0.00615110915659528));
#7738=CARTESIAN_POINT('',(-0.00731943113233928,0.00639102420958193,0.00249129848454872));
#7739=CARTESIAN_POINT('',(-0.00721956040972468,0.00630382137386205,0.00263310261705108));
#7740=CARTESIAN_POINT('',(-0.00700779945394472,0.00611892089316071,0.0029337762746505));
#7741=CARTESIAN_POINT('',(-0.00668417461896416,0.00583634911547548,0.00339325729964724));
#7742=CARTESIAN_POINT('',(-0.00634846741976988,0.00554322599531599,0.00386991688685346));
#7743=CARTESIAN_POINT('',(-0.0060128341426532,0.00525016691266399,0.00434646104706497));
#7744=CARTESIAN_POINT('',(-0.00567707627178832,0.00495700292868153,0.00482318161761719));
#7745=CARTESIAN_POINT('',(-0.00534145259710834,0.0046639511271206,0.00529971038906804));
#7746=CARTESIAN_POINT('',(-0.00501226097003024,0.00437651589390836,0.00576711588052978));
#7747=CARTESIAN_POINT('',(-0.00479494054733676,0.00418676151962322,0.00607567839901555));
#7748=CARTESIAN_POINT('',(-0.00468951042088558,0.00409470469647258,0.00622537339732822));
#7749=CARTESIAN_POINT('',(-0.00738694728928797,0.0064181320327386,0.00255602074599872));
#7750=CARTESIAN_POINT('',(-0.00728615930333792,0.00633056233376725,0.00269693429298356));
#7751=CARTESIAN_POINT('',(-0.00707245327806042,0.00614488372126216,0.00299572074894329));
#7752=CARTESIAN_POINT('',(-0.00674585136732471,0.00586111512342724,0.00345235240892972));
#7753=CARTESIAN_POINT('',(-0.00640707159505981,0.00556676687821285,0.00392600895489662));
#7754=CARTESIAN_POINT('',(-0.00606834668198815,0.00527246590978168,0.00439958628790858));
#7755=CARTESIAN_POINT('',(-0.00572952263958338,0.00497808101360976,0.00487330462373963));
#7756=CARTESIAN_POINT('',(-0.00539078262738303,0.00468376725270861,0.00534689930095426));
#7757=CARTESIAN_POINT('',(-0.00505857434076804,0.00439512869899294,0.00581136592445496));
#7758=CARTESIAN_POINT('',(-0.00483924246691084,0.00420456221549177,0.00611801959318061));
#7759=CARTESIAN_POINT('',(-0.00473283624046732,0.00411211116765317,0.00626678896315873));
#7760=CARTESIAN_POINT('',(-0.00754822441561054,0.00647323942082174,0.0027077807290175));
#7761=CARTESIAN_POINT('',(-0.00744524053197806,0.0063849216146593,0.00284661919325369));
#7762=CARTESIAN_POINT('',(-0.0072268777972481,0.00619765632379873,0.00314100622983892));
#7763=CARTESIAN_POINT('',(-0.00689314004495284,0.00591144993833881,0.00359092905095335));
#7764=CARTESIAN_POINT('',(-0.00654700067767095,0.00561460433948045,0.00405758102120311));
#7765=CARTESIAN_POINT('',(-0.0062008816338462,0.00531777820179826,0.00452420266740898));
#7766=CARTESIAN_POINT('',(-0.00585471408661983,0.00502090902955458,0.00499089587220759));
#7767=CARTESIAN_POINT('',(-0.00550853744508441,0.00472403569137139,0.0054575924373056));
#7768=CARTESIAN_POINT('',(-0.00516911529361499,0.00443295112171632,0.00591518967518698));
#7769=CARTESIAN_POINT('',(-0.0049449802722079,0.00424073825893591,0.00621735432342691));
#7770=CARTESIAN_POINT('',(-0.00483624330803053,0.00414748806273428,0.00636394652787481));
#7771=CARTESIAN_POINT('',(-0.00765318349079423,0.00650020625062823,0.00280381689354008));
#7772=CARTESIAN_POINT('',(-0.00754875219645031,0.00641151058702968,0.00294135437927077));
#7773=CARTESIAN_POINT('',(-0.00732732234757286,0.00622344526021706,0.00323298181907455));
#7774=CARTESIAN_POINT('',(-0.00698895471964873,0.0059360510474136,0.0036786551013581));
#7775=CARTESIAN_POINT('',(-0.00663797028863813,0.00563795314308876,0.00414090043753314));
#7776=CARTESIAN_POINT('',(-0.00628703577958689,0.00533988646714421,0.004603121660772));
#7777=CARTESIAN_POINT('',(-0.005936036687684,0.00504177744454744,0.00506538430840165));
#7778=CARTESIAN_POINT('',(-0.00558503524585794,0.00474365962584395,0.00552768009618421));
#7779=CARTESIAN_POINT('',(-0.00524088422509501,0.00445136122122856,0.00598093749636296));
#7780=CARTESIAN_POINT('',(-0.00501363345469782,0.00425834836184824,0.00628024545122941));
#7781=CARTESIAN_POINT('',(-0.00490338500870551,0.00416471007599367,0.00642545188156377));
#7782=CARTESIAN_POINT('',(-0.00799198615261878,0.00656801518065877,0.00311111331799178));
#7783=CARTESIAN_POINT('',(-0.00788293292475883,0.00647838706433541,0.00324448881489937));
#7784=CARTESIAN_POINT('',(-0.00765170241975491,0.00628834527047504,0.00352728804860057));
#7785=CARTESIAN_POINT('',(-0.00729834070578082,0.00599795041868812,0.00395936908664467));
#7786=CARTESIAN_POINT('',(-0.00693181492157047,0.00569670513069941,0.00440766222415706));
#7787=CARTESIAN_POINT('',(-0.00656532564085468,0.0053955191794802,0.00485580583992643));
#7788=CARTESIAN_POINT('',(-0.00619881980737455,0.00509428576532043,0.00530408941785104));
#7789=CARTESIAN_POINT('',(-0.00583231190666983,0.00479307822943246,0.00575228051383895));
#7790=CARTESIAN_POINT('',(-0.0054729525009043,0.00449772777686364,0.00619177119335278));
#7791=CARTESIAN_POINT('',(-0.0052356680367868,0.00430271852264588,0.0064819423063926));
#7792=CARTESIAN_POINT('',(-0.00512055196310137,0.00420811196291532,0.00662271545952694));
#7793=CARTESIAN_POINT('',(-0.00822225141175986,0.00658354905510615,0.00331563774150706));
#7794=CARTESIAN_POINT('',(-0.00811009172100281,0.00649373076013955,0.00344618748423992));
#7795=CARTESIAN_POINT('',(-0.00787226715520041,0.00630328209019639,0.00372299934095857));
#7796=CARTESIAN_POINT('',(-0.00750860865675958,0.006012155871763,0.00414605726068882));
#7797=CARTESIAN_POINT('',(-0.00713166695862489,0.00571029140363551,0.00458481831733513));
#7798=CARTESIAN_POINT('',(-0.00675454843574314,0.00540835838125681,0.00502361208083592));
#7799=CARTESIAN_POINT('',(-0.00637779776862085,0.00510662371823783,0.00546219832804085));
#7800=CARTESIAN_POINT('',(-0.00600065333296041,0.0048046565379057,0.00590105663146125));
#7801=CARTESIAN_POINT('',(-0.00563089450291591,0.00450857129972499,0.00633139354168361));
#7802=CARTESIAN_POINT('',(-0.0053867742423488,0.0043131047513183,0.00661547556934537));
#7803=CARTESIAN_POINT('',(-0.00526834227350029,0.00421827671869333,0.00675329405728507));
#7804=CARTESIAN_POINT('',(-0.00849626992813266,0.00657781719374676,0.00355812687597506));
#7805=CARTESIAN_POINT('',(-0.00838034123871809,0.00648806513338991,0.00368537366539243));
#7806=CARTESIAN_POINT('',(-0.00813453336057829,0.00629776049889064,0.00395517969574964));
#7807=CARTESIAN_POINT('',(-0.00775892437056996,0.0060069628785354,0.00436745829101313));
#7808=CARTESIAN_POINT('',(-0.00736929588327541,0.00570531181529257,0.00479512584148079));
#7809=CARTESIAN_POINT('',(-0.00697973423638064,0.00540371217349941,0.00522271926827526));
#7810=CARTESIAN_POINT('',(-0.00659007009202651,0.00510203400215805,0.00565042736105104));
#7811=CARTESIAN_POINT('',(-0.00620052212713728,0.00480044404958965,0.00607800516570073));
#7812=CARTESIAN_POINT('',(-0.00581822788417468,0.00450447581199048,0.00649762559266368));
#7813=CARTESIAN_POINT('',(-0.00556599456440893,0.00430919590641478,0.00677448388159146));
#7814=CARTESIAN_POINT('',(-0.00544362885730128,0.0042144599068307,0.00690879584341519));
#7815=CARTESIAN_POINT('',(0.,0.,0.00584803390593274));
#7816=CARTESIAN_POINT('',(0.,0.,0.002));
#7817=CARTESIAN_POINT('',(-0.00463169074643328,0.0078490968041361,0.00200279509074903));
#7818=CARTESIAN_POINT('',(-0.00362750188262031,0.00836054533969903,0.00200301617344234));
#7819=CARTESIAN_POINT('',(-0.00381376829705143,0.00646293870310052,0.00392438009641047));
#7820=CARTESIAN_POINT('',(-0.00299430346198935,0.00507427584106092,0.00584967957822384));
#7821=CARTESIAN_POINT('',(0.,0.,0.00584803390593274));
#7822=CARTESIAN_POINT('',(-0.00234515336674246,0.00540504093768126,0.00584968450963297));
#7823=CARTESIAN_POINT('',(-0.00362748735836416,0.00836055300352469,0.00200301722003453));
#7824=CARTESIAN_POINT('',(0.,0.,0.00193670395716381));
#7825=CARTESIAN_POINT('',(-0.0046303537744238,0.00784673491147327,0.0020060332015583));
#7826=CARTESIAN_POINT('',(-0.00478292845163452,0.00810532231212827,0.00229899864202098));
#7827=CARTESIAN_POINT('',(-0.0060351837908658,0.00683228637286283,0.002));
#7828=CARTESIAN_POINT('',(-0.00560149845382903,0.0072153749282279,0.002));
#7829=CARTESIAN_POINT('',(-0.00513123745976571,0.00755703793920911,0.002));
#7830=CARTESIAN_POINT('',(-0.00463288114337885,0.00785111411085466,0.002));
#7831=CARTESIAN_POINT('',(-0.00623059412418082,0.00705353514800537,0.00229899899817791));
#7832=CARTESIAN_POINT('',(-0.00623061549925248,0.00705351626701261,0.00229899899824227));
#7833=CARTESIAN_POINT('',(-0.0065638047216289,0.00847817066728232,0.00357799385117149));
#7834=CARTESIAN_POINT('',(-0.00655870366607727,0.00822091138959385,0.0033764578529231));
#7835=CARTESIAN_POINT('',(-0.00651312359997557,0.00771432834794486,0.00296493589200744));
#7836=CARTESIAN_POINT('',(-0.00636732882748845,0.00724562324187584,0.00252780246888964));
#7837=CARTESIAN_POINT('',(-0.00623061288894624,0.00705351765162693,0.00229899832459511));
#7838=CARTESIAN_POINT('',(-0.00656380621205072,0.00847817259239611,0.00357799622678003));
#7839=CARTESIAN_POINT('',(-0.00656365490735602,0.00847797796350291,0.00357775568272588));
#7840=CARTESIAN_POINT('',(-0.0063913936525335,0.0086116249151192,0.00357797341427741));
#7841=CARTESIAN_POINT('',(-0.00621506584590712,0.00873967184527353,0.00357792386145268));
#7842=CARTESIAN_POINT('',(-0.00603466997884622,0.00886211667552766,0.00357760450081334));
#7843=CARTESIAN_POINT('',(-0.00603489496619866,0.00886244916728792,0.00357799622678003));
#7844=CARTESIAN_POINT('',(-0.00478292646713103,0.00810532380226513,0.00229899891016727));
#7845=CARTESIAN_POINT('',(-0.00492315553742473,0.00829440806315004,0.0025274350022649));
#7846=CARTESIAN_POINT('',(-0.0053252052925316,0.00857850811849221,0.00296575627883384));
#7847=CARTESIAN_POINT('',(-0.00579189574770996,0.00877813695591096,0.00337654066046555));
#7848=CARTESIAN_POINT('',(-0.00603489076596683,0.00886244733022984,0.00357799243837139));
#7849=CARTESIAN_POINT('',(0.,0.,0.00580711639365242));
#7850=CARTESIAN_POINT('',(-0.00309191059781325,0.00523965610004809,0.00604132020851931));
#7851=CARTESIAN_POINT('',(-0.00327329684360157,0.00548429128088334,0.00633684824942208));
#7852=CARTESIAN_POINT('',(-0.0035869772673761,0.00562005659719275,0.00660758550399951));
#7853=CARTESIAN_POINT('',(-0.00390123516926582,0.00572909868380474,0.00686812176216144));
#7854=CARTESIAN_POINT('',(-0.00309191012884064,0.00523965637667762,0.00604132020842667));
#7855=CARTESIAN_POINT('',(-0.00390123784914757,0.00572909990191161,0.0068681242163913));
#7856=CARTESIAN_POINT('',(-0.00424355290641166,0.00548122272295747,0.00686877889194116));
#7857=CARTESIAN_POINT('',(-0.00413161964620416,0.00556684608539947,0.00686798020414157));
#7858=CARTESIAN_POINT('',(-0.00401751787140581,0.00564947650657984,0.00686776743920724));
#7859=CARTESIAN_POINT('',(-0.00390124688221779,0.00572911301773613,0.00686813975559412));
#7860=CARTESIAN_POINT('',(-0.00424314818835819,0.00548068753837854,0.0068681242163913));
#7861=CARTESIAN_POINT('',(-0.00424314598992242,0.00548068469874885,0.00686812071226371));
#7862=CARTESIAN_POINT('',(-0.00423655120995728,0.00514817898844007,0.00660763583669863));
#7863=CARTESIAN_POINT('',(-0.00420414986687681,0.00480752330247121,0.0063364843110666));
#7864=CARTESIAN_POINT('',(-0.00402775656675023,0.0045597241264774,0.00604132019881119));
#7865=CARTESIAN_POINT('',(-0.00402775577221001,0.00455972458098443,0.00604132001793274));
#7866=CARTESIAN_POINT('',(-0.0040277556086074,0.0045597252564377,0.00604131961011679));
#7867=CARTESIAN_POINT('',(-0.00398490945510333,0.00451121913826832,0.00597816888443923));
#7868=CARTESIAN_POINT('',(-0.00394206261111777,0.00446271309907824,0.00591501856657166));
#7869=CARTESIAN_POINT('',(-0.00389921645761365,0.00441420698090881,0.00585186784089418));
#7870=CARTESIAN_POINT('',(-0.00299521408088668,0.0050758138673558,0.00584803390593274));
#7871=CARTESIAN_POINT('',(-0.00331514039480505,0.00488639516354116,0.00584803390593274));
#7872=CARTESIAN_POINT('',(-0.00362295384096933,0.00466279282596929,0.00584803390593274));
#7873=CARTESIAN_POINT('',(-0.00390182610324767,0.00441717326064451,0.00584803390593274));
#7874=CARTESIAN_POINT('',(-0.00299323867171302,0.00507243164608143,0.00585186190130036));
#7875=CARTESIAN_POINT('',(-0.00302613172911872,0.00512817170537015,0.00591501467032428));
#7876=CARTESIAN_POINT('',(-0.00305902478652441,0.00518391176465885,0.00597816743934832));
#7877=CARTESIAN_POINT('',(-0.00309191784393004,0.00523965182394745,0.00604132020837238));
#7878=CARTESIAN_POINT('',(-0.00387609824035483,0.00656854851515196,0.0040480224199151));
#7879=CARTESIAN_POINT('',(-0.00394655369094142,0.00668797078078987,0.0041499428962571));
#7880=CARTESIAN_POINT('',(-0.00504827011078841,0.00571503836740864,0.00404669388945717));
#7881=CARTESIAN_POINT('',(-0.00514109389519137,0.00582010140877124,0.00414992920057475));
#7882=CARTESIAN_POINT('',(-0.00657781673568059,0.00849626959501874,0.00355812808354474));
#7883=CARTESIAN_POINT('',(-0.00648806991783622,0.00838034784292061,0.00368536713406001));
#7884=CARTESIAN_POINT('',(-0.00629777592363529,0.00813455403023213,0.00395515748453597));
#7885=CARTESIAN_POINT('',(-0.00600696411027649,0.0077589263036201,0.0043674569507877));
#7886=CARTESIAN_POINT('',(-0.00570533559328926,0.00736932771600392,0.00479509112771454));
#7887=CARTESIAN_POINT('',(-0.00540366949586639,0.00697967790922475,0.00522278278564103));
#7888=CARTESIAN_POINT('',(-0.00510204929212622,0.00659009059386805,0.00565040489460085));
#7889=CARTESIAN_POINT('',(-0.00480040412917958,0.0062004693100469,0.00607806429313137));
#7890=CARTESIAN_POINT('',(-0.00450448905748259,0.00581824616630513,0.00649760530219737));
#7891=CARTESIAN_POINT('',(-0.00430918367750412,0.00556597975579158,0.00677449999279248));
#7892=CARTESIAN_POINT('',(-0.00421442455060402,0.00544358406126905,0.00690884492211732));
#7893=CARTESIAN_POINT('',(-0.00658082192225536,0.00835852774993745,0.00343591796673797));
#7894=CARTESIAN_POINT('',(-0.00649103578505891,0.00824448423055564,0.0035648192196999));
#7895=CARTESIAN_POINT('',(-0.00630065703209714,0.00800267252944313,0.0038381372607641));
#7896=CARTESIAN_POINT('',(-0.00600967379538958,0.0076331187389744,0.00425592596342808));
#7897=CARTESIAN_POINT('',(-0.00570790772546602,0.00724986137954171,0.00468918450510033));
#7898=CARTESIAN_POINT('',(-0.00540610185689296,0.00686652575098436,0.00512248334660755));
#7899=CARTESIAN_POINT('',(-0.00510438462779131,0.00648334114902224,0.00555567697154162));
#7900=CARTESIAN_POINT('',(-0.00480256418357367,0.0060999820400347,0.00598899183959547));
#7901=CARTESIAN_POINT('',(-0.00450658387747334,0.00572408473385941,0.00641395777752994));
#7902=CARTESIAN_POINT('',(-0.00431117825408776,0.00547589203388277,0.00669449616665421));
#7903=CARTESIAN_POINT('',(-0.00421636971623871,0.00535547146750244,0.00683060981780093));
#7904=CARTESIAN_POINT('',(-0.00657868590117234,0.00824090728475562,0.00333180171402541));
#7905=CARTESIAN_POINT('',(-0.006488921614815,0.00812846063076911,0.00346213426986397));
#7906=CARTESIAN_POINT('',(-0.00629859002885204,0.00789003500887324,0.00373848539260672));
#7907=CARTESIAN_POINT('',(-0.00600770409342529,0.00752566126509082,0.00416085589020909));
#7908=CARTESIAN_POINT('',(-0.00570599759861773,0.00714773774829697,0.0045989383488999));
#7909=CARTESIAN_POINT('',(-0.00540431223835684,0.00676982077557229,0.00503697174962048));
#7910=CARTESIAN_POINT('',(-0.00510261719532206,0.00639191359967562,0.00547503937122977));
#7911=CARTESIAN_POINT('',(-0.00480091023159706,0.00601396093797029,0.00591309661992498));
#7912=CARTESIAN_POINT('',(-0.00450505295510624,0.00564338972076762,0.00634270593418054));
#7913=CARTESIAN_POINT('',(-0.00430970505628173,0.00539867593736272,0.00662633704999367));
#7914=CARTESIAN_POINT('',(-0.00421492420759835,0.00527994279516007,0.00676395162412122));
#7915=CARTESIAN_POINT('',(-0.00656099750520501,0.00800114419848345,0.00311792060795745));
#7916=CARTESIAN_POINT('',(-0.0064714712119755,0.0078919686529916,0.00325118248881889));
#7917=CARTESIAN_POINT('',(-0.00628164492432231,0.00766047868279769,0.00353374252703421));
#7918=CARTESIAN_POINT('',(-0.0059915514571006,0.00730669756638147,0.00396553353068814));
#7919=CARTESIAN_POINT('',(-0.00569062599964281,0.00693970433633968,0.00441344694760009));
#7920=CARTESIAN_POINT('',(-0.00538977630492439,0.00657282109512745,0.0048612625139844));
#7921=CARTESIAN_POINT('',(-0.00508882263079416,0.00620579343050922,0.00530922288959747));
#7922=CARTESIAN_POINT('',(-0.0047879445266403,0.00583887226880428,0.00575707894276256));
#7923=CARTESIAN_POINT('',(-0.00449290066415255,0.00547907483567535,0.00619625158751782));
#7924=CARTESIAN_POINT('',(-0.00429807325161855,0.00524148427290802,0.00648625363584137));
#7925=CARTESIAN_POINT('',(-0.00420354471308802,0.00512620737523125,0.00662696008727846));
#7926=CARTESIAN_POINT('',(-0.00654464535476363,0.00787388050632617,0.00300405008342864));
#7927=CARTESIAN_POINT('',(-0.00645534403484635,0.00776644283492407,0.00313886093626255));
#7928=CARTESIAN_POINT('',(-0.00626599474728375,0.00753863809265542,0.00342470560472341));
#7929=CARTESIAN_POINT('',(-0.00597662962766278,0.00719049907701963,0.00386152468093972));
#7930=CARTESIAN_POINT('',(-0.00567646792334412,0.00682937220718003,0.00431464758098127));
#7931=CARTESIAN_POINT('',(-0.00537636494887068,0.00646831680959104,0.00476767954406139));
#7932=CARTESIAN_POINT('',(-0.00507618975062809,0.00610717527511421,0.00522082700758023));
#7933=CARTESIAN_POINT('',(-0.00477605410205668,0.00574607601034646,0.00567390623338786));
#7934=CARTESIAN_POINT('',(-0.00448173142564484,0.005391998632964,0.00611823599197009));
#7935=CARTESIAN_POINT('',(-0.00428738646804857,0.00515818155011584,0.0064116204205624));
#7936=CARTESIAN_POINT('',(-0.00419309209672997,0.00504473546192778,0.00655396766122709));
#7937=CARTESIAN_POINT('',(-0.00650128893646587,0.00765788775156972,0.00280819243829584));
#7938=CARTESIAN_POINT('',(-0.00641258099841874,0.0075533976253023,0.00294567119834786));
#7939=CARTESIAN_POINT('',(-0.00622449007460773,0.00733184328426377,0.00323717306284499));
#7940=CARTESIAN_POINT('',(-0.00593705377832642,0.00699327426405103,0.00368264722444762));
#7941=CARTESIAN_POINT('',(-0.00563891144673396,0.00664209365787333,0.0041447101794328));
#7942=CARTESIAN_POINT('',(-0.0053407932808419,0.00629093881248674,0.00460673504061113));
#7943=CARTESIAN_POINT('',(-0.00504266606601015,0.00593978034099722,0.00506877913154592));
#7944=CARTESIAN_POINT('',(-0.00474450368534597,0.00558855821209131,0.00553085041084834));
#7945=CARTESIAN_POINT('',(-0.00445212977289825,0.00524421644626633,0.00598405404435135));
#7946=CARTESIAN_POINT('',(-0.00425906608500457,0.00501679661429803,0.00628325104742267));
#7947=CARTESIAN_POINT('',(-0.00416539329910241,0.00490645398932822,0.00642841785976623));
#7948=CARTESIAN_POINT('',(-0.00647673719098817,0.00756267743875862,0.00272087726720114));
#7949=CARTESIAN_POINT('',(-0.00638836634277209,0.00745949003765673,0.00285954362803801));
#7950=CARTESIAN_POINT('',(-0.00620098984399231,0.00724069729691451,0.00315356369734923));
#7951=CARTESIAN_POINT('',(-0.00591463566628048,0.00690632981199779,0.00360288878548258));
#7952=CARTESIAN_POINT('',(-0.00561762944283799,0.00655953705079368,0.00406895477416592));
#7953=CARTESIAN_POINT('',(-0.00532061319836177,0.00621268353582701,0.00453492867964297));
#7954=CARTESIAN_POINT('',(-0.00502369217610669,0.0058661219132172,0.00500116594621433));
#7955=CARTESIAN_POINT('',(-0.00472638244093278,0.00551844272622583,0.00546647122943406));
#7956=CARTESIAN_POINT('',(-0.00443609733737708,0.00518138366591002,0.00592642684826719));
#7957=CARTESIAN_POINT('',(-0.00424362467710038,0.00495637546353302,0.0062278258450101));
#7958=CARTESIAN_POINT('',(-0.00415022798344242,0.00484717049216114,0.00637403050335717));
#7959=CARTESIAN_POINT('',(-0.00642407163469047,0.00740242162970592,0.00257076964232205));
#7960=CARTESIAN_POINT('',(-0.0063364187606892,0.00730141979253046,0.00271148706165868));
#7961=CARTESIAN_POINT('',(-0.00615056449662979,0.00708726117431858,0.00300985657662019));
#7962=CARTESIAN_POINT('',(-0.00586653311756369,0.00675997501398844,0.00346584365211275));
#7963=CARTESIAN_POINT('',(-0.00557191923698371,0.00642048655932045,0.00393879936124513));
#7964=CARTESIAN_POINT('',(-0.00527735169278551,0.0060810842810298,0.00441175977779202));
#7965=CARTESIAN_POINT('',(-0.0049826772540529,0.00574143317746867,0.0048845972955845));
#7966=CARTESIAN_POINT('',(-0.00468827953875152,0.00540256933789457,0.00535808719851643));
#7967=CARTESIAN_POINT('',(-0.00439862193449934,0.00506744469126642,0.0058199298482121));
#7968=CARTESIAN_POINT('',(-0.00420796661709338,0.00484794128528846,0.0061264468291751));
#7969=CARTESIAN_POINT('',(-0.00411547067101627,0.00474146440932493,0.00627518709319472));
#7970=CARTESIAN_POINT('',(-0.00639963290310747,0.00733895074684443,0.00251023332112051));
#7971=CARTESIAN_POINT('',(-0.00631231077677669,0.00723881140538572,0.00265177854303173));
#7972=CARTESIAN_POINT('',(-0.00612715778854432,0.00702648161761146,0.00295190340619098));
#7973=CARTESIAN_POINT('',(-0.00584419743622652,0.00670199165008511,0.00341057676427966));
#7974=CARTESIAN_POINT('',(-0.00555067661183487,0.00636536469892724,0.00388629651292198));
#7975=CARTESIAN_POINT('',(-0.00525727032423297,0.00602897624155014,0.00436213078589741));
#7976=CARTESIAN_POINT('',(-0.00496351333720168,0.00569178386315073,0.00483740757904305));
#7977=CARTESIAN_POINT('',(-0.00467087863243155,0.00535737185585638,0.00531506550463439));
#7978=CARTESIAN_POINT('',(-0.00437999566294925,0.0050194901380198,0.00577443062743413));
#7979=CARTESIAN_POINT('',(-0.00419039721037446,0.00480266604475624,0.0060834628951162));
#7980=CARTESIAN_POINT('',(-0.00409843930161184,0.00469755005216638,0.00623347974011983));
#7981=CARTESIAN_POINT('',(-0.00635118594803389,0.00723470375366164,0.00240817886861874));
#7982=CARTESIAN_POINT('',(-0.00626452339354283,0.00713598538049668,0.00255112232464824));
#7983=CARTESIAN_POINT('',(-0.00608076879919308,0.00692666818807246,0.00285421183960993));
#7984=CARTESIAN_POINT('',(-0.00579994175367613,0.00660677175534475,0.00331741333077242));
#7985=CARTESIAN_POINT('',(-0.00550865935177947,0.00627498165213474,0.00379789379709357));
#7986=CARTESIAN_POINT('',(-0.00521738819788359,0.00594314130771433,0.00427820926275522));
#7987=CARTESIAN_POINT('',(-0.00492615853899033,0.00561158329890042,0.00475900914024981));
#7988=CARTESIAN_POINT('',(-0.0046345675854308,0.00527873345350107,0.00523835033221364));
#7989=CARTESIAN_POINT('',(-0.00435023327331445,0.00495739907524179,0.00571324714160162));
#7990=CARTESIAN_POINT('',(-0.00416146737094726,0.00474201719543917,0.00602377139417903));
#7991=CARTESIAN_POINT('',(-0.00406986614861778,0.00463747258205894,0.00617439351796711));
#7992=CARTESIAN_POINT('',(-0.00633215766455644,0.00719784256729269,0.0023714653188556));
#7993=CARTESIAN_POINT('',(-0.00624575297930805,0.00709962521194099,0.00251490902604694));
#7994=CARTESIAN_POINT('',(-0.00606254524461219,0.00689137041681127,0.00281905946834712));
#7995=CARTESIAN_POINT('',(-0.00578255659466121,0.00657309961451763,0.0032838890392108));
#7996=CARTESIAN_POINT('',(-0.00549215827826381,0.00624302940874808,0.00376608203830865));
#7997=CARTESIAN_POINT('',(-0.00520170436917068,0.00591276112078152,0.00424797661162275));
#7998=CARTESIAN_POINT('',(-0.00491153936395121,0.00558332306237278,0.00473086095754959));
#7999=CARTESIAN_POINT('',(-0.00462010244912501,0.0052505650175482,0.00521038160369779));
#8000=CARTESIAN_POINT('',(-0.00433925230371238,0.00493674287924278,0.00569242501576709));
#8001=CARTESIAN_POINT('',(-0.00415068674581523,0.00472164182885972,0.00600327398616217));
#8002=CARTESIAN_POINT('',(-0.00405915430112182,0.0046171701326169,0.00615399418320329));
#8003=CARTESIAN_POINT('',(-0.00630377818999444,0.00714980846128808,0.00232196734432528));
#8004=CARTESIAN_POINT('',(-0.00621776270728744,0.00705224894048382,0.00246608799735319));
#8005=CARTESIAN_POINT('',(-0.00603537995723871,0.00684538859627665,0.0027716737810939));
#8006=CARTESIAN_POINT('',(-0.005756644281385,0.00652923725013721,0.00323869640409317));
#8007=CARTESIAN_POINT('',(-0.00546750235965893,0.00620128787668016,0.0037230609642446));
#8008=CARTESIAN_POINT('',(-0.00517853235705656,0.00587353433094043,0.00420755981053369));
#8009=CARTESIAN_POINT('',(-0.00488898064528416,0.00554511086712869,0.00469145700568596));
#8010=CARTESIAN_POINT('',(-0.00460144868397493,0.00521901636867409,0.00517784262791474));
#8011=CARTESIAN_POINT('',(-0.00431233319855547,0.0048909969348582,0.00564529453639907));
#8012=CARTESIAN_POINT('',(-0.00412593748407728,0.00467959999969987,0.00595996105208659));
#8013=CARTESIAN_POINT('',(-0.00403556106676381,0.00457710252791152,0.00611271556727084));
#8014=CARTESIAN_POINT('',(-0.00628464339782223,0.0071215184244567,0.00229161141175204));
#8015=CARTESIAN_POINT('',(-0.00619889093705464,0.00702434740317242,0.00243614562917526));
#8016=CARTESIAN_POINT('',(-0.00601706574610209,0.00681831081159131,0.00274260868551084));
#8017=CARTESIAN_POINT('',(-0.00573917799587526,0.00650341836113982,0.00321098327609674));
#8018=CARTESIAN_POINT('',(-0.0054509183818838,0.00617676612936395,0.00369672108421214));
#8019=CARTESIAN_POINT('',(-0.00516284259347432,0.00585036164357224,0.00418266467996233));
#8020=CARTESIAN_POINT('',(-0.00487412068837238,0.0055230707096667,0.00466777912841314));
#8021=CARTESIAN_POINT('',(-0.00458770707120654,0.00519897436217741,0.00515614415942394));
#8022=CARTESIAN_POINT('',(-0.00429856844542153,0.0048696683141841,0.00562285902164744));
#8023=CARTESIAN_POINT('',(-0.00411286068279747,0.00465946376266974,0.00593872370927286));
#8024=CARTESIAN_POINT('',(-0.00402282757163826,0.00455757246232954,0.00609208237097972));
#8025=CARTESIAN_POINT('',(-0.00625831011984742,0.00708487290549621,0.00225194549380934));
#8026=CARTESIAN_POINT('',(-0.00617291690171667,0.00698820178889676,0.00239701548811163));
#8027=CARTESIAN_POINT('',(-0.00599185327186563,0.00678322495434078,0.00270461495724671));
#8028=CARTESIAN_POINT('',(-0.00571512463973346,0.00646994564830349,0.00317473777739458));
#8029=CARTESIAN_POINT('',(-0.00542811294670002,0.00614502955218564,0.00366232527683818));
#8030=CARTESIAN_POINT('',(-0.00514111280852508,0.0058201223423453,0.00414989769186392));
#8031=CARTESIAN_POINT('',(-0.00485409096950995,0.00549519343200048,0.00463750323998997));
#8032=CARTESIAN_POINT('',(-0.00456711410958389,0.00517031402667945,0.00512503461130941));
#8033=CARTESIAN_POINT('',(-0.00428560750566241,0.00485163065680312,0.0056032696800419));
#8034=CARTESIAN_POINT('',(-0.00409978045546691,0.00464126057156647,0.00591896233348656));
#8035=CARTESIAN_POINT('',(-0.00400961964224157,0.00453919177638132,0.00607213223685016));
#8036=CARTESIAN_POINT('',(-0.00625613620742515,0.00708184767829263,0.00224867092116255));
#8037=CARTESIAN_POINT('',(-0.00617077264614272,0.00698521783072947,0.00239378514588743));
#8038=CARTESIAN_POINT('',(-0.00598977188606204,0.00678032848315341,0.00270147843022866));
#8039=CARTESIAN_POINT('',(-0.00571313894354463,0.00646718234833333,0.00317174557338734));
#8040=CARTESIAN_POINT('',(-0.00542623027114065,0.00614240957682844,0.0036594857718971));
#8041=CARTESIAN_POINT('',(-0.00513931893199062,0.00581762597282226,0.00414719265215956));
#8042=CARTESIAN_POINT('',(-0.00485243743990792,0.00549289205652129,0.00463500385005449));
#8043=CARTESIAN_POINT('',(-0.00456541408214615,0.00516794800679293,0.0051224663995903));
#8044=CARTESIAN_POINT('',(-0.00428453753070625,0.00485014157946582,0.00560165250526019));
#8045=CARTESIAN_POINT('',(-0.00409870063286726,0.00463975782878974,0.00591733095662781));
#8046=CARTESIAN_POINT('',(-0.00400852927734984,0.0045376743807289,0.00607048527727104));
#8047=CARTESIAN_POINT('',(-0.00625396229500288,0.00707882245108905,0.00224539634851576));
#8048=CARTESIAN_POINT('',(-0.00616862839056878,0.00698223387256217,0.00239055480366323));
#8049=CARTESIAN_POINT('',(-0.00598769050025844,0.00677743201196603,0.00269834190321061));
#8050=CARTESIAN_POINT('',(-0.00571115324735579,0.00646441904836316,0.00316875336938009));
#8051=CARTESIAN_POINT('',(-0.00542434759558127,0.00613978960147123,0.00365664626695601));
#8052=CARTESIAN_POINT('',(-0.00513752505545615,0.00581512960329921,0.00414448761245521));
#8053=CARTESIAN_POINT('',(-0.0048507839103059,0.00549059068104211,0.004632504460119));
#8054=CARTESIAN_POINT('',(-0.0045637140547084,0.00516558198690642,0.00511989818787119));
#8055=CARTESIAN_POINT('',(-0.00428346755575009,0.00484865250212851,0.00560003533047849));
#8056=CARTESIAN_POINT('',(-0.00409762081026761,0.004638255086013,0.00591569957976906));
#8057=CARTESIAN_POINT('',(-0.00400743891245811,0.00453615698507649,0.00606883831769192));
#8058=CARTESIAN_POINT('',(-0.0062517883825806,0.00707579722388546,0.00224212177586898));
#8059=CARTESIAN_POINT('',(-0.00616648413499483,0.00697924991439488,0.00238732446143903));
#8060=CARTESIAN_POINT('',(-0.00598560911445485,0.00677453554077866,0.00269520537619255));
#8061=CARTESIAN_POINT('',(-0.00570916755116696,0.006461655748393,0.00316576116537285));
#8062=CARTESIAN_POINT('',(-0.0054224649200219,0.00613716962611403,0.00365380676201493));
#8063=CARTESIAN_POINT('',(-0.00513573117892169,0.00581263323377617,0.00414178257275085));
#8064=CARTESIAN_POINT('',(-0.00484913038070387,0.00548828930556292,0.00463000507018352));
#8065=CARTESIAN_POINT('',(-0.00456201402727066,0.0051632159670199,0.00511732997615208));
#8066=CARTESIAN_POINT('',(-0.00428239758079393,0.00484716342479121,0.00559841815569678));
#8067=CARTESIAN_POINT('',(-0.00409654098766796,0.00463675234323626,0.00591406820291031));
#8068=CARTESIAN_POINT('',(-0.00400634854756637,0.00453463958942408,0.0060671913581128));
#8069=CARTESIAN_POINT('',(-0.00540366094583714,0.00697966776357715,0.00522279408713123));
#8070=CARTESIAN_POINT('',(-0.000100238456957723,0.000120766450014426,-0.00715454934155961));
#8071=CARTESIAN_POINT('',(-0.00496825585022781,0.00729605273754542,0.00522276117126156));
#8072=CARTESIAN_POINT('',(-0.00480418041334175,0.00814133679180376,0.00225196675605712));
#8073=CARTESIAN_POINT('',(-0.00473862783222991,0.00803024859165745,0.00239703861497261));
#8074=CARTESIAN_POINT('',(-0.00459963388185047,0.00779470356810273,0.00270464065155936));
#8075=CARTESIAN_POINT('',(-0.00438723101871951,0.00743475831689065,0.00317469953952512));
#8076=CARTESIAN_POINT('',(-0.00416687767926641,0.00706133895875989,0.00366235437718064));
#8077=CARTESIAN_POINT('',(-0.00394656918960219,0.00668799746096719,0.00414990839757574));
#8078=CARTESIAN_POINT('',(-0.00372623816086585,0.00631461527412082,0.00463751349399863));
#8079=CARTESIAN_POINT('',(-0.00350595572178258,0.00594131545912119,0.00512501191571206));
#8080=CARTESIAN_POINT('',(-0.00328986542169055,0.00557511862771832,0.00560323413637834));
#8081=CARTESIAN_POINT('',(-0.00314723012802701,0.00533340365046517,0.00591889402047866));
#8082=CARTESIAN_POINT('',(-0.00307803277111229,0.0052161393033393,0.00607203162172663));
#8083=CARTESIAN_POINT('',(-0.00484678083329448,0.00819933162207505,0.00231522913218366));
#8084=CARTESIAN_POINT('',(-0.00478064349083169,0.00808744746556887,0.0024594398929173));
#8085=CARTESIAN_POINT('',(-0.00464040993994602,0.00785021508604637,0.00276521602982483));
#8086=CARTESIAN_POINT('',(-0.00442612166176793,0.00748770170482773,0.00323248237785693));
#8087=CARTESIAN_POINT('',(-0.00420380065180476,0.0071116045818239,0.00371724592587171));
#8088=CARTESIAN_POINT('',(-0.00398154119242708,0.00673560793161384,0.00420188698752769));
#8089=CARTESIAN_POINT('',(-0.00375922375763286,0.00635951500730731,0.0046866531294664));
#8090=CARTESIAN_POINT('',(-0.0035369946914954,0.00598356675372761,0.00517122580953761));
#8091=CARTESIAN_POINT('',(-0.0033189826776085,0.00561475647600425,0.00564659420272694));
#8092=CARTESIAN_POINT('',(-0.00317508405768562,0.00537132206111396,0.00596036801344963));
#8093=CARTESIAN_POINT('',(-0.00310527388700336,0.00525322363123053,0.00611259058292278));
#8094=CARTESIAN_POINT('',(-0.00489124030584291,0.00825022087345702,0.00237522145713893));
#8095=CARTESIAN_POINT('',(-0.00482449669686911,0.00813764263168623,0.00251861623209458));
#8096=CARTESIAN_POINT('',(-0.00468297783522597,0.0078989386951625,0.00282266223461084));
#8097=CARTESIAN_POINT('',(-0.00446673091237088,0.00753418083981138,0.0032872857511458));
#8098=CARTESIAN_POINT('',(-0.00424237329178116,0.00715575187996072,0.00376930957969373));
#8099=CARTESIAN_POINT('',(-0.0040180864913374,0.00677743623352605,0.00425119335010216));
#8100=CARTESIAN_POINT('',(-0.00379371511460221,0.00639898231158227,0.00473325755368358));
#8101=CARTESIAN_POINT('',(-0.00356945562082113,0.00602070958074123,0.00521508245136461));
#8102=CARTESIAN_POINT('',(-0.00334945480625748,0.00564962410809444,0.00568775325810007));
#8103=CARTESIAN_POINT('',(-0.00320423820082018,0.00540468037914399,0.00599974910403408));
#8104=CARTESIAN_POINT('',(-0.00313378855831492,0.00528584962621528,0.00615110915659529));
#8105=CARTESIAN_POINT('',(-0.00498625758176235,0.00834005382937287,0.00249129848454872));
#8106=CARTESIAN_POINT('',(-0.00491822203842776,0.00822625725369365,0.00263310261705108));
#8107=CARTESIAN_POINT('',(-0.00477396279234114,0.00798496871257545,0.0029337762746505));
#8108=CARTESIAN_POINT('',(-0.00455349676563342,0.00761622140827603,0.00339325729964724));
#8109=CARTESIAN_POINT('',(-0.00432480027184601,0.00723370552508652,0.00386991688685346));
#8110=CARTESIAN_POINT('',(-0.00409615429345409,0.00685127338836406,0.00434646104706497));
#8111=CARTESIAN_POINT('',(-0.00386742223565989,0.00646870298296208,0.00482318161761719));
#8112=CARTESIAN_POINT('',(-0.0036387831397471,0.00608628073828485,0.00529971038906805));
#8113=CARTESIAN_POINT('',(-0.00341452566954937,0.00571118777955247,0.00576711588052978));
#8114=CARTESIAN_POINT('',(-0.00326647899183382,0.00546356494155604,0.00607567839901555));
#8115=CARTESIAN_POINT('',(-0.00319465610586033,0.00534343399923667,0.00622537339732822));
#8116=CARTESIAN_POINT('',(-0.00504209248474769,0.00838669854112064,0.00255602074599872));
#8117=CARTESIAN_POINT('',(-0.00497329793912008,0.00827226960779654,0.00269693429298356));
#8118=CARTESIAN_POINT('',(-0.00482742927796441,0.00802963995982586,0.00299572074894329));
#8119=CARTESIAN_POINT('',(-0.0046045017217257,0.00765883444492236,0.00345235240892972));
#8120=CARTESIAN_POINT('',(-0.00437326162175987,0.00727420392127084,0.00392600895489662));
#8121=CARTESIAN_POINT('',(-0.0041420590866578,0.00688963531293508,0.00439958628790858));
#8122=CARTESIAN_POINT('',(-0.0039107882090557,0.00650495625192601,0.00487330462373963));
#8123=CARTESIAN_POINT('',(-0.00367957526691951,0.00612037081134096,0.00534689930095426));
#8124=CARTESIAN_POINT('',(-0.00345282062949703,0.00574320122773945,0.00581136592445496));
#8125=CARTESIAN_POINT('',(-0.00330311190359406,0.00549418445538823,0.00611801959318061));
#8126=CARTESIAN_POINT('',(-0.00323048251349047,0.00537337695162466,0.00626678896315873));
#8127=CARTESIAN_POINT('',(-0.00517844702723283,0.00848894615449075,0.0027077807290175));
#8128=CARTESIAN_POINT('',(-0.00510779523664088,0.0083731271592459,0.00284661919325369));
#8129=CARTESIAN_POINT('',(-0.00495798809219241,0.0081275494881273,0.00314100622983892));
#8130=CARTESIAN_POINT('',(-0.00472902726514404,0.00775222040310662,0.00359092905095336));
#8131=CARTESIAN_POINT('',(-0.00449155949909696,0.00736294051506655,0.00405758102120311));
#8132=CARTESIAN_POINT('',(-0.00425410504797206,0.00697368541599853,0.00452420266740898));
#8133=CARTESIAN_POINT('',(-0.00401661776578182,0.00658437440025498,0.00499089587220759));
#8134=CARTESIAN_POINT('',(-0.00377912312173582,0.00619505661217148,0.0054575924373056));
#8135=CARTESIAN_POINT('',(-0.00354626355162964,0.00581333152233669,0.00591518967518698));
#8136=CARTESIAN_POINT('',(-0.00339249552012709,0.00556126469602426,0.00621735432342691));
#8137=CARTESIAN_POINT('',(-0.00331789641713915,0.00543897691943335,0.00636394652787481));
#8138=CARTESIAN_POINT('',(-0.00526993583093596,0.00854702727164767,0.00280381689354008));
#8139=CARTESIAN_POINT('',(-0.00519802423532436,0.00843040163811829,0.00294135437927078));
#8140=CARTESIAN_POINT('',(-0.00504554731668498,0.00818311529719896,0.00323298181907456));
#8141=CARTESIAN_POINT('',(-0.00481255027508568,0.00780522581099183,0.0036786551013581));
#8142=CARTESIAN_POINT('',(-0.00457086156327884,0.00741325770264647,0.00414090043753314));
#8143=CARTESIAN_POINT('',(-0.00432921067997653,0.0070213347209895,0.004603121660772));
#8144=CARTESIAN_POINT('',(-0.00408751146056751,0.0066293515080743,0.00506538430840165));
#8145=CARTESIAN_POINT('',(-0.00384581272439521,0.00623735920339829,0.00552768009618421));
#8146=CARTESIAN_POINT('',(-0.00360883082796384,0.0058530183869389,0.00598093749636296));
#8147=CARTESIAN_POINT('',(-0.00345234675562592,0.00559922789925897,0.00628024545122941));
#8148=CARTESIAN_POINT('',(-0.00337643007430672,0.00547610395390721,0.00642545188156377));
#8149=CARTESIAN_POINT('',(-0.00557120219845252,0.00871621317665946,0.00311111331799178));
#8150=CARTESIAN_POINT('',(-0.00549518302659103,0.00859727247188671,0.00324448881489937));
#8151=CARTESIAN_POINT('',(-0.00533399589198519,0.00834507782980327,0.00352728804860057));
#8152=CARTESIAN_POINT('',(-0.00508766587558206,0.0079597011389333,0.00395936908664467));
#8153=CARTESIAN_POINT('',(-0.00483216905358251,0.00755993714859083,0.00440766222415706));
#8154=CARTESIAN_POINT('',(-0.00457668861239914,0.00716024087106981,0.00485580583992643));
#8155=CARTESIAN_POINT('',(-0.00432120709545663,0.00676049433852441,0.00530408941785104));
#8156=CARTESIAN_POINT('',(-0.00406571561564094,0.0063607717788705,0.00575228051383896));
#8157=CARTESIAN_POINT('',(-0.00381521282023577,0.00596882864289418,0.00619177119335278));
#8158=CARTESIAN_POINT('',(-0.00364980305803489,0.00571003888901906,0.00648194230639259));
#8159=CARTESIAN_POINT('',(-0.00356955620076214,0.00558448988080853,0.00662271545952694));
#8160=CARTESIAN_POINT('',(-0.00578539724244231,0.0088021426474647,0.00331563774150706));
#8161=CARTESIAN_POINT('',(-0.00570648241723263,0.00868206112222643,0.00344618748423992));
#8162=CARTESIAN_POINT('',(-0.00553914968975973,0.00842744184114446,0.00372299934095857));
#8163=CARTESIAN_POINT('',(-0.0052832528541155,0.00803818769787193,0.00414605726068882));
#8164=CARTESIAN_POINT('',(-0.0050180412464905,0.00763461613780914,0.00458481831733513));
#8165=CARTESIAN_POINT('',(-0.00475268265296621,0.00723092473692715,0.00502361208083593));
#8166=CARTESIAN_POINT('',(-0.00448761261464588,0.00682753566068793,0.00546219832804085));
#8167=CARTESIAN_POINT('',(-0.00422223993199266,0.00642380376617276,0.00590105663146125));
#8168=CARTESIAN_POINT('',(-0.00396207375760256,0.00602794820871825,0.00633139354168361));
#8169=CARTESIAN_POINT('',(-0.00379030407832003,0.00576661116495187,0.00661547556934537));
#8170=CARTESIAN_POINT('',(-0.00370697205623324,0.00563982685554496,0.00675329405728508));
#8171=CARTESIAN_POINT('',(-0.00604777558059364,0.00888136770170095,0.00355812687597506));
#8172=CARTESIAN_POINT('',(-0.00596525575703079,0.00876018448468295,0.00368537366539243));
#8173=CARTESIAN_POINT('',(-0.00579028593893784,0.0085032352102648,0.00395517969574964));
#8174=CARTESIAN_POINT('',(-0.00552292196802495,0.00811060067735025,0.00436745829101313));
#8175=CARTESIAN_POINT('',(-0.00524557856116255,0.00770331164393917,0.00479512584148079));
#8176=CARTESIAN_POINT('',(-0.00496828283319608,0.00729609217005233,0.00522271926827526));
#8177=CARTESIAN_POINT('',(-0.00469091389131795,0.00688876633667012,0.00565042736105105));
#8178=CARTESIAN_POINT('',(-0.0044136281815769,0.00648156030575584,0.00607800516570073));
#8179=CARTESIAN_POINT('',(-0.00414150396587855,0.00608194236684362,0.00649762559266368));
#8180=CARTESIAN_POINT('',(-0.00396196063297139,0.00581827575778912,0.00677448388159146));
#8181=CARTESIAN_POINT('',(-0.00387485896370619,0.00569036338503197,0.0069087958434152));
#8182=CARTESIAN_POINT('',(0.,0.,0.00584803390593274));
#8183=CARTESIAN_POINT('',(0.,0.,0.002));
#8184=CARTESIAN_POINT('',(-0.00197949536288718,0.00889620581594217,0.00200279509074903));
#8185=CARTESIAN_POINT('',(-0.000866408711129723,0.00907231085395863,0.00200301617344234));
#8186=CARTESIAN_POINT('',(-0.00162995129768898,0.00732513918439719,0.00392438009641047));
#8187=CARTESIAN_POINT('',(-0.00127971435025605,0.00575121376019051,0.00584967957822384));
#8188=CARTESIAN_POINT('',(0.,0.,0.00584803390593274));
#8189=CARTESIAN_POINT('',(-0.000560123886116124,0.00586519164936288,0.00584968450963297));
#8190=CARTESIAN_POINT('',(-0.000866392529488888,0.00907231365444799,0.00200301722003453));
#8191=CARTESIAN_POINT('',(0.,0.,0.00193670395716381));
#8192=CARTESIAN_POINT('',(-0.00197895369191717,0.00889354637546247,0.00200603320155829));
#8193=CARTESIAN_POINT('',(-0.00204415293156642,0.00918662577605661,0.00229899864202097));
#8194=CARTESIAN_POINT('',(-0.00362850827169082,0.00836286483165952,0.002));
#8195=CARTESIAN_POINT('',(-0.00309766813192199,0.00859318755920198,0.002));
#8196=CARTESIAN_POINT('',(-0.00254484367241613,0.00877280975321547,0.002));
#8197=CARTESIAN_POINT('',(-0.00198000411560035,0.00889849224152845,0.002));
#8198=CARTESIAN_POINT('',(-0.0037459849110378,0.00863367003485197,0.00229899899817791));
#8199=CARTESIAN_POINT('',(-0.00374601107448662,0.00863365868322117,0.00229899899824227));
#8200=CARTESIAN_POINT('',(-0.00362265043479263,0.0100915466661231,0.00357799385117149));
#8201=CARTESIAN_POINT('',(-0.00369729653143664,0.00984530224084541,0.0033764578529231));
#8202=CARTESIAN_POINT('',(-0.00381049008148915,0.00934942812301036,0.00296493589200744));
#8203=CARTESIAN_POINT('',(-0.00381666885619911,0.00885861001527309,0.00252780246888963));
#8204=CARTESIAN_POINT('',(-0.00374600816406851,0.00863365919343866,0.0022989983245951));
#8205=CARTESIAN_POINT('',(-0.00362265125737515,0.0100915489575808,0.00357799622678003));
#8206=CARTESIAN_POINT('',(-0.00362256750169491,0.0100913170987817,0.00357775568272592));
#8207=CARTESIAN_POINT('',(-0.00341743813349492,0.0101651912477868,0.00357797341427741));
#8208=CARTESIAN_POINT('',(-0.00321017174650364,0.0102324828262733,0.00357792386145268));
#8209=CARTESIAN_POINT('',(-0.00300076754820078,0.0102931893913363,0.00357760450081335));
#8210=CARTESIAN_POINT('',(-0.00300087877828399,0.0102935751347069,0.00357799622678003));
#8211=CARTESIAN_POINT('',(-0.00204415058371383,0.00918662658001568,0.00229899891016727));
#8212=CARTESIAN_POINT('',(-0.00211908610480841,0.00940978956428527,0.00252743500226489));
#8213=CARTESIAN_POINT('',(-0.00241366639907406,0.00980422498011057,0.00296575627883384));
#8214=CARTESIAN_POINT('',(-0.00279582669423449,0.0101382985685408,0.00337654066046555));
#8215=CARTESIAN_POINT('',(-0.0030008753513083,0.0102935720896179,0.00357799243837139));
#8216=CARTESIAN_POINT('',(0.,0.,0.00580711639365242));
#8217=CARTESIAN_POINT('',(-0.00132143894225712,0.00593866199690869,0.00604132020851931));
#8218=CARTESIAN_POINT('',(-0.00141835108498033,0.00622737531225156,0.00633684824942208));
#8219=CARTESIAN_POINT('',(-0.00167472510605903,0.00645342838276356,0.00660758550399951));
#8220=CARTESIAN_POINT('',(-0.00193990627358328,0.00665424460208685,0.00686812176216144));
#8221=CARTESIAN_POINT('',(-0.00132143841075444,0.0059386621150785,0.00604132020842667));
#8222=CARTESIAN_POINT('',(-0.00193990844588655,0.00665424658870433,0.0068681242163913));
#8223=CARTESIAN_POINT('',(-0.00234206767253806,0.00652428255254417,0.00686877889194115));
#8224=CARTESIAN_POINT('',(-0.00220915374191745,0.00657112592970182,0.00686798020414156));
#8225=CARTESIAN_POINT('',(-0.00207510230107754,0.00661445274270859,0.00686776743920724));
#8226=CARTESIAN_POINT('',(-0.00193991298383418,0.00665426185396693,0.00686813975559413));
#8227=CARTESIAN_POINT('',(-0.00234184814392607,0.00652364849700651,0.0068681242163913));
#8228=CARTESIAN_POINT('',(-0.00234184693058323,0.00652364511700417,0.00686812071226371));
#8229=CARTESIAN_POINT('',(-0.00243832483733598,0.00620537549542627,0.00660763583669863));
#8230=CARTESIAN_POINT('',(-0.00251277772505745,0.00587138011982013,0.0063364843110666));
#8231=CARTESIAN_POINT('',(-0.00242159188411542,0.00558120057132567,0.00604132019881119));
#8232=CARTESIAN_POINT('',(-0.00242159098801238,0.00558120075806111,0.00604132001793273));
#8233=CARTESIAN_POINT('',(-0.00242158994259764,0.00558120121164262,0.00604132001792676));
#8234=CARTESIAN_POINT('',(-0.00239583004395492,0.00552182896230114,0.00597816929224917));
#8235=CARTESIAN_POINT('',(-0.00237007014531217,0.00546245671295956,0.00591501856657166));
#8236=CARTESIAN_POINT('',(-0.0023443102466694,0.00540308446361797,0.00585186784089419));
#8237=CARTESIAN_POINT('',(-0.00128010512402931,0.00575295790683516,0.00584803390593274));
#8238=CARTESIAN_POINT('',(-0.00164290672814686,0.00567167268221258,0.00584803390593274));
#8239=CARTESIAN_POINT('',(-0.00200475163421635,0.0055541338079679,0.00584803390593274));
#8240=CARTESIAN_POINT('',(-0.00234587553630648,0.00540671198813997,0.00584803390593274));
#8241=CARTESIAN_POINT('',(-0.00127927156211487,0.00574913078824712,0.00585186190130036));
#8242=CARTESIAN_POINT('',(-0.00129333009311375,0.00581230724858764,0.00591501467032428));
#8243=CARTESIAN_POINT('',(-0.00130738862411263,0.00587548370892815,0.00597816743934832));
#8244=CARTESIAN_POINT('',(-0.00132144715511148,0.00593866016926854,0.00604132020837238));
#8245=CARTESIAN_POINT('',(-0.00165659536973135,0.00744484109607261,0.00404802241991509));
#8246=CARTESIAN_POINT('',(-0.00168669897553137,0.00758019035157586,0.0041499428962571));
#8247=CARTESIAN_POINT('',(-0.00303514620584925,0.00699532573662952,0.00404669388945717));
#8248=CARTESIAN_POINT('',(-0.0030909606056111,0.00712393075360192,0.00414992920057475));
#8249=CARTESIAN_POINT('',(-0.0036303837758124,0.0101130897197522,0.00355812808354474));
#8250=CARTESIAN_POINT('',(-0.0035808512713008,0.00997510829013394,0.00368536713406));
#8251=CARTESIAN_POINT('',(-0.00347582539333712,0.00968254040477597,0.00395515748453597));
#8252=CARTESIAN_POINT('',(-0.00331532227430817,0.00923543141518758,0.0043674569507877));
#8253=CARTESIAN_POINT('',(-0.0031488490922849,0.00877169280195866,0.00479509112771454));
#8254=CARTESIAN_POINT('',(-0.00298235599673523,0.00830789386341775,0.00522278278564103));
#8255=CARTESIAN_POINT('',(-0.00281588723776,0.00784416853967928,0.00565040489460085));
#8256=CARTESIAN_POINT('',(-0.00264940523800161,0.00738040319719238,0.00607806429313137));
#8257=CARTESIAN_POINT('',(-0.00248608672785387,0.0069254445996119,0.00649760530219737));
#8258=CARTESIAN_POINT('',(-0.00237829488151649,0.0066251723045444,0.00677449999279247));
#8259=CARTESIAN_POINT('',(-0.0023259959460455,0.00647948490111801,0.00690884492211732));
#8260=CARTESIAN_POINT('',(-0.00367580644905369,0.009983018094144,0.00343591796673797));
#8261=CARTESIAN_POINT('',(-0.00362565614378736,0.0098468108196417,0.0035648192196999));
#8262=CARTESIAN_POINT('',(-0.00351931911530139,0.00955800395554914,0.0038381372607641));
#8263=CARTESIAN_POINT('',(-0.00335677601348853,0.00911661864978142,0.00425592596342808));
#8264=CARTESIAN_POINT('',(-0.00318821246357492,0.00865886839674277,0.00468918450510033));
#8265=CARTESIAN_POINT('',(-0.00301963524938601,0.00820103140688404,0.00512248334660754));
#8266=CARTESIAN_POINT('',(-0.00285109566655947,0.00774336544295587,0.00555567697154162));
#8267=CARTESIAN_POINT('',(-0.00268251184596077,0.00728550161775912,0.00598899183959547));
#8268=CARTESIAN_POINT('',(-0.00251717650289695,0.00683653909067801,0.00641395777752993));
#8269=CARTESIAN_POINT('',(-0.00240803047362796,0.00654011014764577,0.00669449616665421));
#8270=CARTESIAN_POINT('',(-0.00235507419738998,0.00639628593388661,0.00683060981780093));
#8271=CARTESIAN_POINT('',(-0.00371012169491121,0.00987049431746815,0.00333180171402541));
#8272=CARTESIAN_POINT('',(-0.00365949871248292,0.00973581250448635,0.00346213426986397));
#8273=CARTESIAN_POINT('',(-0.0035521601864563,0.00945024056850166,0.00373848539260672));
#8274=CARTESIAN_POINT('',(-0.00338810890120286,0.00901381184763901,0.00416085589020909));
#8275=CARTESIAN_POINT('',(-0.00321795376257081,0.0085611527901222,0.0045989383488999));
#8276=CARTESIAN_POINT('',(-0.0030478167018585,0.00810850648731911,0.00503697174962047));
#8277=CARTESIAN_POINT('',(-0.00287766740489464,0.00765586650971146,0.00547503937122977));
#8278=CARTESIAN_POINT('',(-0.00270752082656854,0.00720317958883322,0.00591309661992498));
#8279=CARTESIAN_POINT('',(-0.00254065663961045,0.00675932049161604,0.00634270593418054));
#8280=CARTESIAN_POINT('',(-0.00243049046531873,0.00646621803272936,0.00662633704999367));
#8281=CARTESIAN_POINT('',(-0.00237703908029458,0.0063240072111529,0.00676395162412121));
#8282=CARTESIAN_POINT('',(-0.00376738989894557,0.00963700005694484,0.00311792060795745));
#8283=CARTESIAN_POINT('',(-0.00371598243331703,0.00950550279693341,0.00325118248881889));
#8284=CARTESIAN_POINT('',(-0.00360698124029761,0.00922668320345958,0.00353374252703421));
#8285=CARTESIAN_POINT('',(-0.0034404103352233,0.0088005735560211,0.00396553353068814));
#8286=CARTESIAN_POINT('',(-0.00326762036289244,0.00835855117275913,0.00441344694760009));
#8287=CARTESIAN_POINT('',(-0.00309486845679102,0.00791665680706426,0.0048612625139844));
#8288=CARTESIAN_POINT('',(-0.00292206228967929,0.00747459295514268,0.00530922288959747));
#8289=CARTESIAN_POINT('',(-0.00274929508267584,0.00703265374591774,0.00575707894276256));
#8290=CARTESIAN_POINT('',(-0.0025798752160333,0.00659929248499947,0.00619625158751782));
#8291=CARTESIAN_POINT('',(-0.00246800285738813,0.00631312545062627,0.00648625363584136));
#8292=CARTESIAN_POINT('',(-0.00241372339528375,0.00617427968105313,0.00662696008727845));
#8293=CARTESIAN_POINT('',(-0.00379116472335636,0.00951091200084991,0.00300405008342864));
#8294=CARTESIAN_POINT('',(-0.00373943418743459,0.00938113707789281,0.00313886093626255));
#8295=CARTESIAN_POINT('',(-0.00362974785040255,0.00910596974558564,0.00342470560472341));
#8296=CARTESIAN_POINT('',(-0.00346212614003493,0.00868545112664643,0.00386152468093972));
#8297=CARTESIAN_POINT('',(-0.00328824973510627,0.00824924399618118,0.00431464758098127));
#8298=CARTESIAN_POINT('',(-0.00311440709943955,0.00781312298838587,0.00476767954406139));
#8299=CARTESIAN_POINT('',(-0.00294052239264873,0.00737689774117002,0.00522082700758023));
#8300=CARTESIAN_POINT('',(-0.00276666223777194,0.00694072491635695,0.00567390623338786));
#8301=CARTESIAN_POINT('',(-0.00259616066541193,0.00651302661048349,0.00611823599197008));
#8302=CARTESIAN_POINT('',(-0.00248358107925615,0.0062305974555513,0.00641162042056239));
#8303=CARTESIAN_POINT('',(-0.00242895857215912,0.00609356525092051,0.00655396766122709));
#8304=CARTESIAN_POINT('',(-0.00381667575109265,0.009292092813897,0.00280819243829584));
#8305=CARTESIAN_POINT('',(-0.00376459871332684,0.00916530453802935,0.00294567119834785));
#8306=CARTESIAN_POINT('',(-0.00365417767113886,0.00889647054632589,0.00323717306284499));
#8307=CARTESIAN_POINT('',(-0.00348543308955538,0.00848564957308578,0.00368264722444761));
#8308=CARTESIAN_POINT('',(-0.00331040365771475,0.00805952592197936,0.0041447101794328));
#8309=CARTESIAN_POINT('',(-0.00313538924829871,0.00763343423845329,0.00460673504061113));
#8310=CARTESIAN_POINT('',(-0.00296036735335704,0.00720733631002226,0.00506877913154592));
#8311=CARTESIAN_POINT('',(-0.00278533168494477,0.0067811669729507,0.00553085041084834));
#8312=CARTESIAN_POINT('',(-0.00261367502782966,0.00636332998507204,0.00598405404435135));
#8313=CARTESIAN_POINT('',(-0.0025003371423345,0.006087380911388,0.00628325104742266));
#8314=CARTESIAN_POINT('',(-0.00244534677522234,0.00595349235613113,0.00642841785976622));
#8315=CARTESIAN_POINT('',(-0.00382274725826806,0.00919395551888533,0.00272087726720114));
#8316=CARTESIAN_POINT('',(-0.00377058824776749,0.00906851037476173,0.00285954362803801));
#8317=CARTESIAN_POINT('',(-0.00365999328273762,0.00880252359049132,0.00315356369734923));
#8318=CARTESIAN_POINT('',(-0.00349097951126213,0.00839603290780084,0.00360288878548258));
#8319=CARTESIAN_POINT('',(-0.00331567466381521,0.00797443342197483,0.00406895477416592));
#8320=CARTESIAN_POINT('',(-0.00314037905974397,0.00755277305921732,0.00453492867964297));
#8321=CARTESIAN_POINT('',(-0.00296508381768786,0.00713141972787245,0.00500116594621433));
#8322=CARTESIAN_POINT('',(-0.00278976423406352,0.00670888341074225,0.00546647122943406));
#8323=CARTESIAN_POINT('',(-0.00261784367248909,0.00629861816483996,0.00592642684826719));
#8324=CARTESIAN_POINT('',(-0.00250432265313253,0.00602514532477141,0.00622782584501009));
#8325=CARTESIAN_POINT('',(-0.00244924331105284,0.00589242405957762,0.00637403050335717));
#8326=CARTESIAN_POINT('',(-0.00382218110621141,0.00902526863549741,0.00257076964232205));
#8327=CARTESIAN_POINT('',(-0.0037700295533708,0.00890212395242171,0.00271148706165868));
#8328=CARTESIAN_POINT('',(-0.00365945029697519,0.00864101487697913,0.00300985657662019));
#8329=CARTESIAN_POINT('',(-0.00349045738864782,0.00824197671843675,0.00346584365211275));
#8330=CARTESIAN_POINT('',(-0.00331517063961773,0.00782806331553983,0.00393879936124513));
#8331=CARTESIAN_POINT('',(-0.00313990132914035,0.00741424618997754,0.00441175977779202));
#8332=CARTESIAN_POINT('',(-0.00296460724715668,0.00700015938529262,0.0048845972955845));
#8333=CARTESIAN_POINT('',(-0.00278933306684444,0.00658690682539558,0.00535808719851643));
#8334=CARTESIAN_POINT('',(-0.00261741152586796,0.00617867522418491,0.0058199298482121));
#8335=CARTESIAN_POINT('',(-0.00250391782665307,0.0059109993464342,0.00612644682917509));
#8336=CARTESIAN_POINT('',(-0.00244885211858624,0.00578115100046573,0.00627518709319471));
#8337=CARTESIAN_POINT('',(-0.00381855207274159,0.00895735225537687,0.00251023332112051));
#8338=CARTESIAN_POINT('',(-0.00376644855379421,0.00883513006112389,0.00265177854303173));
#8339=CARTESIAN_POINT('',(-0.00365597111065856,0.0085759770129345,0.00295190340619098));
#8340=CARTESIAN_POINT('',(-0.00348713273820337,0.00817992915724564,0.00341057676427965));
#8341=CARTESIAN_POINT('',(-0.00331200129416978,0.00776907497884642,0.00388629651292198));
#8342=CARTESIAN_POINT('',(-0.00313690508246511,0.007358483015326,0.00436213078589741));
#8343=CARTESIAN_POINT('',(-0.00296172376104089,0.00694701810539513,0.00483740757904305));
#8344=CARTESIAN_POINT('',(-0.00278675061155215,0.00653854428981263,0.00531506550463439));
#8345=CARTESIAN_POINT('',(-0.00261451566084683,0.00612731189938288,0.00577443062743413));
#8346=CARTESIAN_POINT('',(-0.00250119914665447,0.00586251078864198,0.00608346289511619));
#8347=CARTESIAN_POINT('',(-0.00244622460639178,0.00573412298234773,0.00623347974011981));
#8348=CARTESIAN_POINT('',(-0.00380469037293018,0.00884323654076274,0.00240817886861874));
#8349=CARTESIAN_POINT('',(-0.00375277504072769,0.00872256958657247,0.00255112232464824));
#8350=CARTESIAN_POINT('',(-0.00364269660604612,0.00846671381429626,0.00285421183960993));
#8351=CARTESIAN_POINT('',(-0.00347446764860809,0.00807569389786615,0.00331741333077242));
#8352=CARTESIAN_POINT('',(-0.00329997040265948,0.00767013154581761,0.00379789379709357));
#8353=CARTESIAN_POINT('',(-0.00312549937958314,0.00726452488736193,0.00427820926275522));
#8354=CARTESIAN_POINT('',(-0.00295098057409891,0.00685919956868558,0.00475900914024981));
#8355=CARTESIAN_POINT('',(-0.00277651735642687,0.00645253399421479,0.00523835033221364));
#8356=CARTESIAN_POINT('',(-0.00260539713984134,0.0060590627053338,0.00571324714160162));
#8357=CARTESIAN_POINT('',(-0.00249242675948013,0.00579589049326563,0.00602377139417902));
#8358=CARTESIAN_POINT('',(-0.00243761488228793,0.00566815632306149,0.0061743935179671));
#8359=CARTESIAN_POINT('',(-0.00379798413295586,0.00880229940629987,0.0023714653188556));
#8360=CARTESIAN_POINT('',(-0.00374615922595819,0.00868218863434399,0.00251490902604694));
#8361=CARTESIAN_POINT('',(-0.00363627258689518,0.00842751225086419,0.00281905946834712));
#8362=CARTESIAN_POINT('',(-0.0034683386435927,0.00803829747932939,0.0032838890392108));
#8363=CARTESIAN_POINT('',(-0.00329415073538143,0.0076346440443927,0.00376608203830865));
#8364=CARTESIAN_POINT('',(-0.00311997116613979,0.00723078504300406,0.00424797661162275));
#8365=CARTESIAN_POINT('',(-0.00294580980576719,0.00682780491305308,0.00473086095754959));
#8366=CARTESIAN_POINT('',(-0.00277146471969855,0.00642127424670354,0.00521038160369779));
#8367=CARTESIAN_POINT('',(-0.00260133673274889,0.00603602418930532,0.00569242501576709));
#8368=CARTESIAN_POINT('',(-0.00248847011023824,0.00577318097173256,0.00600327398616216));
#8369=CARTESIAN_POINT('',(-0.00243370111183036,0.00564553740330547,0.00615399418320329));
#8370=CARTESIAN_POINT('',(-0.00378583700380967,0.00874784651684868,0.00232196734432528));
#8371=CARTESIAN_POINT('',(-0.0037341789683705,0.00862848165292533,0.00246608799735319));
#8372=CARTESIAN_POINT('',(-0.00362464602729908,0.00837538640535815,0.0027716737810939));
#8373=CARTESIAN_POINT('',(-0.00345724878520609,0.00798857454669936,0.00323869640409317));
#8374=CARTESIAN_POINT('',(-0.00328360040610725,0.00758732639045854,0.0037230609642446));
#8375=CARTESIAN_POINT('',(-0.00311005501771867,0.00718631760337523,0.00420755981053368));
#8376=CARTESIAN_POINT('',(-0.00293616340710243,0.00678449192832482,0.00469145700568596));
#8377=CARTESIAN_POINT('',(-0.0027634730034508,0.00638550536817106,0.00517784262791474));
#8378=CARTESIAN_POINT('',(-0.00258987141661514,0.00598419874983744,0.00564529453639906));
#8379=CARTESIAN_POINT('',(-0.00247792380327387,0.00572554887367786,0.00595996105208658));
#8380=CARTESIAN_POINT('',(-0.00242364418333156,0.00560014013638918,0.00611271556727084));
#8381=CARTESIAN_POINT('',(-0.00377638083717872,0.00871502811700893,0.00229161141175203));
#8382=CARTESIAN_POINT('',(-0.00372485289751498,0.00859611401633479,0.00243614562917525));
#8383=CARTESIAN_POINT('',(-0.0036155956730946,0.00834397449930652,0.00274260868551084));
#8384=CARTESIAN_POINT('',(-0.00344861583603265,0.00795862194502379,0.00321098327609674));
#8385=CARTESIAN_POINT('',(-0.00327540574263059,0.00755888009191566,0.00369672108421214));
#8386=CARTESIAN_POINT('',(-0.00310229392002676,0.007159430664469,0.00418266467996233));
#8387=CARTESIAN_POINT('',(-0.00292884153146405,0.006758938513729,0.00466777912841314));
#8388=CARTESIAN_POINT('',(-0.00275659727369186,0.00636219789541721,0.00515614415942394));
#8389=CARTESIAN_POINT('',(-0.00258337126470678,0.00595966048351998,0.00562285902164744));
#8390=CARTESIAN_POINT('',(-0.00247170946564948,0.00570235722040916,0.00593872370927286));
#8391=CARTESIAN_POINT('',(-0.00241756903198328,0.00557763107386219,0.00609208237097971));
#8392=CARTESIAN_POINT('',(-0.00376266048969186,0.00867203872699671,0.00225194549380934));
#8393=CARTESIAN_POINT('',(-0.00371131973103563,0.00855371107601052,0.00239701548811162));
#8394=CARTESIAN_POINT('',(-0.00360245931133272,0.0083028147831293,0.00270461495724671));
#8395=CARTESIAN_POINT('',(-0.00343608337204948,0.00791935460754314,0.00317473777739458));
#8396=CARTESIAN_POINT('',(-0.00326352362658351,0.00752164954634942,0.00366232527683818));
#8397=CARTESIAN_POINT('',(-0.00309097212443023,0.00712395650715548,0.00414989769186392));
#8398=CARTESIAN_POINT('',(-0.00291840668937615,0.00672623612362693,0.00463750323998997));
#8399=CARTESIAN_POINT('',(-0.00274586873408418,0.00632857672147675,0.00512503461130941));
#8400=CARTESIAN_POINT('',(-0.002576618621161,0.00593850050128046,0.0056032696800419));
#8401=CARTESIAN_POINT('',(-0.0024648945256149,0.0056810029443576,0.00591896233348655));
#8402=CARTESIAN_POINT('',(-0.00241068748899006,0.00555606852807307,0.00607213223685015));
#8403=CARTESIAN_POINT('',(-0.00376152782273455,0.00866848978906871,0.00224867092116255));
#8404=CARTESIAN_POINT('',(-0.00371020251658362,0.00855021055173853,0.00239378514588743));
#8405=CARTESIAN_POINT('',(-0.0036013748546219,0.00829941689174712,0.00270147843022866));
#8406=CARTESIAN_POINT('',(-0.00343504876940104,0.00791611293923202,0.00317174557338734));
#8407=CARTESIAN_POINT('',(-0.00326254271263491,0.00751857602297068,0.0036594857718971));
#8408=CARTESIAN_POINT('',(-0.00309003746706956,0.00712102798031855,0.00414719265215956));
#8409=CARTESIAN_POINT('',(-0.00291754525340677,0.00672353641673328,0.00463500385005449));
#8410=CARTESIAN_POINT('',(-0.0027449830522656,0.00632580116547683,0.0051224663995903));
#8411=CARTESIAN_POINT('',(-0.00257606116470984,0.00593675366413054,0.00560165250526019));
#8412=CARTESIAN_POINT('',(-0.00246433192635125,0.00567924006751327,0.0059173309566278));
#8413=CARTESIAN_POINT('',(-0.00241011939139843,0.00555428845776843,0.00607048527727103));
#8414=CARTESIAN_POINT('',(-0.00376039515577725,0.0086649408511407,0.00224539634851576));
#8415=CARTESIAN_POINT('',(-0.00370908530213161,0.00854671002746654,0.00239055480366323));
#8416=CARTESIAN_POINT('',(-0.00360029039791108,0.00829601900036495,0.00269834190321061));
#8417=CARTESIAN_POINT('',(-0.00343401416675261,0.0079128712709209,0.00316875336938009));
#8418=CARTESIAN_POINT('',(-0.00326156179868632,0.00751550249959193,0.00365664626695601));
#8419=CARTESIAN_POINT('',(-0.00308910280970889,0.00711809945348162,0.00414448761245521));
#8420=CARTESIAN_POINT('',(-0.00291668381743738,0.00672083670983963,0.004632504460119));
#8421=CARTESIAN_POINT('',(-0.00274409737044702,0.00632302560947691,0.00511989818787119));
#8422=CARTESIAN_POINT('',(-0.00257550370825867,0.00593500682698062,0.00560003533047849));
#8423=CARTESIAN_POINT('',(-0.00246376932708759,0.00567747719066894,0.00591569957976905));
#8424=CARTESIAN_POINT('',(-0.00240955129380679,0.00555250838746379,0.00606883831769191));
#8425=CARTESIAN_POINT('',(-0.00375926248881994,0.00866139191321269,0.00224212177586898));
#8426=CARTESIAN_POINT('',(-0.0037079680876796,0.00854320950319454,0.00238732446143903));
#8427=CARTESIAN_POINT('',(-0.00359920594120026,0.00829262110898278,0.00269520537619255));
#8428=CARTESIAN_POINT('',(-0.00343297956410417,0.00790962960260978,0.00316576116537285));
#8429=CARTESIAN_POINT('',(-0.00326058088473773,0.00751242897621319,0.00365380676201493));
#8430=CARTESIAN_POINT('',(-0.00308816815234822,0.00711517092664469,0.00414178257275085));
#8431=CARTESIAN_POINT('',(-0.00291582238146799,0.00671813700294599,0.00463000507018352));
#8432=CARTESIAN_POINT('',(-0.00274321168862843,0.00632025005347698,0.00511732997615208));
#8433=CARTESIAN_POINT('',(-0.00257494625180751,0.0059332599898307,0.00559841815569678));
#8434=CARTESIAN_POINT('',(-0.00246320672782394,0.0056757143138246,0.00591406820291031));
#8435=CARTESIAN_POINT('',(-0.00240898319621515,0.00555072831715915,0.00606719135811279));
#8436=CARTESIAN_POINT('',(-0.00298235100035172,0.00830788157222915,0.00522279408713123));
#8437=CARTESIAN_POINT('',(-5.80135522467509E-5,0.000145831105857471,-0.00715454934164224));
#8438=CARTESIAN_POINT('',(-0.00247048781322329,0.00847423398939881,0.00522276117126156));
#8439=CARTESIAN_POINT('',(-0.00205323566196883,0.00922744479896431,0.00225196675605712));
#8440=CARTESIAN_POINT('',(-0.00202521959426219,0.00910153678074296,0.00239703861497261));
#8441=CARTESIAN_POINT('',(-0.00196581590724708,0.00883456865842779,0.00270464065155936));
#8442=CARTESIAN_POINT('',(-0.00187503797985572,0.00842660428739168,0.00317469953952511));
#8443=CARTESIAN_POINT('',(-0.00178086242817245,0.00800336844687239,0.00366235437718064));
#8444=CARTESIAN_POINT('',(-0.00168670547100548,0.00758022051528192,0.00414990839757574));
#8445=CARTESIAN_POINT('',(-0.00159253965151619,0.00715702692114551,0.00463751349399863));
#8446=CARTESIAN_POINT('',(-0.00149839458923256,0.00673392668231924,0.00512501191571205));
#8447=CARTESIAN_POINT('',(-0.0014060415454116,0.00631887722451888,0.00560323413637834));
#8448=CARTESIAN_POINT('',(-0.0013450813556854,0.00604491589057645,0.00591889402047866));
#8449=CARTESIAN_POINT('',(-0.00131550743457743,0.00591200770986082,0.00607203162172663));
#8450=CARTESIAN_POINT('',(-0.00207582968082208,0.00929576541393815,0.00231522913218366));
#8451=CARTESIAN_POINT('',(-0.00204750343606411,0.00916891969503896,0.00245943989291729));
#8452=CARTESIAN_POINT('',(-0.00198744224057954,0.00889996374421267,0.00276521602982483));
#8453=CARTESIAN_POINT('',(-0.00189566477273748,0.00848897431110812,0.00323248237785693));
#8454=CARTESIAN_POINT('',(-0.0018004453300464,0.00806258372123024,0.00371724592587171));
#8455=CARTESIAN_POINT('',(-0.00170525337763999,0.00763630770683452,0.00420188698752769));
#8456=CARTESIAN_POINT('',(-0.00161003603766781,0.00720992221494304,0.00468665312946639));
#8457=CARTESIAN_POINT('',(-0.0015148580355693,0.00678370162050573,0.0051712258095376));
#8458=CARTESIAN_POINT('',(-0.0014214849326482,0.00636557278533134,0.00564659420272694));
#8459=CARTESIAN_POINT('',(-0.00135985458370148,0.00608958577973617,0.00596036801344963));
#8460=CARTESIAN_POINT('',(-0.00132995558781342,0.00595569496931027,0.00611259058292278));
#8461=CARTESIAN_POINT('',(-0.00210238750839226,0.00935790270065277,0.00237522145713893));
#8462=CARTESIAN_POINT('',(-0.00207369915406069,0.00923020952078479,0.00251861623209457));
#8463=CARTESIAN_POINT('',(-0.00201287029152634,0.00895945685321626,0.00282266223461084));
#8464=CARTESIAN_POINT('',(-0.00191992362255149,0.00854572754387122,0.0032872857511458));
#8465=CARTESIAN_POINT('',(-0.00182348782526665,0.0081164898980707,0.00376930957969373));
#8466=CARTESIAN_POINT('',(-0.00172708436617188,0.00768738190436149,0.00425119335010215));
#8467=CARTESIAN_POINT('',(-0.00163064319972625,0.00725811626731693,0.00473325755368358));
#8468=CARTESIAN_POINT('',(-0.0015342524491632,0.00682905752698552,0.00521508245136461));
#8469=CARTESIAN_POINT('',(-0.00143969095829571,0.00640815027964582,0.00568775325810007));
#8470=CARTESIAN_POINT('',(-0.00137727353433156,0.00613032055115629,0.00599974910403408));
#8471=CARTESIAN_POINT('',(-0.00134699266486561,0.00599553565246542,0.00615110915659528));
#8472=CARTESIAN_POINT('',(-0.00216499439778312,0.00947270087177292,0.00249129848454872));
#8473=CARTESIAN_POINT('',(-0.00213545382674164,0.0093434497578292,0.00263310261705108));
#8474=CARTESIAN_POINT('',(-0.00207281739046859,0.0090693921598549,0.0029337762746505));
#8475=CARTESIAN_POINT('',(-0.00197709092280499,0.00865056488429965,0.00339325729964724));
#8476=CARTESIAN_POINT('',(-0.0018777915406585,0.0082160995578716,0.00386991688685346));
#8477=CARTESIAN_POINT('',(-0.00177851432242655,0.00778172948918243,0.00434646104706497));
#8478=CARTESIAN_POINT('',(-0.00167919796518992,0.00734720131916645,0.00482318161761719));
#8479=CARTESIAN_POINT('',(-0.00157992423577451,0.00691284278517437,0.00529971038906804));
#8480=CARTESIAN_POINT('',(-0.00148255280613377,0.00648680881314887,0.00576711588052978));
#8481=CARTESIAN_POINT('',(-0.0014182717137128,0.00620555656011402,0.00607567839901555));
#8482=CARTESIAN_POINT('',(-0.00138708659271554,0.00606911075226164,0.00622537339732822));
#8483=CARTESIAN_POINT('',(-0.00220368253747626,0.00953431656273308,0.00255602074599872));
#8484=CARTESIAN_POINT('',(-0.00217361552161689,0.00940422949632327,0.00269693429298356));
#8485=CARTESIAN_POINT('',(-0.0021098628654637,0.00912839909333052,0.00299572074894328));
#8486=CARTESIAN_POINT('',(-0.00201243136615426,0.00870685368871113,0.00345235240892972));
#8487=CARTESIAN_POINT('',(-0.00191136633061666,0.00826959120215594,0.00392600895489662));
#8488=CARTESIAN_POINT('',(-0.00181031788850275,0.00783239920874654,0.00439958628790858));
#8489=CARTESIAN_POINT('',(-0.00170923858056197,0.00739508104960851,0.00487330462373963));
#8490=CARTESIAN_POINT('',(-0.00160818544222155,0.00695786983182834,0.00534689930095426));
#8491=CARTESIAN_POINT('',(-0.00150908077779494,0.00652908920507892,0.00581136592445496));
#8492=CARTESIAN_POINT('',(-0.00144364973301958,0.00624599764055726,0.00611801959318062));
#8493=CARTESIAN_POINT('',(-0.00141190664999798,0.00610865916105247,0.00626678896315873));
#8494=CARTESIAN_POINT('',(-0.00230176716346755,0.00967369569259248,0.00270778072901749));
#8495=CARTESIAN_POINT('',(-0.00227036335543925,0.00954171267847818,0.00284661919325369));
#8496=CARTESIAN_POINT('',(-0.00220377596833862,0.00926186148059089,0.00314100622983892));
#8497=CARTESIAN_POINT('',(-0.00210200434755253,0.00883414952192278,0.00359092905095335));
#8498=CARTESIAN_POINT('',(-0.00199645318221617,0.00839054077241483,0.00405758102120311));
#8499=CARTESIAN_POINT('',(-0.00189090701990966,0.0079469597131575,0.00452420266740898));
#8500=CARTESIAN_POINT('',(-0.00178534691260755,0.00750331532862441,0.00499089587220759));
#8501=CARTESIAN_POINT('',(-0.00167978189653266,0.00705966222827473,0.0054575924373056));
#8502=CARTESIAN_POINT('',(-0.00157627882493974,0.00662466252968836,0.00591518967518698));
#8503=CARTESIAN_POINT('',(-0.00150792966963006,0.0063374157970562,0.00621735432342691));
#8504=CARTESIAN_POINT('',(-0.00147477070779452,0.00619806081967778,0.00636394652787481));
#8505=CARTESIAN_POINT('',(-0.00237083013414369,0.00975720571267758,0.00280381689354008));
#8506=CARTESIAN_POINT('',(-0.00233847744528042,0.00962406623880581,0.00294135437927077));
#8507=CARTESIAN_POINT('',(-0.0022698789600447,0.0093417649937742,0.00323298181907455));
#8508=CARTESIAN_POINT('',(-0.00216505987858781,0.0089103706899842,0.0036786551013581));
#8509=CARTESIAN_POINT('',(-0.00205632506104066,0.00846290094706556,0.00414090043753314));
#8510=CARTESIAN_POINT('',(-0.00194761227562562,0.00801548581182875,0.004603121660772));
#8511=CARTESIAN_POINT('',(-0.00183887213232371,0.00756799845658289,0.00506538430840165));
#8512=CARTESIAN_POINT('',(-0.00173013525811583,0.00712050260388703,0.00552768009618421));
#8513=CARTESIAN_POINT('',(-0.00162351992518867,0.00668174133255863,0.00598093749636296));
#8514=CARTESIAN_POINT('',(-0.00155312030219911,0.00639201599777549,0.00628024545122941));
#8515=CARTESIAN_POINT('',(-0.00151896663926316,0.00625145862255256,0.00642545188156377));
#8516=CARTESIAN_POINT('',(-0.00260507015625354,0.0100112074975006,0.00311111331799178));
#8517=CARTESIAN_POINT('',(-0.00256952632658902,0.00987459694917018,0.00324448881489937));
#8518=CARTESIAN_POINT('',(-0.00249416068217328,0.00958493602757419,0.00352728804860057));
#8519=CARTESIAN_POINT('',(-0.0023789748616288,0.00914230085320083,0.00395936908664467));
#8520=CARTESIAN_POINT('',(-0.00225951681092838,0.00868314984519881,0.00440766222415706));
#8521=CARTESIAN_POINT('',(-0.00214005341489738,0.00822406829786747,0.00485580583992643));
#8522=CARTESIAN_POINT('',(-0.00202060452541522,0.00776493862273984,0.00530408941785104));
#8523=CARTESIAN_POINT('',(-0.00190113875264673,0.00730582866848976,0.00575228051383895));
#8524=CARTESIAN_POINT('',(-0.00178401352657179,0.0068556589740837,0.00619177119335279));
#8525=CARTESIAN_POINT('',(-0.00170666992628933,0.00655842086475475,0.0064819423063926));
#8526=CARTESIAN_POINT('',(-0.00166914740693185,0.00641421901973927,0.00662271545952694));
#8527=CARTESIAN_POINT('',(-0.00278222808180169,0.0101591211893554,0.00331563774150706));
#8528=CARTESIAN_POINT('',(-0.00274428285506282,0.010020530850193,0.00344618748423992));
#8529=CARTESIAN_POINT('',(-0.00266382165916014,0.00972666486724133,0.00372299934095857));
#8530=CARTESIAN_POINT('',(-0.00254073545152346,0.00927738570676627,0.00414605726068882));
#8531=CARTESIAN_POINT('',(-0.0024132146944004,0.00881161145091553,0.00458481831733513));
#8532=CARTESIAN_POINT('',(-0.00228559117822977,0.00834567779853195,0.00502361208083592));
#8533=CARTESIAN_POINT('',(-0.00215814867091373,0.00788012084243176,0.00546219832804085));
#8534=CARTESIAN_POINT('',(-0.00203052426840606,0.00741414432453421,0.00590105663146125));
#8535=CARTESIAN_POINT('',(-0.00190541762750398,0.00695726754785738,0.00633139354168361));
#8536=CARTESIAN_POINT('',(-0.00182281254250392,0.00665564149941742,0.00661547556934537));
#8537=CARTESIAN_POINT('',(-0.00178273758610905,0.00650931144479156,0.00675329405728507));
#8538=CARTESIAN_POINT('',(-0.00300728282189592,0.0103155480588852,0.00355812687597506));
#8539=CARTESIAN_POINT('',(-0.00296624947946454,0.0101747959428209,0.00368537366539243));
#8540=CARTESIAN_POINT('',(-0.00287924498629978,0.00987635401373483,0.00395517969574964));
#8541=CARTESIAN_POINT('',(-0.00274629748278959,0.00942031637198828,0.00436745829101313));
#8542=CARTESIAN_POINT('',(-0.00260838746138818,0.00894725765674879,0.00479512584148079));
#8543=CARTESIAN_POINT('',(-0.00247050129023632,0.00847427983013722,0.00522271926827526));
#8544=CARTESIAN_POINT('',(-0.00233257835540827,0.00800117822529158,0.00565042736105104));
#8545=CARTESIAN_POINT('',(-0.00219469755804801,0.00752821627950856,0.00607800516570073));
#8546=CARTESIAN_POINT('',(-0.00205938078384735,0.0070640660274459,0.00649762559266368));
#8547=CARTESIAN_POINT('',(-0.0019701023901757,0.00675782223968014,0.00677448388159147));
#8548=CARTESIAN_POINT('',(-0.00192679087701362,0.00660925444801331,0.00690879584341519));
#8549=CARTESIAN_POINT('',(0.,0.,0.00584803390593274));
#8550=CARTESIAN_POINT('',(0.,0.,0.002));
#8551=CARTESIAN_POINT('',(0.000866466818733477,0.00907249221897319,0.00200279509074903));
#8552=CARTESIAN_POINT('',(0.0019794945816307,0.00889601537132619,0.00200301617344234));
#8553=CARTESIAN_POINT('',(0.000713416691229725,0.00747030400507931,0.00392438009641047));
#8554=CARTESIAN_POINT('',(0.000560142118374476,0.00586518280541015,0.00584967957822384));
#8555=CARTESIAN_POINT('',(0.,0.,0.00584803390593274));
#8556=CARTESIAN_POINT('',(0.00127973442309585,0.0057512165372117,0.00584968450963297));
#8557=CARTESIAN_POINT('',(0.00197951083668447,0.00889601303434782,0.00200301722003453));
#8558=CARTESIAN_POINT('',(0.,0.,0.00193670395716381));
#8559=CARTESIAN_POINT('',(0.000866160166135441,0.00906979555524018,0.00200603320155829));
#8560=CARTESIAN_POINT('',(0.000894718519894347,0.00936867830203906,0.00229899864202097));
#8561=CARTESIAN_POINT('',(-0.000866649081579052,0.0090748278132279,0.002));
#8562=CARTESIAN_POINT('',(-0.000290616470539469,0.00912983911962308,0.002));
#8563=CARTESIAN_POINT('',(0.000290657144558022,0.00912983782481738,0.002));
#8564=CARTESIAN_POINT('',(0.000866689510512975,0.00907482395216035,0.002));
#8565=CARTESIAN_POINT('',(-0.000894692594990807,0.00936868114437098,0.00229899899817791));
#8566=CARTESIAN_POINT('',(-0.00089472098575614,0.00936867843327885,0.00229899899824227));
#8567=CARTESIAN_POINT('',(-0.000326885882909114,0.0107170917653437,0.00357799385117149));
#8568=CARTESIAN_POINT('',(-0.000473972251719293,0.0105059663125088,0.0033764578529231));
#8569=CARTESIAN_POINT('',(-0.000734859244581038,0.0100693407320995,0.00296493589200743));
#8570=CARTESIAN_POINT('',(-0.000892406744969436,0.0096044543188101,0.00252780246888963));
#8571=CARTESIAN_POINT('',(-0.000894718060118148,0.00936867801915586,0.0022989983245951));
#8572=CARTESIAN_POINT('',(-0.000326885957132204,0.0107170941988415,0.00357799622678003));
#8573=CARTESIAN_POINT('',(-0.000326877949055954,0.0107168478060912,0.00357775568272598));
#8574=CARTESIAN_POINT('',(-0.000108959959258283,0.0107237178360691,0.00357797341427742));
#8575=CARTESIAN_POINT('',(0.000108956330029352,0.0107236670943374,0.00357792386145266));
#8576=CARTESIAN_POINT('',(0.000326870917639461,0.0107166930126534,0.00357760450081334));
#8577=CARTESIAN_POINT('',(0.000326884332801005,0.0107170942483857,0.00357799622678003));
#8578=CARTESIAN_POINT('',(0.000894721001271866,0.00936867834112321,0.00229899891016727));
#8579=CARTESIAN_POINT('',(0.000892414240287633,0.00960407530100925,0.0025274350022649));
#8580=CARTESIAN_POINT('',(0.0007341389785275,0.0100702359906236,0.00296575627883384));
#8581=CARTESIAN_POINT('',(0.000473917355742653,0.0105060528796021,0.00337654066046555));
#8582=CARTESIAN_POINT('',(0.000326886651064291,0.0107170902933401,0.00357799243837139));
#8583=CARTESIAN_POINT('',(0.,0.,0.00580711639365242));
#8584=CARTESIAN_POINT('',(0.000578384363973637,0.0060563502804207,0.00604132020851931));
#8585=CARTESIAN_POINT('',(0.000575432760071886,0.00636088045938148,0.00633684824942208));
#8586=CARTESIAN_POINT('',(0.000401460817135037,0.00665509363455,0.00660758550399951));
#8587=CARTESIAN_POINT('',(0.000211314164279368,0.00692802669586836,0.00686812176216144));
#8588=CARTESIAN_POINT('',(0.000578384905979207,0.00605635022856351,0.00604132020842667));
#8589=CARTESIAN_POINT('',(0.000211312712194747,0.00692802925653249,0.0068681242163913));
#8590=CARTESIAN_POINT('',(-0.000211324536731441,0.00692870014853834,0.00686877889194115));
#8591=CARTESIAN_POINT('',(-7.04404772926752E-5,0.00693217818427846,0.00686798020414156));
#8592=CARTESIAN_POINT('',(7.043874056807E-5,0.00693196025877889,0.00686776743920725));
#8593=CARTESIAN_POINT('',(0.000211313113575653,0.00692804517696292,0.00686813975559417));
#8594=CARTESIAN_POINT('',(-0.000211311686550999,0.00692802928781571,0.0068681242163913));
#8595=CARTESIAN_POINT('',(-0.000211311577071557,0.0069280256982989,0.00686812071226371));
#8596=CARTESIAN_POINT('',(-0.000401418240828134,0.00665514661352676,0.00660763583669863));
#8597=CARTESIAN_POINT('',(-0.000575437391957584,0.00636050534273033,0.0063364843110666));
#8598=CARTESIAN_POINT('',(-0.000578384915640631,0.00605635021774163,0.00604132019881119));
#8599=CARTESIAN_POINT('',(-0.000578384005691569,0.00605635011842652,0.00604132001793273));
#8600=CARTESIAN_POINT('',(-0.000578382871278676,0.00605635022675725,0.00604132001792676));
#8601=CARTESIAN_POINT('',(-0.000572230785856206,0.00599192361567995,0.00597816929224917));
#8602=CARTESIAN_POINT('',(-0.000566078700433726,0.00592749700460256,0.00591501856657167));
#8603=CARTESIAN_POINT('',(-0.000559926615011245,0.00586307039352515,0.00585186784089419));
#8604=CARTESIAN_POINT('',(0.000560309441384901,0.00586696234317882,0.00584803390593274));
#8605=CARTESIAN_POINT('',(0.000190146095866603,0.00590176736188181,0.00584803390593274));
#8606=CARTESIAN_POINT('',(-0.000190310369580287,0.00590179747491689,0.00584803390593274));
#8607=CARTESIAN_POINT('',(-0.000560294327195647,0.00586700407545879,0.00584803390593274));
#8608=CARTESIAN_POINT('',(0.000559919561192173,0.0058630649523096,0.00585186190130036));
#8609=CARTESIAN_POINT('',(0.000566071703565824,0.00592749366158752,0.00591501467032428));
#8610=CARTESIAN_POINT('',(0.000572223845939473,0.00599192237086541,0.00597816743934832));
#8611=CARTESIAN_POINT('',(0.000578375988313111,0.0060563510801432,0.00604132020837238));
#8612=CARTESIAN_POINT('',(0.000725066597860061,0.00759238075925164,0.00404802241991509));
#8613=CARTESIAN_POINT('',(0.000738261587526479,0.00773040807645788,0.0041499428962571));
#8614=CARTESIAN_POINT('',(-0.000724921043174474,0.00759086188344876,0.00404669388945717));
#8615=CARTESIAN_POINT('',(-0.000738262555964729,0.00773042012092586,0.00414992920057475));
#8616=CARTESIAN_POINT('',(-0.000327583557596585,0.010739970160677,0.00355812808354474));
#8617=CARTESIAN_POINT('',(-0.000323113953072597,0.0105934356372428,0.00368536713406));
#8618=CARTESIAN_POINT('',(-0.00031363685603958,0.0102827322622744,0.00395515748453597));
#8619=CARTESIAN_POINT('',(-0.000299153594922019,0.00980790815280214,0.0043674569507877));
#8620=CARTESIAN_POINT('',(-0.000284131302806003,0.00931542348048024,0.00479509112771454));
#8621=CARTESIAN_POINT('',(-0.000269108713347542,0.0088228752817592,0.00522278278564103));
#8622=CARTESIAN_POINT('',(-0.0002540865211218,0.00833040461529078,0.00565040489460085));
#8623=CARTESIAN_POINT('',(-0.000239064102636298,0.00783789179710389,0.00607806429313137));
#8624=CARTESIAN_POINT('',(-0.000224328907718034,0.00735473226309883,0.00649760530219737));
#8625=CARTESIAN_POINT('',(-0.000214602011971212,0.00703584682783868,0.00677449999279247));
#8626=CARTESIAN_POINT('',(-0.000209882652121337,0.00688112861361964,0.00690884492211732));
#8627=CARTESIAN_POINT('',(-0.000410977429769168,0.0106303010715187,0.00343591796673797));
#8628=CARTESIAN_POINT('',(-0.000405372017730133,0.0104852629589361,0.00356481921969989));
#8629=CARTESIAN_POINT('',(-0.000393485722961826,0.0101777313599566,0.0038381372607641));
#8630=CARTESIAN_POINT('',(-0.000375293607353488,0.00970772040793069,0.00425592596342808));
#8631=CARTESIAN_POINT('',(-0.000356432752166679,0.00922028504538704,0.00468918450510033));
#8632=CARTESIAN_POINT('',(-0.000337585704633258,0.00873276296873219,0.00512248334660754));
#8633=CARTESIAN_POINT('',(-0.000318721596733201,0.00824541517613353,0.00555567697154162));
#8634=CARTESIAN_POINT('',(-0.000299876558706193,0.00775786553606268,0.00598899183959547));
#8635=CARTESIAN_POINT('',(-0.000281370354017038,0.00727978536833232,0.00641395777752993));
#8636=CARTESIAN_POINT('',(-0.00026916789267459,0.00696413671253037,0.00669449616665421));
#8637=CARTESIAN_POINT('',(-0.000263247607333931,0.00681098736751733,0.00683060981780093));
#8638=CARTESIAN_POINT('',(-0.000478384927214326,0.0105338885946091,0.00333180171402541));
#8639=CARTESIAN_POINT('',(-0.000471858578946204,0.01039015521687,0.00346213426986397));
#8640=CARTESIAN_POINT('',(-0.000458020155654894,0.0100853907375874,0.00373848539260672));
#8641=CARTESIAN_POINT('',(-0.000436862003387895,0.00961962772362025,0.00416085589020909));
#8642=CARTESIAN_POINT('',(-0.000414914191441216,0.00913654254779134,0.0045989383488999));
#8643=CARTESIAN_POINT('',(-0.000392979631194615,0.00865347508880044,0.00503697174962047));
#8644=CARTESIAN_POINT('',(-0.000371031478988353,0.00817040986421821,0.00547503937122977));
#8645=CARTESIAN_POINT('',(-0.00034910041862864,0.00768730083403786,0.00591309661992498));
#8646=CARTESIAN_POINT('',(-0.000327563150433884,0.00721360187778997,0.00634270593418054));
#8647=CARTESIAN_POINT('',(-0.000313362533387511,0.00690080165426224,0.00662633704999367));
#8648=CARTESIAN_POINT('',(-0.000306472806006436,0.00674903373936892,0.00676395162412121));
#8649=CARTESIAN_POINT('',(-0.000605003920428433,0.0103295192049049,0.00311792060795744));
#8650=CARTESIAN_POINT('',(-0.000596747403313464,0.010188572098379,0.00325118248881889));
#8651=CARTESIAN_POINT('',(-0.000579241101156529,0.00988971568608487,0.00353374252703421));
#8652=CARTESIAN_POINT('',(-0.00055249787898603,0.00943298808879589,0.00396553353068814));
#8653=CARTESIAN_POINT('',(-0.000524757278172366,0.00895920478293847,0.00441344694760009));
#8654=CARTESIAN_POINT('',(-0.00049701332089046,0.00848555499213424,0.0048612625139844));
#8655=CARTESIAN_POINT('',(-0.000469270132445472,0.00801172724277536,0.00530922288959747));
#8656=CARTESIAN_POINT('',(-0.000441525480553872,0.0075380300750009,0.00575707894276256));
#8657=CARTESIAN_POINT('',(-0.000414313606721131,0.00707352540591741,0.00619625158751782));
#8658=CARTESIAN_POINT('',(-0.000396347147889524,0.00676679392310575,0.00648625363584136));
#8659=CARTESIAN_POINT('',(-0.000387630014149332,0.00661797047295741,0.00662696008727845));
#8660=CARTESIAN_POINT('',(-0.000666578474229122,0.01021694916231,0.00300405008342864));
#8661=CARTESIAN_POINT('',(-0.000657482467586726,0.010077540261452,0.00313886093626255));
#8662=CARTESIAN_POINT('',(-0.000638195943983593,0.00978194563479606,0.00342470560472341));
#8663=CARTESIAN_POINT('',(-0.000608725623769227,0.0093302107049007,0.00386152468093972));
#8664=CARTESIAN_POINT('',(-0.000578154752213143,0.00886162230697354,0.00431464758098127));
#8665=CARTESIAN_POINT('',(-0.000547589383765059,0.00839312625184865,0.00476767954406139));
#8666=CARTESIAN_POINT('',(-0.000517016215052696,0.00792451805845129,0.00522082700758023));
#8667=CARTESIAN_POINT('',(-0.000486450197184807,0.00745596730868037,0.00567390623338786));
#8668=CARTESIAN_POINT('',(-0.00045645961073352,0.00699651416444412,0.00611823599197008));
#8669=CARTESIAN_POINT('',(-0.000436665470299257,0.00669311907091229,0.00641162042056239));
#8670=CARTESIAN_POINT('',(-0.00042706165899582,0.00654591441678754,0.00655396766122709));
#8671=CARTESIAN_POINT('',(-0.000758459750858866,0.0100167230897825,0.00280819243829583));
#8672=CARTESIAN_POINT('',(-0.000748111276672948,0.00988004758414241,0.00294567119834785));
#8673=CARTESIAN_POINT('',(-0.000726168897065989,0.00959024928595852,0.00323717306284499));
#8674=CARTESIAN_POINT('',(-0.000692633925538366,0.00914739037890981,0.00368264722444761));
#8675=CARTESIAN_POINT('',(-0.000657850493739887,0.00868803563482302,0.0041447101794328));
#8676=CARTESIAN_POINT('',(-0.000623071470590595,0.00822871593589633,0.00460673504061113));
#8677=CARTESIAN_POINT('',(-0.000588287258065149,0.00776938798455744,0.00506877913154592));
#8678=CARTESIAN_POINT('',(-0.000553512012674196,0.00730998786332919,0.00553085041084834));
#8679=CARTESIAN_POINT('',(-0.000519375560492376,0.00685955644901188,0.00598405404435135));
#8680=CARTESIAN_POINT('',(-0.000496857779299475,0.00656208995159454,0.00628325104742266));
#8681=CARTESIAN_POINT('',(-0.00048593267125068,0.00641776141069557,0.00642841785976622));
#8682=CARTESIAN_POINT('',(-0.000794560189262367,0.00992526517476876,0.00272087726720114));
#8683=CARTESIAN_POINT('',(-0.000783718703838297,0.00978984173235795,0.002859543628038));
#8684=CARTESIAN_POINT('',(-0.000760731078295906,0.00950269754424266,0.00315356369734922));
#8685=CARTESIAN_POINT('',(-0.00072560195859695,0.00906387380398728,0.00360288878548258));
#8686=CARTESIAN_POINT('',(-0.000689158547034408,0.00860873668866836,0.00406895477416592));
#8687=CARTESIAN_POINT('',(-0.000652742738450938,0.00815354453230722,0.00453492867964297));
#8688=CARTESIAN_POINT('',(-0.000616232396239997,0.0076986444920406,0.00500116594621433));
#8689=CARTESIAN_POINT('',(-0.000580064466533754,0.0072426118434759,0.00546647122943406));
#8690=CARTESIAN_POINT('',(-0.000543337229348492,0.00679930003274213,0.00592642684826719));
#8691=CARTESIAN_POINT('',(-0.000519880079234128,0.00650413198196524,0.00622782584501009));
#8692=CARTESIAN_POINT('',(-0.000508509638495819,0.00636088610511013,0.00637403050335717));
#8693=CARTESIAN_POINT('',(-0.000846148860354682,0.00976465946450224,0.00257076964232204));
#8694=CARTESIAN_POINT('',(-0.000834603586028025,0.0096314261951052,0.00271148706165868));
#8695=CARTESIAN_POINT('',(-0.000810123605363193,0.00934892583799014,0.00300985657662019));
#8696=CARTESIAN_POINT('',(-0.000772711371084459,0.00891719631645599,0.00346584365211275));
#8697=CARTESIAN_POINT('',(-0.000733910041893907,0.00846937469310994,0.00393879936124513));
#8698=CARTESIAN_POINT('',(-0.000695095546419978,0.00802165002375951,0.00441175977779202));
#8699=CARTESIAN_POINT('',(-0.000656340827275494,0.00757366121950576,0.0048845972955845));
#8700=CARTESIAN_POINT('',(-0.000617347239928379,0.00712647197914841,0.00535808719851643));
#8701=CARTESIAN_POINT('',(-0.00057999064050619,0.00668509397679854,0.0058199298482121));
#8702=CARTESIAN_POINT('',(-0.000554768113518626,0.00639544760719682,0.00612644682917509));
#8703=CARTESIAN_POINT('',(-0.000542522858632993,0.00625493825203342,0.00627518709319471));
#8704=CARTESIAN_POINT('',(-0.000863684760079043,0.00969894571561009,0.0025102333211205));
#8705=CARTESIAN_POINT('',(-0.000851900103976192,0.00956660462850843,0.00265177854303173));
#8706=CARTESIAN_POINT('',(-0.000826912507812998,0.00928599602588615,0.00295190340619098));
#8707=CARTESIAN_POINT('',(-0.000788723191482432,0.00885715820557728,0.00341057676427965));
#8708=CARTESIAN_POINT('',(-0.000749124213761418,0.00841229406950779,0.00388629651292198));
#8709=CARTESIAN_POINT('',(-0.000709477715122691,0.00796769020199587,0.00436213078589741));
#8710=CARTESIAN_POINT('',(-0.000670020027606585,0.00752222981276217,0.00483740757904305));
#8711=CARTESIAN_POINT('',(-0.000629836024380797,0.00707967845196516,0.00531506550463439));
#8712=CARTESIAN_POINT('',(-0.000593108649458958,0.00663534968054204,0.00577443062743412));
#8713=CARTESIAN_POINT('',(-0.000567166283580764,0.00634849213002095,0.00608346289511619));
#8714=CARTESIAN_POINT('',(-0.000554556402849041,0.00620940000303283,0.00623347974011981));
#8715=CARTESIAN_POINT('',(-0.000885765195287476,0.009586131720802,0.00240817886861873));
#8716=CARTESIAN_POINT('',(-0.00087367891980493,0.00945532790779866,0.00255112232464824));
#8717=CARTESIAN_POINT('',(-0.000848051888939721,0.00917797850131285,0.00285421183960993));
#8718=CARTESIAN_POINT('',(-0.000808888442054724,0.00875411085499648,0.00331741333077242));
#8719=CARTESIAN_POINT('',(-0.000768257358281417,0.00831447552284697,0.00379789379709357));
#8720=CARTESIAN_POINT('',(-0.000727664905374415,0.00787480615611342,0.00427820926275522));
#8721=CARTESIAN_POINT('',(-0.000686940069924027,0.00743538959383423,0.00475900914024981));
#8722=CARTESIAN_POINT('',(-0.000646682263441939,0.00699471555012688,0.00523835033221364));
#8723=CARTESIAN_POINT('',(-0.000605526581451277,0.00656762306185551,0.00571324714160162));
#8724=CARTESIAN_POINT('',(-0.000579410051036714,0.00628242164726765,0.00602377139417902));
#8725=CARTESIAN_POINT('',(-0.000566752887418161,0.00614400143079546,0.0061743935179671));
#8726=CARTESIAN_POINT('',(-0.000892037452310103,0.00954512585019222,0.0023714653188556));
#8727=CARTESIAN_POINT('',(-0.000879865306545436,0.00941487894085215,0.00251490902604694));
#8728=CARTESIAN_POINT('',(-0.000854056232971998,0.00913871046787199,0.00281905946834711));
#8729=CARTESIAN_POINT('',(-0.000814615540753046,0.00871665078075262,0.0032838890392108));
#8730=CARTESIAN_POINT('',(-0.000773688766822155,0.00827892652727926,0.00376608203830865));
#8731=CARTESIAN_POINT('',(-0.000732833447249803,0.00784100934537556,0.00424797661162275));
#8732=CARTESIAN_POINT('',(-0.000691723859130883,0.00740393364672962,0.00473086095754959));
#8733=CARTESIAN_POINT('',(-0.000651536713577845,0.0069634244129431,0.00521038160369779));
#8734=CARTESIAN_POINT('',(-0.000608784197805167,0.00654445739626519,0.00569242501576709));
#8735=CARTESIAN_POINT('',(-0.000582664682080363,0.00625960093697515,0.00600327398616216));
#8736=CARTESIAN_POINT('',(-0.000570020301120218,0.00612128013818647,0.00615399418320329));
#8737=CARTESIAN_POINT('',(-0.000897311714214575,0.00948958440550952,0.00232196734432528));
#8738=CARTESIAN_POINT('',(-0.000885067774474713,0.00936009846301181,0.00246608799735318));
#8739=CARTESIAN_POINT('',(-0.000859106489813565,0.00908554303833476,0.0027716737810939));
#8740=CARTESIAN_POINT('',(-0.000819433689862507,0.00866593450695885,0.00323869640409317));
#8741=CARTESIAN_POINT('',(-0.000778276766616499,0.0082306645331274,0.0037230609642446));
#8742=CARTESIAN_POINT('',(-0.000737143824218987,0.00779565403877273,0.00420755981053368));
#8743=CARTESIAN_POINT('',(-0.000695934037180113,0.00735975964924168,0.00469145700568596));
#8744=CARTESIAN_POINT('',(-0.000654989331100308,0.00692693661179944,0.00517784262791474));
#8745=CARTESIAN_POINT('',(-0.00061389497572131,0.0064916254968182,0.00564529453639906));
#8746=CARTESIAN_POINT('',(-0.000587353675895691,0.00621104113165554,0.00595996105208658));
#8747=CARTESIAN_POINT('',(-0.00057448412071283,0.00607499700984641,0.00611271556727084));
#8748=CARTESIAN_POINT('',(-0.000898459808599718,0.00945545013629694,0.00229161141175203));
#8749=CARTESIAN_POINT('',(-0.000886200303790368,0.00932643309693021,0.00243614562917525));
#8750=CARTESIAN_POINT('',(-0.000860205904268268,0.00905287182714082,0.00274260868551084));
#8751=CARTESIAN_POINT('',(-0.000820479130239766,0.00863478016194914,0.00321098327609674));
#8752=CARTESIAN_POINT('',(-0.000779273568194991,0.00820107820525625,0.00369672108421214));
#8753=CARTESIAN_POINT('',(-0.000738071102734237,0.00776768472924092,0.00418266467996233));
#8754=CARTESIAN_POINT('',(-0.000696866959017158,0.00733319432377378,0.00466777912841314));
#8755=CARTESIAN_POINT('',(-0.000655652528685658,0.00690264517061428,0.00515614415942394));
#8756=CARTESIAN_POINT('',(-0.00061529570519655,0.0064662795613327,0.00562285902164744));
#8757=CARTESIAN_POINT('',(-0.000588610104591234,0.00618706422275596,0.00593872370927286));
#8758=CARTESIAN_POINT('',(-0.000575661991283862,0.0060517122942444,0.00609208237097971));
#8759=CARTESIAN_POINT('',(-0.000898695434808086,0.0094103249762521,0.00225194549380933));
#8760=CARTESIAN_POINT('',(-0.000886432726795741,0.0092819235257949,0.00239701548811162));
#8761=CARTESIAN_POINT('',(-0.000860431533596633,0.00900966725183294,0.00270461495724671));
#8762=CARTESIAN_POINT('',(-0.000820694323308709,0.00859356196040842,0.00317473777739458));
#8763=CARTESIAN_POINT('',(-0.000779477875590852,0.00816199807650257,0.00366232527683818));
#8764=CARTESIAN_POINT('',(-0.000738265552727009,0.00773044817352165,0.00414989769186392));
#8765=CARTESIAN_POINT('',(-0.00069704842875117,0.00729886795903001,0.00463750323998997));
#8766=CARTESIAN_POINT('',(-0.000655838595299885,0.00686735423298912,0.00512503461130941));
#8767=CARTESIAN_POINT('',(-0.000615412353662799,0.00644406854072651,0.0056032696800419));
#8768=CARTESIAN_POINT('',(-0.00058872754566569,0.00616464916708004,0.00591896233348655));
#8769=CARTESIAN_POINT('',(-0.000575780448068819,0.00602907858083132,0.00607213223685015));
#8770=CARTESIAN_POINT('',(-0.000898714886649284,0.00940659972237097,0.00224867092116255));
#8771=CARTESIAN_POINT('',(-0.000886451914200329,0.00927824909112354,0.00239378514588743));
#8772=CARTESIAN_POINT('',(-0.0008604501601573,0.00900610054953895,0.00270147843022866));
#8773=CARTESIAN_POINT('',(-0.0008207120883164,0.00859015924083667,0.00317174557338734));
#8774=CARTESIAN_POINT('',(-0.000779494741944758,0.0081587718629851,0.0036594857718971));
#8775=CARTESIAN_POINT('',(-0.000738281605314735,0.00772737415398188,0.00414719265215956));
#8776=CARTESIAN_POINT('',(-0.000697063409769083,0.00729603418684261,0.00463500385005449));
#8777=CARTESIAN_POINT('',(-0.000655853955807773,0.0068644408316355,0.0051224663995903));
#8778=CARTESIAN_POINT('',(-0.000615421983438099,0.00644223493635514,0.00560165250526019));
#8779=CARTESIAN_POINT('',(-0.000588737240873817,0.00616279871883632,0.0059173309566278));
#8780=CARTESIAN_POINT('',(-0.000575790227127718,0.00602721008155835,0.00607048527727103));
#8781=CARTESIAN_POINT('',(-0.000898734338490482,0.00940287446848983,0.00224539634851576));
#8782=CARTESIAN_POINT('',(-0.000886471101604915,0.00927457465645218,0.00239055480366323));
#8783=CARTESIAN_POINT('',(-0.000860468786717967,0.00900253384724497,0.00269834190321061));
#8784=CARTESIAN_POINT('',(-0.000820729853324092,0.00858675652126492,0.00316875336938009));
#8785=CARTESIAN_POINT('',(-0.000779511608298664,0.00815554564946762,0.00365664626695601));
#8786=CARTESIAN_POINT('',(-0.000738297657902461,0.0077243001344421,0.00414448761245521));
#8787=CARTESIAN_POINT('',(-0.000697078390786995,0.00729320041465522,0.004632504460119));
#8788=CARTESIAN_POINT('',(-0.00065586931631566,0.00686152743028188,0.00511989818787119));
#8789=CARTESIAN_POINT('',(-0.000615431613213399,0.00644040133198377,0.00560003533047849));
#8790=CARTESIAN_POINT('',(-0.000588746936081944,0.0061609482705926,0.00591569957976905));
#8791=CARTESIAN_POINT('',(-0.000575800006186617,0.00602534158228538,0.00606883831769191));
#8792=CARTESIAN_POINT('',(-0.00089875379033168,0.0093991492146087,0.00224212177586897));
#8793=CARTESIAN_POINT('',(-0.000886490289009502,0.00927090022178082,0.00238732446143903));
#8794=CARTESIAN_POINT('',(-0.000860487413278634,0.00899896714495098,0.00269520537619255));
#8795=CARTESIAN_POINT('',(-0.000820747618331783,0.00858335380169317,0.00316576116537285));
#8796=CARTESIAN_POINT('',(-0.000779528474652569,0.00815231943595015,0.00365380676201493));
#8797=CARTESIAN_POINT('',(-0.000738313710490186,0.00772122611490233,0.00414178257275085));
#8798=CARTESIAN_POINT('',(-0.000697093371804907,0.00729036664246782,0.00463000507018352));
#8799=CARTESIAN_POINT('',(-0.000655884676823548,0.00685861402892826,0.00511732997615208));
#8800=CARTESIAN_POINT('',(-0.000615441242988699,0.00643856772761239,0.00559841815569678));
#8801=CARTESIAN_POINT('',(-0.000588756631290072,0.00615909782234888,0.00591406820291031));
#8802=CARTESIAN_POINT('',(-0.000575809785245517,0.0060234730830124,0.00606719135811279));
#8803=CARTESIAN_POINT('',(-0.00026910775969061,0.00882286204817677,0.00522279408713123));
#8804=CARTESIAN_POINT('',(-1.01098768806819E-5,0.000156620796972571,-0.00715454934173424));
#8805=CARTESIAN_POINT('',(0.000269108783840273,0.00882289817490981,0.00522276117126156));
#8806=CARTESIAN_POINT('',(0.000898694101731638,0.00941030621781391,0.00225196675605711));
#8807=CARTESIAN_POINT('',(0.000886431248126541,0.00928190313559377,0.0023970386149726));
#8808=CARTESIAN_POINT('',(0.000860429825002462,0.00900964461440664,0.00270464065155936));
#8809=CARTESIAN_POINT('',(0.000820696840634141,0.00859359551863842,0.00317469953952511));
#8810=CARTESIAN_POINT('',(0.000779476045389184,0.00816197246865812,0.00366235437718064));
#8811=CARTESIAN_POINT('',(0.000738264731061286,0.00773043877105898,0.00414990839757574));
#8812=CARTESIAN_POINT('',(0.000697047734800085,0.00729885890718973,0.00463751349399863));
#8813=CARTESIAN_POINT('',(0.000655839845640527,0.00686737424382585,0.00512501191571205));
#8814=CARTESIAN_POINT('',(0.00061541547379972,0.00644410009237711,0.00560323413637834));
#8815=CARTESIAN_POINT('',(0.000588733351483573,0.00616470964591253,0.00591889402047867));
#8816=CARTESIAN_POINT('',(0.000575788935333118,0.00602916761036133,0.00607203162172663));
#8817=CARTESIAN_POINT('',(0.000898318143965029,0.00948226491967895,0.00231522913218365));
#8818=CARTESIAN_POINT('',(0.00088606052082071,0.00935287418113869,0.00245943989291729));
#8819=CARTESIAN_POINT('',(0.000860070152619187,0.00907852194140178,0.00276521602982483));
#8820=CARTESIAN_POINT('',(0.000820352992121613,0.00865928696565534,0.00323248237785693));
#8821=CARTESIAN_POINT('',(0.000779150125057138,0.0082243409906786,0.00371724592587171));
#8822=CARTESIAN_POINT('',(0.000737956518949418,0.00778951247842591,0.00420188698752769));
#8823=CARTESIAN_POINT('',(0.000696753227444866,0.00735457200169822,0.00468665312946639));
#8824=CARTESIAN_POINT('',(0.000655563479514886,0.00691980050784033,0.0051712258095376));
#8825=CARTESIAN_POINT('',(0.000615157661587606,0.00649328247887669,0.00564659420272695));
#8826=CARTESIAN_POINT('',(0.000588486931599369,0.00621175841359882,0.00596036801344963));
#8827=CARTESIAN_POINT('',(0.000575548030657149,0.00607518138802707,0.00611259058292278));
#8828=CARTESIAN_POINT('',(0.000892261626574938,0.00954956781116666,0.00237522145713892));
#8829=CARTESIAN_POINT('',(0.000880086510258774,0.00941925919133765,0.00251861623209457));
#8830=CARTESIAN_POINT('',(0.00085427102079986,0.00914296095027069,0.00282266223461084));
#8831=CARTESIAN_POINT('',(0.000814819168337691,0.00872075889435203,0.0032872857511458));
#8832=CARTESIAN_POINT('',(0.000773893334571701,0.00828272933404714,0.00376930957969373));
#8833=CARTESIAN_POINT('',(0.000732976810058893,0.00784483307325884,0.00425119335010215));
#8834=CARTESIAN_POINT('',(0.000692047432898165,0.00740677523253697,0.00473325755368358));
#8835=CARTESIAN_POINT('',(0.000651134041984214,0.00696892974164685,0.00521508245136461));
#8836=CARTESIAN_POINT('',(0.000610999871580785,0.0065394020536171,0.00568775325810007));
#8837=CARTESIAN_POINT('',(0.000584508261726397,0.00625588223516659,0.00599974910403408));
#8838=CARTESIAN_POINT('',(0.000571656255670488,0.00611833687569903,0.00615110915659528));
#8839=CARTESIAN_POINT('',(0.00086819352225407,0.00967809395265597,0.00249129848454871));
#8840=CARTESIAN_POINT('',(0.000856347484087654,0.00954604030002602,0.00263310261705107));
#8841=CARTESIAN_POINT('',(0.000831229819751002,0.0092660403123569,0.0029337762746505));
#8842=CARTESIAN_POINT('',(0.000792846354750066,0.0088381307974184,0.00339325729964724));
#8843=CARTESIAN_POINT('',(0.000753028509871629,0.00839424452100051,0.00386991688685346));
#8844=CARTESIAN_POINT('',(0.000713219022118012,0.00795045568910216,0.00434646104706497));
#8845=CARTESIAN_POINT('',(0.000673397901773031,0.00750650439928912,0.00482318161761719));
#8846=CARTESIAN_POINT('',(0.00063358866037514,0.0070627276156432,0.00529971038906804));
#8847=CARTESIAN_POINT('',(0.000594542655498991,0.00662745580385967,0.00576711588052978));
#8848=CARTESIAN_POINT('',(0.000568765881426519,0.00634010506591311,0.00607567839901555));
#8849=CARTESIAN_POINT('',(0.000556260620524813,0.00620070065887415,0.00622537339732822));
#8850=CARTESIAN_POINT('',(0.000850439210522421,0.00974864924969558,0.00255602074599871));
#8851=CARTESIAN_POINT('',(0.000838835527612007,0.00961563787863013,0.00269693429298356));
#8852=CARTESIAN_POINT('',(0.000814231624587574,0.00933360692228368,0.00299572074894328));
#8853=CARTESIAN_POINT('',(0.000776629792970171,0.00890258542923208,0.00345235240892972));
#8854=CARTESIAN_POINT('',(0.000737626814239602,0.00845549327854411,0.00392600895489662));
#8855=CARTESIAN_POINT('',(0.000698629837805346,0.00800847329847173,0.00439958628790858));
#8856=CARTESIAN_POINT('',(0.000659623229162605,0.00756132378959594,0.00487330462373963));
#8857=CARTESIAN_POINT('',(0.000620624778447911,0.00711428407484665,0.00534689930095426));
#8858=CARTESIAN_POINT('',(0.000582378414821767,0.00667586444018584,0.00581136592445496));
#8859=CARTESIAN_POINT('',(0.000557126931921984,0.00638640905824404,0.00611801959318062));
#8860=CARTESIAN_POINT('',(0.000544876473728378,0.00624598325026541,0.00626678896315873));
#8861=CARTESIAN_POINT('',(0.000800225707612781,0.00991151649570213,0.00270778072901749));
#8862=CARTESIAN_POINT('',(0.00078930750954443,0.00977628887971961,0.00284661919325368));
#8863=CARTESIAN_POINT('',(0.000766157101906187,0.00948955794015078,0.00314100622983892));
#8864=CARTESIAN_POINT('',(0.000730777401102879,0.00905133053439413,0.00359092905095335));
#8865=CARTESIAN_POINT('',(0.000694079882247197,0.00859681643862403,0.00405758102120311));
#8866=CARTESIAN_POINT('',(0.000657386161985385,0.00814233022386847,0.00452420266740898));
#8867=CARTESIAN_POINT('',(0.000620686135616147,0.00768777947395613,0.00499089587220759));
#8868=CARTESIAN_POINT('',(0.000583988084431788,0.00723321891791542,0.0054575924373056));
#8869=CARTESIAN_POINT('',(0.000548003055715624,0.0067875254118962,0.00591518967518698));
#8870=CARTESIAN_POINT('',(0.000524242843294152,0.00649321648450004,0.00621735432342691));
#8871=CARTESIAN_POINT('',(0.00051271583376075,0.00635043534246311,0.00636394652787481));
#8872=CARTESIAN_POINT('',(0.00076034893472342,0.010012280876101,0.00280381689354007));
#8873=CARTESIAN_POINT('',(0.000749975810237993,0.00987566018122662,0.00294135437927077));
#8874=CARTESIAN_POINT('',(0.000727980964381425,0.00958597764485486,0.00323298181907455));
#8875=CARTESIAN_POINT('',(0.000694361663685408,0.00914330640363782,0.0036786551013581));
#8876=CARTESIAN_POINT('',(0.000659498865431349,0.00868413648228779,0.00414090043753314));
#8877=CARTESIAN_POINT('',(0.000624631988076182,0.00822502530423266,0.004603121660772));
#8878=CARTESIAN_POINT('',(0.00058976881240746,0.00776583698681534,0.00506538430840165));
#8879=CARTESIAN_POINT('',(0.000554899901789098,0.00730664159804844,0.00552768009618421));
#8880=CARTESIAN_POINT('',(0.000520712419592415,0.0068564088821182,0.00598093749636296));
#8881=CARTESIAN_POINT('',(0.000498136387632402,0.00655910903463552,0.00628024545122941));
#8882=CARTESIAN_POINT('',(0.000487183833694358,0.00641487696474905,0.00642545188156377));
#8883=CARTESIAN_POINT('',(0.000616064303430603,0.0103262350763022,0.00311111331799177));
#8884=CARTESIAN_POINT('',(0.00060765351320216,0.0101853270767064,0.00324448881489936));
#8885=CARTESIAN_POINT('',(0.000589820353049065,0.00988655390478998,0.00352728804860057));
#8886=CARTESIAN_POINT('',(0.000562586787073211,0.00942998846180147,0.00395936908664467));
#8887=CARTESIAN_POINT('',(0.000534312680158746,0.00895639533589633,0.00440766222415706));
#8888=CARTESIAN_POINT('',(0.000506065121483446,0.00848286661921668,0.00485580583992643));
#8889=CARTESIAN_POINT('',(0.000477788893953387,0.00800929661305287,0.00530408941785104));
#8890=CARTESIAN_POINT('',(0.000449534817469117,0.00753574014533576,0.00575228051383895));
#8891=CARTESIAN_POINT('',(0.000421817441026183,0.00707140963870511,0.00619177119335279));
#8892=CARTESIAN_POINT('',(0.00040352394891002,0.00676481891104314,0.0064819423063926));
#8893=CARTESIAN_POINT('',(0.000394649164722759,0.00661607971052616,0.00662271545952694));
#8894=CARTESIAN_POINT('',(0.000493284948408587,0.0105216541664726,0.00331563774150705));
#8895=CARTESIAN_POINT('',(0.000486546233503507,0.0103781212013988,0.00344618748423992));
#8896=CARTESIAN_POINT('',(0.000472259795374897,0.0100737741664736,0.00372299934095857));
#8897=CARTESIAN_POINT('',(0.000450486839408518,0.00960844856333524,0.00414605726068882));
#8898=CARTESIAN_POINT('',(0.00042783412583307,0.00912606484109927,0.00458481831733513));
#8899=CARTESIAN_POINT('',(0.00040522988568193,0.00864349776946006,0.00502361208083592));
#8900=CARTESIAN_POINT('',(0.000382569901433411,0.00816134489208803,0.00546219832804085));
#8901=CARTESIAN_POINT('',(0.000359953258066605,0.00767873677902922,0.00590105663146125));
#8902=CARTESIAN_POINT('',(0.000337754055799932,0.00720556106527889,0.00633139354168361));
#8903=CARTESIAN_POINT('',(0.000323108585254252,0.0068931712713389,0.00661547556934537));
#8904=CARTESIAN_POINT('',(0.000316003660006625,0.0067416192767823,0.00675329405728507));
#8905=CARTESIAN_POINT('',(0.000327583732380447,0.0107399706994163,0.00355812687597505));
#8906=CARTESIAN_POINT('',(0.00032311396422707,0.0105934274821037,0.00368537366539242));
#8907=CARTESIAN_POINT('',(0.000313636526476727,0.0102827064737358,0.00395517969574964));
#8908=CARTESIAN_POINT('',(0.000299153734640907,0.00980790586493249,0.00436745829101313));
#8909=CARTESIAN_POINT('',(0.000284130776810945,0.00931538375090612,0.00479512584148079));
#8910=CARTESIAN_POINT('',(0.000269110132006406,0.00882294593666884,0.00522271926827526));
#8911=CARTESIAN_POINT('',(0.000254086201957805,0.00833037904173477,0.00565042736105104));
#8912=CARTESIAN_POINT('',(0.000239065353819669,0.00783795799165591,0.00607800516570073));
#8913=CARTESIAN_POINT('',(0.000224328937856467,0.00735470968703967,0.00649762559266368));
#8914=CARTESIAN_POINT('',(0.000214603201080878,0.0070358659962351,0.00677448388159147));
#8915=CARTESIAN_POINT('',(0.000209884925462467,0.00688118563623961,0.00690879584341519));
#8916=CARTESIAN_POINT('',(0.,0.,0.00584803390593274));
#8917=CARTESIAN_POINT('',(0.,0.,0.002));
#8918=CARTESIAN_POINT('',(0.0036276131911072,0.00836069987184089,0.00200279509074903));
#8919=CARTESIAN_POINT('',(0.00463163115279138,0.00784891592196461,0.00200301617344234));
#8920=CARTESIAN_POINT('',(0.0029869504837445,0.00688422342107573,0.00392438009641047));
#8921=CARTESIAN_POINT('',(0.00234516797371888,0.00540502689250471,0.00584967957822384));
#8922=CARTESIAN_POINT('',(0.,0.,0.00584803390593274));
#8923=CARTESIAN_POINT('',(0.00299432341054118,0.0050742722793164,0.00584968450963297));
#8924=CARTESIAN_POINT('',(0.00463164589010016,0.00784890867627825,0.00200301722003452));
#8925=CARTESIAN_POINT('',(0.,0.,0.00193670395716381));
#8926=CARTESIAN_POINT('',(0.00362648823223398,0.00835822995308951,0.00200603320155829));
#8927=CARTESIAN_POINT('',(0.00374600868875737,0.00863365932039791,0.00229899864202097));
#8928=CARTESIAN_POINT('',(0.00198004375893689,0.00889848342039426,0.002));
#8929=CARTESIAN_POINT('',(0.00254488275582348,0.0087727984156859,0.002));
#8930=CARTESIAN_POINT('',(0.00309770641509542,0.00859317375880562,0.002));
#8931=CARTESIAN_POINT('',(0.00362854552875639,0.00836284866633843,0.002));
#8932=CARTESIAN_POINT('',(0.00204417846594374,0.00918662046803914,0.00229899899817791));
#8933=CARTESIAN_POINT('',(0.00204415062694783,0.00918662666286628,0.00229899899824227));
#8934=CARTESIAN_POINT('',(0.00300087653674142,0.0102935732522035,0.00357799385117149));
#8935=CARTESIAN_POINT('',(0.00279574773435518,0.0101382332021323,0.0033764578529231));
#8936=CARTESIAN_POINT('',(0.0024127047352521,0.00980359611310852,0.00296493589200745));
#8937=CARTESIAN_POINT('',(0.00211921035622125,0.00941014771545386,0.00252780246888963));
#8938=CARTESIAN_POINT('',(0.00204415328142386,0.00918662536494005,0.0022989983245951));
#8939=CARTESIAN_POINT('',(0.00300087721814322,0.0102935755895336,0.00357799622678003));
#8940=CARTESIAN_POINT('',(0.00300080869472919,0.0102933387814711,0.0035777556827259));
#8941=CARTESIAN_POINT('',(0.00321018397495924,0.0102325322060213,0.00357797341427742));
#8942=CARTESIAN_POINT('',(0.00341741900183569,0.0101651441110257,0.00357792386145269));
#8943=CARTESIAN_POINT('',(0.00362251298061754,0.0100911720543013,0.00357760450081334));
#8944=CARTESIAN_POINT('',(0.00362264972785437,0.0100915495066461,0.00357799622678003));
#8945=CARTESIAN_POINT('',(0.00374601106076529,0.00863365859078133,0.00229899891016727));
#8946=CARTESIAN_POINT('',(0.00381655886172868,0.0088582472317431,0.0025274350022649));
#8947=CARTESIAN_POINT('',(0.00381008171786376,0.00935050213891444,0.00296575627883384));
#8948=CARTESIAN_POINT('',(0.00369727107296333,0.00984540153483334,0.00337654066046555));
#8949=CARTESIAN_POINT('',(0.00362265071047749,0.0100915450287915,0.00357799243837139));
#8950=CARTESIAN_POINT('',(0.,0.,0.00580711639365242));
#8951=CARTESIAN_POINT('',(0.00242159137881783,0.00558120080141149,0.00604132020851931));
#8952=CARTESIAN_POINT('',(0.00251288923729247,0.00587173830828697,0.00633684824942208));
#8953=CARTESIAN_POINT('',(0.00243834895840594,0.0062053119526228,0.00660758550399951));
#8954=CARTESIAN_POINT('',(0.00234184969943,0.00652364526625792,0.00686812176216144));
#8955=CARTESIAN_POINT('',(0.002421591878271,0.00558120058460344,0.00604132020842667));
#8956=CARTESIAN_POINT('',(0.00234184910970419,0.00652364815031305,0.0068681242163913));
#8957=CARTESIAN_POINT('',(0.00194010451711507,0.006654888298901,0.00686877889194113));
#8958=CARTESIAN_POINT('',(0.00207516799203717,0.00661466053885245,0.00686798020414155));
#8959=CARTESIAN_POINT('',(0.00220908474751132,0.00657091920691278,0.00686776743920723));
#8960=CARTESIAN_POINT('',(0.00234185441112366,0.00652366316750859,0.00686813975559411));
#8961=CARTESIAN_POINT('',(0.00193990943099877,0.00665424630151509,0.0068681242163913));
#8962=CARTESIAN_POINT('',(0.00193990842589821,0.00665424285385073,0.00686812071226371));
#8963=CARTESIAN_POINT('',(0.00167478196993731,0.00645346561196224,0.00660763583669863));
#8964=CARTESIAN_POINT('',(0.00141823076237514,0.00622701998644752,0.00633648431106661));
#8965=CARTESIAN_POINT('',(0.00132143839822173,0.00593866210777182,0.00604132019881119));
#8966=CARTESIAN_POINT('',(0.00132143923294466,0.00593866173212781,0.00604132001793273));
#8967=CARTESIAN_POINT('',(0.00132144034531147,0.0059386614846036,0.00604132001792676));
#8968=CARTESIAN_POINT('',(0.00130738240852844,0.00587548703736933,0.00597816929224917));
#8969=CARTESIAN_POINT('',(0.0012933244717454,0.00581231259013497,0.00591501856657166));
#8970=CARTESIAN_POINT('',(0.00127926653496235,0.00574913814290059,0.00585186784089419));
#8971=CARTESIAN_POINT('',(0.00234587701477092,0.00540666762784183,0.00584803390593274));
#8972=CARTESIAN_POINT('',(0.00200458609519089,0.00555415593213892,0.00584803390593274));
#8973=CARTESIAN_POINT('',(0.0016427598000006,0.00567175208478007,0.00584803390593274));
#8974=CARTESIAN_POINT('',(0.00128013239446121,0.00575299292605064,0.00584803390593274));
#8975=CARTESIAN_POINT('',(0.00234430185666073,0.00540308146846443,0.00585186190130036));
#8976=CARTESIAN_POINT('',(0.00237006245784689,0.00546245569571441,0.00591501467032428));
#8977=CARTESIAN_POINT('',(0.00239582305903304,0.00552182992296437,0.00597816743934832));
#8978=CARTESIAN_POINT('',(0.00242158366021914,0.00558120415021423,0.00604132020837238));
#8979=CARTESIAN_POINT('',(0.00303575399501689,0.00699672529448783,0.00404802241991509));
#8980=CARTESIAN_POINT('',(0.00309095596262629,0.00712391959789604,0.0041499428962571));
#8981=CARTESIAN_POINT('',(0.00165626444202812,0.00744335158047137,0.00404669388945717));
#8982=CARTESIAN_POINT('',(0.00168670177643716,0.0075802021058095,0.00414992920057475));
#8983=CARTESIAN_POINT('',(0.00300728282164564,0.0103155474925025,0.00355812808354474));
#8984=CARTESIAN_POINT('',(0.00296625201014964,0.0101748036953722,0.00368536713406));
#8985=CARTESIAN_POINT('',(0.00287925264196359,0.00987637864193308,0.00395515748453597));
#8986=CARTESIAN_POINT('',(0.00274629832266075,0.00942031850470611,0.0043674569507877));
#8987=CARTESIAN_POINT('',(0.00260839923825074,0.00894729560436056,0.00479509112771454));
#8988=CARTESIAN_POINT('',(0.00247048080589326,0.00847421219493529,0.00522278278564103));
#8989=CARTESIAN_POINT('',(0.0023325859545287,0.00800120264581577,0.00565040489460085));
#8990=CARTESIAN_POINT('',(0.00219467829275259,0.0075281529381116,0.00607806429313137));
#8991=CARTESIAN_POINT('',(0.00205938778889664,0.00706408748924078,0.00649760530219737));
#8992=CARTESIAN_POINT('',(0.00197009759772595,0.00675780364199672,0.00677449999279247));
#8993=CARTESIAN_POINT('',(0.00192677541813088,0.00660919951377797,0.00690884492211732));
#8994=CARTESIAN_POINT('',(0.00289408092378929,0.0102370161143504,0.00343591796673797));
#8995=CARTESIAN_POINT('',(0.00285459274581544,0.0100973445046871,0.0035648192196999));
#8996=CARTESIAN_POINT('',(0.00277086479351748,0.00980119150642737,0.0038381372607641));
#8997=CARTESIAN_POINT('',(0.00264292515189363,0.00934856285488644,0.00425592596342808));
#8998=CARTESIAN_POINT('',(0.00251023708043664,0.00887915595228544,0.00468918450510033));
#8999=CARTESIAN_POINT('',(0.00237750908098691,0.00840967084646347,0.00512248334660754));
#9000=CARTESIAN_POINT('',(0.00224485116364526,0.00794034622268563,0.00555567697154162));
#9001=CARTESIAN_POINT('',(0.00211211273547739,0.0074708355234689,0.00598899183959547));
#9002=CARTESIAN_POINT('',(0.0019819782855366,0.00701043553288713,0.00641395777752993));
#9003=CARTESIAN_POINT('',(0.00189604271701676,0.00670646505399885,0.00669449616665421));
#9004=CARTESIAN_POINT('',(0.0018543474926819,0.00655898190267606,0.00683060981780093));
#9005=CARTESIAN_POINT('',(0.00280017949026208,0.0101661524621922,0.00333180171402541));
#9006=CARTESIAN_POINT('',(0.0027619703599298,0.0100274371441583,0.00346213426986397));
#9007=CARTESIAN_POINT('',(0.00268095407919608,0.0097333125922289,0.00373848539260672));
#9008=CARTESIAN_POINT('',(0.00255714799111524,0.0092838074141261,0.00416085589020909));
#9009=CARTESIAN_POINT('',(0.0024287400716238,0.00881758386284755,0.0045989383488999));
#9010=CARTESIAN_POINT('',(0.00230032502382069,0.00835138125628378,0.00503697174962047));
#9011=CARTESIAN_POINT('',(0.00217192359320963,0.00788517657462241,0.00547503937122977));
#9012=CARTESIAN_POINT('',(0.00204349237061227,0.00741893551303253,0.00591309661992498));
#9013=CARTESIAN_POINT('',(0.00191759450217382,0.00696176565204618,0.00634270593418054));
#9014=CARTESIAN_POINT('',(0.00183443950663684,0.00665988672916362,0.00662633704999367));
#9015=CARTESIAN_POINT('',(0.00179409316185521,0.00651341782189243,0.00676395162412121));
#9016=CARTESIAN_POINT('',(0.00261660405713042,0.0100109130430965,0.00311792060795745));
#9017=CARTESIAN_POINT('',(0.00258090142031006,0.00987431297487938,0.00325118248881889));
#9018=CARTESIAN_POINT('',(0.00250519919277582,0.00958467389165524,0.00353374252703421));
#9019=CARTESIAN_POINT('',(0.00238949691912547,0.0091420360239467,0.00396553353068814));
#9020=CARTESIAN_POINT('',(0.00226947270513416,0.00868286900651354,0.00441344694760009));
#9021=CARTESIAN_POINT('',(0.00214949294175429,0.00822382793223602,0.0048612625139844));
#9022=CARTESIAN_POINT('',(0.00202945745494937,0.00776461784689914,0.00530922288959747));
#9023=CARTESIAN_POINT('',(0.00190946371189363,0.00730553149979916,0.00575707894276256));
#9024=CARTESIAN_POINT('',(0.00179180390510955,0.00685535237595468,0.00619625158751782));
#9025=CARTESIAN_POINT('',(0.00171410578195747,0.00655808145936607,0.00648625363584136));
#9026=CARTESIAN_POINT('',(0.00167640729354715,0.00641384820485701,0.00662696008727845));
#9027=CARTESIAN_POINT('',(0.00252325712028098,0.00992288015409255,0.00300405008342864));
#9028=CARTESIAN_POINT('',(0.00248882821713825,0.00978748358986855,0.00313886093626255));
#9029=CARTESIAN_POINT('',(0.00241582702800508,0.00950039653044982,0.00342470560472341));
#9030=CARTESIAN_POINT('',(0.00230426119779182,0.00906166425195879,0.00386152468093972));
#9031=CARTESIAN_POINT('',(0.00218853404606763,0.00860656328380617,0.00431464758098127));
#9032=CARTESIAN_POINT('',(0.00207283019607193,0.00815155183943129,0.00476767954406139));
#9033=CARTESIAN_POINT('',(0.00195709911193649,0.00769643133480741,0.00522082700758023));
#9034=CARTESIAN_POINT('',(0.0018413789780006,0.00724136767205125,0.00567390623338786));
#9035=CARTESIAN_POINT('',(0.00172792289098461,0.00679513416440835,0.00611823599197008));
#9036=CARTESIAN_POINT('',(0.00165299399731776,0.0065004715579097,0.00641162042056239));
#9037=CARTESIAN_POINT('',(0.00161663902486353,0.00635750387147184,0.00655396766122709));
#9038=CARTESIAN_POINT('',(0.00237399957428881,0.00976084671902656,0.00280819243829584));
#9039=CARTESIAN_POINT('',(0.00234160650413945,0.00962766273438031,0.00294567119834785));
#9040=CARTESIAN_POINT('',(0.00227292234816791,0.0093452676062857,0.00323717306284499));
#9041=CARTESIAN_POINT('',(0.00216796507297466,0.00891372088082976,0.00368264722444761));
#9042=CARTESIAN_POINT('',(0.00205909766007614,0.00846609988662651,0.0041447101794328));
#9043=CARTESIAN_POINT('',(0.00195023688385313,0.00801851358469866,0.00460673504061113));
#9044=CARTESIAN_POINT('',(0.0018413784928845,0.007570917830655,0.00506877913154592));
#9045=CARTESIAN_POINT('',(0.00173248927194189,0.00712325620996472,0.00553085041084834));
#9046=CARTESIAN_POINT('',(0.00162576400540822,0.00668432173438235,0.00598405404435135));
#9047=CARTESIAN_POINT('',(0.00155525748498508,0.00639445590656987,0.00628325104742266));
#9048=CARTESIAN_POINT('',(0.001521047908275,0.00625381526320808,0.00642841785976622));
#9049=CARTESIAN_POINT('',(0.00231140396709469,0.00968502072195703,0.00272087726720114));
#9050=CARTESIAN_POINT('',(0.00227986668731188,0.0095528751713528,0.002859543628038));
#9051=CARTESIAN_POINT('',(0.0022129967844145,0.00927268125317655,0.00315356369734923));
#9052=CARTESIAN_POINT('',(0.00211080256934182,0.00884447958051725,0.00360288878548258));
#9053=CARTESIAN_POINT('',(0.00200481720998006,0.00840035682767959,0.00406895477416592));
#9054=CARTESIAN_POINT('',(0.00189878859000776,0.00795619025748968,0.00453492867964297));
#9055=CARTESIAN_POINT('',(0.0017929401456954,0.00751227229371756,0.00500116594621433));
#9056=CARTESIAN_POINT('',(0.00168641605252712,0.00706738296672618,0.00546647122943406));
#9057=CARTESIAN_POINT('',(0.00158435484745382,0.00663441903993053,0.00592642684826719));
#9058=CARTESIAN_POINT('',(0.00151545197903721,0.00634644888381209,0.00622782584501009));
#9059=CARTESIAN_POINT('',(0.00148200050047215,0.00620670029977495,0.00637403050335717));
#9060=CARTESIAN_POINT('',(0.00221271033141933,0.00954821739073859,0.00257076964232204));
#9061=CARTESIAN_POINT('',(0.00218251919534029,0.00941793733571958,0.00271148706165868));
#9062=CARTESIAN_POINT('',(0.00211850362920481,0.00914169880018218,0.00300985657662019));
#9063=CARTESIAN_POINT('',(0.00202067301927735,0.00871953860926048,0.00346584365211275));
#9064=CARTESIAN_POINT('',(0.00191919078418243,0.00828164466611512,0.00393879936124513));
#9065=CARTESIAN_POINT('',(0.00181775103139943,0.00784383886309377,0.00441175977779202));
#9066=CARTESIAN_POINT('',(0.00171617280577486,0.00740580032475309,0.0048845972955845));
#9067=CARTESIAN_POINT('',(0.00161506883614301,0.00696844840253225,0.00535808719851643));
#9068=CARTESIAN_POINT('',(0.00151420376978074,0.00653712915317455,0.0058199298482121));
#9069=CARTESIAN_POINT('',(0.00144868616786376,0.00625386489646338,0.00612644682917509));
#9070=CARTESIAN_POINT('',(0.00141691231870227,0.00611644856677467,0.00627518709319471));
#9071=CARTESIAN_POINT('',(0.00217572603454561,0.00949113879267101,0.00251023332112051));
#9072=CARTESIAN_POINT('',(0.00214603826355606,0.00936163328040074,0.00265177854303173));
#9073=CARTESIAN_POINT('',(0.00208309005273552,0.00908703704848535,0.00295190340619098));
#9074=CARTESIAN_POINT('',(0.00198689207657842,0.00866738689729708,0.00341057676427965));
#9075=CARTESIAN_POINT('',(0.00188708236414522,0.00823205920474651,0.00388629651292198));
#9076=CARTESIAN_POINT('',(0.00178739827419785,0.00779696435753244,0.00436213078589741));
#9077=CARTESIAN_POINT('',(0.00168726993443389,0.00736111325559914,0.00483740757904305));
#9078=CARTESIAN_POINT('',(0.00158873130118256,0.00692780436021907,0.00531506550463439));
#9079=CARTESIAN_POINT('',(0.00148635596896891,0.00649387320377007,0.00577443062743412));
#9080=CARTESIAN_POINT('',(0.00142238476700969,0.00621303882916785,0.00608346289511619));
#9081=CARTESIAN_POINT('',(0.00139139564522622,0.00607685768798732,0.00623347974011981));
#9082=CARTESIAN_POINT('',(0.00211986485115897,0.00939066953750209,0.00240817886861874));
#9083=CARTESIAN_POINT('',(0.00209093898106731,0.00926253285426621,0.00255112232464824));
#9084=CARTESIAN_POINT('',(0.00202960605578104,0.00899083870588456,0.00285421183960993));
#9085=CARTESIAN_POINT('',(0.00193587040106413,0.00857561444816292,0.00331741333077242));
#9086=CARTESIAN_POINT('',(0.001838658069089,0.00814494070534273,0.00379789379709357));
#9087=CARTESIAN_POINT('',(0.00174139847971187,0.00771424653130379,0.00427820926275522));
#9088=CARTESIAN_POINT('',(0.00164434291448792,0.00728375188013286,0.00475900914024981));
#9089=CARTESIAN_POINT('',(0.00154645459518896,0.00685220561294362,0.00523835033221364));
#9090=CARTESIAN_POINT('',(0.00145361713768301,0.00643329871376222,0.00571324714160162));
#9091=CARTESIAN_POINT('',(0.00139032335018938,0.00615398559822963,0.00602377139417902));
#9092=CARTESIAN_POINT('',(0.00135958682887165,0.00601842887070805,0.0061743935179671));
#9093=CARTESIAN_POINT('',(0.00210122806935816,0.00935360887106538,0.0023714653188556));
#9094=CARTESIAN_POINT('',(0.00207255595945405,0.00922597529931091,0.00251490902604694));
#9095=CARTESIAN_POINT('',(0.00201176109559416,0.00895534803114458,0.00281905946834712));
#9096=CARTESIAN_POINT('',(0.00191884780697573,0.00854175757127865,0.0032838890392108));
#9097=CARTESIAN_POINT('',(0.00182250724884029,0.00811280999900279,0.00376608203830865));
#9098=CARTESIAN_POINT('',(0.00172603911540786,0.00768370102149719,0.00424797661162275));
#9099=CARTESIAN_POINT('',(0.00163007283836067,0.00725531376882521,0.00473086095754959));
#9100=CARTESIAN_POINT('',(0.00153216824559107,0.00682394608061305,0.00521038160369779));
#9101=CARTESIAN_POINT('',(0.00144336037606864,0.00641227351536275,0.00569242501576709));
#9102=CARTESIAN_POINT('',(0.00138017602482309,0.00613328754930238,0.00600327398616216));
#9103=CARTESIAN_POINT('',(0.00134945806822854,0.00599782932367522,0.00615399418320329));
#9104=CARTESIAN_POINT('',(0.00207904869790618,0.00930241565473672,0.00232196734432528));
#9105=CARTESIAN_POINT('',(0.00205068001981645,0.00917548361989793,0.00246608799735318));
#9106=CARTESIAN_POINT('',(0.00199052837664179,0.00890634341601855,0.0027716737810939));
#9107=CARTESIAN_POINT('',(0.00189859328437505,0.00849501241856113,0.00323869640409317));
#9108=CARTESIAN_POINT('',(0.00180323002536376,0.0080683278848819,0.0037230609642446));
#9109=CARTESIAN_POINT('',(0.00170792414277827,0.00764189754133964,0.00420755981053368));
#9110=CARTESIAN_POINT('',(0.00161241820515894,0.00721460281723006,0.00469145700568596));
#9111=CARTESIAN_POINT('',(0.0015176092605573,0.0067903110370596,0.00517784262791474));
#9112=CARTESIAN_POINT('',(0.00142217378265393,0.00636360671035599,0.00564529453639906));
#9113=CARTESIAN_POINT('',(0.00136071072161286,0.00608855340879859,0.00595996105208658));
#9114=CARTESIAN_POINT('',(0.0013309104503075,0.00595519084898681,0.00611271556727084));
#9115=CARTESIAN_POINT('',(0.00206740872598261,0.00927030681624928,0.00229161141175203));
#9116=CARTESIAN_POINT('',(0.00203919975018983,0.00914381592491772,0.00243614562917525));
#9117=CARTESIAN_POINT('',(0.00197938681187479,0.00887561098546765,0.00274260868551084));
#9118=CARTESIAN_POINT('',(0.00188797178943524,0.00846570593457191,0.00321098327609674));
#9119=CARTESIAN_POINT('',(0.00179313933261375,0.00804049764359457,0.00369672108421214));
#9120=CARTESIAN_POINT('',(0.00169839925653766,0.00761558369207287,0.00418266467996233));
#9121=CARTESIAN_POINT('',(0.00160332180673594,0.00718962598003838,0.00466777912841314));
#9122=CARTESIAN_POINT('',(0.00150947205402808,0.00676741344295476,0.00515614415942394));
#9123=CARTESIAN_POINT('',(0.00141300928495558,0.00633993414246328,0.00562285902164744));
#9124=CARTESIAN_POINT('',(0.00135210651459215,0.00606613827116818,0.00593872370927286));
#9125=CARTESIAN_POINT('',(0.00132259485599536,0.00593340975050707,0.00609208237097971));
#9126=CARTESIAN_POINT('',(0.00205324019081399,0.00922746305124248,0.00225194549380934));
#9127=CARTESIAN_POINT('',(0.00202522448888288,0.00910155662991053,0.00239701548811162));
#9128=CARTESIAN_POINT('',(0.0019658212776269,0.00883459071588422,0.00270461495724671));
#9129=CARTESIAN_POINT('',(0.0018750300039111,0.00842657159372202,0.00317473777739458));
#9130=CARTESIAN_POINT('',(0.00178086860080634,0.00800339336694313,0.00366232527683818));
#9131=CARTESIAN_POINT('',(0.0016867075950757,0.00758022971146399,0.00414989769186392));
#9132=CARTESIAN_POINT('',(0.00159254178870196,0.00715703574439986,0.00463750323998997));
#9133=CARTESIAN_POINT('',(0.00149838959468855,0.00673390726450607,0.00512503461130941));
#9134=CARTESIAN_POINT('',(0.00140603476284192,0.00631884625294064,0.0056032696800419));
#9135=CARTESIAN_POINT('',(0.00134506818835929,0.00604485657769231,0.00591896233348655));
#9136=CARTESIAN_POINT('',(0.00131548799480767,0.00591192041503725,0.00607213223685015));
#9137=CARTESIAN_POINT('',(0.00205207052425603,0.00922392613521348,0.00224867092116255));
#9138=CARTESIAN_POINT('',(0.00202407077781855,0.00909806796410673,0.00239378514588743));
#9139=CARTESIAN_POINT('',(0.00196470139109228,0.00883120433634964,0.00270147843022866));
#9140=CARTESIAN_POINT('',(0.00187396161021001,0.00842334090478946,0.00317174557338734));
#9141=CARTESIAN_POINT('',(0.00177985560514617,0.00800033026754437,0.0036594857718971));
#9142=CARTESIAN_POINT('',(0.00168574240387871,0.00757731110567188,0.00414719265215956));
#9143=CARTESIAN_POINT('',(0.00159165185714316,0.00715434529628447,0.00463500385005449));
#9144=CARTESIAN_POINT('',(0.00149747469544773,0.00673114120182211,0.0051224663995903));
#9145=CARTESIAN_POINT('',(0.00140545898946965,0.00631710536731916,0.00560165250526019));
#9146=CARTESIAN_POINT('',(0.0013444871477139,0.00604309969281612,0.0059173309566278));
#9147=CARTESIAN_POINT('',(0.00131490129634066,0.00591014638852338,0.00607048527727103));
#9148=CARTESIAN_POINT('',(0.00205090085769807,0.00922038921918448,0.00224539634851576));
#9149=CARTESIAN_POINT('',(0.00202291706675421,0.00909457929830293,0.00239055480366323));
#9150=CARTESIAN_POINT('',(0.00196358150455766,0.00882781795681505,0.00269834190321061));
#9151=CARTESIAN_POINT('',(0.00187289321650892,0.00842011021585691,0.00316875336938009));
#9152=CARTESIAN_POINT('',(0.001778842609486,0.0079972671681456,0.00365664626695601));
#9153=CARTESIAN_POINT('',(0.00168477721268172,0.00757439249987977,0.00414448761245521));
#9154=CARTESIAN_POINT('',(0.00159076192558436,0.00715165484816907,0.004632504460119));
#9155=CARTESIAN_POINT('',(0.00149655979620691,0.00672837513913814,0.00511989818787119));
#9156=CARTESIAN_POINT('',(0.00140488321609739,0.00631536448169768,0.00560003533047849));
#9157=CARTESIAN_POINT('',(0.00134390610706851,0.00604134280793994,0.00591569957976905));
#9158=CARTESIAN_POINT('',(0.00131431459787364,0.00590837236200952,0.00606883831769191));
#9159=CARTESIAN_POINT('',(0.00204973119114012,0.00921685230315547,0.00224212177586897));
#9160=CARTESIAN_POINT('',(0.00202176335568988,0.00909109063249913,0.00238732446143903));
#9161=CARTESIAN_POINT('',(0.00196246161802305,0.00882443157728047,0.00269520537619255));
#9162=CARTESIAN_POINT('',(0.00187182482280783,0.00841687952692435,0.00316576116537285));
#9163=CARTESIAN_POINT('',(0.00177782961382583,0.00799420406874684,0.00365380676201493));
#9164=CARTESIAN_POINT('',(0.00168381202148473,0.00757147389408766,0.00414178257275085));
#9165=CARTESIAN_POINT('',(0.00158987199402556,0.00714896440005368,0.00463000507018352));
#9166=CARTESIAN_POINT('',(0.00149564489696608,0.00672560907645418,0.00511732997615208));
#9167=CARTESIAN_POINT('',(0.00140430744272513,0.0063136235960762,0.00559841815569678));
#9168=CARTESIAN_POINT('',(0.00134332506642313,0.00603958592306376,0.00591406820291031));
#9169=CARTESIAN_POINT('',(0.00131372789940663,0.00590659833549565,0.00606719135811279));
#9170=CARTESIAN_POINT('',(0.00247047762347303,0.00847419931435429,0.00522279408713123));
#9171=CARTESIAN_POINT('',(3.87834237002035E-5,0.00015207935346098,-0.00715454934155725));
#9172=CARTESIAN_POINT('',(0.00298236313815039,0.00830791561431437,0.00522276117126156));
#9173=CARTESIAN_POINT('',(0.00376265342518463,0.00867202129860511,0.00225196675605711));
#9174=CARTESIAN_POINT('',(0.00371131202381898,0.00855369214071078,0.0023970386149726));
#9175=CARTESIAN_POINT('',(0.00360245069101366,0.00830279378164215,0.00270464065155936));
#9176=CARTESIAN_POINT('',(0.00343609613623161,0.00791938574542012,0.00317469953952511));
#9177=CARTESIAN_POINT('',(0.00326351397269917,0.00752162575740551,0.00366235437718064));
#9178=CARTESIAN_POINT('',(0.00309096843745893,0.00712394781879075,0.00414990839757574));
#9179=CARTESIAN_POINT('',(0.00291840323221698,0.00672622772925793,0.00463751349399863));
#9180=CARTESIAN_POINT('',(0.00274587610691742,0.00632859536653691,0.00512501191571205));
#9181=CARTESIAN_POINT('',(0.00257663133858379,0.00593852954450803,0.00560323413637834));
#9182=CARTESIAN_POINT('',(0.00246491873626288,0.00568105866904896,0.00591889402047867));
#9183=CARTESIAN_POINT('',(0.00241072307249585,0.00555615057747883,0.00607203162172664));
#9184=CARTESIAN_POINT('',(0.0037845323298703,0.00874057426825705,0.00231522913218365));
#9185=CARTESIAN_POINT('',(0.00373289070038094,0.00862130417708233,0.00245943989291729));
#9186=CARTESIAN_POINT('',(0.00362339288681843,0.0083684111571847,0.00276521602982483));
#9187=CARTESIAN_POINT('',(0.00345606889037646,0.00798196827920429,0.00323248237785693));
#9188=CARTESIAN_POINT('',(0.00328247693726195,0.0075810424616062,0.00371724592587171));
#9189=CARTESIAN_POINT('',(0.00310893008981865,0.00718022549590423,0.00420188698752769));
#9190=CARTESIAN_POINT('',(0.00293533943209005,0.00677930503861093,0.00468665312946639));
#9191=CARTESIAN_POINT('',(0.00276181387364481,0.00637854110838239,0.0051712258095376));
#9192=CARTESIAN_POINT('',(0.00259158433785176,0.0059853844420303,0.00564659420272695));
#9193=CARTESIAN_POINT('',(0.00247922324580572,0.00572588085407262,0.00596036801344963));
#9194=CARTESIAN_POINT('',(0.00242471299780807,0.00559998672420609,0.00611259058292278));
#9195=CARTESIAN_POINT('',(0.00379956997678067,0.00880645468857221,0.00237522145713892));
#9196=CARTESIAN_POINT('',(0.00374772317503083,0.00868628614440459,0.00251861623209457));
#9197=CARTESIAN_POINT('',(0.00363779033355398,0.00843148832675788,0.00282266223461084));
#9198=CARTESIAN_POINT('',(0.00346980178185101,0.00804214160315361,0.0032872857511458));
#9199=CARTESIAN_POINT('',(0.00329552042279026,0.00763819751363839,0.00376930957969373));
#9200=CARTESIAN_POINT('',(0.00312128910917138,0.00723437732277962,0.00425119335010215));
#9201=CARTESIAN_POINT('',(0.00294699564101251,0.00683040743195875,0.00473325755368358));
#9202=CARTESIAN_POINT('',(0.00277278299638458,0.00642663455780717,0.00521508245136461));
#9203=CARTESIAN_POINT('',(0.00260188177694052,0.00603053159188708,0.00568775325810007));
#9204=CARTESIAN_POINT('',(0.00248907431661805,0.00576907457870426,0.00599974910403408));
#9205=CARTESIAN_POINT('',(0.00243434747893822,0.00564223265657956,0.00615110915659529));
#9206=CARTESIAN_POINT('',(0.00381639661127308,0.00893612776620742,0.00249129848454871));
#9207=CARTESIAN_POINT('',(0.00376432353665068,0.00881419790648257,0.00263310261705107));
#9208=CARTESIAN_POINT('',(0.00365391046369467,0.00855566387878633,0.0029337762746505));
#9209=CARTESIAN_POINT('',(0.0034851743070168,0.00816055888920765,0.00339325729964724));
#9210=CARTESIAN_POINT('',(0.00331013688319739,0.00775070234427325,0.00386991688685346));
#9211=CARTESIAN_POINT('',(0.00313513751948855,0.00734093589209054,0.00434646104706497));
#9212=CARTESIAN_POINT('',(0.00296007689027137,0.00693101852791785,0.00482318161761719));
#9213=CARTESIAN_POINT('',(0.00278508148397549,0.00652126345817602,0.00529971038906804));
#9214=CARTESIAN_POINT('',(0.00261344013958925,0.00611936124428887,0.00576711588052978));
#9215=CARTESIAN_POINT('',(0.00250012870926689,0.00585403991375114,0.00607567839901555));
#9216=CARTESIAN_POINT('',(0.00244515716853256,0.00572532278217419,0.00622537339732822));
#9217=CARTESIAN_POINT('',(0.00382131404323677,0.00900871622526461,0.00255602074599871));
#9218=CARTESIAN_POINT('',(0.00376917551088746,0.00888580062928811,0.00269693429298356));
#9219=CARTESIAN_POINT('',(0.00365862345013891,0.00862517627462036,0.00299572074894328));
#9220=CARTESIAN_POINT('',(0.00348966901686073,0.00822687007997977,0.00345235240892972));
#9221=CARTESIAN_POINT('',(0.00331441590716988,0.00781371275994256,0.00392600895489662));
#9222=CARTESIAN_POINT('',(0.00313919080794875,0.00740062222342801,0.00439958628790858));
#9223=CARTESIAN_POINT('',(0.00296391652135147,0.00698741147421706,0.00487330462373963));
#9224=CARTESIAN_POINT('',(0.00278868392165579,0.00657430262448716,0.00534689930095426));
#9225=CARTESIAN_POINT('',(0.0026168303505267,0.00616915955040478,0.00581136592445496));
#9226=CARTESIAN_POINT('',(0.00250336813103544,0.00590167426058153,0.00611801959318062));
#9227=CARTESIAN_POINT('',(0.00244832329182858,0.00577190698061814,0.00626678896315873));
#9228=CARTESIAN_POINT('',(0.00382388691093162,0.00917912900661635,0.00270778072901749));
#9229=CARTESIAN_POINT('',(0.00377171545606511,0.00905389381000419,0.00284661919325368));
#9230=CARTESIAN_POINT('',(0.003661093376886,0.00878835035089074,0.00314100622983892));
#9231=CARTESIAN_POINT('',(0.0034920255661128,0.00838250424983089,0.00359092905095335));
#9232=CARTESIAN_POINT('',(0.00331667157189731,0.00796157581427853,0.00405758102120311));
#9233=CARTESIAN_POINT('',(0.00314132980606659,0.00754067272131668,0.00452420266740898));
#9234=CARTESIAN_POINT('',(0.00296596210031113,0.00711971020046781,0.00499089587220759));
#9235=CARTESIAN_POINT('',(0.00279059324280781,0.00669873774307095,0.0054575924373056));
#9236=CARTESIAN_POINT('',(0.00261864257911574,0.0062859780153173,0.00591518967518698));
#9237=CARTESIAN_POINT('',(0.00250509881410206,0.00601341590154153,0.00621735432342691));
#9238=CARTESIAN_POINT('',(0.00245001417720625,0.00588118500784339,0.00636394652787481));
#9239=CARTESIAN_POINT('',(0.00381709975219727,0.00928728422770873,0.00280381689354007));
#9240=CARTESIAN_POINT('',(0.00376501620806158,0.0091605556973385,0.00294135437927076));
#9241=CARTESIAN_POINT('',(0.00365458103987227,0.00889184801462356,0.00323298181907455));
#9242=CARTESIAN_POINT('',(0.00348581424841492,0.0084812315813417,0.0036786551013581));
#9243=CARTESIAN_POINT('',(0.00331076644795615,0.008055308232687,0.00414090043753314));
#9244=CARTESIAN_POINT('',(0.00313573292071811,0.00762944201273725,0.004603121660772));
#9245=CARTESIAN_POINT('',(0.00296067907661925,0.00720350128501042,0.00506538430840165));
#9246=CARTESIAN_POINT('',(0.00278561759309196,0.00677755560422739,0.00552768009618421));
#9247=CARTESIAN_POINT('',(0.00261397380472704,0.00635992335888632,0.00598093749636296));
#9248=CARTESIAN_POINT('',(0.00250063201712216,0.00608415077918557,0.00628024545122941));
#9249=CARTESIAN_POINT('',(0.00244564535860051,0.00595036245455997,0.00642545188156377));
#9250=CARTESIAN_POINT('',(0.00377689409672256,0.00963045881872493,0.00311111331799177));
#9251=CARTESIAN_POINT('',(0.00372535199335014,0.00949904642462797,0.00324448881489936));
#9252=CARTESIAN_POINT('',(0.00361606566259492,0.00922040700213342,0.00352728804860057));
#9253=CARTESIAN_POINT('',(0.00344907852128386,0.00879460309716798,0.00395936908664467));
#9254=CARTESIAN_POINT('',(0.00327583992333658,0.00835292644824065,0.00440766222415706));
#9255=CARTESIAN_POINT('',(0.00310264647781044,0.00791130285226985,0.00485580583992643));
#9256=CARTESIAN_POINT('',(0.00292941300743087,0.00746964884682943,0.00530408941785104));
#9257=CARTESIAN_POINT('',(0.00275620478755784,0.00702800087216737,0.00575228051383895));
#9258=CARTESIAN_POINT('',(0.00258635797852159,0.00659496145848201,0.00619177119335279));
#9259=CARTESIAN_POINT('',(0.00247421808847338,0.00630902934905378,0.0064819423063926));
#9260=CARTESIAN_POINT('',(0.00241981472645188,0.00617031242230884,0.00662271545952694));
#9261=CARTESIAN_POINT('',(0.0037205118109503,0.00985425432510018,0.00331563774150705));
#9262=CARTESIAN_POINT('',(0.00366974878676757,0.00971982874078957,0.00344618748423992));
#9263=CARTESIAN_POINT('',(0.00356211317071116,0.00943479226217958,0.00372299934095857));
#9264=CARTESIAN_POINT('',(0.00339761233977281,0.00899896952852729,0.00414605726068882));
#9265=CARTESIAN_POINT('',(0.00322700356093436,0.00854719541960359,0.00458481831733513));
#9266=CARTESIAN_POINT('',(0.00305638422498045,0.00809523195592328,0.00502361208083592));
#9267=CARTESIAN_POINT('',(0.00288583986630701,0.00764367964027322,0.00546219832804085));
#9268=CARTESIAN_POINT('',(0.00271519605169789,0.00719168097668779,0.00590105663146125));
#9269=CARTESIAN_POINT('',(0.00254786401885127,0.0067485240615349,0.00633139354168361));
#9270=CARTESIAN_POINT('',(0.00243740159345785,0.0064559494116734,0.00661547556934537));
#9271=CARTESIAN_POINT('',(0.00238381226615389,0.0063140104423381,0.00675329405728507));
#9272=CARTESIAN_POINT('',(0.00363038410852135,0.0101130901781126,0.00355812687597505));
#9273=CARTESIAN_POINT('',(0.00358084876183277,0.00997510053068888,0.00368537366539242));
#9274=CARTESIAN_POINT('',(0.00347581711080752,0.00968251598025876,0.00395517969574964));
#9275=CARTESIAN_POINT('',(0.00331532170019812,0.00923542919611873,0.00436745829101313));
#9276=CARTESIAN_POINT('',(0.00314883631492029,0.00877165517942971,0.00479512584148079));
#9277=CARTESIAN_POINT('',(0.0029823791795278,0.00830796062184028,0.00522271926827526));
#9278=CARTESIAN_POINT('',(0.00281587903155359,0.00784414431640928,0.00565042736105104));
#9279=CARTESIAN_POINT('',(0.00264942688318921,0.00738046576531549,0.00607800516570073));
#9280=CARTESIAN_POINT('',(0.00248607978013127,0.00692542311919044,0.00649762559266368));
#9281=CARTESIAN_POINT('',(0.00237830193578724,0.00662519016731763,0.00677448388159147));
#9282=CARTESIAN_POINT('',(0.00232601572908003,0.00647953843035127,0.0069087958434152));
#9283=CARTESIAN_POINT('',(0.,0.,0.00584803390593274));
#9284=CARTESIAN_POINT('',(0.,0.,0.002));
#9285=CARTESIAN_POINT('',(0.00603366350926803,0.00683050396883147,0.00200279509074903));
#9286=CARTESIAN_POINT('',(0.00683039139624504,0.00603350989554826,0.00200301617344234));
#9287=CARTESIAN_POINT('',(0.00496810075160261,0.00562426708341227,0.00392438009641047));
#9288=CARTESIAN_POINT('',(0.00390063244804961,0.00441578928832415,0.00584967957822384));
#9289=CARTESIAN_POINT('',(0.,0.,0.00584803390593274));
#9290=CARTESIAN_POINT('',(0.00441580715988479,0.00390062289618775,0.00584968450963297));
#9291=CARTESIAN_POINT('',(0.00683040317321838,0.00603349845041216,0.00200301722003453));
#9292=CARTESIAN_POINT('',(0.,0.,0.00193670395716381));
#9293=CARTESIAN_POINT('',(0.0060318303629322,0.00682850256791806,0.00200603320155829));
#9294=CARTESIAN_POINT('',(0.00623061342718757,0.00705351761023458,0.00229899864202097));
#9295=CARTESIAN_POINT('',(0.004632916120552,0.0078510934709928,0.002));
#9296=CARTESIAN_POINT('',(0.00513127112680564,0.00755701507914068,0.002));
#9297=CARTESIAN_POINT('',(0.00560153059873359,0.00721534997311981,0.002));
#9298=CARTESIAN_POINT('',(0.00603521422908186,0.00683225948566243,0.002));
#9299=CARTESIAN_POINT('',(0.00478295109600285,0.00810530937334713,0.00229899899817791));
#9300=CARTESIAN_POINT('',(0.00478292653385124,0.00810532386770069,0.00229899899824227));
#9301=CARTESIAN_POINT('',(0.00603489225263943,0.00886244806959549,0.00357799385117149));
#9302=CARTESIAN_POINT('',(0.00579180045307113,0.00877809918870676,0.0033764578529231));
#9303=CARTESIAN_POINT('',(0.00532409636529639,0.0085782072008959,0.00296493589200744));
#9304=CARTESIAN_POINT('',(0.00492338438233823,0.00829471028935459,0.00252780246888963));
#9305=CARTESIAN_POINT('',(0.00478292865732671,0.00810532181302129,0.0022989983245951));
#9306=CARTESIAN_POINT('',(0.00603489362296577,0.00886245008196375,0.00357799622678003));
#9307=CARTESIAN_POINT('',(0.00603475527561064,0.00886224603901233,0.0035777556827259));
#9308=CARTESIAN_POINT('',(0.00621509273504079,0.00873971502940402,0.00357797341427741));
#9309=CARTESIAN_POINT('',(0.00639136089118407,0.0086115859974032,0.00357792386145268));
#9310=CARTESIAN_POINT('',(0.00656355823352073,0.00847785686594409,0.00357760450081334));
#9311=CARTESIAN_POINT('',(0.00656380492706052,0.00847817358723613,0.00357799622678003));
#9312=CARTESIAN_POINT('',(0.00623061545763725,0.00705351618333721,0.00229899891016727));
#9313=CARTESIAN_POINT('',(0.00636711211025453,0.00724531220439631,0.0025274350022649));
#9314=CARTESIAN_POINT('',(0.00651306711225522,0.00771547598906915,0.00296575627883384));
#9315=CARTESIAN_POINT('',(0.00655871013716004,0.00822101369088899,0.00337654066046555));
#9316=CARTESIAN_POINT('',(0.00656380447785748,0.0084781690248961,0.00357799243837139));
#9317=CARTESIAN_POINT('',(0.,0.,0.00580711639365242));
#9318=CARTESIAN_POINT('',(0.00402775615728409,0.00455972450144756,0.00604132020851931));
#9319=CARTESIAN_POINT('',(0.00420436660763803,0.00480782950077094,0.00633684824942208));
#9320=CARTESIAN_POINT('',(0.0042365545146519,0.00514811110182222,0.00660758550399951));
#9321=CARTESIAN_POINT('',(0.00424314866937412,0.00548068398507689,0.00686812176216144));
#9322=CARTESIAN_POINT('',(0.00402775656529491,0.00455972414091133,0.00604132020842667));
#9323=CARTESIAN_POINT('',(0.00424314899973359,0.00548068691021162,0.0068681242163913));
#9324=CARTESIAN_POINT('',(0.00390162262332336,0.00572964961523403,0.00686877889194115));
#9325=CARTESIAN_POINT('',(0.00401764455976084,0.00564965383283363,0.00686798020414156));
#9326=CARTESIAN_POINT('',(0.00413149014776967,0.00556667080078791,0.00686776743920725));
#9327=CARTESIAN_POINT('',(0.00424315868225177,0.0054806995541846,0.00686813975559413));
#9328=CARTESIAN_POINT('',(0.0039012386972986,0.005729099324362,0.0068681242163913));
#9329=CARTESIAN_POINT('',(0.0039012366760043,0.0057290963560315,0.00686812071226371));
#9330=CARTESIAN_POINT('',(0.00358704285259317,0.00562007443236,0.00660763583669862));
#9331=CARTESIAN_POINT('',(0.0032730726082919,0.00548399052769179,0.0063364843110666));
#9332=CARTESIAN_POINT('',(0.00309191011466344,0.00523965637360138,0.00604132019881119));
#9333=CARTESIAN_POINT('',(0.00309191079245175,0.00523965575839913,0.00604132001793273));
#9334=CARTESIAN_POINT('',(0.00309191177388626,0.00523965517924937,0.00604132001792676));
#9335=CARTESIAN_POINT('',(0.00305901990369747,0.00518391685091567,0.00597816929224917));
#9336=CARTESIAN_POINT('',(0.00302612803350862,0.0051281785225819,0.00591501856657166));
#9337=CARTESIAN_POINT('',(0.00299323616331977,0.00507244019424811,0.00585186784089419));
#9338=CARTESIAN_POINT('',(0.00390181380126492,0.00441713061462325,0.00584803390593274));
#9339=CARTESIAN_POINT('',(0.00362280324074531,0.0046628650216784,0.00584803390593274));
#9340=CARTESIAN_POINT('',(0.00331502519457687,0.00488651608316453,0.00584803390593274));
#9341=CARTESIAN_POINT('',(0.00299525083814136,0.00507583874558197,0.00584803390593274));
#9342=CARTESIAN_POINT('',(0.00389920755268789,0.00441420672500376,0.00585186190130036));
#9343=CARTESIAN_POINT('',(0.00394205498555779,0.00446271450717801,0.00591501467032428));
#9344=CARTESIAN_POINT('',(0.00398490241842767,0.00451122228935224,0.00597816743934832));
#9345=CARTESIAN_POINT('',(0.00402774985129748,0.00455973007152638,0.00604132020837238));
#9346=CARTESIAN_POINT('',(0.00504928063979966,0.00571618160884792,0.00404802241991509));
#9347=CARTESIAN_POINT('',(0.00514108603214772,0.00582009223382568,0.0041499428962571));
#9348=CARTESIAN_POINT('',(0.00387532322377208,0.0065672341639175,0.00404669388945717));
#9349=CARTESIAN_POINT('',(0.00394655998701907,0.00668798109420287,0.00414992920057475));
#9350=CARTESIAN_POINT('',(0.00604777540533371,0.00888136716311629,0.00355812808354474));
#9351=CARTESIAN_POINT('',(0.00596526055952542,0.0087601910757726,0.00368536713406001));
#9352=CARTESIAN_POINT('',(0.00579030083043859,0.00850325626734303,0.00395515748453597));
#9353=CARTESIAN_POINT('',(0.00552292342583594,0.00811060244615097,0.0043674569507877));
#9354=CARTESIAN_POINT('',(0.00524560148808136,0.00770334409501195,0.00479509112771454));
#9355=CARTESIAN_POINT('',(0.00496824245100132,0.00729603417516293,0.00522278278564103));
#9356=CARTESIAN_POINT('',(0.00469092866486793,0.00688878721371143,0.00565040489460085));
#9357=CARTESIAN_POINT('',(0.00441359028562406,0.0064815060178112,0.00607806429313137));
#9358=CARTESIAN_POINT('',(0.00414151726013568,0.00608196061354421,0.00649760530219737));
#9359=CARTESIAN_POINT('',(0.00396195032808058,0.00581825955128953,0.00677449999279247));
#9360=CARTESIAN_POINT('',(0.00387482728582273,0.00569031591652696,0.00690884492211732));
#9361=CARTESIAN_POINT('',(0.00591584647227977,0.00884166069442422,0.00343591796673797));
#9362=CARTESIAN_POINT('',(0.00583513008228344,0.00872102761798326,0.0035648192196999));
#9363=CARTESIAN_POINT('',(0.00566398375825708,0.00846524273933234,0.00383813726076411));
#9364=CARTESIAN_POINT('',(0.00540243598293108,0.00807430283433845,0.00425592596342808));
#9365=CARTESIAN_POINT('',(0.00513118741775666,0.00766887320985689,0.00468918450510033));
#9366=CARTESIAN_POINT('',(0.00485987671268027,0.00726338154812075,0.00512248334660754));
#9367=CARTESIAN_POINT('',(0.00458868225132836,0.00685802085731601,0.00555567697154162));
#9368=CARTESIAN_POINT('',(0.0043173537191577,0.00645250807746614,0.00598899183959547));
#9369=CARTESIAN_POINT('',(0.00405131708124719,0.00605485542290646,0.00641395777752993));
#9370=CARTESIAN_POINT('',(0.0038756554550601,0.00579231786929231,0.00669449616665421));
#9371=CARTESIAN_POINT('',(0.00379042614011533,0.00566493759008677,0.00683060981780093));
#9372=CARTESIAN_POINT('',(0.00580464282923391,0.0088032824950268,0.00333180171402542));
#9373=CARTESIAN_POINT('',(0.00572543839619682,0.00868316365851364,0.00346213426986397));
#9374=CARTESIAN_POINT('',(0.00555749784946991,0.00842846999436654,0.00373848539260673));
#9375=CARTESIAN_POINT('',(0.0053008465235503,0.00803922335084752,0.00416085589020909));
#9376=CARTESIAN_POINT('',(0.00503465233445116,0.00763549863368898,0.0045989383488999));
#9377=CARTESIAN_POINT('',(0.00476845783819756,0.00723179603890735,0.00503697174962047));
#9378=CARTESIAN_POINT('',(0.00450227565142277,0.00682808726264686,0.00547503937122977));
#9379=CARTESIAN_POINT('',(0.00423605388876911,0.00642435309324838,0.00591309661992498));
#9380=CARTESIAN_POINT('',(0.00397504464424223,0.00602846329880662,0.00634270593418054));
#9381=CARTESIAN_POINT('',(0.00380267382645997,0.0057670556888551,0.00662633704999367));
#9382=CARTESIAN_POINT('',(0.00371904079085239,0.00564022318635863,0.00676395162412121));
#9383=CARTESIAN_POINT('',(0.00558208059862487,0.00871236896249738,0.00311792060795745));
#9384=CARTESIAN_POINT('',(0.00550591363071607,0.00859348729901455,0.0032511824888189));
#9385=CARTESIAN_POINT('',(0.00534441313497014,0.00834141743636062,0.00353374252703421));
#9386=CARTESIAN_POINT('',(0.00509759111018898,0.00795619777676319,0.00396553353068814));
#9387=CARTESIAN_POINT('',(0.00484155088771603,0.00755659351462539,0.00441344694760009));
#9388=CARTESIAN_POINT('',(0.00458559185886217,0.00715709529555209,0.0048612625139844));
#9389=CARTESIAN_POINT('',(0.00432952760659222,0.00675745355689479,0.00530922288959747));
#9390=CARTESIAN_POINT('',(0.004073541292205,0.0063579166007661,0.00575707894276256));
#9391=CARTESIAN_POINT('',(0.00382252716647621,0.00596612969138492,0.00619625158751782));
#9392=CARTESIAN_POINT('',(0.00365677009498922,0.00570741828954332,0.00648625363584136));
#9393=CARTESIAN_POINT('',(0.0035763461751348,0.00558189378655706,0.00662696008727845));
#9394=CARTESIAN_POINT('',(0.00546609872729187,0.00865749049962116,0.00300405008342864));
#9395=CARTESIAN_POINT('',(0.00539151505528387,0.00853935983110075,0.00313886093626256));
#9396=CARTESIAN_POINT('',(0.00523337201843597,0.00828888242054827,0.00342470560472341));
#9397=CARTESIAN_POINT('',(0.00499169087858119,0.00790609896570781,0.00386152468093972));
#9398=CARTESIAN_POINT('',(0.00474099388350598,0.00750903388096741,0.00431464758098127));
#9399=CARTESIAN_POINT('',(0.0044903467140602,0.00711204673776909,0.00476767954406139));
#9400=CARTESIAN_POINT('',(0.004239639941938,0.00671496428792231,0.00522082700758023));
#9401=CARTESIAN_POINT('',(0.00398896114917757,0.00631793251410645,0.00567390623338786));
#9402=CARTESIAN_POINT('',(0.00374316426098645,0.00592859908787665,0.00611823599197008));
#9403=CARTESIAN_POINT('',(0.00358084689539092,0.00567151259737036,0.00641162042056239));
#9404=CARTESIAN_POINT('',(0.00350209181718282,0.00554677655188239,0.00655396766122709));
#9405=CARTESIAN_POINT('',(0.00527407528047744,0.00854951066359425,0.00280819243829584));
#9406=CARTESIAN_POINT('',(0.00520211152539483,0.0084328551763064,0.00294567119834785));
#9407=CARTESIAN_POINT('',(0.00504952411758194,0.00818550602100152,0.00323717306284499));
#9408=CARTESIAN_POINT('',(0.00481634854504408,0.00780751427738882,0.00368264722444761));
#9409=CARTESIAN_POINT('',(0.00457448698834693,0.00741544329474058,0.0041447101794328));
#9410=CARTESIAN_POINT('',(0.00433264246400594,0.00702340325556141,0.00460673504061113));
#9411=CARTESIAN_POINT('',(0.00409079728731226,0.00663135348980177,0.00506877913154592));
#9412=CARTESIAN_POINT('',(0.00384890243565776,0.00623925060812454,0.00553085041084834));
#9413=CARTESIAN_POINT('',(0.00361176246309557,0.00585477903598344,0.00598405404435135));
#9414=CARTESIAN_POINT('',(0.00345513331052323,0.00560088796461608,0.00628325104742266));
#9415=CARTESIAN_POINT('',(0.00337913772077478,0.00547770210486469,0.00642841785976622));
#9416=CARTESIAN_POINT('',(0.00519111179865412,0.00849673896137289,0.00272087726720114));
#9417=CARTESIAN_POINT('',(0.00512028284234271,0.00838080662978058,0.00285954362803801));
#9418=CARTESIAN_POINT('',(0.00497010110301117,0.00813499031448028,0.00315356369734923));
#9419=CARTESIAN_POINT('',(0.00474058703496712,0.00775932607259343,0.00360288878548258));
#9420=CARTESIAN_POINT('',(0.00450254749009882,0.00736969151166995,0.00406895477416592));
#9421=CARTESIAN_POINT('',(0.00426445326163847,0.00698002864623194,0.00453492867964297));
#9422=CARTESIAN_POINT('',(0.00402660721402158,0.00659054654220665,0.00500116594621433));
#9423=CARTESIAN_POINT('',(0.00378781841841509,0.00620034940384071,0.00546647122943406));
#9424=CARTESIAN_POINT('',(0.00355695923293802,0.00582011488677501,0.00592642684826719));
#9425=CARTESIAN_POINT('',(0.00340244103882558,0.00556753115060195,0.00622782584501009));
#9426=CARTESIAN_POINT('',(0.00332744210474927,0.00544495942447398,0.00637403050335717));
#9427=CARTESIAN_POINT('',(0.0050549740190946,0.00839712927242705,0.00257076964232205));
#9428=CARTESIAN_POINT('',(0.0049860017913633,0.00828255515128584,0.00271148706165868));
#9429=CARTESIAN_POINT('',(0.00483975696806353,0.00803961858985156,0.00300985657662019));
#9430=CARTESIAN_POINT('',(0.0046162598556555,0.00766835171039272,0.00346584365211275));
#9431=CARTESIAN_POINT('',(0.00438442784451451,0.00728324955758964,0.00393879936124513));
#9432=CARTESIAN_POINT('',(0.00415266347324931,0.00689821810326948,0.00441175977779202));
#9433=CARTESIAN_POINT('',(0.00392069548731693,0.00651300809496863,0.0048845972955845));
#9434=CARTESIAN_POINT('',(0.00368939072168646,0.0061283045442413,0.00535808719851643));
#9435=CARTESIAN_POINT('',(0.0034601773650035,0.00574926458118083,0.0058199298482121));
#9436=CARTESIAN_POINT('',(0.00331033295354558,0.00550011031642519,0.00612644682917509));
#9437=CARTESIAN_POINT('',(0.00323765024607434,0.00537923827999699,0.00627518709319471));
#9438=CARTESIAN_POINT('',(0.00500216160573428,0.00835427307605287,0.00251023332112051));
#9439=CARTESIAN_POINT('',(0.00493390745352365,0.00824028004047298,0.00265177854303173));
#9440=CARTESIAN_POINT('',(0.00478918524518047,0.00799857557166879,0.00295190340619098));
#9441=CARTESIAN_POINT('',(0.00456801650469266,0.00762919137027396,0.00341057676427965));
#9442=CARTESIAN_POINT('',(0.00433856817217336,0.00724601302889555,0.00388629651292198));
#9443=CARTESIAN_POINT('',(0.00410931126690384,0.0068630173171087,0.00436213078589741));
#9444=CARTESIAN_POINT('',(0.00387939815939108,0.00647943964508622,0.00483740757904305));
#9445=CARTESIAN_POINT('',(0.00365178253764431,0.00609778850884349,0.00531506550463439));
#9446=CARTESIAN_POINT('',(0.00342032570910311,0.00571673117233798,0.00577443062743412));
#9447=CARTESIAN_POINT('',(0.00327270288626782,0.00546940999892886,0.00608346289511619));
#9448=CARTESIAN_POINT('',(0.00320114819312322,0.00534947020248444,0.00623347974011981));
#9449=CARTESIAN_POINT('',(0.00491798775600707,0.00827598319122952,0.00240817886861874));
#9450=CARTESIAN_POINT('',(0.00485088120604417,0.00816305654909699,0.00255112232464824));
#9451=CARTESIAN_POINT('',(0.00470859201866506,0.00792361297506754,0.00285421183960993));
#9452=CARTESIAN_POINT('',(0.00449113276132463,0.00755767714932395,0.00331741333077242));
#9453=CARTESIAN_POINT('',(0.00426559283397293,0.00717812234246072,0.00379789379709357));
#9454=CARTESIAN_POINT('',(0.0040400016485673,0.00679856270769409,0.00427820926275522));
#9455=CARTESIAN_POINT('',(0.00381466615761903,0.00641912978352063,0.00475900914024981));
#9456=CARTESIAN_POINT('',(0.00358821370326003,0.00603895404824164,0.00523835033221364));
#9457=CARTESIAN_POINT('',(0.00337047068343475,0.00566923826413807,0.00571324714160162));
#9458=CARTESIAN_POINT('',(0.00322396221494655,0.00542315456149799,0.00602377139417902));
#9459=CARTESIAN_POINT('',(0.00315284071355306,0.00530373055989609,0.0061743935179671));
#9460=CARTESIAN_POINT('',(0.00488881074748083,0.00824649548521355,0.0023714653188556));
#9461=CARTESIAN_POINT('',(0.00482210100779569,0.0081339689143234,0.00251490902604694));
#9462=CARTESIAN_POINT('',(0.0046806532313598,0.00789537373355007,0.00281905946834712));
#9463=CARTESIAN_POINT('',(0.00446448096195891,0.00753073761680342,0.0032838890392108));
#9464=CARTESIAN_POINT('',(0.00424030355683157,0.0071525551027529,0.00376608203830865));
#9465=CARTESIAN_POINT('',(0.00401595494342775,0.0067742585061417,0.00424797661162275));
#9466=CARTESIAN_POINT('',(0.0037923066490482,0.00639649322848471,0.00473086095754959));
#9467=CARTESIAN_POINT('',(0.00356589390163765,0.00601649236068453,0.00521038160369779));
#9468=CARTESIAN_POINT('',(0.00335421877984978,0.00565241162583994,0.00569242501576709));
#9469=CARTESIAN_POINT('',(0.00320791548616505,0.00540660524317676,0.00600327398616216));
#9470=CARTESIAN_POINT('',(0.00313684207963186,0.00528726918562846,0.00615399418320329));
#9471=CARTESIAN_POINT('',(0.00485189733789182,0.00820466164593729,0.00232196734432528));
#9472=CARTESIAN_POINT('',(0.00478569296584013,0.00809270851071493,0.00246608799735319));
#9473=CARTESIAN_POINT('',(0.00464531645676474,0.00785532884599899,0.0027716737810939));
#9474=CARTESIAN_POINT('',(0.00443077271966072,0.00749253932640278,0.00323869640409317));
#9475=CARTESIAN_POINT('',(0.00420822409861906,0.00711620708791826,0.0037230609642446));
#9476=CARTESIAN_POINT('',(0.00398580859487317,0.00674009886832923,0.00420755981053368));
#9477=CARTESIAN_POINT('',(0.00376293571919881,0.00636323039437436,0.00469145700568596));
#9478=CARTESIAN_POINT('',(0.00354165368398607,0.00598900250713344,0.00517784262791474));
#9479=CARTESIAN_POINT('',(0.0033190302623156,0.00561267376122906,0.00564529453639906));
#9480=CARTESIAN_POINT('',(0.00317557927306087,0.00537007565684239,0.00595996105208658));
#9481=CARTESIAN_POINT('',(0.00310602623345336,0.00525244911557394,0.00611271556727084));
#9482=CARTESIAN_POINT('',(0.00483090488998216,0.00817772127500157,0.00229161141175204));
#9483=CARTESIAN_POINT('',(0.00476498872468134,0.0080661383414626,0.00243614562917525));
#9484=CARTESIAN_POINT('',(0.00462522335567269,0.0078295435005189,0.00274260868551084));
#9485=CARTESIAN_POINT('',(0.00441161487608737,0.00746794942627721,0.00321098327609674));
#9486=CARTESIAN_POINT('',(0.00419002726200989,0.00709285715113665,0.00369672108421214));
#9487=CARTESIAN_POINT('',(0.00396861846313621,0.0067180162622331,0.00418266467996233));
#9488=CARTESIAN_POINT('',(0.00374656626304583,0.00634228695230708,0.00466777912841314));
#9489=CARTESIAN_POINT('',(0.00352683899498333,0.00596974013615681,0.00515614415942394));
#9490=CARTESIAN_POINT('',(0.00330299908128168,0.00559299179681096,0.00562285902164744));
#9491=CARTESIAN_POINT('',(0.00316046952744722,0.00535141644032786,0.00593872370927286));
#9492=CARTESIAN_POINT('',(0.00309138690370954,0.00523430371989349,0.00609208237097971));
#9493=CARTESIAN_POINT('',(0.00480419036079358,0.00814135275126174,0.00225194549380934));
#9494=CARTESIAN_POINT('',(0.00473863862102091,0.00803026595681664,0.00239701548811163));
#9495=CARTESIAN_POINT('',(0.00459964580551408,0.00779472288645177,0.00270461495724672));
#9496=CARTESIAN_POINT('',(0.00438721333024587,0.00743472968806551,0.00317473777739458));
#9497=CARTESIAN_POINT('',(0.00416689125051546,0.00706136075170678,0.00366232527683818));
#9498=CARTESIAN_POINT('',(0.00394657405148955,0.00668800555068228,0.00414989769186392));
#9499=CARTESIAN_POINT('',(0.00372624291998585,0.00631462300510764,0.00463750323998997));
#9500=CARTESIAN_POINT('',(0.00350594497125469,0.00594129853508241,0.00512503461130941));
#9501=CARTESIAN_POINT('',(0.00328984940033943,0.00557509126792632,0.0056032696800419));
#9502=CARTESIAN_POINT('',(0.00314719927646653,0.00533335130948775,0.00591896233348655));
#9503=CARTESIAN_POINT('',(0.00307798730720858,0.00521606228824773,0.00607213223685015));
#9504=CARTESIAN_POINT('',(0.0048019849746311,0.00813835039106893,0.00224867092116255));
#9505=CARTESIAN_POINT('',(0.00473646331957419,0.00802730455479624,0.00239378514588743));
#9506=CARTESIAN_POINT('',(0.00459753428130223,0.00779184831209972,0.00270147843022866));
#9507=CARTESIAN_POINT('',(0.00438519888967078,0.0074319872721144,0.00317174557338734));
#9508=CARTESIAN_POINT('',(0.0041649812846222,0.00705876060393775,0.0036594857718971));
#9509=CARTESIAN_POINT('',(0.00394475420132254,0.00668552805210789,0.00414719265215956));
#9510=CARTESIAN_POINT('',(0.00372456515058766,0.00631233924087124,0.00463500385005449));
#9511=CARTESIAN_POINT('',(0.0035042200899931,0.0059389505725559,0.0051224663995903));
#9512=CARTESIAN_POINT('',(0.00328876384407953,0.00557361351106882,0.00560165250526019));
#9513=CARTESIAN_POINT('',(0.0031461037666906,0.00533185996411172,0.0059173309566278));
#9514=CARTESIAN_POINT('',(0.00307688111946717,0.00521455638856852,0.00607048527727103));
#9515=CARTESIAN_POINT('',(0.00479977958846863,0.00813534803087612,0.00224539634851577));
#9516=CARTESIAN_POINT('',(0.00473428801812746,0.00802434315277583,0.00239055480366323));
#9517=CARTESIAN_POINT('',(0.00459542275709038,0.00778897373774767,0.00269834190321061));
#9518=CARTESIAN_POINT('',(0.00438318444909569,0.00742924485616329,0.00316875336938009));
#9519=CARTESIAN_POINT('',(0.00416307131872894,0.00705616045616871,0.00365664626695601));
#9520=CARTESIAN_POINT('',(0.00394293435115553,0.0066830505535335,0.00414448761245521));
#9521=CARTESIAN_POINT('',(0.00372288738118946,0.00631005547663484,0.004632504460119));
#9522=CARTESIAN_POINT('',(0.00350249520873151,0.00593660261002939,0.00511989818787119));
#9523=CARTESIAN_POINT('',(0.00328767828781963,0.00557213575421132,0.00560003533047849));
#9524=CARTESIAN_POINT('',(0.00314500825691467,0.0053303686187357,0.00591569957976905));
#9525=CARTESIAN_POINT('',(0.00307577493172576,0.00521305048888931,0.00606883831769191));
#9526=CARTESIAN_POINT('',(0.00479757420230615,0.0081323456706833,0.00224212177586898));
#9527=CARTESIAN_POINT('',(0.00473211271668073,0.00802138175075543,0.00238732446143903));
#9528=CARTESIAN_POINT('',(0.00459331123287853,0.00778609916339562,0.00269520537619255));
#9529=CARTESIAN_POINT('',(0.0043811700085206,0.00742650244021218,0.00316576116537285));
#9530=CARTESIAN_POINT('',(0.00416116135283568,0.00705356030839968,0.00365380676201493));
#9531=CARTESIAN_POINT('',(0.00394111450098852,0.00668057305495911,0.00414178257275085));
#9532=CARTESIAN_POINT('',(0.00372120961179127,0.00630777171239845,0.00463000507018352));
#9533=CARTESIAN_POINT('',(0.00350077032746992,0.00593425464750288,0.00511732997615208));
#9534=CARTESIAN_POINT('',(0.00328659273155973,0.00557065799735383,0.00559841815569678));
#9535=CARTESIAN_POINT('',(0.00314391274713874,0.00532887727335967,0.00591406820291031));
#9536=CARTESIAN_POINT('',(0.00307466874398435,0.0052115445892101,0.00606719135811279));
#9537=CARTESIAN_POINT('',(0.00496823544402139,0.00729602290842437,0.00522279408713123));
#9538=CARTESIAN_POINT('',(8.38803325314474E-5,0.000132651323057875,-0.00715454934158813));
#9539=CARTESIAN_POINT('',(0.00540368300915252,0.00697969638873807,0.00522276117126156));
#9540=CARTESIAN_POINT('',(0.0062582980154326,0.00708485851316359,0.00225196675605712));
#9541=CARTESIAN_POINT('',(0.00617290372038864,0.00698818616201748,0.00239703861497261));
#9542=CARTESIAN_POINT('',(0.00599183858363858,0.00678320764456465,0.00270464065155936));
#9543=CARTESIAN_POINT('',(0.0057151464013252,0.0064699713178351,0.00317469953952511));
#9544=CARTESIAN_POINT('',(0.00542809641412246,0.00614500991076984,0.00366235437718064));
#9545=CARTESIAN_POINT('',(0.00514110661715465,0.0058201152185562,0.00414990839757574));
#9546=CARTESIAN_POINT('',(0.00485408508755351,0.00549518651680209,0.00463751349399863));
#9547=CARTESIAN_POINT('',(0.00456712688320544,0.00517032948085464,0.00512501191571205));
#9548=CARTESIAN_POINT('',(0.00428562857550112,0.00485165434865419,0.00560323413637834));
#9549=CARTESIAN_POINT('',(0.00409982070103807,0.00464130608739564,0.00591889402047866));
#9550=CARTESIAN_POINT('',(0.0040096788388274,0.00453925881409532,0.00607203162172663));
#9551=CARTESIAN_POINT('',(0.00630029012294062,0.00714329530829627,0.00231522913218366));
#9552=CARTESIAN_POINT('',(0.00621431952960903,0.00704582085201487,0.00245943989291729));
#9553=CARTESIAN_POINT('',(0.00603203267959317,0.00683914198275338,0.00276521602982483));
#9554=CARTESIAN_POINT('',(0.00575348068579337,0.00652331892394156,0.00323248237785693));
#9555=CARTESIAN_POINT('',(0.00546449203648594,0.00619565867616306,0.00371724592587171));
#9556=CARTESIAN_POINT('',(0.0051755799223068,0.00586808801427072,0.00420188698752769));
#9557=CARTESIAN_POINT('',(0.00488659416140984,0.00554043246414876,0.00468665312946639));
#9558=CARTESIAN_POINT('',(0.00459771868313363,0.00521290566332683,0.0051712258095376));
#9559=CARTESIAN_POINT('',(0.00431432868249715,0.00489159527337241,0.00564659420272694));
#9560=CARTESIAN_POINT('',(0.00412727591494853,0.00467951418199205,0.00596036801344963));
#9561=CARTESIAN_POINT('',(0.0040365301627647,0.00457662634241804,0.00611259058292278));
#9562=CARTESIAN_POINT('',(0.00633494994449843,0.00720130442288255,0.00237522145713893));
#9563=CARTESIAN_POINT('',(0.00624850658350808,0.00710303888874292,0.00251861623209457));
#9564=CARTESIAN_POINT('',(0.0060652173824842,0.00689468288018851,0.00282266223461084));
#9565=CARTESIAN_POINT('',(0.00578513602142619,0.00657630345894315,0.0032872857511458));
#9566=CARTESIAN_POINT('',(0.00549455901078517,0.00624598570214334,0.00376930957969373));
#9567=CARTESIAN_POINT('',(0.00520406788297817,0.00591577031507605,0.00425119335010215));
#9568=CARTESIAN_POINT('',(0.00491347138285856,0.00558543176169346,0.00473325755368358));
#9569=CARTESIAN_POINT('',(0.0046230126319837,0.00525525560645341,0.00521508245136461));
#9570=CARTESIAN_POINT('',(0.00433807336559701,0.00493135068075888,0.00568775325810007));
#9571=CARTESIAN_POINT('',(0.00414999243499861,0.00471754970697222,0.00599974910403408));
#9572=CARTESIAN_POINT('',(0.00405874780987127,0.00461382739328758,0.00615110915659528));
#9573=CARTESIAN_POINT('',(0.00639102420958193,0.00731943113233928,0.00249129848454872));
#9574=CARTESIAN_POINT('',(0.00630382137386205,0.00721956040972468,0.00263310261705108));
#9575=CARTESIAN_POINT('',(0.00611892089316071,0.00700779945394472,0.0029337762746505));
#9576=CARTESIAN_POINT('',(0.00583634911547548,0.00668417461896416,0.00339325729964724));
#9577=CARTESIAN_POINT('',(0.00554322599531599,0.00634846741976988,0.00386991688685346));
#9578=CARTESIAN_POINT('',(0.00525016691266399,0.0060128341426532,0.00434646104706497));
#9579=CARTESIAN_POINT('',(0.00495700292868152,0.00567707627178832,0.00482318161761719));
#9580=CARTESIAN_POINT('',(0.0046639511271206,0.00534145259710835,0.00529971038906804));
#9581=CARTESIAN_POINT('',(0.00437651589390836,0.00501226097003024,0.00576711588052978));
#9582=CARTESIAN_POINT('',(0.00418676151962322,0.00479494054733676,0.00607567839901555));
#9583=CARTESIAN_POINT('',(0.00409470469647258,0.00468951042088558,0.00622537339732822));
#9584=CARTESIAN_POINT('',(0.00641813203273859,0.00738694728928797,0.00255602074599872));
#9585=CARTESIAN_POINT('',(0.00633056233376725,0.00728615930333792,0.00269693429298356));
#9586=CARTESIAN_POINT('',(0.00614488372126215,0.00707245327806042,0.00299572074894329));
#9587=CARTESIAN_POINT('',(0.00586111512342724,0.00674585136732471,0.00345235240892972));
#9588=CARTESIAN_POINT('',(0.00556676687821285,0.00640707159505981,0.00392600895489662));
#9589=CARTESIAN_POINT('',(0.00527246590978168,0.00606834668198815,0.00439958628790858));
#9590=CARTESIAN_POINT('',(0.00497808101360976,0.00572952263958338,0.00487330462373963));
#9591=CARTESIAN_POINT('',(0.00468376725270861,0.00539078262738303,0.00534689930095426));
#9592=CARTESIAN_POINT('',(0.00439512869899294,0.00505857434076804,0.00581136592445496));
#9593=CARTESIAN_POINT('',(0.00420456221549177,0.00483924246691084,0.00611801959318061));
#9594=CARTESIAN_POINT('',(0.00411211116765317,0.00473283624046733,0.00626678896315873));
#9595=CARTESIAN_POINT('',(0.00647323942082174,0.00754822441561055,0.0027077807290175));
#9596=CARTESIAN_POINT('',(0.0063849216146593,0.00744524053197806,0.00284661919325369));
#9597=CARTESIAN_POINT('',(0.00619765632379873,0.0072268777972481,0.00314100622983892));
#9598=CARTESIAN_POINT('',(0.00591144993833881,0.00689314004495284,0.00359092905095335));
#9599=CARTESIAN_POINT('',(0.00561460433948045,0.00654700067767096,0.00405758102120311));
#9600=CARTESIAN_POINT('',(0.00531777820179826,0.00620088163384621,0.00452420266740898));
#9601=CARTESIAN_POINT('',(0.00502090902955458,0.00585471408661983,0.00499089587220759));
#9602=CARTESIAN_POINT('',(0.00472403569137139,0.00550853744508441,0.0054575924373056));
#9603=CARTESIAN_POINT('',(0.00443295112171632,0.00516911529361499,0.00591518967518698));
#9604=CARTESIAN_POINT('',(0.00424073825893591,0.0049449802722079,0.00621735432342691));
#9605=CARTESIAN_POINT('',(0.00414748806273428,0.00483624330803053,0.00636394652787481));
#9606=CARTESIAN_POINT('',(0.00650020625062823,0.00765318349079423,0.00280381689354008));
#9607=CARTESIAN_POINT('',(0.00641151058702968,0.00754875219645031,0.00294135437927077));
#9608=CARTESIAN_POINT('',(0.00622344526021706,0.00732732234757286,0.00323298181907455));
#9609=CARTESIAN_POINT('',(0.0059360510474136,0.00698895471964873,0.0036786551013581));
#9610=CARTESIAN_POINT('',(0.00563795314308876,0.00663797028863813,0.00414090043753314));
#9611=CARTESIAN_POINT('',(0.00533988646714421,0.00628703577958689,0.004603121660772));
#9612=CARTESIAN_POINT('',(0.00504177744454744,0.005936036687684,0.00506538430840165));
#9613=CARTESIAN_POINT('',(0.00474365962584395,0.00558503524585794,0.00552768009618421));
#9614=CARTESIAN_POINT('',(0.00445136122122856,0.00524088422509501,0.00598093749636296));
#9615=CARTESIAN_POINT('',(0.00425834836184824,0.00501363345469782,0.00628024545122941));
#9616=CARTESIAN_POINT('',(0.00416471007599367,0.00490338500870552,0.00642545188156377));
#9617=CARTESIAN_POINT('',(0.00656801518065876,0.00799198615261878,0.00311111331799178));
#9618=CARTESIAN_POINT('',(0.00647838706433541,0.00788293292475883,0.00324448881489937));
#9619=CARTESIAN_POINT('',(0.00628834527047504,0.00765170241975491,0.00352728804860057));
#9620=CARTESIAN_POINT('',(0.00599795041868812,0.00729834070578082,0.00395936908664467));
#9621=CARTESIAN_POINT('',(0.00569670513069941,0.00693181492157048,0.00440766222415706));
#9622=CARTESIAN_POINT('',(0.0053955191794802,0.00656532564085468,0.00485580583992643));
#9623=CARTESIAN_POINT('',(0.00509428576532043,0.00619881980737455,0.00530408941785104));
#9624=CARTESIAN_POINT('',(0.00479307822943245,0.00583231190666983,0.00575228051383895));
#9625=CARTESIAN_POINT('',(0.00449772777686365,0.0054729525009043,0.00619177119335278));
#9626=CARTESIAN_POINT('',(0.00430271852264588,0.0052356680367868,0.00648194230639259));
#9627=CARTESIAN_POINT('',(0.00420811196291532,0.00512055196310137,0.00662271545952694));
#9628=CARTESIAN_POINT('',(0.00658354905510614,0.00822225141175986,0.00331563774150706));
#9629=CARTESIAN_POINT('',(0.00649373076013955,0.00811009172100281,0.00344618748423992));
#9630=CARTESIAN_POINT('',(0.00630328209019639,0.00787226715520041,0.00372299934095857));
#9631=CARTESIAN_POINT('',(0.006012155871763,0.00750860865675958,0.00414605726068882));
#9632=CARTESIAN_POINT('',(0.00571029140363551,0.0071316669586249,0.00458481831733513));
#9633=CARTESIAN_POINT('',(0.00540835838125681,0.00675454843574314,0.00502361208083592));
#9634=CARTESIAN_POINT('',(0.00510662371823783,0.00637779776862085,0.00546219832804085));
#9635=CARTESIAN_POINT('',(0.0048046565379057,0.00600065333296041,0.00590105663146125));
#9636=CARTESIAN_POINT('',(0.00450857129972499,0.00563089450291591,0.00633139354168361));
#9637=CARTESIAN_POINT('',(0.0043131047513183,0.0053867742423488,0.00661547556934537));
#9638=CARTESIAN_POINT('',(0.00421827671869333,0.00526834227350029,0.00675329405728507));
#9639=CARTESIAN_POINT('',(0.00657781719374676,0.00849626992813266,0.00355812687597506));
#9640=CARTESIAN_POINT('',(0.00648806513338991,0.00838034123871809,0.00368537366539243));
#9641=CARTESIAN_POINT('',(0.00629776049889064,0.00813453336057829,0.00395517969574964));
#9642=CARTESIAN_POINT('',(0.0060069628785354,0.00775892437056997,0.00436745829101313));
#9643=CARTESIAN_POINT('',(0.00570531181529257,0.00736929588327541,0.00479512584148079));
#9644=CARTESIAN_POINT('',(0.00540371217349941,0.00697973423638064,0.00522271926827526));
#9645=CARTESIAN_POINT('',(0.00510203400215805,0.00659007009202651,0.00565042736105104));
#9646=CARTESIAN_POINT('',(0.00480044404958964,0.00620052212713728,0.00607800516570073));
#9647=CARTESIAN_POINT('',(0.00450447581199047,0.00581822788417468,0.00649762559266368));
#9648=CARTESIAN_POINT('',(0.00430919590641478,0.00556599456440893,0.00677448388159146));
#9649=CARTESIAN_POINT('',(0.0042144599068307,0.00544362885730129,0.00690879584341519));
#9650=CARTESIAN_POINT('',(0.,0.,0.00584803390593274));
#9651=CARTESIAN_POINT('',(0.,0.,0.002));
#9652=CARTESIAN_POINT('',(0.0078490968041361,0.00463169074643328,0.00200279509074903));
#9653=CARTESIAN_POINT('',(0.00836054533969903,0.00362750188262031,0.00200301617344234));
#9654=CARTESIAN_POINT('',(0.00646293870310052,0.00381376829705143,0.00392438009641047));
#9655=CARTESIAN_POINT('',(0.00507427584106092,0.00299430346198935,0.00584967957822384));
#9656=CARTESIAN_POINT('',(0.,0.,0.00584803390593274));
#9657=CARTESIAN_POINT('',(0.00540504093768126,0.00234515336674246,0.00584968450963297));
#9658=CARTESIAN_POINT('',(0.00836055300352469,0.00362748735836416,0.00200301722003453));
#9659=CARTESIAN_POINT('',(0.,0.,0.00193670395716381));
#9660=CARTESIAN_POINT('',(0.00784673491147327,0.0046303537744238,0.00200603320155829));
#9661=CARTESIAN_POINT('',(0.00810532231212827,0.00478292845163452,0.00229899864202097));
#9662=CARTESIAN_POINT('',(0.00683228637286281,0.00603518379086582,0.002));
#9663=CARTESIAN_POINT('',(0.00721537492822789,0.00560149845382905,0.002));
#9664=CARTESIAN_POINT('',(0.00755703793920912,0.0051312374597657,0.002));
#9665=CARTESIAN_POINT('',(0.00785111411085467,0.00463288114337883,0.002));
#9666=CARTESIAN_POINT('',(0.00705353514800538,0.00623059412418082,0.00229899899817791));
#9667=CARTESIAN_POINT('',(0.00705351626701261,0.00623061549925249,0.00229899899824227));
#9668=CARTESIAN_POINT('',(0.00847817066728232,0.0065638047216289,0.00357799385117149));
#9669=CARTESIAN_POINT('',(0.00822091138959385,0.00655870366607727,0.0033764578529231));
#9670=CARTESIAN_POINT('',(0.00771432834794487,0.00651312359997558,0.00296493589200745));
#9671=CARTESIAN_POINT('',(0.00724562324187586,0.00636732882748843,0.00252780246888963));
#9672=CARTESIAN_POINT('',(0.00705351765162693,0.00623061288894624,0.0022989983245951));
#9673=CARTESIAN_POINT('',(0.00847817259239611,0.00656380621205072,0.00357799622678003));
#9674=CARTESIAN_POINT('',(0.00847797796350291,0.00656365490735601,0.00357775568272587));
#9675=CARTESIAN_POINT('',(0.0086116249151192,0.0063913936525335,0.00357797341427741));
#9676=CARTESIAN_POINT('',(0.00873967184527353,0.00621506584590712,0.00357792386145269));
#9677=CARTESIAN_POINT('',(0.00886211667552766,0.00603466997884621,0.00357760450081334));
#9678=CARTESIAN_POINT('',(0.00886244916728792,0.00603489496619866,0.00357799622678003));
#9679=CARTESIAN_POINT('',(0.00810532380226513,0.00478292646713103,0.00229899891016727));
#9680=CARTESIAN_POINT('',(0.00829440806315004,0.00492315553742473,0.0025274350022649));
#9681=CARTESIAN_POINT('',(0.0085785081184922,0.00532520529253159,0.00296575627883384));
#9682=CARTESIAN_POINT('',(0.00877813695591096,0.00579189574770995,0.00337654066046555));
#9683=CARTESIAN_POINT('',(0.00886244733022984,0.00603489076596683,0.00357799243837139));
#9684=CARTESIAN_POINT('',(0.,0.,0.00580711639365242));
#9685=CARTESIAN_POINT('',(0.00523965610004809,0.00309191059781325,0.00604132020851931));
#9686=CARTESIAN_POINT('',(0.00548429128088334,0.00327329684360157,0.00633684824942208));
#9687=CARTESIAN_POINT('',(0.00562005659719275,0.0035869772673761,0.00660758550399951));
#9688=CARTESIAN_POINT('',(0.00572909868380474,0.00390123516926583,0.00686812176216144));
#9689=CARTESIAN_POINT('',(0.00523965637667762,0.00309191012884064,0.00604132020842667));
#9690=CARTESIAN_POINT('',(0.00572909990191161,0.00390123784914757,0.0068681242163913));
#9691=CARTESIAN_POINT('',(0.00548122272295747,0.00424355290641167,0.00686877889194116));
#9692=CARTESIAN_POINT('',(0.00556684608539948,0.00413161964620417,0.00686798020414157));
#9693=CARTESIAN_POINT('',(0.00564947650657984,0.00401751787140581,0.00686776743920725));
#9694=CARTESIAN_POINT('',(0.00572911301773613,0.00390124688221779,0.00686813975559412));
#9695=CARTESIAN_POINT('',(0.00548068753837854,0.00424314818835819,0.0068681242163913));
#9696=CARTESIAN_POINT('',(0.00548068469874885,0.00424314598992242,0.00686812071226371));
#9697=CARTESIAN_POINT('',(0.00514817898844007,0.00423655120995728,0.00660763583669863));
#9698=CARTESIAN_POINT('',(0.00480752330247118,0.00420414986687685,0.0063364843110666));
#9699=CARTESIAN_POINT('',(0.0045597241264774,0.00402775656675023,0.00604132019881119));
#9700=CARTESIAN_POINT('',(0.00455972458098443,0.00402775577221001,0.00604132001793273));
#9701=CARTESIAN_POINT('',(0.00455972533541699,0.00402775491812592,0.00604132001792676));
#9702=CARTESIAN_POINT('',(0.00451121921724765,0.00398490876462188,0.00597816929224917));
#9703=CARTESIAN_POINT('',(0.00446271309907822,0.00394206261111777,0.00591501856657167));
#9704=CARTESIAN_POINT('',(0.00441420698090879,0.00389921645761365,0.00585186784089419));
#9705=CARTESIAN_POINT('',(0.0050758138673558,0.00299521408088668,0.00584803390593274));
#9706=CARTESIAN_POINT('',(0.00488639516354116,0.00331514039480505,0.00584803390593274));
#9707=CARTESIAN_POINT('',(0.00466279282596929,0.00362295384096933,0.00584803390593274));
#9708=CARTESIAN_POINT('',(0.0044171732606445,0.00390182610324767,0.00584803390593274));
#9709=CARTESIAN_POINT('',(0.00507243164608143,0.00299323867171302,0.00585186190130036));
#9710=CARTESIAN_POINT('',(0.00512817170537015,0.00302613172911872,0.00591501467032428));
#9711=CARTESIAN_POINT('',(0.00518391176465885,0.00305902478652441,0.00597816743934832));
#9712=CARTESIAN_POINT('',(0.00523965182394745,0.00309191784393004,0.00604132020837238));
#9713=CARTESIAN_POINT('',(0.00656854851515196,0.00387609824035483,0.00404802241991509));
#9714=CARTESIAN_POINT('',(0.00668797078078987,0.00394655369094142,0.0041499428962571));
#9715=CARTESIAN_POINT('',(0.00571503836740864,0.00504827011078841,0.00404669388945717));
#9716=CARTESIAN_POINT('',(0.00582010140877124,0.00514109389519137,0.00414992920057475));
#9717=CARTESIAN_POINT('',(0.00849626959501873,0.00657781673568059,0.00355812808354474));
#9718=CARTESIAN_POINT('',(0.00838034784292061,0.00648806991783623,0.00368536713406001));
#9719=CARTESIAN_POINT('',(0.00813455403023213,0.00629777592363529,0.00395515748453597));
#9720=CARTESIAN_POINT('',(0.0077589263036201,0.00600696411027649,0.0043674569507877));
#9721=CARTESIAN_POINT('',(0.00736932771600392,0.00570533559328926,0.00479509112771454));
#9722=CARTESIAN_POINT('',(0.00697967790922475,0.00540366949586639,0.00522278278564103));
#9723=CARTESIAN_POINT('',(0.00659009059386805,0.00510204929212622,0.00565040489460085));
#9724=CARTESIAN_POINT('',(0.0062004693100469,0.00480040412917958,0.00607806429313137));
#9725=CARTESIAN_POINT('',(0.00581824616630513,0.00450448905748259,0.00649760530219737));
#9726=CARTESIAN_POINT('',(0.00556597975579159,0.00430918367750412,0.00677449999279248));
#9727=CARTESIAN_POINT('',(0.00544358406126905,0.00421442455060402,0.00690884492211732));
#9728=CARTESIAN_POINT('',(0.00835852774993745,0.00658082192225536,0.00343591796673797));
#9729=CARTESIAN_POINT('',(0.00824448423055564,0.00649103578505891,0.0035648192196999));
#9730=CARTESIAN_POINT('',(0.00800267252944313,0.00630065703209713,0.0038381372607641));
#9731=CARTESIAN_POINT('',(0.0076331187389744,0.00600967379538958,0.00425592596342808));
#9732=CARTESIAN_POINT('',(0.00724986137954171,0.00570790772546602,0.00468918450510033));
#9733=CARTESIAN_POINT('',(0.00686652575098436,0.00540610185689296,0.00512248334660754));
#9734=CARTESIAN_POINT('',(0.00648334114902224,0.00510438462779132,0.00555567697154162));
#9735=CARTESIAN_POINT('',(0.0060999820400347,0.00480256418357367,0.00598899183959547));
#9736=CARTESIAN_POINT('',(0.00572408473385941,0.00450658387747334,0.00641395777752994));
#9737=CARTESIAN_POINT('',(0.00547589203388277,0.00431117825408776,0.00669449616665421));
#9738=CARTESIAN_POINT('',(0.00535547146750244,0.00421636971623872,0.00683060981780093));
#9739=CARTESIAN_POINT('',(0.00824090728475561,0.00657868590117234,0.00333180171402541));
#9740=CARTESIAN_POINT('',(0.00812846063076911,0.006488921614815,0.00346213426986397));
#9741=CARTESIAN_POINT('',(0.00789003500887324,0.00629859002885204,0.00373848539260672));
#9742=CARTESIAN_POINT('',(0.00752566126509082,0.00600770409342529,0.00416085589020909));
#9743=CARTESIAN_POINT('',(0.00714773774829697,0.00570599759861773,0.0045989383488999));
#9744=CARTESIAN_POINT('',(0.00676982077557229,0.00540431223835684,0.00503697174962047));
#9745=CARTESIAN_POINT('',(0.00639191359967562,0.00510261719532206,0.00547503937122977));
#9746=CARTESIAN_POINT('',(0.00601396093797029,0.00480091023159706,0.00591309661992498));
#9747=CARTESIAN_POINT('',(0.00564338972076762,0.00450505295510625,0.00634270593418054));
#9748=CARTESIAN_POINT('',(0.00539867593736272,0.00430970505628173,0.00662633704999367));
#9749=CARTESIAN_POINT('',(0.00527994279516008,0.00421492420759836,0.00676395162412121));
#9750=CARTESIAN_POINT('',(0.00800114419848345,0.00656099750520501,0.00311792060795745));
#9751=CARTESIAN_POINT('',(0.0078919686529916,0.0064714712119755,0.0032511824888189));
#9752=CARTESIAN_POINT('',(0.00766047868279769,0.00628164492432232,0.00353374252703421));
#9753=CARTESIAN_POINT('',(0.00730669756638147,0.0059915514571006,0.00396553353068814));
#9754=CARTESIAN_POINT('',(0.00693970433633968,0.00569062599964281,0.00441344694760009));
#9755=CARTESIAN_POINT('',(0.00657282109512745,0.00538977630492439,0.0048612625139844));
#9756=CARTESIAN_POINT('',(0.00620579343050922,0.00508882263079416,0.00530922288959747));
#9757=CARTESIAN_POINT('',(0.00583887226880428,0.0047879445266403,0.00575707894276256));
#9758=CARTESIAN_POINT('',(0.00547907483567535,0.00449290066415255,0.00619625158751782));
#9759=CARTESIAN_POINT('',(0.00524148427290803,0.00429807325161855,0.00648625363584137));
#9760=CARTESIAN_POINT('',(0.00512620737523126,0.00420354471308802,0.00662696008727846));
#9761=CARTESIAN_POINT('',(0.00787388050632616,0.00654464535476363,0.00300405008342864));
#9762=CARTESIAN_POINT('',(0.00776644283492407,0.00645534403484635,0.00313886093626255));
#9763=CARTESIAN_POINT('',(0.00753863809265542,0.00626599474728375,0.00342470560472341));
#9764=CARTESIAN_POINT('',(0.00719049907701963,0.00597662962766279,0.00386152468093972));
#9765=CARTESIAN_POINT('',(0.00682937220718002,0.00567646792334412,0.00431464758098127));
#9766=CARTESIAN_POINT('',(0.00646831680959104,0.00537636494887068,0.00476767954406139));
#9767=CARTESIAN_POINT('',(0.00610717527511421,0.00507618975062809,0.00522082700758023));
#9768=CARTESIAN_POINT('',(0.00574607601034646,0.00477605410205668,0.00567390623338786));
#9769=CARTESIAN_POINT('',(0.005391998632964,0.00448173142564484,0.00611823599197008));
#9770=CARTESIAN_POINT('',(0.00515818155011585,0.00428738646804857,0.00641162042056239));
#9771=CARTESIAN_POINT('',(0.00504473546192779,0.00419309209672998,0.00655396766122709));
#9772=CARTESIAN_POINT('',(0.00765788775156972,0.00650128893646586,0.00280819243829584));
#9773=CARTESIAN_POINT('',(0.0075533976253023,0.00641258099841874,0.00294567119834785));
#9774=CARTESIAN_POINT('',(0.00733184328426377,0.00622449007460774,0.00323717306284499));
#9775=CARTESIAN_POINT('',(0.00699327426405103,0.00593705377832642,0.00368264722444761));
#9776=CARTESIAN_POINT('',(0.00664209365787333,0.00563891144673396,0.0041447101794328));
#9777=CARTESIAN_POINT('',(0.00629093881248674,0.0053407932808419,0.00460673504061113));
#9778=CARTESIAN_POINT('',(0.00593978034099722,0.00504266606601015,0.00506877913154592));
#9779=CARTESIAN_POINT('',(0.0055885582120913,0.00474450368534597,0.00553085041084834));
#9780=CARTESIAN_POINT('',(0.00524421644626632,0.00445212977289826,0.00598405404435135));
#9781=CARTESIAN_POINT('',(0.00501679661429803,0.00425906608500457,0.00628325104742266));
#9782=CARTESIAN_POINT('',(0.00490645398932822,0.00416539329910241,0.00642841785976622));
#9783=CARTESIAN_POINT('',(0.00756267743875862,0.00647673719098817,0.00272087726720114));
#9784=CARTESIAN_POINT('',(0.00745949003765673,0.00638836634277209,0.00285954362803801));
#9785=CARTESIAN_POINT('',(0.00724069729691451,0.00620098984399231,0.00315356369734923));
#9786=CARTESIAN_POINT('',(0.00690632981199779,0.00591463566628048,0.00360288878548258));
#9787=CARTESIAN_POINT('',(0.00655953705079368,0.00561762944283799,0.00406895477416592));
#9788=CARTESIAN_POINT('',(0.00621268353582701,0.00532061319836177,0.00453492867964297));
#9789=CARTESIAN_POINT('',(0.0058661219132172,0.0050236921761067,0.00500116594621433));
#9790=CARTESIAN_POINT('',(0.00551844272622583,0.00472638244093278,0.00546647122943406));
#9791=CARTESIAN_POINT('',(0.00518138366591002,0.00443609733737708,0.00592642684826719));
#9792=CARTESIAN_POINT('',(0.00495637546353302,0.00424362467710038,0.00622782584501009));
#9793=CARTESIAN_POINT('',(0.00484717049216114,0.00415022798344242,0.00637403050335717));
#9794=CARTESIAN_POINT('',(0.00740242162970592,0.00642407163469047,0.00257076964232205));
#9795=CARTESIAN_POINT('',(0.00730141979253046,0.0063364187606892,0.00271148706165868));
#9796=CARTESIAN_POINT('',(0.00708726117431858,0.00615056449662979,0.00300985657662019));
#9797=CARTESIAN_POINT('',(0.00675997501398844,0.00586653311756369,0.00346584365211275));
#9798=CARTESIAN_POINT('',(0.00642048655932045,0.00557191923698371,0.00393879936124513));
#9799=CARTESIAN_POINT('',(0.0060810842810298,0.00527735169278551,0.00441175977779202));
#9800=CARTESIAN_POINT('',(0.00574143317746867,0.0049826772540529,0.0048845972955845));
#9801=CARTESIAN_POINT('',(0.00540256933789457,0.00468827953875152,0.00535808719851643));
#9802=CARTESIAN_POINT('',(0.00506744469126642,0.00439862193449934,0.0058199298482121));
#9803=CARTESIAN_POINT('',(0.00484794128528846,0.00420796661709338,0.00612644682917509));
#9804=CARTESIAN_POINT('',(0.00474146440932494,0.00411547067101628,0.00627518709319472));
#9805=CARTESIAN_POINT('',(0.00733895074684442,0.00639963290310747,0.00251023332112051));
#9806=CARTESIAN_POINT('',(0.00723881140538572,0.00631231077677669,0.00265177854303173));
#9807=CARTESIAN_POINT('',(0.00702648161761146,0.00612715778854432,0.00295190340619098));
#9808=CARTESIAN_POINT('',(0.00670199165008511,0.00584419743622652,0.00341057676427965));
#9809=CARTESIAN_POINT('',(0.00636536469892724,0.00555067661183487,0.00388629651292198));
#9810=CARTESIAN_POINT('',(0.00602897624155014,0.00525727032423297,0.00436213078589741));
#9811=CARTESIAN_POINT('',(0.00569178386315073,0.00496351333720168,0.00483740757904305));
#9812=CARTESIAN_POINT('',(0.00535737185585638,0.00467087863243155,0.00531506550463439));
#9813=CARTESIAN_POINT('',(0.0050194901380198,0.00437999566294925,0.00577443062743413));
#9814=CARTESIAN_POINT('',(0.00480266604475625,0.00419039721037446,0.00608346289511619));
#9815=CARTESIAN_POINT('',(0.00469755005216638,0.00409843930161185,0.00623347974011981));
#9816=CARTESIAN_POINT('',(0.00723470375366163,0.00635118594803389,0.00240817886861874));
#9817=CARTESIAN_POINT('',(0.00713598538049668,0.00626452339354284,0.00255112232464824));
#9818=CARTESIAN_POINT('',(0.00692666818807246,0.00608076879919308,0.00285421183960993));
#9819=CARTESIAN_POINT('',(0.00660677175534475,0.00579994175367613,0.00331741333077242));
#9820=CARTESIAN_POINT('',(0.00627498165213474,0.00550865935177947,0.00379789379709357));
#9821=CARTESIAN_POINT('',(0.00594314130771433,0.00521738819788359,0.00427820926275522));
#9822=CARTESIAN_POINT('',(0.00561158329890042,0.00492615853899033,0.00475900914024981));
#9823=CARTESIAN_POINT('',(0.00527873345350106,0.0046345675854308,0.00523835033221364));
#9824=CARTESIAN_POINT('',(0.00495739907524179,0.00435023327331445,0.00571324714160162));
#9825=CARTESIAN_POINT('',(0.00474201719543917,0.00416146737094727,0.00602377139417902));
#9826=CARTESIAN_POINT('',(0.00463747258205895,0.00406986614861779,0.0061743935179671));
#9827=CARTESIAN_POINT('',(0.00719784256729269,0.00633215766455644,0.0023714653188556));
#9828=CARTESIAN_POINT('',(0.00709962521194099,0.00624575297930805,0.00251490902604694));
#9829=CARTESIAN_POINT('',(0.00689137041681126,0.0060625452446122,0.00281905946834712));
#9830=CARTESIAN_POINT('',(0.00657309961451762,0.00578255659466121,0.0032838890392108));
#9831=CARTESIAN_POINT('',(0.00624302940874808,0.00549215827826381,0.00376608203830865));
#9832=CARTESIAN_POINT('',(0.00591276112078152,0.00520170436917068,0.00424797661162275));
#9833=CARTESIAN_POINT('',(0.00558332306237278,0.00491153936395121,0.00473086095754959));
#9834=CARTESIAN_POINT('',(0.0052505650175482,0.00462010244912501,0.00521038160369779));
#9835=CARTESIAN_POINT('',(0.00493674287924278,0.00433925230371238,0.00569242501576709));
#9836=CARTESIAN_POINT('',(0.00472164182885972,0.00415068674581523,0.00600327398616216));
#9837=CARTESIAN_POINT('',(0.00461717013261691,0.00405915430112182,0.00615399418320329));
#9838=CARTESIAN_POINT('',(0.00714980846128808,0.00630377818999444,0.00232196734432528));
#9839=CARTESIAN_POINT('',(0.00705224894048382,0.00621776270728745,0.00246608799735319));
#9840=CARTESIAN_POINT('',(0.00684538859627665,0.00603537995723871,0.0027716737810939));
#9841=CARTESIAN_POINT('',(0.00652923725013721,0.005756644281385,0.00323869640409317));
#9842=CARTESIAN_POINT('',(0.00620128787668016,0.00546750235965893,0.0037230609642446));
#9843=CARTESIAN_POINT('',(0.00587353433094043,0.00517853235705656,0.00420755981053368));
#9844=CARTESIAN_POINT('',(0.00554511086712869,0.00488898064528417,0.00469145700568596));
#9845=CARTESIAN_POINT('',(0.00521901636867409,0.00460144868397493,0.00517784262791474));
#9846=CARTESIAN_POINT('',(0.0048909969348582,0.00431233319855547,0.00564529453639906));
#9847=CARTESIAN_POINT('',(0.00467959999969987,0.00412593748407729,0.00595996105208658));
#9848=CARTESIAN_POINT('',(0.00457710252791152,0.00403556106676381,0.00611271556727084));
#9849=CARTESIAN_POINT('',(0.0071215184244567,0.00628464339782223,0.00229161141175203));
#9850=CARTESIAN_POINT('',(0.00702434740317242,0.00619889093705464,0.00243614562917525));
#9851=CARTESIAN_POINT('',(0.00681831081159131,0.00601706574610209,0.00274260868551084));
#9852=CARTESIAN_POINT('',(0.00650341836113982,0.00573917799587526,0.00321098327609674));
#9853=CARTESIAN_POINT('',(0.00617676612936395,0.0054509183818838,0.00369672108421214));
#9854=CARTESIAN_POINT('',(0.00585036164357224,0.00516284259347432,0.00418266467996233));
#9855=CARTESIAN_POINT('',(0.0055230707096667,0.00487412068837238,0.00466777912841314));
#9856=CARTESIAN_POINT('',(0.00519897436217741,0.00458770707120654,0.00515614415942394));
#9857=CARTESIAN_POINT('',(0.00486966831418411,0.00429856844542153,0.00562285902164744));
#9858=CARTESIAN_POINT('',(0.00465946376266974,0.00411286068279747,0.00593872370927286));
#9859=CARTESIAN_POINT('',(0.00455757246232955,0.00402282757163827,0.00609208237097971));
#9860=CARTESIAN_POINT('',(0.00708487290549621,0.00625831011984743,0.00225194549380934));
#9861=CARTESIAN_POINT('',(0.00698820178889676,0.00617291690171667,0.00239701548811163));
#9862=CARTESIAN_POINT('',(0.00678322495434078,0.00599185327186563,0.00270461495724672));
#9863=CARTESIAN_POINT('',(0.00646994564830349,0.00571512463973346,0.00317473777739458));
#9864=CARTESIAN_POINT('',(0.00614502955218564,0.00542811294670002,0.00366232527683818));
#9865=CARTESIAN_POINT('',(0.0058201223423453,0.00514111280852508,0.00414989769186392));
#9866=CARTESIAN_POINT('',(0.00549519343200048,0.00485409096950995,0.00463750323998997));
#9867=CARTESIAN_POINT('',(0.00517031402667945,0.00456711410958389,0.00512503461130941));
#9868=CARTESIAN_POINT('',(0.00485163065680313,0.00428560750566242,0.0056032696800419));
#9869=CARTESIAN_POINT('',(0.00464126057156648,0.00409978045546692,0.00591896233348655));
#9870=CARTESIAN_POINT('',(0.00453919177638132,0.00400961964224158,0.00607213223685015));
#9871=CARTESIAN_POINT('',(0.00708184767829263,0.00625613620742515,0.00224867092116255));
#9872=CARTESIAN_POINT('',(0.00698521783072947,0.00617077264614272,0.00239378514588743));
#9873=CARTESIAN_POINT('',(0.00678032848315341,0.00598977188606204,0.00270147843022866));
#9874=CARTESIAN_POINT('',(0.00646718234833333,0.00571313894354463,0.00317174557338734));
#9875=CARTESIAN_POINT('',(0.00614240957682844,0.00542623027114065,0.0036594857718971));
#9876=CARTESIAN_POINT('',(0.00581762597282226,0.00513931893199062,0.00414719265215956));
#9877=CARTESIAN_POINT('',(0.00549289205652129,0.00485243743990792,0.00463500385005449));
#9878=CARTESIAN_POINT('',(0.00516794800679293,0.00456541408214615,0.0051224663995903));
#9879=CARTESIAN_POINT('',(0.00485014157946582,0.00428453753070625,0.00560165250526019));
#9880=CARTESIAN_POINT('',(0.00463975782878974,0.00409870063286727,0.0059173309566278));
#9881=CARTESIAN_POINT('',(0.00453767438072891,0.00400852927734984,0.00607048527727103));
#9882=CARTESIAN_POINT('',(0.00707882245108904,0.00625396229500288,0.00224539634851576));
#9883=CARTESIAN_POINT('',(0.00698223387256217,0.00616862839056878,0.00239055480366323));
#9884=CARTESIAN_POINT('',(0.00677743201196603,0.00598769050025844,0.00269834190321061));
#9885=CARTESIAN_POINT('',(0.00646441904836316,0.00571115324735579,0.00316875336938009));
#9886=CARTESIAN_POINT('',(0.00613978960147123,0.00542434759558127,0.00365664626695601));
#9887=CARTESIAN_POINT('',(0.00581512960329921,0.00513752505545615,0.00414448761245521));
#9888=CARTESIAN_POINT('',(0.00549059068104211,0.0048507839103059,0.004632504460119));
#9889=CARTESIAN_POINT('',(0.00516558198690642,0.0045637140547084,0.00511989818787119));
#9890=CARTESIAN_POINT('',(0.00484865250212852,0.00428346755575009,0.00560003533047849));
#9891=CARTESIAN_POINT('',(0.004638255086013,0.00409762081026762,0.00591569957976906));
#9892=CARTESIAN_POINT('',(0.00453615698507649,0.00400743891245811,0.00606883831769191));
#9893=CARTESIAN_POINT('',(0.00707579722388546,0.00625178838258061,0.00224212177586898));
#9894=CARTESIAN_POINT('',(0.00697924991439488,0.00616648413499483,0.00238732446143903));
#9895=CARTESIAN_POINT('',(0.00677453554077866,0.00598560911445484,0.00269520537619255));
#9896=CARTESIAN_POINT('',(0.006461655748393,0.00570916755116696,0.00316576116537285));
#9897=CARTESIAN_POINT('',(0.00613716962611403,0.0054224649200219,0.00365380676201493));
#9898=CARTESIAN_POINT('',(0.00581263323377617,0.00513573117892169,0.00414178257275085));
#9899=CARTESIAN_POINT('',(0.00548828930556292,0.00484913038070387,0.00463000507018352));
#9900=CARTESIAN_POINT('',(0.0051632159670199,0.00456201402727066,0.00511732997615208));
#9901=CARTESIAN_POINT('',(0.00484716342479121,0.00428239758079393,0.00559841815569678));
#9902=CARTESIAN_POINT('',(0.00463675234323627,0.00409654098766797,0.00591406820291031));
#9903=CARTESIAN_POINT('',(0.00453463958942408,0.00400634854756638,0.00606719135811279));
#9904=CARTESIAN_POINT('',(0.00697966776357715,0.00540366094583714,0.00522279408713123));
#9905=CARTESIAN_POINT('',(0.000120766450033906,0.000100238456971649,-0.00715454934153202));
#9906=CARTESIAN_POINT('',(0.00729605273754542,0.00496825585022781,0.00522276117126156));
#9907=CARTESIAN_POINT('',(0.00814133679180376,0.00480418041334175,0.00225196675605712));
#9908=CARTESIAN_POINT('',(0.00803024859165745,0.00473862783222991,0.00239703861497261));
#9909=CARTESIAN_POINT('',(0.00779470356810273,0.00459963388185048,0.00270464065155936));
#9910=CARTESIAN_POINT('',(0.00743475831689065,0.00438723101871951,0.00317469953952511));
#9911=CARTESIAN_POINT('',(0.00706133895875989,0.00416687767926641,0.00366235437718064));
#9912=CARTESIAN_POINT('',(0.00668799746096719,0.00394656918960219,0.00414990839757574));
#9913=CARTESIAN_POINT('',(0.00631461527412082,0.00372623816086585,0.00463751349399863));
#9914=CARTESIAN_POINT('',(0.00594131545912119,0.00350595572178258,0.00512501191571205));
#9915=CARTESIAN_POINT('',(0.00557511862771832,0.00328986542169055,0.00560323413637834));
#9916=CARTESIAN_POINT('',(0.00533340365046517,0.00314723012802701,0.00591889402047866));
#9917=CARTESIAN_POINT('',(0.0052161393033393,0.00307803277111229,0.00607203162172663));
#9918=CARTESIAN_POINT('',(0.00819933162207505,0.00484678083329448,0.00231522913218366));
#9919=CARTESIAN_POINT('',(0.00808744746556887,0.00478064349083169,0.00245943989291729));
#9920=CARTESIAN_POINT('',(0.00785021508604637,0.00464040993994602,0.00276521602982483));
#9921=CARTESIAN_POINT('',(0.00748770170482773,0.00442612166176793,0.00323248237785693));
#9922=CARTESIAN_POINT('',(0.0071116045818239,0.00420380065180476,0.00371724592587171));
#9923=CARTESIAN_POINT('',(0.00673560793161384,0.00398154119242708,0.00420188698752769));
#9924=CARTESIAN_POINT('',(0.00635951500730731,0.00375922375763286,0.00468665312946639));
#9925=CARTESIAN_POINT('',(0.00598356675372761,0.0035369946914954,0.0051712258095376));
#9926=CARTESIAN_POINT('',(0.00561475647600425,0.00331898267760851,0.00564659420272694));
#9927=CARTESIAN_POINT('',(0.00537132206111396,0.00317508405768562,0.00596036801344963));
#9928=CARTESIAN_POINT('',(0.00525322363123053,0.00310527388700336,0.00611259058292278));
#9929=CARTESIAN_POINT('',(0.00825022087345703,0.00489124030584291,0.00237522145713893));
#9930=CARTESIAN_POINT('',(0.00813764263168623,0.00482449669686911,0.00251861623209457));
#9931=CARTESIAN_POINT('',(0.00789893869516249,0.00468297783522597,0.00282266223461084));
#9932=CARTESIAN_POINT('',(0.00753418083981138,0.00446673091237088,0.0032872857511458));
#9933=CARTESIAN_POINT('',(0.00715575187996072,0.00424237329178116,0.00376930957969373));
#9934=CARTESIAN_POINT('',(0.00677743623352605,0.0040180864913374,0.00425119335010215));
#9935=CARTESIAN_POINT('',(0.00639898231158227,0.00379371511460221,0.00473325755368358));
#9936=CARTESIAN_POINT('',(0.00602070958074123,0.00356945562082113,0.00521508245136461));
#9937=CARTESIAN_POINT('',(0.00564962410809444,0.00334945480625748,0.00568775325810007));
#9938=CARTESIAN_POINT('',(0.00540468037914399,0.00320423820082018,0.00599974910403408));
#9939=CARTESIAN_POINT('',(0.00528584962621528,0.00313378855831492,0.00615110915659528));
#9940=CARTESIAN_POINT('',(0.00834005382937287,0.00498625758176235,0.00249129848454872));
#9941=CARTESIAN_POINT('',(0.00822625725369365,0.00491822203842776,0.00263310261705108));
#9942=CARTESIAN_POINT('',(0.00798496871257545,0.00477396279234114,0.0029337762746505));
#9943=CARTESIAN_POINT('',(0.00761622140827603,0.00455349676563342,0.00339325729964724));
#9944=CARTESIAN_POINT('',(0.00723370552508652,0.00432480027184601,0.00386991688685346));
#9945=CARTESIAN_POINT('',(0.00685127338836406,0.00409615429345409,0.00434646104706497));
#9946=CARTESIAN_POINT('',(0.00646870298296208,0.0038674222356599,0.00482318161761719));
#9947=CARTESIAN_POINT('',(0.00608628073828485,0.00363878313974711,0.00529971038906804));
#9948=CARTESIAN_POINT('',(0.00571118777955247,0.00341452566954938,0.00576711588052978));
#9949=CARTESIAN_POINT('',(0.00546356494155604,0.00326647899183382,0.00607567839901555));
#9950=CARTESIAN_POINT('',(0.00534343399923667,0.00319465610586033,0.00622537339732822));
#9951=CARTESIAN_POINT('',(0.00838669854112064,0.00504209248474769,0.00255602074599872));
#9952=CARTESIAN_POINT('',(0.00827226960779654,0.00497329793912008,0.00269693429298356));
#9953=CARTESIAN_POINT('',(0.00802963995982586,0.00482742927796441,0.00299572074894329));
#9954=CARTESIAN_POINT('',(0.00765883444492236,0.00460450172172571,0.00345235240892972));
#9955=CARTESIAN_POINT('',(0.00727420392127084,0.00437326162175987,0.00392600895489662));
#9956=CARTESIAN_POINT('',(0.00688963531293508,0.0041420590866578,0.00439958628790858));
#9957=CARTESIAN_POINT('',(0.00650495625192601,0.0039107882090557,0.00487330462373963));
#9958=CARTESIAN_POINT('',(0.00612037081134096,0.00367957526691952,0.00534689930095426));
#9959=CARTESIAN_POINT('',(0.00574320122773945,0.00345282062949704,0.00581136592445496));
#9960=CARTESIAN_POINT('',(0.00549418445538823,0.00330311190359406,0.00611801959318061));
#9961=CARTESIAN_POINT('',(0.00537337695162466,0.00323048251349047,0.00626678896315873));
#9962=CARTESIAN_POINT('',(0.00848894615449075,0.00517844702723283,0.0027077807290175));
#9963=CARTESIAN_POINT('',(0.0083731271592459,0.00510779523664088,0.00284661919325369));
#9964=CARTESIAN_POINT('',(0.0081275494881273,0.00495798809219241,0.00314100622983892));
#9965=CARTESIAN_POINT('',(0.00775222040310662,0.00472902726514404,0.00359092905095335));
#9966=CARTESIAN_POINT('',(0.00736294051506655,0.00449155949909697,0.00405758102120311));
#9967=CARTESIAN_POINT('',(0.00697368541599853,0.00425410504797206,0.00452420266740898));
#9968=CARTESIAN_POINT('',(0.00658437440025498,0.00401661776578182,0.00499089587220759));
#9969=CARTESIAN_POINT('',(0.00619505661217148,0.00377912312173582,0.0054575924373056));
#9970=CARTESIAN_POINT('',(0.00581333152233669,0.00354626355162964,0.00591518967518698));
#9971=CARTESIAN_POINT('',(0.00556126469602426,0.00339249552012709,0.00621735432342691));
#9972=CARTESIAN_POINT('',(0.00543897691943335,0.00331789641713915,0.00636394652787481));
#9973=CARTESIAN_POINT('',(0.00854702727164767,0.00526993583093596,0.00280381689354008));
#9974=CARTESIAN_POINT('',(0.00843040163811829,0.00519802423532436,0.00294135437927077));
#9975=CARTESIAN_POINT('',(0.00818311529719896,0.00504554731668498,0.00323298181907455));
#9976=CARTESIAN_POINT('',(0.00780522581099183,0.00481255027508568,0.0036786551013581));
#9977=CARTESIAN_POINT('',(0.00741325770264647,0.00457086156327884,0.00414090043753314));
#9978=CARTESIAN_POINT('',(0.0070213347209895,0.00432921067997653,0.004603121660772));
#9979=CARTESIAN_POINT('',(0.0066293515080743,0.00408751146056751,0.00506538430840165));
#9980=CARTESIAN_POINT('',(0.00623735920339829,0.00384581272439521,0.00552768009618421));
#9981=CARTESIAN_POINT('',(0.0058530183869389,0.00360883082796384,0.00598093749636296));
#9982=CARTESIAN_POINT('',(0.00559922789925897,0.00345234675562592,0.00628024545122941));
#9983=CARTESIAN_POINT('',(0.00547610395390721,0.00337643007430672,0.00642545188156377));
#9984=CARTESIAN_POINT('',(0.00871621317665946,0.00557120219845253,0.00311111331799178));
#9985=CARTESIAN_POINT('',(0.00859727247188671,0.00549518302659103,0.00324448881489937));
#9986=CARTESIAN_POINT('',(0.00834507782980327,0.00533399589198519,0.00352728804860057));
#9987=CARTESIAN_POINT('',(0.0079597011389333,0.00508766587558206,0.00395936908664467));
#9988=CARTESIAN_POINT('',(0.00755993714859083,0.00483216905358251,0.00440766222415706));
#9989=CARTESIAN_POINT('',(0.00716024087106981,0.00457668861239914,0.00485580583992643));
#9990=CARTESIAN_POINT('',(0.00676049433852441,0.00432120709545664,0.00530408941785104));
#9991=CARTESIAN_POINT('',(0.0063607717788705,0.00406571561564095,0.00575228051383895));
#9992=CARTESIAN_POINT('',(0.00596882864289418,0.00381521282023577,0.00619177119335278));
#9993=CARTESIAN_POINT('',(0.00571003888901906,0.00364980305803489,0.00648194230639259));
#9994=CARTESIAN_POINT('',(0.00558448988080853,0.00356955620076214,0.00662271545952694));
#9995=CARTESIAN_POINT('',(0.0088021426474647,0.00578539724244231,0.00331563774150706));
#9996=CARTESIAN_POINT('',(0.00868206112222643,0.00570648241723262,0.00344618748423992));
#9997=CARTESIAN_POINT('',(0.00842744184114446,0.00553914968975973,0.00372299934095857));
#9998=CARTESIAN_POINT('',(0.00803818769787193,0.0052832528541155,0.00414605726068882));
#9999=CARTESIAN_POINT('',(0.00763461613780914,0.0050180412464905,0.00458481831733513));
#10000=CARTESIAN_POINT('',(0.00723092473692715,0.00475268265296621,0.00502361208083592));
#10001=CARTESIAN_POINT('',(0.00682753566068793,0.00448761261464588,0.00546219832804085));
#10002=CARTESIAN_POINT('',(0.00642380376617276,0.00422223993199267,0.00590105663146125));
#10003=CARTESIAN_POINT('',(0.00602794820871825,0.00396207375760257,0.00633139354168361));
#10004=CARTESIAN_POINT('',(0.00576661116495187,0.00379030407832003,0.00661547556934537));
#10005=CARTESIAN_POINT('',(0.00563982685554496,0.00370697205623324,0.00675329405728507));
#10006=CARTESIAN_POINT('',(0.00888136770170095,0.00604777558059365,0.00355812687597506));
#10007=CARTESIAN_POINT('',(0.00876018448468295,0.0059652557570308,0.00368537366539243));
#10008=CARTESIAN_POINT('',(0.0085032352102648,0.00579028593893784,0.00395517969574964));
#10009=CARTESIAN_POINT('',(0.00811060067735025,0.00552292196802495,0.00436745829101313));
#10010=CARTESIAN_POINT('',(0.00770331164393917,0.00524557856116255,0.00479512584148079));
#10011=CARTESIAN_POINT('',(0.00729609217005233,0.00496828283319608,0.00522271926827526));
#10012=CARTESIAN_POINT('',(0.00688876633667012,0.00469091389131795,0.00565042736105104));
#10013=CARTESIAN_POINT('',(0.00648156030575584,0.0044136281815769,0.00607800516570073));
#10014=CARTESIAN_POINT('',(0.00608194236684362,0.00414150396587855,0.00649762559266368));
#10015=CARTESIAN_POINT('',(0.00581827575778912,0.00396196063297139,0.00677448388159146));
#10016=CARTESIAN_POINT('',(0.00569036338503197,0.00387485896370619,0.00690879584341519));
#10017=CARTESIAN_POINT('',(0.,0.,0.00584803390593274));
#10018=CARTESIAN_POINT('',(0.,0.,0.002));
#10019=CARTESIAN_POINT('',(0.00889620581594217,0.00197949536288719,0.00200279509074903));
#10020=CARTESIAN_POINT('',(0.00907231085395863,0.000866408711129723,0.00200301617344234));
#10021=CARTESIAN_POINT('',(0.00732513918439719,0.00162995129768898,0.00392438009641047));
#10022=CARTESIAN_POINT('',(0.0057512137601905,0.00127971435025605,0.00584967957822384));
#10023=CARTESIAN_POINT('',(0.,0.,0.00584803390593274));
#10024=CARTESIAN_POINT('',(0.00586519164936288,0.000560123886116124,0.00584968450963297));
#10025=CARTESIAN_POINT('',(0.00907231365444799,0.00086639252948889,0.00200301722003453));
#10026=CARTESIAN_POINT('',(0.,0.,0.00193670395716381));
#10027=CARTESIAN_POINT('',(0.00889354637546247,0.00197895369191717,0.00200603320155829));
#10028=CARTESIAN_POINT('',(0.00918662577605661,0.00204415293156642,0.00229899864202097));
#10029=CARTESIAN_POINT('',(0.00836286483165952,0.00362850827169083,0.002));
#10030=CARTESIAN_POINT('',(0.00859318755920198,0.00309766813192201,0.002));
#10031=CARTESIAN_POINT('',(0.00877280975321547,0.00254484367241612,0.002));
#10032=CARTESIAN_POINT('',(0.00889849224152845,0.00198000411560035,0.002));
#10033=CARTESIAN_POINT('',(0.00863367003485197,0.0037459849110378,0.00229899899817791));
#10034=CARTESIAN_POINT('',(0.00863365868322117,0.00374601107448662,0.00229899899824227));
#10035=CARTESIAN_POINT('',(0.0100915466661231,0.00362265043479263,0.00357799385117149));
#10036=CARTESIAN_POINT('',(0.00984530224084541,0.00369729653143663,0.0033764578529231));
#10037=CARTESIAN_POINT('',(0.00934942812301036,0.00381049008148915,0.00296493589200744));
#10038=CARTESIAN_POINT('',(0.00885861001527309,0.00381666885619911,0.00252780246888963));
#10039=CARTESIAN_POINT('',(0.00863365919343866,0.00374600816406851,0.0022989983245951));
#10040=CARTESIAN_POINT('',(0.0100915489575808,0.00362265125737515,0.00357799622678003));
#10041=CARTESIAN_POINT('',(0.0100913170987817,0.00362256750169491,0.00357775568272592));
#10042=CARTESIAN_POINT('',(0.0101651912477868,0.00341743813349492,0.00357797341427741));
#10043=CARTESIAN_POINT('',(0.0102324828262733,0.00321017174650364,0.00357792386145268));
#10044=CARTESIAN_POINT('',(0.0102931893913363,0.00300076754820078,0.00357760450081335));
#10045=CARTESIAN_POINT('',(0.0102935751347069,0.00300087877828399,0.00357799622678003));
#10046=CARTESIAN_POINT('',(0.00918662658001568,0.00204415058371383,0.00229899891016727));
#10047=CARTESIAN_POINT('',(0.00940978956428527,0.00211908610480841,0.0025274350022649));
#10048=CARTESIAN_POINT('',(0.00980422498011056,0.00241366639907406,0.00296575627883384));
#10049=CARTESIAN_POINT('',(0.0101382985685408,0.00279582669423449,0.00337654066046555));
#10050=CARTESIAN_POINT('',(0.0102935720896179,0.0030008753513083,0.00357799243837139));
#10051=CARTESIAN_POINT('',(0.,0.,0.00580711639365242));
#10052=CARTESIAN_POINT('',(0.00593866199690869,0.00132143894225712,0.00604132020851931));
#10053=CARTESIAN_POINT('',(0.00622737531225156,0.00141835108498032,0.00633684824942208));
#10054=CARTESIAN_POINT('',(0.00645342838276356,0.00167472510605903,0.00660758550399951));
#10055=CARTESIAN_POINT('',(0.00665424460208685,0.00193990627358328,0.00686812176216144));
#10056=CARTESIAN_POINT('',(0.0059386621150785,0.00132143841075444,0.00604132020842667));
#10057=CARTESIAN_POINT('',(0.00665424658870433,0.00193990844588655,0.0068681242163913));
#10058=CARTESIAN_POINT('',(0.00652428255254417,0.00234206767253806,0.00686877889194115));
#10059=CARTESIAN_POINT('',(0.00657112592970182,0.00220915374191745,0.00686798020414156));
#10060=CARTESIAN_POINT('',(0.00661445274270859,0.00207510230107754,0.00686776743920724));
#10061=CARTESIAN_POINT('',(0.00665426185396693,0.00193991298383418,0.00686813975559413));
#10062=CARTESIAN_POINT('',(0.00652364849700651,0.00234184814392607,0.0068681242163913));
#10063=CARTESIAN_POINT('',(0.00652364511700417,0.00234184693058323,0.00686812071226371));
#10064=CARTESIAN_POINT('',(0.00620537549542627,0.00243832483733598,0.00660763583669863));
#10065=CARTESIAN_POINT('',(0.00587138011982013,0.00251277772505745,0.0063364843110666));
#10066=CARTESIAN_POINT('',(0.00558120057132567,0.00242159188411542,0.00604132019881119));
#10067=CARTESIAN_POINT('',(0.00558120075806111,0.00242159098801238,0.00604132001793273));
#10068=CARTESIAN_POINT('',(0.00558120121164262,0.00242158994259764,0.00604132001792676));
#10069=CARTESIAN_POINT('',(0.00552182896230114,0.00239583004395493,0.00597816929224917));
#10070=CARTESIAN_POINT('',(0.00546245671295956,0.00237007014531217,0.00591501856657166));
#10071=CARTESIAN_POINT('',(0.00540308446361797,0.00234431024666941,0.00585186784089419));
#10072=CARTESIAN_POINT('',(0.00575295790683516,0.00128010512402931,0.00584803390593274));
#10073=CARTESIAN_POINT('',(0.00567167268221258,0.00164290672814686,0.00584803390593274));
#10074=CARTESIAN_POINT('',(0.0055541338079679,0.00200475163421634,0.00584803390593274));
#10075=CARTESIAN_POINT('',(0.00540671198813997,0.00234587553630647,0.00584803390593274));
#10076=CARTESIAN_POINT('',(0.00574913078824712,0.00127927156211486,0.00585186190130036));
#10077=CARTESIAN_POINT('',(0.00581230724858764,0.00129333009311375,0.00591501467032428));
#10078=CARTESIAN_POINT('',(0.00587548370892815,0.00130738862411263,0.00597816743934832));
#10079=CARTESIAN_POINT('',(0.00593866016926854,0.00132144715511148,0.00604132020837238));
#10080=CARTESIAN_POINT('',(0.0074448410960726,0.00165659536973135,0.00404802241991509));
#10081=CARTESIAN_POINT('',(0.00758019035157586,0.00168669897553137,0.0041499428962571));
#10082=CARTESIAN_POINT('',(0.00699532573662952,0.00303514620584925,0.00404669388945717));
#10083=CARTESIAN_POINT('',(0.00712393075360192,0.0030909606056111,0.00414992920057475));
#10084=CARTESIAN_POINT('',(0.0101130897197522,0.0036303837758124,0.00355812808354474));
#10085=CARTESIAN_POINT('',(0.00997510829013394,0.0035808512713008,0.00368536713406));
#10086=CARTESIAN_POINT('',(0.00968254040477596,0.00347582539333712,0.00395515748453597));
#10087=CARTESIAN_POINT('',(0.00923543141518758,0.00331532227430817,0.0043674569507877));
#10088=CARTESIAN_POINT('',(0.00877169280195866,0.0031488490922849,0.00479509112771454));
#10089=CARTESIAN_POINT('',(0.00830789386341775,0.00298235599673523,0.00522278278564103));
#10090=CARTESIAN_POINT('',(0.00784416853967928,0.00281588723776,0.00565040489460085));
#10091=CARTESIAN_POINT('',(0.00738040319719237,0.00264940523800161,0.00607806429313137));
#10092=CARTESIAN_POINT('',(0.0069254445996119,0.00248608672785387,0.00649760530219737));
#10093=CARTESIAN_POINT('',(0.0066251723045444,0.00237829488151649,0.00677449999279247));
#10094=CARTESIAN_POINT('',(0.00647948490111801,0.0023259959460455,0.00690884492211732));
#10095=CARTESIAN_POINT('',(0.00998301809414401,0.00367580644905369,0.00343591796673797));
#10096=CARTESIAN_POINT('',(0.00984681081964171,0.00362565614378736,0.00356481921969989));
#10097=CARTESIAN_POINT('',(0.00955800395554914,0.00351931911530139,0.0038381372607641));
#10098=CARTESIAN_POINT('',(0.00911661864978142,0.00335677601348853,0.00425592596342808));
#10099=CARTESIAN_POINT('',(0.00865886839674276,0.00318821246357492,0.00468918450510033));
#10100=CARTESIAN_POINT('',(0.00820103140688404,0.00301963524938601,0.00512248334660754));
#10101=CARTESIAN_POINT('',(0.00774336544295587,0.00285109566655947,0.00555567697154162));
#10102=CARTESIAN_POINT('',(0.00728550161775912,0.00268251184596077,0.00598899183959547));
#10103=CARTESIAN_POINT('',(0.00683653909067801,0.00251717650289695,0.00641395777752993));
#10104=CARTESIAN_POINT('',(0.00654011014764577,0.00240803047362796,0.00669449616665421));
#10105=CARTESIAN_POINT('',(0.00639628593388661,0.00235507419738998,0.00683060981780093));
#10106=CARTESIAN_POINT('',(0.00987049431746815,0.00371012169491122,0.00333180171402541));
#10107=CARTESIAN_POINT('',(0.00973581250448635,0.00365949871248292,0.00346213426986397));
#10108=CARTESIAN_POINT('',(0.00945024056850166,0.0035521601864563,0.00373848539260672));
#10109=CARTESIAN_POINT('',(0.009013811847639,0.00338810890120286,0.00416085589020909));
#10110=CARTESIAN_POINT('',(0.0085611527901222,0.00321795376257081,0.0045989383488999));
#10111=CARTESIAN_POINT('',(0.00810850648731911,0.0030478167018585,0.00503697174962047));
#10112=CARTESIAN_POINT('',(0.00765586650971146,0.00287766740489464,0.00547503937122977));
#10113=CARTESIAN_POINT('',(0.00720317958883321,0.00270752082656854,0.00591309661992498));
#10114=CARTESIAN_POINT('',(0.00675932049161604,0.00254065663961045,0.00634270593418054));
#10115=CARTESIAN_POINT('',(0.00646621803272936,0.00243049046531873,0.00662633704999367));
#10116=CARTESIAN_POINT('',(0.0063240072111529,0.00237703908029458,0.00676395162412121));
#10117=CARTESIAN_POINT('',(0.00963700005694484,0.00376738989894557,0.00311792060795744));
#10118=CARTESIAN_POINT('',(0.00950550279693341,0.00371598243331703,0.00325118248881889));
#10119=CARTESIAN_POINT('',(0.00922668320345958,0.00360698124029761,0.00353374252703421));
#10120=CARTESIAN_POINT('',(0.0088005735560211,0.0034404103352233,0.00396553353068814));
#10121=CARTESIAN_POINT('',(0.00835855117275913,0.00326762036289244,0.00441344694760009));
#10122=CARTESIAN_POINT('',(0.00791665680706426,0.00309486845679102,0.0048612625139844));
#10123=CARTESIAN_POINT('',(0.00747459295514268,0.00292206228967929,0.00530922288959747));
#10124=CARTESIAN_POINT('',(0.00703265374591774,0.00274929508267584,0.00575707894276256));
#10125=CARTESIAN_POINT('',(0.00659929248499947,0.00257987521603331,0.00619625158751782));
#10126=CARTESIAN_POINT('',(0.00631312545062627,0.00246800285738813,0.00648625363584136));
#10127=CARTESIAN_POINT('',(0.00617427968105313,0.00241372339528375,0.00662696008727845));
#10128=CARTESIAN_POINT('',(0.00951091200084991,0.00379116472335636,0.00300405008342864));
#10129=CARTESIAN_POINT('',(0.00938113707789281,0.00373943418743459,0.00313886093626255));
#10130=CARTESIAN_POINT('',(0.00910596974558564,0.00362974785040255,0.00342470560472341));
#10131=CARTESIAN_POINT('',(0.00868545112664642,0.00346212614003493,0.00386152468093972));
#10132=CARTESIAN_POINT('',(0.00824924399618118,0.00328824973510627,0.00431464758098127));
#10133=CARTESIAN_POINT('',(0.00781312298838587,0.00311440709943955,0.00476767954406139));
#10134=CARTESIAN_POINT('',(0.00737689774117002,0.00294052239264873,0.00522082700758023));
#10135=CARTESIAN_POINT('',(0.00694072491635695,0.00276666223777194,0.00567390623338786));
#10136=CARTESIAN_POINT('',(0.00651302661048349,0.00259616066541193,0.00611823599197008));
#10137=CARTESIAN_POINT('',(0.0062305974555513,0.00248358107925615,0.00641162042056239));
#10138=CARTESIAN_POINT('',(0.00609356525092051,0.00242895857215912,0.00655396766122709));
#10139=CARTESIAN_POINT('',(0.00929209281389701,0.00381667575109265,0.00280819243829583));
#10140=CARTESIAN_POINT('',(0.00916530453802935,0.00376459871332684,0.00294567119834785));
#10141=CARTESIAN_POINT('',(0.0088964705463259,0.00365417767113886,0.00323717306284499));
#10142=CARTESIAN_POINT('',(0.00848564957308578,0.00348543308955538,0.00368264722444761));
#10143=CARTESIAN_POINT('',(0.00805952592197936,0.00331040365771475,0.0041447101794328));
#10144=CARTESIAN_POINT('',(0.00763343423845329,0.00313538924829871,0.00460673504061113));
#10145=CARTESIAN_POINT('',(0.00720733631002225,0.00296036735335704,0.00506877913154592));
#10146=CARTESIAN_POINT('',(0.0067811669729507,0.00278533168494477,0.00553085041084834));
#10147=CARTESIAN_POINT('',(0.00636332998507204,0.00261367502782966,0.00598405404435135));
#10148=CARTESIAN_POINT('',(0.006087380911388,0.0025003371423345,0.00628325104742266));
#10149=CARTESIAN_POINT('',(0.00595349235613113,0.00244534677522234,0.00642841785976622));
#10150=CARTESIAN_POINT('',(0.00919395551888533,0.00382274725826806,0.00272087726720114));
#10151=CARTESIAN_POINT('',(0.00906851037476172,0.00377058824776749,0.002859543628038));
#10152=CARTESIAN_POINT('',(0.00880252359049132,0.00365999328273762,0.00315356369734922));
#10153=CARTESIAN_POINT('',(0.00839603290780084,0.00349097951126213,0.00360288878548258));
#10154=CARTESIAN_POINT('',(0.00797443342197483,0.00331567466381521,0.00406895477416592));
#10155=CARTESIAN_POINT('',(0.00755277305921732,0.00314037905974397,0.00453492867964297));
#10156=CARTESIAN_POINT('',(0.00713141972787245,0.00296508381768786,0.00500116594621433));
#10157=CARTESIAN_POINT('',(0.00670888341074224,0.00278976423406352,0.00546647122943406));
#10158=CARTESIAN_POINT('',(0.00629861816483996,0.00261784367248909,0.00592642684826719));
#10159=CARTESIAN_POINT('',(0.00602514532477141,0.00250432265313253,0.00622782584501009));
#10160=CARTESIAN_POINT('',(0.00589242405957762,0.00244924331105284,0.00637403050335717));
#10161=CARTESIAN_POINT('',(0.00902526863549741,0.0038221811062114,0.00257076964232204));
#10162=CARTESIAN_POINT('',(0.00890212395242171,0.00377002955337081,0.00271148706165868));
#10163=CARTESIAN_POINT('',(0.00864101487697913,0.00365945029697519,0.00300985657662019));
#10164=CARTESIAN_POINT('',(0.00824197671843675,0.00349045738864782,0.00346584365211275));
#10165=CARTESIAN_POINT('',(0.00782806331553983,0.00331517063961773,0.00393879936124513));
#10166=CARTESIAN_POINT('',(0.00741424618997754,0.00313990132914035,0.00441175977779202));
#10167=CARTESIAN_POINT('',(0.00700015938529261,0.00296460724715668,0.0048845972955845));
#10168=CARTESIAN_POINT('',(0.00658690682539558,0.00278933306684444,0.00535808719851643));
#10169=CARTESIAN_POINT('',(0.00617867522418491,0.00261741152586796,0.0058199298482121));
#10170=CARTESIAN_POINT('',(0.0059109993464342,0.00250391782665307,0.00612644682917509));
#10171=CARTESIAN_POINT('',(0.00578115100046573,0.00244885211858624,0.00627518709319471));
#10172=CARTESIAN_POINT('',(0.00895735225537687,0.0038185520727416,0.0025102333211205));
#10173=CARTESIAN_POINT('',(0.00883513006112389,0.00376644855379421,0.00265177854303173));
#10174=CARTESIAN_POINT('',(0.0085759770129345,0.00365597111065856,0.00295190340619098));
#10175=CARTESIAN_POINT('',(0.00817992915724564,0.00348713273820337,0.00341057676427965));
#10176=CARTESIAN_POINT('',(0.00776907497884641,0.00331200129416978,0.00388629651292198));
#10177=CARTESIAN_POINT('',(0.007358483015326,0.00313690508246511,0.00436213078589741));
#10178=CARTESIAN_POINT('',(0.00694701810539513,0.00296172376104089,0.00483740757904305));
#10179=CARTESIAN_POINT('',(0.00653854428981263,0.00278675061155215,0.00531506550463439));
#10180=CARTESIAN_POINT('',(0.00612731189938288,0.00261451566084683,0.00577443062743413));
#10181=CARTESIAN_POINT('',(0.00586251078864198,0.00250119914665447,0.00608346289511619));
#10182=CARTESIAN_POINT('',(0.00573412298234773,0.00244622460639178,0.00623347974011981));
#10183=CARTESIAN_POINT('',(0.00884323654076275,0.00380469037293018,0.00240817886861873));
#10184=CARTESIAN_POINT('',(0.00872256958657247,0.00375277504072769,0.00255112232464824));
#10185=CARTESIAN_POINT('',(0.00846671381429626,0.00364269660604612,0.00285421183960993));
#10186=CARTESIAN_POINT('',(0.00807569389786615,0.00347446764860809,0.00331741333077242));
#10187=CARTESIAN_POINT('',(0.00767013154581761,0.00329997040265948,0.00379789379709357));
#10188=CARTESIAN_POINT('',(0.00726452488736193,0.00312549937958314,0.00427820926275522));
#10189=CARTESIAN_POINT('',(0.00685919956868558,0.00295098057409891,0.00475900914024981));
#10190=CARTESIAN_POINT('',(0.00645253399421479,0.00277651735642687,0.00523835033221364));
#10191=CARTESIAN_POINT('',(0.0060590627053338,0.00260539713984134,0.00571324714160162));
#10192=CARTESIAN_POINT('',(0.00579589049326563,0.00249242675948013,0.00602377139417902));
#10193=CARTESIAN_POINT('',(0.00566815632306149,0.00243761488228793,0.0061743935179671));
#10194=CARTESIAN_POINT('',(0.00880229940629987,0.00379798413295586,0.0023714653188556));
#10195=CARTESIAN_POINT('',(0.00868218863434399,0.00374615922595819,0.00251490902604694));
#10196=CARTESIAN_POINT('',(0.00842751225086419,0.00363627258689518,0.00281905946834711));
#10197=CARTESIAN_POINT('',(0.00803829747932939,0.0034683386435927,0.0032838890392108));
#10198=CARTESIAN_POINT('',(0.0076346440443927,0.00329415073538143,0.00376608203830865));
#10199=CARTESIAN_POINT('',(0.00723078504300405,0.00311997116613979,0.00424797661162275));
#10200=CARTESIAN_POINT('',(0.00682780491305308,0.00294580980576719,0.00473086095754959));
#10201=CARTESIAN_POINT('',(0.00642127424670354,0.00277146471969855,0.00521038160369779));
#10202=CARTESIAN_POINT('',(0.00603602418930532,0.00260133673274889,0.00569242501576709));
#10203=CARTESIAN_POINT('',(0.00577318097173256,0.00248847011023824,0.00600327398616216));
#10204=CARTESIAN_POINT('',(0.00564553740330547,0.00243370111183036,0.00615399418320329));
#10205=CARTESIAN_POINT('',(0.00874784651684868,0.00378583700380967,0.00232196734432528));
#10206=CARTESIAN_POINT('',(0.00862848165292533,0.0037341789683705,0.00246608799735318));
#10207=CARTESIAN_POINT('',(0.00837538640535815,0.00362464602729908,0.0027716737810939));
#10208=CARTESIAN_POINT('',(0.00798857454669936,0.00345724878520609,0.00323869640409317));
#10209=CARTESIAN_POINT('',(0.00758732639045854,0.00328360040610725,0.0037230609642446));
#10210=CARTESIAN_POINT('',(0.00718631760337523,0.00311005501771867,0.00420755981053368));
#10211=CARTESIAN_POINT('',(0.00678449192832482,0.00293616340710243,0.00469145700568596));
#10212=CARTESIAN_POINT('',(0.00638550536817105,0.0027634730034508,0.00517784262791474));
#10213=CARTESIAN_POINT('',(0.00598419874983743,0.00258987141661514,0.00564529453639906));
#10214=CARTESIAN_POINT('',(0.00572554887367786,0.00247792380327387,0.00595996105208658));
#10215=CARTESIAN_POINT('',(0.00560014013638918,0.00242364418333156,0.00611271556727084));
#10216=CARTESIAN_POINT('',(0.00871502811700893,0.00377638083717872,0.00229161141175203));
#10217=CARTESIAN_POINT('',(0.00859611401633479,0.00372485289751498,0.00243614562917525));
#10218=CARTESIAN_POINT('',(0.00834397449930652,0.0036155956730946,0.00274260868551084));
#10219=CARTESIAN_POINT('',(0.00795862194502379,0.00344861583603265,0.00321098327609674));
#10220=CARTESIAN_POINT('',(0.00755888009191566,0.00327540574263059,0.00369672108421214));
#10221=CARTESIAN_POINT('',(0.007159430664469,0.00310229392002676,0.00418266467996233));
#10222=CARTESIAN_POINT('',(0.006758938513729,0.00292884153146405,0.00466777912841314));
#10223=CARTESIAN_POINT('',(0.00636219789541721,0.00275659727369186,0.00515614415942394));
#10224=CARTESIAN_POINT('',(0.00595966048351998,0.00258337126470679,0.00562285902164744));
#10225=CARTESIAN_POINT('',(0.00570235722040916,0.00247170946564948,0.00593872370927286));
#10226=CARTESIAN_POINT('',(0.00557763107386219,0.00241756903198328,0.00609208237097971));
#10227=CARTESIAN_POINT('',(0.00867203872699672,0.00376266048969186,0.00225194549380933));
#10228=CARTESIAN_POINT('',(0.00855371107601052,0.00371131973103563,0.00239701548811162));
#10229=CARTESIAN_POINT('',(0.0083028147831293,0.00360245931133272,0.00270461495724671));
#10230=CARTESIAN_POINT('',(0.00791935460754314,0.00343608337204948,0.00317473777739458));
#10231=CARTESIAN_POINT('',(0.00752164954634942,0.00326352362658351,0.00366232527683818));
#10232=CARTESIAN_POINT('',(0.00712395650715548,0.00309097212443023,0.00414989769186392));
#10233=CARTESIAN_POINT('',(0.00672623612362693,0.00291840668937616,0.00463750323998997));
#10234=CARTESIAN_POINT('',(0.00632857672147675,0.00274586873408418,0.00512503461130941));
#10235=CARTESIAN_POINT('',(0.00593850050128046,0.002576618621161,0.0056032696800419));
#10236=CARTESIAN_POINT('',(0.0056810029443576,0.0024648945256149,0.00591896233348655));
#10237=CARTESIAN_POINT('',(0.00555606852807307,0.00241068748899006,0.00607213223685015));
#10238=CARTESIAN_POINT('',(0.00866848978906871,0.00376152782273455,0.00224867092116255));
#10239=CARTESIAN_POINT('',(0.00855021055173853,0.00371020251658362,0.00239378514588743));
#10240=CARTESIAN_POINT('',(0.00829941689174712,0.0036013748546219,0.00270147843022866));
#10241=CARTESIAN_POINT('',(0.00791611293923202,0.00343504876940104,0.00317174557338734));
#10242=CARTESIAN_POINT('',(0.00751857602297068,0.00326254271263492,0.0036594857718971));
#10243=CARTESIAN_POINT('',(0.00712102798031855,0.00309003746706956,0.00414719265215956));
#10244=CARTESIAN_POINT('',(0.00672353641673328,0.00291754525340677,0.00463500385005449));
#10245=CARTESIAN_POINT('',(0.00632580116547683,0.0027449830522656,0.0051224663995903));
#10246=CARTESIAN_POINT('',(0.00593675366413054,0.00257606116470984,0.00560165250526019));
#10247=CARTESIAN_POINT('',(0.00567924006751327,0.00246433192635125,0.0059173309566278));
#10248=CARTESIAN_POINT('',(0.00555428845776843,0.00241011939139843,0.00607048527727103));
#10249=CARTESIAN_POINT('',(0.0086649408511407,0.00376039515577725,0.00224539634851576));
#10250=CARTESIAN_POINT('',(0.00854671002746654,0.00370908530213161,0.00239055480366323));
#10251=CARTESIAN_POINT('',(0.00829601900036495,0.00360029039791108,0.00269834190321061));
#10252=CARTESIAN_POINT('',(0.0079128712709209,0.00343401416675261,0.00316875336938009));
#10253=CARTESIAN_POINT('',(0.00751550249959193,0.00326156179868632,0.00365664626695601));
#10254=CARTESIAN_POINT('',(0.00711809945348162,0.00308910280970889,0.00414448761245521));
#10255=CARTESIAN_POINT('',(0.00672083670983963,0.00291668381743739,0.004632504460119));
#10256=CARTESIAN_POINT('',(0.00632302560947691,0.00274409737044702,0.00511989818787119));
#10257=CARTESIAN_POINT('',(0.00593500682698062,0.00257550370825867,0.00560003533047849));
#10258=CARTESIAN_POINT('',(0.00567747719066894,0.00246376932708759,0.00591569957976905));
#10259=CARTESIAN_POINT('',(0.00555250838746379,0.00240955129380679,0.00606883831769191));
#10260=CARTESIAN_POINT('',(0.00866139191321269,0.00375926248881994,0.00224212177586897));
#10261=CARTESIAN_POINT('',(0.00854320950319455,0.00370796808767961,0.00238732446143903));
#10262=CARTESIAN_POINT('',(0.00829262110898278,0.00359920594120026,0.00269520537619255));
#10263=CARTESIAN_POINT('',(0.00790962960260978,0.00343297956410417,0.00316576116537285));
#10264=CARTESIAN_POINT('',(0.00751242897621319,0.00326058088473773,0.00365380676201493));
#10265=CARTESIAN_POINT('',(0.00711517092664469,0.00308816815234822,0.00414178257275085));
#10266=CARTESIAN_POINT('',(0.00671813700294599,0.002915822381468,0.00463000507018352));
#10267=CARTESIAN_POINT('',(0.00632025005347698,0.00274321168862843,0.00511732997615208));
#10268=CARTESIAN_POINT('',(0.0059332599898307,0.00257494625180751,0.00559841815569678));
#10269=CARTESIAN_POINT('',(0.0056757143138246,0.00246320672782394,0.00591406820291031));
#10270=CARTESIAN_POINT('',(0.00555072831715915,0.00240898319621515,0.00606719135811279));
#10271=CARTESIAN_POINT('',(0.00830788157222915,0.00298235100035172,0.00522279408713123));
#10272=CARTESIAN_POINT('',(0.000145831105857471,5.80135522467509E-5,-0.00715454934164224));
#10273=CARTESIAN_POINT('',(0.00847423398939881,0.00247048781322329,0.00522276117126156));
#10274=CARTESIAN_POINT('',(0.00922744479896432,0.00205323566196884,0.00225196675605711));
#10275=CARTESIAN_POINT('',(0.00910153678074297,0.00202521959426219,0.00239703861497261));
#10276=CARTESIAN_POINT('',(0.00883456865842779,0.00196581590724708,0.00270464065155936));
#10277=CARTESIAN_POINT('',(0.00842660428739168,0.00187503797985572,0.00317469953952511));
#10278=CARTESIAN_POINT('',(0.00800336844687239,0.00178086242817245,0.00366235437718064));
#10279=CARTESIAN_POINT('',(0.00758022051528192,0.00168670547100548,0.00414990839757574));
#10280=CARTESIAN_POINT('',(0.00715702692114551,0.00159253965151619,0.00463751349399863));
#10281=CARTESIAN_POINT('',(0.00673392668231924,0.00149839458923256,0.00512501191571205));
#10282=CARTESIAN_POINT('',(0.00631887722451888,0.00140604154541161,0.00560323413637834));
#10283=CARTESIAN_POINT('',(0.00604491589057645,0.0013450813556854,0.00591889402047867));
#10284=CARTESIAN_POINT('',(0.00591200770986082,0.00131550743457743,0.00607203162172663));
#10285=CARTESIAN_POINT('',(0.00929576541393815,0.00207582968082208,0.00231522913218366));
#10286=CARTESIAN_POINT('',(0.00916891969503896,0.00204750343606411,0.00245943989291729));
#10287=CARTESIAN_POINT('',(0.00889996374421267,0.00198744224057954,0.00276521602982483));
#10288=CARTESIAN_POINT('',(0.00848897431110812,0.00189566477273748,0.00323248237785693));
#10289=CARTESIAN_POINT('',(0.00806258372123024,0.0018004453300464,0.00371724592587171));
#10290=CARTESIAN_POINT('',(0.00763630770683452,0.00170525337763999,0.00420188698752769));
#10291=CARTESIAN_POINT('',(0.00720992221494304,0.00161003603766781,0.00468665312946639));
#10292=CARTESIAN_POINT('',(0.00678370162050573,0.0015148580355693,0.0051712258095376));
#10293=CARTESIAN_POINT('',(0.00636557278533134,0.0014214849326482,0.00564659420272695));
#10294=CARTESIAN_POINT('',(0.00608958577973617,0.00135985458370148,0.00596036801344963));
#10295=CARTESIAN_POINT('',(0.00595569496931027,0.00132995558781342,0.00611259058292278));
#10296=CARTESIAN_POINT('',(0.00935790270065277,0.00210238750839226,0.00237522145713893));
#10297=CARTESIAN_POINT('',(0.00923020952078479,0.00207369915406069,0.00251861623209457));
#10298=CARTESIAN_POINT('',(0.00895945685321626,0.00201287029152634,0.00282266223461084));
#10299=CARTESIAN_POINT('',(0.00854572754387122,0.00191992362255149,0.0032872857511458));
#10300=CARTESIAN_POINT('',(0.0081164898980707,0.00182348782526665,0.00376930957969373));
#10301=CARTESIAN_POINT('',(0.00768738190436149,0.00172708436617189,0.00425119335010215));
#10302=CARTESIAN_POINT('',(0.00725811626731693,0.00163064319972625,0.00473325755368358));
#10303=CARTESIAN_POINT('',(0.00682905752698551,0.0015342524491632,0.00521508245136461));
#10304=CARTESIAN_POINT('',(0.00640815027964582,0.00143969095829571,0.00568775325810007));
#10305=CARTESIAN_POINT('',(0.00613032055115629,0.00137727353433156,0.00599974910403408));
#10306=CARTESIAN_POINT('',(0.00599553565246542,0.00134699266486561,0.00615110915659528));
#10307=CARTESIAN_POINT('',(0.00947270087177292,0.00216499439778313,0.00249129848454872));
#10308=CARTESIAN_POINT('',(0.0093434497578292,0.00213545382674164,0.00263310261705108));
#10309=CARTESIAN_POINT('',(0.0090693921598549,0.00207281739046859,0.0029337762746505));
#10310=CARTESIAN_POINT('',(0.00865056488429965,0.00197709092280499,0.00339325729964724));
#10311=CARTESIAN_POINT('',(0.0082160995578716,0.0018777915406585,0.00386991688685346));
#10312=CARTESIAN_POINT('',(0.00778172948918243,0.00177851432242656,0.00434646104706497));
#10313=CARTESIAN_POINT('',(0.00734720131916645,0.00167919796518992,0.00482318161761719));
#10314=CARTESIAN_POINT('',(0.00691284278517437,0.00157992423577451,0.00529971038906804));
#10315=CARTESIAN_POINT('',(0.00648680881314887,0.00148255280613377,0.00576711588052978));
#10316=CARTESIAN_POINT('',(0.00620555656011402,0.0014182717137128,0.00607567839901555));
#10317=CARTESIAN_POINT('',(0.00606911075226164,0.00138708659271554,0.00622537339732822));
#10318=CARTESIAN_POINT('',(0.00953431656273308,0.00220368253747626,0.00255602074599872));
#10319=CARTESIAN_POINT('',(0.00940422949632327,0.00217361552161689,0.00269693429298356));
#10320=CARTESIAN_POINT('',(0.00912839909333052,0.0021098628654637,0.00299572074894328));
#10321=CARTESIAN_POINT('',(0.00870685368871113,0.00201243136615426,0.00345235240892972));
#10322=CARTESIAN_POINT('',(0.00826959120215594,0.00191136633061666,0.00392600895489662));
#10323=CARTESIAN_POINT('',(0.00783239920874654,0.00181031788850275,0.00439958628790858));
#10324=CARTESIAN_POINT('',(0.00739508104960851,0.00170923858056198,0.00487330462373963));
#10325=CARTESIAN_POINT('',(0.00695786983182834,0.00160818544222155,0.00534689930095426));
#10326=CARTESIAN_POINT('',(0.00652908920507892,0.00150908077779494,0.00581136592445496));
#10327=CARTESIAN_POINT('',(0.00624599764055726,0.00144364973301958,0.00611801959318062));
#10328=CARTESIAN_POINT('',(0.00610865916105247,0.00141190664999798,0.00626678896315873));
#10329=CARTESIAN_POINT('',(0.00967369569259248,0.00230176716346755,0.00270778072901749));
#10330=CARTESIAN_POINT('',(0.00954171267847818,0.00227036335543925,0.00284661919325369));
#10331=CARTESIAN_POINT('',(0.00926186148059088,0.00220377596833862,0.00314100622983892));
#10332=CARTESIAN_POINT('',(0.00883414952192278,0.00210200434755253,0.00359092905095335));
#10333=CARTESIAN_POINT('',(0.00839054077241483,0.00199645318221617,0.00405758102120311));
#10334=CARTESIAN_POINT('',(0.0079469597131575,0.00189090701990966,0.00452420266740898));
#10335=CARTESIAN_POINT('',(0.00750331532862441,0.00178534691260755,0.00499089587220759));
#10336=CARTESIAN_POINT('',(0.00705966222827473,0.00167978189653266,0.0054575924373056));
#10337=CARTESIAN_POINT('',(0.00662466252968835,0.00157627882493974,0.00591518967518698));
#10338=CARTESIAN_POINT('',(0.0063374157970562,0.00150792966963006,0.00621735432342691));
#10339=CARTESIAN_POINT('',(0.00619806081967778,0.00147477070779452,0.00636394652787481));
#10340=CARTESIAN_POINT('',(0.00975720571267758,0.00237083013414369,0.00280381689354007));
#10341=CARTESIAN_POINT('',(0.00962406623880581,0.00233847744528042,0.00294135437927077));
#10342=CARTESIAN_POINT('',(0.0093417649937742,0.0022698789600447,0.00323298181907455));
#10343=CARTESIAN_POINT('',(0.0089103706899842,0.00216505987858781,0.0036786551013581));
#10344=CARTESIAN_POINT('',(0.00846290094706556,0.00205632506104066,0.00414090043753314));
#10345=CARTESIAN_POINT('',(0.00801548581182875,0.00194761227562562,0.004603121660772));
#10346=CARTESIAN_POINT('',(0.00756799845658289,0.00183887213232371,0.00506538430840165));
#10347=CARTESIAN_POINT('',(0.00712050260388703,0.00173013525811583,0.00552768009618421));
#10348=CARTESIAN_POINT('',(0.00668174133255863,0.00162351992518868,0.00598093749636296));
#10349=CARTESIAN_POINT('',(0.00639201599777549,0.00155312030219911,0.00628024545122941));
#10350=CARTESIAN_POINT('',(0.00625145862255256,0.00151896663926317,0.00642545188156377));
#10351=CARTESIAN_POINT('',(0.0100112074975006,0.00260507015625354,0.00311111331799178));
#10352=CARTESIAN_POINT('',(0.00987459694917018,0.00256952632658902,0.00324448881489937));
#10353=CARTESIAN_POINT('',(0.00958493602757419,0.00249416068217328,0.00352728804860057));
#10354=CARTESIAN_POINT('',(0.00914230085320083,0.0023789748616288,0.00395936908664467));
#10355=CARTESIAN_POINT('',(0.00868314984519881,0.00225951681092838,0.00440766222415706));
#10356=CARTESIAN_POINT('',(0.00822406829786746,0.00214005341489738,0.00485580583992643));
#10357=CARTESIAN_POINT('',(0.00776493862273984,0.00202060452541522,0.00530408941785104));
#10358=CARTESIAN_POINT('',(0.00730582866848976,0.00190113875264673,0.00575228051383895));
#10359=CARTESIAN_POINT('',(0.0068556589740837,0.00178401352657179,0.00619177119335279));
#10360=CARTESIAN_POINT('',(0.00655842086475474,0.00170666992628933,0.0064819423063926));
#10361=CARTESIAN_POINT('',(0.00641421901973927,0.00166914740693185,0.00662271545952694));
#10362=CARTESIAN_POINT('',(0.0101591211893554,0.00278222808180169,0.00331563774150706));
#10363=CARTESIAN_POINT('',(0.010020530850193,0.00274428285506282,0.00344618748423992));
#10364=CARTESIAN_POINT('',(0.00972666486724133,0.00266382165916014,0.00372299934095857));
#10365=CARTESIAN_POINT('',(0.00927738570676627,0.00254073545152346,0.00414605726068882));
#10366=CARTESIAN_POINT('',(0.00881161145091552,0.0024132146944004,0.00458481831733513));
#10367=CARTESIAN_POINT('',(0.00834567779853195,0.00228559117822977,0.00502361208083592));
#10368=CARTESIAN_POINT('',(0.00788012084243176,0.00215814867091373,0.00546219832804085));
#10369=CARTESIAN_POINT('',(0.00741414432453421,0.00203052426840606,0.00590105663146125));
#10370=CARTESIAN_POINT('',(0.00695726754785738,0.00190541762750398,0.00633139354168361));
#10371=CARTESIAN_POINT('',(0.00665564149941742,0.00182281254250392,0.00661547556934537));
#10372=CARTESIAN_POINT('',(0.00650931144479155,0.00178273758610905,0.00675329405728507));
#10373=CARTESIAN_POINT('',(0.0103155480588852,0.00300728282189593,0.00355812687597506));
#10374=CARTESIAN_POINT('',(0.0101747959428209,0.00296624947946455,0.00368537366539243));
#10375=CARTESIAN_POINT('',(0.00987635401373482,0.00287924498629978,0.00395517969574964));
#10376=CARTESIAN_POINT('',(0.00942031637198828,0.00274629748278959,0.00436745829101313));
#10377=CARTESIAN_POINT('',(0.00894725765674879,0.00260838746138818,0.00479512584148079));
#10378=CARTESIAN_POINT('',(0.00847427983013721,0.00247050129023632,0.00522271926827526));
#10379=CARTESIAN_POINT('',(0.00800117822529158,0.00233257835540827,0.00565042736105104));
#10380=CARTESIAN_POINT('',(0.00752821627950856,0.00219469755804801,0.00607800516570073));
#10381=CARTESIAN_POINT('',(0.0070640660274459,0.00205938078384735,0.00649762559266368));
#10382=CARTESIAN_POINT('',(0.00675782223968014,0.0019701023901757,0.00677448388159147));
#10383=CARTESIAN_POINT('',(0.00660925444801331,0.00192679087701362,0.00690879584341519));
#10384=CARTESIAN_POINT('',(0.,0.,0.00584803390593274));
#10385=CARTESIAN_POINT('',(0.,0.,0.002));
#10386=CARTESIAN_POINT('',(0.00907249221897319,-0.000866466818733476,0.00200279509074903));
#10387=CARTESIAN_POINT('',(0.00747030400507931,-0.000713416691229725,0.00392438009641047));
#10388=CARTESIAN_POINT('',(0.00586518280541015,-0.000560142118374476,0.00584967957822384));
#10389=CARTESIAN_POINT('',(0.,0.,0.00584803390593274));
#10390=CARTESIAN_POINT('',(0.00294654130879204,0.,0.00584803390593274));
#10391=CARTESIAN_POINT('',(0.,-0.0015,0.00584803390593274));
#10392=CARTESIAN_POINT('',(0.00586696234317882,-0.000560309441384901,0.00584803390593274));
#10393=CARTESIAN_POINT('',(0.00590176736188181,-0.000190146095866603,0.00584803390593274));
#10394=CARTESIAN_POINT('',(0.00590179747491688,0.000190310369580282,0.00584803390593274));
#10395=CARTESIAN_POINT('',(0.00586700407545879,0.000560294327195643,0.00584803390593274));
#10396=CARTESIAN_POINT('',(0.00455805826175841,0.,0.));
#10397=CARTESIAN_POINT('',(0.,-0.0015,0.));
#10398=CARTESIAN_POINT('',(0.,0.,0.));
#10399=CARTESIAN_POINT('',(-0.00911611652351682,0.,0.));
#10400=CARTESIAN_POINT('',(0.,0.,0.0128838834764832));
#10401=CARTESIAN_POINT('',(0.0090748278132279,0.000866649081579055,0.002));
#10402=CARTESIAN_POINT('',(0.00912983911962308,0.000290616470539467,0.002));
#10403=CARTESIAN_POINT('',(0.00912983782481738,-0.000290657144558019,0.002));
#10404=CARTESIAN_POINT('',(0.00907482395216035,-0.000866689510512977,0.002));
#10405=CARTESIAN_POINT('',(0.000156620796974372,1.01098768806518E-5,-0.00715454934173216));
#10406=CARTESIAN_POINT('',(0.00882286204817677,0.000269107759690611,0.00522279408713123));
#10407=CARTESIAN_POINT('',(0.0107170941988415,0.000326885957132205,0.00357799622678003));
#10408=CARTESIAN_POINT('',(0.00692802928781571,0.000211311686550999,0.0068681242163913));
#10409=CARTESIAN_POINT('',(0.00692870014853834,0.000211324536731441,0.00686877889194114));
#10410=CARTESIAN_POINT('',(0.00693217818427846,7.04404772926755E-5,0.00686798020414155));
#10411=CARTESIAN_POINT('',(0.00693196025877889,-7.04387405680701E-5,0.00686776743920725));
#10412=CARTESIAN_POINT('',(0.00692804517696292,-0.000211313113575653,0.00686813975559416));
#10413=CARTESIAN_POINT('',(0.00692802925653249,-0.000211312712194747,0.0068681242163913));
#10414=CARTESIAN_POINT('',(0.00882289817490981,-0.000269108783840272,0.00522276117126156));
#10415=CARTESIAN_POINT('',(0.0107170942483857,-0.000326884332801005,0.00357799622678003));
#10416=CARTESIAN_POINT('',(0.0107168478060912,0.000326877949055955,0.00357775568272598));
#10417=CARTESIAN_POINT('',(0.0107237178360691,0.000108959959258284,0.00357797341427742));
#10418=CARTESIAN_POINT('',(0.0107236670943374,-0.000108956330029352,0.00357792386145266));
#10419=CARTESIAN_POINT('',(0.0107166930126534,-0.000326870917639461,0.00357760450081334));
#10420=CARTESIAN_POINT('',(0.00941030621781391,-0.000898694101731637,0.00225196675605711));
#10421=CARTESIAN_POINT('',(0.00928190313559377,-0.00088643124812654,0.0023970386149726));
#10422=CARTESIAN_POINT('',(0.00900964461440663,-0.000860429825002462,0.00270464065155936));
#10423=CARTESIAN_POINT('',(0.00859359551863842,-0.00082069684063414,0.00317469953952511));
#10424=CARTESIAN_POINT('',(0.00816197246865812,-0.000779476045389184,0.00366235437718064));
#10425=CARTESIAN_POINT('',(0.00773043877105898,-0.000738264731061286,0.00414990839757574));
#10426=CARTESIAN_POINT('',(0.00729885890718973,-0.000697047734800084,0.00463751349399863));
#10427=CARTESIAN_POINT('',(0.00686737424382585,-0.000655839845640527,0.00512501191571205));
#10428=CARTESIAN_POINT('',(0.00644410009237711,-0.00061541547379972,0.00560323413637834));
#10429=CARTESIAN_POINT('',(0.00616470964591253,-0.000588733351483573,0.00591889402047867));
#10430=CARTESIAN_POINT('',(0.00602916761036133,-0.000575788935333117,0.00607203162172663));
#10431=CARTESIAN_POINT('',(0.00948226491967895,-0.000898318143965029,0.00231522913218365));
#10432=CARTESIAN_POINT('',(0.00935287418113869,-0.00088606052082071,0.00245943989291729));
#10433=CARTESIAN_POINT('',(0.00907852194140178,-0.000860070152619186,0.00276521602982483));
#10434=CARTESIAN_POINT('',(0.00865928696565534,-0.000820352992121613,0.00323248237785693));
#10435=CARTESIAN_POINT('',(0.0082243409906786,-0.000779150125057138,0.00371724592587171));
#10436=CARTESIAN_POINT('',(0.00778951247842591,-0.000737956518949418,0.00420188698752769));
#10437=CARTESIAN_POINT('',(0.00735457200169822,-0.000696753227444865,0.00468665312946639));
#10438=CARTESIAN_POINT('',(0.00691980050784033,-0.000655563479514886,0.0051712258095376));
#10439=CARTESIAN_POINT('',(0.00649328247887669,-0.000615157661587605,0.00564659420272695));
#10440=CARTESIAN_POINT('',(0.00621175841359882,-0.000588486931599367,0.00596036801344963));
#10441=CARTESIAN_POINT('',(0.00607518138802707,-0.000575548030657148,0.00611259058292278));
#10442=CARTESIAN_POINT('',(0.00954956781116666,-0.000892261626574937,0.00237522145713892));
#10443=CARTESIAN_POINT('',(0.00941925919133765,-0.000880086510258774,0.00251861623209457));
#10444=CARTESIAN_POINT('',(0.00914296095027069,-0.00085427102079986,0.00282266223461084));
#10445=CARTESIAN_POINT('',(0.00872075889435203,-0.00081481916833769,0.0032872857511458));
#10446=CARTESIAN_POINT('',(0.00828272933404714,-0.0007738933345717,0.00376930957969373));
#10447=CARTESIAN_POINT('',(0.00784483307325884,-0.000732976810058893,0.00425119335010215));
#10448=CARTESIAN_POINT('',(0.00740677523253697,-0.000692047432898164,0.00473325755368358));
#10449=CARTESIAN_POINT('',(0.00696892974164685,-0.000651134041984213,0.00521508245136461));
#10450=CARTESIAN_POINT('',(0.0065394020536171,-0.000610999871580784,0.00568775325810007));
#10451=CARTESIAN_POINT('',(0.00625588223516659,-0.000584508261726396,0.00599974910403408));
#10452=CARTESIAN_POINT('',(0.00611833687569903,-0.000571656255670487,0.00615110915659528));
#10453=CARTESIAN_POINT('',(0.00967809395265597,-0.000868193522254069,0.00249129848454871));
#10454=CARTESIAN_POINT('',(0.00954604030002602,-0.000856347484087653,0.00263310261705107));
#10455=CARTESIAN_POINT('',(0.0092660403123569,-0.000831229819751001,0.0029337762746505));
#10456=CARTESIAN_POINT('',(0.0088381307974184,-0.000792846354750066,0.00339325729964724));
#10457=CARTESIAN_POINT('',(0.00839424452100051,-0.000753028509871628,0.00386991688685346));
#10458=CARTESIAN_POINT('',(0.00795045568910216,-0.000713219022118012,0.00434646104706497));
#10459=CARTESIAN_POINT('',(0.00750650439928912,-0.000673397901773031,0.00482318161761719));
#10460=CARTESIAN_POINT('',(0.0070627276156432,-0.00063358866037514,0.00529971038906804));
#10461=CARTESIAN_POINT('',(0.00662745580385967,-0.000594542655498991,0.00576711588052978));
#10462=CARTESIAN_POINT('',(0.00634010506591311,-0.000568765881426518,0.00607567839901555));
#10463=CARTESIAN_POINT('',(0.00620070065887415,-0.000556260620524812,0.00622537339732822));
#10464=CARTESIAN_POINT('',(0.00974864924969558,-0.00085043921052242,0.00255602074599871));
#10465=CARTESIAN_POINT('',(0.00961563787863013,-0.000838835527612006,0.00269693429298356));
#10466=CARTESIAN_POINT('',(0.00933360692228368,-0.000814231624587574,0.00299572074894328));
#10467=CARTESIAN_POINT('',(0.00890258542923208,-0.000776629792970171,0.00345235240892972));
#10468=CARTESIAN_POINT('',(0.00845549327854411,-0.000737626814239601,0.00392600895489662));
#10469=CARTESIAN_POINT('',(0.00800847329847173,-0.000698629837805346,0.00439958628790858));
#10470=CARTESIAN_POINT('',(0.00756132378959594,-0.000659623229162605,0.00487330462373963));
#10471=CARTESIAN_POINT('',(0.00711428407484665,-0.000620624778447911,0.00534689930095426));
#10472=CARTESIAN_POINT('',(0.00667586444018584,-0.000582378414821766,0.00581136592445496));
#10473=CARTESIAN_POINT('',(0.00638640905824404,-0.000557126931921983,0.00611801959318062));
#10474=CARTESIAN_POINT('',(0.00624598325026541,-0.000544876473728378,0.00626678896315873));
#10475=CARTESIAN_POINT('',(0.00991151649570213,-0.000800225707612779,0.00270778072901749));
#10476=CARTESIAN_POINT('',(0.00977628887971961,-0.000789307509544429,0.00284661919325368));
#10477=CARTESIAN_POINT('',(0.00948955794015078,-0.000766157101906186,0.00314100622983892));
#10478=CARTESIAN_POINT('',(0.00905133053439413,-0.000730777401102879,0.00359092905095335));
#10479=CARTESIAN_POINT('',(0.00859681643862403,-0.000694079882247197,0.00405758102120311));
#10480=CARTESIAN_POINT('',(0.00814233022386847,-0.000657386161985385,0.00452420266740898));
#10481=CARTESIAN_POINT('',(0.00768777947395613,-0.000620686135616146,0.00499089587220759));
#10482=CARTESIAN_POINT('',(0.00723321891791542,-0.000583988084431788,0.0054575924373056));
#10483=CARTESIAN_POINT('',(0.0067875254118962,-0.000548003055715623,0.00591518967518698));
#10484=CARTESIAN_POINT('',(0.00649321648450004,-0.000524242843294152,0.00621735432342691));
#10485=CARTESIAN_POINT('',(0.00635043534246311,-0.00051271583376075,0.00636394652787481));
#10486=CARTESIAN_POINT('',(0.010012280876101,-0.00076034893472342,0.00280381689354007));
#10487=CARTESIAN_POINT('',(0.00987566018122662,-0.000749975810237992,0.00294135437927077));
#10488=CARTESIAN_POINT('',(0.00958597764485486,-0.000727980964381424,0.00323298181907455));
#10489=CARTESIAN_POINT('',(0.00914330640363782,-0.000694361663685407,0.0036786551013581));
#10490=CARTESIAN_POINT('',(0.00868413648228779,-0.000659498865431348,0.00414090043753314));
#10491=CARTESIAN_POINT('',(0.00822502530423266,-0.000624631988076181,0.004603121660772));
#10492=CARTESIAN_POINT('',(0.00776583698681534,-0.00058976881240746,0.00506538430840165));
#10493=CARTESIAN_POINT('',(0.00730664159804844,-0.000554899901789097,0.00552768009618421));
#10494=CARTESIAN_POINT('',(0.0068564088821182,-0.000520712419592414,0.00598093749636296));
#10495=CARTESIAN_POINT('',(0.00655910903463552,-0.000498136387632401,0.00628024545122941));
#10496=CARTESIAN_POINT('',(0.00641487696474905,-0.000487183833694358,0.00642545188156377));
#10497=CARTESIAN_POINT('',(0.0103262350763021,-0.000616064303430602,0.00311111331799177));
#10498=CARTESIAN_POINT('',(0.0101853270767064,-0.00060765351320216,0.00324448881489936));
#10499=CARTESIAN_POINT('',(0.00988655390478998,-0.000589820353049065,0.00352728804860057));
#10500=CARTESIAN_POINT('',(0.00942998846180147,-0.000562586787073211,0.00395936908664467));
#10501=CARTESIAN_POINT('',(0.00895639533589633,-0.000534312680158745,0.00440766222415706));
#10502=CARTESIAN_POINT('',(0.00848286661921668,-0.000506065121483446,0.00485580583992643));
#10503=CARTESIAN_POINT('',(0.00800929661305287,-0.000477788893953387,0.00530408941785104));
#10504=CARTESIAN_POINT('',(0.00753574014533576,-0.000449534817469117,0.00575228051383895));
#10505=CARTESIAN_POINT('',(0.00707140963870511,-0.000421817441026182,0.00619177119335279));
#10506=CARTESIAN_POINT('',(0.00676481891104314,-0.000403523948910019,0.0064819423063926));
#10507=CARTESIAN_POINT('',(0.00661607971052616,-0.000394649164722759,0.00662271545952694));
#10508=CARTESIAN_POINT('',(0.0105216541664726,-0.000493284948408586,0.00331563774150705));
#10509=CARTESIAN_POINT('',(0.0103781212013988,-0.000486546233503506,0.00344618748423992));
#10510=CARTESIAN_POINT('',(0.0100737741664736,-0.000472259795374896,0.00372299934095857));
#10511=CARTESIAN_POINT('',(0.00960844856333524,-0.000450486839408518,0.00414605726068882));
#10512=CARTESIAN_POINT('',(0.00912606484109927,-0.000427834125833069,0.00458481831733513));
#10513=CARTESIAN_POINT('',(0.00864349776946006,-0.00040522988568193,0.00502361208083592));
#10514=CARTESIAN_POINT('',(0.00816134489208803,-0.00038256990143341,0.00546219832804085));
#10515=CARTESIAN_POINT('',(0.00767873677902922,-0.000359953258066604,0.00590105663146125));
#10516=CARTESIAN_POINT('',(0.00720556106527889,-0.000337754055799931,0.00633139354168361));
#10517=CARTESIAN_POINT('',(0.0068931712713389,-0.000323108585254252,0.00661547556934537));
#10518=CARTESIAN_POINT('',(0.0067416192767823,-0.000316003660006625,0.00675329405728507));
#10519=CARTESIAN_POINT('',(0.0107399706994163,-0.000327583732380446,0.00355812687597505));
#10520=CARTESIAN_POINT('',(0.0105934274821037,-0.00032311396422707,0.00368537366539242));
#10521=CARTESIAN_POINT('',(0.0102827064737358,-0.000313636526476727,0.00395517969574964));
#10522=CARTESIAN_POINT('',(0.00980790586493249,-0.000299153734640906,0.00436745829101313));
#10523=CARTESIAN_POINT('',(0.00931538375090612,-0.000284130776810945,0.00479512584148079));
#10524=CARTESIAN_POINT('',(0.00882294593666884,-0.000269110132006405,0.00522271926827526));
#10525=CARTESIAN_POINT('',(0.00833037904173477,-0.000254086201957804,0.00565042736105104));
#10526=CARTESIAN_POINT('',(0.00783795799165591,-0.000239065353819668,0.00607800516570073));
#10527=CARTESIAN_POINT('',(0.00735470968703967,-0.000224328937856467,0.00649762559266368));
#10528=CARTESIAN_POINT('',(0.0070358659962351,-0.000214603201080878,0.00677448388159147));
#10529=CARTESIAN_POINT('',(0.00688118563623961,-0.000209884925462466,0.00690879584341519));
#10530=CARTESIAN_POINT('',(0.0060563502804207,-0.000578384363973636,0.00604132020851931));
#10531=CARTESIAN_POINT('',(0.00636088045938148,-0.000575432760071888,0.00633684824942208));
#10532=CARTESIAN_POINT('',(0.00665509363455,-0.000401460817135037,0.00660758550399951));
#10533=CARTESIAN_POINT('',(0.00692802669586836,-0.000211314164279367,0.00686812176216144));
#10534=CARTESIAN_POINT('',(0.00605635022856351,-0.000578384905979206,0.00604132020842667));
#10535=CARTESIAN_POINT('',(0.00773040807645788,-0.000738261587526478,0.0041499428962571));
#10536=CARTESIAN_POINT('',(0.00936867830203906,-0.000894718519894347,0.00229899864202097));
#10537=CARTESIAN_POINT('',(0.00936867834112321,-0.000894721001271866,0.00229899891016727));
#10538=CARTESIAN_POINT('',(0.00960407530100925,-0.000892414240287636,0.0025274350022649));
#10539=CARTESIAN_POINT('',(0.0100702359906236,-0.000734138978527498,0.00296575627883383));
#10540=CARTESIAN_POINT('',(0.0105060528796021,-0.000473917355742652,0.00337654066046555));
#10541=CARTESIAN_POINT('',(0.0107170902933401,-0.000326886651064291,0.00357799243837139));
#10542=CARTESIAN_POINT('',(0.010739970160677,0.000327583557596585,0.00355812808354474));
#10543=CARTESIAN_POINT('',(0.0105934356372428,0.000323113953072598,0.00368536713406));
#10544=CARTESIAN_POINT('',(0.0102827322622744,0.00031363685603958,0.00395515748453597));
#10545=CARTESIAN_POINT('',(0.00980790815280214,0.00029915359492202,0.0043674569507877));
#10546=CARTESIAN_POINT('',(0.00931542348048024,0.000284131302806003,0.00479509112771454));
#10547=CARTESIAN_POINT('',(0.0088228752817592,0.000269108713347542,0.00522278278564103));
#10548=CARTESIAN_POINT('',(0.00833040461529078,0.0002540865211218,0.00565040489460085));
#10549=CARTESIAN_POINT('',(0.00783789179710389,0.000239064102636299,0.00607806429313137));
#10550=CARTESIAN_POINT('',(0.00735473226309883,0.000224328907718035,0.00649760530219737));
#10551=CARTESIAN_POINT('',(0.00703584682783868,0.000214602011971212,0.00677449999279247));
#10552=CARTESIAN_POINT('',(0.00688112861361964,0.000209882652121338,0.00690884492211732));
#10553=CARTESIAN_POINT('',(0.0106303010715187,0.000410977429769169,0.00343591796673797));
#10554=CARTESIAN_POINT('',(0.0104852629589361,0.000405372017730134,0.00356481921969989));
#10555=CARTESIAN_POINT('',(0.0101777313599566,0.000393485722961826,0.0038381372607641));
#10556=CARTESIAN_POINT('',(0.00970772040793069,0.000375293607353489,0.00425592596342808));
#10557=CARTESIAN_POINT('',(0.00922028504538704,0.00035643275216668,0.00468918450510033));
#10558=CARTESIAN_POINT('',(0.00873276296873219,0.000337585704633259,0.00512248334660754));
#10559=CARTESIAN_POINT('',(0.00824541517613353,0.000318721596733201,0.00555567697154162));
#10560=CARTESIAN_POINT('',(0.00775786553606268,0.000299876558706193,0.00598899183959547));
#10561=CARTESIAN_POINT('',(0.00727978536833232,0.000281370354017038,0.00641395777752993));
#10562=CARTESIAN_POINT('',(0.00696413671253037,0.00026916789267459,0.00669449616665421));
#10563=CARTESIAN_POINT('',(0.00681098736751733,0.000263247607333931,0.00683060981780093));
#10564=CARTESIAN_POINT('',(0.0105338885946091,0.000478384927214327,0.00333180171402541));
#10565=CARTESIAN_POINT('',(0.01039015521687,0.000471858578946205,0.00346213426986397));
#10566=CARTESIAN_POINT('',(0.0100853907375874,0.000458020155654894,0.00373848539260672));
#10567=CARTESIAN_POINT('',(0.00961962772362025,0.000436862003387896,0.00416085589020909));
#10568=CARTESIAN_POINT('',(0.00913654254779134,0.000414914191441217,0.0045989383488999));
#10569=CARTESIAN_POINT('',(0.00865347508880044,0.000392979631194616,0.00503697174962047));
#10570=CARTESIAN_POINT('',(0.00817040986421821,0.000371031478988353,0.00547503937122977));
#10571=CARTESIAN_POINT('',(0.00768730083403786,0.000349100418628641,0.00591309661992498));
#10572=CARTESIAN_POINT('',(0.00721360187778997,0.000327563150433884,0.00634270593418054));
#10573=CARTESIAN_POINT('',(0.00690080165426224,0.000313362533387511,0.00662633704999367));
#10574=CARTESIAN_POINT('',(0.00674903373936892,0.000306472806006437,0.00676395162412121));
#10575=CARTESIAN_POINT('',(0.0103295192049049,0.000605003920428434,0.00311792060795744));
#10576=CARTESIAN_POINT('',(0.010188572098379,0.000596747403313464,0.00325118248881889));
#10577=CARTESIAN_POINT('',(0.00988971568608487,0.000579241101156529,0.00353374252703421));
#10578=CARTESIAN_POINT('',(0.00943298808879589,0.000552497878986031,0.00396553353068814));
#10579=CARTESIAN_POINT('',(0.00895920478293847,0.000524757278172367,0.00441344694760009));
#10580=CARTESIAN_POINT('',(0.00848555499213424,0.00049701332089046,0.0048612625139844));
#10581=CARTESIAN_POINT('',(0.00801172724277536,0.000469270132445473,0.00530922288959747));
#10582=CARTESIAN_POINT('',(0.0075380300750009,0.000441525480553872,0.00575707894276256));
#10583=CARTESIAN_POINT('',(0.00707352540591741,0.000414313606721131,0.00619625158751782));
#10584=CARTESIAN_POINT('',(0.00676679392310575,0.000396347147889524,0.00648625363584136));
#10585=CARTESIAN_POINT('',(0.00661797047295741,0.000387630014149332,0.00662696008727845));
#10586=CARTESIAN_POINT('',(0.01021694916231,0.000666578474229123,0.00300405008342864));
#10587=CARTESIAN_POINT('',(0.010077540261452,0.000657482467586727,0.00313886093626255));
#10588=CARTESIAN_POINT('',(0.00978194563479606,0.000638195943983593,0.00342470560472341));
#10589=CARTESIAN_POINT('',(0.0093302107049007,0.000608725623769227,0.00386152468093972));
#10590=CARTESIAN_POINT('',(0.00886162230697354,0.000578154752213143,0.00431464758098127));
#10591=CARTESIAN_POINT('',(0.00839312625184865,0.00054758938376506,0.00476767954406139));
#10592=CARTESIAN_POINT('',(0.00792451805845129,0.000517016215052696,0.00522082700758023));
#10593=CARTESIAN_POINT('',(0.00745596730868037,0.000486450197184807,0.00567390623338786));
#10594=CARTESIAN_POINT('',(0.00699651416444412,0.00045645961073352,0.00611823599197008));
#10595=CARTESIAN_POINT('',(0.00669311907091229,0.000436665470299257,0.00641162042056239));
#10596=CARTESIAN_POINT('',(0.00654591441678754,0.000427061658995821,0.00655396766122709));
#10597=CARTESIAN_POINT('',(0.0100167230897825,0.000758459750858867,0.00280819243829583));
#10598=CARTESIAN_POINT('',(0.00988004758414241,0.000748111276672948,0.00294567119834785));
#10599=CARTESIAN_POINT('',(0.00959024928595852,0.000726168897065991,0.00323717306284499));
#10600=CARTESIAN_POINT('',(0.00914739037890981,0.000692633925538367,0.00368264722444761));
#10601=CARTESIAN_POINT('',(0.00868803563482302,0.000657850493739887,0.0041447101794328));
#10602=CARTESIAN_POINT('',(0.00822871593589633,0.000623071470590595,0.00460673504061113));
#10603=CARTESIAN_POINT('',(0.00776938798455744,0.00058828725806515,0.00506877913154592));
#10604=CARTESIAN_POINT('',(0.00730998786332919,0.000553512012674197,0.00553085041084834));
#10605=CARTESIAN_POINT('',(0.00685955644901188,0.000519375560492377,0.00598405404435135));
#10606=CARTESIAN_POINT('',(0.00656208995159454,0.000496857779299475,0.00628325104742266));
#10607=CARTESIAN_POINT('',(0.00641776141069557,0.000485932671250681,0.00642841785976622));
#10608=CARTESIAN_POINT('',(0.00992526517476876,0.000794560189262368,0.00272087726720114));
#10609=CARTESIAN_POINT('',(0.00978984173235795,0.000783718703838297,0.002859543628038));
#10610=CARTESIAN_POINT('',(0.00950269754424266,0.000760731078295907,0.00315356369734922));
#10611=CARTESIAN_POINT('',(0.00906387380398728,0.000725601958596951,0.00360288878548258));
#10612=CARTESIAN_POINT('',(0.00860873668866836,0.000689158547034409,0.00406895477416592));
#10613=CARTESIAN_POINT('',(0.00815354453230722,0.000652742738450939,0.00453492867964297));
#10614=CARTESIAN_POINT('',(0.0076986444920406,0.000616232396239998,0.00500116594621433));
#10615=CARTESIAN_POINT('',(0.0072426118434759,0.000580064466533755,0.00546647122943406));
#10616=CARTESIAN_POINT('',(0.00679930003274213,0.000543337229348492,0.00592642684826719));
#10617=CARTESIAN_POINT('',(0.00650413198196524,0.000519880079234128,0.00622782584501009));
#10618=CARTESIAN_POINT('',(0.00636088610511013,0.00050850963849582,0.00637403050335717));
#10619=CARTESIAN_POINT('',(0.00976465946450224,0.000846148860354683,0.00257076964232204));
#10620=CARTESIAN_POINT('',(0.0096314261951052,0.000834603586028026,0.00271148706165868));
#10621=CARTESIAN_POINT('',(0.00934892583799014,0.000810123605363194,0.00300985657662019));
#10622=CARTESIAN_POINT('',(0.00891719631645599,0.00077271137108446,0.00346584365211275));
#10623=CARTESIAN_POINT('',(0.00846937469310994,0.000733910041893907,0.00393879936124513));
#10624=CARTESIAN_POINT('',(0.00802165002375951,0.000695095546419978,0.00441175977779202));
#10625=CARTESIAN_POINT('',(0.00757366121950576,0.000656340827275494,0.0048845972955845));
#10626=CARTESIAN_POINT('',(0.00712647197914841,0.00061734723992838,0.00535808719851643));
#10627=CARTESIAN_POINT('',(0.00668509397679854,0.00057999064050619,0.0058199298482121));
#10628=CARTESIAN_POINT('',(0.00639544760719682,0.000554768113518626,0.00612644682917509));
#10629=CARTESIAN_POINT('',(0.00625493825203342,0.000542522858632993,0.00627518709319471));
#10630=CARTESIAN_POINT('',(0.00969894571561009,0.000863684760079044,0.0025102333211205));
#10631=CARTESIAN_POINT('',(0.00956660462850843,0.000851900103976192,0.00265177854303173));
#10632=CARTESIAN_POINT('',(0.00928599602588615,0.000826912507812999,0.00295190340619098));
#10633=CARTESIAN_POINT('',(0.00885715820557728,0.000788723191482432,0.00341057676427965));
#10634=CARTESIAN_POINT('',(0.00841229406950779,0.000749124213761419,0.00388629651292198));
#10635=CARTESIAN_POINT('',(0.00796769020199587,0.000709477715122692,0.00436213078589741));
#10636=CARTESIAN_POINT('',(0.00752222981276217,0.000670020027606586,0.00483740757904305));
#10637=CARTESIAN_POINT('',(0.00707967845196516,0.000629836024380798,0.00531506550463439));
#10638=CARTESIAN_POINT('',(0.00663534968054204,0.000593108649458958,0.00577443062743412));
#10639=CARTESIAN_POINT('',(0.00634849213002095,0.000567166283580764,0.00608346289511619));
#10640=CARTESIAN_POINT('',(0.00620940000303283,0.000554556402849041,0.00623347974011981));
#10641=CARTESIAN_POINT('',(0.009586131720802,0.000885765195287477,0.00240817886861873));
#10642=CARTESIAN_POINT('',(0.00945532790779866,0.00087367891980493,0.00255112232464824));
#10643=CARTESIAN_POINT('',(0.00917797850131285,0.000848051888939721,0.00285421183960993));
#10644=CARTESIAN_POINT('',(0.00875411085499648,0.000808888442054725,0.00331741333077242));
#10645=CARTESIAN_POINT('',(0.00831447552284697,0.000768257358281418,0.00379789379709357));
#10646=CARTESIAN_POINT('',(0.00787480615611342,0.000727664905374416,0.00427820926275522));
#10647=CARTESIAN_POINT('',(0.00743538959383423,0.000686940069924028,0.00475900914024981));
#10648=CARTESIAN_POINT('',(0.00699471555012688,0.00064668226344194,0.00523835033221364));
#10649=CARTESIAN_POINT('',(0.00656762306185551,0.000605526581451277,0.00571324714160162));
#10650=CARTESIAN_POINT('',(0.00628242164726765,0.000579410051036715,0.00602377139417902));
#10651=CARTESIAN_POINT('',(0.00614400143079546,0.000566752887418163,0.0061743935179671));
#10652=CARTESIAN_POINT('',(0.00954512585019222,0.000892037452310103,0.0023714653188556));
#10653=CARTESIAN_POINT('',(0.00941487894085215,0.000879865306545436,0.00251490902604694));
#10654=CARTESIAN_POINT('',(0.00913871046787199,0.000854056232971999,0.00281905946834711));
#10655=CARTESIAN_POINT('',(0.00871665078075262,0.000814615540753047,0.0032838890392108));
#10656=CARTESIAN_POINT('',(0.00827892652727926,0.000773688766822156,0.00376608203830865));
#10657=CARTESIAN_POINT('',(0.00784100934537556,0.000732833447249803,0.00424797661162275));
#10658=CARTESIAN_POINT('',(0.00740393364672962,0.000691723859130884,0.00473086095754959));
#10659=CARTESIAN_POINT('',(0.0069634244129431,0.000651536713577845,0.00521038160369779));
#10660=CARTESIAN_POINT('',(0.00654445739626519,0.000608784197805167,0.00569242501576709));
#10661=CARTESIAN_POINT('',(0.00625960093697515,0.000582664682080363,0.00600327398616216));
#10662=CARTESIAN_POINT('',(0.00612128013818647,0.000570020301120219,0.00615399418320329));
#10663=CARTESIAN_POINT('',(0.00948958440550952,0.000897311714214576,0.00232196734432528));
#10664=CARTESIAN_POINT('',(0.00936009846301181,0.000885067774474714,0.00246608799735318));
#10665=CARTESIAN_POINT('',(0.00908554303833476,0.000859106489813565,0.0027716737810939));
#10666=CARTESIAN_POINT('',(0.00866593450695885,0.000819433689862508,0.00323869640409317));
#10667=CARTESIAN_POINT('',(0.0082306645331274,0.000778276766616499,0.0037230609642446));
#10668=CARTESIAN_POINT('',(0.00779565403877273,0.000737143824218987,0.00420755981053368));
#10669=CARTESIAN_POINT('',(0.00735975964924168,0.000695934037180113,0.00469145700568596));
#10670=CARTESIAN_POINT('',(0.00692693661179944,0.000654989331100308,0.00517784262791474));
#10671=CARTESIAN_POINT('',(0.0064916254968182,0.00061389497572131,0.00564529453639906));
#10672=CARTESIAN_POINT('',(0.00621104113165554,0.000587353675895691,0.00595996105208658));
#10673=CARTESIAN_POINT('',(0.00607499700984641,0.00057448412071283,0.00611271556727084));
#10674=CARTESIAN_POINT('',(0.00945545013629694,0.000898459808599719,0.00229161141175203));
#10675=CARTESIAN_POINT('',(0.00932643309693021,0.000886200303790369,0.00243614562917525));
#10676=CARTESIAN_POINT('',(0.00905287182714082,0.000860205904268268,0.00274260868551084));
#10677=CARTESIAN_POINT('',(0.00863478016194914,0.000820479130239767,0.00321098327609674));
#10678=CARTESIAN_POINT('',(0.00820107820525625,0.000779273568194992,0.00369672108421214));
#10679=CARTESIAN_POINT('',(0.00776768472924092,0.000738071102734238,0.00418266467996233));
#10680=CARTESIAN_POINT('',(0.00733319432377378,0.000696866959017159,0.00466777912841314));
#10681=CARTESIAN_POINT('',(0.00690264517061428,0.000655652528685659,0.00515614415942394));
#10682=CARTESIAN_POINT('',(0.0064662795613327,0.00061529570519655,0.00562285902164744));
#10683=CARTESIAN_POINT('',(0.00618706422275596,0.000588610104591235,0.00593872370927286));
#10684=CARTESIAN_POINT('',(0.0060517122942444,0.000575661991283863,0.00609208237097971));
#10685=CARTESIAN_POINT('',(0.0094103249762521,0.000898695434808087,0.00225194549380933));
#10686=CARTESIAN_POINT('',(0.0092819235257949,0.000886432726795743,0.00239701548811162));
#10687=CARTESIAN_POINT('',(0.00900966725183294,0.000860431533596634,0.00270461495724671));
#10688=CARTESIAN_POINT('',(0.00859356196040842,0.000820694323308709,0.00317473777739458));
#10689=CARTESIAN_POINT('',(0.00816199807650257,0.000779477875590852,0.00366232527683818));
#10690=CARTESIAN_POINT('',(0.00773044817352165,0.000738265552727009,0.00414989769186392));
#10691=CARTESIAN_POINT('',(0.00729886795903001,0.00069704842875117,0.00463750323998997));
#10692=CARTESIAN_POINT('',(0.00686735423298912,0.000655838595299885,0.00512503461130941));
#10693=CARTESIAN_POINT('',(0.00644406854072651,0.0006154123536628,0.0056032696800419));
#10694=CARTESIAN_POINT('',(0.00616464916708004,0.00058872754566569,0.00591896233348655));
#10695=CARTESIAN_POINT('',(0.00602907858083132,0.000575780448068819,0.00607213223685015));
#10696=CARTESIAN_POINT('',(0.00940659972237097,0.000898714886649285,0.00224867092116255));
#10697=CARTESIAN_POINT('',(0.00927824909112354,0.00088645191420033,0.00239378514588743));
#10698=CARTESIAN_POINT('',(0.00900610054953895,0.000860450160157301,0.00270147843022866));
#10699=CARTESIAN_POINT('',(0.00859015924083667,0.0008207120883164,0.00317174557338734));
#10700=CARTESIAN_POINT('',(0.0081587718629851,0.000779494741944758,0.0036594857718971));
#10701=CARTESIAN_POINT('',(0.00772737415398188,0.000738281605314735,0.00414719265215956));
#10702=CARTESIAN_POINT('',(0.00729603418684261,0.000697063409769082,0.00463500385005449));
#10703=CARTESIAN_POINT('',(0.0068644408316355,0.000655853955807773,0.0051224663995903));
#10704=CARTESIAN_POINT('',(0.00644223493635514,0.0006154219834381,0.00560165250526019));
#10705=CARTESIAN_POINT('',(0.00616279871883632,0.000588737240873817,0.0059173309566278));
#10706=CARTESIAN_POINT('',(0.00602721008155835,0.000575790227127718,0.00607048527727103));
#10707=CARTESIAN_POINT('',(0.00940287446848983,0.000898734338490483,0.00224539634851576));
#10708=CARTESIAN_POINT('',(0.00927457465645218,0.000886471101604917,0.00239055480366323));
#10709=CARTESIAN_POINT('',(0.00900253384724497,0.000860468786717968,0.00269834190321061));
#10710=CARTESIAN_POINT('',(0.00858675652126492,0.000820729853324092,0.00316875336938009));
#10711=CARTESIAN_POINT('',(0.00815554564946762,0.000779511608298663,0.00365664626695601));
#10712=CARTESIAN_POINT('',(0.0077243001344421,0.00073829765790246,0.00414448761245521));
#10713=CARTESIAN_POINT('',(0.00729320041465522,0.000697078390786995,0.004632504460119));
#10714=CARTESIAN_POINT('',(0.00686152743028188,0.00065586931631566,0.00511989818787119));
#10715=CARTESIAN_POINT('',(0.00644040133198377,0.0006154316132134,0.00560003533047849));
#10716=CARTESIAN_POINT('',(0.0061609482705926,0.000588746936081944,0.00591569957976905));
#10717=CARTESIAN_POINT('',(0.00602534158228538,0.000575800006186617,0.00606883831769191));
#10718=CARTESIAN_POINT('',(0.0093991492146087,0.000898753790331681,0.00224212177586897));
#10719=CARTESIAN_POINT('',(0.00927090022178082,0.000886490289009503,0.00238732446143903));
#10720=CARTESIAN_POINT('',(0.00899896714495098,0.000860487413278635,0.00269520537619255));
#10721=CARTESIAN_POINT('',(0.00858335380169317,0.000820747618331783,0.00316576116537285));
#10722=CARTESIAN_POINT('',(0.00815231943595015,0.000779528474652569,0.00365380676201493));
#10723=CARTESIAN_POINT('',(0.00772122611490233,0.000738313710490186,0.00414178257275085));
#10724=CARTESIAN_POINT('',(0.00729036664246782,0.000697093371804907,0.00463000507018352));
#10725=CARTESIAN_POINT('',(0.00685861402892826,0.000655884676823548,0.00511732997615208));
#10726=CARTESIAN_POINT('',(0.00643856772761239,0.000615441242988701,0.00559841815569678));
#10727=CARTESIAN_POINT('',(0.00615909782234888,0.000588756631290072,0.00591406820291031));
#10728=CARTESIAN_POINT('',(0.0060234730830124,0.000575809785245516,0.00606719135811279));
#10729=CARTESIAN_POINT('',(0.0069280256982989,0.000211311577071558,0.00686812071226371));
#10730=CARTESIAN_POINT('',(0.00665514661352676,0.000401418240828134,0.00660763583669863));
#10731=CARTESIAN_POINT('',(0.00636050534273033,0.000575437391957599,0.0063364843110666));
#10732=CARTESIAN_POINT('',(0.00605635021774163,0.000578384915640632,0.00604132019881119));
#10733=CARTESIAN_POINT('',(0.00605635011842652,0.000578384005691569,0.00604132001793273));
#10734=CARTESIAN_POINT('',(0.0107170917653437,0.000326885882909115,0.00357799385117149));
#10735=CARTESIAN_POINT('',(0.0105059663125088,0.000473972251719295,0.0033764578529231));
#10736=CARTESIAN_POINT('',(0.0100693407320995,0.000734859244581039,0.00296493589200744));
#10737=CARTESIAN_POINT('',(0.0096044543188101,0.000892406744969437,0.00252780246888963));
#10738=CARTESIAN_POINT('',(0.00936867801915586,0.000894718060118149,0.0022989983245951));
#10739=CARTESIAN_POINT('',(0.00936867843327885,0.00089472098575614,0.00229899899824227));
#10740=CARTESIAN_POINT('',(0.00773042012092586,0.00073826255596473,0.00414992920057475));
#10741=CARTESIAN_POINT('',(0.00759086188344876,0.000724921043174474,0.00404669388945717));
#10742=CARTESIAN_POINT('',(0.00605635022675725,0.000578382871278675,0.00604132001792676));
#10743=CARTESIAN_POINT('',(0.00599192361567995,0.000572230785856205,0.00597816929224917));
#10744=CARTESIAN_POINT('',(0.00592749700460256,0.000566078700433725,0.00591501856657167));
#10745=CARTESIAN_POINT('',(0.00586307039352515,0.000559926615011244,0.00585186784089419));
#10746=CARTESIAN_POINT('',(0.00936868114437098,0.000894692594990808,0.00229899899817791));
#10747=CARTESIAN_POINT('',(0.00759238075925164,-0.00072506659786006,0.00404802241991509));
#10748=CARTESIAN_POINT('',(0.0058630649523096,-0.000559919561192175,0.00585186190130036));
#10749=CARTESIAN_POINT('',(0.00592749366158752,-0.000566071703565826,0.00591501467032428));
#10750=CARTESIAN_POINT('',(0.00599192237086541,-0.000572223845939475,0.00597816743934832));
#10751=CARTESIAN_POINT('',(0.0060563510801432,-0.000578375988313112,0.00604132020837238));
#10752=CARTESIAN_POINT('',(0.00906979555524018,-0.000866160166135438,0.00200603320155829));
#10753=CARTESIAN_POINT('',(0.,0.,0.00193670395716381));
#10754=CARTESIAN_POINT('',(0.,0.,0.00580711639365242));
#10755=CARTESIAN_POINT('',(0.,-0.0015,0.00585003390593274));
#10756=MECHANICAL_DESIGN_GEOMETRIC_PRESENTATION_REPRESENTATION('',(#2716),
#10757);
#10757=(
GEOMETRIC_REPRESENTATION_CONTEXT(3)
GLOBAL_UNCERTAINTY_ASSIGNED_CONTEXT((#10758))
GLOBAL_UNIT_ASSIGNED_CONTEXT((#10761,#10760,#10759))
REPRESENTATION_CONTEXT('Bevel 1M 20T 45deg','TOP_LEVEL_ASSEMBLY_PART')
);
#10758=UNCERTAINTY_MEASURE_WITH_UNIT(LENGTH_MEASURE(2.84500286730054E-5),
#10761,'DISTANCE_ACCURACY_VALUE','Maximum Tolerance applied to model');
#10759=(
NAMED_UNIT(*)
SI_UNIT($,.STERADIAN.)
SOLID_ANGLE_UNIT()
);
#10760=(
NAMED_UNIT(*)
PLANE_ANGLE_UNIT()
SI_UNIT($,.RADIAN.)
);
#10761=(
LENGTH_UNIT()
NAMED_UNIT(*)
SI_UNIT($,.METRE.)
);
#10762=PRODUCT_DEFINITION_SHAPE('','',#10763);
#10763=PRODUCT_DEFINITION('','',#10765,#10764);
#10764=PRODUCT_DEFINITION_CONTEXT('',#10771,'design');
#10765=PRODUCT_DEFINITION_FORMATION_WITH_SPECIFIED_SOURCE('','',#10767,
 .NOT_KNOWN.);
#10766=PRODUCT_RELATED_PRODUCT_CATEGORY('','',(#10767));
#10767=PRODUCT('Bevel 1M 20T 45deg','Bevel 1M 20T 45deg',
'Bevel 1M 20T 45deg',(#10769));
#10768=PRODUCT_CATEGORY('','');
#10769=PRODUCT_CONTEXT('',#10771,'mechanical');
#10770=APPLICATION_PROTOCOL_DEFINITION('international standard',
'ap242_managed_model_based_3d_engineering',2020,#10771);
#10771=APPLICATION_CONTEXT('managed model based 3d engineering');
ENDSEC;
END-ISO-10303-21;
