ISO-10303-21;
HEADER;
/* Generated by software containing ST-Developer
 * from STEP Tools, Inc. (www.steptools.com) 
 */
/* OPTION: using custom renumber hook */

FILE_DESCRIPTION(
/* description */ ('STEP AP242 Edition 2',
'CAx-IF Rec.Pracs.---Representation and Presentation of Product Manufa
cturing Information (PMI)---4.0---2014-10-13',
'CAx-IF Rec.Pracs.---3D Tessellated Geometry---0.4---2014-09-14','2;1',
'CAx-IF Rec.Pracs.---User Defined Attributes---1.5---2016-08-15'),
/* implementation_level */ '2;1');

FILE_NAME(
/* name */ 'filament - filament',
/* time_stamp */ '2026-09-27T03:12:07Z',
/* author */ (''),
/* organization */ (''),
/* preprocessor_version */ 'ST-DEVELOPER v20',
/* originating_system */ 'ONSHAPE BY PTC INC, 1.221',
/* authorisation */ '  ');

FILE_SCHEMA (('AP242_MANAGED_MODEL_BASED_3D_ENGINEERING_MIM_LF { 1 0 10303 442 3 1 4 }'));
ENDSEC;

DATA;
#10=SHAPE_REPRESENTATION_RELATIONSHIP('','',#183,#11);
#11=ADVANCED_BREP_SHAPE_REPRESENTATION('',(#181),#6253);
#12=(
BOUNDED_SURFACE()
B_SPLINE_SURFACE(3,2,((#1122,#1123,#1124,#1125,#1126,#1127,#1128,#1129,
#1130,#1131,#1132,#1133,#1134),(#1135,#1136,#1137,#1138,#1139,#1140,#1141,
#1142,#1143,#1144,#1145,#1146,#1147),(#1148,#1149,#1150,#1151,#1152,#1153,
#1154,#1155,#1156,#1157,#1158,#1159,#1160),(#1161,#1162,#1163,#1164,#1165,
#1166,#1167,#1168,#1169,#1170,#1171,#1172,#1173)),.UNSPECIFIED.,.F.,.F.,
 .F.)
B_SPLINE_SURFACE_WITH_KNOTS((4,4),(3,2,2,2,2,2,3),(0.499999999993618,1.),
(0.,0.166666666666667,0.333333333333334,0.5,0.666666666666667,0.833333333333333,
1.),.PIECEWISE_BEZIER_KNOTS.)
GEOMETRIC_REPRESENTATION_ITEM()
RATIONAL_B_SPLINE_SURFACE(((0.978991596638654,0.847831592780563,0.978991596638654,
0.847831592780563,0.978991596638654,0.847831592780563,0.978991596638654,
0.847831592780563,0.978991596638654,0.847831592780563,0.978991596638654,
0.847831592780563,0.978991596638654),(0.978991596638475,0.847831592780408,
0.978991596638475,0.847831592780408,0.978991596638475,0.847831592780408,
0.978991596638475,0.847831592780408,0.978991596638475,0.847831592780408,
0.978991596638475,0.847831592780408,0.978991596638475),(0.985994397758924,
0.853896196448367,0.985994397758924,0.853896196448367,0.985994397758924,
0.853896196448367,0.985994397758924,0.853896196448367,0.985994397758924,
0.853896196448367,0.985994397758924,0.853896196448367,0.985994397758924),
(1.,0.866025403784439,1.,0.866025403784439,1.,0.866025403784439,1.,0.866025403784439,
1.,0.866025403784439,1.,0.866025403784439,1.)))
REPRESENTATION_ITEM('')
SURFACE()
);
#13=(
BOUNDED_SURFACE()
B_SPLINE_SURFACE(3,2,((#1614,#1615,#1616,#1617,#1618,#1619,#1620,#1621,
#1622,#1623,#1624,#1625,#1626,#1627,#1628,#1629,#1630,#1631,#1632,#1633,
#1634,#1635,#1636,#1637,#1638,#1639,#1640,#1641,#1642,#1643,#1644,#1645,
#1646,#1647,#1648,#1649,#1650,#1651,#1652,#1653,#1654,#1655,#1656,#1657,
#1658,#1659,#1660,#1661,#1662,#1663,#1664,#1665,#1666,#1667,#1668,#1669,
#1670,#1671,#1672,#1673,#1674,#1675,#1676,#1677,#1678,#1679,#1680,#1681,
#1682,#1683,#1684,#1685,#1686,#1687,#1688,#1689,#1690,#1691,#1692,#1693,
#1694,#1695,#1696,#1697,#1698,#1699,#1700,#1701,#1702,#1703,#1704,#1705,
#1706,#1707,#1708,#1709,#1710,#1711,#1712,#1713,#1714,#1715,#1716,#1717,
#1718,#1719,#1720,#1721,#1722,#1723,#1724,#1725,#1726,#1727,#1728,#1729,
#1730,#1731,#1732,#1733,#1734,#1735,#1736,#1737,#1738,#1739,#1740,#1741,
#1742,#1743,#1744,#1745,#1746,#1747,#1748,#1749,#1750,#1751,#1752,#1753,
#1754,#1755,#1756,#1757,#1758,#1759,#1760,#1761,#1762,#1763,#1764,#1765,
#1766,#1767,#1768,#1769,#1770,#1771,#1772,#1773,#1774,#1775,#1776,#1777,
#1778,#1779,#1780,#1781,#1782,#1783,#1784,#1785,#1786,#1787,#1788,#1789,
#1790,#1791,#1792,#1793,#1794,#1795,#1796,#1797,#1798,#1799,#1800,#1801,
#1802,#1803,#1804,#1805,#1806,#1807,#1808,#1809,#1810,#1811,#1812,#1813,
#1814,#1815,#1816,#1817,#1818,#1819,#1820,#1821,#1822,#1823,#1824,#1825,
#1826,#1827,#1828,#1829,#1830,#1831,#1832,#1833,#1834,#1835,#1836,#1837,
#1838,#1839,#1840,#1841,#1842,#1843,#1844,#1845,#1846,#1847,#1848,#1849,
#1850,#1851,#1852,#1853,#1854,#1855,#1856,#1857,#1858,#1859,#1860,#1861,
#1862,#1863,#1864,#1865,#1866,#1867,#1868,#1869,#1870,#1871,#1872,#1873,
#1874,#1875,#1876,#1877,#1878,#1879,#1880,#1881,#1882,#1883,#1884,#1885,
#1886,#1887,#1888,#1889,#1890,#1891,#1892,#1893,#1894,#1895,#1896,#1897,
#1898,#1899,#1900,#1901,#1902,#1903,#1904,#1905,#1906,#1907,#1908,#1909,
#1910,#1911,#1912,#1913,#1914,#1915,#1916,#1917,#1918,#1919,#1920,#1921,
#1922,#1923,#1924,#1925,#1926,#1927,#1928,#1929,#1930,#1931,#1932,#1933,
#1934,#1935,#1936,#1937,#1938,#1939,#1940,#1941,#1942,#1943,#1944,#1945,
#1946,#1947,#1948,#1949,#1950,#1951,#1952,#1953,#1954,#1955,#1956,#1957,
#1958,#1959,#1960,#1961,#1962,#1963,#1964,#1965,#1966,#1967,#1968,#1969,
#1970,#1971,#1972,#1973,#1974,#1975,#1976,#1977,#1978,#1979,#1980,#1981,
#1982,#1983,#1984,#1985,#1986,#1987,#1988,#1989,#1990,#1991,#1992,#1993,
#1994,#1995,#1996,#1997,#1998,#1999,#2000,#2001,#2002,#2003,#2004,#2005,
#2006,#2007,#2008,#2009,#2010,#2011,#2012,#2013,#2014,#2015,#2016,#2017,
#2018,#2019,#2020,#2021,#2022,#2023,#2024,#2025,#2026,#2027,#2028,#2029,
#2030,#2031,#2032,#2033,#2034),(#2035,#2036,#2037,#2038,#2039,#2040,#2041,
#2042,#2043,#2044,#2045,#2046,#2047,#2048,#2049,#2050,#2051,#2052,#2053,
#2054,#2055,#2056,#2057,#2058,#2059,#2060,#2061,#2062,#2063,#2064,#2065,
#2066,#2067,#2068,#2069,#2070,#2071,#2072,#2073,#2074,#2075,#2076,#2077,
#2078,#2079,#2080,#2081,#2082,#2083,#2084,#2085,#2086,#2087,#2088,#2089,
#2090,#2091,#2092,#2093,#2094,#2095,#2096,#2097,#2098,#2099,#2100,#2101,
#2102,#2103,#2104,#2105,#2106,#2107,#2108,#2109,#2110,#2111,#2112,#2113,
#2114,#2115,#2116,#2117,#2118,#2119,#2120,#2121,#2122,#2123,#2124,#2125,
#2126,#2127,#2128,#2129,#2130,#2131,#2132,#2133,#2134,#2135,#2136,#2137,
#2138,#2139,#2140,#2141,#2142,#2143,#2144,#2145,#2146,#2147,#2148,#2149,
#2150,#2151,#2152,#2153,#2154,#2155,#2156,#2157,#2158,#2159,#2160,#2161,
#2162,#2163,#2164,#2165,#2166,#2167,#2168,#2169,#2170,#2171,#2172,#2173,
#2174,#2175,#2176,#2177,#2178,#2179,#2180,#2181,#2182,#2183,#2184,#2185,
#2186,#2187,#2188,#2189,#2190,#2191,#2192,#2193,#2194,#2195,#2196,#2197,
#2198,#2199,#2200,#2201,#2202,#2203,#2204,#2205,#2206,#2207,#2208,#2209,
#2210,#2211,#2212,#2213,#2214,#2215,#2216,#2217,#2218,#2219,#2220,#2221,
#2222,#2223,#2224,#2225,#2226,#2227,#2228,#2229,#2230,#2231,#2232,#2233,
#2234,#2235,#2236,#2237,#2238,#2239,#2240,#2241,#2242,#2243,#2244,#2245,
#2246,#2247,#2248,#2249,#2250,#2251,#2252,#2253,#2254,#2255,#2256,#2257,
#2258,#2259,#2260,#2261,#2262,#2263,#2264,#2265,#2266,#2267,#2268,#2269,
#2270,#2271,#2272,#2273,#2274,#2275,#2276,#2277,#2278,#2279,#2280,#2281,
#2282,#2283,#2284,#2285,#2286,#2287,#2288,#2289,#2290,#2291,#2292,#2293,
#2294,#2295,#2296,#2297,#2298,#2299,#2300,#2301,#2302,#2303,#2304,#2305,
#2306,#2307,#2308,#2309,#2310,#2311,#2312,#2313,#2314,#2315,#2316,#2317,
#2318,#2319,#2320,#2321,#2322,#2323,#2324,#2325,#2326,#2327,#2328,#2329,
#2330,#2331,#2332,#2333,#2334,#2335,#2336,#2337,#2338,#2339,#2340,#2341,
#2342,#2343,#2344,#2345,#2346,#2347,#2348,#2349,#2350,#2351,#2352,#2353,
#2354,#2355,#2356,#2357,#2358,#2359,#2360,#2361,#2362,#2363,#2364,#2365,
#2366,#2367,#2368,#2369,#2370,#2371,#2372,#2373,#2374,#2375,#2376,#2377,
#2378,#2379,#2380,#2381,#2382,#2383,#2384,#2385,#2386,#2387,#2388,#2389,
#2390,#2391,#2392,#2393,#2394,#2395,#2396,#2397,#2398,#2399,#2400,#2401,
#2402,#2403,#2404,#2405,#2406,#2407,#2408,#2409,#2410,#2411,#2412,#2413,
#2414,#2415,#2416,#2417,#2418,#2419,#2420,#2421,#2422,#2423,#2424,#2425,
#2426,#2427,#2428,#2429,#2430,#2431,#2432,#2433,#2434,#2435,#2436,#2437,
#2438,#2439,#2440,#2441,#2442,#2443,#2444,#2445,#2446,#2447,#2448,#2449,
#2450,#2451,#2452,#2453,#2454,#2455),(#2456,#2457,#2458,#2459,#2460,#2461,
#2462,#2463,#2464,#2465,#2466,#2467,#2468,#2469,#2470,#2471,#2472,#2473,
#2474,#2475,#2476,#2477,#2478,#2479,#2480,#2481,#2482,#2483,#2484,#2485,
#2486,#2487,#2488,#2489,#2490,#2491,#2492,#2493,#2494,#2495,#2496,#2497,
#2498,#2499,#2500,#2501,#2502,#2503,#2504,#2505,#2506,#2507,#2508,#2509,
#2510,#2511,#2512,#2513,#2514,#2515,#2516,#2517,#2518,#2519,#2520,#2521,
#2522,#2523,#2524,#2525,#2526,#2527,#2528,#2529,#2530,#2531,#2532,#2533,
#2534,#2535,#2536,#2537,#2538,#2539,#2540,#2541,#2542,#2543,#2544,#2545,
#2546,#2547,#2548,#2549,#2550,#2551,#2552,#2553,#2554,#2555,#2556,#2557,
#2558,#2559,#2560,#2561,#2562,#2563,#2564,#2565,#2566,#2567,#2568,#2569,
#2570,#2571,#2572,#2573,#2574,#2575,#2576,#2577,#2578,#2579,#2580,#2581,
#2582,#2583,#2584,#2585,#2586,#2587,#2588,#2589,#2590,#2591,#2592,#2593,
#2594,#2595,#2596,#2597,#2598,#2599,#2600,#2601,#2602,#2603,#2604,#2605,
#2606,#2607,#2608,#2609,#2610,#2611,#2612,#2613,#2614,#2615,#2616,#2617,
#2618,#2619,#2620,#2621,#2622,#2623,#2624,#2625,#2626,#2627,#2628,#2629,
#2630,#2631,#2632,#2633,#2634,#2635,#2636,#2637,#2638,#2639,#2640,#2641,
#2642,#2643,#2644,#2645,#2646,#2647,#2648,#2649,#2650,#2651,#2652,#2653,
#2654,#2655,#2656,#2657,#2658,#2659,#2660,#2661,#2662,#2663,#2664,#2665,
#2666,#2667,#2668,#2669,#2670,#2671,#2672,#2673,#2674,#2675,#2676,#2677,
#2678,#2679,#2680,#2681,#2682,#2683,#2684,#2685,#2686,#2687,#2688,#2689,
#2690,#2691,#2692,#2693,#2694,#2695,#2696,#2697,#2698,#2699,#2700,#2701,
#2702,#2703,#2704,#2705,#2706,#2707,#2708,#2709,#2710,#2711,#2712,#2713,
#2714,#2715,#2716,#2717,#2718,#2719,#2720,#2721,#2722,#2723,#2724,#2725,
#2726,#2727,#2728,#2729,#2730,#2731,#2732,#2733,#2734,#2735,#2736,#2737,
#2738,#2739,#2740,#2741,#2742,#2743,#2744,#2745,#2746,#2747,#2748,#2749,
#2750,#2751,#2752,#2753,#2754,#2755,#2756,#2757,#2758,#2759,#2760,#2761,
#2762,#2763,#2764,#2765,#2766,#2767,#2768,#2769,#2770,#2771,#2772,#2773,
#2774,#2775,#2776,#2777,#2778,#2779,#2780,#2781,#2782,#2783,#2784,#2785,
#2786,#2787,#2788,#2789,#2790,#2791,#2792,#2793,#2794,#2795,#2796,#2797,
#2798,#2799,#2800,#2801,#2802,#2803,#2804,#2805,#2806,#2807,#2808,#2809,
#2810,#2811,#2812,#2813,#2814,#2815,#2816,#2817,#2818,#2819,#2820,#2821,
#2822,#2823,#2824,#2825,#2826,#2827,#2828,#2829,#2830,#2831,#2832,#2833,
#2834,#2835,#2836,#2837,#2838,#2839,#2840,#2841,#2842,#2843,#2844,#2845,
#2846,#2847,#2848,#2849,#2850,#2851,#2852,#2853,#2854,#2855,#2856,#2857,
#2858,#2859,#2860,#2861,#2862,#2863,#2864,#2865,#2866,#2867,#2868,#2869,
#2870,#2871,#2872,#2873,#2874,#2875,#2876),(#2877,#2878,#2879,#2880,#2881,
#2882,#2883,#2884,#2885,#2886,#2887,#2888,#2889,#2890,#2891,#2892,#2893,
#2894,#2895,#2896,#2897,#2898,#2899,#2900,#2901,#2902,#2903,#2904,#2905,
#2906,#2907,#2908,#2909,#2910,#2911,#2912,#2913,#2914,#2915,#2916,#2917,
#2918,#2919,#2920,#2921,#2922,#2923,#2924,#2925,#2926,#2927,#2928,#2929,
#2930,#2931,#2932,#2933,#2934,#2935,#2936,#2937,#2938,#2939,#2940,#2941,
#2942,#2943,#2944,#2945,#2946,#2947,#2948,#2949,#2950,#2951,#2952,#2953,
#2954,#2955,#2956,#2957,#2958,#2959,#2960,#2961,#2962,#2963,#2964,#2965,
#2966,#2967,#2968,#2969,#2970,#2971,#2972,#2973,#2974,#2975,#2976,#2977,
#2978,#2979,#2980,#2981,#2982,#2983,#2984,#2985,#2986,#2987,#2988,#2989,
#2990,#2991,#2992,#2993,#2994,#2995,#2996,#2997,#2998,#2999,#3000,#3001,
#3002,#3003,#3004,#3005,#3006,#3007,#3008,#3009,#3010,#3011,#3012,#3013,
#3014,#3015,#3016,#3017,#3018,#3019,#3020,#3021,#3022,#3023,#3024,#3025,
#3026,#3027,#3028,#3029,#3030,#3031,#3032,#3033,#3034,#3035,#3036,#3037,
#3038,#3039,#3040,#3041,#3042,#3043,#3044,#3045,#3046,#3047,#3048,#3049,
#3050,#3051,#3052,#3053,#3054,#3055,#3056,#3057,#3058,#3059,#3060,#3061,
#3062,#3063,#3064,#3065,#3066,#3067,#3068,#3069,#3070,#3071,#3072,#3073,
#3074,#3075,#3076,#3077,#3078,#3079,#3080,#3081,#3082,#3083,#3084,#3085,
#3086,#3087,#3088,#3089,#3090,#3091,#3092,#3093,#3094,#3095,#3096,#3097,
#3098,#3099,#3100,#3101,#3102,#3103,#3104,#3105,#3106,#3107,#3108,#3109,
#3110,#3111,#3112,#3113,#3114,#3115,#3116,#3117,#3118,#3119,#3120,#3121,
#3122,#3123,#3124,#3125,#3126,#3127,#3128,#3129,#3130,#3131,#3132,#3133,
#3134,#3135,#3136,#3137,#3138,#3139,#3140,#3141,#3142,#3143,#3144,#3145,
#3146,#3147,#3148,#3149,#3150,#3151,#3152,#3153,#3154,#3155,#3156,#3157,
#3158,#3159,#3160,#3161,#3162,#3163,#3164,#3165,#3166,#3167,#3168,#3169,
#3170,#3171,#3172,#3173,#3174,#3175,#3176,#3177,#3178,#3179,#3180,#3181,
#3182,#3183,#3184,#3185,#3186,#3187,#3188,#3189,#3190,#3191,#3192,#3193,
#3194,#3195,#3196,#3197,#3198,#3199,#3200,#3201,#3202,#3203,#3204,#3205,
#3206,#3207,#3208,#3209,#3210,#3211,#3212,#3213,#3214,#3215,#3216,#3217,
#3218,#3219,#3220,#3221,#3222,#3223,#3224,#3225,#3226,#3227,#3228,#3229,
#3230,#3231,#3232,#3233,#3234,#3235,#3236,#3237,#3238,#3239,#3240,#3241,
#3242,#3243,#3244,#3245,#3246,#3247,#3248,#3249,#3250,#3251,#3252,#3253,
#3254,#3255,#3256,#3257,#3258,#3259,#3260,#3261,#3262,#3263,#3264,#3265,
#3266,#3267,#3268,#3269,#3270,#3271,#3272,#3273,#3274,#3275,#3276,#3277,
#3278,#3279,#3280,#3281,#3282,#3283,#3284,#3285,#3286,#3287,#3288,#3289,
#3290,#3291,#3292,#3293,#3294,#3295,#3296,#3297)),.UNSPECIFIED.,.F.,.F.,
 .F.)
B_SPLINE_SURFACE_WITH_KNOTS((4,4),(3,2,2,2,2,2,2,2,2,2,2,2,2,2,2,2,2,2,
2,2,2,2,2,2,2,2,2,2,2,2,2,2,2,2,2,2,2,2,2,2,2,2,2,2,2,2,2,2,2,2,2,2,2,2,
2,2,2,2,2,2,2,2,2,2,2,2,2,2,2,2,2,2,2,2,2,2,2,2,2,2,2,2,2,2,2,2,2,2,2,2,
2,2,2,2,2,2,2,2,2,2,2,2,2,2,2,2,2,2,2,2,2,2,2,2,2,2,2,2,2,2,2,2,2,2,2,2,
2,2,2,2,2,2,2,2,2,2,2,2,2,2,2,2,2,2,2,2,2,2,2,2,2,2,2,2,2,2,2,2,2,2,2,2,
2,2,2,2,2,2,2,2,2,2,2,2,2,2,2,2,2,2,2,2,2,2,2,2,2,2,2,2,2,2,2,2,2,2,2,2,
2,2,2,2,2,2,2,2,2,2,2,2,3),(0.,1.),(0.,0.00476190476190476,0.00952380952380952,
0.0142857142857143,0.0190476190476191,0.0238095238095238,0.0285714285714285,
0.0333333333333333,0.0380952380952381,0.0428571428571429,0.0476190476190476,
0.0523809523809524,0.0571428571428571,0.0619047619047619,0.0666666666666667,
0.0714285714285714,0.0761904761904762,0.080952380952381,0.0857142857142857,
0.0904761904761905,0.0952380952380952,0.1,0.104761904761905,0.109523809523809,
0.114285714285714,0.119047619047619,0.123809523809524,0.128571428571429,
0.133333333333333,0.138095238095238,0.142857142857143,0.147619047619048,
0.152380952380953,0.157142857142857,0.161904761904762,0.166666666666667,
0.171428571428572,0.176190476190476,0.180952380952381,0.185714285714285,
0.19047619047619,0.195238095238095,0.2,0.204761904761905,0.20952380952381,
0.214285714285714,0.219047619047619,0.223809523809524,0.228571428571428,
0.233333333333334,0.238095238095238,0.242857142857143,0.247619047619048,
0.252380952380952,0.257142857142857,0.261904761904762,0.266666666666666,
0.271428571428572,0.276190476190476,0.280952380952381,0.285714285714286,
0.29047619047619,0.295238095238095,0.3,0.304761904761905,0.309523809523809,
0.314285714285715,0.319047619047619,0.323809523809524,0.328571428571429,
0.333333333333334,0.338095238095238,0.342857142857143,0.347619047619047,
0.352380952380953,0.357142857142857,0.361904761904762,0.366666666666666,
0.371428571428571,0.376190476190476,0.380952380952381,0.385714285714286,
0.39047619047619,0.395238095238095,0.4,0.404761904761905,0.40952380952381,
0.414285714285715,0.419047619047619,0.423809523809524,0.428571428571428,
0.433333333333334,0.438095238095238,0.442857142857143,0.447619047619047,
0.452380952380952,0.457142857142857,0.461904761904762,0.466666666666667,
0.471428571428571,0.476190476190476,0.480952380952381,0.485714285714286,
0.490476190476191,0.495238095238095,0.5,0.504761904761905,0.50952380952381,
0.514285714285714,0.519047619047619,0.523809523809524,0.528571428571429,
0.533333333333333,0.538095238095238,0.542857142857143,0.547619047619048,
0.552380952380952,0.557142857142857,0.561904761904762,0.566666666666667,
0.571428571428571,0.576190476190476,0.580952380952381,0.585714285714286,
0.590476190476191,0.595238095238095,0.6,0.604761904761905,0.60952380952381,
0.614285714285714,0.619047619047619,0.623809523809524,0.628571428571429,
0.633333333333333,0.638095238095238,0.642857142857143,0.647619047619048,
0.652380952380952,0.657142857142857,0.661904761904762,0.666666666666667,
0.671428571428571,0.676190476190476,0.680952380952381,0.685714285714286,
0.690476190476191,0.695238095238095,0.7,0.704761904761905,0.70952380952381,
0.714285714285714,0.719047619047619,0.723809523809524,0.728571428571429,
0.733333333333333,0.738095238095238,0.742857142857143,0.747619047619048,
0.752380952380952,0.757142857142857,0.761904761904762,0.766666666666667,
0.771428571428572,0.776190476190476,0.780952380952381,0.785714285714286,
0.79047619047619,0.795238095238095,0.8,0.804761904761905,0.80952380952381,
0.814285714285714,0.819047619047619,0.823809523809524,0.828571428571429,
0.833333333333333,0.838095238095238,0.842857142857143,0.847619047619048,
0.852380952380952,0.857142857142857,0.861904761904762,0.866666666666667,
0.871428571428571,0.876190476190476,0.880952380952381,0.885714285714286,
0.89047619047619,0.895238095238095,0.9,0.904761904761905,0.90952380952381,
0.914285714285714,0.919047619047619,0.923809523809524,0.928571428571429,
0.933333333333333,0.938095238095238,0.942857142857143,0.947619047619048,
0.952380952380952,0.957142857142857,0.961904761904762,0.966666666666667,
0.971428571428571,0.976190476190476,0.980952380952381,0.985714285714286,
0.990476190476191,0.995238095238095,1.),.UNSPECIFIED.)
GEOMETRIC_REPRESENTATION_ITEM()
RATIONAL_B_SPLINE_SURFACE(((1.,0.866025403784439,1.,0.866025403784439,1.,
0.866025403784439,1.,0.866025403784439,1.,0.866025403784439,1.,0.866025403784439,
1.,0.866025403784439,1.,0.866025403784439,1.,0.866025403784439,1.,0.866025403784439,
1.,0.866025403784439,1.,0.866025403784439,1.,0.866025403784439,1.,0.866025403784439,
1.,0.866025403784439,1.,0.866025403784439,1.,0.866025403784439,1.,0.866025403784439,
1.,0.866025403784439,1.,0.866025403784439,1.,0.866025403784439,1.,0.866025403784439,
1.,0.866025403784439,1.,0.866025403784439,1.,0.866025403784439,1.,0.866025403784439,
1.,0.866025403784439,1.,0.866025403784439,1.,0.866025403784439,1.,0.866025403784439,
1.,0.866025403784439,1.,0.866025403784439,1.,0.866025403784439,1.,0.866025403784439,
1.,0.866025403784439,1.,0.866025403784439,1.,0.866025403784439,1.,0.866025403784439,
1.,0.866025403784439,1.,0.866025403784439,1.,0.866025403784439,1.,0.866025403784439,
1.,0.866025403784439,1.,0.866025403784439,1.,0.866025403784439,1.,0.866025403784439,
1.,0.866025403784439,1.,0.866025403784439,1.,0.866025403784439,1.,0.866025403784439,
1.,0.866025403784439,1.,0.866025403784439,1.,0.866025403784439,1.,0.866025403784439,
1.,0.866025403784439,1.,0.866025403784439,1.,0.866025403784439,1.,0.866025403784439,
1.,0.866025403784439,1.,0.866025403784439,1.,0.866025403784439,1.,0.866025403784439,
1.,0.866025403784439,1.,0.866025403784439,1.,0.866025403784439,1.,0.866025403784439,
1.,0.866025403784439,1.,0.866025403784439,1.,0.866025403784439,1.,0.866025403784439,
1.,0.866025403784439,1.,0.866025403784439,1.,0.866025403784439,1.,0.866025403784439,
1.,0.866025403784439,1.,0.866025403784439,1.,0.866025403784439,1.,0.866025403784439,
1.,0.866025403784439,1.,0.866025403784439,1.,0.866025403784439,1.,0.866025403784439,
1.,0.866025403784439,1.,0.866025403784439,1.,0.866025403784439,1.,0.866025403784439,
1.,0.866025403784439,1.,0.866025403784439,1.,0.866025403784439,1.,0.866025403784439,
1.,0.866025403784439,1.,0.866025403784439,1.,0.866025403784439,1.,0.866025403784439,
1.,0.866025403784439,1.,0.866025403784439,1.,0.866025403784439,1.,0.866025403784439,
1.,0.866025403784439,1.,0.866025403784439,1.,0.866025403784439,1.,0.866025403784439,
1.,0.866025403784439,1.,0.866025403784439,1.,0.866025403784439,1.,0.866025403784439,
1.,0.866025403784439,1.,0.866025403784439,1.,0.866025403784439,1.,0.866025403784439,
1.,0.866025403784439,1.,0.866025403784439,1.,0.866025403784439,1.,0.866025403784439,
1.,0.866025403784439,1.,0.866025403784439,1.,0.866025403784439,1.,0.866025403784439,
1.,0.866025403784439,1.,0.866025403784439,1.,0.866025403784439,1.,0.866025403784439,
1.,0.866025403784439,1.,0.866025403784439,1.,0.866025403784439,1.,0.866025403784439,
1.,0.866025403784439,1.,0.866025403784439,1.,0.866025403784439,1.,0.866025403784439,
1.,0.866025403784439,1.,0.866025403784439,1.,0.866025403784439,1.,0.866025403784439,
1.,0.866025403784439,1.,0.866025403784439,1.,0.866025403784439,1.,0.866025403784439,
1.,0.866025403784439,1.,0.866025403784439,1.,0.866025403784439,1.,0.866025403784439,
1.,0.866025403784439,1.,0.866025403784439,1.,0.866025403784439,1.,0.866025403784439,
1.,0.866025403784439,1.,0.866025403784439,1.,0.866025403784439,1.,0.866025403784439,
1.,0.866025403784439,1.,0.866025403784439,1.,0.866025403784439,1.,0.866025403784439,
1.,0.866025403784439,1.,0.866025403784439,1.,0.866025403784439,1.,0.866025403784439,
1.,0.866025403784439,1.,0.866025403784439,1.,0.866025403784439,1.,0.866025403784439,
1.,0.866025403784439,1.,0.866025403784439,1.,0.866025403784439,1.,0.866025403784439,
1.,0.866025403784439,1.,0.866025403784439,1.,0.866025403784439,1.,0.866025403784439,
1.,0.866025403784439,1.,0.866025403784439,1.,0.866025403784439,1.,0.866025403784439,
1.,0.866025403784439,1.,0.866025403784439,1.,0.866025403784439,1.,0.866025403784439,
1.,0.866025403784439,1.,0.866025403784439,1.,0.866025403784439,1.,0.866025403784439,
1.,0.866025403784439,1.,0.866025403784439,1.,0.866025403784439,1.,0.866025403784439,
1.,0.866025403784439,1.,0.866025403784439,1.,0.866025403784439,1.,0.866025403784439,
1.,0.866025403784439,1.,0.866025403784439,1.,0.866025403784439,1.,0.866025403784439,
1.,0.866025403784439,1.,0.866025403784439,1.,0.866025403784439,1.,0.866025403784439,
1.,0.866025403784439,1.,0.866025403784439,1.,0.866025403784439,1.,0.866025403784439,
1.,0.866025403784439,1.,0.866025403784439,1.,0.866025403784439,1.,0.866025403784439,
1.,0.866025403784439,1.,0.866025403784439,1.,0.866025403784439,1.,0.866025403784439,
1.),(0.868086513973669,0.751784973783872,0.868086513973669,0.751784973783872,
0.868086513973669,0.751784973783872,0.868086513973669,0.751784973783872,
0.868086513973669,0.751784973783872,0.868086513973669,0.751784973783872,
0.868086513973669,0.751784973783872,0.868086513973669,0.751784973783872,
0.868086513973669,0.751784973783872,0.868086513973669,0.751784973783872,
0.868086513973669,0.751784973783872,0.868086513973669,0.751784973783872,
0.868086513973669,0.751784973783872,0.868086513973669,0.751784973783872,
0.868086513973669,0.751784973783872,0.868086513973669,0.751784973783872,
0.868086513973669,0.751784973783872,0.868086513973669,0.751784973783872,
0.868086513973669,0.751784973783872,0.868086513973669,0.751784973783872,
0.868086513973669,0.751784973783872,0.868086513973669,0.751784973783872,
0.868086513973669,0.751784973783872,0.868086513973669,0.751784973783872,
0.868086513973669,0.751784973783872,0.868086513973669,0.751784973783872,
0.868086513973669,0.751784973783872,0.868086513973669,0.751784973783872,
0.868086513973669,0.751784973783872,0.868086513973669,0.751784973783872,
0.868086513973669,0.751784973783872,0.868086513973669,0.751784973783872,
0.868086513973669,0.751784973783872,0.868086513973669,0.751784973783872,
0.868086513973669,0.751784973783872,0.868086513973669,0.751784973783872,
0.868086513973669,0.751784973783872,0.868086513973669,0.751784973783872,
0.868086513973669,0.751784973783872,0.868086513973669,0.751784973783872,
0.868086513973669,0.751784973783872,0.868086513973669,0.751784973783872,
0.868086513973669,0.751784973783872,0.868086513973669,0.751784973783872,
0.868086513973669,0.751784973783872,0.868086513973669,0.751784973783872,
0.868086513973669,0.751784973783872,0.868086513973669,0.751784973783872,
0.868086513973669,0.751784973783872,0.868086513973669,0.751784973783872,
0.868086513973669,0.751784973783872,0.868086513973669,0.751784973783872,
0.868086513973669,0.751784973783872,0.868086513973669,0.751784973783872,
0.868086513973669,0.751784973783872,0.868086513973669,0.751784973783872,
0.868086513973669,0.751784973783872,0.868086513973669,0.751784973783872,
0.868086513973669,0.751784973783872,0.868086513973669,0.751784973783872,
0.868086513973669,0.751784973783872,0.868086513973669,0.751784973783872,
0.868086513973669,0.751784973783872,0.868086513973669,0.751784973783872,
0.868086513973669,0.751784973783872,0.868086513973669,0.751784973783872,
0.868086513973669,0.751784973783872,0.868086513973669,0.751784973783872,
0.868086513973669,0.751784973783872,0.868086513973669,0.751784973783872,
0.868086513973669,0.751784973783872,0.868086513973669,0.751784973783872,
0.868086513973669,0.751784973783872,0.868086513973669,0.751784973783872,
0.868086513973669,0.751784973783872,0.868086513973669,0.751784973783872,
0.868086513973669,0.751784973783872,0.868086513973669,0.751784973783872,
0.868086513973669,0.751784973783872,0.868086513973669,0.751784973783872,
0.868086513973669,0.751784973783872,0.868086513973669,0.751784973783872,
0.868086513973669,0.751784973783872,0.868086513973669,0.751784973783872,
0.868086513973669,0.751784973783872,0.868086513973669,0.751784973783872,
0.868086513973669,0.751784973783872,0.868086513973669,0.751784973783872,
0.868086513973669,0.751784973783872,0.868086513973669,0.751784973783872,
0.868086513973669,0.751784973783872,0.868086513973669,0.751784973783872,
0.868086513973669,0.751784973783872,0.868086513973669,0.751784973783872,
0.868086513973669,0.751784973783872,0.868086513973669,0.751784973783872,
0.868086513973669,0.751784973783872,0.868086513973669,0.751784973783872,
0.868086513973669,0.751784973783872,0.868086513973669,0.751784973783872,
0.868086513973669,0.751784973783872,0.868086513973669,0.751784973783872,
0.868086513973669,0.751784973783872,0.868086513973669,0.751784973783872,
0.868086513973669,0.751784973783872,0.868086513973669,0.751784973783872,
0.868086513973669,0.751784973783872,0.868086513973669,0.751784973783872,
0.868086513973669,0.751784973783872,0.868086513973669,0.751784973783872,
0.868086513973669,0.751784973783872,0.868086513973669,0.751784973783872,
0.868086513973669,0.751784973783872,0.868086513973669,0.751784973783872,
0.868086513973669,0.751784973783872,0.868086513973669,0.751784973783872,
0.868086513973669,0.751784973783872,0.868086513973669,0.751784973783872,
0.868086513973669,0.751784973783872,0.868086513973669,0.751784973783872,
0.868086513973669,0.751784973783872,0.868086513973669,0.751784973783872,
0.868086513973669,0.751784973783872,0.868086513973669,0.751784973783872,
0.868086513973669,0.751784973783872,0.868086513973669,0.751784973783872,
0.868086513973669,0.751784973783872,0.868086513973669,0.751784973783872,
0.868086513973669,0.751784973783872,0.868086513973669,0.751784973783872,
0.868086513973669,0.751784973783872,0.868086513973669,0.751784973783872,
0.868086513973669,0.751784973783872,0.868086513973669,0.751784973783872,
0.868086513973669,0.751784973783872,0.868086513973669,0.751784973783872,
0.868086513973669,0.751784973783872,0.868086513973669,0.751784973783872,
0.868086513973669,0.751784973783872,0.868086513973669,0.751784973783872,
0.868086513973669,0.751784973783872,0.868086513973669,0.751784973783872,
0.868086513973669,0.751784973783872,0.868086513973669,0.751784973783872,
0.868086513973669,0.751784973783872,0.868086513973669,0.751784973783872,
0.868086513973669,0.751784973783872,0.868086513973669,0.751784973783872,
0.868086513973669,0.751784973783872,0.868086513973669,0.751784973783872,
0.868086513973669,0.751784973783872,0.868086513973669,0.751784973783872,
0.868086513973669,0.751784973783872,0.868086513973669,0.751784973783872,
0.868086513973669,0.751784973783872,0.868086513973669,0.751784973783872,
0.868086513973669,0.751784973783872,0.868086513973669,0.751784973783872,
0.868086513973669,0.751784973783872,0.868086513973669,0.751784973783872,
0.868086513973669,0.751784973783872,0.868086513973669,0.751784973783872,
0.868086513973669,0.751784973783872,0.868086513973669,0.751784973783872,
0.868086513973669,0.751784973783872,0.868086513973669,0.751784973783872,
0.868086513973669,0.751784973783872,0.868086513973669,0.751784973783872,
0.868086513973669,0.751784973783872,0.868086513973669,0.751784973783872,
0.868086513973669,0.751784973783872,0.868086513973669,0.751784973783872,
0.868086513973669,0.751784973783872,0.868086513973669,0.751784973783872,
0.868086513973669,0.751784973783872,0.868086513973669,0.751784973783872,
0.868086513973669,0.751784973783872,0.868086513973669,0.751784973783872,
0.868086513973669,0.751784973783872,0.868086513973669,0.751784973783872,
0.868086513973669,0.751784973783872,0.868086513973669,0.751784973783872,
0.868086513973669,0.751784973783872,0.868086513973669,0.751784973783872,
0.868086513973669,0.751784973783872,0.868086513973669,0.751784973783872,
0.868086513973669,0.751784973783872,0.868086513973669,0.751784973783872,
0.868086513973669,0.751784973783872,0.868086513973669,0.751784973783872,
0.868086513973669,0.751784973783872,0.868086513973669,0.751784973783872,
0.868086513973669,0.751784973783872,0.868086513973669,0.751784973783872,
0.868086513973669,0.751784973783872,0.868086513973669,0.751784973783872,
0.868086513973669,0.751784973783872,0.868086513973669,0.751784973783872,
0.868086513973669,0.751784973783872,0.868086513973669,0.751784973783872,
0.868086513973669,0.751784973783872,0.868086513973669,0.751784973783872,
0.868086513973669,0.751784973783872,0.868086513973669,0.751784973783872,
0.868086513973669,0.751784973783872,0.868086513973669,0.751784973783872,
0.868086513973669,0.751784973783872,0.868086513973669,0.751784973783872,
0.868086513973669,0.751784973783872,0.868086513973669,0.751784973783872,
0.868086513973669),(0.868086513973669,0.751784973783872,0.868086513973669,
0.751784973783872,0.868086513973669,0.751784973783872,0.868086513973669,
0.751784973783872,0.868086513973669,0.751784973783872,0.868086513973669,
0.751784973783872,0.868086513973669,0.751784973783872,0.868086513973669,
0.751784973783872,0.868086513973669,0.751784973783872,0.868086513973669,
0.751784973783872,0.868086513973669,0.751784973783872,0.868086513973669,
0.751784973783872,0.868086513973669,0.751784973783872,0.868086513973669,
0.751784973783872,0.868086513973669,0.751784973783872,0.868086513973669,
0.751784973783872,0.868086513973669,0.751784973783872,0.868086513973669,
0.751784973783872,0.868086513973669,0.751784973783872,0.868086513973669,
0.751784973783872,0.868086513973669,0.751784973783872,0.868086513973669,
0.751784973783872,0.868086513973669,0.751784973783872,0.868086513973669,
0.751784973783872,0.868086513973669,0.751784973783872,0.868086513973669,
0.751784973783872,0.868086513973669,0.751784973783872,0.868086513973669,
0.751784973783872,0.868086513973669,0.751784973783872,0.868086513973669,
0.751784973783872,0.868086513973669,0.751784973783872,0.868086513973669,
0.751784973783872,0.868086513973669,0.751784973783872,0.868086513973669,
0.751784973783872,0.868086513973669,0.751784973783872,0.868086513973669,
0.751784973783872,0.868086513973669,0.751784973783872,0.868086513973669,
0.751784973783872,0.868086513973669,0.751784973783872,0.868086513973669,
0.751784973783872,0.868086513973669,0.751784973783872,0.868086513973669,
0.751784973783872,0.868086513973669,0.751784973783872,0.868086513973669,
0.751784973783872,0.868086513973669,0.751784973783872,0.868086513973669,
0.751784973783872,0.868086513973669,0.751784973783872,0.868086513973669,
0.751784973783872,0.868086513973669,0.751784973783872,0.868086513973669,
0.751784973783872,0.868086513973669,0.751784973783872,0.868086513973669,
0.751784973783872,0.868086513973669,0.751784973783872,0.868086513973669,
0.751784973783872,0.868086513973669,0.751784973783872,0.868086513973669,
0.751784973783872,0.868086513973669,0.751784973783872,0.868086513973669,
0.751784973783872,0.868086513973669,0.751784973783872,0.868086513973669,
0.751784973783872,0.868086513973669,0.751784973783872,0.868086513973669,
0.751784973783872,0.868086513973669,0.751784973783872,0.868086513973669,
0.751784973783872,0.868086513973669,0.751784973783872,0.868086513973669,
0.751784973783872,0.868086513973669,0.751784973783872,0.868086513973669,
0.751784973783872,0.868086513973669,0.751784973783872,0.868086513973669,
0.751784973783872,0.868086513973669,0.751784973783872,0.868086513973669,
0.751784973783872,0.868086513973669,0.751784973783872,0.868086513973669,
0.751784973783872,0.868086513973669,0.751784973783872,0.868086513973669,
0.751784973783872,0.868086513973669,0.751784973783872,0.868086513973669,
0.751784973783872,0.868086513973669,0.751784973783872,0.868086513973669,
0.751784973783872,0.868086513973669,0.751784973783872,0.868086513973669,
0.751784973783872,0.868086513973669,0.751784973783872,0.868086513973669,
0.751784973783872,0.868086513973669,0.751784973783872,0.868086513973669,
0.751784973783872,0.868086513973669,0.751784973783872,0.868086513973669,
0.751784973783872,0.868086513973669,0.751784973783872,0.868086513973669,
0.751784973783872,0.868086513973669,0.751784973783872,0.868086513973669,
0.751784973783872,0.868086513973669,0.751784973783872,0.868086513973669,
0.751784973783872,0.868086513973669,0.751784973783872,0.868086513973669,
0.751784973783872,0.868086513973669,0.751784973783872,0.868086513973669,
0.751784973783872,0.868086513973669,0.751784973783872,0.868086513973669,
0.751784973783872,0.868086513973669,0.751784973783872,0.868086513973669,
0.751784973783872,0.868086513973669,0.751784973783872,0.868086513973669,
0.751784973783872,0.868086513973669,0.751784973783872,0.868086513973669,
0.751784973783872,0.868086513973669,0.751784973783872,0.868086513973669,
0.751784973783872,0.868086513973669,0.751784973783872,0.868086513973669,
0.751784973783872,0.868086513973669,0.751784973783872,0.868086513973669,
0.751784973783872,0.868086513973669,0.751784973783872,0.868086513973669,
0.751784973783872,0.868086513973669,0.751784973783872,0.868086513973669,
0.751784973783872,0.868086513973669,0.751784973783872,0.868086513973669,
0.751784973783872,0.868086513973669,0.751784973783872,0.868086513973669,
0.751784973783872,0.868086513973669,0.751784973783872,0.868086513973669,
0.751784973783872,0.868086513973669,0.751784973783872,0.868086513973669,
0.751784973783872,0.868086513973669,0.751784973783872,0.868086513973669,
0.751784973783872,0.868086513973669,0.751784973783872,0.868086513973669,
0.751784973783872,0.868086513973669,0.751784973783872,0.868086513973669,
0.751784973783872,0.868086513973669,0.751784973783872,0.868086513973669,
0.751784973783872,0.868086513973669,0.751784973783872,0.868086513973669,
0.751784973783872,0.868086513973669,0.751784973783872,0.868086513973669,
0.751784973783872,0.868086513973669,0.751784973783872,0.868086513973669,
0.751784973783872,0.868086513973669,0.751784973783872,0.868086513973669,
0.751784973783872,0.868086513973669,0.751784973783872,0.868086513973669,
0.751784973783872,0.868086513973669,0.751784973783872,0.868086513973669,
0.751784973783872,0.868086513973669,0.751784973783872,0.868086513973669,
0.751784973783872,0.868086513973669,0.751784973783872,0.868086513973669,
0.751784973783872,0.868086513973669,0.751784973783872,0.868086513973669,
0.751784973783872,0.868086513973669,0.751784973783872,0.868086513973669,
0.751784973783872,0.868086513973669,0.751784973783872,0.868086513973669,
0.751784973783872,0.868086513973669,0.751784973783872,0.868086513973669,
0.751784973783872,0.868086513973669,0.751784973783872,0.868086513973669,
0.751784973783872,0.868086513973669,0.751784973783872,0.868086513973669,
0.751784973783872,0.868086513973669,0.751784973783872,0.868086513973669,
0.751784973783872,0.868086513973669,0.751784973783872,0.868086513973669,
0.751784973783872,0.868086513973669,0.751784973783872,0.868086513973669,
0.751784973783872,0.868086513973669,0.751784973783872,0.868086513973669,
0.751784973783872,0.868086513973669,0.751784973783872,0.868086513973669,
0.751784973783872,0.868086513973669,0.751784973783872,0.868086513973669,
0.751784973783872,0.868086513973669,0.751784973783872,0.868086513973669,
0.751784973783872,0.868086513973669,0.751784973783872,0.868086513973669,
0.751784973783872,0.868086513973669,0.751784973783872,0.868086513973669,
0.751784973783872,0.868086513973669,0.751784973783872,0.868086513973669,
0.751784973783872,0.868086513973669,0.751784973783872,0.868086513973669,
0.751784973783872,0.868086513973669,0.751784973783872,0.868086513973669,
0.751784973783872,0.868086513973669,0.751784973783872,0.868086513973669,
0.751784973783872,0.868086513973669,0.751784973783872,0.868086513973669,
0.751784973783872,0.868086513973669,0.751784973783872,0.868086513973669,
0.751784973783872,0.868086513973669,0.751784973783872,0.868086513973669,
0.751784973783872,0.868086513973669,0.751784973783872,0.868086513973669,
0.751784973783872,0.868086513973669,0.751784973783872,0.868086513973669,
0.751784973783872,0.868086513973669,0.751784973783872,0.868086513973669,
0.751784973783872,0.868086513973669,0.751784973783872,0.868086513973669,
0.751784973783872,0.868086513973669,0.751784973783872,0.868086513973669,
0.751784973783872,0.868086513973669,0.751784973783872,0.868086513973669,
0.751784973783872,0.868086513973669,0.751784973783872,0.868086513973669,
0.751784973783872,0.868086513973669,0.751784973783872,0.868086513973669,
0.751784973783872,0.868086513973669,0.751784973783872,0.868086513973669,
0.751784973783872,0.868086513973669),(1.,0.866025403784439,1.,0.866025403784439,
1.,0.866025403784439,1.,0.866025403784439,1.,0.866025403784439,1.,0.866025403784439,
1.,0.866025403784439,1.,0.866025403784439,1.,0.866025403784439,1.,0.866025403784439,
1.,0.866025403784439,1.,0.866025403784439,1.,0.866025403784439,1.,0.866025403784439,
1.,0.866025403784439,1.,0.866025403784439,1.,0.866025403784439,1.,0.866025403784439,
1.,0.866025403784439,1.,0.866025403784439,1.,0.866025403784439,1.,0.866025403784439,
1.,0.866025403784439,1.,0.866025403784439,1.,0.866025403784439,1.,0.866025403784439,
1.,0.866025403784439,1.,0.866025403784439,1.,0.866025403784439,1.,0.866025403784439,
1.,0.866025403784439,1.,0.866025403784439,1.,0.866025403784439,1.,0.866025403784439,
1.,0.866025403784439,1.,0.866025403784439,1.,0.866025403784439,1.,0.866025403784439,
1.,0.866025403784439,1.,0.866025403784439,1.,0.866025403784439,1.,0.866025403784439,
1.,0.866025403784439,1.,0.866025403784439,1.,0.866025403784439,1.,0.866025403784439,
1.,0.866025403784439,1.,0.866025403784439,1.,0.866025403784439,1.,0.866025403784439,
1.,0.866025403784439,1.,0.866025403784439,1.,0.866025403784439,1.,0.866025403784439,
1.,0.866025403784439,1.,0.866025403784439,1.,0.866025403784439,1.,0.866025403784439,
1.,0.866025403784439,1.,0.866025403784439,1.,0.866025403784439,1.,0.866025403784439,
1.,0.866025403784439,1.,0.866025403784439,1.,0.866025403784439,1.,0.866025403784439,
1.,0.866025403784439,1.,0.866025403784439,1.,0.866025403784439,1.,0.866025403784439,
1.,0.866025403784439,1.,0.866025403784439,1.,0.866025403784439,1.,0.866025403784439,
1.,0.866025403784439,1.,0.866025403784439,1.,0.866025403784439,1.,0.866025403784439,
1.,0.866025403784439,1.,0.866025403784439,1.,0.866025403784439,1.,0.866025403784439,
1.,0.866025403784439,1.,0.866025403784439,1.,0.866025403784439,1.,0.866025403784439,
1.,0.866025403784439,1.,0.866025403784439,1.,0.866025403784439,1.,0.866025403784439,
1.,0.866025403784439,1.,0.866025403784439,1.,0.866025403784439,1.,0.866025403784439,
1.,0.866025403784439,1.,0.866025403784439,1.,0.866025403784439,1.,0.866025403784439,
1.,0.866025403784439,1.,0.866025403784439,1.,0.866025403784439,1.,0.866025403784439,
1.,0.866025403784439,1.,0.866025403784439,1.,0.866025403784439,1.,0.866025403784439,
1.,0.866025403784439,1.,0.866025403784439,1.,0.866025403784439,1.,0.866025403784439,
1.,0.866025403784439,1.,0.866025403784439,1.,0.866025403784439,1.,0.866025403784439,
1.,0.866025403784439,1.,0.866025403784439,1.,0.866025403784439,1.,0.866025403784439,
1.,0.866025403784439,1.,0.866025403784439,1.,0.866025403784439,1.,0.866025403784439,
1.,0.866025403784439,1.,0.866025403784439,1.,0.866025403784439,1.,0.866025403784439,
1.,0.866025403784439,1.,0.866025403784439,1.,0.866025403784439,1.,0.866025403784439,
1.,0.866025403784439,1.,0.866025403784439,1.,0.866025403784439,1.,0.866025403784439,
1.,0.866025403784439,1.,0.866025403784439,1.,0.866025403784439,1.,0.866025403784439,
1.,0.866025403784439,1.,0.866025403784439,1.,0.866025403784439,1.,0.866025403784439,
1.,0.866025403784439,1.,0.866025403784439,1.,0.866025403784439,1.,0.866025403784439,
1.,0.866025403784439,1.,0.866025403784439,1.,0.866025403784439,1.,0.866025403784439,
1.,0.866025403784439,1.,0.866025403784439,1.,0.866025403784439,1.,0.866025403784439,
1.,0.866025403784439,1.,0.866025403784439,1.,0.866025403784439,1.,0.866025403784439,
1.,0.866025403784439,1.,0.866025403784439,1.,0.866025403784439,1.,0.866025403784439,
1.,0.866025403784439,1.,0.866025403784439,1.,0.866025403784439,1.,0.866025403784439,
1.,0.866025403784439,1.,0.866025403784439,1.,0.866025403784439,1.,0.866025403784439,
1.,0.866025403784439,1.,0.866025403784439,1.,0.866025403784439,1.,0.866025403784439,
1.,0.866025403784439,1.,0.866025403784439,1.,0.866025403784439,1.,0.866025403784439,
1.,0.866025403784439,1.,0.866025403784439,1.,0.866025403784439,1.,0.866025403784439,
1.,0.866025403784439,1.,0.866025403784439,1.,0.866025403784439,1.,0.866025403784439,
1.,0.866025403784439,1.,0.866025403784439,1.,0.866025403784439,1.,0.866025403784439,
1.,0.866025403784439,1.,0.866025403784439,1.,0.866025403784439,1.,0.866025403784439,
1.,0.866025403784439,1.,0.866025403784439,1.,0.866025403784439,1.,0.866025403784439,
1.,0.866025403784439,1.,0.866025403784439,1.,0.866025403784439,1.,0.866025403784439,
1.,0.866025403784439,1.,0.866025403784439,1.,0.866025403784439,1.,0.866025403784439,
1.,0.866025403784439,1.,0.866025403784439,1.,0.866025403784439,1.,0.866025403784439,
1.)))
REPRESENTATION_ITEM('')
SURFACE()
);
#14=(
BOUNDED_SURFACE()
B_SPLINE_SURFACE(3,2,((#4564,#4565,#4566,#4567,#4568,#4569,#4570,#4571,
#4572,#4573,#4574,#4575,#4576,#4577,#4578,#4579,#4580,#4581,#4582,#4583,
#4584,#4585,#4586,#4587,#4588,#4589,#4590,#4591,#4592,#4593,#4594,#4595,
#4596,#4597,#4598,#4599,#4600,#4601,#4602,#4603,#4604,#4605,#4606,#4607,
#4608,#4609,#4610,#4611,#4612,#4613,#4614,#4615,#4616,#4617,#4618,#4619,
#4620,#4621,#4622,#4623,#4624,#4625,#4626,#4627,#4628,#4629,#4630,#4631,
#4632,#4633,#4634,#4635,#4636,#4637,#4638,#4639,#4640,#4641,#4642,#4643,
#4644,#4645,#4646,#4647,#4648,#4649,#4650,#4651,#4652,#4653,#4654,#4655,
#4656,#4657,#4658,#4659,#4660,#4661,#4662,#4663,#4664,#4665,#4666,#4667,
#4668,#4669,#4670,#4671,#4672,#4673,#4674,#4675,#4676,#4677,#4678,#4679,
#4680,#4681,#4682,#4683,#4684,#4685,#4686,#4687,#4688,#4689,#4690,#4691,
#4692,#4693,#4694,#4695,#4696,#4697,#4698,#4699,#4700,#4701,#4702,#4703,
#4704,#4705,#4706,#4707,#4708,#4709,#4710,#4711,#4712,#4713,#4714,#4715,
#4716,#4717,#4718,#4719,#4720,#4721,#4722,#4723,#4724,#4725,#4726,#4727,
#4728,#4729,#4730,#4731,#4732,#4733,#4734,#4735,#4736,#4737,#4738,#4739,
#4740,#4741,#4742,#4743,#4744,#4745,#4746,#4747,#4748,#4749,#4750,#4751,
#4752,#4753,#4754,#4755,#4756,#4757,#4758,#4759,#4760,#4761,#4762,#4763,
#4764,#4765,#4766,#4767,#4768,#4769,#4770,#4771,#4772,#4773,#4774,#4775,
#4776,#4777,#4778,#4779,#4780,#4781,#4782,#4783,#4784,#4785,#4786,#4787,
#4788,#4789,#4790,#4791,#4792,#4793,#4794,#4795,#4796,#4797,#4798,#4799,
#4800,#4801,#4802,#4803,#4804,#4805,#4806,#4807,#4808,#4809,#4810,#4811,
#4812,#4813,#4814,#4815,#4816,#4817,#4818,#4819,#4820,#4821,#4822,#4823,
#4824,#4825,#4826,#4827,#4828,#4829,#4830,#4831,#4832,#4833,#4834,#4835,
#4836,#4837,#4838,#4839,#4840,#4841,#4842,#4843,#4844,#4845,#4846,#4847,
#4848,#4849,#4850,#4851,#4852,#4853,#4854,#4855,#4856,#4857,#4858,#4859,
#4860,#4861,#4862,#4863,#4864,#4865,#4866,#4867,#4868,#4869,#4870,#4871,
#4872,#4873,#4874,#4875,#4876,#4877,#4878,#4879,#4880,#4881,#4882,#4883,
#4884,#4885,#4886,#4887,#4888,#4889,#4890,#4891,#4892,#4893,#4894,#4895,
#4896,#4897,#4898,#4899,#4900,#4901,#4902,#4903,#4904,#4905,#4906,#4907,
#4908,#4909,#4910,#4911,#4912,#4913,#4914,#4915,#4916,#4917,#4918,#4919,
#4920,#4921,#4922,#4923,#4924,#4925,#4926,#4927,#4928,#4929,#4930,#4931,
#4932,#4933,#4934,#4935,#4936,#4937,#4938,#4939,#4940,#4941,#4942,#4943,
#4944,#4945,#4946,#4947,#4948,#4949,#4950,#4951,#4952,#4953,#4954,#4955,
#4956,#4957,#4958,#4959,#4960,#4961,#4962,#4963,#4964,#4965,#4966,#4967,
#4968,#4969,#4970,#4971,#4972,#4973,#4974,#4975,#4976,#4977,#4978,#4979,
#4980,#4981,#4982,#4983,#4984),(#4985,#4986,#4987,#4988,#4989,#4990,#4991,
#4992,#4993,#4994,#4995,#4996,#4997,#4998,#4999,#5000,#5001,#5002,#5003,
#5004,#5005,#5006,#5007,#5008,#5009,#5010,#5011,#5012,#5013,#5014,#5015,
#5016,#5017,#5018,#5019,#5020,#5021,#5022,#5023,#5024,#5025,#5026,#5027,
#5028,#5029,#5030,#5031,#5032,#5033,#5034,#5035,#5036,#5037,#5038,#5039,
#5040,#5041,#5042,#5043,#5044,#5045,#5046,#5047,#5048,#5049,#5050,#5051,
#5052,#5053,#5054,#5055,#5056,#5057,#5058,#5059,#5060,#5061,#5062,#5063,
#5064,#5065,#5066,#5067,#5068,#5069,#5070,#5071,#5072,#5073,#5074,#5075,
#5076,#5077,#5078,#5079,#5080,#5081,#5082,#5083,#5084,#5085,#5086,#5087,
#5088,#5089,#5090,#5091,#5092,#5093,#5094,#5095,#5096,#5097,#5098,#5099,
#5100,#5101,#5102,#5103,#5104,#5105,#5106,#5107,#5108,#5109,#5110,#5111,
#5112,#5113,#5114,#5115,#5116,#5117,#5118,#5119,#5120,#5121,#5122,#5123,
#5124,#5125,#5126,#5127,#5128,#5129,#5130,#5131,#5132,#5133,#5134,#5135,
#5136,#5137,#5138,#5139,#5140,#5141,#5142,#5143,#5144,#5145,#5146,#5147,
#5148,#5149,#5150,#5151,#5152,#5153,#5154,#5155,#5156,#5157,#5158,#5159,
#5160,#5161,#5162,#5163,#5164,#5165,#5166,#5167,#5168,#5169,#5170,#5171,
#5172,#5173,#5174,#5175,#5176,#5177,#5178,#5179,#5180,#5181,#5182,#5183,
#5184,#5185,#5186,#5187,#5188,#5189,#5190,#5191,#5192,#5193,#5194,#5195,
#5196,#5197,#5198,#5199,#5200,#5201,#5202,#5203,#5204,#5205,#5206,#5207,
#5208,#5209,#5210,#5211,#5212,#5213,#5214,#5215,#5216,#5217,#5218,#5219,
#5220,#5221,#5222,#5223,#5224,#5225,#5226,#5227,#5228,#5229,#5230,#5231,
#5232,#5233,#5234,#5235,#5236,#5237,#5238,#5239,#5240,#5241,#5242,#5243,
#5244,#5245,#5246,#5247,#5248,#5249,#5250,#5251,#5252,#5253,#5254,#5255,
#5256,#5257,#5258,#5259,#5260,#5261,#5262,#5263,#5264,#5265,#5266,#5267,
#5268,#5269,#5270,#5271,#5272,#5273,#5274,#5275,#5276,#5277,#5278,#5279,
#5280,#5281,#5282,#5283,#5284,#5285,#5286,#5287,#5288,#5289,#5290,#5291,
#5292,#5293,#5294,#5295,#5296,#5297,#5298,#5299,#5300,#5301,#5302,#5303,
#5304,#5305,#5306,#5307,#5308,#5309,#5310,#5311,#5312,#5313,#5314,#5315,
#5316,#5317,#5318,#5319,#5320,#5321,#5322,#5323,#5324,#5325,#5326,#5327,
#5328,#5329,#5330,#5331,#5332,#5333,#5334,#5335,#5336,#5337,#5338,#5339,
#5340,#5341,#5342,#5343,#5344,#5345,#5346,#5347,#5348,#5349,#5350,#5351,
#5352,#5353,#5354,#5355,#5356,#5357,#5358,#5359,#5360,#5361,#5362,#5363,
#5364,#5365,#5366,#5367,#5368,#5369,#5370,#5371,#5372,#5373,#5374,#5375,
#5376,#5377,#5378,#5379,#5380,#5381,#5382,#5383,#5384,#5385,#5386,#5387,
#5388,#5389,#5390,#5391,#5392,#5393,#5394,#5395,#5396,#5397,#5398,#5399,
#5400,#5401,#5402,#5403,#5404,#5405),(#5406,#5407,#5408,#5409,#5410,#5411,
#5412,#5413,#5414,#5415,#5416,#5417,#5418,#5419,#5420,#5421,#5422,#5423,
#5424,#5425,#5426,#5427,#5428,#5429,#5430,#5431,#5432,#5433,#5434,#5435,
#5436,#5437,#5438,#5439,#5440,#5441,#5442,#5443,#5444,#5445,#5446,#5447,
#5448,#5449,#5450,#5451,#5452,#5453,#5454,#5455,#5456,#5457,#5458,#5459,
#5460,#5461,#5462,#5463,#5464,#5465,#5466,#5467,#5468,#5469,#5470,#5471,
#5472,#5473,#5474,#5475,#5476,#5477,#5478,#5479,#5480,#5481,#5482,#5483,
#5484,#5485,#5486,#5487,#5488,#5489,#5490,#5491,#5492,#5493,#5494,#5495,
#5496,#5497,#5498,#5499,#5500,#5501,#5502,#5503,#5504,#5505,#5506,#5507,
#5508,#5509,#5510,#5511,#5512,#5513,#5514,#5515,#5516,#5517,#5518,#5519,
#5520,#5521,#5522,#5523,#5524,#5525,#5526,#5527,#5528,#5529,#5530,#5531,
#5532,#5533,#5534,#5535,#5536,#5537,#5538,#5539,#5540,#5541,#5542,#5543,
#5544,#5545,#5546,#5547,#5548,#5549,#5550,#5551,#5552,#5553,#5554,#5555,
#5556,#5557,#5558,#5559,#5560,#5561,#5562,#5563,#5564,#5565,#5566,#5567,
#5568,#5569,#5570,#5571,#5572,#5573,#5574,#5575,#5576,#5577,#5578,#5579,
#5580,#5581,#5582,#5583,#5584,#5585,#5586,#5587,#5588,#5589,#5590,#5591,
#5592,#5593,#5594,#5595,#5596,#5597,#5598,#5599,#5600,#5601,#5602,#5603,
#5604,#5605,#5606,#5607,#5608,#5609,#5610,#5611,#5612,#5613,#5614,#5615,
#5616,#5617,#5618,#5619,#5620,#5621,#5622,#5623,#5624,#5625,#5626,#5627,
#5628,#5629,#5630,#5631,#5632,#5633,#5634,#5635,#5636,#5637,#5638,#5639,
#5640,#5641,#5642,#5643,#5644,#5645,#5646,#5647,#5648,#5649,#5650,#5651,
#5652,#5653,#5654,#5655,#5656,#5657,#5658,#5659,#5660,#5661,#5662,#5663,
#5664,#5665,#5666,#5667,#5668,#5669,#5670,#5671,#5672,#5673,#5674,#5675,
#5676,#5677,#5678,#5679,#5680,#5681,#5682,#5683,#5684,#5685,#5686,#5687,
#5688,#5689,#5690,#5691,#5692,#5693,#5694,#5695,#5696,#5697,#5698,#5699,
#5700,#5701,#5702,#5703,#5704,#5705,#5706,#5707,#5708,#5709,#5710,#5711,
#5712,#5713,#5714,#5715,#5716,#5717,#5718,#5719,#5720,#5721,#5722,#5723,
#5724,#5725,#5726,#5727,#5728,#5729,#5730,#5731,#5732,#5733,#5734,#5735,
#5736,#5737,#5738,#5739,#5740,#5741,#5742,#5743,#5744,#5745,#5746,#5747,
#5748,#5749,#5750,#5751,#5752,#5753,#5754,#5755,#5756,#5757,#5758,#5759,
#5760,#5761,#5762,#5763,#5764,#5765,#5766,#5767,#5768,#5769,#5770,#5771,
#5772,#5773,#5774,#5775,#5776,#5777,#5778,#5779,#5780,#5781,#5782,#5783,
#5784,#5785,#5786,#5787,#5788,#5789,#5790,#5791,#5792,#5793,#5794,#5795,
#5796,#5797,#5798,#5799,#5800,#5801,#5802,#5803,#5804,#5805,#5806,#5807,
#5808,#5809,#5810,#5811,#5812,#5813,#5814,#5815,#5816,#5817,#5818,#5819,
#5820,#5821,#5822,#5823,#5824,#5825,#5826),(#5827,#5828,#5829,#5830,#5831,
#5832,#5833,#5834,#5835,#5836,#5837,#5838,#5839,#5840,#5841,#5842,#5843,
#5844,#5845,#5846,#5847,#5848,#5849,#5850,#5851,#5852,#5853,#5854,#5855,
#5856,#5857,#5858,#5859,#5860,#5861,#5862,#5863,#5864,#5865,#5866,#5867,
#5868,#5869,#5870,#5871,#5872,#5873,#5874,#5875,#5876,#5877,#5878,#5879,
#5880,#5881,#5882,#5883,#5884,#5885,#5886,#5887,#5888,#5889,#5890,#5891,
#5892,#5893,#5894,#5895,#5896,#5897,#5898,#5899,#5900,#5901,#5902,#5903,
#5904,#5905,#5906,#5907,#5908,#5909,#5910,#5911,#5912,#5913,#5914,#5915,
#5916,#5917,#5918,#5919,#5920,#5921,#5922,#5923,#5924,#5925,#5926,#5927,
#5928,#5929,#5930,#5931,#5932,#5933,#5934,#5935,#5936,#5937,#5938,#5939,
#5940,#5941,#5942,#5943,#5944,#5945,#5946,#5947,#5948,#5949,#5950,#5951,
#5952,#5953,#5954,#5955,#5956,#5957,#5958,#5959,#5960,#5961,#5962,#5963,
#5964,#5965,#5966,#5967,#5968,#5969,#5970,#5971,#5972,#5973,#5974,#5975,
#5976,#5977,#5978,#5979,#5980,#5981,#5982,#5983,#5984,#5985,#5986,#5987,
#5988,#5989,#5990,#5991,#5992,#5993,#5994,#5995,#5996,#5997,#5998,#5999,
#6000,#6001,#6002,#6003,#6004,#6005,#6006,#6007,#6008,#6009,#6010,#6011,
#6012,#6013,#6014,#6015,#6016,#6017,#6018,#6019,#6020,#6021,#6022,#6023,
#6024,#6025,#6026,#6027,#6028,#6029,#6030,#6031,#6032,#6033,#6034,#6035,
#6036,#6037,#6038,#6039,#6040,#6041,#6042,#6043,#6044,#6045,#6046,#6047,
#6048,#6049,#6050,#6051,#6052,#6053,#6054,#6055,#6056,#6057,#6058,#6059,
#6060,#6061,#6062,#6063,#6064,#6065,#6066,#6067,#6068,#6069,#6070,#6071,
#6072,#6073,#6074,#6075,#6076,#6077,#6078,#6079,#6080,#6081,#6082,#6083,
#6084,#6085,#6086,#6087,#6088,#6089,#6090,#6091,#6092,#6093,#6094,#6095,
#6096,#6097,#6098,#6099,#6100,#6101,#6102,#6103,#6104,#6105,#6106,#6107,
#6108,#6109,#6110,#6111,#6112,#6113,#6114,#6115,#6116,#6117,#6118,#6119,
#6120,#6121,#6122,#6123,#6124,#6125,#6126,#6127,#6128,#6129,#6130,#6131,
#6132,#6133,#6134,#6135,#6136,#6137,#6138,#6139,#6140,#6141,#6142,#6143,
#6144,#6145,#6146,#6147,#6148,#6149,#6150,#6151,#6152,#6153,#6154,#6155,
#6156,#6157,#6158,#6159,#6160,#6161,#6162,#6163,#6164,#6165,#6166,#6167,
#6168,#6169,#6170,#6171,#6172,#6173,#6174,#6175,#6176,#6177,#6178,#6179,
#6180,#6181,#6182,#6183,#6184,#6185,#6186,#6187,#6188,#6189,#6190,#6191,
#6192,#6193,#6194,#6195,#6196,#6197,#6198,#6199,#6200,#6201,#6202,#6203,
#6204,#6205,#6206,#6207,#6208,#6209,#6210,#6211,#6212,#6213,#6214,#6215,
#6216,#6217,#6218,#6219,#6220,#6221,#6222,#6223,#6224,#6225,#6226,#6227,
#6228,#6229,#6230,#6231,#6232,#6233,#6234,#6235,#6236,#6237,#6238,#6239,
#6240,#6241,#6242,#6243,#6244,#6245,#6246,#6247)),.UNSPECIFIED.,.F.,.F.,
 .F.)
B_SPLINE_SURFACE_WITH_KNOTS((4,4),(3,2,2,2,2,2,2,2,2,2,2,2,2,2,2,2,2,2,
2,2,2,2,2,2,2,2,2,2,2,2,2,2,2,2,2,2,2,2,2,2,2,2,2,2,2,2,2,2,2,2,2,2,2,2,
2,2,2,2,2,2,2,2,2,2,2,2,2,2,2,2,2,2,2,2,2,2,2,2,2,2,2,2,2,2,2,2,2,2,2,2,
2,2,2,2,2,2,2,2,2,2,2,2,2,2,2,2,2,2,2,2,2,2,2,2,2,2,2,2,2,2,2,2,2,2,2,2,
2,2,2,2,2,2,2,2,2,2,2,2,2,2,2,2,2,2,2,2,2,2,2,2,2,2,2,2,2,2,2,2,2,2,2,2,
2,2,2,2,2,2,2,2,2,2,2,2,2,2,2,2,2,2,2,2,2,2,2,2,2,2,2,2,2,2,2,2,2,2,2,2,
2,2,2,2,2,2,2,2,2,2,2,2,3),(0.,1.),(0.,0.00476190476190476,0.00952380952380952,
0.0142857142857143,0.0190476190476191,0.0238095238095238,0.0285714285714285,
0.0333333333333333,0.0380952380952381,0.0428571428571429,0.0476190476190476,
0.0523809523809524,0.0571428571428571,0.0619047619047619,0.0666666666666667,
0.0714285714285714,0.0761904761904762,0.080952380952381,0.0857142857142857,
0.0904761904761905,0.0952380952380952,0.1,0.104761904761905,0.109523809523809,
0.114285714285714,0.119047619047619,0.123809523809524,0.128571428571429,
0.133333333333333,0.138095238095238,0.142857142857143,0.147619047619048,
0.152380952380953,0.157142857142857,0.161904761904762,0.166666666666667,
0.171428571428572,0.176190476190476,0.180952380952381,0.185714285714285,
0.19047619047619,0.195238095238095,0.2,0.204761904761905,0.20952380952381,
0.214285714285714,0.219047619047619,0.223809523809524,0.228571428571428,
0.233333333333334,0.238095238095238,0.242857142857143,0.247619047619048,
0.252380952380952,0.257142857142857,0.261904761904762,0.266666666666666,
0.271428571428572,0.276190476190476,0.280952380952381,0.285714285714286,
0.29047619047619,0.295238095238095,0.3,0.304761904761905,0.309523809523809,
0.314285714285715,0.319047619047619,0.323809523809524,0.328571428571429,
0.333333333333334,0.338095238095238,0.342857142857143,0.347619047619047,
0.352380952380953,0.357142857142857,0.361904761904762,0.366666666666666,
0.371428571428571,0.376190476190476,0.380952380952381,0.385714285714286,
0.39047619047619,0.395238095238095,0.4,0.404761904761905,0.40952380952381,
0.414285714285715,0.419047619047619,0.423809523809524,0.428571428571428,
0.433333333333334,0.438095238095238,0.442857142857143,0.447619047619047,
0.452380952380952,0.457142857142857,0.461904761904762,0.466666666666667,
0.471428571428571,0.476190476190476,0.480952380952381,0.485714285714286,
0.490476190476191,0.495238095238095,0.5,0.504761904761905,0.50952380952381,
0.514285714285714,0.519047619047619,0.523809523809524,0.528571428571429,
0.533333333333333,0.538095238095238,0.542857142857143,0.547619047619048,
0.552380952380952,0.557142857142857,0.561904761904762,0.566666666666667,
0.571428571428571,0.576190476190476,0.580952380952381,0.585714285714286,
0.590476190476191,0.595238095238095,0.6,0.604761904761905,0.60952380952381,
0.614285714285714,0.619047619047619,0.623809523809524,0.628571428571429,
0.633333333333333,0.638095238095238,0.642857142857143,0.647619047619048,
0.652380952380952,0.657142857142857,0.661904761904762,0.666666666666667,
0.671428571428571,0.676190476190476,0.680952380952381,0.685714285714286,
0.690476190476191,0.695238095238095,0.7,0.704761904761905,0.70952380952381,
0.714285714285714,0.719047619047619,0.723809523809524,0.728571428571429,
0.733333333333333,0.738095238095238,0.742857142857143,0.747619047619048,
0.752380952380952,0.757142857142857,0.761904761904762,0.766666666666667,
0.771428571428572,0.776190476190476,0.780952380952381,0.785714285714286,
0.79047619047619,0.795238095238095,0.8,0.804761904761905,0.80952380952381,
0.814285714285714,0.819047619047619,0.823809523809524,0.828571428571429,
0.833333333333333,0.838095238095238,0.842857142857143,0.847619047619048,
0.852380952380952,0.857142857142857,0.861904761904762,0.866666666666667,
0.871428571428571,0.876190476190476,0.880952380952381,0.885714285714286,
0.89047619047619,0.895238095238095,0.9,0.904761904761905,0.90952380952381,
0.914285714285714,0.919047619047619,0.923809523809524,0.928571428571429,
0.933333333333333,0.938095238095238,0.942857142857143,0.947619047619048,
0.952380952380952,0.957142857142857,0.961904761904762,0.966666666666667,
0.971428571428571,0.976190476190476,0.980952380952381,0.985714285714286,
0.990476190476191,0.995238095238095,1.),.UNSPECIFIED.)
GEOMETRIC_REPRESENTATION_ITEM()
RATIONAL_B_SPLINE_SURFACE(((1.,0.866025403784439,1.,0.866025403784439,1.,
0.866025403784439,1.,0.866025403784439,1.,0.866025403784439,1.,0.866025403784439,
1.,0.866025403784439,1.,0.866025403784439,1.,0.866025403784439,1.,0.866025403784439,
1.,0.866025403784439,1.,0.866025403784439,1.,0.866025403784439,1.,0.866025403784439,
1.,0.866025403784439,1.,0.866025403784439,1.,0.866025403784439,1.,0.866025403784439,
1.,0.866025403784439,1.,0.866025403784439,1.,0.866025403784439,1.,0.866025403784439,
1.,0.866025403784439,1.,0.866025403784439,1.,0.866025403784439,1.,0.866025403784439,
1.,0.866025403784439,1.,0.866025403784439,1.,0.866025403784439,1.,0.866025403784439,
1.,0.866025403784439,1.,0.866025403784439,1.,0.866025403784439,1.,0.866025403784439,
1.,0.866025403784439,1.,0.866025403784439,1.,0.866025403784439,1.,0.866025403784439,
1.,0.866025403784439,1.,0.866025403784439,1.,0.866025403784439,1.,0.866025403784439,
1.,0.866025403784439,1.,0.866025403784439,1.,0.866025403784439,1.,0.866025403784439,
1.,0.866025403784439,1.,0.866025403784439,1.,0.866025403784439,1.,0.866025403784439,
1.,0.866025403784439,1.,0.866025403784439,1.,0.866025403784439,1.,0.866025403784439,
1.,0.866025403784439,1.,0.866025403784439,1.,0.866025403784439,1.,0.866025403784439,
1.,0.866025403784439,1.,0.866025403784439,1.,0.866025403784439,1.,0.866025403784439,
1.,0.866025403784439,1.,0.866025403784439,1.,0.866025403784439,1.,0.866025403784439,
1.,0.866025403784439,1.,0.866025403784439,1.,0.866025403784439,1.,0.866025403784439,
1.,0.866025403784439,1.,0.866025403784439,1.,0.866025403784439,1.,0.866025403784439,
1.,0.866025403784439,1.,0.866025403784439,1.,0.866025403784439,1.,0.866025403784439,
1.,0.866025403784439,1.,0.866025403784439,1.,0.866025403784439,1.,0.866025403784439,
1.,0.866025403784439,1.,0.866025403784439,1.,0.866025403784439,1.,0.866025403784439,
1.,0.866025403784439,1.,0.866025403784439,1.,0.866025403784439,1.,0.866025403784439,
1.,0.866025403784439,1.,0.866025403784439,1.,0.866025403784439,1.,0.866025403784439,
1.,0.866025403784439,1.,0.866025403784439,1.,0.866025403784439,1.,0.866025403784439,
1.,0.866025403784439,1.,0.866025403784439,1.,0.866025403784439,1.,0.866025403784439,
1.,0.866025403784439,1.,0.866025403784439,1.,0.866025403784439,1.,0.866025403784439,
1.,0.866025403784439,1.,0.866025403784439,1.,0.866025403784439,1.,0.866025403784439,
1.,0.866025403784439,1.,0.866025403784439,1.,0.866025403784439,1.,0.866025403784439,
1.,0.866025403784439,1.,0.866025403784439,1.,0.866025403784439,1.,0.866025403784439,
1.,0.866025403784439,1.,0.866025403784439,1.,0.866025403784439,1.,0.866025403784439,
1.,0.866025403784439,1.,0.866025403784439,1.,0.866025403784439,1.,0.866025403784439,
1.,0.866025403784439,1.,0.866025403784439,1.,0.866025403784439,1.,0.866025403784439,
1.,0.866025403784439,1.,0.866025403784439,1.,0.866025403784439,1.,0.866025403784439,
1.,0.866025403784439,1.,0.866025403784439,1.,0.866025403784439,1.,0.866025403784439,
1.,0.866025403784439,1.,0.866025403784439,1.,0.866025403784439,1.,0.866025403784439,
1.,0.866025403784439,1.,0.866025403784439,1.,0.866025403784439,1.,0.866025403784439,
1.,0.866025403784439,1.,0.866025403784439,1.,0.866025403784439,1.,0.866025403784439,
1.,0.866025403784439,1.,0.866025403784439,1.,0.866025403784439,1.,0.866025403784439,
1.,0.866025403784439,1.,0.866025403784439,1.,0.866025403784439,1.,0.866025403784439,
1.,0.866025403784439,1.,0.866025403784439,1.,0.866025403784439,1.,0.866025403784439,
1.,0.866025403784439,1.,0.866025403784439,1.,0.866025403784439,1.,0.866025403784439,
1.,0.866025403784439,1.,0.866025403784439,1.,0.866025403784439,1.,0.866025403784439,
1.,0.866025403784439,1.,0.866025403784439,1.,0.866025403784439,1.,0.866025403784439,
1.,0.866025403784439,1.,0.866025403784439,1.,0.866025403784439,1.,0.866025403784439,
1.,0.866025403784439,1.,0.866025403784439,1.,0.866025403784439,1.,0.866025403784439,
1.,0.866025403784439,1.,0.866025403784439,1.,0.866025403784439,1.,0.866025403784439,
1.,0.866025403784439,1.,0.866025403784439,1.,0.866025403784439,1.,0.866025403784439,
1.,0.866025403784439,1.,0.866025403784439,1.,0.866025403784439,1.,0.866025403784439,
1.,0.866025403784439,1.,0.866025403784439,1.,0.866025403784439,1.,0.866025403784439,
1.,0.866025403784439,1.,0.866025403784439,1.,0.866025403784439,1.,0.866025403784439,
1.,0.866025403784439,1.,0.866025403784439,1.,0.866025403784439,1.,0.866025403784439,
1.,0.866025403784439,1.,0.866025403784439,1.,0.866025403784439,1.,0.866025403784439,
1.),(0.868086513973668,0.751784973783872,0.868086513973668,0.751784973783872,
0.868086513973668,0.751784973783872,0.868086513973668,0.751784973783872,
0.868086513973668,0.751784973783872,0.868086513973668,0.751784973783872,
0.868086513973668,0.751784973783872,0.868086513973668,0.751784973783872,
0.868086513973668,0.751784973783872,0.868086513973668,0.751784973783872,
0.868086513973668,0.751784973783872,0.868086513973668,0.751784973783872,
0.868086513973668,0.751784973783872,0.868086513973668,0.751784973783872,
0.868086513973668,0.751784973783872,0.868086513973668,0.751784973783872,
0.868086513973668,0.751784973783872,0.868086513973668,0.751784973783872,
0.868086513973668,0.751784973783872,0.868086513973668,0.751784973783872,
0.868086513973668,0.751784973783872,0.868086513973668,0.751784973783872,
0.868086513973668,0.751784973783872,0.868086513973668,0.751784973783872,
0.868086513973668,0.751784973783872,0.868086513973668,0.751784973783872,
0.868086513973668,0.751784973783872,0.868086513973668,0.751784973783872,
0.868086513973668,0.751784973783872,0.868086513973668,0.751784973783872,
0.868086513973668,0.751784973783872,0.868086513973668,0.751784973783872,
0.868086513973668,0.751784973783872,0.868086513973668,0.751784973783872,
0.868086513973668,0.751784973783872,0.868086513973668,0.751784973783872,
0.868086513973668,0.751784973783872,0.868086513973668,0.751784973783872,
0.868086513973668,0.751784973783872,0.868086513973668,0.751784973783872,
0.868086513973668,0.751784973783872,0.868086513973668,0.751784973783872,
0.868086513973668,0.751784973783872,0.868086513973668,0.751784973783872,
0.868086513973668,0.751784973783872,0.868086513973668,0.751784973783872,
0.868086513973668,0.751784973783872,0.868086513973668,0.751784973783872,
0.868086513973668,0.751784973783872,0.868086513973668,0.751784973783872,
0.868086513973668,0.751784973783872,0.868086513973668,0.751784973783872,
0.868086513973668,0.751784973783872,0.868086513973668,0.751784973783872,
0.868086513973668,0.751784973783872,0.868086513973668,0.751784973783872,
0.868086513973668,0.751784973783872,0.868086513973668,0.751784973783872,
0.868086513973668,0.751784973783872,0.868086513973668,0.751784973783872,
0.868086513973668,0.751784973783872,0.868086513973668,0.751784973783872,
0.868086513973668,0.751784973783872,0.868086513973668,0.751784973783872,
0.868086513973668,0.751784973783872,0.868086513973668,0.751784973783872,
0.868086513973668,0.751784973783872,0.868086513973668,0.751784973783872,
0.868086513973668,0.751784973783872,0.868086513973668,0.751784973783872,
0.868086513973668,0.751784973783872,0.868086513973668,0.751784973783872,
0.868086513973668,0.751784973783872,0.868086513973668,0.751784973783872,
0.868086513973668,0.751784973783872,0.868086513973668,0.751784973783872,
0.868086513973668,0.751784973783872,0.868086513973668,0.751784973783872,
0.868086513973668,0.751784973783872,0.868086513973668,0.751784973783872,
0.868086513973668,0.751784973783872,0.868086513973668,0.751784973783872,
0.868086513973668,0.751784973783872,0.868086513973668,0.751784973783872,
0.868086513973668,0.751784973783872,0.868086513973668,0.751784973783872,
0.868086513973668,0.751784973783872,0.868086513973668,0.751784973783872,
0.868086513973668,0.751784973783872,0.868086513973668,0.751784973783872,
0.868086513973668,0.751784973783872,0.868086513973668,0.751784973783872,
0.868086513973668,0.751784973783872,0.868086513973668,0.751784973783872,
0.868086513973668,0.751784973783872,0.868086513973668,0.751784973783872,
0.868086513973668,0.751784973783872,0.868086513973668,0.751784973783872,
0.868086513973668,0.751784973783872,0.868086513973668,0.751784973783872,
0.868086513973668,0.751784973783872,0.868086513973668,0.751784973783872,
0.868086513973668,0.751784973783872,0.868086513973668,0.751784973783872,
0.868086513973668,0.751784973783872,0.868086513973668,0.751784973783872,
0.868086513973668,0.751784973783872,0.868086513973668,0.751784973783872,
0.868086513973668,0.751784973783872,0.868086513973668,0.751784973783872,
0.868086513973668,0.751784973783872,0.868086513973668,0.751784973783872,
0.868086513973668,0.751784973783872,0.868086513973668,0.751784973783872,
0.868086513973668,0.751784973783872,0.868086513973668,0.751784973783872,
0.868086513973668,0.751784973783872,0.868086513973668,0.751784973783872,
0.868086513973668,0.751784973783872,0.868086513973668,0.751784973783872,
0.868086513973668,0.751784973783872,0.868086513973668,0.751784973783872,
0.868086513973668,0.751784973783872,0.868086513973668,0.751784973783872,
0.868086513973668,0.751784973783872,0.868086513973668,0.751784973783872,
0.868086513973668,0.751784973783872,0.868086513973668,0.751784973783872,
0.868086513973668,0.751784973783872,0.868086513973668,0.751784973783872,
0.868086513973668,0.751784973783872,0.868086513973668,0.751784973783872,
0.868086513973668,0.751784973783872,0.868086513973668,0.751784973783872,
0.868086513973668,0.751784973783872,0.868086513973668,0.751784973783872,
0.868086513973668,0.751784973783872,0.868086513973668,0.751784973783872,
0.868086513973668,0.751784973783872,0.868086513973668,0.751784973783872,
0.868086513973668,0.751784973783872,0.868086513973668,0.751784973783872,
0.868086513973668,0.751784973783872,0.868086513973668,0.751784973783872,
0.868086513973668,0.751784973783872,0.868086513973668,0.751784973783872,
0.868086513973668,0.751784973783872,0.868086513973668,0.751784973783872,
0.868086513973668,0.751784973783872,0.868086513973668,0.751784973783872,
0.868086513973668,0.751784973783872,0.868086513973668,0.751784973783872,
0.868086513973668,0.751784973783872,0.868086513973668,0.751784973783872,
0.868086513973668,0.751784973783872,0.868086513973668,0.751784973783872,
0.868086513973668,0.751784973783872,0.868086513973668,0.751784973783872,
0.868086513973668,0.751784973783872,0.868086513973668,0.751784973783872,
0.868086513973668,0.751784973783872,0.868086513973668,0.751784973783872,
0.868086513973668,0.751784973783872,0.868086513973668,0.751784973783872,
0.868086513973668,0.751784973783872,0.868086513973668,0.751784973783872,
0.868086513973668,0.751784973783872,0.868086513973668,0.751784973783872,
0.868086513973668,0.751784973783872,0.868086513973668,0.751784973783872,
0.868086513973668,0.751784973783872,0.868086513973668,0.751784973783872,
0.868086513973668,0.751784973783872,0.868086513973668,0.751784973783872,
0.868086513973668,0.751784973783872,0.868086513973668,0.751784973783872,
0.868086513973668,0.751784973783872,0.868086513973668,0.751784973783872,
0.868086513973668,0.751784973783872,0.868086513973668,0.751784973783872,
0.868086513973668,0.751784973783872,0.868086513973668,0.751784973783872,
0.868086513973668,0.751784973783872,0.868086513973668,0.751784973783872,
0.868086513973668,0.751784973783872,0.868086513973668,0.751784973783872,
0.868086513973668,0.751784973783872,0.868086513973668,0.751784973783872,
0.868086513973668,0.751784973783872,0.868086513973668,0.751784973783872,
0.868086513973668,0.751784973783872,0.868086513973668,0.751784973783872,
0.868086513973668,0.751784973783872,0.868086513973668,0.751784973783872,
0.868086513973668,0.751784973783872,0.868086513973668,0.751784973783872,
0.868086513973668,0.751784973783872,0.868086513973668,0.751784973783872,
0.868086513973668,0.751784973783872,0.868086513973668,0.751784973783872,
0.868086513973668,0.751784973783872,0.868086513973668,0.751784973783872,
0.868086513973668,0.751784973783872,0.868086513973668,0.751784973783872,
0.868086513973668,0.751784973783872,0.868086513973668,0.751784973783872,
0.868086513973668,0.751784973783872,0.868086513973668,0.751784973783872,
0.868086513973668,0.751784973783872,0.868086513973668,0.751784973783872,
0.868086513973668),(0.868086513973668,0.751784973783872,0.868086513973668,
0.751784973783872,0.868086513973668,0.751784973783872,0.868086513973668,
0.751784973783872,0.868086513973668,0.751784973783872,0.868086513973668,
0.751784973783872,0.868086513973668,0.751784973783872,0.868086513973668,
0.751784973783872,0.868086513973668,0.751784973783872,0.868086513973668,
0.751784973783872,0.868086513973668,0.751784973783872,0.868086513973668,
0.751784973783872,0.868086513973668,0.751784973783872,0.868086513973668,
0.751784973783872,0.868086513973668,0.751784973783872,0.868086513973668,
0.751784973783872,0.868086513973668,0.751784973783872,0.868086513973668,
0.751784973783872,0.868086513973668,0.751784973783872,0.868086513973668,
0.751784973783872,0.868086513973668,0.751784973783872,0.868086513973668,
0.751784973783872,0.868086513973668,0.751784973783872,0.868086513973668,
0.751784973783872,0.868086513973668,0.751784973783872,0.868086513973668,
0.751784973783872,0.868086513973668,0.751784973783872,0.868086513973668,
0.751784973783872,0.868086513973668,0.751784973783872,0.868086513973668,
0.751784973783872,0.868086513973668,0.751784973783872,0.868086513973668,
0.751784973783872,0.868086513973668,0.751784973783872,0.868086513973668,
0.751784973783872,0.868086513973668,0.751784973783872,0.868086513973668,
0.751784973783872,0.868086513973668,0.751784973783872,0.868086513973668,
0.751784973783872,0.868086513973668,0.751784973783872,0.868086513973668,
0.751784973783872,0.868086513973668,0.751784973783872,0.868086513973668,
0.751784973783872,0.868086513973668,0.751784973783872,0.868086513973668,
0.751784973783872,0.868086513973668,0.751784973783872,0.868086513973668,
0.751784973783872,0.868086513973668,0.751784973783872,0.868086513973668,
0.751784973783872,0.868086513973668,0.751784973783872,0.868086513973668,
0.751784973783872,0.868086513973668,0.751784973783872,0.868086513973668,
0.751784973783872,0.868086513973668,0.751784973783872,0.868086513973668,
0.751784973783872,0.868086513973668,0.751784973783872,0.868086513973668,
0.751784973783872,0.868086513973668,0.751784973783872,0.868086513973668,
0.751784973783872,0.868086513973668,0.751784973783872,0.868086513973668,
0.751784973783872,0.868086513973668,0.751784973783872,0.868086513973668,
0.751784973783872,0.868086513973668,0.751784973783872,0.868086513973668,
0.751784973783872,0.868086513973668,0.751784973783872,0.868086513973668,
0.751784973783872,0.868086513973668,0.751784973783872,0.868086513973668,
0.751784973783872,0.868086513973668,0.751784973783872,0.868086513973668,
0.751784973783872,0.868086513973668,0.751784973783872,0.868086513973668,
0.751784973783872,0.868086513973668,0.751784973783872,0.868086513973668,
0.751784973783872,0.868086513973668,0.751784973783872,0.868086513973668,
0.751784973783872,0.868086513973668,0.751784973783872,0.868086513973668,
0.751784973783872,0.868086513973668,0.751784973783872,0.868086513973668,
0.751784973783872,0.868086513973668,0.751784973783872,0.868086513973668,
0.751784973783872,0.868086513973668,0.751784973783872,0.868086513973668,
0.751784973783872,0.868086513973668,0.751784973783872,0.868086513973668,
0.751784973783872,0.868086513973668,0.751784973783872,0.868086513973668,
0.751784973783872,0.868086513973668,0.751784973783872,0.868086513973668,
0.751784973783872,0.868086513973668,0.751784973783872,0.868086513973668,
0.751784973783872,0.868086513973668,0.751784973783872,0.868086513973668,
0.751784973783872,0.868086513973668,0.751784973783872,0.868086513973668,
0.751784973783872,0.868086513973668,0.751784973783872,0.868086513973668,
0.751784973783872,0.868086513973668,0.751784973783872,0.868086513973668,
0.751784973783872,0.868086513973668,0.751784973783872,0.868086513973668,
0.751784973783872,0.868086513973668,0.751784973783872,0.868086513973668,
0.751784973783872,0.868086513973668,0.751784973783872,0.868086513973668,
0.751784973783872,0.868086513973668,0.751784973783872,0.868086513973668,
0.751784973783872,0.868086513973668,0.751784973783872,0.868086513973668,
0.751784973783872,0.868086513973668,0.751784973783872,0.868086513973668,
0.751784973783872,0.868086513973668,0.751784973783872,0.868086513973668,
0.751784973783872,0.868086513973668,0.751784973783872,0.868086513973668,
0.751784973783872,0.868086513973668,0.751784973783872,0.868086513973668,
0.751784973783872,0.868086513973668,0.751784973783872,0.868086513973668,
0.751784973783872,0.868086513973668,0.751784973783872,0.868086513973668,
0.751784973783872,0.868086513973668,0.751784973783872,0.868086513973668,
0.751784973783872,0.868086513973668,0.751784973783872,0.868086513973668,
0.751784973783872,0.868086513973668,0.751784973783872,0.868086513973668,
0.751784973783872,0.868086513973668,0.751784973783872,0.868086513973668,
0.751784973783872,0.868086513973668,0.751784973783872,0.868086513973668,
0.751784973783872,0.868086513973668,0.751784973783872,0.868086513973668,
0.751784973783872,0.868086513973668,0.751784973783872,0.868086513973668,
0.751784973783872,0.868086513973668,0.751784973783872,0.868086513973668,
0.751784973783872,0.868086513973668,0.751784973783872,0.868086513973668,
0.751784973783872,0.868086513973668,0.751784973783872,0.868086513973668,
0.751784973783872,0.868086513973668,0.751784973783872,0.868086513973668,
0.751784973783872,0.868086513973668,0.751784973783872,0.868086513973668,
0.751784973783872,0.868086513973668,0.751784973783872,0.868086513973668,
0.751784973783872,0.868086513973668,0.751784973783872,0.868086513973668,
0.751784973783872,0.868086513973668,0.751784973783872,0.868086513973668,
0.751784973783872,0.868086513973668,0.751784973783872,0.868086513973668,
0.751784973783872,0.868086513973668,0.751784973783872,0.868086513973668,
0.751784973783872,0.868086513973668,0.751784973783872,0.868086513973668,
0.751784973783872,0.868086513973668,0.751784973783872,0.868086513973668,
0.751784973783872,0.868086513973668,0.751784973783872,0.868086513973668,
0.751784973783872,0.868086513973668,0.751784973783872,0.868086513973668,
0.751784973783872,0.868086513973668,0.751784973783872,0.868086513973668,
0.751784973783872,0.868086513973668,0.751784973783872,0.868086513973668,
0.751784973783872,0.868086513973668,0.751784973783872,0.868086513973668,
0.751784973783872,0.868086513973668,0.751784973783872,0.868086513973668,
0.751784973783872,0.868086513973668,0.751784973783872,0.868086513973668,
0.751784973783872,0.868086513973668,0.751784973783872,0.868086513973668,
0.751784973783872,0.868086513973668,0.751784973783872,0.868086513973668,
0.751784973783872,0.868086513973668,0.751784973783872,0.868086513973668,
0.751784973783872,0.868086513973668,0.751784973783872,0.868086513973668,
0.751784973783872,0.868086513973668,0.751784973783872,0.868086513973668,
0.751784973783872,0.868086513973668,0.751784973783872,0.868086513973668,
0.751784973783872,0.868086513973668,0.751784973783872,0.868086513973668,
0.751784973783872,0.868086513973668,0.751784973783872,0.868086513973668,
0.751784973783872,0.868086513973668,0.751784973783872,0.868086513973668,
0.751784973783872,0.868086513973668,0.751784973783872,0.868086513973668,
0.751784973783872,0.868086513973668,0.751784973783872,0.868086513973668,
0.751784973783872,0.868086513973668,0.751784973783872,0.868086513973668,
0.751784973783872,0.868086513973668,0.751784973783872,0.868086513973668,
0.751784973783872,0.868086513973668,0.751784973783872,0.868086513973668,
0.751784973783872,0.868086513973668,0.751784973783872,0.868086513973668,
0.751784973783872,0.868086513973668,0.751784973783872,0.868086513973668,
0.751784973783872,0.868086513973668,0.751784973783872,0.868086513973668,
0.751784973783872,0.868086513973668,0.751784973783872,0.868086513973668,
0.751784973783872,0.868086513973668),(1.,0.866025403784439,1.,0.866025403784439,
1.,0.866025403784439,1.,0.866025403784439,1.,0.866025403784439,1.,0.866025403784439,
1.,0.866025403784439,1.,0.866025403784439,1.,0.866025403784439,1.,0.866025403784439,
1.,0.866025403784439,1.,0.866025403784439,1.,0.866025403784439,1.,0.866025403784439,
1.,0.866025403784439,1.,0.866025403784439,1.,0.866025403784439,1.,0.866025403784439,
1.,0.866025403784439,1.,0.866025403784439,1.,0.866025403784439,1.,0.866025403784439,
1.,0.866025403784439,1.,0.866025403784439,1.,0.866025403784439,1.,0.866025403784439,
1.,0.866025403784439,1.,0.866025403784439,1.,0.866025403784439,1.,0.866025403784439,
1.,0.866025403784439,1.,0.866025403784439,1.,0.866025403784439,1.,0.866025403784439,
1.,0.866025403784439,1.,0.866025403784439,1.,0.866025403784439,1.,0.866025403784439,
1.,0.866025403784439,1.,0.866025403784439,1.,0.866025403784439,1.,0.866025403784439,
1.,0.866025403784439,1.,0.866025403784439,1.,0.866025403784439,1.,0.866025403784439,
1.,0.866025403784439,1.,0.866025403784439,1.,0.866025403784439,1.,0.866025403784439,
1.,0.866025403784439,1.,0.866025403784439,1.,0.866025403784439,1.,0.866025403784439,
1.,0.866025403784439,1.,0.866025403784439,1.,0.866025403784439,1.,0.866025403784439,
1.,0.866025403784439,1.,0.866025403784439,1.,0.866025403784439,1.,0.866025403784439,
1.,0.866025403784439,1.,0.866025403784439,1.,0.866025403784439,1.,0.866025403784439,
1.,0.866025403784439,1.,0.866025403784439,1.,0.866025403784439,1.,0.866025403784439,
1.,0.866025403784439,1.,0.866025403784439,1.,0.866025403784439,1.,0.866025403784439,
1.,0.866025403784439,1.,0.866025403784439,1.,0.866025403784439,1.,0.866025403784439,
1.,0.866025403784439,1.,0.866025403784439,1.,0.866025403784439,1.,0.866025403784439,
1.,0.866025403784439,1.,0.866025403784439,1.,0.866025403784439,1.,0.866025403784439,
1.,0.866025403784439,1.,0.866025403784439,1.,0.866025403784439,1.,0.866025403784439,
1.,0.866025403784439,1.,0.866025403784439,1.,0.866025403784439,1.,0.866025403784439,
1.,0.866025403784439,1.,0.866025403784439,1.,0.866025403784439,1.,0.866025403784439,
1.,0.866025403784439,1.,0.866025403784439,1.,0.866025403784439,1.,0.866025403784439,
1.,0.866025403784439,1.,0.866025403784439,1.,0.866025403784439,1.,0.866025403784439,
1.,0.866025403784439,1.,0.866025403784439,1.,0.866025403784439,1.,0.866025403784439,
1.,0.866025403784439,1.,0.866025403784439,1.,0.866025403784439,1.,0.866025403784439,
1.,0.866025403784439,1.,0.866025403784439,1.,0.866025403784439,1.,0.866025403784439,
1.,0.866025403784439,1.,0.866025403784439,1.,0.866025403784439,1.,0.866025403784439,
1.,0.866025403784439,1.,0.866025403784439,1.,0.866025403784439,1.,0.866025403784439,
1.,0.866025403784439,1.,0.866025403784439,1.,0.866025403784439,1.,0.866025403784439,
1.,0.866025403784439,1.,0.866025403784439,1.,0.866025403784439,1.,0.866025403784439,
1.,0.866025403784439,1.,0.866025403784439,1.,0.866025403784439,1.,0.866025403784439,
1.,0.866025403784439,1.,0.866025403784439,1.,0.866025403784439,1.,0.866025403784439,
1.,0.866025403784439,1.,0.866025403784439,1.,0.866025403784439,1.,0.866025403784439,
1.,0.866025403784439,1.,0.866025403784439,1.,0.866025403784439,1.,0.866025403784439,
1.,0.866025403784439,1.,0.866025403784439,1.,0.866025403784439,1.,0.866025403784439,
1.,0.866025403784439,1.,0.866025403784439,1.,0.866025403784439,1.,0.866025403784439,
1.,0.866025403784439,1.,0.866025403784439,1.,0.866025403784439,1.,0.866025403784439,
1.,0.866025403784439,1.,0.866025403784439,1.,0.866025403784439,1.,0.866025403784439,
1.,0.866025403784439,1.,0.866025403784439,1.,0.866025403784439,1.,0.866025403784439,
1.,0.866025403784439,1.,0.866025403784439,1.,0.866025403784439,1.,0.866025403784439,
1.,0.866025403784439,1.,0.866025403784439,1.,0.866025403784439,1.,0.866025403784439,
1.,0.866025403784439,1.,0.866025403784439,1.,0.866025403784439,1.,0.866025403784439,
1.,0.866025403784439,1.,0.866025403784439,1.,0.866025403784439,1.,0.866025403784439,
1.,0.866025403784439,1.,0.866025403784439,1.,0.866025403784439,1.,0.866025403784439,
1.,0.866025403784439,1.,0.866025403784439,1.,0.866025403784439,1.,0.866025403784439,
1.,0.866025403784439,1.,0.866025403784439,1.,0.866025403784439,1.,0.866025403784439,
1.,0.866025403784439,1.,0.866025403784439,1.,0.866025403784439,1.,0.866025403784439,
1.,0.866025403784439,1.,0.866025403784439,1.,0.866025403784439,1.,0.866025403784439,
1.,0.866025403784439,1.,0.866025403784439,1.,0.866025403784439,1.,0.866025403784439,
1.)))
REPRESENTATION_ITEM('')
SURFACE()
);
#15=B_SPLINE_CURVE_WITH_KNOTS('',3,(#1107,#1108,#1109,#1110,#1111),
 .UNSPECIFIED.,.F.,.F.,(4,1,4),(0.239113031474921,0.262062171383868,0.285011311292816),
 .UNSPECIFIED.);
#16=B_SPLINE_CURVE_WITH_KNOTS('',3,(#1113,#1114,#1115,#1116),
 .UNSPECIFIED.,.F.,.F.,(4,4),(0.,0.0426747450747581),.UNSPECIFIED.);
#17=PLANE('',#188);
#18=PLANE('',#193);
#19=PLANE('',#194);
#20=PLANE('',#195);
#21=PLANE('',#202);
#22=(
BOUNDED_CURVE()
B_SPLINE_CURVE(2,(#253,#254,#255,#256,#257,#258,#259,#260,#261,#262,#263,
#264,#265,#266,#267,#268,#269,#270,#271,#272,#273,#274,#275,#276,#277,#278,
#279,#280,#281,#282,#283,#284,#285,#286,#287,#288,#289,#290,#291,#292,#293,
#294,#295,#296,#297,#298,#299,#300,#301,#302,#303,#304,#305,#306,#307,#308,
#309,#310,#311,#312,#313,#314,#315,#316,#317,#318,#319,#320,#321,#322,#323,
#324,#325,#326,#327,#328,#329,#330,#331,#332,#333,#334,#335,#336,#337,#338,
#339,#340,#341,#342,#343,#344,#345,#346,#347,#348,#349,#350,#351,#352,#353,
#354,#355,#356,#357,#358,#359,#360,#361,#362,#363,#364,#365,#366,#367,#368,
#369,#370,#371,#372,#373,#374,#375,#376,#377,#378,#379,#380,#381,#382,#383,
#384,#385,#386,#387,#388,#389,#390,#391,#392,#393,#394,#395,#396,#397,#398,
#399,#400,#401,#402,#403,#404,#405,#406,#407,#408,#409,#410,#411,#412,#413,
#414,#415,#416,#417,#418,#419,#420,#421,#422,#423,#424,#425,#426,#427,#428,
#429,#430,#431,#432,#433,#434,#435,#436,#437,#438,#439,#440,#441,#442,#443,
#444,#445,#446,#447,#448,#449,#450,#451,#452,#453,#454,#455,#456,#457,#458,
#459,#460,#461,#462,#463,#464,#465,#466,#467,#468,#469,#470,#471,#472,#473,
#474,#475,#476,#477,#478,#479,#480,#481,#482,#483,#484,#485,#486,#487,#488,
#489,#490,#491,#492,#493,#494,#495,#496,#497,#498,#499,#500,#501,#502,#503,
#504,#505,#506,#507,#508,#509,#510,#511,#512,#513,#514,#515,#516,#517,#518,
#519,#520,#521,#522,#523,#524,#525,#526,#527,#528,#529,#530,#531,#532,#533,
#534,#535,#536,#537,#538,#539,#540,#541,#542,#543,#544,#545,#546,#547,#548,
#549,#550,#551,#552,#553,#554,#555,#556,#557,#558,#559,#560,#561,#562,#563,
#564,#565,#566,#567,#568,#569,#570,#571,#572,#573,#574,#575,#576,#577,#578,
#579,#580,#581,#582,#583,#584,#585,#586,#587,#588,#589,#590,#591,#592,#593,
#594,#595,#596,#597,#598,#599,#600,#601,#602,#603,#604,#605,#606,#607,#608,
#609,#610,#611,#612,#613,#614,#615,#616,#617,#618,#619,#620,#621,#622,#623,
#624,#625,#626,#627,#628,#629,#630,#631,#632,#633,#634,#635,#636,#637,#638,
#639,#640,#641,#642,#643,#644,#645,#646,#647,#648,#649,#650,#651,#652,#653,
#654,#655,#656,#657,#658,#659,#660,#661,#662,#663,#664,#665,#666,#667,#668,
#669,#670,#671,#672,#673),.UNSPECIFIED.,.F.,.F.)
B_SPLINE_CURVE_WITH_KNOTS((3,2,2,2,2,2,2,2,2,2,2,2,2,2,2,2,2,2,2,2,2,2,
2,2,2,2,2,2,2,2,2,2,2,2,2,2,2,2,2,2,2,2,2,2,2,2,2,2,2,2,2,2,2,2,2,2,2,2,
2,2,2,2,2,2,2,2,2,2,2,2,2,2,2,2,2,2,2,2,2,2,2,2,2,2,2,2,2,2,2,2,2,2,2,2,
2,2,2,2,2,2,2,2,2,2,2,2,2,2,2,2,2,2,2,2,2,2,2,2,2,2,2,2,2,2,2,2,2,2,2,2,
2,2,2,2,2,2,2,2,2,2,2,2,2,2,2,2,2,2,2,2,2,2,2,2,2,2,2,2,2,2,2,2,2,2,2,2,
2,2,2,2,2,2,2,2,2,2,2,2,2,2,2,2,2,2,2,2,2,2,2,2,2,2,2,2,2,2,2,2,2,2,2,2,
2,2,2,2,2,2,2,2,3),(0.,0.00476190476190476,0.00952380952380952,0.0142857142857143,
0.0190476190476191,0.0238095238095238,0.0285714285714285,0.0333333333333333,
0.0380952380952381,0.0428571428571429,0.0476190476190476,0.0523809523809524,
0.0571428571428571,0.0619047619047619,0.0666666666666667,0.0714285714285714,
0.0761904761904762,0.080952380952381,0.0857142857142857,0.0904761904761905,
0.0952380952380952,0.1,0.104761904761905,0.109523809523809,0.114285714285714,
0.119047619047619,0.123809523809524,0.128571428571429,0.133333333333333,
0.138095238095238,0.142857142857143,0.147619047619048,0.152380952380953,
0.157142857142857,0.161904761904762,0.166666666666667,0.171428571428572,
0.176190476190476,0.180952380952381,0.185714285714285,0.19047619047619,
0.195238095238095,0.2,0.204761904761905,0.20952380952381,0.214285714285714,
0.219047619047619,0.223809523809524,0.228571428571428,0.233333333333334,
0.238095238095238,0.242857142857143,0.247619047619048,0.252380952380952,
0.257142857142857,0.261904761904762,0.266666666666666,0.271428571428572,
0.276190476190476,0.280952380952381,0.285714285714286,0.29047619047619,
0.295238095238095,0.3,0.304761904761905,0.309523809523809,0.314285714285715,
0.319047619047619,0.323809523809524,0.328571428571429,0.333333333333334,
0.338095238095238,0.342857142857143,0.347619047619047,0.352380952380953,
0.357142857142857,0.361904761904762,0.366666666666666,0.371428571428571,
0.376190476190476,0.380952380952381,0.385714285714286,0.39047619047619,
0.395238095238095,0.4,0.404761904761905,0.40952380952381,0.414285714285715,
0.419047619047619,0.423809523809524,0.428571428571428,0.433333333333334,
0.438095238095238,0.442857142857143,0.447619047619047,0.452380952380952,
0.457142857142857,0.461904761904762,0.466666666666667,0.471428571428571,
0.476190476190476,0.480952380952381,0.485714285714286,0.490476190476191,
0.495238095238095,0.5,0.504761904761905,0.50952380952381,0.514285714285714,
0.519047619047619,0.523809523809524,0.528571428571429,0.533333333333333,
0.538095238095238,0.542857142857143,0.547619047619048,0.552380952380952,
0.557142857142857,0.561904761904762,0.566666666666667,0.571428571428571,
0.576190476190476,0.580952380952381,0.585714285714286,0.590476190476191,
0.595238095238095,0.6,0.604761904761905,0.60952380952381,0.614285714285714,
0.619047619047619,0.623809523809524,0.628571428571429,0.633333333333333,
0.638095238095238,0.642857142857143,0.647619047619048,0.652380952380952,
0.657142857142857,0.661904761904762,0.666666666666667,0.671428571428571,
0.676190476190476,0.680952380952381,0.685714285714286,0.690476190476191,
0.695238095238095,0.7,0.704761904761905,0.70952380952381,0.714285714285714,
0.719047619047619,0.723809523809524,0.728571428571429,0.733333333333333,
0.738095238095238,0.742857142857143,0.747619047619048,0.752380952380952,
0.757142857142857,0.761904761904762,0.766666666666667,0.771428571428572,
0.776190476190476,0.780952380952381,0.785714285714286,0.79047619047619,
0.795238095238095,0.8,0.804761904761905,0.80952380952381,0.814285714285714,
0.819047619047619,0.823809523809524,0.828571428571429,0.833333333333333,
0.838095238095238,0.842857142857143,0.847619047619048,0.852380952380952,
0.857142857142857,0.861904761904762,0.866666666666667,0.871428571428571,
0.876190476190476,0.880952380952381,0.885714285714286,0.89047619047619,
0.895238095238095,0.9,0.904761904761905,0.90952380952381,0.914285714285714,
0.919047619047619,0.923809523809524,0.928571428571429,0.933333333333333,
0.938095238095238,0.942857142857143,0.947619047619048,0.952380952380952,
0.957142857142857,0.961904761904762,0.966666666666667,0.971428571428571,
0.976190476190476,0.980952380952381,0.985714285714286,0.990476190476191,
0.995238095238095,1.),.PIECEWISE_BEZIER_KNOTS.)
CURVE()
GEOMETRIC_REPRESENTATION_ITEM()
RATIONAL_B_SPLINE_CURVE((0.921923414181435,0.798409097024805,0.921923414181435,
0.798409097024805,0.921923414181435,0.798409097024805,0.921923414181435,
0.798409097024805,0.921923414181435,0.798409097024805,0.921923414181435,
0.798409097024805,0.921923414181435,0.798409097024805,0.921923414181435,
0.798409097024805,0.921923414181435,0.798409097024805,0.921923414181435,
0.798409097024805,0.921923414181435,0.798409097024805,0.921923414181435,
0.798409097024805,0.921923414181435,0.798409097024805,0.921923414181435,
0.798409097024805,0.921923414181435,0.798409097024805,0.921923414181435,
0.798409097024805,0.921923414181435,0.798409097024805,0.921923414181435,
0.798409097024805,0.921923414181435,0.798409097024805,0.921923414181435,
0.798409097024805,0.921923414181435,0.798409097024805,0.921923414181435,
0.798409097024805,0.921923414181435,0.798409097024805,0.921923414181435,
0.798409097024805,0.921923414181435,0.798409097024805,0.921923414181435,
0.798409097024805,0.921923414181435,0.798409097024805,0.921923414181435,
0.798409097024805,0.921923414181435,0.798409097024805,0.921923414181435,
0.798409097024805,0.921923414181435,0.798409097024805,0.921923414181435,
0.798409097024805,0.921923414181435,0.798409097024805,0.921923414181435,
0.798409097024805,0.921923414181435,0.798409097024805,0.921923414181435,
0.798409097024805,0.921923414181435,0.798409097024805,0.921923414181435,
0.798409097024805,0.921923414181435,0.798409097024805,0.921923414181435,
0.798409097024805,0.921923414181435,0.798409097024805,0.921923414181435,
0.798409097024805,0.921923414181435,0.798409097024805,0.921923414181435,
0.798409097024805,0.921923414181435,0.798409097024805,0.921923414181435,
0.798409097024805,0.921923414181435,0.798409097024805,0.921923414181435,
0.798409097024805,0.921923414181435,0.798409097024805,0.921923414181435,
0.798409097024805,0.921923414181435,0.798409097024805,0.921923414181435,
0.798409097024805,0.921923414181435,0.798409097024805,0.921923414181435,
0.798409097024805,0.921923414181435,0.798409097024805,0.921923414181435,
0.798409097024805,0.921923414181435,0.798409097024805,0.921923414181435,
0.798409097024805,0.921923414181435,0.798409097024805,0.921923414181435,
0.798409097024805,0.921923414181435,0.798409097024805,0.921923414181435,
0.798409097024805,0.921923414181435,0.798409097024805,0.921923414181435,
0.798409097024805,0.921923414181435,0.798409097024805,0.921923414181435,
0.798409097024805,0.921923414181435,0.798409097024805,0.921923414181435,
0.798409097024805,0.921923414181435,0.798409097024805,0.921923414181435,
0.798409097024805,0.921923414181435,0.798409097024805,0.921923414181435,
0.798409097024805,0.921923414181435,0.798409097024805,0.921923414181435,
0.798409097024805,0.921923414181435,0.798409097024805,0.921923414181435,
0.798409097024805,0.921923414181435,0.798409097024805,0.921923414181435,
0.798409097024805,0.921923414181435,0.798409097024805,0.921923414181435,
0.798409097024805,0.921923414181435,0.798409097024805,0.921923414181435,
0.798409097024805,0.921923414181435,0.798409097024805,0.921923414181435,
0.798409097024805,0.921923414181435,0.798409097024805,0.921923414181435,
0.798409097024805,0.921923414181435,0.798409097024805,0.921923414181435,
0.798409097024805,0.921923414181435,0.798409097024805,0.921923414181435,
0.798409097024805,0.921923414181435,0.798409097024805,0.921923414181435,
0.798409097024805,0.921923414181435,0.798409097024805,0.921923414181435,
0.798409097024805,0.921923414181435,0.798409097024805,0.921923414181435,
0.798409097024805,0.921923414181435,0.798409097024805,0.921923414181435,
0.798409097024805,0.921923414181435,0.798409097024805,0.921923414181435,
0.798409097024805,0.921923414181435,0.798409097024805,0.921923414181435,
0.798409097024805,0.921923414181435,0.798409097024805,0.921923414181435,
0.798409097024805,0.921923414181435,0.798409097024805,0.921923414181435,
0.798409097024805,0.921923414181435,0.798409097024805,0.921923414181435,
0.798409097024805,0.921923414181435,0.798409097024805,0.921923414181435,
0.798409097024805,0.921923414181435,0.798409097024805,0.921923414181435,
0.798409097024805,0.921923414181435,0.798409097024805,0.921923414181435,
0.798409097024805,0.921923414181435,0.798409097024805,0.921923414181435,
0.798409097024805,0.921923414181435,0.798409097024805,0.921923414181435,
0.798409097024805,0.921923414181435,0.798409097024805,0.921923414181435,
0.798409097024805,0.921923414181435,0.798409097024805,0.921923414181435,
0.798409097024805,0.921923414181435,0.798409097024805,0.921923414181435,
0.798409097024805,0.921923414181435,0.798409097024805,0.921923414181435,
0.798409097024805,0.921923414181435,0.798409097024805,0.921923414181435,
0.798409097024805,0.921923414181435,0.798409097024805,0.921923414181435,
0.798409097024805,0.921923414181435,0.798409097024805,0.921923414181435,
0.798409097024805,0.921923414181435,0.798409097024805,0.921923414181435,
0.798409097024805,0.921923414181435,0.798409097024805,0.921923414181435,
0.798409097024805,0.921923414181435,0.798409097024805,0.921923414181435,
0.798409097024805,0.921923414181435,0.798409097024805,0.921923414181435,
0.798409097024805,0.921923414181435,0.798409097024805,0.921923414181435,
0.798409097024805,0.921923414181435,0.798409097024805,0.921923414181435,
0.798409097024805,0.921923414181435,0.798409097024805,0.921923414181435,
0.798409097024805,0.921923414181435,0.798409097024805,0.921923414181435,
0.798409097024805,0.921923414181435,0.798409097024805,0.921923414181435,
0.798409097024805,0.921923414181435,0.798409097024805,0.921923414181435,
0.798409097024805,0.921923414181435,0.798409097024805,0.921923414181435,
0.798409097024805,0.921923414181435,0.798409097024805,0.921923414181435,
0.798409097024805,0.921923414181435,0.798409097024805,0.921923414181435,
0.798409097024805,0.921923414181435,0.798409097024805,0.921923414181435,
0.798409097024805,0.921923414181435,0.798409097024805,0.921923414181435,
0.798409097024805,0.921923414181435,0.798409097024805,0.921923414181435,
0.798409097024805,0.921923414181435,0.798409097024805,0.921923414181435,
0.798409097024805,0.921923414181435,0.798409097024805,0.921923414181435,
0.798409097024805,0.921923414181435,0.798409097024805,0.921923414181435,
0.798409097024805,0.921923414181435,0.798409097024805,0.921923414181435,
0.798409097024805,0.921923414181435,0.798409097024805,0.921923414181435,
0.798409097024805,0.921923414181435,0.798409097024805,0.921923414181435,
0.798409097024805,0.921923414181435,0.798409097024805,0.921923414181435,
0.798409097024805,0.921923414181435,0.798409097024805,0.921923414181435,
0.798409097024805,0.921923414181435,0.798409097024805,0.921923414181435,
0.798409097024805,0.921923414181435,0.798409097024805,0.921923414181435,
0.798409097024805,0.921923414181435,0.798409097024805,0.921923414181435,
0.798409097024805,0.921923414181435,0.798409097024805,0.921923414181435,
0.798409097024805,0.921923414181435,0.798409097024805,0.921923414181435,
0.798409097024805,0.921923414181435,0.798409097024805,0.921923414181435,
0.798409097024805,0.921923414181435,0.798409097024805,0.921923414181435,
0.798409097024805,0.921923414181435,0.798409097024805,0.921923414181435,
0.798409097024805,0.921923414181435,0.798409097024805,0.921923414181435,
0.798409097024805,0.921923414181435,0.798409097024805,0.921923414181435,
0.798409097024805,0.921923414181435,0.798409097024805,0.921923414181435,
0.798409097024805,0.921923414181435,0.798409097024805,0.921923414181435,
0.798409097024805,0.921923414181435,0.798409097024805,0.921923414181435,
0.798409097024805,0.921923414181435,0.798409097024805,0.921923414181435,
0.798409097024805,0.921923414181435,0.798409097024805,0.921923414181435,
0.798409097024805,0.921923414181435))
REPRESENTATION_ITEM('')
);
#23=(
BOUNDED_CURVE()
B_SPLINE_CURVE(2,(#677,#678,#679,#680,#681,#682,#683,#684,#685,#686,#687,
#688,#689,#690,#691,#692,#693,#694,#695,#696,#697,#698,#699,#700,#701,#702,
#703,#704,#705,#706,#707,#708,#709,#710,#711,#712,#713,#714,#715,#716,#717,
#718,#719,#720,#721,#722,#723,#724,#725,#726,#727,#728,#729,#730,#731,#732,
#733,#734,#735,#736,#737,#738,#739,#740,#741,#742,#743,#744,#745,#746,#747,
#748,#749,#750,#751,#752,#753,#754,#755,#756,#757,#758,#759,#760,#761,#762,
#763,#764,#765,#766,#767,#768,#769,#770,#771,#772,#773,#774,#775,#776,#777,
#778,#779,#780,#781,#782,#783,#784,#785,#786,#787,#788,#789,#790,#791,#792,
#793,#794,#795,#796,#797,#798,#799,#800,#801,#802,#803,#804,#805,#806,#807,
#808,#809,#810,#811,#812,#813,#814,#815,#816,#817,#818,#819,#820,#821,#822,
#823,#824,#825,#826,#827,#828,#829,#830,#831,#832,#833,#834,#835,#836,#837,
#838,#839,#840,#841,#842,#843,#844,#845,#846,#847,#848,#849,#850,#851,#852,
#853,#854,#855,#856,#857,#858,#859,#860,#861,#862,#863,#864,#865,#866,#867,
#868,#869,#870,#871,#872,#873,#874,#875,#876,#877,#878,#879,#880,#881,#882,
#883,#884,#885,#886,#887,#888,#889,#890,#891,#892,#893,#894,#895,#896,#897,
#898,#899,#900,#901,#902,#903,#904,#905,#906,#907,#908,#909,#910,#911,#912,
#913,#914,#915,#916,#917,#918,#919,#920,#921,#922,#923,#924,#925,#926,#927,
#928,#929,#930,#931,#932,#933,#934,#935,#936,#937,#938,#939,#940,#941,#942,
#943,#944,#945,#946,#947,#948,#949,#950,#951,#952,#953,#954,#955,#956,#957,
#958,#959,#960,#961,#962,#963,#964,#965,#966,#967,#968,#969,#970,#971,#972,
#973,#974,#975,#976,#977,#978,#979,#980,#981,#982,#983,#984,#985,#986,#987,
#988,#989,#990,#991,#992,#993,#994,#995,#996,#997,#998,#999,#1000,#1001,
#1002,#1003,#1004,#1005,#1006,#1007,#1008,#1009,#1010,#1011,#1012,#1013,
#1014,#1015,#1016,#1017,#1018,#1019,#1020,#1021,#1022,#1023,#1024,#1025,
#1026,#1027,#1028,#1029,#1030,#1031,#1032,#1033,#1034,#1035,#1036,#1037,
#1038,#1039,#1040,#1041,#1042,#1043,#1044,#1045,#1046,#1047,#1048,#1049,
#1050,#1051,#1052,#1053,#1054,#1055,#1056,#1057,#1058,#1059,#1060,#1061,
#1062,#1063,#1064,#1065,#1066,#1067,#1068,#1069,#1070,#1071,#1072,#1073,
#1074,#1075,#1076,#1077,#1078,#1079,#1080,#1081,#1082,#1083,#1084,#1085,
#1086,#1087,#1088,#1089,#1090,#1091,#1092,#1093,#1094,#1095,#1096,#1097),
 .UNSPECIFIED.,.F.,.F.)
B_SPLINE_CURVE_WITH_KNOTS((3,2,2,2,2,2,2,2,2,2,2,2,2,2,2,2,2,2,2,2,2,2,
2,2,2,2,2,2,2,2,2,2,2,2,2,2,2,2,2,2,2,2,2,2,2,2,2,2,2,2,2,2,2,2,2,2,2,2,
2,2,2,2,2,2,2,2,2,2,2,2,2,2,2,2,2,2,2,2,2,2,2,2,2,2,2,2,2,2,2,2,2,2,2,2,
2,2,2,2,2,2,2,2,2,2,2,2,2,2,2,2,2,2,2,2,2,2,2,2,2,2,2,2,2,2,2,2,2,2,2,2,
2,2,2,2,2,2,2,2,2,2,2,2,2,2,2,2,2,2,2,2,2,2,2,2,2,2,2,2,2,2,2,2,2,2,2,2,
2,2,2,2,2,2,2,2,2,2,2,2,2,2,2,2,2,2,2,2,2,2,2,2,2,2,2,2,2,2,2,2,2,2,2,2,
2,2,2,2,2,2,2,2,3),(0.,0.00476190476190476,0.00952380952380952,0.0142857142857143,
0.0190476190476191,0.0238095238095238,0.0285714285714285,0.0333333333333333,
0.0380952380952381,0.0428571428571429,0.0476190476190476,0.0523809523809524,
0.0571428571428571,0.0619047619047619,0.0666666666666667,0.0714285714285714,
0.0761904761904762,0.080952380952381,0.0857142857142857,0.0904761904761905,
0.0952380952380952,0.1,0.104761904761905,0.109523809523809,0.114285714285714,
0.119047619047619,0.123809523809524,0.128571428571429,0.133333333333333,
0.138095238095238,0.142857142857143,0.147619047619048,0.152380952380953,
0.157142857142857,0.161904761904762,0.166666666666667,0.171428571428572,
0.176190476190476,0.180952380952381,0.185714285714285,0.19047619047619,
0.195238095238095,0.2,0.204761904761905,0.20952380952381,0.214285714285714,
0.219047619047619,0.223809523809524,0.228571428571428,0.233333333333334,
0.238095238095238,0.242857142857143,0.247619047619048,0.252380952380952,
0.257142857142857,0.261904761904762,0.266666666666666,0.271428571428572,
0.276190476190476,0.280952380952381,0.285714285714286,0.29047619047619,
0.295238095238095,0.3,0.304761904761905,0.309523809523809,0.314285714285715,
0.319047619047619,0.323809523809524,0.328571428571429,0.333333333333334,
0.338095238095238,0.342857142857143,0.347619047619047,0.352380952380953,
0.357142857142857,0.361904761904762,0.366666666666666,0.371428571428571,
0.376190476190476,0.380952380952381,0.385714285714286,0.39047619047619,
0.395238095238095,0.4,0.404761904761905,0.40952380952381,0.414285714285715,
0.419047619047619,0.423809523809524,0.428571428571428,0.433333333333334,
0.438095238095238,0.442857142857143,0.447619047619047,0.452380952380952,
0.457142857142857,0.461904761904762,0.466666666666667,0.471428571428571,
0.476190476190476,0.480952380952381,0.485714285714286,0.490476190476191,
0.495238095238095,0.5,0.504761904761905,0.50952380952381,0.514285714285714,
0.519047619047619,0.523809523809524,0.528571428571429,0.533333333333333,
0.538095238095238,0.542857142857143,0.547619047619048,0.552380952380952,
0.557142857142857,0.561904761904762,0.566666666666667,0.571428571428571,
0.576190476190476,0.580952380952381,0.585714285714286,0.590476190476191,
0.595238095238095,0.6,0.604761904761905,0.60952380952381,0.614285714285714,
0.619047619047619,0.623809523809524,0.628571428571429,0.633333333333333,
0.638095238095238,0.642857142857143,0.647619047619048,0.652380952380952,
0.657142857142857,0.661904761904762,0.666666666666667,0.671428571428571,
0.676190476190476,0.680952380952381,0.685714285714286,0.690476190476191,
0.695238095238095,0.7,0.704761904761905,0.70952380952381,0.714285714285714,
0.719047619047619,0.723809523809524,0.728571428571429,0.733333333333333,
0.738095238095238,0.742857142857143,0.747619047619048,0.752380952380952,
0.757142857142857,0.761904761904762,0.766666666666667,0.771428571428572,
0.776190476190476,0.780952380952381,0.785714285714286,0.79047619047619,
0.795238095238095,0.8,0.804761904761905,0.80952380952381,0.814285714285714,
0.819047619047619,0.823809523809524,0.828571428571429,0.833333333333333,
0.838095238095238,0.842857142857143,0.847619047619048,0.852380952380952,
0.857142857142857,0.861904761904762,0.866666666666667,0.871428571428571,
0.876190476190476,0.880952380952381,0.885714285714286,0.89047619047619,
0.895238095238095,0.9,0.904761904761905,0.90952380952381,0.914285714285714,
0.919047619047619,0.923809523809524,0.928571428571429,0.933333333333333,
0.938095238095238,0.942857142857143,0.947619047619048,0.952380952380952,
0.957142857142857,0.961904761904762,0.966666666666667,0.971428571428571,
0.976190476190476,0.980952380952381,0.985714285714286,0.990476190476191,
0.995238095238095,1.),.PIECEWISE_BEZIER_KNOTS.)
CURVE()
GEOMETRIC_REPRESENTATION_ITEM()
RATIONAL_B_SPLINE_CURVE((0.921923414181437,0.798409097024807,0.921923414181437,
0.798409097024807,0.921923414181437,0.798409097024807,0.921923414181437,
0.798409097024807,0.921923414181437,0.798409097024807,0.921923414181437,
0.798409097024807,0.921923414181437,0.798409097024807,0.921923414181437,
0.798409097024807,0.921923414181437,0.798409097024807,0.921923414181437,
0.798409097024807,0.921923414181437,0.798409097024807,0.921923414181437,
0.798409097024807,0.921923414181437,0.798409097024807,0.921923414181437,
0.798409097024807,0.921923414181437,0.798409097024807,0.921923414181437,
0.798409097024807,0.921923414181437,0.798409097024807,0.921923414181437,
0.798409097024807,0.921923414181437,0.798409097024807,0.921923414181437,
0.798409097024807,0.921923414181437,0.798409097024807,0.921923414181437,
0.798409097024807,0.921923414181437,0.798409097024807,0.921923414181437,
0.798409097024807,0.921923414181437,0.798409097024807,0.921923414181437,
0.798409097024807,0.921923414181437,0.798409097024807,0.921923414181437,
0.798409097024807,0.921923414181437,0.798409097024807,0.921923414181437,
0.798409097024807,0.921923414181437,0.798409097024807,0.921923414181437,
0.798409097024807,0.921923414181437,0.798409097024807,0.921923414181437,
0.798409097024807,0.921923414181437,0.798409097024807,0.921923414181437,
0.798409097024807,0.921923414181437,0.798409097024807,0.921923414181437,
0.798409097024807,0.921923414181437,0.798409097024807,0.921923414181437,
0.798409097024807,0.921923414181437,0.798409097024807,0.921923414181437,
0.798409097024807,0.921923414181437,0.798409097024807,0.921923414181437,
0.798409097024807,0.921923414181437,0.798409097024807,0.921923414181437,
0.798409097024807,0.921923414181437,0.798409097024807,0.921923414181437,
0.798409097024807,0.921923414181437,0.798409097024807,0.921923414181437,
0.798409097024807,0.921923414181437,0.798409097024807,0.921923414181437,
0.798409097024807,0.921923414181437,0.798409097024807,0.921923414181437,
0.798409097024807,0.921923414181437,0.798409097024807,0.921923414181437,
0.798409097024807,0.921923414181437,0.798409097024807,0.921923414181437,
0.798409097024807,0.921923414181437,0.798409097024807,0.921923414181437,
0.798409097024807,0.921923414181437,0.798409097024807,0.921923414181437,
0.798409097024807,0.921923414181437,0.798409097024807,0.921923414181437,
0.798409097024807,0.921923414181437,0.798409097024807,0.921923414181437,
0.798409097024807,0.921923414181437,0.798409097024807,0.921923414181437,
0.798409097024807,0.921923414181437,0.798409097024807,0.921923414181437,
0.798409097024807,0.921923414181437,0.798409097024807,0.921923414181437,
0.798409097024807,0.921923414181437,0.798409097024807,0.921923414181437,
0.798409097024807,0.921923414181437,0.798409097024807,0.921923414181437,
0.798409097024807,0.921923414181437,0.798409097024807,0.921923414181437,
0.798409097024807,0.921923414181437,0.798409097024807,0.921923414181437,
0.798409097024807,0.921923414181437,0.798409097024807,0.921923414181437,
0.798409097024807,0.921923414181437,0.798409097024807,0.921923414181437,
0.798409097024807,0.921923414181437,0.798409097024807,0.921923414181437,
0.798409097024807,0.921923414181437,0.798409097024807,0.921923414181437,
0.798409097024807,0.921923414181437,0.798409097024807,0.921923414181437,
0.798409097024807,0.921923414181437,0.798409097024807,0.921923414181437,
0.798409097024807,0.921923414181437,0.798409097024807,0.921923414181437,
0.798409097024807,0.921923414181437,0.798409097024807,0.921923414181437,
0.798409097024807,0.921923414181437,0.798409097024807,0.921923414181437,
0.798409097024807,0.921923414181437,0.798409097024807,0.921923414181437,
0.798409097024807,0.921923414181437,0.798409097024807,0.921923414181437,
0.798409097024807,0.921923414181437,0.798409097024807,0.921923414181437,
0.798409097024807,0.921923414181437,0.798409097024807,0.921923414181437,
0.798409097024807,0.921923414181437,0.798409097024807,0.921923414181437,
0.798409097024807,0.921923414181437,0.798409097024807,0.921923414181437,
0.798409097024807,0.921923414181437,0.798409097024807,0.921923414181437,
0.798409097024807,0.921923414181437,0.798409097024807,0.921923414181437,
0.798409097024807,0.921923414181437,0.798409097024807,0.921923414181437,
0.798409097024807,0.921923414181437,0.798409097024807,0.921923414181437,
0.798409097024807,0.921923414181437,0.798409097024807,0.921923414181437,
0.798409097024807,0.921923414181437,0.798409097024807,0.921923414181437,
0.798409097024807,0.921923414181437,0.798409097024807,0.921923414181437,
0.798409097024807,0.921923414181437,0.798409097024807,0.921923414181437,
0.798409097024807,0.921923414181437,0.798409097024807,0.921923414181437,
0.798409097024807,0.921923414181437,0.798409097024807,0.921923414181437,
0.798409097024807,0.921923414181437,0.798409097024807,0.921923414181437,
0.798409097024807,0.921923414181437,0.798409097024807,0.921923414181437,
0.798409097024807,0.921923414181437,0.798409097024807,0.921923414181437,
0.798409097024807,0.921923414181437,0.798409097024807,0.921923414181437,
0.798409097024807,0.921923414181437,0.798409097024807,0.921923414181437,
0.798409097024807,0.921923414181437,0.798409097024807,0.921923414181437,
0.798409097024807,0.921923414181437,0.798409097024807,0.921923414181437,
0.798409097024807,0.921923414181437,0.798409097024807,0.921923414181437,
0.798409097024807,0.921923414181437,0.798409097024807,0.921923414181437,
0.798409097024807,0.921923414181437,0.798409097024807,0.921923414181437,
0.798409097024807,0.921923414181437,0.798409097024807,0.921923414181437,
0.798409097024807,0.921923414181437,0.798409097024807,0.921923414181437,
0.798409097024807,0.921923414181437,0.798409097024807,0.921923414181437,
0.798409097024807,0.921923414181437,0.798409097024807,0.921923414181437,
0.798409097024807,0.921923414181437,0.798409097024807,0.921923414181437,
0.798409097024807,0.921923414181437,0.798409097024807,0.921923414181437,
0.798409097024807,0.921923414181437,0.798409097024807,0.921923414181437,
0.798409097024807,0.921923414181437,0.798409097024807,0.921923414181437,
0.798409097024807,0.921923414181437,0.798409097024807,0.921923414181437,
0.798409097024807,0.921923414181437,0.798409097024807,0.921923414181437,
0.798409097024807,0.921923414181437,0.798409097024807,0.921923414181437,
0.798409097024807,0.921923414181437,0.798409097024807,0.921923414181437,
0.798409097024807,0.921923414181437,0.798409097024807,0.921923414181437,
0.798409097024807,0.921923414181437,0.798409097024807,0.921923414181437,
0.798409097024807,0.921923414181437,0.798409097024807,0.921923414181437,
0.798409097024807,0.921923414181437,0.798409097024807,0.921923414181437,
0.798409097024807,0.921923414181437,0.798409097024807,0.921923414181437,
0.798409097024807,0.921923414181437,0.798409097024807,0.921923414181437,
0.798409097024807,0.921923414181437,0.798409097024807,0.921923414181437,
0.798409097024807,0.921923414181437,0.798409097024807,0.921923414181437,
0.798409097024807,0.921923414181437,0.798409097024807,0.921923414181437,
0.798409097024807,0.921923414181437,0.798409097024807,0.921923414181437,
0.798409097024807,0.921923414181437,0.798409097024807,0.921923414181437,
0.798409097024807,0.921923414181437,0.798409097024807,0.921923414181437,
0.798409097024807,0.921923414181437,0.798409097024807,0.921923414181437,
0.798409097024807,0.921923414181437,0.798409097024807,0.921923414181437,
0.798409097024807,0.921923414181437,0.798409097024807,0.921923414181437,
0.798409097024807,0.921923414181437,0.798409097024807,0.921923414181437,
0.798409097024807,0.921923414181437,0.798409097024807,0.921923414181437,
0.798409097024807,0.921923414181437,0.798409097024807,0.921923414181437,
0.798409097024807,0.921923414181437))
REPRESENTATION_ITEM('')
);
#24=(
BOUNDED_CURVE()
B_SPLINE_CURVE(2,(#1177,#1178,#1179,#1180,#1181,#1182,#1183,#1184,#1185,
#1186,#1187,#1188,#1189),.UNSPECIFIED.,.F.,.F.)
B_SPLINE_CURVE_WITH_KNOTS((3,2,2,2,2,2,3),(0.,0.166666666666667,0.333333333333334,
0.5,0.666666666666667,0.833333333333333,1.),.PIECEWISE_BEZIER_KNOTS.)
CURVE()
GEOMETRIC_REPRESENTATION_ITEM()
RATIONAL_B_SPLINE_CURVE((0.978991596638654,0.847831592780563,0.978991596638654,
0.847831592780563,0.978991596638654,0.847831592780563,0.978991596638654,
0.847831592780563,0.978991596638654,0.847831592780563,0.978991596638654,
0.847831592780563,0.978991596638654))
REPRESENTATION_ITEM('')
);
#25=(
BOUNDED_CURVE()
B_SPLINE_CURVE(2,(#1193,#1194,#1195,#1196,#1197,#1198,#1199,#1200,#1201,
#1202,#1203,#1204,#1205,#1206,#1207,#1208,#1209,#1210,#1211,#1212,#1213,
#1214,#1215,#1216,#1217,#1218,#1219,#1220,#1221,#1222,#1223,#1224,#1225,
#1226,#1227,#1228,#1229,#1230,#1231,#1232,#1233,#1234,#1235,#1236,#1237,
#1238,#1239,#1240,#1241,#1242,#1243,#1244,#1245,#1246,#1247,#1248,#1249,
#1250,#1251,#1252,#1253,#1254,#1255,#1256,#1257,#1258,#1259,#1260,#1261,
#1262,#1263,#1264,#1265,#1266,#1267,#1268,#1269,#1270,#1271,#1272,#1273,
#1274,#1275,#1276,#1277,#1278,#1279,#1280,#1281,#1282,#1283,#1284,#1285,
#1286,#1287,#1288,#1289,#1290,#1291,#1292,#1293,#1294,#1295,#1296,#1297,
#1298,#1299,#1300,#1301,#1302,#1303,#1304,#1305,#1306,#1307,#1308,#1309,
#1310,#1311,#1312,#1313,#1314,#1315,#1316,#1317,#1318,#1319,#1320,#1321,
#1322,#1323,#1324,#1325,#1326,#1327,#1328,#1329,#1330,#1331,#1332,#1333,
#1334,#1335,#1336,#1337,#1338,#1339,#1340,#1341,#1342,#1343,#1344,#1345,
#1346,#1347,#1348,#1349,#1350,#1351,#1352,#1353,#1354,#1355,#1356,#1357,
#1358,#1359,#1360,#1361,#1362,#1363,#1364,#1365,#1366,#1367,#1368,#1369,
#1370,#1371,#1372,#1373,#1374,#1375,#1376,#1377,#1378,#1379,#1380,#1381,
#1382,#1383,#1384,#1385,#1386,#1387,#1388,#1389,#1390,#1391,#1392,#1393,
#1394,#1395,#1396,#1397,#1398,#1399,#1400,#1401,#1402,#1403,#1404,#1405,
#1406,#1407,#1408,#1409,#1410,#1411,#1412,#1413,#1414,#1415,#1416,#1417,
#1418,#1419,#1420,#1421,#1422,#1423,#1424,#1425,#1426,#1427,#1428,#1429,
#1430,#1431,#1432,#1433,#1434,#1435,#1436,#1437,#1438,#1439,#1440,#1441,
#1442,#1443,#1444,#1445,#1446,#1447,#1448,#1449,#1450,#1451,#1452,#1453,
#1454,#1455,#1456,#1457,#1458,#1459,#1460,#1461,#1462,#1463,#1464,#1465,
#1466,#1467,#1468,#1469,#1470,#1471,#1472,#1473,#1474,#1475,#1476,#1477,
#1478,#1479,#1480,#1481,#1482,#1483,#1484,#1485,#1486,#1487,#1488,#1489,
#1490,#1491,#1492,#1493,#1494,#1495,#1496,#1497,#1498,#1499,#1500,#1501,
#1502,#1503,#1504,#1505,#1506,#1507,#1508,#1509,#1510,#1511,#1512,#1513,
#1514,#1515,#1516,#1517,#1518,#1519,#1520,#1521,#1522,#1523,#1524,#1525,
#1526,#1527,#1528,#1529,#1530,#1531,#1532,#1533,#1534,#1535,#1536,#1537,
#1538,#1539,#1540,#1541,#1542,#1543,#1544,#1545,#1546,#1547,#1548,#1549,
#1550,#1551,#1552,#1553,#1554,#1555,#1556,#1557,#1558,#1559,#1560,#1561,
#1562,#1563,#1564,#1565,#1566,#1567,#1568,#1569,#1570,#1571,#1572,#1573,
#1574,#1575,#1576,#1577,#1578,#1579,#1580,#1581,#1582,#1583,#1584,#1585,
#1586,#1587,#1588,#1589,#1590,#1591,#1592,#1593,#1594,#1595,#1596,#1597,
#1598,#1599,#1600,#1601,#1602,#1603,#1604,#1605,#1606,#1607,#1608,#1609,
#1610,#1611,#1612,#1613),.UNSPECIFIED.,.F.,.F.)
B_SPLINE_CURVE_WITH_KNOTS((3,2,2,2,2,2,2,2,2,2,2,2,2,2,2,2,2,2,2,2,2,2,
2,2,2,2,2,2,2,2,2,2,2,2,2,2,2,2,2,2,2,2,2,2,2,2,2,2,2,2,2,2,2,2,2,2,2,2,
2,2,2,2,2,2,2,2,2,2,2,2,2,2,2,2,2,2,2,2,2,2,2,2,2,2,2,2,2,2,2,2,2,2,2,2,
2,2,2,2,2,2,2,2,2,2,2,2,2,2,2,2,2,2,2,2,2,2,2,2,2,2,2,2,2,2,2,2,2,2,2,2,
2,2,2,2,2,2,2,2,2,2,2,2,2,2,2,2,2,2,2,2,2,2,2,2,2,2,2,2,2,2,2,2,2,2,2,2,
2,2,2,2,2,2,2,2,2,2,2,2,2,2,2,2,2,2,2,2,2,2,2,2,2,2,2,2,2,2,2,2,2,2,2,2,
2,2,2,2,2,2,2,2,3),(0.,0.00476190476190476,0.00952380952380952,0.0142857142857143,
0.0190476190476191,0.0238095238095238,0.0285714285714285,0.0333333333333333,
0.0380952380952381,0.0428571428571429,0.0476190476190476,0.0523809523809524,
0.0571428571428571,0.0619047619047619,0.0666666666666667,0.0714285714285714,
0.0761904761904762,0.080952380952381,0.0857142857142857,0.0904761904761905,
0.0952380952380952,0.1,0.104761904761905,0.109523809523809,0.114285714285714,
0.119047619047619,0.123809523809524,0.128571428571429,0.133333333333333,
0.138095238095238,0.142857142857143,0.147619047619048,0.152380952380953,
0.157142857142857,0.161904761904762,0.166666666666667,0.171428571428572,
0.176190476190476,0.180952380952381,0.185714285714285,0.19047619047619,
0.195238095238095,0.2,0.204761904761905,0.20952380952381,0.214285714285714,
0.219047619047619,0.223809523809524,0.228571428571428,0.233333333333334,
0.238095238095238,0.242857142857143,0.247619047619048,0.252380952380952,
0.257142857142857,0.261904761904762,0.266666666666666,0.271428571428572,
0.276190476190476,0.280952380952381,0.285714285714286,0.29047619047619,
0.295238095238095,0.3,0.304761904761905,0.309523809523809,0.314285714285715,
0.319047619047619,0.323809523809524,0.328571428571429,0.333333333333334,
0.338095238095238,0.342857142857143,0.347619047619047,0.352380952380953,
0.357142857142857,0.361904761904762,0.366666666666666,0.371428571428571,
0.376190476190476,0.380952380952381,0.385714285714286,0.39047619047619,
0.395238095238095,0.4,0.404761904761905,0.40952380952381,0.414285714285715,
0.419047619047619,0.423809523809524,0.428571428571428,0.433333333333334,
0.438095238095238,0.442857142857143,0.447619047619047,0.452380952380952,
0.457142857142857,0.461904761904762,0.466666666666667,0.471428571428571,
0.476190476190476,0.480952380952381,0.485714285714286,0.490476190476191,
0.495238095238095,0.5,0.504761904761905,0.50952380952381,0.514285714285714,
0.519047619047619,0.523809523809524,0.528571428571429,0.533333333333333,
0.538095238095238,0.542857142857143,0.547619047619048,0.552380952380952,
0.557142857142857,0.561904761904762,0.566666666666667,0.571428571428571,
0.576190476190476,0.580952380952381,0.585714285714286,0.590476190476191,
0.595238095238095,0.6,0.604761904761905,0.60952380952381,0.614285714285714,
0.619047619047619,0.623809523809524,0.628571428571429,0.633333333333333,
0.638095238095238,0.642857142857143,0.647619047619048,0.652380952380952,
0.657142857142857,0.661904761904762,0.666666666666667,0.671428571428571,
0.676190476190476,0.680952380952381,0.685714285714286,0.690476190476191,
0.695238095238095,0.7,0.704761904761905,0.70952380952381,0.714285714285714,
0.719047619047619,0.723809523809524,0.728571428571429,0.733333333333333,
0.738095238095238,0.742857142857143,0.747619047619048,0.752380952380952,
0.757142857142857,0.761904761904762,0.766666666666667,0.771428571428572,
0.776190476190476,0.780952380952381,0.785714285714286,0.79047619047619,
0.795238095238095,0.8,0.804761904761905,0.80952380952381,0.814285714285714,
0.819047619047619,0.823809523809524,0.828571428571429,0.833333333333333,
0.838095238095238,0.842857142857143,0.847619047619048,0.852380952380952,
0.857142857142857,0.861904761904762,0.866666666666667,0.871428571428571,
0.876190476190476,0.880952380952381,0.885714285714286,0.89047619047619,
0.895238095238095,0.9,0.904761904761905,0.90952380952381,0.914285714285714,
0.919047619047619,0.923809523809524,0.928571428571429,0.933333333333333,
0.938095238095238,0.942857142857143,0.947619047619048,0.952380952380952,
0.957142857142857,0.961904761904762,0.966666666666667,0.971428571428571,
0.976190476190476,0.980952380952381,0.985714285714286,0.990476190476191,
0.995238095238095,1.),.UNSPECIFIED.)
CURVE()
GEOMETRIC_REPRESENTATION_ITEM()
RATIONAL_B_SPLINE_CURVE((1.,0.866025403784439,1.,0.866025403784439,1.,0.866025403784439,
1.,0.866025403784439,1.,0.866025403784439,1.,0.866025403784439,1.,0.866025403784439,
1.,0.866025403784439,1.,0.866025403784439,1.,0.866025403784439,1.,0.866025403784439,
1.,0.866025403784439,1.,0.866025403784439,1.,0.866025403784439,1.,0.866025403784439,
1.,0.866025403784439,1.,0.866025403784439,1.,0.866025403784439,1.,0.866025403784439,
1.,0.866025403784439,1.,0.866025403784439,1.,0.866025403784439,1.,0.866025403784439,
1.,0.866025403784439,1.,0.866025403784439,1.,0.866025403784439,1.,0.866025403784439,
1.,0.866025403784439,1.,0.866025403784439,1.,0.866025403784439,1.,0.866025403784439,
1.,0.866025403784439,1.,0.866025403784439,1.,0.866025403784439,1.,0.866025403784439,
1.,0.866025403784439,1.,0.866025403784439,1.,0.866025403784439,1.,0.866025403784439,
1.,0.866025403784439,1.,0.866025403784439,1.,0.866025403784439,1.,0.866025403784439,
1.,0.866025403784439,1.,0.866025403784439,1.,0.866025403784439,1.,0.866025403784439,
1.,0.866025403784439,1.,0.866025403784439,1.,0.866025403784439,1.,0.866025403784439,
1.,0.866025403784439,1.,0.866025403784439,1.,0.866025403784439,1.,0.866025403784439,
1.,0.866025403784439,1.,0.866025403784439,1.,0.866025403784439,1.,0.866025403784439,
1.,0.866025403784439,1.,0.866025403784439,1.,0.866025403784439,1.,0.866025403784439,
1.,0.866025403784439,1.,0.866025403784439,1.,0.866025403784439,1.,0.866025403784439,
1.,0.866025403784439,1.,0.866025403784439,1.,0.866025403784439,1.,0.866025403784439,
1.,0.866025403784439,1.,0.866025403784439,1.,0.866025403784439,1.,0.866025403784439,
1.,0.866025403784439,1.,0.866025403784439,1.,0.866025403784439,1.,0.866025403784439,
1.,0.866025403784439,1.,0.866025403784439,1.,0.866025403784439,1.,0.866025403784439,
1.,0.866025403784439,1.,0.866025403784439,1.,0.866025403784439,1.,0.866025403784439,
1.,0.866025403784439,1.,0.866025403784439,1.,0.866025403784439,1.,0.866025403784439,
1.,0.866025403784439,1.,0.866025403784439,1.,0.866025403784439,1.,0.866025403784439,
1.,0.866025403784439,1.,0.866025403784439,1.,0.866025403784439,1.,0.866025403784439,
1.,0.866025403784439,1.,0.866025403784439,1.,0.866025403784439,1.,0.866025403784439,
1.,0.866025403784439,1.,0.866025403784439,1.,0.866025403784439,1.,0.866025403784439,
1.,0.866025403784439,1.,0.866025403784439,1.,0.866025403784439,1.,0.866025403784439,
1.,0.866025403784439,1.,0.866025403784439,1.,0.866025403784439,1.,0.866025403784439,
1.,0.866025403784439,1.,0.866025403784439,1.,0.866025403784439,1.,0.866025403784439,
1.,0.866025403784439,1.,0.866025403784439,1.,0.866025403784439,1.,0.866025403784439,
1.,0.866025403784439,1.,0.866025403784439,1.,0.866025403784439,1.,0.866025403784439,
1.,0.866025403784439,1.,0.866025403784439,1.,0.866025403784439,1.,0.866025403784439,
1.,0.866025403784439,1.,0.866025403784439,1.,0.866025403784439,1.,0.866025403784439,
1.,0.866025403784439,1.,0.866025403784439,1.,0.866025403784439,1.,0.866025403784439,
1.,0.866025403784439,1.,0.866025403784439,1.,0.866025403784439,1.,0.866025403784439,
1.,0.866025403784439,1.,0.866025403784439,1.,0.866025403784439,1.,0.866025403784439,
1.,0.866025403784439,1.,0.866025403784439,1.,0.866025403784439,1.,0.866025403784439,
1.,0.866025403784439,1.,0.866025403784439,1.,0.866025403784439,1.,0.866025403784439,
1.,0.866025403784439,1.,0.866025403784439,1.,0.866025403784439,1.,0.866025403784439,
1.,0.866025403784439,1.,0.866025403784439,1.,0.866025403784439,1.,0.866025403784439,
1.,0.866025403784439,1.,0.866025403784439,1.,0.866025403784439,1.,0.866025403784439,
1.,0.866025403784439,1.,0.866025403784439,1.,0.866025403784439,1.,0.866025403784439,
1.,0.866025403784439,1.,0.866025403784439,1.,0.866025403784439,1.,0.866025403784439,
1.,0.866025403784439,1.,0.866025403784439,1.,0.866025403784439,1.,0.866025403784439,
1.,0.866025403784439,1.,0.866025403784439,1.,0.866025403784439,1.,0.866025403784439,
1.,0.866025403784439,1.,0.866025403784439,1.,0.866025403784439,1.,0.866025403784439,
1.,0.866025403784439,1.,0.866025403784439,1.,0.866025403784439,1.,0.866025403784439,
1.,0.866025403784439,1.,0.866025403784439,1.,0.866025403784439,1.,0.866025403784439,
1.,0.866025403784439,1.,0.866025403784439,1.,0.866025403784439,1.,0.866025403784439,
1.,0.866025403784439,1.,0.866025403784439,1.,0.866025403784439,1.,0.866025403784439,
1.,0.866025403784439,1.,0.866025403784439,1.,0.866025403784439,1.,0.866025403784439,
1.,0.866025403784439,1.,0.866025403784439,1.,0.866025403784439,1.))
REPRESENTATION_ITEM('')
);
#26=(
BOUNDED_CURVE()
B_SPLINE_CURVE(2,(#3298,#3299,#3300,#3301,#3302,#3303,#3304,#3305,#3306,
#3307,#3308,#3309,#3310,#3311,#3312,#3313,#3314,#3315,#3316,#3317,#3318,
#3319,#3320,#3321,#3322,#3323,#3324,#3325,#3326,#3327,#3328,#3329,#3330,
#3331,#3332,#3333,#3334,#3335,#3336,#3337,#3338,#3339,#3340,#3341,#3342,
#3343,#3344,#3345,#3346,#3347,#3348,#3349,#3350,#3351,#3352,#3353,#3354,
#3355,#3356,#3357,#3358,#3359,#3360,#3361,#3362,#3363,#3364,#3365,#3366,
#3367,#3368,#3369,#3370,#3371,#3372,#3373,#3374,#3375,#3376,#3377,#3378,
#3379,#3380,#3381,#3382,#3383,#3384,#3385,#3386,#3387,#3388,#3389,#3390,
#3391,#3392,#3393,#3394,#3395,#3396,#3397,#3398,#3399,#3400,#3401,#3402,
#3403,#3404,#3405,#3406,#3407,#3408,#3409,#3410,#3411,#3412,#3413,#3414,
#3415,#3416,#3417,#3418,#3419,#3420,#3421,#3422,#3423,#3424,#3425,#3426,
#3427,#3428,#3429,#3430,#3431,#3432,#3433,#3434,#3435,#3436,#3437,#3438,
#3439,#3440,#3441,#3442,#3443,#3444,#3445,#3446,#3447,#3448,#3449,#3450,
#3451,#3452,#3453,#3454,#3455,#3456,#3457,#3458,#3459,#3460,#3461,#3462,
#3463,#3464,#3465,#3466,#3467,#3468,#3469,#3470,#3471,#3472,#3473,#3474,
#3475,#3476,#3477,#3478,#3479,#3480,#3481,#3482,#3483,#3484,#3485,#3486,
#3487,#3488,#3489,#3490,#3491,#3492,#3493,#3494,#3495,#3496,#3497,#3498,
#3499,#3500,#3501,#3502,#3503,#3504,#3505,#3506,#3507,#3508,#3509,#3510,
#3511,#3512,#3513,#3514,#3515,#3516,#3517,#3518,#3519,#3520,#3521,#3522,
#3523,#3524,#3525,#3526,#3527,#3528,#3529,#3530,#3531,#3532,#3533,#3534,
#3535,#3536,#3537,#3538,#3539,#3540,#3541,#3542,#3543,#3544,#3545,#3546,
#3547,#3548,#3549,#3550,#3551,#3552,#3553,#3554,#3555,#3556,#3557,#3558,
#3559,#3560,#3561,#3562,#3563,#3564,#3565,#3566,#3567,#3568,#3569,#3570,
#3571,#3572,#3573,#3574,#3575,#3576,#3577,#3578,#3579,#3580,#3581,#3582,
#3583,#3584,#3585,#3586,#3587,#3588,#3589,#3590,#3591,#3592,#3593,#3594,
#3595,#3596,#3597,#3598,#3599,#3600,#3601,#3602,#3603,#3604,#3605,#3606,
#3607,#3608,#3609,#3610,#3611,#3612,#3613,#3614,#3615,#3616,#3617,#3618,
#3619,#3620,#3621,#3622,#3623,#3624,#3625,#3626,#3627,#3628,#3629,#3630,
#3631,#3632,#3633,#3634,#3635,#3636,#3637,#3638,#3639,#3640,#3641,#3642,
#3643,#3644,#3645,#3646,#3647,#3648,#3649,#3650,#3651,#3652,#3653,#3654,
#3655,#3656,#3657,#3658,#3659,#3660,#3661,#3662,#3663,#3664,#3665,#3666,
#3667,#3668,#3669,#3670,#3671,#3672,#3673,#3674,#3675,#3676,#3677,#3678,
#3679,#3680,#3681,#3682,#3683,#3684,#3685,#3686,#3687,#3688,#3689,#3690,
#3691,#3692,#3693,#3694,#3695,#3696,#3697,#3698,#3699,#3700,#3701,#3702,
#3703,#3704,#3705,#3706,#3707,#3708,#3709,#3710,#3711,#3712,#3713,#3714,
#3715,#3716,#3717,#3718),.UNSPECIFIED.,.F.,.F.)
B_SPLINE_CURVE_WITH_KNOTS((3,2,2,2,2,2,2,2,2,2,2,2,2,2,2,2,2,2,2,2,2,2,
2,2,2,2,2,2,2,2,2,2,2,2,2,2,2,2,2,2,2,2,2,2,2,2,2,2,2,2,2,2,2,2,2,2,2,2,
2,2,2,2,2,2,2,2,2,2,2,2,2,2,2,2,2,2,2,2,2,2,2,2,2,2,2,2,2,2,2,2,2,2,2,2,
2,2,2,2,2,2,2,2,2,2,2,2,2,2,2,2,2,2,2,2,2,2,2,2,2,2,2,2,2,2,2,2,2,2,2,2,
2,2,2,2,2,2,2,2,2,2,2,2,2,2,2,2,2,2,2,2,2,2,2,2,2,2,2,2,2,2,2,2,2,2,2,2,
2,2,2,2,2,2,2,2,2,2,2,2,2,2,2,2,2,2,2,2,2,2,2,2,2,2,2,2,2,2,2,2,2,2,2,2,
2,2,2,2,2,2,2,2,3),(0.,0.00476190476190476,0.00952380952380952,0.0142857142857143,
0.0190476190476191,0.0238095238095238,0.0285714285714285,0.0333333333333333,
0.0380952380952381,0.0428571428571429,0.0476190476190476,0.0523809523809524,
0.0571428571428571,0.0619047619047619,0.0666666666666667,0.0714285714285714,
0.0761904761904762,0.080952380952381,0.0857142857142857,0.0904761904761905,
0.0952380952380952,0.1,0.104761904761905,0.109523809523809,0.114285714285714,
0.119047619047619,0.123809523809524,0.128571428571429,0.133333333333333,
0.138095238095238,0.142857142857143,0.147619047619048,0.152380952380953,
0.157142857142857,0.161904761904762,0.166666666666667,0.171428571428572,
0.176190476190476,0.180952380952381,0.185714285714285,0.19047619047619,
0.195238095238095,0.2,0.204761904761905,0.20952380952381,0.214285714285714,
0.219047619047619,0.223809523809524,0.228571428571428,0.233333333333334,
0.238095238095238,0.242857142857143,0.247619047619048,0.252380952380952,
0.257142857142857,0.261904761904762,0.266666666666666,0.271428571428572,
0.276190476190476,0.280952380952381,0.285714285714286,0.29047619047619,
0.295238095238095,0.3,0.304761904761905,0.309523809523809,0.314285714285715,
0.319047619047619,0.323809523809524,0.328571428571429,0.333333333333334,
0.338095238095238,0.342857142857143,0.347619047619047,0.352380952380953,
0.357142857142857,0.361904761904762,0.366666666666666,0.371428571428571,
0.376190476190476,0.380952380952381,0.385714285714286,0.39047619047619,
0.395238095238095,0.4,0.404761904761905,0.40952380952381,0.414285714285715,
0.419047619047619,0.423809523809524,0.428571428571428,0.433333333333334,
0.438095238095238,0.442857142857143,0.447619047619047,0.452380952380952,
0.457142857142857,0.461904761904762,0.466666666666667,0.471428571428571,
0.476190476190476,0.480952380952381,0.485714285714286,0.490476190476191,
0.495238095238095,0.5,0.504761904761905,0.50952380952381,0.514285714285714,
0.519047619047619,0.523809523809524,0.528571428571429,0.533333333333333,
0.538095238095238,0.542857142857143,0.547619047619048,0.552380952380952,
0.557142857142857,0.561904761904762,0.566666666666667,0.571428571428571,
0.576190476190476,0.580952380952381,0.585714285714286,0.590476190476191,
0.595238095238095,0.6,0.604761904761905,0.60952380952381,0.614285714285714,
0.619047619047619,0.623809523809524,0.628571428571429,0.633333333333333,
0.638095238095238,0.642857142857143,0.647619047619048,0.652380952380952,
0.657142857142857,0.661904761904762,0.666666666666667,0.671428571428571,
0.676190476190476,0.680952380952381,0.685714285714286,0.690476190476191,
0.695238095238095,0.7,0.704761904761905,0.70952380952381,0.714285714285714,
0.719047619047619,0.723809523809524,0.728571428571429,0.733333333333333,
0.738095238095238,0.742857142857143,0.747619047619048,0.752380952380952,
0.757142857142857,0.761904761904762,0.766666666666667,0.771428571428572,
0.776190476190476,0.780952380952381,0.785714285714286,0.79047619047619,
0.795238095238095,0.8,0.804761904761905,0.80952380952381,0.814285714285714,
0.819047619047619,0.823809523809524,0.828571428571429,0.833333333333333,
0.838095238095238,0.842857142857143,0.847619047619048,0.852380952380952,
0.857142857142857,0.861904761904762,0.866666666666667,0.871428571428571,
0.876190476190476,0.880952380952381,0.885714285714286,0.89047619047619,
0.895238095238095,0.9,0.904761904761905,0.90952380952381,0.914285714285714,
0.919047619047619,0.923809523809524,0.928571428571429,0.933333333333333,
0.938095238095238,0.942857142857143,0.947619047619048,0.952380952380952,
0.957142857142857,0.961904761904762,0.966666666666667,0.971428571428571,
0.976190476190476,0.980952380952381,0.985714285714286,0.990476190476191,
0.995238095238095,1.),.UNSPECIFIED.)
CURVE()
GEOMETRIC_REPRESENTATION_ITEM()
RATIONAL_B_SPLINE_CURVE((1.,0.866025403784439,1.,0.866025403784439,1.,0.866025403784439,
1.,0.866025403784439,1.,0.866025403784439,1.,0.866025403784439,1.,0.866025403784439,
1.,0.866025403784439,1.,0.866025403784439,1.,0.866025403784439,1.,0.866025403784439,
1.,0.866025403784439,1.,0.866025403784439,1.,0.866025403784439,1.,0.866025403784439,
1.,0.866025403784439,1.,0.866025403784439,1.,0.866025403784439,1.,0.866025403784439,
1.,0.866025403784439,1.,0.866025403784439,1.,0.866025403784439,1.,0.866025403784439,
1.,0.866025403784439,1.,0.866025403784439,1.,0.866025403784439,1.,0.866025403784439,
1.,0.866025403784439,1.,0.866025403784439,1.,0.866025403784439,1.,0.866025403784439,
1.,0.866025403784439,1.,0.866025403784439,1.,0.866025403784439,1.,0.866025403784439,
1.,0.866025403784439,1.,0.866025403784439,1.,0.866025403784439,1.,0.866025403784439,
1.,0.866025403784439,1.,0.866025403784439,1.,0.866025403784439,1.,0.866025403784439,
1.,0.866025403784439,1.,0.866025403784439,1.,0.866025403784439,1.,0.866025403784439,
1.,0.866025403784439,1.,0.866025403784439,1.,0.866025403784439,1.,0.866025403784439,
1.,0.866025403784439,1.,0.866025403784439,1.,0.866025403784439,1.,0.866025403784439,
1.,0.866025403784439,1.,0.866025403784439,1.,0.866025403784439,1.,0.866025403784439,
1.,0.866025403784439,1.,0.866025403784439,1.,0.866025403784439,1.,0.866025403784439,
1.,0.866025403784439,1.,0.866025403784439,1.,0.866025403784439,1.,0.866025403784439,
1.,0.866025403784439,1.,0.866025403784439,1.,0.866025403784439,1.,0.866025403784439,
1.,0.866025403784439,1.,0.866025403784439,1.,0.866025403784439,1.,0.866025403784439,
1.,0.866025403784439,1.,0.866025403784439,1.,0.866025403784439,1.,0.866025403784439,
1.,0.866025403784439,1.,0.866025403784439,1.,0.866025403784439,1.,0.866025403784439,
1.,0.866025403784439,1.,0.866025403784439,1.,0.866025403784439,1.,0.866025403784439,
1.,0.866025403784439,1.,0.866025403784439,1.,0.866025403784439,1.,0.866025403784439,
1.,0.866025403784439,1.,0.866025403784439,1.,0.866025403784439,1.,0.866025403784439,
1.,0.866025403784439,1.,0.866025403784439,1.,0.866025403784439,1.,0.866025403784439,
1.,0.866025403784439,1.,0.866025403784439,1.,0.866025403784439,1.,0.866025403784439,
1.,0.866025403784439,1.,0.866025403784439,1.,0.866025403784439,1.,0.866025403784439,
1.,0.866025403784439,1.,0.866025403784439,1.,0.866025403784439,1.,0.866025403784439,
1.,0.866025403784439,1.,0.866025403784439,1.,0.866025403784439,1.,0.866025403784439,
1.,0.866025403784439,1.,0.866025403784439,1.,0.866025403784439,1.,0.866025403784439,
1.,0.866025403784439,1.,0.866025403784439,1.,0.866025403784439,1.,0.866025403784439,
1.,0.866025403784439,1.,0.866025403784439,1.,0.866025403784439,1.,0.866025403784439,
1.,0.866025403784439,1.,0.866025403784439,1.,0.866025403784439,1.,0.866025403784439,
1.,0.866025403784439,1.,0.866025403784439,1.,0.866025403784439,1.,0.866025403784439,
1.,0.866025403784439,1.,0.866025403784439,1.,0.866025403784439,1.,0.866025403784439,
1.,0.866025403784439,1.,0.866025403784439,1.,0.866025403784439,1.,0.866025403784439,
1.,0.866025403784439,1.,0.866025403784439,1.,0.866025403784439,1.,0.866025403784439,
1.,0.866025403784439,1.,0.866025403784439,1.,0.866025403784439,1.,0.866025403784439,
1.,0.866025403784439,1.,0.866025403784439,1.,0.866025403784439,1.,0.866025403784439,
1.,0.866025403784439,1.,0.866025403784439,1.,0.866025403784439,1.,0.866025403784439,
1.,0.866025403784439,1.,0.866025403784439,1.,0.866025403784439,1.,0.866025403784439,
1.,0.866025403784439,1.,0.866025403784439,1.,0.866025403784439,1.,0.866025403784439,
1.,0.866025403784439,1.,0.866025403784439,1.,0.866025403784439,1.,0.866025403784439,
1.,0.866025403784439,1.,0.866025403784439,1.,0.866025403784439,1.,0.866025403784439,
1.,0.866025403784439,1.,0.866025403784439,1.,0.866025403784439,1.,0.866025403784439,
1.,0.866025403784439,1.,0.866025403784439,1.,0.866025403784439,1.,0.866025403784439,
1.,0.866025403784439,1.,0.866025403784439,1.,0.866025403784439,1.,0.866025403784439,
1.,0.866025403784439,1.,0.866025403784439,1.,0.866025403784439,1.,0.866025403784439,
1.,0.866025403784439,1.,0.866025403784439,1.,0.866025403784439,1.,0.866025403784439,
1.,0.866025403784439,1.,0.866025403784439,1.,0.866025403784439,1.,0.866025403784439,
1.,0.866025403784439,1.,0.866025403784439,1.,0.866025403784439,1.,0.866025403784439,
1.,0.866025403784439,1.,0.866025403784439,1.,0.866025403784439,1.,0.866025403784439,
1.,0.866025403784439,1.,0.866025403784439,1.,0.866025403784439,1.))
REPRESENTATION_ITEM('')
);
#27=(
BOUNDED_CURVE()
B_SPLINE_CURVE(2,(#3720,#3721,#3722,#3723,#3724,#3725,#3726,#3727,#3728,
#3729,#3730,#3731,#3732,#3733,#3734,#3735,#3736,#3737,#3738,#3739,#3740,
#3741,#3742,#3743,#3744,#3745,#3746,#3747,#3748,#3749,#3750,#3751,#3752,
#3753,#3754,#3755,#3756,#3757,#3758,#3759,#3760,#3761,#3762,#3763,#3764,
#3765,#3766,#3767,#3768,#3769,#3770,#3771,#3772,#3773,#3774,#3775,#3776,
#3777,#3778,#3779,#3780,#3781,#3782,#3783,#3784,#3785,#3786,#3787,#3788,
#3789,#3790,#3791,#3792,#3793,#3794,#3795,#3796,#3797,#3798,#3799,#3800,
#3801,#3802,#3803,#3804,#3805,#3806,#3807,#3808,#3809,#3810,#3811,#3812,
#3813,#3814,#3815,#3816,#3817,#3818,#3819,#3820,#3821,#3822,#3823,#3824,
#3825,#3826,#3827,#3828,#3829,#3830,#3831,#3832,#3833,#3834,#3835,#3836,
#3837,#3838,#3839,#3840,#3841,#3842,#3843,#3844,#3845,#3846,#3847,#3848,
#3849,#3850,#3851,#3852,#3853,#3854,#3855,#3856,#3857,#3858,#3859,#3860,
#3861,#3862,#3863,#3864,#3865,#3866,#3867,#3868,#3869,#3870,#3871,#3872,
#3873,#3874,#3875,#3876,#3877,#3878,#3879,#3880,#3881,#3882,#3883,#3884,
#3885,#3886,#3887,#3888,#3889,#3890,#3891,#3892,#3893,#3894,#3895,#3896,
#3897,#3898,#3899,#3900,#3901,#3902,#3903,#3904,#3905,#3906,#3907,#3908,
#3909,#3910,#3911,#3912,#3913,#3914,#3915,#3916,#3917,#3918,#3919,#3920,
#3921,#3922,#3923,#3924,#3925,#3926,#3927,#3928,#3929,#3930,#3931,#3932,
#3933,#3934,#3935,#3936,#3937,#3938,#3939,#3940,#3941,#3942,#3943,#3944,
#3945,#3946,#3947,#3948,#3949,#3950,#3951,#3952,#3953,#3954,#3955,#3956,
#3957,#3958,#3959,#3960,#3961,#3962,#3963,#3964,#3965,#3966,#3967,#3968,
#3969,#3970,#3971,#3972,#3973,#3974,#3975,#3976,#3977,#3978,#3979,#3980,
#3981,#3982,#3983,#3984,#3985,#3986,#3987,#3988,#3989,#3990,#3991,#3992,
#3993,#3994,#3995,#3996,#3997,#3998,#3999,#4000,#4001,#4002,#4003,#4004,
#4005,#4006,#4007,#4008,#4009,#4010,#4011,#4012,#4013,#4014,#4015,#4016,
#4017,#4018,#4019,#4020,#4021,#4022,#4023,#4024,#4025,#4026,#4027,#4028,
#4029,#4030,#4031,#4032,#4033,#4034,#4035,#4036,#4037,#4038,#4039,#4040,
#4041,#4042,#4043,#4044,#4045,#4046,#4047,#4048,#4049,#4050,#4051,#4052,
#4053,#4054,#4055,#4056,#4057,#4058,#4059,#4060,#4061,#4062,#4063,#4064,
#4065,#4066,#4067,#4068,#4069,#4070,#4071,#4072,#4073,#4074,#4075,#4076,
#4077,#4078,#4079,#4080,#4081,#4082,#4083,#4084,#4085,#4086,#4087,#4088,
#4089,#4090,#4091,#4092,#4093,#4094,#4095,#4096,#4097,#4098,#4099,#4100,
#4101,#4102,#4103,#4104,#4105,#4106,#4107,#4108,#4109,#4110,#4111,#4112,
#4113,#4114,#4115,#4116,#4117,#4118,#4119,#4120,#4121,#4122,#4123,#4124,
#4125,#4126,#4127,#4128,#4129,#4130,#4131,#4132,#4133,#4134,#4135,#4136,
#4137,#4138,#4139,#4140),.UNSPECIFIED.,.F.,.F.)
B_SPLINE_CURVE_WITH_KNOTS((3,2,2,2,2,2,2,2,2,2,2,2,2,2,2,2,2,2,2,2,2,2,
2,2,2,2,2,2,2,2,2,2,2,2,2,2,2,2,2,2,2,2,2,2,2,2,2,2,2,2,2,2,2,2,2,2,2,2,
2,2,2,2,2,2,2,2,2,2,2,2,2,2,2,2,2,2,2,2,2,2,2,2,2,2,2,2,2,2,2,2,2,2,2,2,
2,2,2,2,2,2,2,2,2,2,2,2,2,2,2,2,2,2,2,2,2,2,2,2,2,2,2,2,2,2,2,2,2,2,2,2,
2,2,2,2,2,2,2,2,2,2,2,2,2,2,2,2,2,2,2,2,2,2,2,2,2,2,2,2,2,2,2,2,2,2,2,2,
2,2,2,2,2,2,2,2,2,2,2,2,2,2,2,2,2,2,2,2,2,2,2,2,2,2,2,2,2,2,2,2,2,2,2,2,
2,2,2,2,2,2,2,2,3),(0.,0.00476190476190476,0.00952380952380952,0.0142857142857143,
0.0190476190476191,0.0238095238095238,0.0285714285714285,0.0333333333333333,
0.0380952380952381,0.0428571428571429,0.0476190476190476,0.0523809523809524,
0.0571428571428571,0.0619047619047619,0.0666666666666667,0.0714285714285714,
0.0761904761904762,0.080952380952381,0.0857142857142857,0.0904761904761905,
0.0952380952380952,0.1,0.104761904761905,0.109523809523809,0.114285714285714,
0.119047619047619,0.123809523809524,0.128571428571429,0.133333333333333,
0.138095238095238,0.142857142857143,0.147619047619048,0.152380952380953,
0.157142857142857,0.161904761904762,0.166666666666667,0.171428571428572,
0.176190476190476,0.180952380952381,0.185714285714285,0.19047619047619,
0.195238095238095,0.2,0.204761904761905,0.20952380952381,0.214285714285714,
0.219047619047619,0.223809523809524,0.228571428571428,0.233333333333334,
0.238095238095238,0.242857142857143,0.247619047619048,0.252380952380952,
0.257142857142857,0.261904761904762,0.266666666666666,0.271428571428572,
0.276190476190476,0.280952380952381,0.285714285714286,0.29047619047619,
0.295238095238095,0.3,0.304761904761905,0.309523809523809,0.314285714285715,
0.319047619047619,0.323809523809524,0.328571428571429,0.333333333333334,
0.338095238095238,0.342857142857143,0.347619047619047,0.352380952380953,
0.357142857142857,0.361904761904762,0.366666666666666,0.371428571428571,
0.376190476190476,0.380952380952381,0.385714285714286,0.39047619047619,
0.395238095238095,0.4,0.404761904761905,0.40952380952381,0.414285714285715,
0.419047619047619,0.423809523809524,0.428571428571428,0.433333333333334,
0.438095238095238,0.442857142857143,0.447619047619047,0.452380952380952,
0.457142857142857,0.461904761904762,0.466666666666667,0.471428571428571,
0.476190476190476,0.480952380952381,0.485714285714286,0.490476190476191,
0.495238095238095,0.5,0.504761904761905,0.50952380952381,0.514285714285714,
0.519047619047619,0.523809523809524,0.528571428571429,0.533333333333333,
0.538095238095238,0.542857142857143,0.547619047619048,0.552380952380952,
0.557142857142857,0.561904761904762,0.566666666666667,0.571428571428571,
0.576190476190476,0.580952380952381,0.585714285714286,0.590476190476191,
0.595238095238095,0.6,0.604761904761905,0.60952380952381,0.614285714285714,
0.619047619047619,0.623809523809524,0.628571428571429,0.633333333333333,
0.638095238095238,0.642857142857143,0.647619047619048,0.652380952380952,
0.657142857142857,0.661904761904762,0.666666666666667,0.671428571428571,
0.676190476190476,0.680952380952381,0.685714285714286,0.690476190476191,
0.695238095238095,0.7,0.704761904761905,0.70952380952381,0.714285714285714,
0.719047619047619,0.723809523809524,0.728571428571429,0.733333333333333,
0.738095238095238,0.742857142857143,0.747619047619048,0.752380952380952,
0.757142857142857,0.761904761904762,0.766666666666667,0.771428571428572,
0.776190476190476,0.780952380952381,0.785714285714286,0.79047619047619,
0.795238095238095,0.8,0.804761904761905,0.80952380952381,0.814285714285714,
0.819047619047619,0.823809523809524,0.828571428571429,0.833333333333333,
0.838095238095238,0.842857142857143,0.847619047619048,0.852380952380952,
0.857142857142857,0.861904761904762,0.866666666666667,0.871428571428571,
0.876190476190476,0.880952380952381,0.885714285714286,0.89047619047619,
0.895238095238095,0.9,0.904761904761905,0.90952380952381,0.914285714285714,
0.919047619047619,0.923809523809524,0.928571428571429,0.933333333333333,
0.938095238095238,0.942857142857143,0.947619047619048,0.952380952380952,
0.957142857142857,0.961904761904762,0.966666666666667,0.971428571428571,
0.976190476190476,0.980952380952381,0.985714285714286,0.990476190476191,
0.995238095238095,1.),.UNSPECIFIED.)
CURVE()
GEOMETRIC_REPRESENTATION_ITEM()
RATIONAL_B_SPLINE_CURVE((1.,0.866025403784439,1.,0.866025403784439,1.,0.866025403784439,
1.,0.866025403784439,1.,0.866025403784439,1.,0.866025403784439,1.,0.866025403784439,
1.,0.866025403784439,1.,0.866025403784439,1.,0.866025403784439,1.,0.866025403784439,
1.,0.866025403784439,1.,0.866025403784439,1.,0.866025403784439,1.,0.866025403784439,
1.,0.866025403784439,1.,0.866025403784439,1.,0.866025403784439,1.,0.866025403784439,
1.,0.866025403784439,1.,0.866025403784439,1.,0.866025403784439,1.,0.866025403784439,
1.,0.866025403784439,1.,0.866025403784439,1.,0.866025403784439,1.,0.866025403784439,
1.,0.866025403784439,1.,0.866025403784439,1.,0.866025403784439,1.,0.866025403784439,
1.,0.866025403784439,1.,0.866025403784439,1.,0.866025403784439,1.,0.866025403784439,
1.,0.866025403784439,1.,0.866025403784439,1.,0.866025403784439,1.,0.866025403784439,
1.,0.866025403784439,1.,0.866025403784439,1.,0.866025403784439,1.,0.866025403784439,
1.,0.866025403784439,1.,0.866025403784439,1.,0.866025403784439,1.,0.866025403784439,
1.,0.866025403784439,1.,0.866025403784439,1.,0.866025403784439,1.,0.866025403784439,
1.,0.866025403784439,1.,0.866025403784439,1.,0.866025403784439,1.,0.866025403784439,
1.,0.866025403784439,1.,0.866025403784439,1.,0.866025403784439,1.,0.866025403784439,
1.,0.866025403784439,1.,0.866025403784439,1.,0.866025403784439,1.,0.866025403784439,
1.,0.866025403784439,1.,0.866025403784439,1.,0.866025403784439,1.,0.866025403784439,
1.,0.866025403784439,1.,0.866025403784439,1.,0.866025403784439,1.,0.866025403784439,
1.,0.866025403784439,1.,0.866025403784439,1.,0.866025403784439,1.,0.866025403784439,
1.,0.866025403784439,1.,0.866025403784439,1.,0.866025403784439,1.,0.866025403784439,
1.,0.866025403784439,1.,0.866025403784439,1.,0.866025403784439,1.,0.866025403784439,
1.,0.866025403784439,1.,0.866025403784439,1.,0.866025403784439,1.,0.866025403784439,
1.,0.866025403784439,1.,0.866025403784439,1.,0.866025403784439,1.,0.866025403784439,
1.,0.866025403784439,1.,0.866025403784439,1.,0.866025403784439,1.,0.866025403784439,
1.,0.866025403784439,1.,0.866025403784439,1.,0.866025403784439,1.,0.866025403784439,
1.,0.866025403784439,1.,0.866025403784439,1.,0.866025403784439,1.,0.866025403784439,
1.,0.866025403784439,1.,0.866025403784439,1.,0.866025403784439,1.,0.866025403784439,
1.,0.866025403784439,1.,0.866025403784439,1.,0.866025403784439,1.,0.866025403784439,
1.,0.866025403784439,1.,0.866025403784439,1.,0.866025403784439,1.,0.866025403784439,
1.,0.866025403784439,1.,0.866025403784439,1.,0.866025403784439,1.,0.866025403784439,
1.,0.866025403784439,1.,0.866025403784439,1.,0.866025403784439,1.,0.866025403784439,
1.,0.866025403784439,1.,0.866025403784439,1.,0.866025403784439,1.,0.866025403784439,
1.,0.866025403784439,1.,0.866025403784439,1.,0.866025403784439,1.,0.866025403784439,
1.,0.866025403784439,1.,0.866025403784439,1.,0.866025403784439,1.,0.866025403784439,
1.,0.866025403784439,1.,0.866025403784439,1.,0.866025403784439,1.,0.866025403784439,
1.,0.866025403784439,1.,0.866025403784439,1.,0.866025403784439,1.,0.866025403784439,
1.,0.866025403784439,1.,0.866025403784439,1.,0.866025403784439,1.,0.866025403784439,
1.,0.866025403784439,1.,0.866025403784439,1.,0.866025403784439,1.,0.866025403784439,
1.,0.866025403784439,1.,0.866025403784439,1.,0.866025403784439,1.,0.866025403784439,
1.,0.866025403784439,1.,0.866025403784439,1.,0.866025403784439,1.,0.866025403784439,
1.,0.866025403784439,1.,0.866025403784439,1.,0.866025403784439,1.,0.866025403784439,
1.,0.866025403784439,1.,0.866025403784439,1.,0.866025403784439,1.,0.866025403784439,
1.,0.866025403784439,1.,0.866025403784439,1.,0.866025403784439,1.,0.866025403784439,
1.,0.866025403784439,1.,0.866025403784439,1.,0.866025403784439,1.,0.866025403784439,
1.,0.866025403784439,1.,0.866025403784439,1.,0.866025403784439,1.,0.866025403784439,
1.,0.866025403784439,1.,0.866025403784439,1.,0.866025403784439,1.,0.866025403784439,
1.,0.866025403784439,1.,0.866025403784439,1.,0.866025403784439,1.,0.866025403784439,
1.,0.866025403784439,1.,0.866025403784439,1.,0.866025403784439,1.,0.866025403784439,
1.,0.866025403784439,1.,0.866025403784439,1.,0.866025403784439,1.,0.866025403784439,
1.,0.866025403784439,1.,0.866025403784439,1.,0.866025403784439,1.,0.866025403784439,
1.,0.866025403784439,1.,0.866025403784439,1.,0.866025403784439,1.,0.866025403784439,
1.,0.866025403784439,1.,0.866025403784439,1.,0.866025403784439,1.,0.866025403784439,
1.,0.866025403784439,1.,0.866025403784439,1.,0.866025403784439,1.))
REPRESENTATION_ITEM('')
);
#28=(
BOUNDED_CURVE()
B_SPLINE_CURVE(2,(#4143,#4144,#4145,#4146,#4147,#4148,#4149,#4150,#4151,
#4152,#4153,#4154,#4155,#4156,#4157,#4158,#4159,#4160,#4161,#4162,#4163,
#4164,#4165,#4166,#4167,#4168,#4169,#4170,#4171,#4172,#4173,#4174,#4175,
#4176,#4177,#4178,#4179,#4180,#4181,#4182,#4183,#4184,#4185,#4186,#4187,
#4188,#4189,#4190,#4191,#4192,#4193,#4194,#4195,#4196,#4197,#4198,#4199,
#4200,#4201,#4202,#4203,#4204,#4205,#4206,#4207,#4208,#4209,#4210,#4211,
#4212,#4213,#4214,#4215,#4216,#4217,#4218,#4219,#4220,#4221,#4222,#4223,
#4224,#4225,#4226,#4227,#4228,#4229,#4230,#4231,#4232,#4233,#4234,#4235,
#4236,#4237,#4238,#4239,#4240,#4241,#4242,#4243,#4244,#4245,#4246,#4247,
#4248,#4249,#4250,#4251,#4252,#4253,#4254,#4255,#4256,#4257,#4258,#4259,
#4260,#4261,#4262,#4263,#4264,#4265,#4266,#4267,#4268,#4269,#4270,#4271,
#4272,#4273,#4274,#4275,#4276,#4277,#4278,#4279,#4280,#4281,#4282,#4283,
#4284,#4285,#4286,#4287,#4288,#4289,#4290,#4291,#4292,#4293,#4294,#4295,
#4296,#4297,#4298,#4299,#4300,#4301,#4302,#4303,#4304,#4305,#4306,#4307,
#4308,#4309,#4310,#4311,#4312,#4313,#4314,#4315,#4316,#4317,#4318,#4319,
#4320,#4321,#4322,#4323,#4324,#4325,#4326,#4327,#4328,#4329,#4330,#4331,
#4332,#4333,#4334,#4335,#4336,#4337,#4338,#4339,#4340,#4341,#4342,#4343,
#4344,#4345,#4346,#4347,#4348,#4349,#4350,#4351,#4352,#4353,#4354,#4355,
#4356,#4357,#4358,#4359,#4360,#4361,#4362,#4363,#4364,#4365,#4366,#4367,
#4368,#4369,#4370,#4371,#4372,#4373,#4374,#4375,#4376,#4377,#4378,#4379,
#4380,#4381,#4382,#4383,#4384,#4385,#4386,#4387,#4388,#4389,#4390,#4391,
#4392,#4393,#4394,#4395,#4396,#4397,#4398,#4399,#4400,#4401,#4402,#4403,
#4404,#4405,#4406,#4407,#4408,#4409,#4410,#4411,#4412,#4413,#4414,#4415,
#4416,#4417,#4418,#4419,#4420,#4421,#4422,#4423,#4424,#4425,#4426,#4427,
#4428,#4429,#4430,#4431,#4432,#4433,#4434,#4435,#4436,#4437,#4438,#4439,
#4440,#4441,#4442,#4443,#4444,#4445,#4446,#4447,#4448,#4449,#4450,#4451,
#4452,#4453,#4454,#4455,#4456,#4457,#4458,#4459,#4460,#4461,#4462,#4463,
#4464,#4465,#4466,#4467,#4468,#4469,#4470,#4471,#4472,#4473,#4474,#4475,
#4476,#4477,#4478,#4479,#4480,#4481,#4482,#4483,#4484,#4485,#4486,#4487,
#4488,#4489,#4490,#4491,#4492,#4493,#4494,#4495,#4496,#4497,#4498,#4499,
#4500,#4501,#4502,#4503,#4504,#4505,#4506,#4507,#4508,#4509,#4510,#4511,
#4512,#4513,#4514,#4515,#4516,#4517,#4518,#4519,#4520,#4521,#4522,#4523,
#4524,#4525,#4526,#4527,#4528,#4529,#4530,#4531,#4532,#4533,#4534,#4535,
#4536,#4537,#4538,#4539,#4540,#4541,#4542,#4543,#4544,#4545,#4546,#4547,
#4548,#4549,#4550,#4551,#4552,#4553,#4554,#4555,#4556,#4557,#4558,#4559,
#4560,#4561,#4562,#4563),.UNSPECIFIED.,.F.,.F.)
B_SPLINE_CURVE_WITH_KNOTS((3,2,2,2,2,2,2,2,2,2,2,2,2,2,2,2,2,2,2,2,2,2,
2,2,2,2,2,2,2,2,2,2,2,2,2,2,2,2,2,2,2,2,2,2,2,2,2,2,2,2,2,2,2,2,2,2,2,2,
2,2,2,2,2,2,2,2,2,2,2,2,2,2,2,2,2,2,2,2,2,2,2,2,2,2,2,2,2,2,2,2,2,2,2,2,
2,2,2,2,2,2,2,2,2,2,2,2,2,2,2,2,2,2,2,2,2,2,2,2,2,2,2,2,2,2,2,2,2,2,2,2,
2,2,2,2,2,2,2,2,2,2,2,2,2,2,2,2,2,2,2,2,2,2,2,2,2,2,2,2,2,2,2,2,2,2,2,2,
2,2,2,2,2,2,2,2,2,2,2,2,2,2,2,2,2,2,2,2,2,2,2,2,2,2,2,2,2,2,2,2,2,2,2,2,
2,2,2,2,2,2,2,2,3),(0.,0.00476190476190476,0.00952380952380952,0.0142857142857143,
0.0190476190476191,0.0238095238095238,0.0285714285714285,0.0333333333333333,
0.0380952380952381,0.0428571428571429,0.0476190476190476,0.0523809523809524,
0.0571428571428571,0.0619047619047619,0.0666666666666667,0.0714285714285714,
0.0761904761904762,0.080952380952381,0.0857142857142857,0.0904761904761905,
0.0952380952380952,0.1,0.104761904761905,0.109523809523809,0.114285714285714,
0.119047619047619,0.123809523809524,0.128571428571429,0.133333333333333,
0.138095238095238,0.142857142857143,0.147619047619048,0.152380952380953,
0.157142857142857,0.161904761904762,0.166666666666667,0.171428571428572,
0.176190476190476,0.180952380952381,0.185714285714285,0.19047619047619,
0.195238095238095,0.2,0.204761904761905,0.20952380952381,0.214285714285714,
0.219047619047619,0.223809523809524,0.228571428571428,0.233333333333334,
0.238095238095238,0.242857142857143,0.247619047619048,0.252380952380952,
0.257142857142857,0.261904761904762,0.266666666666666,0.271428571428572,
0.276190476190476,0.280952380952381,0.285714285714286,0.29047619047619,
0.295238095238095,0.3,0.304761904761905,0.309523809523809,0.314285714285715,
0.319047619047619,0.323809523809524,0.328571428571429,0.333333333333334,
0.338095238095238,0.342857142857143,0.347619047619047,0.352380952380953,
0.357142857142857,0.361904761904762,0.366666666666666,0.371428571428571,
0.376190476190476,0.380952380952381,0.385714285714286,0.39047619047619,
0.395238095238095,0.4,0.404761904761905,0.40952380952381,0.414285714285715,
0.419047619047619,0.423809523809524,0.428571428571428,0.433333333333334,
0.438095238095238,0.442857142857143,0.447619047619047,0.452380952380952,
0.457142857142857,0.461904761904762,0.466666666666667,0.471428571428571,
0.476190476190476,0.480952380952381,0.485714285714286,0.490476190476191,
0.495238095238095,0.5,0.504761904761905,0.50952380952381,0.514285714285714,
0.519047619047619,0.523809523809524,0.528571428571429,0.533333333333333,
0.538095238095238,0.542857142857143,0.547619047619048,0.552380952380952,
0.557142857142857,0.561904761904762,0.566666666666667,0.571428571428571,
0.576190476190476,0.580952380952381,0.585714285714286,0.590476190476191,
0.595238095238095,0.6,0.604761904761905,0.60952380952381,0.614285714285714,
0.619047619047619,0.623809523809524,0.628571428571429,0.633333333333333,
0.638095238095238,0.642857142857143,0.647619047619048,0.652380952380952,
0.657142857142857,0.661904761904762,0.666666666666667,0.671428571428571,
0.676190476190476,0.680952380952381,0.685714285714286,0.690476190476191,
0.695238095238095,0.7,0.704761904761905,0.70952380952381,0.714285714285714,
0.719047619047619,0.723809523809524,0.728571428571429,0.733333333333333,
0.738095238095238,0.742857142857143,0.747619047619048,0.752380952380952,
0.757142857142857,0.761904761904762,0.766666666666667,0.771428571428572,
0.776190476190476,0.780952380952381,0.785714285714286,0.79047619047619,
0.795238095238095,0.8,0.804761904761905,0.80952380952381,0.814285714285714,
0.819047619047619,0.823809523809524,0.828571428571429,0.833333333333333,
0.838095238095238,0.842857142857143,0.847619047619048,0.852380952380952,
0.857142857142857,0.861904761904762,0.866666666666667,0.871428571428571,
0.876190476190476,0.880952380952381,0.885714285714286,0.89047619047619,
0.895238095238095,0.9,0.904761904761905,0.90952380952381,0.914285714285714,
0.919047619047619,0.923809523809524,0.928571428571429,0.933333333333333,
0.938095238095238,0.942857142857143,0.947619047619048,0.952380952380952,
0.957142857142857,0.961904761904762,0.966666666666667,0.971428571428571,
0.976190476190476,0.980952380952381,0.985714285714286,0.990476190476191,
0.995238095238095,1.),.UNSPECIFIED.)
CURVE()
GEOMETRIC_REPRESENTATION_ITEM()
RATIONAL_B_SPLINE_CURVE((1.,0.866025403784439,1.,0.866025403784439,1.,0.866025403784439,
1.,0.866025403784439,1.,0.866025403784439,1.,0.866025403784439,1.,0.866025403784439,
1.,0.866025403784439,1.,0.866025403784439,1.,0.866025403784439,1.,0.866025403784439,
1.,0.866025403784439,1.,0.866025403784439,1.,0.866025403784439,1.,0.866025403784439,
1.,0.866025403784439,1.,0.866025403784439,1.,0.866025403784439,1.,0.866025403784439,
1.,0.866025403784439,1.,0.866025403784439,1.,0.866025403784439,1.,0.866025403784439,
1.,0.866025403784439,1.,0.866025403784439,1.,0.866025403784439,1.,0.866025403784439,
1.,0.866025403784439,1.,0.866025403784439,1.,0.866025403784439,1.,0.866025403784439,
1.,0.866025403784439,1.,0.866025403784439,1.,0.866025403784439,1.,0.866025403784439,
1.,0.866025403784439,1.,0.866025403784439,1.,0.866025403784439,1.,0.866025403784439,
1.,0.866025403784439,1.,0.866025403784439,1.,0.866025403784439,1.,0.866025403784439,
1.,0.866025403784439,1.,0.866025403784439,1.,0.866025403784439,1.,0.866025403784439,
1.,0.866025403784439,1.,0.866025403784439,1.,0.866025403784439,1.,0.866025403784439,
1.,0.866025403784439,1.,0.866025403784439,1.,0.866025403784439,1.,0.866025403784439,
1.,0.866025403784439,1.,0.866025403784439,1.,0.866025403784439,1.,0.866025403784439,
1.,0.866025403784439,1.,0.866025403784439,1.,0.866025403784439,1.,0.866025403784439,
1.,0.866025403784439,1.,0.866025403784439,1.,0.866025403784439,1.,0.866025403784439,
1.,0.866025403784439,1.,0.866025403784439,1.,0.866025403784439,1.,0.866025403784439,
1.,0.866025403784439,1.,0.866025403784439,1.,0.866025403784439,1.,0.866025403784439,
1.,0.866025403784439,1.,0.866025403784439,1.,0.866025403784439,1.,0.866025403784439,
1.,0.866025403784439,1.,0.866025403784439,1.,0.866025403784439,1.,0.866025403784439,
1.,0.866025403784439,1.,0.866025403784439,1.,0.866025403784439,1.,0.866025403784439,
1.,0.866025403784439,1.,0.866025403784439,1.,0.866025403784439,1.,0.866025403784439,
1.,0.866025403784439,1.,0.866025403784439,1.,0.866025403784439,1.,0.866025403784439,
1.,0.866025403784439,1.,0.866025403784439,1.,0.866025403784439,1.,0.866025403784439,
1.,0.866025403784439,1.,0.866025403784439,1.,0.866025403784439,1.,0.866025403784439,
1.,0.866025403784439,1.,0.866025403784439,1.,0.866025403784439,1.,0.866025403784439,
1.,0.866025403784439,1.,0.866025403784439,1.,0.866025403784439,1.,0.866025403784439,
1.,0.866025403784439,1.,0.866025403784439,1.,0.866025403784439,1.,0.866025403784439,
1.,0.866025403784439,1.,0.866025403784439,1.,0.866025403784439,1.,0.866025403784439,
1.,0.866025403784439,1.,0.866025403784439,1.,0.866025403784439,1.,0.866025403784439,
1.,0.866025403784439,1.,0.866025403784439,1.,0.866025403784439,1.,0.866025403784439,
1.,0.866025403784439,1.,0.866025403784439,1.,0.866025403784439,1.,0.866025403784439,
1.,0.866025403784439,1.,0.866025403784439,1.,0.866025403784439,1.,0.866025403784439,
1.,0.866025403784439,1.,0.866025403784439,1.,0.866025403784439,1.,0.866025403784439,
1.,0.866025403784439,1.,0.866025403784439,1.,0.866025403784439,1.,0.866025403784439,
1.,0.866025403784439,1.,0.866025403784439,1.,0.866025403784439,1.,0.866025403784439,
1.,0.866025403784439,1.,0.866025403784439,1.,0.866025403784439,1.,0.866025403784439,
1.,0.866025403784439,1.,0.866025403784439,1.,0.866025403784439,1.,0.866025403784439,
1.,0.866025403784439,1.,0.866025403784439,1.,0.866025403784439,1.,0.866025403784439,
1.,0.866025403784439,1.,0.866025403784439,1.,0.866025403784439,1.,0.866025403784439,
1.,0.866025403784439,1.,0.866025403784439,1.,0.866025403784439,1.,0.866025403784439,
1.,0.866025403784439,1.,0.866025403784439,1.,0.866025403784439,1.,0.866025403784439,
1.,0.866025403784439,1.,0.866025403784439,1.,0.866025403784439,1.,0.866025403784439,
1.,0.866025403784439,1.,0.866025403784439,1.,0.866025403784439,1.,0.866025403784439,
1.,0.866025403784439,1.,0.866025403784439,1.,0.866025403784439,1.,0.866025403784439,
1.,0.866025403784439,1.,0.866025403784439,1.,0.866025403784439,1.,0.866025403784439,
1.,0.866025403784439,1.,0.866025403784439,1.,0.866025403784439,1.,0.866025403784439,
1.,0.866025403784439,1.,0.866025403784439,1.,0.866025403784439,1.,0.866025403784439,
1.,0.866025403784439,1.,0.866025403784439,1.,0.866025403784439,1.,0.866025403784439,
1.,0.866025403784439,1.,0.866025403784439,1.,0.866025403784439,1.,0.866025403784439,
1.,0.866025403784439,1.,0.866025403784439,1.,0.866025403784439,1.,0.866025403784439,
1.,0.866025403784439,1.,0.866025403784439,1.,0.866025403784439,1.))
REPRESENTATION_ITEM('')
);
#29=LINE('',#250,#31);
#30=LINE('',#6250,#32);
#31=VECTOR('',#210,1.);
#32=VECTOR('',#243,1.);
#33=ORIENTED_EDGE('',*,*,#77,.T.);
#34=ORIENTED_EDGE('',*,*,#78,.F.);
#35=ORIENTED_EDGE('',*,*,#79,.T.);
#36=ORIENTED_EDGE('',*,*,#80,.F.);
#37=ORIENTED_EDGE('',*,*,#81,.T.);
#38=ORIENTED_EDGE('',*,*,#82,.F.);
#39=ORIENTED_EDGE('',*,*,#83,.F.);
#40=ORIENTED_EDGE('',*,*,#82,.T.);
#41=ORIENTED_EDGE('',*,*,#84,.F.);
#42=ORIENTED_EDGE('',*,*,#80,.T.);
#43=ORIENTED_EDGE('',*,*,#85,.T.);
#44=ORIENTED_EDGE('',*,*,#86,.T.);
#45=ORIENTED_EDGE('',*,*,#84,.T.);
#46=ORIENTED_EDGE('',*,*,#77,.F.);
#47=ORIENTED_EDGE('',*,*,#87,.F.);
#48=ORIENTED_EDGE('',*,*,#78,.T.);
#49=ORIENTED_EDGE('',*,*,#88,.F.);
#50=ORIENTED_EDGE('',*,*,#89,.F.);
#51=ORIENTED_EDGE('',*,*,#90,.T.);
#52=ORIENTED_EDGE('',*,*,#91,.T.);
#53=ORIENTED_EDGE('',*,*,#92,.T.);
#54=ORIENTED_EDGE('',*,*,#81,.F.);
#55=ORIENTED_EDGE('',*,*,#86,.F.);
#56=ORIENTED_EDGE('',*,*,#93,.T.);
#57=ORIENTED_EDGE('',*,*,#94,.T.);
#58=ORIENTED_EDGE('',*,*,#95,.F.);
#59=ORIENTED_EDGE('',*,*,#96,.F.);
#60=ORIENTED_EDGE('',*,*,#88,.T.);
#61=ORIENTED_EDGE('',*,*,#79,.F.);
#62=ORIENTED_EDGE('',*,*,#87,.T.);
#63=ORIENTED_EDGE('',*,*,#96,.T.);
#64=ORIENTED_EDGE('',*,*,#97,.F.);
#65=ORIENTED_EDGE('',*,*,#92,.F.);
#66=ORIENTED_EDGE('',*,*,#94,.F.);
#67=ORIENTED_EDGE('',*,*,#93,.F.);
#68=ORIENTED_EDGE('',*,*,#85,.F.);
#69=ORIENTED_EDGE('',*,*,#91,.F.);
#70=ORIENTED_EDGE('',*,*,#98,.T.);
#71=ORIENTED_EDGE('',*,*,#89,.T.);
#72=ORIENTED_EDGE('',*,*,#97,.T.);
#73=ORIENTED_EDGE('',*,*,#95,.T.);
#74=ORIENTED_EDGE('',*,*,#83,.T.);
#75=ORIENTED_EDGE('',*,*,#90,.F.);
#76=ORIENTED_EDGE('',*,*,#98,.F.);
#77=EDGE_CURVE('',#99,#99,#115,.T.);
#78=EDGE_CURVE('',#100,#101,#29,.T.);
#79=EDGE_CURVE('',#100,#102,#22,.T.);
#80=EDGE_CURVE('',#103,#102,#116,.T.);
#81=EDGE_CURVE('',#103,#101,#23,.F.);
#82=EDGE_CURVE('',#104,#104,#117,.T.);
#83=EDGE_CURVE('',#105,#105,#118,.F.);
#84=EDGE_CURVE('',#106,#106,#119,.T.);
#85=EDGE_CURVE('',#102,#107,#15,.T.);
#86=EDGE_CURVE('',#107,#103,#16,.T.);
#87=EDGE_CURVE('',#100,#108,#120,.F.);
#88=EDGE_CURVE('',#108,#101,#121,.F.);
#89=EDGE_CURVE('',#109,#110,#122,.F.);
#90=EDGE_CURVE('',#109,#111,#24,.F.);
#91=EDGE_CURVE('',#111,#112,#123,.F.);
#92=EDGE_CURVE('',#112,#110,#25,.T.);
#93=EDGE_CURVE('',#107,#113,#26,.T.);
#94=EDGE_CURVE('',#113,#112,#27,.T.);
#95=EDGE_CURVE('',#114,#112,#124,.F.);
#96=EDGE_CURVE('',#108,#114,#28,.T.);
#97=EDGE_CURVE('',#110,#114,#125,.F.);
#98=EDGE_CURVE('',#111,#109,#30,.T.);
#99=VERTEX_POINT('',#249);
#100=VERTEX_POINT('',#251);
#101=VERTEX_POINT('',#252);
#102=VERTEX_POINT('',#674);
#103=VERTEX_POINT('',#676);
#104=VERTEX_POINT('',#1100);
#105=VERTEX_POINT('',#1102);
#106=VERTEX_POINT('',#1105);
#107=VERTEX_POINT('',#1112);
#108=VERTEX_POINT('',#1120);
#109=VERTEX_POINT('',#1175);
#110=VERTEX_POINT('',#1176);
#111=VERTEX_POINT('',#1190);
#112=VERTEX_POINT('',#1192);
#113=VERTEX_POINT('',#3719);
#114=VERTEX_POINT('',#4142);
#115=CIRCLE('',#186,0.0905);
#116=CIRCLE('',#187,0.0905);
#117=CIRCLE('',#189,0.04);
#118=CIRCLE('',#190,0.09);
#119=CIRCLE('',#192,0.04);
#120=CIRCLE('',#196,0.00085);
#121=CIRCLE('',#197,0.00085);
#122=CIRCLE('',#198,0.00085);
#123=CIRCLE('',#199,0.00085);
#124=CIRCLE('',#200,0.00085);
#125=CIRCLE('',#201,0.00085);
#126=EDGE_LOOP('',(#33));
#127=EDGE_LOOP('',(#34,#35,#36,#37));
#128=EDGE_LOOP('',(#38));
#129=EDGE_LOOP('',(#39));
#130=EDGE_LOOP('',(#40));
#131=EDGE_LOOP('',(#41));
#132=EDGE_LOOP('',(#42,#43,#44));
#133=EDGE_LOOP('',(#45));
#134=EDGE_LOOP('',(#46));
#135=EDGE_LOOP('',(#47,#48,#49));
#136=EDGE_LOOP('',(#50,#51,#52,#53));
#137=EDGE_LOOP('',(#54,#55,#56,#57,#58,#59,#60));
#138=EDGE_LOOP('',(#61,#62,#63,#64,#65,#66,#67,#68));
#139=EDGE_LOOP('',(#69,#70,#71,#72,#73));
#140=EDGE_LOOP('',(#74));
#141=EDGE_LOOP('',(#75,#76));
#142=FACE_BOUND('',#126,.T.);
#143=FACE_BOUND('',#127,.T.);
#144=FACE_BOUND('',#128,.T.);
#145=FACE_BOUND('',#129,.T.);
#146=FACE_BOUND('',#130,.T.);
#147=FACE_BOUND('',#131,.T.);
#148=FACE_BOUND('',#132,.T.);
#149=FACE_BOUND('',#133,.T.);
#150=FACE_BOUND('',#134,.T.);
#151=FACE_BOUND('',#135,.T.);
#152=FACE_BOUND('',#136,.T.);
#153=FACE_BOUND('',#137,.T.);
#154=FACE_BOUND('',#138,.T.);
#155=FACE_BOUND('',#139,.T.);
#156=FACE_BOUND('',#140,.T.);
#157=FACE_BOUND('',#141,.T.);
#158=CYLINDRICAL_SURFACE('',#185,0.0905);
#159=CYLINDRICAL_SURFACE('',#191,0.04);
#160=CYLINDRICAL_SURFACE('',#203,0.09);
#161=ADVANCED_FACE('',(#142,#143),#158,.T.);
#162=ADVANCED_FACE('',(#144,#145),#17,.T.);
#163=ADVANCED_FACE('',(#146,#147),#159,.F.);
#164=ADVANCED_FACE('',(#148),#18,.T.);
#165=ADVANCED_FACE('',(#149,#150),#19,.F.);
#166=ADVANCED_FACE('',(#151),#20,.T.);
#167=ADVANCED_FACE('',(#152),#12,.T.);
#168=ADVANCED_FACE('',(#153),#13,.T.);
#169=ADVANCED_FACE('',(#154),#14,.T.);
#170=ADVANCED_FACE('',(#155),#21,.F.);
#171=ADVANCED_FACE('',(#156,#157),#160,.F.);
#172=CLOSED_SHELL('',(#161,#162,#163,#164,#165,#166,#167,#168,#169,#170,
#171));
#173=STYLED_ITEM('',(#174),#181);
#174=PRESENTATION_STYLE_ASSIGNMENT((#175));
#175=SURFACE_STYLE_USAGE(.BOTH.,#176);
#176=SURFACE_SIDE_STYLE('',(#177));
#177=SURFACE_STYLE_FILL_AREA(#178);
#178=FILL_AREA_STYLE('',(#179));
#179=FILL_AREA_STYLE_COLOUR('',#180);
#180=COLOUR_RGB('',0.615686274509804,0.811764705882353,0.929411764705882);
#181=MANIFOLD_SOLID_BREP('filament',#172);
#182=SHAPE_DEFINITION_REPRESENTATION(#6258,#183);
#183=SHAPE_REPRESENTATION('filament',(#184),#6253);
#184=AXIS2_PLACEMENT_3D('',#246,#204,#205);
#185=AXIS2_PLACEMENT_3D('',#247,#206,#207);
#186=AXIS2_PLACEMENT_3D('',#248,#208,#209);
#187=AXIS2_PLACEMENT_3D('',#675,#211,#212);
#188=AXIS2_PLACEMENT_3D('',#1098,#213,#214);
#189=AXIS2_PLACEMENT_3D('',#1099,#215,#216);
#190=AXIS2_PLACEMENT_3D('',#1101,#217,#218);
#191=AXIS2_PLACEMENT_3D('',#1103,#219,#220);
#192=AXIS2_PLACEMENT_3D('',#1104,#221,#222);
#193=AXIS2_PLACEMENT_3D('',#1106,#223,#224);
#194=AXIS2_PLACEMENT_3D('',#1117,#225,#226);
#195=AXIS2_PLACEMENT_3D('',#1118,#227,#228);
#196=AXIS2_PLACEMENT_3D('',#1119,#229,#230);
#197=AXIS2_PLACEMENT_3D('',#1121,#231,#232);
#198=AXIS2_PLACEMENT_3D('',#1174,#233,#234);
#199=AXIS2_PLACEMENT_3D('',#1191,#235,#236);
#200=AXIS2_PLACEMENT_3D('',#4141,#237,#238);
#201=AXIS2_PLACEMENT_3D('',#6248,#239,#240);
#202=AXIS2_PLACEMENT_3D('',#6249,#241,#242);
#203=AXIS2_PLACEMENT_3D('',#6251,#244,#245);
#204=DIRECTION('',(0.,0.,1.));
#205=DIRECTION('',(1.,0.,0.));
#206=DIRECTION('',(0.,0.,-1.));
#207=DIRECTION('',(-1.,0.,0.));
#208=DIRECTION('',(0.,0.,1.));
#209=DIRECTION('',(1.,0.,0.));
#210=DIRECTION('',(0.,0.,-1.));
#211=DIRECTION('',(0.,0.,1.));
#212=DIRECTION('',(1.,0.,0.));
#213=DIRECTION('',(0.,0.,1.));
#214=DIRECTION('',(1.,0.,0.));
#215=DIRECTION('',(0.,0.,1.));
#216=DIRECTION('',(1.,0.,0.));
#217=DIRECTION('',(0.,0.,1.));
#218=DIRECTION('',(1.,0.,0.));
#219=DIRECTION('',(0.,0.,-1.));
#220=DIRECTION('',(-1.,0.,0.));
#221=DIRECTION('',(0.,0.,1.));
#222=DIRECTION('',(1.,0.,0.));
#223=DIRECTION('',(0.,0.,1.));
#224=DIRECTION('',(1.,0.,0.));
#225=DIRECTION('',(0.,0.,1.));
#226=DIRECTION('',(1.,0.,0.));
#227=DIRECTION('',(0.,-1.,0.));
#228=DIRECTION('',(1.,0.,0.));
#229=DIRECTION('',(0.,-1.,0.));
#230=DIRECTION('',(0.,0.,-1.));
#231=DIRECTION('',(0.,-1.,0.));
#232=DIRECTION('',(0.,0.,-1.));
#233=DIRECTION('',(0.,-1.,0.));
#234=DIRECTION('',(0.,0.,-1.));
#235=DIRECTION('',(0.,-1.,0.));
#236=DIRECTION('',(0.,0.,-1.));
#237=DIRECTION('',(0.,-1.,0.));
#238=DIRECTION('',(0.,0.,-1.));
#239=DIRECTION('',(0.,-1.,0.));
#240=DIRECTION('',(0.,0.,-1.));
#241=DIRECTION('',(0.,-1.,0.));
#242=DIRECTION('',(1.,0.,0.));
#243=DIRECTION('',(0.,0.,1.));
#244=DIRECTION('',(0.,0.,1.));
#245=DIRECTION('',(1.,0.,0.));
#246=CARTESIAN_POINT('',(0.,0.,0.));
#247=CARTESIAN_POINT('',(0.,5.54152676614177E-18,-0.016));
#248=CARTESIAN_POINT('',(0.,5.54152676614177E-18,-0.018));
#249=CARTESIAN_POINT('',(0.0905,5.54152676614177E-18,-0.018));
#250=CARTESIAN_POINT('',(0.0905,0.,-0.016));
#251=CARTESIAN_POINT('',(0.0905,0.,-0.0163224277258373));
#252=CARTESIAN_POINT('',(0.0905,0.,-0.0176972004343241));
#253=CARTESIAN_POINT('',(0.0905,0.,-0.0163224277258373));
#254=CARTESIAN_POINT('',(0.0905000000000001,0.0522501993616612,-0.0161867134401231));
#255=CARTESIAN_POINT('',(0.04525,0.0783752990424917,-0.0160509991544087));
#256=CARTESIAN_POINT('',(6.39880394030694E-18,0.104500398723322,-0.0159152848686945));
#257=CARTESIAN_POINT('',(-0.04525,0.0783752990424917,-0.0157795705829802));
#258=CARTESIAN_POINT('',(-0.0905000000000001,0.0522501993616612,-0.0156438562972659));
#259=CARTESIAN_POINT('',(-0.0905,1.10830535322835E-17,-0.0155081420115516));
#260=CARTESIAN_POINT('',(-0.0905000000000001,-0.0522501993616611,-0.0153724277258373));
#261=CARTESIAN_POINT('',(-0.04525,-0.0783752990424917,-0.015236713440123));
#262=CARTESIAN_POINT('',(-1.91964118209208E-17,-0.104500398723322,-0.0151009991544088));
#263=CARTESIAN_POINT('',(0.04525,-0.0783752990424917,-0.0149652848686945));
#264=CARTESIAN_POINT('',(0.0905000000000001,-0.0522501993616612,-0.0148295705829802));
#265=CARTESIAN_POINT('',(0.0905,0.,-0.0146938562972659));
#266=CARTESIAN_POINT('',(0.0905000000000001,0.0522501993616612,-0.0145581420115516));
#267=CARTESIAN_POINT('',(0.04525,0.0783752990424917,-0.0144224277258373));
#268=CARTESIAN_POINT('',(6.39880394030694E-18,0.104500398723322,-0.014286713440123));
#269=CARTESIAN_POINT('',(-0.04525,0.0783752990424917,-0.0141509991544088));
#270=CARTESIAN_POINT('',(-0.0905000000000001,0.0522501993616612,-0.0140152848686945));
#271=CARTESIAN_POINT('',(-0.0905,1.10830535322835E-17,-0.0138795705829802));
#272=CARTESIAN_POINT('',(-0.0905000000000001,-0.0522501993616611,-0.0137438562972659));
#273=CARTESIAN_POINT('',(-0.04525,-0.0783752990424917,-0.0136081420115516));
#274=CARTESIAN_POINT('',(-1.91964118209208E-17,-0.104500398723322,-0.0134724277258373));
#275=CARTESIAN_POINT('',(0.04525,-0.0783752990424917,-0.013336713440123));
#276=CARTESIAN_POINT('',(0.0905000000000001,-0.0522501993616612,-0.0132009991544087));
#277=CARTESIAN_POINT('',(0.0905,0.,-0.0130652848686945));
#278=CARTESIAN_POINT('',(0.0905000000000001,0.0522501993616612,-0.0129295705829802));
#279=CARTESIAN_POINT('',(0.04525,0.0783752990424917,-0.0127938562972659));
#280=CARTESIAN_POINT('',(6.39880394030694E-18,0.104500398723322,-0.0126581420115516));
#281=CARTESIAN_POINT('',(-0.04525,0.0783752990424917,-0.0125224277258373));
#282=CARTESIAN_POINT('',(-0.0905000000000001,0.0522501993616612,-0.012386713440123));
#283=CARTESIAN_POINT('',(-0.0905,1.10830535322835E-17,-0.0122509991544088));
#284=CARTESIAN_POINT('',(-0.0905000000000001,-0.0522501993616611,-0.0121152848686945));
#285=CARTESIAN_POINT('',(-0.04525,-0.0783752990424917,-0.0119795705829802));
#286=CARTESIAN_POINT('',(-1.91964118209208E-17,-0.104500398723322,-0.0118438562972659));
#287=CARTESIAN_POINT('',(0.04525,-0.0783752990424917,-0.0117081420115516));
#288=CARTESIAN_POINT('',(0.0905000000000001,-0.0522501993616612,-0.0115724277258373));
#289=CARTESIAN_POINT('',(0.0905,0.,-0.011436713440123));
#290=CARTESIAN_POINT('',(0.0905000000000001,0.0522501993616612,-0.0113009991544088));
#291=CARTESIAN_POINT('',(0.04525,0.0783752990424917,-0.0111652848686944));
#292=CARTESIAN_POINT('',(6.39880394030694E-18,0.104500398723322,-0.0110295705829802));
#293=CARTESIAN_POINT('',(-0.04525,0.0783752990424917,-0.0108938562972659));
#294=CARTESIAN_POINT('',(-0.0905000000000001,0.0522501993616612,-0.0107581420115516));
#295=CARTESIAN_POINT('',(-0.0905,1.10830535322835E-17,-0.0106224277258373));
#296=CARTESIAN_POINT('',(-0.0905000000000001,-0.0522501993616611,-0.010486713440123));
#297=CARTESIAN_POINT('',(-0.04525,-0.0783752990424917,-0.0103509991544087));
#298=CARTESIAN_POINT('',(-1.91964118209208E-17,-0.104500398723322,-0.0102152848686945));
#299=CARTESIAN_POINT('',(0.04525,-0.0783752990424917,-0.0100795705829802));
#300=CARTESIAN_POINT('',(0.0905000000000001,-0.0522501993616612,-0.0099438562972659));
#301=CARTESIAN_POINT('',(0.0905,0.,-0.0098081420115516));
#302=CARTESIAN_POINT('',(0.0905000000000001,0.0522501993616612,-0.00967242772583733));
#303=CARTESIAN_POINT('',(0.04525,0.0783752990424917,-0.00953671344012303));
#304=CARTESIAN_POINT('',(6.39880394030694E-18,0.104500398723322,-0.00940099915440876));
#305=CARTESIAN_POINT('',(-0.04525,0.0783752990424917,-0.00926528486869447));
#306=CARTESIAN_POINT('',(-0.0905000000000001,0.0522501993616612,-0.00912957058298018));
#307=CARTESIAN_POINT('',(-0.0905,1.10830535322835E-17,-0.00899385629726589));
#308=CARTESIAN_POINT('',(-0.0905000000000001,-0.0522501993616611,-0.00885814201155161));
#309=CARTESIAN_POINT('',(-0.04525,-0.0783752990424917,-0.00872242772583732));
#310=CARTESIAN_POINT('',(-1.91964118209208E-17,-0.104500398723322,-0.00858671344012304));
#311=CARTESIAN_POINT('',(0.04525,-0.0783752990424917,-0.00845099915440875));
#312=CARTESIAN_POINT('',(0.0905000000000001,-0.0522501993616612,-0.00831528486869447));
#313=CARTESIAN_POINT('',(0.0905,0.,-0.00817957058298018));
#314=CARTESIAN_POINT('',(0.0905000000000001,0.0522501993616612,-0.0080438562972659));
#315=CARTESIAN_POINT('',(0.04525,0.0783752990424917,-0.00790814201155161));
#316=CARTESIAN_POINT('',(6.39880394030694E-18,0.104500398723322,-0.00777242772583733));
#317=CARTESIAN_POINT('',(-0.04525,0.0783752990424917,-0.00763671344012304));
#318=CARTESIAN_POINT('',(-0.0905000000000001,0.0522501993616612,-0.00750099915440876));
#319=CARTESIAN_POINT('',(-0.0905,1.10830535322835E-17,-0.00736528486869446));
#320=CARTESIAN_POINT('',(-0.0905000000000001,-0.0522501993616611,-0.00722957058298018));
#321=CARTESIAN_POINT('',(-0.04525,-0.0783752990424917,-0.00709385629726589));
#322=CARTESIAN_POINT('',(-1.91964118209208E-17,-0.104500398723322,-0.00695814201155161));
#323=CARTESIAN_POINT('',(0.04525,-0.0783752990424917,-0.00682242772583733));
#324=CARTESIAN_POINT('',(0.0905000000000001,-0.0522501993616612,-0.00668671344012303));
#325=CARTESIAN_POINT('',(0.0905,0.,-0.00655099915440875));
#326=CARTESIAN_POINT('',(0.0905000000000001,0.0522501993616612,-0.00641528486869446));
#327=CARTESIAN_POINT('',(0.04525,0.0783752990424917,-0.00627957058298018));
#328=CARTESIAN_POINT('',(6.39880394030694E-18,0.104500398723322,-0.0061438562972659));
#329=CARTESIAN_POINT('',(-0.04525,0.0783752990424917,-0.0060081420115516));
#330=CARTESIAN_POINT('',(-0.0905000000000001,0.0522501993616612,-0.00587242772583733));
#331=CARTESIAN_POINT('',(-0.0905,1.10830535322835E-17,-0.00573671344012303));
#332=CARTESIAN_POINT('',(-0.0905000000000001,-0.0522501993616611,-0.00560099915440875));
#333=CARTESIAN_POINT('',(-0.04525,-0.0783752990424917,-0.00546528486869447));
#334=CARTESIAN_POINT('',(-1.91964118209208E-17,-0.104500398723322,-0.00532957058298018));
#335=CARTESIAN_POINT('',(0.04525,-0.0783752990424917,-0.00519385629726589));
#336=CARTESIAN_POINT('',(0.0905000000000001,-0.0522501993616612,-0.00505814201155161));
#337=CARTESIAN_POINT('',(0.0905,0.,-0.00492242772583732));
#338=CARTESIAN_POINT('',(0.0905000000000001,0.0522501993616612,-0.00478671344012303));
#339=CARTESIAN_POINT('',(0.04525,0.0783752990424917,-0.00465099915440875));
#340=CARTESIAN_POINT('',(6.39880394030694E-18,0.104500398723322,-0.00451528486869447));
#341=CARTESIAN_POINT('',(-0.04525,0.0783752990424917,-0.00437957058298017));
#342=CARTESIAN_POINT('',(-0.0905000000000001,0.0522501993616612,-0.00424385629726589));
#343=CARTESIAN_POINT('',(-0.0905,1.10830535322835E-17,-0.00410814201155161));
#344=CARTESIAN_POINT('',(-0.0905000000000001,-0.0522501993616611,-0.00397242772583732));
#345=CARTESIAN_POINT('',(-0.04525,-0.0783752990424917,-0.00383671344012303));
#346=CARTESIAN_POINT('',(-1.91964118209208E-17,-0.104500398723322,-0.00370099915440875));
#347=CARTESIAN_POINT('',(0.04525,-0.0783752990424917,-0.00356528486869446));
#348=CARTESIAN_POINT('',(0.0905000000000001,-0.0522501993616612,-0.00342957058298018));
#349=CARTESIAN_POINT('',(0.0905,0.,-0.00329385629726589));
#350=CARTESIAN_POINT('',(0.0905000000000001,0.0522501993616612,-0.00315814201155161));
#351=CARTESIAN_POINT('',(0.04525,0.0783752990424917,-0.00302242772583732));
#352=CARTESIAN_POINT('',(6.39880394030694E-18,0.104500398723322,-0.00288671344012303));
#353=CARTESIAN_POINT('',(-0.04525,0.0783752990424917,-0.00275099915440874));
#354=CARTESIAN_POINT('',(-0.0905000000000001,0.0522501993616612,-0.00261528486869446));
#355=CARTESIAN_POINT('',(-0.0905,1.10830535322835E-17,-0.00247957058298018));
#356=CARTESIAN_POINT('',(-0.0905000000000001,-0.0522501993616611,-0.00234385629726589));
#357=CARTESIAN_POINT('',(-0.04525,-0.0783752990424917,-0.00220814201155161));
#358=CARTESIAN_POINT('',(-1.91964118209208E-17,-0.104500398723322,-0.00207242772583732));
#359=CARTESIAN_POINT('',(0.04525,-0.0783752990424917,-0.00193671344012303));
#360=CARTESIAN_POINT('',(0.0905000000000001,-0.0522501993616612,-0.00180099915440875));
#361=CARTESIAN_POINT('',(0.0905,0.,-0.00166528486869446));
#362=CARTESIAN_POINT('',(0.0905000000000001,0.0522501993616612,-0.00152957058298017));
#363=CARTESIAN_POINT('',(0.04525,0.0783752990424917,-0.00139385629726589));
#364=CARTESIAN_POINT('',(6.39880394030694E-18,0.104500398723322,-0.00125814201155161));
#365=CARTESIAN_POINT('',(-0.04525,0.0783752990424917,-0.00112242772583732));
#366=CARTESIAN_POINT('',(-0.0905000000000001,0.0522501993616612,-0.000986713440123035));
#367=CARTESIAN_POINT('',(-0.0905,1.10830535322835E-17,-0.000850999154408748));
#368=CARTESIAN_POINT('',(-0.0905000000000001,-0.0522501993616611,-0.000715284868694462));
#369=CARTESIAN_POINT('',(-0.04525,-0.0783752990424917,-0.000579570582980174));
#370=CARTESIAN_POINT('',(-1.91964118209208E-17,-0.104500398723322,-0.00044385629726589));
#371=CARTESIAN_POINT('',(0.04525,-0.0783752990424917,-0.000308142011551606));
#372=CARTESIAN_POINT('',(0.0905000000000001,-0.0522501993616612,-0.000172427725837319));
#373=CARTESIAN_POINT('',(0.0905,0.,-3.67134401230345E-5));
#374=CARTESIAN_POINT('',(0.0905000000000001,0.0522501993616612,9.90008455912532E-5));
#375=CARTESIAN_POINT('',(0.04525,0.0783752990424917,0.000234715131305537));
#376=CARTESIAN_POINT('',(6.39880394030694E-18,0.104500398723322,0.000370429417019825));
#377=CARTESIAN_POINT('',(-0.04525,0.0783752990424917,0.000506143702734109));
#378=CARTESIAN_POINT('',(-0.0905000000000001,0.0522501993616612,0.000641857988448397));
#379=CARTESIAN_POINT('',(-0.0905,1.10830535322835E-17,0.000777572274162681));
#380=CARTESIAN_POINT('',(-0.0905000000000001,-0.0522501993616611,0.000913286559876969));
#381=CARTESIAN_POINT('',(-0.04525,-0.0783752990424917,0.00104900084559125));
#382=CARTESIAN_POINT('',(-1.91964118209208E-17,-0.104500398723322,0.00118471513130554));
#383=CARTESIAN_POINT('',(0.04525,-0.0783752990424917,0.00132042941701982));
#384=CARTESIAN_POINT('',(0.0905000000000001,-0.0522501993616612,0.00145614370273411));
#385=CARTESIAN_POINT('',(0.0905,0.,0.0015918579884484));
#386=CARTESIAN_POINT('',(0.0905000000000001,0.0522501993616612,0.00172757227416268));
#387=CARTESIAN_POINT('',(0.04525,0.0783752990424917,0.00186328655987697));
#388=CARTESIAN_POINT('',(6.39880394030694E-18,0.104500398723322,0.00199900084559125));
#389=CARTESIAN_POINT('',(-0.04525,0.0783752990424917,0.00213471513130554));
#390=CARTESIAN_POINT('',(-0.0905000000000001,0.0522501993616612,0.00227042941701983));
#391=CARTESIAN_POINT('',(-0.0905,1.10830535322835E-17,0.00240614370273411));
#392=CARTESIAN_POINT('',(-0.0905000000000001,-0.0522501993616611,0.00254185798844839));
#393=CARTESIAN_POINT('',(-0.04525,-0.0783752990424917,0.00267757227416268));
#394=CARTESIAN_POINT('',(-1.91964118209208E-17,-0.104500398723322,0.00281328655987697));
#395=CARTESIAN_POINT('',(0.04525,-0.0783752990424917,0.00294900084559125));
#396=CARTESIAN_POINT('',(0.0905000000000001,-0.0522501993616612,0.00308471513130554));
#397=CARTESIAN_POINT('',(0.0905,0.,0.00322042941701982));
#398=CARTESIAN_POINT('',(0.0905000000000001,0.0522501993616612,0.00335614370273411));
#399=CARTESIAN_POINT('',(0.04525,0.0783752990424917,0.00349185798844839));
#400=CARTESIAN_POINT('',(6.39880394030694E-18,0.104500398723322,0.00362757227416269));
#401=CARTESIAN_POINT('',(-0.04525,0.0783752990424917,0.00376328655987697));
#402=CARTESIAN_POINT('',(-0.0905000000000001,0.0522501993616612,0.00389900084559126));
#403=CARTESIAN_POINT('',(-0.0905,1.10830535322835E-17,0.00403471513130554));
#404=CARTESIAN_POINT('',(-0.0905000000000001,-0.0522501993616611,0.00417042941701983));
#405=CARTESIAN_POINT('',(-0.04525,-0.0783752990424917,0.00430614370273411));
#406=CARTESIAN_POINT('',(-1.91964118209208E-17,-0.104500398723322,0.0044418579884484));
#407=CARTESIAN_POINT('',(0.04525,-0.0783752990424917,0.00457757227416268));
#408=CARTESIAN_POINT('',(0.0905000000000001,-0.0522501993616612,0.00471328655987697));
#409=CARTESIAN_POINT('',(0.0905,0.,0.00484900084559126));
#410=CARTESIAN_POINT('',(0.0905000000000001,0.0522501993616612,0.00498471513130554));
#411=CARTESIAN_POINT('',(0.04525,0.0783752990424917,0.00512042941701982));
#412=CARTESIAN_POINT('',(6.39880394030694E-18,0.104500398723322,0.00525614370273411));
#413=CARTESIAN_POINT('',(-0.04525,0.0783752990424917,0.0053918579884484));
#414=CARTESIAN_POINT('',(-0.0905000000000001,0.0522501993616612,0.00552757227416269));
#415=CARTESIAN_POINT('',(-0.0905,1.10830535322835E-17,0.00566328655987697));
#416=CARTESIAN_POINT('',(-0.0905000000000001,-0.0522501993616611,0.00579900084559126));
#417=CARTESIAN_POINT('',(-0.04525,-0.0783752990424917,0.00593471513130553));
#418=CARTESIAN_POINT('',(-1.91964118209208E-17,-0.104500398723322,0.00607042941701982));
#419=CARTESIAN_POINT('',(0.04525,-0.0783752990424917,0.00620614370273411));
#420=CARTESIAN_POINT('',(0.0905000000000001,-0.0522501993616612,0.0063418579884484));
#421=CARTESIAN_POINT('',(0.0905,0.,0.00647757227416268));
#422=CARTESIAN_POINT('',(0.0905000000000001,0.0522501993616612,0.00661328655987697));
#423=CARTESIAN_POINT('',(0.04525,0.0783752990424917,0.00674900084559125));
#424=CARTESIAN_POINT('',(6.39880394030694E-18,0.104500398723322,0.00688471513130554));
#425=CARTESIAN_POINT('',(-0.04525,0.0783752990424917,0.00702042941701983));
#426=CARTESIAN_POINT('',(-0.0905000000000001,0.0522501993616612,0.00715614370273412));
#427=CARTESIAN_POINT('',(-0.0905,1.10830535322835E-17,0.0072918579884484));
#428=CARTESIAN_POINT('',(-0.0905000000000001,-0.0522501993616611,0.00742757227416269));
#429=CARTESIAN_POINT('',(-0.04525,-0.0783752990424917,0.00756328655987697));
#430=CARTESIAN_POINT('',(-1.91964118209208E-17,-0.104500398723322,0.00769900084559126));
#431=CARTESIAN_POINT('',(0.04525,-0.0783752990424917,0.00783471513130554));
#432=CARTESIAN_POINT('',(0.0905000000000001,-0.0522501993616612,0.00797042941701983));
#433=CARTESIAN_POINT('',(0.0905,0.,0.00810614370273411));
#434=CARTESIAN_POINT('',(0.0905000000000001,0.0522501993616612,0.0082418579884484));
#435=CARTESIAN_POINT('',(0.04525,0.0783752990424917,0.00837757227416268));
#436=CARTESIAN_POINT('',(6.39880394030694E-18,0.104500398723322,0.00851328655987697));
#437=CARTESIAN_POINT('',(-0.04525,0.0783752990424917,0.00864900084559125));
#438=CARTESIAN_POINT('',(-0.0905000000000001,0.0522501993616612,0.00878471513130554));
#439=CARTESIAN_POINT('',(-0.0905,1.10830535322835E-17,0.00892042941701982));
#440=CARTESIAN_POINT('',(-0.0905000000000001,-0.0522501993616611,0.00905614370273412));
#441=CARTESIAN_POINT('',(-0.04525,-0.0783752990424917,0.0091918579884484));
#442=CARTESIAN_POINT('',(-1.91964118209208E-17,-0.104500398723322,0.00932757227416269));
#443=CARTESIAN_POINT('',(0.04525,-0.0783752990424917,0.00946328655987697));
#444=CARTESIAN_POINT('',(0.0905000000000001,-0.0522501993616612,0.00959900084559126));
#445=CARTESIAN_POINT('',(0.0905,0.,0.00973471513130554));
#446=CARTESIAN_POINT('',(0.0905000000000001,0.0522501993616612,0.00987042941701984));
#447=CARTESIAN_POINT('',(0.04525,0.0783752990424917,0.0100061437027341));
#448=CARTESIAN_POINT('',(6.39880394030694E-18,0.104500398723322,0.0101418579884484));
#449=CARTESIAN_POINT('',(-0.04525,0.0783752990424917,0.0102775722741627));
#450=CARTESIAN_POINT('',(-0.0905000000000001,0.0522501993616612,0.010413286559877));
#451=CARTESIAN_POINT('',(-0.0905,1.10830535322835E-17,0.0105490008455913));
#452=CARTESIAN_POINT('',(-0.0905000000000001,-0.0522501993616611,0.0106847151313055));
#453=CARTESIAN_POINT('',(-0.04525,-0.0783752990424917,0.0108204294170198));
#454=CARTESIAN_POINT('',(-1.91964118209208E-17,-0.104500398723322,0.0109561437027341));
#455=CARTESIAN_POINT('',(0.04525,-0.0783752990424917,0.0110918579884484));
#456=CARTESIAN_POINT('',(0.0905000000000001,-0.0522501993616612,0.0112275722741627));
#457=CARTESIAN_POINT('',(0.0905,0.,0.011363286559877));
#458=CARTESIAN_POINT('',(0.0905000000000001,0.0522501993616612,0.0114990008455913));
#459=CARTESIAN_POINT('',(0.04525,0.0783752990424917,0.0116347151313055));
#460=CARTESIAN_POINT('',(6.39880394030694E-18,0.104500398723322,0.0117704294170198));
#461=CARTESIAN_POINT('',(-0.04525,0.0783752990424917,0.0119061437027341));
#462=CARTESIAN_POINT('',(-0.0905000000000001,0.0522501993616612,0.0120418579884484));
#463=CARTESIAN_POINT('',(-0.0905,1.10830535322835E-17,0.0121775722741627));
#464=CARTESIAN_POINT('',(-0.0905000000000001,-0.0522501993616611,0.012313286559877));
#465=CARTESIAN_POINT('',(-0.04525,-0.0783752990424917,0.0124490008455913));
#466=CARTESIAN_POINT('',(-1.91964118209208E-17,-0.104500398723322,0.0125847151313055));
#467=CARTESIAN_POINT('',(0.04525,-0.0783752990424917,0.0127204294170198));
#468=CARTESIAN_POINT('',(0.0905000000000001,-0.0522501993616612,0.0128561437027341));
#469=CARTESIAN_POINT('',(0.0905,0.,0.0129918579884484));
#470=CARTESIAN_POINT('',(0.0905000000000001,0.0522501993616612,0.0131275722741627));
#471=CARTESIAN_POINT('',(0.04525,0.0783752990424917,0.013263286559877));
#472=CARTESIAN_POINT('',(6.39880394030694E-18,0.104500398723322,0.0133990008455913));
#473=CARTESIAN_POINT('',(-0.04525,0.0783752990424917,0.0135347151313055));
#474=CARTESIAN_POINT('',(-0.0905000000000001,0.0522501993616612,0.0136704294170198));
#475=CARTESIAN_POINT('',(-0.0905,1.10830535322835E-17,0.0138061437027341));
#476=CARTESIAN_POINT('',(-0.0905000000000001,-0.0522501993616611,0.0139418579884484));
#477=CARTESIAN_POINT('',(-0.04525,-0.0783752990424917,0.0140775722741627));
#478=CARTESIAN_POINT('',(-1.91964118209208E-17,-0.104500398723322,0.014213286559877));
#479=CARTESIAN_POINT('',(0.04525,-0.0783752990424917,0.0143490008455912));
#480=CARTESIAN_POINT('',(0.0905000000000001,-0.0522501993616612,0.0144847151313056));
#481=CARTESIAN_POINT('',(0.0905,0.,0.0146204294170198));
#482=CARTESIAN_POINT('',(0.0905000000000001,0.0522501993616612,0.0147561437027341));
#483=CARTESIAN_POINT('',(0.04525,0.0783752990424917,0.0148918579884484));
#484=CARTESIAN_POINT('',(6.39880394030694E-18,0.104500398723322,0.0150275722741627));
#485=CARTESIAN_POINT('',(-0.04525,0.0783752990424917,0.015163286559877));
#486=CARTESIAN_POINT('',(-0.0905000000000001,0.0522501993616612,0.0152990008455913));
#487=CARTESIAN_POINT('',(-0.0905,1.10830535322835E-17,0.0154347151313055));
#488=CARTESIAN_POINT('',(-0.0905000000000001,-0.0522501993616611,0.0155704294170198));
#489=CARTESIAN_POINT('',(-0.04525,-0.0783752990424917,0.0157061437027341));
#490=CARTESIAN_POINT('',(-1.91964118209208E-17,-0.104500398723322,0.0158418579884484));
#491=CARTESIAN_POINT('',(0.04525,-0.0783752990424917,0.0159775722741627));
#492=CARTESIAN_POINT('',(0.0905000000000001,-0.0522501993616612,0.016113286559877));
#493=CARTESIAN_POINT('',(0.0905,0.,0.0162490008455912));
#494=CARTESIAN_POINT('',(0.0905000000000001,0.0522501993616612,0.0163847151313055));
#495=CARTESIAN_POINT('',(0.04525,0.0783752990424917,0.0165204294170198));
#496=CARTESIAN_POINT('',(6.39880394030694E-18,0.104500398723322,0.0166561437027341));
#497=CARTESIAN_POINT('',(-0.04525,0.0783752990424917,0.0167918579884484));
#498=CARTESIAN_POINT('',(-0.0905000000000001,0.0522501993616612,0.0169275722741627));
#499=CARTESIAN_POINT('',(-0.0905,1.10830535322835E-17,0.0170632865598769));
#500=CARTESIAN_POINT('',(-0.0905000000000001,-0.0522501993616611,0.0171990008455913));
#501=CARTESIAN_POINT('',(-0.04525,-0.0783752990424917,0.0173347151313056));
#502=CARTESIAN_POINT('',(-1.91964118209208E-17,-0.104500398723322,0.0174704294170198));
#503=CARTESIAN_POINT('',(0.04525,-0.0783752990424917,0.0176061437027341));
#504=CARTESIAN_POINT('',(0.0905000000000001,-0.0522501993616612,0.0177418579884484));
#505=CARTESIAN_POINT('',(0.0905,0.,0.0178775722741627));
#506=CARTESIAN_POINT('',(0.0905000000000001,0.0522501993616612,0.018013286559877));
#507=CARTESIAN_POINT('',(0.04525,0.0783752990424917,0.0181490008455913));
#508=CARTESIAN_POINT('',(6.39880394030694E-18,0.104500398723322,0.0182847151313055));
#509=CARTESIAN_POINT('',(-0.04525,0.0783752990424917,0.0184204294170198));
#510=CARTESIAN_POINT('',(-0.0905000000000001,0.0522501993616612,0.0185561437027341));
#511=CARTESIAN_POINT('',(-0.0905,1.10830535322835E-17,0.0186918579884484));
#512=CARTESIAN_POINT('',(-0.0905000000000001,-0.0522501993616611,0.0188275722741627));
#513=CARTESIAN_POINT('',(-0.04525,-0.0783752990424917,0.018963286559877));
#514=CARTESIAN_POINT('',(-1.91964118209208E-17,-0.104500398723322,0.0190990008455913));
#515=CARTESIAN_POINT('',(0.04525,-0.0783752990424917,0.0192347151313055));
#516=CARTESIAN_POINT('',(0.0905000000000001,-0.0522501993616612,0.0193704294170199));
#517=CARTESIAN_POINT('',(0.0905,0.,0.0195061437027341));
#518=CARTESIAN_POINT('',(0.0905000000000001,0.0522501993616612,0.0196418579884484));
#519=CARTESIAN_POINT('',(0.04525,0.0783752990424917,0.0197775722741627));
#520=CARTESIAN_POINT('',(6.39880394030694E-18,0.104500398723322,0.019913286559877));
#521=CARTESIAN_POINT('',(-0.04525,0.0783752990424917,0.0200490008455912));
#522=CARTESIAN_POINT('',(-0.0905000000000001,0.0522501993616612,0.0201847151313056));
#523=CARTESIAN_POINT('',(-0.0905,1.10830535322835E-17,0.0203204294170198));
#524=CARTESIAN_POINT('',(-0.0905000000000001,-0.0522501993616611,0.0204561437027341));
#525=CARTESIAN_POINT('',(-0.04525,-0.0783752990424917,0.0205918579884484));
#526=CARTESIAN_POINT('',(-1.91964118209208E-17,-0.104500398723322,0.0207275722741627));
#527=CARTESIAN_POINT('',(0.04525,-0.0783752990424917,0.0208632865598769));
#528=CARTESIAN_POINT('',(0.0905000000000001,-0.0522501993616612,0.0209990008455913));
#529=CARTESIAN_POINT('',(0.0905,0.,0.0211347151313056));
#530=CARTESIAN_POINT('',(0.0905000000000001,0.0522501993616612,0.0212704294170198));
#531=CARTESIAN_POINT('',(0.04525,0.0783752990424917,0.0214061437027341));
#532=CARTESIAN_POINT('',(6.39880394030694E-18,0.104500398723322,0.0215418579884484));
#533=CARTESIAN_POINT('',(-0.04525,0.0783752990424917,0.0216775722741627));
#534=CARTESIAN_POINT('',(-0.0905000000000001,0.0522501993616612,0.021813286559877));
#535=CARTESIAN_POINT('',(-0.0905,1.10830535322835E-17,0.0219490008455913));
#536=CARTESIAN_POINT('',(-0.0905000000000001,-0.0522501993616611,0.0220847151313055));
#537=CARTESIAN_POINT('',(-0.04525,-0.0783752990424917,0.0222204294170198));
#538=CARTESIAN_POINT('',(-1.91964118209208E-17,-0.104500398723322,0.0223561437027341));
#539=CARTESIAN_POINT('',(0.04525,-0.0783752990424917,0.0224918579884484));
#540=CARTESIAN_POINT('',(0.0905000000000001,-0.0522501993616612,0.0226275722741627));
#541=CARTESIAN_POINT('',(0.0905,0.,0.022763286559877));
#542=CARTESIAN_POINT('',(0.0905000000000001,0.0522501993616612,0.0228990008455912));
#543=CARTESIAN_POINT('',(0.04525,0.0783752990424917,0.0230347151313055));
#544=CARTESIAN_POINT('',(6.39880394030694E-18,0.104500398723322,0.0231704294170199));
#545=CARTESIAN_POINT('',(-0.04525,0.0783752990424917,0.0233061437027341));
#546=CARTESIAN_POINT('',(-0.0905000000000001,0.0522501993616612,0.0234418579884484));
#547=CARTESIAN_POINT('',(-0.0905,1.10830535322835E-17,0.0235775722741627));
#548=CARTESIAN_POINT('',(-0.0905000000000001,-0.0522501993616611,0.0237132865598769));
#549=CARTESIAN_POINT('',(-0.04525,-0.0783752990424917,0.0238490008455912));
#550=CARTESIAN_POINT('',(-1.91964118209208E-17,-0.104500398723322,0.0239847151313056));
#551=CARTESIAN_POINT('',(0.04525,-0.0783752990424917,0.0241204294170198));
#552=CARTESIAN_POINT('',(0.0905000000000001,-0.0522501993616612,0.0242561437027341));
#553=CARTESIAN_POINT('',(0.0905,0.,0.0243918579884484));
#554=CARTESIAN_POINT('',(0.0905000000000001,0.0522501993616612,0.0245275722741627));
#555=CARTESIAN_POINT('',(0.04525,0.0783752990424917,0.0246632865598769));
#556=CARTESIAN_POINT('',(6.39880394030694E-18,0.104500398723322,0.0247990008455913));
#557=CARTESIAN_POINT('',(-0.04525,0.0783752990424917,0.0249347151313055));
#558=CARTESIAN_POINT('',(-0.0905000000000001,0.0522501993616612,0.0250704294170198));
#559=CARTESIAN_POINT('',(-0.0905,1.10830535322835E-17,0.0252061437027341));
#560=CARTESIAN_POINT('',(-0.0905000000000001,-0.0522501993616611,0.0253418579884484));
#561=CARTESIAN_POINT('',(-0.04525,-0.0783752990424917,0.0254775722741627));
#562=CARTESIAN_POINT('',(-1.91964118209208E-17,-0.104500398723322,0.025613286559877));
#563=CARTESIAN_POINT('',(0.04525,-0.0783752990424917,0.0257490008455913));
#564=CARTESIAN_POINT('',(0.0905000000000001,-0.0522501993616612,0.0258847151313056));
#565=CARTESIAN_POINT('',(0.0905,0.,0.0260204294170198));
#566=CARTESIAN_POINT('',(0.0905000000000001,0.0522501993616612,0.0261561437027341));
#567=CARTESIAN_POINT('',(0.04525,0.0783752990424917,0.0262918579884484));
#568=CARTESIAN_POINT('',(6.39880394030694E-18,0.104500398723322,0.0264275722741627));
#569=CARTESIAN_POINT('',(-0.04525,0.0783752990424917,0.026563286559877));
#570=CARTESIAN_POINT('',(-0.0905000000000001,0.0522501993616612,0.0266990008455913));
#571=CARTESIAN_POINT('',(-0.0905,1.10830535322835E-17,0.0268347151313055));
#572=CARTESIAN_POINT('',(-0.0905000000000001,-0.0522501993616611,0.0269704294170198));
#573=CARTESIAN_POINT('',(-0.04525,-0.0783752990424917,0.0271061437027341));
#574=CARTESIAN_POINT('',(-1.91964118209208E-17,-0.104500398723322,0.0272418579884484));
#575=CARTESIAN_POINT('',(0.04525,-0.0783752990424917,0.0273775722741627));
#576=CARTESIAN_POINT('',(0.0905000000000001,-0.0522501993616612,0.027513286559877));
#577=CARTESIAN_POINT('',(0.0905,0.,0.0276490008455912));
#578=CARTESIAN_POINT('',(0.0905000000000001,0.0522501993616612,0.0277847151313056));
#579=CARTESIAN_POINT('',(0.04525,0.0783752990424917,0.0279204294170198));
#580=CARTESIAN_POINT('',(6.39880394030694E-18,0.104500398723322,0.0280561437027342));
#581=CARTESIAN_POINT('',(-0.04525,0.0783752990424917,0.0281918579884484));
#582=CARTESIAN_POINT('',(-0.0905000000000001,0.0522501993616612,0.0283275722741627));
#583=CARTESIAN_POINT('',(-0.0905,1.10830535322835E-17,0.028463286559877));
#584=CARTESIAN_POINT('',(-0.0905000000000001,-0.0522501993616611,0.0285990008455913));
#585=CARTESIAN_POINT('',(-0.04525,-0.0783752990424917,0.0287347151313055));
#586=CARTESIAN_POINT('',(-1.91964118209208E-17,-0.104500398723322,0.0288704294170199));
#587=CARTESIAN_POINT('',(0.04525,-0.0783752990424917,0.0290061437027341));
#588=CARTESIAN_POINT('',(0.0905000000000001,-0.0522501993616612,0.0291418579884484));
#589=CARTESIAN_POINT('',(0.0905,0.,0.0292775722741627));
#590=CARTESIAN_POINT('',(0.0905000000000001,0.0522501993616612,0.029413286559877));
#591=CARTESIAN_POINT('',(0.04525,0.0783752990424917,0.0295490008455913));
#592=CARTESIAN_POINT('',(6.39880394030694E-18,0.104500398723322,0.0296847151313056));
#593=CARTESIAN_POINT('',(-0.04525,0.0783752990424917,0.0298204294170198));
#594=CARTESIAN_POINT('',(-0.0905000000000001,0.0522501993616612,0.0299561437027341));
#595=CARTESIAN_POINT('',(-0.0905,1.10830535322835E-17,0.0300918579884484));
#596=CARTESIAN_POINT('',(-0.0905000000000001,-0.0522501993616611,0.0302275722741627));
#597=CARTESIAN_POINT('',(-0.04525,-0.0783752990424917,0.030363286559877));
#598=CARTESIAN_POINT('',(-1.91964118209208E-17,-0.104500398723322,0.0304990008455913));
#599=CARTESIAN_POINT('',(0.04525,-0.0783752990424917,0.0306347151313055));
#600=CARTESIAN_POINT('',(0.0905000000000001,-0.0522501993616612,0.0307704294170198));
#601=CARTESIAN_POINT('',(0.0905,0.,0.0309061437027341));
#602=CARTESIAN_POINT('',(0.0905000000000001,0.0522501993616612,0.0310418579884484));
#603=CARTESIAN_POINT('',(0.04525,0.0783752990424917,0.0311775722741627));
#604=CARTESIAN_POINT('',(6.39880394030694E-18,0.104500398723322,0.031313286559877));
#605=CARTESIAN_POINT('',(-0.04525,0.0783752990424917,0.0314490008455913));
#606=CARTESIAN_POINT('',(-0.0905000000000001,0.0522501993616612,0.0315847151313055));
#607=CARTESIAN_POINT('',(-0.0905,1.10830535322835E-17,0.0317204294170198));
#608=CARTESIAN_POINT('',(-0.0905000000000001,-0.0522501993616611,0.0318561437027342));
#609=CARTESIAN_POINT('',(-0.04525,-0.0783752990424917,0.0319918579884484));
#610=CARTESIAN_POINT('',(-1.91964118209208E-17,-0.104500398723322,0.0321275722741627));
#611=CARTESIAN_POINT('',(0.04525,-0.0783752990424917,0.032263286559877));
#612=CARTESIAN_POINT('',(0.0905000000000001,-0.0522501993616612,0.0323990008455913));
#613=CARTESIAN_POINT('',(0.0905,0.,0.0325347151313055));
#614=CARTESIAN_POINT('',(0.0905000000000001,0.0522501993616612,0.0326704294170199));
#615=CARTESIAN_POINT('',(0.04525,0.0783752990424917,0.0328061437027341));
#616=CARTESIAN_POINT('',(6.39880394030694E-18,0.104500398723322,0.0329418579884484));
#617=CARTESIAN_POINT('',(-0.04525,0.0783752990424917,0.0330775722741627));
#618=CARTESIAN_POINT('',(-0.0905000000000001,0.0522501993616612,0.033213286559877));
#619=CARTESIAN_POINT('',(-0.0905,1.10830535322835E-17,0.0333490008455913));
#620=CARTESIAN_POINT('',(-0.0905000000000001,-0.0522501993616611,0.0334847151313056));
#621=CARTESIAN_POINT('',(-0.04525,-0.0783752990424917,0.0336204294170198));
#622=CARTESIAN_POINT('',(-1.91964118209208E-17,-0.104500398723322,0.0337561437027341));
#623=CARTESIAN_POINT('',(0.04525,-0.0783752990424917,0.0338918579884484));
#624=CARTESIAN_POINT('',(0.0905000000000001,-0.0522501993616612,0.0340275722741627));
#625=CARTESIAN_POINT('',(0.0905,0.,0.034163286559877));
#626=CARTESIAN_POINT('',(0.0905000000000001,0.0522501993616612,0.0342990008455913));
#627=CARTESIAN_POINT('',(0.04525,0.0783752990424917,0.0344347151313056));
#628=CARTESIAN_POINT('',(6.39880394030694E-18,0.104500398723322,0.0345704294170199));
#629=CARTESIAN_POINT('',(-0.04525,0.0783752990424917,0.0347061437027341));
#630=CARTESIAN_POINT('',(-0.0905000000000001,0.0522501993616612,0.0348418579884484));
#631=CARTESIAN_POINT('',(-0.0905,1.10830535322835E-17,0.0349775722741627));
#632=CARTESIAN_POINT('',(-0.0905000000000001,-0.0522501993616611,0.035113286559877));
#633=CARTESIAN_POINT('',(-0.04525,-0.0783752990424917,0.0352490008455913));
#634=CARTESIAN_POINT('',(-1.91964118209208E-17,-0.104500398723322,0.0353847151313056));
#635=CARTESIAN_POINT('',(0.04525,-0.0783752990424917,0.0355204294170198));
#636=CARTESIAN_POINT('',(0.0905000000000001,-0.0522501993616612,0.0356561437027341));
#637=CARTESIAN_POINT('',(0.0905,0.,0.0357918579884484));
#638=CARTESIAN_POINT('',(0.0905000000000001,0.0522501993616612,0.0359275722741627));
#639=CARTESIAN_POINT('',(0.04525,0.0783752990424917,0.036063286559877));
#640=CARTESIAN_POINT('',(6.39880394030694E-18,0.104500398723322,0.0361990008455913));
#641=CARTESIAN_POINT('',(-0.04525,0.0783752990424917,0.0363347151313055));
#642=CARTESIAN_POINT('',(-0.0905000000000001,0.0522501993616612,0.0364704294170198));
#643=CARTESIAN_POINT('',(-0.0905,1.10830535322835E-17,0.0366061437027341));
#644=CARTESIAN_POINT('',(-0.0905000000000001,-0.0522501993616611,0.0367418579884484));
#645=CARTESIAN_POINT('',(-0.04525,-0.0783752990424917,0.0368775722741627));
#646=CARTESIAN_POINT('',(-1.91964118209208E-17,-0.104500398723322,0.037013286559877));
#647=CARTESIAN_POINT('',(0.04525,-0.0783752990424917,0.0371490008455913));
#648=CARTESIAN_POINT('',(0.0905000000000001,-0.0522501993616612,0.0372847151313056));
#649=CARTESIAN_POINT('',(0.0905,0.,0.0374204294170198));
#650=CARTESIAN_POINT('',(0.0905000000000001,0.0522501993616612,0.0375561437027342));
#651=CARTESIAN_POINT('',(0.04525,0.0783752990424917,0.0376918579884484));
#652=CARTESIAN_POINT('',(6.39880394030694E-18,0.104500398723322,0.0378275722741627));
#653=CARTESIAN_POINT('',(-0.04525,0.0783752990424917,0.037963286559877));
#654=CARTESIAN_POINT('',(-0.0905000000000001,0.0522501993616612,0.0380990008455913));
#655=CARTESIAN_POINT('',(-0.0905,1.10830535322835E-17,0.0382347151313055));
#656=CARTESIAN_POINT('',(-0.0905000000000001,-0.0522501993616611,0.0383704294170199));
#657=CARTESIAN_POINT('',(-0.04525,-0.0783752990424917,0.0385061437027341));
#658=CARTESIAN_POINT('',(-1.91964118209208E-17,-0.104500398723322,0.0386418579884484));
#659=CARTESIAN_POINT('',(0.04525,-0.0783752990424917,0.0387775722741627));
#660=CARTESIAN_POINT('',(0.0905000000000001,-0.0522501993616612,0.038913286559877));
#661=CARTESIAN_POINT('',(0.0905,0.,0.0390490008455913));
#662=CARTESIAN_POINT('',(0.0905000000000001,0.0522501993616612,0.0391847151313056));
#663=CARTESIAN_POINT('',(0.04525,0.0783752990424917,0.0393204294170198));
#664=CARTESIAN_POINT('',(6.39880394030694E-18,0.104500398723322,0.0394561437027341));
#665=CARTESIAN_POINT('',(-0.04525,0.0783752990424917,0.0395918579884484));
#666=CARTESIAN_POINT('',(-0.0905000000000001,0.0522501993616612,0.0397275722741627));
#667=CARTESIAN_POINT('',(-0.0905,1.10830535322835E-17,0.039863286559877));
#668=CARTESIAN_POINT('',(-0.0905000000000001,-0.0522501993616611,0.0399990008455913));
#669=CARTESIAN_POINT('',(-0.04525,-0.0783752990424917,0.0401347151313055));
#670=CARTESIAN_POINT('',(-1.91964118209208E-17,-0.104500398723322,0.0402704294170198));
#671=CARTESIAN_POINT('',(0.04525,-0.0783752990424917,0.0404061437027341));
#672=CARTESIAN_POINT('',(0.0905000000000001,-0.0522501993616612,0.0405418579884484));
#673=CARTESIAN_POINT('',(0.0905,0.,0.0406775722741627));
#674=CARTESIAN_POINT('',(0.0282458082537207,0.0859792086268189,-0.016));
#675=CARTESIAN_POINT('',(0.,5.54152676614177E-18,-0.016));
#676=CARTESIAN_POINT('',(0.0871275768744716,0.0244751986301041,-0.016));
#677=CARTESIAN_POINT('',(0.0904999999999999,0.,-0.0176972004343241));
#678=CARTESIAN_POINT('',(0.0905,0.0522501993616611,-0.0175614861486098));
#679=CARTESIAN_POINT('',(0.04525,0.0783752990424916,-0.0174257718628955));
#680=CARTESIAN_POINT('',(6.39880394030694E-18,0.104500398723322,-0.0172900575771812));
#681=CARTESIAN_POINT('',(-0.04525,0.0783752990424916,-0.0171543432914669));
#682=CARTESIAN_POINT('',(-0.0905,0.0522501993616612,-0.0170186290057526));
#683=CARTESIAN_POINT('',(-0.0904999999999999,1.10830535322835E-17,-0.0168829147200384));
#684=CARTESIAN_POINT('',(-0.0905,-0.0522501993616611,-0.016747200434324));
#685=CARTESIAN_POINT('',(-0.04525,-0.0783752990424916,-0.0166114861486098));
#686=CARTESIAN_POINT('',(-1.91964118209208E-17,-0.104500398723322,-0.0164757718628955));
#687=CARTESIAN_POINT('',(0.0452499999999999,-0.0783752990424918,-0.0163400575771812));
#688=CARTESIAN_POINT('',(0.0905,-0.0522501993616612,-0.0162043432914669));
#689=CARTESIAN_POINT('',(0.0904999999999999,0.,-0.0160686290057526));
#690=CARTESIAN_POINT('',(0.0905,0.0522501993616611,-0.0159329147200384));
#691=CARTESIAN_POINT('',(0.04525,0.0783752990424916,-0.0157972004343241));
#692=CARTESIAN_POINT('',(6.39880394030694E-18,0.104500398723322,-0.0156614861486098));
#693=CARTESIAN_POINT('',(-0.04525,0.0783752990424916,-0.0155257718628955));
#694=CARTESIAN_POINT('',(-0.0905,0.0522501993616612,-0.0153900575771812));
#695=CARTESIAN_POINT('',(-0.0904999999999999,1.10830535322835E-17,-0.0152543432914669));
#696=CARTESIAN_POINT('',(-0.0905,-0.0522501993616611,-0.0151186290057526));
#697=CARTESIAN_POINT('',(-0.04525,-0.0783752990424916,-0.0149829147200383));
#698=CARTESIAN_POINT('',(-1.91964118209208E-17,-0.104500398723322,-0.0148472004343241));
#699=CARTESIAN_POINT('',(0.0452499999999999,-0.0783752990424918,-0.0147114861486098));
#700=CARTESIAN_POINT('',(0.0905,-0.0522501993616612,-0.0145757718628955));
#701=CARTESIAN_POINT('',(0.0904999999999999,0.,-0.0144400575771812));
#702=CARTESIAN_POINT('',(0.0905,0.0522501993616611,-0.0143043432914669));
#703=CARTESIAN_POINT('',(0.04525,0.0783752990424916,-0.0141686290057526));
#704=CARTESIAN_POINT('',(6.39880394030694E-18,0.104500398723322,-0.0140329147200383));
#705=CARTESIAN_POINT('',(-0.04525,0.0783752990424916,-0.0138972004343241));
#706=CARTESIAN_POINT('',(-0.0905,0.0522501993616612,-0.0137614861486098));
#707=CARTESIAN_POINT('',(-0.0904999999999999,1.10830535322835E-17,-0.0136257718628955));
#708=CARTESIAN_POINT('',(-0.0905,-0.0522501993616611,-0.0134900575771812));
#709=CARTESIAN_POINT('',(-0.04525,-0.0783752990424916,-0.0133543432914669));
#710=CARTESIAN_POINT('',(-1.91964118209208E-17,-0.104500398723322,-0.0132186290057526));
#711=CARTESIAN_POINT('',(0.0452499999999999,-0.0783752990424918,-0.0130829147200383));
#712=CARTESIAN_POINT('',(0.0905,-0.0522501993616612,-0.0129472004343241));
#713=CARTESIAN_POINT('',(0.0904999999999999,0.,-0.0128114861486098));
#714=CARTESIAN_POINT('',(0.0905,0.0522501993616611,-0.0126757718628955));
#715=CARTESIAN_POINT('',(0.04525,0.0783752990424916,-0.0125400575771812));
#716=CARTESIAN_POINT('',(6.39880394030694E-18,0.104500398723322,-0.0124043432914669));
#717=CARTESIAN_POINT('',(-0.04525,0.0783752990424916,-0.0122686290057526));
#718=CARTESIAN_POINT('',(-0.0905,0.0522501993616612,-0.0121329147200384));
#719=CARTESIAN_POINT('',(-0.0904999999999999,1.10830535322835E-17,-0.0119972004343241));
#720=CARTESIAN_POINT('',(-0.0905,-0.0522501993616611,-0.0118614861486098));
#721=CARTESIAN_POINT('',(-0.04525,-0.0783752990424916,-0.0117257718628955));
#722=CARTESIAN_POINT('',(-1.91964118209208E-17,-0.104500398723322,-0.0115900575771812));
#723=CARTESIAN_POINT('',(0.0452499999999999,-0.0783752990424918,-0.0114543432914669));
#724=CARTESIAN_POINT('',(0.0905,-0.0522501993616612,-0.0113186290057526));
#725=CARTESIAN_POINT('',(0.0904999999999999,0.,-0.0111829147200383));
#726=CARTESIAN_POINT('',(0.0905,0.0522501993616611,-0.0110472004343241));
#727=CARTESIAN_POINT('',(0.04525,0.0783752990424916,-0.0109114861486098));
#728=CARTESIAN_POINT('',(6.39880394030694E-18,0.104500398723322,-0.0107757718628955));
#729=CARTESIAN_POINT('',(-0.04525,0.0783752990424916,-0.0106400575771812));
#730=CARTESIAN_POINT('',(-0.0905,0.0522501993616612,-0.0105043432914669));
#731=CARTESIAN_POINT('',(-0.0904999999999999,1.10830535322835E-17,-0.0103686290057526));
#732=CARTESIAN_POINT('',(-0.0905,-0.0522501993616611,-0.0102329147200383));
#733=CARTESIAN_POINT('',(-0.04525,-0.0783752990424916,-0.0100972004343241));
#734=CARTESIAN_POINT('',(-1.91964118209208E-17,-0.104500398723322,-0.00996148614860978));
#735=CARTESIAN_POINT('',(0.0452499999999999,-0.0783752990424918,-0.00982577186289549));
#736=CARTESIAN_POINT('',(0.0905,-0.0522501993616612,-0.00969005757718121));
#737=CARTESIAN_POINT('',(0.0904999999999999,0.,-0.00955434329146692));
#738=CARTESIAN_POINT('',(0.0905,0.0522501993616611,-0.00941862900575264));
#739=CARTESIAN_POINT('',(0.04525,0.0783752990424916,-0.00928291472003835));
#740=CARTESIAN_POINT('',(6.39880394030694E-18,0.104500398723322,-0.00914720043432407));
#741=CARTESIAN_POINT('',(-0.04525,0.0783752990424916,-0.00901148614860977));
#742=CARTESIAN_POINT('',(-0.0905,0.0522501993616612,-0.00887577186289549));
#743=CARTESIAN_POINT('',(-0.0904999999999999,1.10830535322835E-17,-0.0087400575771812));
#744=CARTESIAN_POINT('',(-0.0905,-0.0522501993616611,-0.00860434329146692));
#745=CARTESIAN_POINT('',(-0.04525,-0.0783752990424916,-0.00846862900575263));
#746=CARTESIAN_POINT('',(-1.91964118209208E-17,-0.104500398723322,-0.00833291472003835));
#747=CARTESIAN_POINT('',(0.0452499999999999,-0.0783752990424918,-0.00819720043432406));
#748=CARTESIAN_POINT('',(0.0905,-0.0522501993616612,-0.00806148614860978));
#749=CARTESIAN_POINT('',(0.0904999999999999,0.,-0.00792577186289549));
#750=CARTESIAN_POINT('',(0.0905,0.0522501993616611,-0.0077900575771812));
#751=CARTESIAN_POINT('',(0.04525,0.0783752990424916,-0.00765434329146692));
#752=CARTESIAN_POINT('',(6.39880394030694E-18,0.104500398723322,-0.00751862900575263));
#753=CARTESIAN_POINT('',(-0.04525,0.0783752990424916,-0.00738291472003835));
#754=CARTESIAN_POINT('',(-0.0905,0.0522501993616612,-0.00724720043432406));
#755=CARTESIAN_POINT('',(-0.0904999999999999,1.10830535322835E-17,-0.00711148614860977));
#756=CARTESIAN_POINT('',(-0.0905,-0.0522501993616611,-0.0069757718628955));
#757=CARTESIAN_POINT('',(-0.04525,-0.0783752990424916,-0.0068400575771812));
#758=CARTESIAN_POINT('',(-1.91964118209208E-17,-0.104500398723322,-0.00670434329146692));
#759=CARTESIAN_POINT('',(0.0452499999999999,-0.0783752990424918,-0.00656862900575264));
#760=CARTESIAN_POINT('',(0.0905,-0.0522501993616612,-0.00643291472003835));
#761=CARTESIAN_POINT('',(0.0904999999999999,0.,-0.00629720043432407));
#762=CARTESIAN_POINT('',(0.0905,0.0522501993616611,-0.00616148614860978));
#763=CARTESIAN_POINT('',(0.04525,0.0783752990424916,-0.00602577186289549));
#764=CARTESIAN_POINT('',(6.39880394030694E-18,0.104500398723322,-0.00589005757718121));
#765=CARTESIAN_POINT('',(-0.04525,0.0783752990424916,-0.00575434329146692));
#766=CARTESIAN_POINT('',(-0.0905,0.0522501993616612,-0.00561862900575263));
#767=CARTESIAN_POINT('',(-0.0904999999999999,1.10830535322835E-17,-0.00548291472003835));
#768=CARTESIAN_POINT('',(-0.0905,-0.0522501993616611,-0.00534720043432406));
#769=CARTESIAN_POINT('',(-0.04525,-0.0783752990424916,-0.00521148614860977));
#770=CARTESIAN_POINT('',(-1.91964118209208E-17,-0.104500398723322,-0.0050757718628955));
#771=CARTESIAN_POINT('',(0.0452499999999999,-0.0783752990424918,-0.0049400575771812));
#772=CARTESIAN_POINT('',(0.0905,-0.0522501993616612,-0.00480434329146692));
#773=CARTESIAN_POINT('',(0.0904999999999999,0.,-0.00466862900575263));
#774=CARTESIAN_POINT('',(0.0905,0.0522501993616611,-0.00453291472003835));
#775=CARTESIAN_POINT('',(0.04525,0.0783752990424916,-0.00439720043432406));
#776=CARTESIAN_POINT('',(6.39880394030694E-18,0.104500398723322,-0.00426148614860978));
#777=CARTESIAN_POINT('',(-0.04525,0.0783752990424916,-0.00412577186289549));
#778=CARTESIAN_POINT('',(-0.0905,0.0522501993616612,-0.0039900575771812));
#779=CARTESIAN_POINT('',(-0.0904999999999999,1.10830535322835E-17,-0.00385434329146692));
#780=CARTESIAN_POINT('',(-0.0905,-0.0522501993616611,-0.00371862900575263));
#781=CARTESIAN_POINT('',(-0.04525,-0.0783752990424916,-0.00358291472003835));
#782=CARTESIAN_POINT('',(-1.91964118209208E-17,-0.104500398723322,-0.00344720043432407));
#783=CARTESIAN_POINT('',(0.0452499999999999,-0.0783752990424918,-0.00331148614860978));
#784=CARTESIAN_POINT('',(0.0905,-0.0522501993616612,-0.00317577186289549));
#785=CARTESIAN_POINT('',(0.0904999999999999,0.,-0.00304005757718121));
#786=CARTESIAN_POINT('',(0.0905,0.0522501993616611,-0.00290434329146692));
#787=CARTESIAN_POINT('',(0.04525,0.0783752990424916,-0.00276862900575263));
#788=CARTESIAN_POINT('',(6.39880394030694E-18,0.104500398723322,-0.00263291472003835));
#789=CARTESIAN_POINT('',(-0.04525,0.0783752990424916,-0.00249720043432406));
#790=CARTESIAN_POINT('',(-0.0905,0.0522501993616612,-0.00236148614860978));
#791=CARTESIAN_POINT('',(-0.0904999999999999,1.10830535322835E-17,-0.00222577186289549));
#792=CARTESIAN_POINT('',(-0.0905,-0.0522501993616611,-0.00209005757718121));
#793=CARTESIAN_POINT('',(-0.04525,-0.0783752990424916,-0.00195434329146692));
#794=CARTESIAN_POINT('',(-1.91964118209208E-17,-0.104500398723322,-0.00181862900575263));
#795=CARTESIAN_POINT('',(0.0452499999999999,-0.0783752990424918,-0.00168291472003835));
#796=CARTESIAN_POINT('',(0.0905,-0.0522501993616612,-0.00154720043432406));
#797=CARTESIAN_POINT('',(0.0904999999999999,0.,-0.00141148614860978));
#798=CARTESIAN_POINT('',(0.0905,0.0522501993616611,-0.00127577186289549));
#799=CARTESIAN_POINT('',(0.04525,0.0783752990424916,-0.00114005757718121));
#800=CARTESIAN_POINT('',(6.39880394030694E-18,0.104500398723322,-0.00100434329146692));
#801=CARTESIAN_POINT('',(-0.04525,0.0783752990424916,-0.000868629005752635));
#802=CARTESIAN_POINT('',(-0.0905,0.0522501993616612,-0.000732914720038347));
#803=CARTESIAN_POINT('',(-0.0904999999999999,1.10830535322835E-17,-0.000597200434324063));
#804=CARTESIAN_POINT('',(-0.0905,-0.0522501993616611,-0.000461486148609776));
#805=CARTESIAN_POINT('',(-0.04525,-0.0783752990424916,-0.000325771862895491));
#806=CARTESIAN_POINT('',(-1.91964118209208E-17,-0.104500398723322,-0.000190057577181208));
#807=CARTESIAN_POINT('',(0.0452499999999999,-0.0783752990424918,-5.43432914669196E-5));
#808=CARTESIAN_POINT('',(0.0905,-0.0522501993616612,8.13709942473646E-5));
#809=CARTESIAN_POINT('',(0.0904999999999999,0.,0.000217085279961652));
#810=CARTESIAN_POINT('',(0.0905,0.0522501993616611,0.000352799565675936));
#811=CARTESIAN_POINT('',(0.04525,0.0783752990424916,0.000488513851390224));
#812=CARTESIAN_POINT('',(6.39880394030694E-18,0.104500398723322,0.000624228137104508));
#813=CARTESIAN_POINT('',(-0.04525,0.0783752990424916,0.000759942422818795));
#814=CARTESIAN_POINT('',(-0.0905,0.0522501993616612,0.00089565670853308));
#815=CARTESIAN_POINT('',(-0.0904999999999999,1.10830535322835E-17,0.00103137099424737));
#816=CARTESIAN_POINT('',(-0.0905,-0.0522501993616611,0.00116708527996165));
#817=CARTESIAN_POINT('',(-0.04525,-0.0783752990424916,0.00130279956567594));
#818=CARTESIAN_POINT('',(-1.91964118209208E-17,-0.104500398723322,0.00143851385139022));
#819=CARTESIAN_POINT('',(0.0452499999999999,-0.0783752990424918,0.00157422813710451));
#820=CARTESIAN_POINT('',(0.0905,-0.0522501993616612,0.00170994242281879));
#821=CARTESIAN_POINT('',(0.0904999999999999,0.,0.00184565670853308));
#822=CARTESIAN_POINT('',(0.0905,0.0522501993616611,0.00198137099424737));
#823=CARTESIAN_POINT('',(0.04525,0.0783752990424916,0.00211708527996165));
#824=CARTESIAN_POINT('',(6.39880394030694E-18,0.104500398723322,0.00225279956567594));
#825=CARTESIAN_POINT('',(-0.04525,0.0783752990424916,0.00238851385139022));
#826=CARTESIAN_POINT('',(-0.0905,0.0522501993616612,0.00252422813710451));
#827=CARTESIAN_POINT('',(-0.0904999999999999,1.10830535322835E-17,0.00265994242281879));
#828=CARTESIAN_POINT('',(-0.0905,-0.0522501993616611,0.00279565670853308));
#829=CARTESIAN_POINT('',(-0.04525,-0.0783752990424916,0.00293137099424737));
#830=CARTESIAN_POINT('',(-1.91964118209208E-17,-0.104500398723322,0.00306708527996165));
#831=CARTESIAN_POINT('',(0.0452499999999999,-0.0783752990424918,0.00320279956567594));
#832=CARTESIAN_POINT('',(0.0905,-0.0522501993616612,0.00333851385139022));
#833=CARTESIAN_POINT('',(0.0904999999999999,0.,0.00347422813710451));
#834=CARTESIAN_POINT('',(0.0905,0.0522501993616611,0.00360994242281879));
#835=CARTESIAN_POINT('',(0.04525,0.0783752990424916,0.00374565670853308));
#836=CARTESIAN_POINT('',(6.39880394030694E-18,0.104500398723322,0.00388137099424736));
#837=CARTESIAN_POINT('',(-0.04525,0.0783752990424916,0.00401708527996165));
#838=CARTESIAN_POINT('',(-0.0905,0.0522501993616612,0.00415279956567594));
#839=CARTESIAN_POINT('',(-0.0904999999999999,1.10830535322835E-17,0.00428851385139022));
#840=CARTESIAN_POINT('',(-0.0905,-0.0522501993616611,0.00442422813710451));
#841=CARTESIAN_POINT('',(-0.04525,-0.0783752990424916,0.00455994242281879));
#842=CARTESIAN_POINT('',(-1.91964118209208E-17,-0.104500398723322,0.00469565670853308));
#843=CARTESIAN_POINT('',(0.0452499999999999,-0.0783752990424918,0.00483137099424737));
#844=CARTESIAN_POINT('',(0.0905,-0.0522501993616612,0.00496708527996165));
#845=CARTESIAN_POINT('',(0.0904999999999999,0.,0.00510279956567593));
#846=CARTESIAN_POINT('',(0.0905,0.0522501993616611,0.00523851385139023));
#847=CARTESIAN_POINT('',(0.04525,0.0783752990424916,0.00537422813710451));
#848=CARTESIAN_POINT('',(6.39880394030694E-18,0.104500398723322,0.00550994242281879));
#849=CARTESIAN_POINT('',(-0.04525,0.0783752990424916,0.00564565670853308));
#850=CARTESIAN_POINT('',(-0.0905,0.0522501993616612,0.00578137099424737));
#851=CARTESIAN_POINT('',(-0.0904999999999999,1.10830535322835E-17,0.00591708527996165));
#852=CARTESIAN_POINT('',(-0.0905,-0.0522501993616611,0.00605279956567594));
#853=CARTESIAN_POINT('',(-0.04525,-0.0783752990424916,0.00618851385139022));
#854=CARTESIAN_POINT('',(-1.91964118209208E-17,-0.104500398723322,0.00632422813710451));
#855=CARTESIAN_POINT('',(0.0452499999999999,-0.0783752990424918,0.0064599424228188));
#856=CARTESIAN_POINT('',(0.0905,-0.0522501993616612,0.00659565670853308));
#857=CARTESIAN_POINT('',(0.0904999999999999,0.,0.00673137099424736));
#858=CARTESIAN_POINT('',(0.0905,0.0522501993616611,0.00686708527996166));
#859=CARTESIAN_POINT('',(0.04525,0.0783752990424916,0.00700279956567593));
#860=CARTESIAN_POINT('',(6.39880394030694E-18,0.104500398723322,0.00713851385139023));
#861=CARTESIAN_POINT('',(-0.04525,0.0783752990424916,0.00727422813710451));
#862=CARTESIAN_POINT('',(-0.0905,0.0522501993616612,0.0074099424228188));
#863=CARTESIAN_POINT('',(-0.0904999999999999,1.10830535322835E-17,0.00754565670853308));
#864=CARTESIAN_POINT('',(-0.0905,-0.0522501993616611,0.00768137099424736));
#865=CARTESIAN_POINT('',(-0.04525,-0.0783752990424916,0.00781708527996165));
#866=CARTESIAN_POINT('',(-1.91964118209208E-17,-0.104500398723322,0.00795279956567593));
#867=CARTESIAN_POINT('',(0.0452499999999999,-0.0783752990424918,0.00808851385139022));
#868=CARTESIAN_POINT('',(0.0905,-0.0522501993616612,0.00822422813710451));
#869=CARTESIAN_POINT('',(0.0904999999999999,0.,0.0083599424228188));
#870=CARTESIAN_POINT('',(0.0905,0.0522501993616611,0.00849565670853308));
#871=CARTESIAN_POINT('',(0.04525,0.0783752990424916,0.00863137099424736));
#872=CARTESIAN_POINT('',(6.39880394030694E-18,0.104500398723322,0.00876708527996165));
#873=CARTESIAN_POINT('',(-0.04525,0.0783752990424916,0.00890279956567593));
#874=CARTESIAN_POINT('',(-0.0905,0.0522501993616612,0.00903851385139022));
#875=CARTESIAN_POINT('',(-0.0904999999999999,1.10830535322835E-17,0.00917422813710451));
#876=CARTESIAN_POINT('',(-0.0905,-0.0522501993616611,0.0093099424228188));
#877=CARTESIAN_POINT('',(-0.04525,-0.0783752990424916,0.00944565670853308));
#878=CARTESIAN_POINT('',(-1.91964118209208E-17,-0.104500398723322,0.00958137099424737));
#879=CARTESIAN_POINT('',(0.0452499999999999,-0.0783752990424918,0.00971708527996165));
#880=CARTESIAN_POINT('',(0.0905,-0.0522501993616612,0.00985279956567594));
#881=CARTESIAN_POINT('',(0.0904999999999999,0.,0.00998851385139022));
#882=CARTESIAN_POINT('',(0.0905,0.0522501993616611,0.0101242281371045));
#883=CARTESIAN_POINT('',(0.04525,0.0783752990424916,0.0102599424228188));
#884=CARTESIAN_POINT('',(6.39880394030694E-18,0.104500398723322,0.0103956567085331));
#885=CARTESIAN_POINT('',(-0.04525,0.0783752990424916,0.0105313709942474));
#886=CARTESIAN_POINT('',(-0.0905,0.0522501993616612,0.0106670852799616));
#887=CARTESIAN_POINT('',(-0.0904999999999999,1.10830535322835E-17,0.0108027995656759));
#888=CARTESIAN_POINT('',(-0.0905,-0.0522501993616611,0.0109385138513902));
#889=CARTESIAN_POINT('',(-0.04525,-0.0783752990424916,0.0110742281371045));
#890=CARTESIAN_POINT('',(-1.91964118209208E-17,-0.104500398723322,0.0112099424228188));
#891=CARTESIAN_POINT('',(0.0452499999999999,-0.0783752990424918,0.0113456567085331));
#892=CARTESIAN_POINT('',(0.0905,-0.0522501993616612,0.0114813709942474));
#893=CARTESIAN_POINT('',(0.0904999999999999,0.,0.0116170852799617));
#894=CARTESIAN_POINT('',(0.0905,0.0522501993616611,0.0117527995656759));
#895=CARTESIAN_POINT('',(0.04525,0.0783752990424916,0.0118885138513902));
#896=CARTESIAN_POINT('',(6.39880394030694E-18,0.104500398723322,0.0120242281371045));
#897=CARTESIAN_POINT('',(-0.04525,0.0783752990424916,0.0121599424228188));
#898=CARTESIAN_POINT('',(-0.0905,0.0522501993616612,0.0122956567085331));
#899=CARTESIAN_POINT('',(-0.0904999999999999,1.10830535322835E-17,0.0124313709942473));
#900=CARTESIAN_POINT('',(-0.0905,-0.0522501993616611,0.0125670852799616));
#901=CARTESIAN_POINT('',(-0.04525,-0.0783752990424916,0.0127027995656759));
#902=CARTESIAN_POINT('',(-1.91964118209208E-17,-0.104500398723322,0.0128385138513902));
#903=CARTESIAN_POINT('',(0.0452499999999999,-0.0783752990424918,0.0129742281371045));
#904=CARTESIAN_POINT('',(0.0905,-0.0522501993616612,0.0131099424228188));
#905=CARTESIAN_POINT('',(0.0904999999999999,0.,0.0132456567085331));
#906=CARTESIAN_POINT('',(0.0905,0.0522501993616611,0.0133813709942474));
#907=CARTESIAN_POINT('',(0.04525,0.0783752990424916,0.0135170852799617));
#908=CARTESIAN_POINT('',(6.39880394030694E-18,0.104500398723322,0.0136527995656759));
#909=CARTESIAN_POINT('',(-0.04525,0.0783752990424916,0.0137885138513902));
#910=CARTESIAN_POINT('',(-0.0905,0.0522501993616612,0.0139242281371045));
#911=CARTESIAN_POINT('',(-0.0904999999999999,1.10830535322835E-17,0.0140599424228188));
#912=CARTESIAN_POINT('',(-0.0905,-0.0522501993616611,0.0141956567085331));
#913=CARTESIAN_POINT('',(-0.04525,-0.0783752990424916,0.0143313709942474));
#914=CARTESIAN_POINT('',(-1.91964118209208E-17,-0.104500398723322,0.0144670852799617));
#915=CARTESIAN_POINT('',(0.0452499999999999,-0.0783752990424918,0.0146027995656759));
#916=CARTESIAN_POINT('',(0.0905,-0.0522501993616612,0.0147385138513902));
#917=CARTESIAN_POINT('',(0.0904999999999999,0.,0.0148742281371045));
#918=CARTESIAN_POINT('',(0.0905,0.0522501993616611,0.0150099424228188));
#919=CARTESIAN_POINT('',(0.04525,0.0783752990424916,0.0151456567085331));
#920=CARTESIAN_POINT('',(6.39880394030694E-18,0.104500398723322,0.0152813709942474));
#921=CARTESIAN_POINT('',(-0.04525,0.0783752990424916,0.0154170852799616));
#922=CARTESIAN_POINT('',(-0.0905,0.0522501993616612,0.0155527995656759));
#923=CARTESIAN_POINT('',(-0.0904999999999999,1.10830535322835E-17,0.0156885138513902));
#924=CARTESIAN_POINT('',(-0.0905,-0.0522501993616611,0.0158242281371045));
#925=CARTESIAN_POINT('',(-0.04525,-0.0783752990424916,0.0159599424228188));
#926=CARTESIAN_POINT('',(-1.91964118209208E-17,-0.104500398723322,0.0160956567085331));
#927=CARTESIAN_POINT('',(0.0452499999999999,-0.0783752990424918,0.0162313709942473));
#928=CARTESIAN_POINT('',(0.0905,-0.0522501993616612,0.0163670852799617));
#929=CARTESIAN_POINT('',(0.0904999999999999,0.,0.0165027995656759));
#930=CARTESIAN_POINT('',(0.0905,0.0522501993616611,0.0166385138513902));
#931=CARTESIAN_POINT('',(0.04525,0.0783752990424916,0.0167742281371045));
#932=CARTESIAN_POINT('',(6.39880394030694E-18,0.104500398723322,0.0169099424228188));
#933=CARTESIAN_POINT('',(-0.04525,0.0783752990424916,0.0170456567085331));
#934=CARTESIAN_POINT('',(-0.0905,0.0522501993616612,0.0171813709942474));
#935=CARTESIAN_POINT('',(-0.0904999999999999,1.10830535322835E-17,0.0173170852799617));
#936=CARTESIAN_POINT('',(-0.0905,-0.0522501993616611,0.0174527995656759));
#937=CARTESIAN_POINT('',(-0.04525,-0.0783752990424916,0.0175885138513902));
#938=CARTESIAN_POINT('',(-1.91964118209208E-17,-0.104500398723322,0.0177242281371045));
#939=CARTESIAN_POINT('',(0.0452499999999999,-0.0783752990424918,0.0178599424228188));
#940=CARTESIAN_POINT('',(0.0905,-0.0522501993616612,0.0179956567085331));
#941=CARTESIAN_POINT('',(0.0904999999999999,0.,0.0181313709942474));
#942=CARTESIAN_POINT('',(0.0905,0.0522501993616611,0.0182670852799616));
#943=CARTESIAN_POINT('',(0.04525,0.0783752990424916,0.0184027995656759));
#944=CARTESIAN_POINT('',(6.39880394030694E-18,0.104500398723322,0.0185385138513902));
#945=CARTESIAN_POINT('',(-0.04525,0.0783752990424916,0.0186742281371045));
#946=CARTESIAN_POINT('',(-0.0905,0.0522501993616612,0.0188099424228188));
#947=CARTESIAN_POINT('',(-0.0904999999999999,1.10830535322835E-17,0.0189456567085331));
#948=CARTESIAN_POINT('',(-0.0905,-0.0522501993616611,0.0190813709942474));
#949=CARTESIAN_POINT('',(-0.04525,-0.0783752990424916,0.0192170852799617));
#950=CARTESIAN_POINT('',(-1.91964118209208E-17,-0.104500398723322,0.0193527995656759));
#951=CARTESIAN_POINT('',(0.0452499999999999,-0.0783752990424918,0.0194885138513902));
#952=CARTESIAN_POINT('',(0.0905,-0.0522501993616612,0.0196242281371045));
#953=CARTESIAN_POINT('',(0.0904999999999999,0.,0.0197599424228188));
#954=CARTESIAN_POINT('',(0.0905,0.0522501993616611,0.0198956567085331));
#955=CARTESIAN_POINT('',(0.04525,0.0783752990424916,0.0200313709942474));
#956=CARTESIAN_POINT('',(6.39880394030694E-18,0.104500398723322,0.0201670852799616));
#957=CARTESIAN_POINT('',(-0.04525,0.0783752990424916,0.0203027995656759));
#958=CARTESIAN_POINT('',(-0.0905,0.0522501993616612,0.0204385138513902));
#959=CARTESIAN_POINT('',(-0.0904999999999999,1.10830535322835E-17,0.0205742281371045));
#960=CARTESIAN_POINT('',(-0.0905,-0.0522501993616611,0.0207099424228188));
#961=CARTESIAN_POINT('',(-0.04525,-0.0783752990424916,0.0208456567085331));
#962=CARTESIAN_POINT('',(-1.91964118209208E-17,-0.104500398723322,0.0209813709942473));
#963=CARTESIAN_POINT('',(0.0452499999999999,-0.0783752990424918,0.0211170852799616));
#964=CARTESIAN_POINT('',(0.0905,-0.0522501993616612,0.021252799565676));
#965=CARTESIAN_POINT('',(0.0904999999999999,0.,0.0213885138513902));
#966=CARTESIAN_POINT('',(0.0905,0.0522501993616611,0.0215242281371045));
#967=CARTESIAN_POINT('',(0.04525,0.0783752990424916,0.0216599424228188));
#968=CARTESIAN_POINT('',(6.39880394030694E-18,0.104500398723322,0.021795656708533));
#969=CARTESIAN_POINT('',(-0.04525,0.0783752990424916,0.0219313709942473));
#970=CARTESIAN_POINT('',(-0.0905,0.0522501993616612,0.0220670852799617));
#971=CARTESIAN_POINT('',(-0.0904999999999999,1.10830535322835E-17,0.022202799565676));
#972=CARTESIAN_POINT('',(-0.0905,-0.0522501993616611,0.0223385138513902));
#973=CARTESIAN_POINT('',(-0.04525,-0.0783752990424916,0.0224742281371045));
#974=CARTESIAN_POINT('',(-1.91964118209208E-17,-0.104500398723322,0.0226099424228188));
#975=CARTESIAN_POINT('',(0.0452499999999999,-0.0783752990424918,0.0227456567085331));
#976=CARTESIAN_POINT('',(0.0905,-0.0522501993616612,0.0228813709942474));
#977=CARTESIAN_POINT('',(0.0904999999999999,0.,0.0230170852799617));
#978=CARTESIAN_POINT('',(0.0905,0.0522501993616611,0.0231527995656759));
#979=CARTESIAN_POINT('',(0.04525,0.0783752990424916,0.0232885138513902));
#980=CARTESIAN_POINT('',(6.39880394030694E-18,0.104500398723322,0.0234242281371045));
#981=CARTESIAN_POINT('',(-0.04525,0.0783752990424916,0.0235599424228188));
#982=CARTESIAN_POINT('',(-0.0905,0.0522501993616612,0.0236956567085331));
#983=CARTESIAN_POINT('',(-0.0904999999999999,1.10830535322835E-17,0.0238313709942474));
#984=CARTESIAN_POINT('',(-0.0905,-0.0522501993616611,0.0239670852799617));
#985=CARTESIAN_POINT('',(-0.04525,-0.0783752990424916,0.0241027995656759));
#986=CARTESIAN_POINT('',(-1.91964118209208E-17,-0.104500398723322,0.0242385138513902));
#987=CARTESIAN_POINT('',(0.0452499999999999,-0.0783752990424918,0.0243742281371045));
#988=CARTESIAN_POINT('',(0.0905,-0.0522501993616612,0.0245099424228188));
#989=CARTESIAN_POINT('',(0.0904999999999999,0.,0.0246456567085331));
#990=CARTESIAN_POINT('',(0.0905,0.0522501993616611,0.0247813709942474));
#991=CARTESIAN_POINT('',(0.04525,0.0783752990424916,0.0249170852799616));
#992=CARTESIAN_POINT('',(6.39880394030694E-18,0.104500398723322,0.0250527995656759));
#993=CARTESIAN_POINT('',(-0.04525,0.0783752990424916,0.0251885138513902));
#994=CARTESIAN_POINT('',(-0.0905,0.0522501993616612,0.0253242281371045));
#995=CARTESIAN_POINT('',(-0.0904999999999999,1.10830535322835E-17,0.0254599424228188));
#996=CARTESIAN_POINT('',(-0.0905,-0.0522501993616611,0.0255956567085331));
#997=CARTESIAN_POINT('',(-0.04525,-0.0783752990424916,0.0257313709942473));
#998=CARTESIAN_POINT('',(-1.91964118209208E-17,-0.104500398723322,0.0258670852799616));
#999=CARTESIAN_POINT('',(0.0452499999999999,-0.0783752990424918,0.0260027995656759));
#1000=CARTESIAN_POINT('',(0.0905,-0.0522501993616612,0.0261385138513902));
#1001=CARTESIAN_POINT('',(0.0904999999999999,0.,0.0262742281371045));
#1002=CARTESIAN_POINT('',(0.0905,0.0522501993616611,0.0264099424228188));
#1003=CARTESIAN_POINT('',(0.04525,0.0783752990424916,0.0265456567085331));
#1004=CARTESIAN_POINT('',(6.39880394030694E-18,0.104500398723322,0.0266813709942473));
#1005=CARTESIAN_POINT('',(-0.04525,0.0783752990424916,0.0268170852799617));
#1006=CARTESIAN_POINT('',(-0.0905,0.0522501993616612,0.026952799565676));
#1007=CARTESIAN_POINT('',(-0.0904999999999999,1.10830535322835E-17,0.0270885138513902));
#1008=CARTESIAN_POINT('',(-0.0905,-0.0522501993616611,0.0272242281371045));
#1009=CARTESIAN_POINT('',(-0.04525,-0.0783752990424916,0.0273599424228188));
#1010=CARTESIAN_POINT('',(-1.91964118209208E-17,-0.104500398723322,0.027495656708533));
#1011=CARTESIAN_POINT('',(0.0452499999999999,-0.0783752990424918,0.0276313709942474));
#1012=CARTESIAN_POINT('',(0.0905,-0.0522501993616612,0.0277670852799617));
#1013=CARTESIAN_POINT('',(0.0904999999999999,0.,0.0279027995656759));
#1014=CARTESIAN_POINT('',(0.0905,0.0522501993616611,0.0280385138513902));
#1015=CARTESIAN_POINT('',(0.04525,0.0783752990424916,0.0281742281371045));
#1016=CARTESIAN_POINT('',(6.39880394030694E-18,0.104500398723322,0.0283099424228188));
#1017=CARTESIAN_POINT('',(-0.04525,0.0783752990424916,0.0284456567085331));
#1018=CARTESIAN_POINT('',(-0.0905,0.0522501993616612,0.0285813709942474));
#1019=CARTESIAN_POINT('',(-0.0904999999999999,1.10830535322835E-17,0.0287170852799616));
#1020=CARTESIAN_POINT('',(-0.0905,-0.0522501993616611,0.0288527995656759));
#1021=CARTESIAN_POINT('',(-0.04525,-0.0783752990424916,0.0289885138513902));
#1022=CARTESIAN_POINT('',(-1.91964118209208E-17,-0.104500398723322,0.0291242281371045));
#1023=CARTESIAN_POINT('',(0.0452499999999999,-0.0783752990424918,0.0292599424228188));
#1024=CARTESIAN_POINT('',(0.0905,-0.0522501993616612,0.0293956567085331));
#1025=CARTESIAN_POINT('',(0.0904999999999999,0.,0.0295313709942474));
#1026=CARTESIAN_POINT('',(0.0905,0.0522501993616611,0.0296670852799617));
#1027=CARTESIAN_POINT('',(0.04525,0.0783752990424916,0.0298027995656759));
#1028=CARTESIAN_POINT('',(6.39880394030694E-18,0.104500398723322,0.0299385138513902));
#1029=CARTESIAN_POINT('',(-0.04525,0.0783752990424916,0.0300742281371045));
#1030=CARTESIAN_POINT('',(-0.0905,0.0522501993616612,0.0302099424228188));
#1031=CARTESIAN_POINT('',(-0.0904999999999999,1.10830535322835E-17,0.0303456567085331));
#1032=CARTESIAN_POINT('',(-0.0905,-0.0522501993616611,0.0304813709942474));
#1033=CARTESIAN_POINT('',(-0.04525,-0.0783752990424916,0.0306170852799616));
#1034=CARTESIAN_POINT('',(-1.91964118209208E-17,-0.104500398723322,0.0307527995656759));
#1035=CARTESIAN_POINT('',(0.0452499999999999,-0.0783752990424918,0.0308885138513902));
#1036=CARTESIAN_POINT('',(0.0905,-0.0522501993616612,0.0310242281371045));
#1037=CARTESIAN_POINT('',(0.0904999999999999,0.,0.0311599424228188));
#1038=CARTESIAN_POINT('',(0.0905,0.0522501993616611,0.0312956567085331));
#1039=CARTESIAN_POINT('',(0.04525,0.0783752990424916,0.0314313709942473));
#1040=CARTESIAN_POINT('',(6.39880394030694E-18,0.104500398723322,0.0315670852799616));
#1041=CARTESIAN_POINT('',(-0.04525,0.0783752990424916,0.0317027995656759));
#1042=CARTESIAN_POINT('',(-0.0905,0.0522501993616612,0.0318385138513902));
#1043=CARTESIAN_POINT('',(-0.0904999999999999,1.10830535322835E-17,0.0319742281371045));
#1044=CARTESIAN_POINT('',(-0.0905,-0.0522501993616611,0.0321099424228188));
#1045=CARTESIAN_POINT('',(-0.04525,-0.0783752990424916,0.0322456567085331));
#1046=CARTESIAN_POINT('',(-1.91964118209208E-17,-0.104500398723322,0.0323813709942473));
#1047=CARTESIAN_POINT('',(0.0452499999999999,-0.0783752990424918,0.0325170852799617));
#1048=CARTESIAN_POINT('',(0.0905,-0.0522501993616612,0.032652799565676));
#1049=CARTESIAN_POINT('',(0.0904999999999999,0.,0.0327885138513902));
#1050=CARTESIAN_POINT('',(0.0905,0.0522501993616611,0.0329242281371045));
#1051=CARTESIAN_POINT('',(0.04525,0.0783752990424916,0.0330599424228188));
#1052=CARTESIAN_POINT('',(6.39880394030694E-18,0.104500398723322,0.033195656708533));
#1053=CARTESIAN_POINT('',(-0.04525,0.0783752990424916,0.0333313709942474));
#1054=CARTESIAN_POINT('',(-0.0905,0.0522501993616612,0.0334670852799617));
#1055=CARTESIAN_POINT('',(-0.0904999999999999,1.10830535322835E-17,0.0336027995656759));
#1056=CARTESIAN_POINT('',(-0.0905,-0.0522501993616611,0.0337385138513902));
#1057=CARTESIAN_POINT('',(-0.04525,-0.0783752990424916,0.0338742281371045));
#1058=CARTESIAN_POINT('',(-1.91964118209208E-17,-0.104500398723322,0.0340099424228188));
#1059=CARTESIAN_POINT('',(0.0452499999999999,-0.0783752990424918,0.0341456567085331));
#1060=CARTESIAN_POINT('',(0.0905,-0.0522501993616612,0.0342813709942474));
#1061=CARTESIAN_POINT('',(0.0904999999999999,0.,0.0344170852799616));
#1062=CARTESIAN_POINT('',(0.0905,0.0522501993616611,0.0345527995656759));
#1063=CARTESIAN_POINT('',(0.04525,0.0783752990424916,0.0346885138513902));
#1064=CARTESIAN_POINT('',(6.39880394030694E-18,0.104500398723322,0.0348242281371045));
#1065=CARTESIAN_POINT('',(-0.04525,0.0783752990424916,0.0349599424228188));
#1066=CARTESIAN_POINT('',(-0.0905,0.0522501993616612,0.0350956567085331));
#1067=CARTESIAN_POINT('',(-0.0904999999999999,1.10830535322835E-17,0.0352313709942473));
#1068=CARTESIAN_POINT('',(-0.0905,-0.0522501993616611,0.0353670852799617));
#1069=CARTESIAN_POINT('',(-0.04525,-0.0783752990424916,0.0355027995656759));
#1070=CARTESIAN_POINT('',(-1.91964118209208E-17,-0.104500398723322,0.0356385138513902));
#1071=CARTESIAN_POINT('',(0.0452499999999999,-0.0783752990424918,0.0357742281371045));
#1072=CARTESIAN_POINT('',(0.0905,-0.0522501993616612,0.0359099424228188));
#1073=CARTESIAN_POINT('',(0.0904999999999999,0.,0.0360456567085331));
#1074=CARTESIAN_POINT('',(0.0905,0.0522501993616611,0.0361813709942474));
#1075=CARTESIAN_POINT('',(0.04525,0.0783752990424916,0.0363170852799616));
#1076=CARTESIAN_POINT('',(6.39880394030694E-18,0.104500398723322,0.0364527995656759));
#1077=CARTESIAN_POINT('',(-0.04525,0.0783752990424916,0.0365885138513902));
#1078=CARTESIAN_POINT('',(-0.0905,0.0522501993616612,0.0367242281371045));
#1079=CARTESIAN_POINT('',(-0.0904999999999999,1.10830535322835E-17,0.0368599424228188));
#1080=CARTESIAN_POINT('',(-0.0905,-0.0522501993616611,0.0369956567085331));
#1081=CARTESIAN_POINT('',(-0.04525,-0.0783752990424916,0.0371313709942474));
#1082=CARTESIAN_POINT('',(-1.91964118209208E-17,-0.104500398723322,0.0372670852799616));
#1083=CARTESIAN_POINT('',(0.0452499999999999,-0.0783752990424918,0.0374027995656759));
#1084=CARTESIAN_POINT('',(0.0905,-0.0522501993616612,0.0375385138513903));
#1085=CARTESIAN_POINT('',(0.0904999999999999,0.,0.0376742281371045));
#1086=CARTESIAN_POINT('',(0.0905,0.0522501993616611,0.0378099424228188));
#1087=CARTESIAN_POINT('',(0.04525,0.0783752990424916,0.0379456567085331));
#1088=CARTESIAN_POINT('',(6.39880394030694E-18,0.104500398723322,0.0380813709942473));
#1089=CARTESIAN_POINT('',(-0.04525,0.0783752990424916,0.0382170852799616));
#1090=CARTESIAN_POINT('',(-0.0905,0.0522501993616612,0.038352799565676));
#1091=CARTESIAN_POINT('',(-0.0904999999999999,1.10830535322835E-17,0.0384885138513902));
#1092=CARTESIAN_POINT('',(-0.0905,-0.0522501993616611,0.0386242281371045));
#1093=CARTESIAN_POINT('',(-0.04525,-0.0783752990424916,0.0387599424228188));
#1094=CARTESIAN_POINT('',(-1.91964118209208E-17,-0.104500398723322,0.0388956567085331));
#1095=CARTESIAN_POINT('',(0.0452499999999999,-0.0783752990424918,0.0390313709942474));
#1096=CARTESIAN_POINT('',(0.0905,-0.0522501993616612,0.0391670852799617));
#1097=CARTESIAN_POINT('',(0.0904999999999999,0.,0.0393027995656759));
#1098=CARTESIAN_POINT('',(0.,0.,-0.016));
#1099=CARTESIAN_POINT('',(0.,2.4492935982947E-18,-0.016));
#1100=CARTESIAN_POINT('',(0.04,2.4492935982947E-18,-0.016));
#1101=CARTESIAN_POINT('',(0.,5.51091059616309E-18,-0.016));
#1102=CARTESIAN_POINT('',(0.09,5.51091059616309E-18,-0.016));
#1103=CARTESIAN_POINT('',(0.,2.4492935982947E-18,-0.016));
#1104=CARTESIAN_POINT('',(0.,2.4492935982947E-18,-0.018));
#1105=CARTESIAN_POINT('',(0.04,2.4492935982947E-18,-0.018));
#1106=CARTESIAN_POINT('',(0.,0.,-0.016));
#1107=CARTESIAN_POINT('',(0.0282458082537207,0.0859792086268189,-0.016));
#1108=CARTESIAN_POINT('',(0.0355020078732738,0.0835638760702886,-0.016));
#1109=CARTESIAN_POINT('',(0.0493982888062583,0.0768796640901794,-0.016));
#1110=CARTESIAN_POINT('',(0.0611530312242641,0.0669051901719701,-0.016));
#1111=CARTESIAN_POINT('',(0.0662887613063526,0.061235150747753,-0.016));
#1112=CARTESIAN_POINT('',(0.0662887613063521,0.0612351507477535,-0.016));
#1113=CARTESIAN_POINT('',(0.0662887613063521,0.0612351507477535,-0.016));
#1114=CARTESIAN_POINT('',(0.0760434931424865,0.0508807980270288,-0.016));
#1115=CARTESIAN_POINT('',(0.0832259022286615,0.0381543597897385,-0.016));
#1116=CARTESIAN_POINT('',(0.0871275768744715,0.024475198630104,-0.016));
#1117=CARTESIAN_POINT('',(0.,0.,-0.018));
#1118=CARTESIAN_POINT('',(0.09,0.,-0.0170098140800807));
#1119=CARTESIAN_POINT('',(0.09,0.,-0.0170098140800807));
#1120=CARTESIAN_POINT('',(0.09085,0.,-0.0170098140800807));
#1121=CARTESIAN_POINT('',(0.09,0.,-0.0170098140800807));
#1122=CARTESIAN_POINT('',(0.0899999999999968,9.86076131526265E-32,0.0392116144913479));
#1123=CARTESIAN_POINT('',(0.0899999999999968,0.0519615242270645,0.0393473287770621));
#1124=CARTESIAN_POINT('',(0.0449999999999984,0.0779422863405967,0.0394830430627764));
#1125=CARTESIAN_POINT('',(6.3634514323491E-18,0.103923048454129,0.0396187573484908));
#1126=CARTESIAN_POINT('',(-0.0449999999999984,0.0779422863405967,0.039754471634205));
#1127=CARTESIAN_POINT('',(-0.0899999999999968,0.0519615242270645,0.0398901859199193));
#1128=CARTESIAN_POINT('',(-0.0899999999999968,1.10218211923257E-17,0.0400259002056336));
#1129=CARTESIAN_POINT('',(-0.0899999999999968,-0.0519615242270644,0.0401616144913479));
#1130=CARTESIAN_POINT('',(-0.0449999999999985,-0.0779422863405967,0.0402973287770622));
#1131=CARTESIAN_POINT('',(-1.90903542970475E-17,-0.103923048454129,0.0404330430627764));
#1132=CARTESIAN_POINT('',(0.0449999999999983,-0.0779422863405967,0.0405687573484907));
#1133=CARTESIAN_POINT('',(0.0899999999999968,-0.0519615242270645,0.040704471634205));
#1134=CARTESIAN_POINT('',(0.0899999999999968,9.86076131526265E-32,0.0408401859199193));
#1135=CARTESIAN_POINT('',(0.0900830108208334,9.86076131526265E-32,0.0392116144913482));
#1136=CARTESIAN_POINT('',(0.0900830108208334,0.0520094505468201,0.0393473287770625));
#1137=CARTESIAN_POINT('',(0.0450415054104167,0.0780141758202302,0.0394830430627767));
#1138=CARTESIAN_POINT('',(6.36932071375747E-18,0.10401890109364,0.0396187573484911));
#1139=CARTESIAN_POINT('',(-0.0450415054104167,0.0780141758202302,0.0397544716342053));
#1140=CARTESIAN_POINT('',(-0.0900830108208334,0.0520094505468201,0.0398901859199196));
#1141=CARTESIAN_POINT('',(-0.0900830108208334,1.10319870859289E-17,0.0400259002056339));
#1142=CARTESIAN_POINT('',(-0.0900830108208334,-0.0520094505468201,0.0401616144913482));
#1143=CARTESIAN_POINT('',(-0.0450415054104167,-0.0780141758202302,0.0402973287770625));
#1144=CARTESIAN_POINT('',(-1.91079621412726E-17,-0.10401890109364,0.0404330430627767));
#1145=CARTESIAN_POINT('',(0.0450415054104166,-0.0780141758202302,0.0405687573484911));
#1146=CARTESIAN_POINT('',(0.0900830108208334,-0.0520094505468201,0.0407044716342053));
#1147=CARTESIAN_POINT('',(0.0900830108208334,9.86076131526265E-32,0.0408401859199196));
#1148=CARTESIAN_POINT('',(0.0901648425106921,9.86076131526265E-32,0.0391995406277118));
#1149=CARTESIAN_POINT('',(0.0901648425106921,0.0520566960949883,0.0393352549134261));
#1150=CARTESIAN_POINT('',(0.0450824212553461,0.0780850441424825,0.0394709691991404));
#1151=CARTESIAN_POINT('',(6.37510662469128E-18,0.104113392189977,0.0396066834848547));
#1152=CARTESIAN_POINT('',(-0.045082421255346,0.0780850441424825,0.039742397770569));
#1153=CARTESIAN_POINT('',(-0.0901648425106921,0.0520566960949883,0.0398781120562832));
#1154=CARTESIAN_POINT('',(-0.0901648425106921,1.10420085776343E-17,0.0400138263419975));
#1155=CARTESIAN_POINT('',(-0.0901648425106921,-0.0520566960949883,0.0401495406277118));
#1156=CARTESIAN_POINT('',(-0.0450824212553461,-0.0780850441424825,0.0402852549134261));
#1157=CARTESIAN_POINT('',(-1.91253198740741E-17,-0.104113392189977,0.0404209691991404));
#1158=CARTESIAN_POINT('',(0.045082421255346,-0.0780850441424825,0.0405566834848547));
#1159=CARTESIAN_POINT('',(0.0901648425106921,-0.0520566960949883,0.040692397770569));
#1160=CARTESIAN_POINT('',(0.0901648425106921,9.86076131526265E-32,0.0408281120562833));
#1161=CARTESIAN_POINT('',(0.0902438006880839,9.86076131526265E-32,0.0391759002056336));
#1162=CARTESIAN_POINT('',(0.0902438006880839,0.0521022826199602,0.0393116144913479));
#1163=CARTESIAN_POINT('',(0.045121900344042,0.0781534239299403,0.0394473287770621));
#1164=CARTESIAN_POINT('',(6.38068936388039E-18,0.10420456523992,0.0395830430627764));
#1165=CARTESIAN_POINT('',(-0.045121900344042,0.0781534239299403,0.0397187573484908));
#1166=CARTESIAN_POINT('',(-0.0902438006880839,0.0521022826199602,0.039854471634205));
#1167=CARTESIAN_POINT('',(-0.0902438006880839,1.10516781655553E-17,0.0399901859199193));
#1168=CARTESIAN_POINT('',(-0.0902438006880839,-0.0521022826199602,0.0401259002056336));
#1169=CARTESIAN_POINT('',(-0.045121900344042,-0.0781534239299403,0.0402616144913479));
#1170=CARTESIAN_POINT('',(-1.91420680916414E-17,-0.10420456523992,0.0403973287770622));
#1171=CARTESIAN_POINT('',(0.0451219003440419,-0.0781534239299404,0.0405330430627764));
#1172=CARTESIAN_POINT('',(0.0902438006880839,-0.0521022826199602,0.0406687573484907));
#1173=CARTESIAN_POINT('',(0.0902438006880839,9.86076131526265E-32,0.0408044716342051));
#1174=CARTESIAN_POINT('',(0.09,0.,0.0399901859199193));
#1175=CARTESIAN_POINT('',(0.0899999999999969,9.86076131526265E-32,0.0408401859199193));
#1176=CARTESIAN_POINT('',(0.0902438006880839,-1.10516781655553E-17,0.0408044716342051));
#1177=CARTESIAN_POINT('',(0.0899999999999969,9.86076131526264E-32,0.0392116144913479));
#1178=CARTESIAN_POINT('',(0.0899999999999968,0.0519615242270645,0.0393473287770622));
#1179=CARTESIAN_POINT('',(0.0449999999999984,0.0779422863405968,0.0394830430627765));
#1180=CARTESIAN_POINT('',(6.36345143234911E-18,0.103923048454129,0.0396187573484907));
#1181=CARTESIAN_POINT('',(-0.0449999999999984,0.0779422863405968,0.039754471634205));
#1182=CARTESIAN_POINT('',(-0.0899999999999968,0.0519615242270645,0.0398901859199193));
#1183=CARTESIAN_POINT('',(-0.0899999999999969,1.10218211923257E-17,0.0400259002056336));
#1184=CARTESIAN_POINT('',(-0.0899999999999968,-0.0519615242270645,0.0401616144913479));
#1185=CARTESIAN_POINT('',(-0.0449999999999985,-0.0779422863405968,0.0402973287770622));
#1186=CARTESIAN_POINT('',(-1.90903542970476E-17,-0.103923048454129,0.0404330430627765));
#1187=CARTESIAN_POINT('',(0.0449999999999984,-0.0779422863405968,0.0405687573484908));
#1188=CARTESIAN_POINT('',(0.0899999999999968,-0.0519615242270645,0.040704471634205));
#1189=CARTESIAN_POINT('',(0.0899999999999969,9.86076131526264E-32,0.0408401859199193));
#1190=CARTESIAN_POINT('',(0.0899999999999969,9.86076131526265E-32,0.0392116144913479));
#1191=CARTESIAN_POINT('',(0.09,9.86076131526265E-32,0.0383616144913479));
#1192=CARTESIAN_POINT('',(0.0902438006880839,-1.01697782789189E-15,0.0391759002056336));
#1193=CARTESIAN_POINT('',(0.0902438006880839,0.,-0.016195528365795));
#1194=CARTESIAN_POINT('',(0.0902438006880839,0.0521022826199602,-0.0160598140800807));
#1195=CARTESIAN_POINT('',(0.045121900344042,0.0781534239299403,-0.0159240997943664));
#1196=CARTESIAN_POINT('',(6.38068936388051E-18,0.10420456523992,-0.0157883855086521));
#1197=CARTESIAN_POINT('',(-0.045121900344042,0.0781534239299403,-0.0156526712229379));
#1198=CARTESIAN_POINT('',(-0.0902438006880839,0.0521022826199602,-0.0155169569372235));
#1199=CARTESIAN_POINT('',(-0.0902438006880839,1.10516781655554E-17,-0.0153812426515092));
#1200=CARTESIAN_POINT('',(-0.0902438006880839,-0.0521022826199602,-0.015245528365795));
#1201=CARTESIAN_POINT('',(-0.045121900344042,-0.0781534239299403,-0.0151098140800807));
#1202=CARTESIAN_POINT('',(-1.91420680916415E-17,-0.10420456523992,-0.0149740997943664));
#1203=CARTESIAN_POINT('',(0.0451219003440419,-0.0781534239299404,-0.0148383855086521));
#1204=CARTESIAN_POINT('',(0.0902438006880839,-0.0521022826199602,-0.0147026712229378));
#1205=CARTESIAN_POINT('',(0.0902438006880839,-2.21033563311107E-17,-0.0145669569372235));
#1206=CARTESIAN_POINT('',(0.090243800688084,0.0521022826199601,-0.0144312426515093));
#1207=CARTESIAN_POINT('',(0.045121900344042,0.0781534239299403,-0.014295528365795));
#1208=CARTESIAN_POINT('',(1.24455692899734E-16,0.10420456523992,-0.0141598140800807));
#1209=CARTESIAN_POINT('',(-0.0451219003440419,0.0781534239299404,-0.0140240997943664));
#1210=CARTESIAN_POINT('',(-0.0902438006880838,0.0521022826199603,-0.0138883855086521));
#1211=CARTESIAN_POINT('',(-0.0902438006880839,3.31550344966661E-17,-0.0137526712229378));
#1212=CARTESIAN_POINT('',(-0.090243800688084,-0.0521022826199601,-0.0136169569372235));
#1213=CARTESIAN_POINT('',(-0.0451219003440421,-0.0781534239299402,-0.0134812426515093));
#1214=CARTESIAN_POINT('',(-4.46648255471635E-17,-0.10420456523992,-0.013345528365795));
#1215=CARTESIAN_POINT('',(0.0451219003440419,-0.0781534239299404,-0.0132098140800807));
#1216=CARTESIAN_POINT('',(0.0902438006880838,-0.0521022826199603,-0.0130740997943664));
#1217=CARTESIAN_POINT('',(0.0902438006880839,-4.42067126622215E-17,-0.0129383855086521));
#1218=CARTESIAN_POINT('',(0.090243800688084,0.0521022826199601,-0.0128026712229378));
#1219=CARTESIAN_POINT('',(0.0451219003440421,0.0781534239299402,-0.0126669569372235));
#1220=CARTESIAN_POINT('',(2.42530696435587E-16,0.10420456523992,-0.0125312426515093));
#1221=CARTESIAN_POINT('',(-0.0451219003440419,0.0781534239299404,-0.012395528365795));
#1222=CARTESIAN_POINT('',(-0.0902438006880838,0.0521022826199603,-0.0122598140800807));
#1223=CARTESIAN_POINT('',(-0.0902438006880839,2.15563583393528E-16,-0.0121240997943664));
#1224=CARTESIAN_POINT('',(-0.090243800688084,-0.0521022826199601,-0.0119883855086521));
#1225=CARTESIAN_POINT('',(-0.0451219003440421,-0.0781534239299402,-0.0118526712229378));
#1226=CARTESIAN_POINT('',(-2.55292075163348E-16,-0.10420456523992,-0.0117169569372235));
#1227=CARTESIAN_POINT('',(0.0451219003440417,-0.0781534239299404,-0.0115812426515093));
#1228=CARTESIAN_POINT('',(0.0902438006880837,-0.0521022826199606,-0.011445528365795));
#1229=CARTESIAN_POINT('',(0.0902438006880839,-6.63100689933322E-17,-0.0113098140800807));
#1230=CARTESIAN_POINT('',(0.090243800688084,0.0521022826199601,-0.0111740997943664));
#1231=CARTESIAN_POINT('',(0.0451219003440421,0.0781534239299402,-0.0110383855086521));
#1232=CARTESIAN_POINT('',(2.68053453891109E-16,0.10420456523992,-0.0109026712229378));
#1233=CARTESIAN_POINT('',(-0.0451219003440417,0.0781534239299405,-0.0107669569372235));
#1234=CARTESIAN_POINT('',(-0.0902438006880837,0.0521022826199606,-0.0106312426515093));
#1235=CARTESIAN_POINT('',(-0.0902438006880839,7.73617471588876E-17,-0.010495528365795));
#1236=CARTESIAN_POINT('',(-0.090243800688084,-0.0521022826199601,-0.0103598140800807));
#1237=CARTESIAN_POINT('',(-0.0451219003440421,-0.0781534239299402,-0.0102240997943664));
#1238=CARTESIAN_POINT('',(-2.8081483261887E-16,-0.10420456523992,-0.0100883855086521));
#1239=CARTESIAN_POINT('',(0.0451219003440417,-0.0781534239299405,-0.00995267122293783));
#1240=CARTESIAN_POINT('',(0.0902438006880837,-0.0521022826199606,-0.00981695693722355));
#1241=CARTESIAN_POINT('',(0.0902438006880839,-8.8413425324443E-17,-0.00968124265150926));
#1242=CARTESIAN_POINT('',(0.090243800688084,0.0521022826199601,-0.00954552836579498));
#1243=CARTESIAN_POINT('',(0.0451219003440422,0.0781534239299402,-0.00940981408008069));
#1244=CARTESIAN_POINT('',(2.93576211346631E-16,0.10420456523992,-0.00927409979436639));
#1245=CARTESIAN_POINT('',(-0.0451219003440417,0.0781534239299405,-0.00913838550865212));
#1246=CARTESIAN_POINT('',(-0.0902438006880837,0.0521022826199606,-0.00900267122293783));
#1247=CARTESIAN_POINT('',(-0.0902438006880839,4.20075488621501E-16,-0.00886695693722355));
#1248=CARTESIAN_POINT('',(-0.090243800688084,-0.05210228261996,-0.00873124265150926));
#1249=CARTESIAN_POINT('',(-0.0451219003440422,-0.0781534239299402,-0.00859552836579497));
#1250=CARTESIAN_POINT('',(-3.06337590074392E-16,-0.10420456523992,-0.00845981408008069));
#1251=CARTESIAN_POINT('',(0.0451219003440417,-0.0781534239299405,-0.0083240997943664));
#1252=CARTESIAN_POINT('',(0.0902438006880837,-0.0521022826199606,-0.00818838550865212));
#1253=CARTESIAN_POINT('',(0.0902438006880839,-4.31127166787056E-16,-0.00805267122293783));
#1254=CARTESIAN_POINT('',(0.090243800688084,0.05210228261996,-0.00791695693722355));
#1255=CARTESIAN_POINT('',(0.0451219003440422,0.0781534239299402,-0.00778124265150926));
#1256=CARTESIAN_POINT('',(6.89307953123477E-16,0.10420456523992,-0.00764552836579497));
#1257=CARTESIAN_POINT('',(-0.0451219003440417,0.0781534239299405,-0.00750981408008069));
#1258=CARTESIAN_POINT('',(-0.0902438006880839,0.0521022826199602,-0.0073740997943664));
#1259=CARTESIAN_POINT('',(-0.0902438006880839,4.42178844952611E-16,-0.00723838550865212));
#1260=CARTESIAN_POINT('',(-0.090243800688084,-0.05210228261996,-0.00710267122293783));
#1261=CARTESIAN_POINT('',(-0.0451219003440425,-0.07815342392994,-0.00696695693722355));
#1262=CARTESIAN_POINT('',(-3.31860347529914E-16,-0.10420456523992,-0.00683124265150926));
#1263=CARTESIAN_POINT('',(0.0451219003440414,-0.0781534239299406,-0.00669552836579498));
#1264=CARTESIAN_POINT('',(0.0902438006880837,-0.0521022826199606,-0.00655981408008069));
#1265=CARTESIAN_POINT('',(0.0902438006880839,-1.32620137986664E-16,-0.0064240997943664));
#1266=CARTESIAN_POINT('',(0.0902438006880843,0.0521022826199596,-0.00628838550865211));
#1267=CARTESIAN_POINT('',(0.0451219003440422,0.0781534239299402,-0.00615267122293783));
#1268=CARTESIAN_POINT('',(7.14830710578999E-16,0.10420456523992,-0.00601695693722354));
#1269=CARTESIAN_POINT('',(-0.0451219003440417,0.0781534239299405,-0.00588124265150926));
#1270=CARTESIAN_POINT('',(-0.0902438006880839,0.0521022826199603,-0.00574552836579497));
#1271=CARTESIAN_POINT('',(-0.0902438006880839,4.64282201283722E-16,-0.00560981408008069));
#1272=CARTESIAN_POINT('',(-0.090243800688084,-0.05210228261996,-0.0054740997943664));
#1273=CARTESIAN_POINT('',(-0.0451219003440425,-0.07815342392994,-0.00533838550865212));
#1274=CARTESIAN_POINT('',(-3.57383104985436E-16,-0.10420456523992,-0.00520267122293784));
#1275=CARTESIAN_POINT('',(0.0451219003440414,-0.0781534239299407,-0.00506695693722355));
#1276=CARTESIAN_POINT('',(0.0902438006880837,-0.0521022826199606,-0.00493124265150926));
#1277=CARTESIAN_POINT('',(0.0902438006880839,-1.54723494317775E-16,-0.00479552836579497));
#1278=CARTESIAN_POINT('',(0.0902438006880843,0.0521022826199596,-0.00465981408008069));
#1279=CARTESIAN_POINT('',(0.0451219003440422,0.0781534239299402,-0.0045240997943664));
#1280=CARTESIAN_POINT('',(7.40353468034521E-16,0.10420456523992,-0.00438838550865212));
#1281=CARTESIAN_POINT('',(-0.0451219003440417,0.0781534239299405,-0.00425267122293783));
#1282=CARTESIAN_POINT('',(-0.0902438006880835,0.0521022826199609,-0.00411695693722354));
#1283=CARTESIAN_POINT('',(-0.0902438006880839,4.86385557614832E-16,-0.00398124265150926));
#1284=CARTESIAN_POINT('',(-0.090243800688084,-0.05210228261996,-0.00384552836579497));
#1285=CARTESIAN_POINT('',(-0.0451219003440425,-0.07815342392994,-0.00370981408008069));
#1286=CARTESIAN_POINT('',(-3.82905862440957E-16,-0.10420456523992,-0.0035740997943664));
#1287=CARTESIAN_POINT('',(0.0451219003440414,-0.0781534239299407,-0.00343838550865212));
#1288=CARTESIAN_POINT('',(0.0902438006880837,-0.0521022826199607,-0.00330267122293783));
#1289=CARTESIAN_POINT('',(0.0902438006880839,-1.76826850648886E-16,-0.00316695693722355));
#1290=CARTESIAN_POINT('',(0.0902438006880843,0.0521022826199596,-0.00303124265150926));
#1291=CARTESIAN_POINT('',(0.0451219003440422,0.0781534239299402,-0.00289552836579498));
#1292=CARTESIAN_POINT('',(7.65876225490044E-16,0.10420456523992,-0.00275981408008068));
#1293=CARTESIAN_POINT('',(-0.0451219003440416,0.0781534239299405,-0.0026240997943664));
#1294=CARTESIAN_POINT('',(-0.0902438006880835,0.0521022826199609,-0.00248838550865212));
#1295=CARTESIAN_POINT('',(-0.0902438006880839,5.08488913945943E-16,-0.00235267122293783));
#1296=CARTESIAN_POINT('',(-0.090243800688084,-0.05210228261996,-0.00221695693722355));
#1297=CARTESIAN_POINT('',(-0.0451219003440425,-0.07815342392994,-0.00208124265150926));
#1298=CARTESIAN_POINT('',(-4.0842861989648E-16,-0.10420456523992,-0.00194552836579497));
#1299=CARTESIAN_POINT('',(0.0451219003440413,-0.0781534239299407,-0.00180981408008069));
#1300=CARTESIAN_POINT('',(0.0902438006880837,-0.0521022826199607,-0.0016740997943664));
#1301=CARTESIAN_POINT('',(0.0902438006880839,-8.40150977243001E-16,-0.00153838550865212));
#1302=CARTESIAN_POINT('',(0.0902438006880843,0.0521022826199596,-0.00140267122293783));
#1303=CARTESIAN_POINT('',(0.0451219003440423,0.0781534239299402,-0.00126695693722354));
#1304=CARTESIAN_POINT('',(7.91398982945565E-16,0.10420456523992,-0.00113124265150926));
#1305=CARTESIAN_POINT('',(-0.0451219003440416,0.0781534239299405,-0.000995528365794973));
#1306=CARTESIAN_POINT('',(-0.0902438006880835,0.052102282619961,-0.000859814080080688));
#1307=CARTESIAN_POINT('',(-0.0902438006880839,5.30592270277054E-16,-0.000724099794366403));
#1308=CARTESIAN_POINT('',(-0.0902438006880845,-0.0521022826199593,-0.000588385508652117));
#1309=CARTESIAN_POINT('',(-0.0451219003440425,-0.07815342392994,-0.00045267122293783));
#1310=CARTESIAN_POINT('',(-4.33951377352001E-16,-0.10420456523992,-0.000316956937223545));
#1311=CARTESIAN_POINT('',(0.0451219003440413,-0.0781534239299407,-0.000181242651509261));
#1312=CARTESIAN_POINT('',(0.0902438006880837,-0.0521022826199607,-4.55283657949737E-5));
#1313=CARTESIAN_POINT('',(0.0902438006880839,-8.62254333574111E-16,9.01859199193104E-5));
#1314=CARTESIAN_POINT('',(0.0902438006880843,0.0521022826199596,0.000225900205633598));
#1315=CARTESIAN_POINT('',(0.0451219003440423,0.0781534239299401,0.000361614491347882));
#1316=CARTESIAN_POINT('',(8.16921740401087E-16,0.10420456523992,0.00049732877706217));
#1317=CARTESIAN_POINT('',(-0.0451219003440416,0.0781534239299405,0.000633043062776454));
#1318=CARTESIAN_POINT('',(-0.0902438006880838,0.0521022826199603,0.000768757348490741));
#1319=CARTESIAN_POINT('',(-0.0902438006880839,1.19391639687117E-15,0.000904471634205026));
#1320=CARTESIAN_POINT('',(-0.0902438006880845,-0.0521022826199593,0.00104018591991931));
#1321=CARTESIAN_POINT('',(-0.0451219003440425,-0.07815342392994,0.0011759002056336));
#1322=CARTESIAN_POINT('',(-4.59474134807524E-16,-0.10420456523992,0.00131161449134788));
#1323=CARTESIAN_POINT('',(0.0451219003440419,-0.0781534239299404,0.00144732877706217));
#1324=CARTESIAN_POINT('',(0.0902438006880832,-0.0521022826199614,0.00158304306277645));
#1325=CARTESIAN_POINT('',(0.0902438006880839,-8.84357689905222E-16,0.00171875734849074));
#1326=CARTESIAN_POINT('',(0.0902438006880843,0.0521022826199595,0.00185447163420502));
#1327=CARTESIAN_POINT('',(0.0451219003440423,0.0781534239299401,0.00199018591991931));
#1328=CARTESIAN_POINT('',(1.0202652921396E-16,0.10420456523992,0.00212590020563359));
#1329=CARTESIAN_POINT('',(-0.045121900344041,0.0781534239299409,0.00226161449134789));
#1330=CARTESIAN_POINT('',(-0.0902438006880835,0.052102282619961,0.00239732877706217));
#1331=CARTESIAN_POINT('',(-0.0902438006880839,5.74798982939276E-16,0.00253304306277646));
#1332=CARTESIAN_POINT('',(-0.0902438006880841,-0.0521022826199599,0.00266875734849074));
#1333=CARTESIAN_POINT('',(-0.0451219003440431,-0.0781534239299396,0.00280447163420502));
#1334=CARTESIAN_POINT('',(-1.22541486090569E-15,-0.10420456523992,0.00294018591991931));
#1335=CARTESIAN_POINT('',(0.0451219003440413,-0.0781534239299407,0.0030759002056336));
#1336=CARTESIAN_POINT('',(0.0902438006880836,-0.0521022826199607,0.00321161449134788));
#1337=CARTESIAN_POINT('',(0.0902438006880839,-2.65240275973329E-16,0.00334732877706217));
#1338=CARTESIAN_POINT('',(0.0902438006880846,0.0521022826199589,0.00348304306277646));
#1339=CARTESIAN_POINT('',(0.0451219003440429,0.0781534239299398,0.00361875734849074));
#1340=CARTESIAN_POINT('',(8.67967255312132E-16,0.10420456523992,0.00375447163420503));
#1341=CARTESIAN_POINT('',(-0.0451219003440416,0.0781534239299406,0.00389018591991931));
#1342=CARTESIAN_POINT('',(-0.0902438006880838,0.0521022826199604,0.0040259002056336));
#1343=CARTESIAN_POINT('',(-0.0902438006880839,1.23812310953339E-15,0.00416161449134789));
#1344=CARTESIAN_POINT('',(-0.0902438006880845,-0.0521022826199592,0.00429732877706216));
#1345=CARTESIAN_POINT('',(-0.0451219003440426,-0.0781534239299399,0.00443304306277646));
#1346=CARTESIAN_POINT('',(-5.10519649718568E-16,-0.10420456523992,0.00456875734849074));
#1347=CARTESIAN_POINT('',(0.0451219003440418,-0.0781534239299404,0.00470447163420503));
#1348=CARTESIAN_POINT('',(0.0902438006880832,-0.0521022826199614,0.00484018591991931));
#1349=CARTESIAN_POINT('',(0.0902438006880839,-9.28564402567443E-16,0.0049759002056336));
#1350=CARTESIAN_POINT('',(0.0902438006880843,0.0521022826199595,0.00511161449134788));
#1351=CARTESIAN_POINT('',(0.0451219003440423,0.0781534239299401,0.00524732877706217));
#1352=CARTESIAN_POINT('',(1.6339079814103E-15,0.10420456523992,0.00538304306277645));
#1353=CARTESIAN_POINT('',(-0.045121900344041,0.0781534239299409,0.00551875734849074));
#1354=CARTESIAN_POINT('',(-0.0902438006880835,0.052102282619961,0.00565447163420502));
#1355=CARTESIAN_POINT('',(-0.0902438006880839,6.19005695601497E-16,0.00579018591991931));
#1356=CARTESIAN_POINT('',(-0.0902438006880841,-0.0521022826199599,0.0059259002056336));
#1357=CARTESIAN_POINT('',(-0.0451219003440432,-0.0781534239299396,0.00606161449134788));
#1358=CARTESIAN_POINT('',(-1.27646037581674E-15,-0.10420456523992,0.00619732877706217));
#1359=CARTESIAN_POINT('',(0.0451219003440413,-0.0781534239299407,0.00633304306277645));
#1360=CARTESIAN_POINT('',(0.0902438006880836,-0.0521022826199608,0.00646875734849074));
#1361=CARTESIAN_POINT('',(0.0902438006880839,-3.09446988635551E-16,0.00660447163420503));
#1362=CARTESIAN_POINT('',(0.0902438006880847,0.0521022826199588,0.00674018591991931));
#1363=CARTESIAN_POINT('',(0.0451219003440429,0.0781534239299398,0.0068759002056336));
#1364=CARTESIAN_POINT('',(9.19012770223175E-16,0.10420456523992,0.00701161449134788));
#1365=CARTESIAN_POINT('',(-0.0451219003440415,0.0781534239299406,0.00714732877706217));
#1366=CARTESIAN_POINT('',(-0.0902438006880838,0.0521022826199604,0.00728304306277645));
#1367=CARTESIAN_POINT('',(-0.0902438006880839,1.28232982219561E-15,0.00741875734849074));
#1368=CARTESIAN_POINT('',(-0.0902438006880845,-0.0521022826199592,0.00755447163420503));
#1369=CARTESIAN_POINT('',(-0.0451219003440426,-0.0781534239299399,0.00769018591991931));
#1370=CARTESIAN_POINT('',(-5.61565164629611E-16,-0.10420456523992,0.0078259002056336));
#1371=CARTESIAN_POINT('',(0.0451219003440407,-0.0781534239299411,0.00796161449134789));
#1372=CARTESIAN_POINT('',(0.0902438006880832,-0.0521022826199614,0.00809732877706217));
#1373=CARTESIAN_POINT('',(0.0902438006880839,-9.72771115229665E-16,0.00823304306277646));
#1374=CARTESIAN_POINT('',(0.0902438006880844,0.0521022826199595,0.00836875734849074));
#1375=CARTESIAN_POINT('',(0.0451219003440424,0.0781534239299401,0.00850447163420503));
#1376=CARTESIAN_POINT('',(1.68495349632135E-15,0.10420456523992,0.00864018591991932));
#1377=CARTESIAN_POINT('',(-0.0451219003440409,0.0781534239299409,0.0087759002056336));
#1378=CARTESIAN_POINT('',(-0.0902438006880835,0.0521022826199611,0.00891161449134789));
#1379=CARTESIAN_POINT('',(-0.0902438006880839,6.63212408263718E-16,0.00904732877706217));
#1380=CARTESIAN_POINT('',(-0.0902438006880841,-0.0521022826199597,0.00918304306277645));
#1381=CARTESIAN_POINT('',(-0.0451219003440432,-0.0781534239299396,0.00931875734849074));
#1382=CARTESIAN_POINT('',(-1.32750589072778E-15,-0.10420456523992,0.00945447163420502));
#1383=CARTESIAN_POINT('',(0.0451219003440412,-0.0781534239299408,0.00959018591991931));
#1384=CARTESIAN_POINT('',(0.0902438006880836,-0.0521022826199608,0.00972590020563359));
#1385=CARTESIAN_POINT('',(0.0902438006880839,-3.53653701297772E-16,0.00986161449134788));
#1386=CARTESIAN_POINT('',(0.0902438006880847,0.0521022826199588,0.00999732877706216));
#1387=CARTESIAN_POINT('',(0.0451219003440429,0.0781534239299398,0.0101330430627765));
#1388=CARTESIAN_POINT('',(9.70058285134219E-16,0.10420456523992,0.0102687573484907));
#1389=CARTESIAN_POINT('',(-0.0451219003440415,0.0781534239299406,0.010404471634205));
#1390=CARTESIAN_POINT('',(-0.090243800688083,0.0521022826199618,0.0105401859199193));
#1391=CARTESIAN_POINT('',(-0.0902438006880839,1.32653653485783E-15,0.0106759002056336));
#1392=CARTESIAN_POINT('',(-0.0902438006880845,-0.0521022826199592,0.0108116144913479));
#1393=CARTESIAN_POINT('',(-0.0451219003440427,-0.0781534239299399,0.0109473287770622));
#1394=CARTESIAN_POINT('',(-6.12610679540656E-16,-0.10420456523992,0.0110830430627764));
#1395=CARTESIAN_POINT('',(0.0451219003440406,-0.0781534239299411,0.0112187573484907));
#1396=CARTESIAN_POINT('',(0.0902438006880832,-0.0521022826199615,0.011354471634205));
#1397=CARTESIAN_POINT('',(0.0902438006880839,-1.01697782789189E-15,0.0114901859199193));
#1398=CARTESIAN_POINT('',(0.0902438006880844,0.0521022826199594,0.0116259002056336));
#1399=CARTESIAN_POINT('',(0.0451219003440424,0.0781534239299401,0.0117616144913479));
#1400=CARTESIAN_POINT('',(1.73599901123239E-15,0.10420456523992,0.0118973287770622));
#1401=CARTESIAN_POINT('',(-0.0451219003440409,0.0781534239299409,0.0120330430627765));
#1402=CARTESIAN_POINT('',(-0.0902438006880833,0.0521022826199611,0.0121687573484907));
#1403=CARTESIAN_POINT('',(-0.0902438006880839,7.0741912092594E-16,0.012304471634205));
#1404=CARTESIAN_POINT('',(-0.090243800688085,-0.0521022826199585,0.0124401859199193));
#1405=CARTESIAN_POINT('',(-0.0451219003440432,-0.0781534239299396,0.0125759002056336));
#1406=CARTESIAN_POINT('',(-1.37855140563883E-15,-0.10420456523992,0.0127116144913479));
#1407=CARTESIAN_POINT('',(0.0451219003440412,-0.0781534239299408,0.0128473287770622));
#1408=CARTESIAN_POINT('',(0.0902438006880836,-0.0521022826199608,0.0129830430627764));
#1409=CARTESIAN_POINT('',(0.0902438006880839,-1.680301954486E-15,0.0131187573484907));
#1410=CARTESIAN_POINT('',(0.0902438006880847,0.0521022826199588,0.013254471634205));
#1411=CARTESIAN_POINT('',(0.045121900344043,0.0781534239299397,0.0133901859199193));
#1412=CARTESIAN_POINT('',(1.02110380004526E-15,0.10420456523992,0.0135259002056336));
#1413=CARTESIAN_POINT('',(-0.0451219003440414,0.0781534239299406,0.0136616144913479));
#1414=CARTESIAN_POINT('',(-0.090243800688083,0.0521022826199618,0.0137973287770622));
#1415=CARTESIAN_POINT('',(-0.0902438006880839,1.37074324752005E-15,0.0139330430627765));
#1416=CARTESIAN_POINT('',(-0.0902438006880846,-0.0521022826199591,0.0140687573484907));
#1417=CARTESIAN_POINT('',(-0.0451219003440427,-0.0781534239299399,0.014204471634205));
#1418=CARTESIAN_POINT('',(-6.63656194451699E-16,-0.10420456523992,0.0143401859199193));
#1419=CARTESIAN_POINT('',(0.0451219003440406,-0.0781534239299411,0.0144759002056336));
#1420=CARTESIAN_POINT('',(0.0902438006880831,-0.0521022826199615,0.0146116144913479));
#1421=CARTESIAN_POINT('',(0.0902438006880839,-1.06118454055411E-15,0.0147473287770622));
#1422=CARTESIAN_POINT('',(0.0902438006880844,0.0521022826199594,0.0148830430627764));
#1423=CARTESIAN_POINT('',(0.0451219003440436,0.0781534239299394,0.0150187573484907));
#1424=CARTESIAN_POINT('',(1.78704452614344E-15,0.10420456523992,0.015154471634205));
#1425=CARTESIAN_POINT('',(-0.0451219003440409,0.0781534239299409,0.0152901859199193));
#1426=CARTESIAN_POINT('',(-0.0902438006880833,0.0521022826199612,0.0154259002056336));
#1427=CARTESIAN_POINT('',(-0.0902438006880839,7.51625833588161E-16,0.0155616144913479));
#1428=CARTESIAN_POINT('',(-0.090243800688085,-0.0521022826199584,0.0156973287770622));
#1429=CARTESIAN_POINT('',(-0.0451219003440433,-0.0781534239299396,0.0158330430627764));
#1430=CARTESIAN_POINT('',(-1.42959692054987E-15,-0.10420456523992,0.0159687573484907));
#1431=CARTESIAN_POINT('',(0.0451219003440411,-0.0781534239299408,0.016104471634205));
#1432=CARTESIAN_POINT('',(0.0902438006880835,-0.0521022826199609,0.0162401859199193));
#1433=CARTESIAN_POINT('',(0.0902438006880839,-1.72450866714822E-15,0.0163759002056336));
#1434=CARTESIAN_POINT('',(0.0902438006880847,0.0521022826199587,0.0165116144913479));
#1435=CARTESIAN_POINT('',(0.045121900344043,0.0781534239299397,0.0166473287770622));
#1436=CARTESIAN_POINT('',(1.07214931495631E-15,0.10420456523992,0.0167830430627764));
#1437=CARTESIAN_POINT('',(-0.0451219003440414,0.0781534239299406,0.0169187573484907));
#1438=CARTESIAN_POINT('',(-0.0902438006880837,0.0521022826199606,0.017054471634205));
#1439=CARTESIAN_POINT('',(-0.0902438006880839,1.41494996018228E-15,0.0171901859199193));
#1440=CARTESIAN_POINT('',(-0.0902438006880853,-0.0521022826199578,0.0173259002056336));
#1441=CARTESIAN_POINT('',(-0.0451219003440427,-0.0781534239299399,0.0174616144913479));
#1442=CARTESIAN_POINT('',(-2.19553764664804E-15,-0.10420456523992,0.0175973287770622));
#1443=CARTESIAN_POINT('',(0.0451219003440417,-0.0781534239299405,0.0177330430627764));
#1444=CARTESIAN_POINT('',(0.0902438006880831,-0.0521022826199616,0.0178687573484907));
#1445=CARTESIAN_POINT('',(0.0902438006880839,-2.38783279374234E-15,0.0180044716342051));
#1446=CARTESIAN_POINT('',(0.0902438006880844,0.0521022826199594,0.0181401859199193));
#1447=CARTESIAN_POINT('',(0.0451219003440436,0.0781534239299394,0.0182759002056336));
#1448=CARTESIAN_POINT('',(3.57254103769181E-16,0.10420456523992,0.0184116144913479));
#1449=CARTESIAN_POINT('',(-0.0451219003440408,0.078153423929941,0.0185473287770621));
#1450=CARTESIAN_POINT('',(-0.0902438006880825,0.0521022826199625,0.0186830430627765));
#1451=CARTESIAN_POINT('',(-0.0902438006880839,7.95832546250383E-16,0.0188187573484907));
#1452=CARTESIAN_POINT('',(-0.090243800688085,-0.0521022826199584,0.018954471634205));
#1453=CARTESIAN_POINT('',(-0.0451219003440422,-0.0781534239299402,0.0190901859199193));
#1454=CARTESIAN_POINT('',(-1.48064243546091E-15,-0.10420456523992,0.0192259002056336));
#1455=CARTESIAN_POINT('',(0.04512190034404,-0.0781534239299415,0.0193616144913479));
#1456=CARTESIAN_POINT('',(0.0902438006880835,-0.0521022826199609,0.0194973287770621));
#1457=CARTESIAN_POINT('',(0.0902438006880839,-1.76871537981044E-15,0.0196330430627765));
#1458=CARTESIAN_POINT('',(0.090243800688084,0.05210228261996,0.0197687573484908));
#1459=CARTESIAN_POINT('',(0.045121900344043,0.0781534239299397,0.019904471634205));
#1460=CARTESIAN_POINT('',(2.60403076715265E-15,0.10420456523992,0.0200401859199193));
#1461=CARTESIAN_POINT('',(-0.0451219003440414,0.0781534239299407,0.0201759002056336));
#1462=CARTESIAN_POINT('',(-0.0902438006880829,0.0521022826199619,0.0203116144913479));
#1463=CARTESIAN_POINT('',(-0.0902438006880839,1.7671513231849E-16,0.0204473287770621));
#1464=CARTESIAN_POINT('',(-0.0902438006880846,-0.0521022826199589,0.0205830430627764));
#1465=CARTESIAN_POINT('',(-0.0451219003440439,-0.0781534239299392,0.0207187573484908));
#1466=CARTESIAN_POINT('',(-7.65747224273787E-16,-0.10420456523992,0.020854471634205));
#1467=CARTESIAN_POINT('',(0.0451219003440405,-0.0781534239299411,0.0209901859199193));
#1468=CARTESIAN_POINT('',(0.0902438006880824,-0.0521022826199629,0.0211259002056336));
#1469=CARTESIAN_POINT('',(0.0902438006880839,-1.14959796587855E-15,0.0212616144913479));
#1470=CARTESIAN_POINT('',(0.0902438006880852,0.052102282619958,0.0213973287770622));
#1471=CARTESIAN_POINT('',(0.0451219003440425,0.07815342392994,0.0215330430627765));
#1472=CARTESIAN_POINT('',(1.88913555596552E-15,0.10420456523992,0.0216687573484907));
#1473=CARTESIAN_POINT('',(-0.0451219003440397,0.0781534239299416,0.021804471634205));
#1474=CARTESIAN_POINT('',(-0.0902438006880833,0.0521022826199612,0.0219401859199193));
#1475=CARTESIAN_POINT('',(-0.0902438006880839,2.12248079943861E-15,0.0220759002056336));
#1476=CARTESIAN_POINT('',(-0.0902438006880843,-0.0521022826199596,0.0222116144913479));
#1477=CARTESIAN_POINT('',(-0.0451219003440434,-0.0781534239299395,0.0223473287770621));
#1478=CARTESIAN_POINT('',(-3.01252388765725E-15,-0.10420456523992,0.0224830430627764));
#1479=CARTESIAN_POINT('',(0.0451219003440411,-0.0781534239299408,0.0226187573484907));
#1480=CARTESIAN_POINT('',(0.0902438006880828,-0.0521022826199623,0.022754471634205));
#1481=CARTESIAN_POINT('',(0.0902438006880839,-5.30480551946658E-16,0.0228901859199193));
#1482=CARTESIAN_POINT('',(0.0902438006880849,0.0521022826199586,0.0230259002056336));
#1483=CARTESIAN_POINT('',(0.0451219003440442,0.078153423929939,0.0231616144913479));
#1484=CARTESIAN_POINT('',(1.17424034477839E-15,0.10420456523992,0.0232973287770622));
#1485=CARTESIAN_POINT('',(-0.0451219003440402,0.0781534239299413,0.0234330430627765));
#1486=CARTESIAN_POINT('',(-0.0902438006880837,0.0521022826199607,0.0235687573484907));
#1487=CARTESIAN_POINT('',(-0.0902438006880839,1.50336338550672E-15,0.023704471634205));
#1488=CARTESIAN_POINT('',(-0.0902438006880854,-0.0521022826199577,0.0238401859199193));
#1489=CARTESIAN_POINT('',(-0.0451219003440428,-0.0781534239299398,0.0239759002056336));
#1490=CARTESIAN_POINT('',(-2.29762867647013E-15,-0.10420456523992,0.0241116144913479));
#1491=CARTESIAN_POINT('',(0.0451219003440416,-0.0781534239299405,0.0242473287770622));
#1492=CARTESIAN_POINT('',(0.0902438006880831,-0.0521022826199616,0.0243830430627765));
#1493=CARTESIAN_POINT('',(0.0902438006880839,-2.47624621906678E-15,0.0245187573484907));
#1494=CARTESIAN_POINT('',(0.0902438006880845,0.0521022826199593,0.024654471634205));
#1495=CARTESIAN_POINT('',(0.0451219003440437,0.0781534239299393,0.0247901859199193));
#1496=CARTESIAN_POINT('',(4.59345133591269E-16,0.10420456523992,0.0249259002056336));
#1497=CARTESIAN_POINT('',(-0.0451219003440408,0.078153423929941,0.0250616144913479));
#1498=CARTESIAN_POINT('',(-0.0902438006880825,0.0521022826199626,0.0251973287770622));
#1499=CARTESIAN_POINT('',(-0.0902438006880839,8.84245971574826E-16,0.0253330430627765));
#1500=CARTESIAN_POINT('',(-0.0902438006880851,-0.0521022826199582,0.0254687573484908));
#1501=CARTESIAN_POINT('',(-0.0451219003440423,-0.0781534239299401,0.025604471634205));
#1502=CARTESIAN_POINT('',(-1.582733465283E-15,-0.10420456523992,0.0257401859199193));
#1503=CARTESIAN_POINT('',(0.0451219003440399,-0.0781534239299415,0.0258759002056336));
#1504=CARTESIAN_POINT('',(0.0902438006880835,-0.052102282619961,0.0260116144913479));
#1505=CARTESIAN_POINT('',(0.0902438006880839,-1.85712880513489E-15,0.0261473287770621));
#1506=CARTESIAN_POINT('',(0.0902438006880857,0.0521022826199573,0.0262830430627764));
#1507=CARTESIAN_POINT('',(0.0451219003440431,0.0781534239299396,0.0264187573484908));
#1508=CARTESIAN_POINT('',(2.70612179697474E-15,0.10420456523992,0.026554471634205));
#1509=CARTESIAN_POINT('',(-0.0451219003440413,0.0781534239299407,0.0266901859199193));
#1510=CARTESIAN_POINT('',(-0.0902438006880829,0.0521022826199619,0.0268259002056336));
#1511=CARTESIAN_POINT('',(-0.0902438006880839,2.83001163869495E-15,0.0269616144913479));
#1512=CARTESIAN_POINT('',(-0.0902438006880846,-0.0521022826199589,0.0270973287770622));
#1513=CARTESIAN_POINT('',(-0.045121900344044,-0.0781534239299392,0.0272330430627764));
#1514=CARTESIAN_POINT('',(-8.67838254095875E-16,-0.10420456523992,0.0273687573484907));
#1515=CARTESIAN_POINT('',(0.0451219003440404,-0.0781534239299412,0.027504471634205));
#1516=CARTESIAN_POINT('',(0.0902438006880823,-0.052102282619963,0.0276401859199193));
#1517=CARTESIAN_POINT('',(0.0902438006880839,-1.23801139120299E-15,0.0277759002056336));
#1518=CARTESIAN_POINT('',(0.0902438006880852,0.0521022826199579,0.0279116144913479));
#1519=CARTESIAN_POINT('',(0.0451219003440426,0.0781534239299399,0.0280473287770621));
#1520=CARTESIAN_POINT('',(1.99122658578761E-15,0.10420456523992,0.0281830430627764));
#1521=CARTESIAN_POINT('',(-0.0451219003440396,0.0781534239299417,0.0283187573484908));
#1522=CARTESIAN_POINT('',(-0.0902438006880832,0.0521022826199614,0.028454471634205));
#1523=CARTESIAN_POINT('',(-0.0902438006880839,2.21089422476306E-15,0.0285901859199193));
#1524=CARTESIAN_POINT('',(-0.0902438006880843,-0.0521022826199595,0.0287259002056336));
#1525=CARTESIAN_POINT('',(-0.0451219003440434,-0.0781534239299395,0.0288616144913479));
#1526=CARTESIAN_POINT('',(-3.11461491747934E-15,-0.10420456523992,0.0289973287770622));
#1527=CARTESIAN_POINT('',(0.045121900344041,-0.0781534239299409,0.0291330430627765));
#1528=CARTESIAN_POINT('',(0.0902438006880827,-0.0521022826199624,0.0292687573484907));
#1529=CARTESIAN_POINT('',(0.0902438006880839,-6.18893977271101E-16,0.029404471634205));
#1530=CARTESIAN_POINT('',(0.0902438006880849,0.0521022826199586,0.0295401859199193));
#1531=CARTESIAN_POINT('',(0.0451219003440443,0.078153423929939,0.0296759002056336));
#1532=CARTESIAN_POINT('',(1.27633137460048E-15,0.10420456523992,0.0298116144913479));
#1533=CARTESIAN_POINT('',(-0.0451219003440401,0.0781534239299414,0.0299473287770621));
#1534=CARTESIAN_POINT('',(-0.0902438006880836,0.0521022826199608,0.0300830430627765));
#1535=CARTESIAN_POINT('',(-0.0902438006880839,1.59177681083116E-15,0.0302187573484907));
#1536=CARTESIAN_POINT('',(-0.0902438006880854,-0.0521022826199576,0.030354471634205));
#1537=CARTESIAN_POINT('',(-0.0451219003440429,-0.0781534239299398,0.0304901859199193));
#1538=CARTESIAN_POINT('',(-2.39971970629221E-15,-0.10420456523992,0.0306259002056336));
#1539=CARTESIAN_POINT('',(0.0451219003440415,-0.0781534239299406,0.0307616144913479));
#1540=CARTESIAN_POINT('',(0.090243800688083,-0.0521022826199617,0.0308973287770622));
#1541=CARTESIAN_POINT('',(0.0902438006880839,-2.56465964439123E-15,0.0310330430627765));
#1542=CARTESIAN_POINT('',(0.0902438006880845,0.0521022826199592,0.0311687573484908));
#1543=CARTESIAN_POINT('',(0.0451219003440437,0.0781534239299393,0.031304471634205));
#1544=CARTESIAN_POINT('',(3.52310803798395E-15,0.10420456523992,0.0314401859199193));
#1545=CARTESIAN_POINT('',(-0.0451219003440407,0.0781534239299411,0.0315759002056336));
#1546=CARTESIAN_POINT('',(-0.0902438006880824,0.0521022826199627,0.0317116144913479));
#1547=CARTESIAN_POINT('',(-0.0902438006880839,9.72659396899269E-16,0.0318473287770622));
#1548=CARTESIAN_POINT('',(-0.0902438006880851,-0.0521022826199582,0.0319830430627764));
#1549=CARTESIAN_POINT('',(-0.0451219003440446,-0.0781534239299388,0.0321187573484908));
#1550=CARTESIAN_POINT('',(-1.68482449510509E-15,-0.10420456523992,0.032254471634205));
#1551=CARTESIAN_POINT('',(0.0451219003440398,-0.0781534239299415,0.0323901859199193));
#1552=CARTESIAN_POINT('',(0.0902438006880835,-0.0521022826199611,0.0325259002056336));
#1553=CARTESIAN_POINT('',(0.0902438006880839,-1.94554223045933E-15,0.0326616144913479));
#1554=CARTESIAN_POINT('',(0.0902438006880857,0.0521022826199572,0.0327973287770622));
#1555=CARTESIAN_POINT('',(0.0451219003440432,0.0781534239299396,0.0329330430627765));
#1556=CARTESIAN_POINT('',(2.80821282679682E-15,0.10420456523992,0.0330687573484907));
#1557=CARTESIAN_POINT('',(-0.0451219003440412,0.0781534239299408,0.033204471634205));
#1558=CARTESIAN_POINT('',(-0.0902438006880829,0.0521022826199621,0.0333401859199193));
#1559=CARTESIAN_POINT('',(-0.0902438006880839,2.91842506401939E-15,0.0334759002056336));
#1560=CARTESIAN_POINT('',(-0.0902438006880847,-0.0521022826199588,0.0336116144913479));
#1561=CARTESIAN_POINT('',(-0.045121900344044,-0.0781534239299391,0.0337473287770622));
#1562=CARTESIAN_POINT('',(-9.69929283917963E-16,-0.10420456523992,0.0338830430627764));
#1563=CARTESIAN_POINT('',(0.0451219003440404,-0.0781534239299412,0.0340187573484908));
#1564=CARTESIAN_POINT('',(0.0902438006880823,-0.0521022826199631,0.034154471634205));
#1565=CARTESIAN_POINT('',(0.0902438006880839,-1.32642481652744E-15,0.0342901859199193));
#1566=CARTESIAN_POINT('',(0.0902438006880853,0.0521022826199578,0.0344259002056336));
#1567=CARTESIAN_POINT('',(0.0451219003440427,0.0781534239299399,0.0345616144913479));
#1568=CARTESIAN_POINT('',(2.0933176156097E-15,0.10420456523992,0.0346973287770622));
#1569=CARTESIAN_POINT('',(-0.0451219003440395,0.0781534239299417,0.0348330430627765));
#1570=CARTESIAN_POINT('',(-0.0902438006880832,0.0521022826199615,0.0349687573484907));
#1571=CARTESIAN_POINT('',(-0.0902438006880839,2.2993076500875E-15,0.035104471634205));
#1572=CARTESIAN_POINT('',(-0.0902438006880844,-0.0521022826199594,0.0352401859199193));
#1573=CARTESIAN_POINT('',(-0.0451219003440435,-0.0781534239299394,0.0353759002056336));
#1574=CARTESIAN_POINT('',(-3.21670594730143E-15,-0.10420456523992,0.0355116144913479));
#1575=CARTESIAN_POINT('',(0.0451219003440409,-0.0781534239299409,0.0356473287770621));
#1576=CARTESIAN_POINT('',(0.0902438006880827,-0.0521022826199624,0.0357830430627765));
#1577=CARTESIAN_POINT('',(0.0902438006880839,-7.07307402595544E-16,0.0359187573484908));
#1578=CARTESIAN_POINT('',(0.090243800688085,0.0521022826199585,0.036054471634205));
#1579=CARTESIAN_POINT('',(0.0451219003440444,0.0781534239299389,0.0361901859199193));
#1580=CARTESIAN_POINT('',(1.37842240442257E-15,0.10420456523992,0.0363259002056336));
#1581=CARTESIAN_POINT('',(-0.0451219003440401,0.0781534239299414,0.0364616144913479));
#1582=CARTESIAN_POINT('',(-0.0902438006880821,0.0521022826199634,0.0365973287770622));
#1583=CARTESIAN_POINT('',(-0.0902438006880839,1.68019023615561E-15,0.0367330430627765));
#1584=CARTESIAN_POINT('',(-0.0902438006880855,-0.0521022826199574,0.0368687573484908));
#1585=CARTESIAN_POINT('',(-0.045121900344043,-0.0781534239299397,0.037004471634205));
#1586=CARTESIAN_POINT('',(-2.5018107361143E-15,-0.10420456523992,0.0371401859199193));
#1587=CARTESIAN_POINT('',(0.0451219003440392,-0.0781534239299419,0.0372759002056336));
#1588=CARTESIAN_POINT('',(0.090243800688083,-0.0521022826199618,0.0374116144913479));
#1589=CARTESIAN_POINT('',(0.0902438006880839,-2.65307306971567E-15,0.0375473287770621));
#1590=CARTESIAN_POINT('',(0.0902438006880846,0.0521022826199591,0.0376830430627764));
#1591=CARTESIAN_POINT('',(0.0451219003440438,0.0781534239299393,0.0378187573484908));
#1592=CARTESIAN_POINT('',(3.62519906780604E-15,0.10420456523992,0.037954471634205));
#1593=CARTESIAN_POINT('',(-0.0451219003440406,0.0781534239299411,0.0380901859199193));
#1594=CARTESIAN_POINT('',(-0.0902438006880824,0.0521022826199627,0.0382259002056336));
#1595=CARTESIAN_POINT('',(-0.0902438006880839,1.06107282222371E-15,0.0383616144913479));
#1596=CARTESIAN_POINT('',(-0.0902438006880851,-0.0521022826199581,0.0384973287770621));
#1597=CARTESIAN_POINT('',(-0.0451219003440447,-0.0781534239299388,0.0386330430627764));
#1598=CARTESIAN_POINT('',(-1.78691552492718E-15,-0.10420456523992,0.0387687573484907));
#1599=CARTESIAN_POINT('',(0.0451219003440398,-0.0781534239299416,0.038904471634205));
#1600=CARTESIAN_POINT('',(0.0902438006880833,-0.0521022826199612,0.0390401859199193));
#1601=CARTESIAN_POINT('',(0.0902438006880839,-2.03395565578378E-15,0.0391759002056336));
#1602=CARTESIAN_POINT('',(0.0902438006880857,0.0521022826199571,0.0393116144913479));
#1603=CARTESIAN_POINT('',(0.0451219003440433,0.0781534239299396,0.0394473287770621));
#1604=CARTESIAN_POINT('',(2.91030385661891E-15,0.10420456523992,0.0395830430627764));
#1605=CARTESIAN_POINT('',(-0.0451219003440411,0.0781534239299408,0.0397187573484908));
#1606=CARTESIAN_POINT('',(-0.0902438006880828,0.0521022826199622,0.039854471634205));
#1607=CARTESIAN_POINT('',(-0.0902438006880839,3.00683848934384E-15,0.0399901859199193));
#1608=CARTESIAN_POINT('',(-0.0902438006880847,-0.0521022826199587,0.0401259002056336));
#1609=CARTESIAN_POINT('',(-0.0451219003440441,-0.0781534239299391,0.0402616144913479));
#1610=CARTESIAN_POINT('',(-1.07202031374005E-15,-0.10420456523992,0.0403973287770622));
#1611=CARTESIAN_POINT('',(0.0451219003440403,-0.0781534239299413,0.0405330430627764));
#1612=CARTESIAN_POINT('',(0.0902438006880822,-0.0521022826199631,0.0406687573484907));
#1613=CARTESIAN_POINT('',(0.0902438006880839,-1.41483824185188E-15,0.0408044716342051));
#1614=CARTESIAN_POINT('',(0.09085,0.,-0.0170098140800807));
#1615=CARTESIAN_POINT('',(0.09085,0.0524522719558775,-0.0168740997943664));
#1616=CARTESIAN_POINT('',(0.045425,0.0786784079338163,-0.0167383855086521));
#1617=CARTESIAN_POINT('',(6.42355069587718E-18,0.104904543911755,-0.0166026712229378));
#1618=CARTESIAN_POINT('',(-0.045425,0.0786784079338163,-0.0164669569372236));
#1619=CARTESIAN_POINT('',(-0.0908499999999999,0.0524522719558775,-0.0163312426515093));
#1620=CARTESIAN_POINT('',(-0.09085,1.11259161702537E-17,-0.016195528365795));
#1621=CARTESIAN_POINT('',(-0.09085,-0.0524522719558775,-0.0160598140800807));
#1622=CARTESIAN_POINT('',(-0.045425,-0.0786784079338162,-0.0159240997943664));
#1623=CARTESIAN_POINT('',(-1.92706520876315E-17,-0.104904543911755,-0.0157883855086521));
#1624=CARTESIAN_POINT('',(0.045425,-0.0786784079338163,-0.0156526712229379));
#1625=CARTESIAN_POINT('',(0.0908499999999999,-0.0524522719558775,-0.0155169569372235));
#1626=CARTESIAN_POINT('',(0.09085,0.,-0.0153812426515092));
#1627=CARTESIAN_POINT('',(0.09085,0.0524522719558775,-0.015245528365795));
#1628=CARTESIAN_POINT('',(0.045425,0.0786784079338163,-0.0151098140800807));
#1629=CARTESIAN_POINT('',(6.42355069587718E-18,0.104904543911755,-0.0149740997943664));
#1630=CARTESIAN_POINT('',(-0.045425,0.0786784079338163,-0.0148383855086521));
#1631=CARTESIAN_POINT('',(-0.0908499999999999,0.0524522719558775,-0.0147026712229378));
#1632=CARTESIAN_POINT('',(-0.09085,1.11259161702537E-17,-0.0145669569372235));
#1633=CARTESIAN_POINT('',(-0.09085,-0.0524522719558775,-0.0144312426515093));
#1634=CARTESIAN_POINT('',(-0.045425,-0.0786784079338162,-0.014295528365795));
#1635=CARTESIAN_POINT('',(-1.92706520876315E-17,-0.104904543911755,-0.0141598140800807));
#1636=CARTESIAN_POINT('',(0.045425,-0.0786784079338163,-0.0140240997943664));
#1637=CARTESIAN_POINT('',(0.0908499999999999,-0.0524522719558775,-0.0138883855086521));
#1638=CARTESIAN_POINT('',(0.09085,0.,-0.0137526712229378));
#1639=CARTESIAN_POINT('',(0.09085,0.0524522719558775,-0.0136169569372235));
#1640=CARTESIAN_POINT('',(0.045425,0.0786784079338163,-0.0134812426515093));
#1641=CARTESIAN_POINT('',(6.42355069587718E-18,0.104904543911755,-0.013345528365795));
#1642=CARTESIAN_POINT('',(-0.045425,0.0786784079338163,-0.0132098140800807));
#1643=CARTESIAN_POINT('',(-0.0908499999999999,0.0524522719558775,-0.0130740997943664));
#1644=CARTESIAN_POINT('',(-0.09085,1.11259161702537E-17,-0.0129383855086521));
#1645=CARTESIAN_POINT('',(-0.09085,-0.0524522719558775,-0.0128026712229378));
#1646=CARTESIAN_POINT('',(-0.045425,-0.0786784079338162,-0.0126669569372235));
#1647=CARTESIAN_POINT('',(-1.92706520876315E-17,-0.104904543911755,-0.0125312426515093));
#1648=CARTESIAN_POINT('',(0.045425,-0.0786784079338163,-0.012395528365795));
#1649=CARTESIAN_POINT('',(0.0908499999999999,-0.0524522719558775,-0.0122598140800807));
#1650=CARTESIAN_POINT('',(0.09085,0.,-0.0121240997943664));
#1651=CARTESIAN_POINT('',(0.09085,0.0524522719558775,-0.0119883855086521));
#1652=CARTESIAN_POINT('',(0.045425,0.0786784079338163,-0.0118526712229378));
#1653=CARTESIAN_POINT('',(6.42355069587718E-18,0.104904543911755,-0.0117169569372235));
#1654=CARTESIAN_POINT('',(-0.045425,0.0786784079338163,-0.0115812426515093));
#1655=CARTESIAN_POINT('',(-0.0908499999999999,0.0524522719558775,-0.011445528365795));
#1656=CARTESIAN_POINT('',(-0.09085,1.11259161702537E-17,-0.0113098140800807));
#1657=CARTESIAN_POINT('',(-0.09085,-0.0524522719558775,-0.0111740997943664));
#1658=CARTESIAN_POINT('',(-0.045425,-0.0786784079338162,-0.0110383855086521));
#1659=CARTESIAN_POINT('',(-1.92706520876315E-17,-0.104904543911755,-0.0109026712229378));
#1660=CARTESIAN_POINT('',(0.045425,-0.0786784079338163,-0.0107669569372235));
#1661=CARTESIAN_POINT('',(0.0908499999999999,-0.0524522719558775,-0.0106312426515093));
#1662=CARTESIAN_POINT('',(0.09085,0.,-0.010495528365795));
#1663=CARTESIAN_POINT('',(0.09085,0.0524522719558775,-0.0103598140800807));
#1664=CARTESIAN_POINT('',(0.045425,0.0786784079338163,-0.0102240997943664));
#1665=CARTESIAN_POINT('',(6.42355069587718E-18,0.104904543911755,-0.0100883855086521));
#1666=CARTESIAN_POINT('',(-0.045425,0.0786784079338163,-0.00995267122293783));
#1667=CARTESIAN_POINT('',(-0.0908499999999999,0.0524522719558775,-0.00981695693722355));
#1668=CARTESIAN_POINT('',(-0.09085,1.11259161702537E-17,-0.00968124265150926));
#1669=CARTESIAN_POINT('',(-0.09085,-0.0524522719558775,-0.00954552836579498));
#1670=CARTESIAN_POINT('',(-0.045425,-0.0786784079338162,-0.00940981408008069));
#1671=CARTESIAN_POINT('',(-1.92706520876315E-17,-0.104904543911755,-0.00927409979436639));
#1672=CARTESIAN_POINT('',(0.045425,-0.0786784079338163,-0.00913838550865212));
#1673=CARTESIAN_POINT('',(0.0908499999999999,-0.0524522719558775,-0.00900267122293783));
#1674=CARTESIAN_POINT('',(0.09085,0.,-0.00886695693722355));
#1675=CARTESIAN_POINT('',(0.09085,0.0524522719558775,-0.00873124265150926));
#1676=CARTESIAN_POINT('',(0.045425,0.0786784079338163,-0.00859552836579498));
#1677=CARTESIAN_POINT('',(6.42355069587718E-18,0.104904543911755,-0.00845981408008069));
#1678=CARTESIAN_POINT('',(-0.045425,0.0786784079338163,-0.0083240997943664));
#1679=CARTESIAN_POINT('',(-0.0908499999999999,0.0524522719558775,-0.00818838550865212));
#1680=CARTESIAN_POINT('',(-0.09085,1.11259161702537E-17,-0.00805267122293783));
#1681=CARTESIAN_POINT('',(-0.09085,-0.0524522719558775,-0.00791695693722355));
#1682=CARTESIAN_POINT('',(-0.045425,-0.0786784079338162,-0.00778124265150926));
#1683=CARTESIAN_POINT('',(-1.92706520876315E-17,-0.104904543911755,-0.00764552836579497));
#1684=CARTESIAN_POINT('',(0.045425,-0.0786784079338163,-0.00750981408008069));
#1685=CARTESIAN_POINT('',(0.0908499999999999,-0.0524522719558775,-0.0073740997943664));
#1686=CARTESIAN_POINT('',(0.09085,0.,-0.00723838550865212));
#1687=CARTESIAN_POINT('',(0.09085,0.0524522719558775,-0.00710267122293783));
#1688=CARTESIAN_POINT('',(0.045425,0.0786784079338163,-0.00696695693722355));
#1689=CARTESIAN_POINT('',(6.42355069587718E-18,0.104904543911755,-0.00683124265150926));
#1690=CARTESIAN_POINT('',(-0.045425,0.0786784079338163,-0.00669552836579498));
#1691=CARTESIAN_POINT('',(-0.0908499999999999,0.0524522719558775,-0.00655981408008069));
#1692=CARTESIAN_POINT('',(-0.09085,1.11259161702537E-17,-0.0064240997943664));
#1693=CARTESIAN_POINT('',(-0.09085,-0.0524522719558775,-0.00628838550865211));
#1694=CARTESIAN_POINT('',(-0.045425,-0.0786784079338162,-0.00615267122293783));
#1695=CARTESIAN_POINT('',(-1.92706520876315E-17,-0.104904543911755,-0.00601695693722354));
#1696=CARTESIAN_POINT('',(0.045425,-0.0786784079338163,-0.00588124265150926));
#1697=CARTESIAN_POINT('',(0.0908499999999999,-0.0524522719558775,-0.00574552836579497));
#1698=CARTESIAN_POINT('',(0.09085,0.,-0.00560981408008069));
#1699=CARTESIAN_POINT('',(0.09085,0.0524522719558775,-0.0054740997943664));
#1700=CARTESIAN_POINT('',(0.045425,0.0786784079338163,-0.00533838550865212));
#1701=CARTESIAN_POINT('',(6.42355069587718E-18,0.104904543911755,-0.00520267122293784));
#1702=CARTESIAN_POINT('',(-0.045425,0.0786784079338163,-0.00506695693722355));
#1703=CARTESIAN_POINT('',(-0.0908499999999999,0.0524522719558775,-0.00493124265150926));
#1704=CARTESIAN_POINT('',(-0.09085,1.11259161702537E-17,-0.00479552836579497));
#1705=CARTESIAN_POINT('',(-0.09085,-0.0524522719558775,-0.00465981408008069));
#1706=CARTESIAN_POINT('',(-0.045425,-0.0786784079338162,-0.0045240997943664));
#1707=CARTESIAN_POINT('',(-1.92706520876315E-17,-0.104904543911755,-0.00438838550865212));
#1708=CARTESIAN_POINT('',(0.045425,-0.0786784079338163,-0.00425267122293784));
#1709=CARTESIAN_POINT('',(0.0908499999999999,-0.0524522719558775,-0.00411695693722355));
#1710=CARTESIAN_POINT('',(0.09085,0.,-0.00398124265150926));
#1711=CARTESIAN_POINT('',(0.09085,0.0524522719558775,-0.00384552836579497));
#1712=CARTESIAN_POINT('',(0.045425,0.0786784079338163,-0.00370981408008069));
#1713=CARTESIAN_POINT('',(6.42355069587718E-18,0.104904543911755,-0.0035740997943664));
#1714=CARTESIAN_POINT('',(-0.045425,0.0786784079338163,-0.00343838550865212));
#1715=CARTESIAN_POINT('',(-0.0908499999999999,0.0524522719558775,-0.00330267122293783));
#1716=CARTESIAN_POINT('',(-0.09085,1.11259161702537E-17,-0.00316695693722355));
#1717=CARTESIAN_POINT('',(-0.09085,-0.0524522719558775,-0.00303124265150926));
#1718=CARTESIAN_POINT('',(-0.045425,-0.0786784079338162,-0.00289552836579498));
#1719=CARTESIAN_POINT('',(-1.92706520876315E-17,-0.104904543911755,-0.00275981408008069));
#1720=CARTESIAN_POINT('',(0.045425,-0.0786784079338163,-0.0026240997943664));
#1721=CARTESIAN_POINT('',(0.0908499999999999,-0.0524522719558775,-0.00248838550865212));
#1722=CARTESIAN_POINT('',(0.09085,0.,-0.00235267122293783));
#1723=CARTESIAN_POINT('',(0.09085,0.0524522719558775,-0.00221695693722355));
#1724=CARTESIAN_POINT('',(0.045425,0.0786784079338163,-0.00208124265150926));
#1725=CARTESIAN_POINT('',(6.42355069587718E-18,0.104904543911755,-0.00194552836579497));
#1726=CARTESIAN_POINT('',(-0.045425,0.0786784079338163,-0.00180981408008069));
#1727=CARTESIAN_POINT('',(-0.0908499999999999,0.0524522719558775,-0.0016740997943664));
#1728=CARTESIAN_POINT('',(-0.09085,1.11259161702537E-17,-0.00153838550865212));
#1729=CARTESIAN_POINT('',(-0.09085,-0.0524522719558775,-0.00140267122293783));
#1730=CARTESIAN_POINT('',(-0.045425,-0.0786784079338162,-0.00126695693722354));
#1731=CARTESIAN_POINT('',(-1.92706520876315E-17,-0.104904543911755,-0.00113124265150926));
#1732=CARTESIAN_POINT('',(0.045425,-0.0786784079338163,-0.000995528365794977));
#1733=CARTESIAN_POINT('',(0.0908499999999999,-0.0524522719558775,-0.000859814080080688));
#1734=CARTESIAN_POINT('',(0.09085,0.,-0.000724099794366405));
#1735=CARTESIAN_POINT('',(0.09085,0.0524522719558775,-0.000588385508652117));
#1736=CARTESIAN_POINT('',(0.045425,0.0786784079338163,-0.000452671222937833));
#1737=CARTESIAN_POINT('',(6.42355069587718E-18,0.104904543911755,-0.000316956937223545));
#1738=CARTESIAN_POINT('',(-0.045425,0.0786784079338163,-0.000181242651509261));
#1739=CARTESIAN_POINT('',(-0.0908499999999999,0.0524522719558775,-4.55283657949737E-5));
#1740=CARTESIAN_POINT('',(-0.09085,1.11259161702537E-17,9.01859199193104E-5));
#1741=CARTESIAN_POINT('',(-0.09085,-0.0524522719558775,0.000225900205633598));
#1742=CARTESIAN_POINT('',(-0.045425,-0.0786784079338162,0.000361614491347882));
#1743=CARTESIAN_POINT('',(-1.92706520876315E-17,-0.104904543911755,0.000497328777062166));
#1744=CARTESIAN_POINT('',(0.045425,-0.0786784079338163,0.000633043062776454));
#1745=CARTESIAN_POINT('',(0.0908499999999999,-0.0524522719558775,0.000768757348490738));
#1746=CARTESIAN_POINT('',(0.09085,0.,0.000904471634205026));
#1747=CARTESIAN_POINT('',(0.09085,0.0524522719558775,0.00104018591991931));
#1748=CARTESIAN_POINT('',(0.045425,0.0786784079338163,0.0011759002056336));
#1749=CARTESIAN_POINT('',(6.42355069587718E-18,0.104904543911755,0.00131161449134788));
#1750=CARTESIAN_POINT('',(-0.045425,0.0786784079338163,0.00144732877706217));
#1751=CARTESIAN_POINT('',(-0.0908499999999999,0.0524522719558775,0.00158304306277645));
#1752=CARTESIAN_POINT('',(-0.09085,1.11259161702537E-17,0.00171875734849074));
#1753=CARTESIAN_POINT('',(-0.09085,-0.0524522719558775,0.00185447163420502));
#1754=CARTESIAN_POINT('',(-0.045425,-0.0786784079338162,0.00199018591991931));
#1755=CARTESIAN_POINT('',(-1.92706520876315E-17,-0.104904543911755,0.00212590020563359));
#1756=CARTESIAN_POINT('',(0.045425,-0.0786784079338163,0.00226161449134788));
#1757=CARTESIAN_POINT('',(0.0908499999999999,-0.0524522719558775,0.00239732877706217));
#1758=CARTESIAN_POINT('',(0.09085,0.,0.00253304306277646));
#1759=CARTESIAN_POINT('',(0.09085,0.0524522719558775,0.00266875734849074));
#1760=CARTESIAN_POINT('',(0.045425,0.0786784079338163,0.00280447163420502));
#1761=CARTESIAN_POINT('',(6.42355069587718E-18,0.104904543911755,0.00294018591991931));
#1762=CARTESIAN_POINT('',(-0.045425,0.0786784079338163,0.0030759002056336));
#1763=CARTESIAN_POINT('',(-0.0908499999999999,0.0524522719558775,0.00321161449134788));
#1764=CARTESIAN_POINT('',(-0.09085,1.11259161702537E-17,0.00334732877706217));
#1765=CARTESIAN_POINT('',(-0.09085,-0.0524522719558775,0.00348304306277645));
#1766=CARTESIAN_POINT('',(-0.045425,-0.0786784079338162,0.00361875734849074));
#1767=CARTESIAN_POINT('',(-1.92706520876315E-17,-0.104904543911755,0.00375447163420503));
#1768=CARTESIAN_POINT('',(0.045425,-0.0786784079338163,0.00389018591991931));
#1769=CARTESIAN_POINT('',(0.0908499999999999,-0.0524522719558775,0.0040259002056336));
#1770=CARTESIAN_POINT('',(0.09085,0.,0.00416161449134789));
#1771=CARTESIAN_POINT('',(0.09085,0.0524522719558775,0.00429732877706216));
#1772=CARTESIAN_POINT('',(0.045425,0.0786784079338163,0.00443304306277646));
#1773=CARTESIAN_POINT('',(6.42355069587718E-18,0.104904543911755,0.00456875734849074));
#1774=CARTESIAN_POINT('',(-0.045425,0.0786784079338163,0.00470447163420502));
#1775=CARTESIAN_POINT('',(-0.0908499999999999,0.0524522719558775,0.00484018591991931));
#1776=CARTESIAN_POINT('',(-0.09085,1.11259161702537E-17,0.0049759002056336));
#1777=CARTESIAN_POINT('',(-0.09085,-0.0524522719558775,0.00511161449134788));
#1778=CARTESIAN_POINT('',(-0.045425,-0.0786784079338162,0.00524732877706217));
#1779=CARTESIAN_POINT('',(-1.92706520876315E-17,-0.104904543911755,0.00538304306277645));
#1780=CARTESIAN_POINT('',(0.045425,-0.0786784079338163,0.00551875734849074));
#1781=CARTESIAN_POINT('',(0.0908499999999999,-0.0524522719558775,0.00565447163420502));
#1782=CARTESIAN_POINT('',(0.09085,0.,0.00579018591991931));
#1783=CARTESIAN_POINT('',(0.09085,0.0524522719558775,0.0059259002056336));
#1784=CARTESIAN_POINT('',(0.045425,0.0786784079338163,0.00606161449134788));
#1785=CARTESIAN_POINT('',(6.42355069587718E-18,0.104904543911755,0.00619732877706216));
#1786=CARTESIAN_POINT('',(-0.045425,0.0786784079338163,0.00633304306277645));
#1787=CARTESIAN_POINT('',(-0.0908499999999999,0.0524522719558775,0.00646875734849074));
#1788=CARTESIAN_POINT('',(-0.09085,1.11259161702537E-17,0.00660447163420503));
#1789=CARTESIAN_POINT('',(-0.09085,-0.0524522719558775,0.00674018591991931));
#1790=CARTESIAN_POINT('',(-0.045425,-0.0786784079338162,0.0068759002056336));
#1791=CARTESIAN_POINT('',(-1.92706520876315E-17,-0.104904543911755,0.00701161449134788));
#1792=CARTESIAN_POINT('',(0.045425,-0.0786784079338163,0.00714732877706217));
#1793=CARTESIAN_POINT('',(0.0908499999999999,-0.0524522719558775,0.00728304306277645));
#1794=CARTESIAN_POINT('',(0.09085,0.,0.00741875734849074));
#1795=CARTESIAN_POINT('',(0.09085,0.0524522719558775,0.00755447163420503));
#1796=CARTESIAN_POINT('',(0.045425,0.0786784079338163,0.00769018591991931));
#1797=CARTESIAN_POINT('',(6.42355069587718E-18,0.104904543911755,0.0078259002056336));
#1798=CARTESIAN_POINT('',(-0.045425,0.0786784079338163,0.00796161449134788));
#1799=CARTESIAN_POINT('',(-0.0908499999999999,0.0524522719558775,0.00809732877706217));
#1800=CARTESIAN_POINT('',(-0.09085,1.11259161702537E-17,0.00823304306277645));
#1801=CARTESIAN_POINT('',(-0.09085,-0.0524522719558775,0.00836875734849074));
#1802=CARTESIAN_POINT('',(-0.045425,-0.0786784079338162,0.00850447163420503));
#1803=CARTESIAN_POINT('',(-1.92706520876315E-17,-0.104904543911755,0.00864018591991932));
#1804=CARTESIAN_POINT('',(0.045425,-0.0786784079338163,0.0087759002056336));
#1805=CARTESIAN_POINT('',(0.0908499999999999,-0.0524522719558775,0.00891161449134789));
#1806=CARTESIAN_POINT('',(0.09085,0.,0.00904732877706217));
#1807=CARTESIAN_POINT('',(0.09085,0.0524522719558775,0.00918304306277645));
#1808=CARTESIAN_POINT('',(0.045425,0.0786784079338163,0.00931875734849074));
#1809=CARTESIAN_POINT('',(6.42355069587718E-18,0.104904543911755,0.00945447163420502));
#1810=CARTESIAN_POINT('',(-0.045425,0.0786784079338163,0.00959018591991931));
#1811=CARTESIAN_POINT('',(-0.0908499999999999,0.0524522719558775,0.00972590020563359));
#1812=CARTESIAN_POINT('',(-0.09085,1.11259161702537E-17,0.00986161449134788));
#1813=CARTESIAN_POINT('',(-0.09085,-0.0524522719558775,0.00999732877706216));
#1814=CARTESIAN_POINT('',(-0.045425,-0.0786784079338162,0.0101330430627765));
#1815=CARTESIAN_POINT('',(-1.92706520876315E-17,-0.104904543911755,0.0102687573484907));
#1816=CARTESIAN_POINT('',(0.045425,-0.0786784079338163,0.010404471634205));
#1817=CARTESIAN_POINT('',(0.0908499999999999,-0.0524522719558775,0.0105401859199193));
#1818=CARTESIAN_POINT('',(0.09085,0.,0.0106759002056336));
#1819=CARTESIAN_POINT('',(0.09085,0.0524522719558775,0.0108116144913479));
#1820=CARTESIAN_POINT('',(0.045425,0.0786784079338163,0.0109473287770622));
#1821=CARTESIAN_POINT('',(6.42355069587718E-18,0.104904543911755,0.0110830430627764));
#1822=CARTESIAN_POINT('',(-0.045425,0.0786784079338163,0.0112187573484907));
#1823=CARTESIAN_POINT('',(-0.0908499999999999,0.0524522719558775,0.011354471634205));
#1824=CARTESIAN_POINT('',(-0.09085,1.11259161702537E-17,0.0114901859199193));
#1825=CARTESIAN_POINT('',(-0.09085,-0.0524522719558775,0.0116259002056336));
#1826=CARTESIAN_POINT('',(-0.045425,-0.0786784079338162,0.0117616144913479));
#1827=CARTESIAN_POINT('',(-1.92706520876315E-17,-0.104904543911755,0.0118973287770622));
#1828=CARTESIAN_POINT('',(0.045425,-0.0786784079338163,0.0120330430627765));
#1829=CARTESIAN_POINT('',(0.0908499999999999,-0.0524522719558775,0.0121687573484907));
#1830=CARTESIAN_POINT('',(0.09085,0.,0.012304471634205));
#1831=CARTESIAN_POINT('',(0.09085,0.0524522719558775,0.0124401859199193));
#1832=CARTESIAN_POINT('',(0.045425,0.0786784079338163,0.0125759002056336));
#1833=CARTESIAN_POINT('',(6.42355069587718E-18,0.104904543911755,0.0127116144913479));
#1834=CARTESIAN_POINT('',(-0.045425,0.0786784079338163,0.0128473287770622));
#1835=CARTESIAN_POINT('',(-0.0908499999999999,0.0524522719558775,0.0129830430627764));
#1836=CARTESIAN_POINT('',(-0.09085,1.11259161702537E-17,0.0131187573484907));
#1837=CARTESIAN_POINT('',(-0.09085,-0.0524522719558775,0.013254471634205));
#1838=CARTESIAN_POINT('',(-0.045425,-0.0786784079338162,0.0133901859199193));
#1839=CARTESIAN_POINT('',(-1.92706520876315E-17,-0.104904543911755,0.0135259002056336));
#1840=CARTESIAN_POINT('',(0.045425,-0.0786784079338163,0.0136616144913479));
#1841=CARTESIAN_POINT('',(0.0908499999999999,-0.0524522719558775,0.0137973287770622));
#1842=CARTESIAN_POINT('',(0.09085,0.,0.0139330430627764));
#1843=CARTESIAN_POINT('',(0.09085,0.0524522719558775,0.0140687573484907));
#1844=CARTESIAN_POINT('',(0.045425,0.0786784079338163,0.014204471634205));
#1845=CARTESIAN_POINT('',(6.42355069587718E-18,0.104904543911755,0.0143401859199193));
#1846=CARTESIAN_POINT('',(-0.045425,0.0786784079338163,0.0144759002056336));
#1847=CARTESIAN_POINT('',(-0.0908499999999999,0.0524522719558775,0.0146116144913479));
#1848=CARTESIAN_POINT('',(-0.09085,1.11259161702537E-17,0.0147473287770622));
#1849=CARTESIAN_POINT('',(-0.09085,-0.0524522719558775,0.0148830430627764));
#1850=CARTESIAN_POINT('',(-0.045425,-0.0786784079338162,0.0150187573484907));
#1851=CARTESIAN_POINT('',(-1.92706520876315E-17,-0.104904543911755,0.015154471634205));
#1852=CARTESIAN_POINT('',(0.045425,-0.0786784079338163,0.0152901859199193));
#1853=CARTESIAN_POINT('',(0.0908499999999999,-0.0524522719558775,0.0154259002056336));
#1854=CARTESIAN_POINT('',(0.09085,0.,0.0155616144913479));
#1855=CARTESIAN_POINT('',(0.09085,0.0524522719558775,0.0156973287770621));
#1856=CARTESIAN_POINT('',(0.045425,0.0786784079338163,0.0158330430627764));
#1857=CARTESIAN_POINT('',(6.42355069587718E-18,0.104904543911755,0.0159687573484907));
#1858=CARTESIAN_POINT('',(-0.045425,0.0786784079338163,0.016104471634205));
#1859=CARTESIAN_POINT('',(-0.0908499999999999,0.0524522719558775,0.0162401859199193));
#1860=CARTESIAN_POINT('',(-0.09085,1.11259161702537E-17,0.0163759002056336));
#1861=CARTESIAN_POINT('',(-0.09085,-0.0524522719558775,0.0165116144913479));
#1862=CARTESIAN_POINT('',(-0.045425,-0.0786784079338162,0.0166473287770622));
#1863=CARTESIAN_POINT('',(-1.92706520876315E-17,-0.104904543911755,0.0167830430627764));
#1864=CARTESIAN_POINT('',(0.045425,-0.0786784079338163,0.0169187573484907));
#1865=CARTESIAN_POINT('',(0.0908499999999999,-0.0524522719558775,0.017054471634205));
#1866=CARTESIAN_POINT('',(0.09085,0.,0.0171901859199193));
#1867=CARTESIAN_POINT('',(0.09085,0.0524522719558775,0.0173259002056336));
#1868=CARTESIAN_POINT('',(0.045425,0.0786784079338163,0.0174616144913479));
#1869=CARTESIAN_POINT('',(6.42355069587718E-18,0.104904543911755,0.0175973287770622));
#1870=CARTESIAN_POINT('',(-0.045425,0.0786784079338163,0.0177330430627764));
#1871=CARTESIAN_POINT('',(-0.0908499999999999,0.0524522719558775,0.0178687573484907));
#1872=CARTESIAN_POINT('',(-0.09085,1.11259161702537E-17,0.018004471634205));
#1873=CARTESIAN_POINT('',(-0.09085,-0.0524522719558775,0.0181401859199193));
#1874=CARTESIAN_POINT('',(-0.045425,-0.0786784079338162,0.0182759002056336));
#1875=CARTESIAN_POINT('',(-1.92706520876315E-17,-0.104904543911755,0.0184116144913479));
#1876=CARTESIAN_POINT('',(0.045425,-0.0786784079338163,0.0185473287770621));
#1877=CARTESIAN_POINT('',(0.0908499999999999,-0.0524522719558775,0.0186830430627765));
#1878=CARTESIAN_POINT('',(0.09085,0.,0.0188187573484907));
#1879=CARTESIAN_POINT('',(0.09085,0.0524522719558775,0.018954471634205));
#1880=CARTESIAN_POINT('',(0.045425,0.0786784079338163,0.0190901859199193));
#1881=CARTESIAN_POINT('',(6.42355069587718E-18,0.104904543911755,0.0192259002056336));
#1882=CARTESIAN_POINT('',(-0.045425,0.0786784079338163,0.0193616144913479));
#1883=CARTESIAN_POINT('',(-0.0908499999999999,0.0524522719558775,0.0194973287770621));
#1884=CARTESIAN_POINT('',(-0.09085,1.11259161702537E-17,0.0196330430627765));
#1885=CARTESIAN_POINT('',(-0.09085,-0.0524522719558775,0.0197687573484908));
#1886=CARTESIAN_POINT('',(-0.045425,-0.0786784079338162,0.019904471634205));
#1887=CARTESIAN_POINT('',(-1.92706520876315E-17,-0.104904543911755,0.0200401859199193));
#1888=CARTESIAN_POINT('',(0.045425,-0.0786784079338163,0.0201759002056336));
#1889=CARTESIAN_POINT('',(0.0908499999999999,-0.0524522719558775,0.0203116144913479));
#1890=CARTESIAN_POINT('',(0.09085,0.,0.0204473287770621));
#1891=CARTESIAN_POINT('',(0.09085,0.0524522719558775,0.0205830430627764));
#1892=CARTESIAN_POINT('',(0.045425,0.0786784079338163,0.0207187573484908));
#1893=CARTESIAN_POINT('',(6.42355069587718E-18,0.104904543911755,0.020854471634205));
#1894=CARTESIAN_POINT('',(-0.045425,0.0786784079338163,0.0209901859199193));
#1895=CARTESIAN_POINT('',(-0.0908499999999999,0.0524522719558775,0.0211259002056336));
#1896=CARTESIAN_POINT('',(-0.09085,1.11259161702537E-17,0.0212616144913479));
#1897=CARTESIAN_POINT('',(-0.09085,-0.0524522719558775,0.0213973287770622));
#1898=CARTESIAN_POINT('',(-0.045425,-0.0786784079338162,0.0215330430627765));
#1899=CARTESIAN_POINT('',(-1.92706520876315E-17,-0.104904543911755,0.0216687573484907));
#1900=CARTESIAN_POINT('',(0.045425,-0.0786784079338163,0.021804471634205));
#1901=CARTESIAN_POINT('',(0.0908499999999999,-0.0524522719558775,0.0219401859199193));
#1902=CARTESIAN_POINT('',(0.09085,0.,0.0220759002056336));
#1903=CARTESIAN_POINT('',(0.09085,0.0524522719558775,0.0222116144913479));
#1904=CARTESIAN_POINT('',(0.045425,0.0786784079338163,0.0223473287770621));
#1905=CARTESIAN_POINT('',(6.42355069587718E-18,0.104904543911755,0.0224830430627764));
#1906=CARTESIAN_POINT('',(-0.045425,0.0786784079338163,0.0226187573484907));
#1907=CARTESIAN_POINT('',(-0.0908499999999999,0.0524522719558775,0.022754471634205));
#1908=CARTESIAN_POINT('',(-0.09085,1.11259161702537E-17,0.0228901859199193));
#1909=CARTESIAN_POINT('',(-0.09085,-0.0524522719558775,0.0230259002056336));
#1910=CARTESIAN_POINT('',(-0.045425,-0.0786784079338162,0.0231616144913479));
#1911=CARTESIAN_POINT('',(-1.92706520876315E-17,-0.104904543911755,0.0232973287770622));
#1912=CARTESIAN_POINT('',(0.045425,-0.0786784079338163,0.0234330430627765));
#1913=CARTESIAN_POINT('',(0.0908499999999999,-0.0524522719558775,0.0235687573484907));
#1914=CARTESIAN_POINT('',(0.09085,0.,0.023704471634205));
#1915=CARTESIAN_POINT('',(0.09085,0.0524522719558775,0.0238401859199193));
#1916=CARTESIAN_POINT('',(0.045425,0.0786784079338163,0.0239759002056336));
#1917=CARTESIAN_POINT('',(6.42355069587718E-18,0.104904543911755,0.0241116144913479));
#1918=CARTESIAN_POINT('',(-0.045425,0.0786784079338163,0.0242473287770621));
#1919=CARTESIAN_POINT('',(-0.0908499999999999,0.0524522719558775,0.0243830430627765));
#1920=CARTESIAN_POINT('',(-0.09085,1.11259161702537E-17,0.0245187573484907));
#1921=CARTESIAN_POINT('',(-0.09085,-0.0524522719558775,0.024654471634205));
#1922=CARTESIAN_POINT('',(-0.045425,-0.0786784079338162,0.0247901859199193));
#1923=CARTESIAN_POINT('',(-1.92706520876315E-17,-0.104904543911755,0.0249259002056336));
#1924=CARTESIAN_POINT('',(0.045425,-0.0786784079338163,0.0250616144913479));
#1925=CARTESIAN_POINT('',(0.0908499999999999,-0.0524522719558775,0.0251973287770621));
#1926=CARTESIAN_POINT('',(0.09085,0.,0.0253330430627765));
#1927=CARTESIAN_POINT('',(0.09085,0.0524522719558775,0.0254687573484908));
#1928=CARTESIAN_POINT('',(0.045425,0.0786784079338163,0.025604471634205));
#1929=CARTESIAN_POINT('',(6.42355069587718E-18,0.104904543911755,0.0257401859199193));
#1930=CARTESIAN_POINT('',(-0.045425,0.0786784079338163,0.0258759002056336));
#1931=CARTESIAN_POINT('',(-0.0908499999999999,0.0524522719558775,0.0260116144913479));
#1932=CARTESIAN_POINT('',(-0.09085,1.11259161702537E-17,0.0261473287770621));
#1933=CARTESIAN_POINT('',(-0.09085,-0.0524522719558775,0.0262830430627765));
#1934=CARTESIAN_POINT('',(-0.045425,-0.0786784079338162,0.0264187573484908));
#1935=CARTESIAN_POINT('',(-1.92706520876315E-17,-0.104904543911755,0.026554471634205));
#1936=CARTESIAN_POINT('',(0.045425,-0.0786784079338163,0.0266901859199193));
#1937=CARTESIAN_POINT('',(0.0908499999999999,-0.0524522719558775,0.0268259002056336));
#1938=CARTESIAN_POINT('',(0.09085,0.,0.0269616144913479));
#1939=CARTESIAN_POINT('',(0.09085,0.0524522719558775,0.0270973287770622));
#1940=CARTESIAN_POINT('',(0.045425,0.0786784079338163,0.0272330430627764));
#1941=CARTESIAN_POINT('',(6.42355069587718E-18,0.104904543911755,0.0273687573484907));
#1942=CARTESIAN_POINT('',(-0.045425,0.0786784079338163,0.027504471634205));
#1943=CARTESIAN_POINT('',(-0.0908499999999999,0.0524522719558775,0.0276401859199193));
#1944=CARTESIAN_POINT('',(-0.09085,1.11259161702537E-17,0.0277759002056336));
#1945=CARTESIAN_POINT('',(-0.09085,-0.0524522719558775,0.0279116144913479));
#1946=CARTESIAN_POINT('',(-0.045425,-0.0786784079338162,0.0280473287770621));
#1947=CARTESIAN_POINT('',(-1.92706520876315E-17,-0.104904543911755,0.0281830430627764));
#1948=CARTESIAN_POINT('',(0.045425,-0.0786784079338163,0.0283187573484908));
#1949=CARTESIAN_POINT('',(0.0908499999999999,-0.0524522719558775,0.028454471634205));
#1950=CARTESIAN_POINT('',(0.09085,0.,0.0285901859199193));
#1951=CARTESIAN_POINT('',(0.09085,0.0524522719558775,0.0287259002056336));
#1952=CARTESIAN_POINT('',(0.045425,0.0786784079338163,0.0288616144913479));
#1953=CARTESIAN_POINT('',(6.42355069587718E-18,0.104904543911755,0.0289973287770622));
#1954=CARTESIAN_POINT('',(-0.045425,0.0786784079338163,0.0291330430627765));
#1955=CARTESIAN_POINT('',(-0.0908499999999999,0.0524522719558775,0.0292687573484907));
#1956=CARTESIAN_POINT('',(-0.09085,1.11259161702537E-17,0.029404471634205));
#1957=CARTESIAN_POINT('',(-0.09085,-0.0524522719558775,0.0295401859199193));
#1958=CARTESIAN_POINT('',(-0.045425,-0.0786784079338162,0.0296759002056336));
#1959=CARTESIAN_POINT('',(-1.92706520876315E-17,-0.104904543911755,0.0298116144913479));
#1960=CARTESIAN_POINT('',(0.045425,-0.0786784079338163,0.0299473287770621));
#1961=CARTESIAN_POINT('',(0.0908499999999999,-0.0524522719558775,0.0300830430627765));
#1962=CARTESIAN_POINT('',(0.09085,0.,0.0302187573484907));
#1963=CARTESIAN_POINT('',(0.09085,0.0524522719558775,0.030354471634205));
#1964=CARTESIAN_POINT('',(0.045425,0.0786784079338163,0.0304901859199193));
#1965=CARTESIAN_POINT('',(6.42355069587718E-18,0.104904543911755,0.0306259002056336));
#1966=CARTESIAN_POINT('',(-0.045425,0.0786784079338163,0.0307616144913479));
#1967=CARTESIAN_POINT('',(-0.0908499999999999,0.0524522719558775,0.0308973287770621));
#1968=CARTESIAN_POINT('',(-0.09085,1.11259161702537E-17,0.0310330430627765));
#1969=CARTESIAN_POINT('',(-0.09085,-0.0524522719558775,0.0311687573484908));
#1970=CARTESIAN_POINT('',(-0.045425,-0.0786784079338162,0.031304471634205));
#1971=CARTESIAN_POINT('',(-1.92706520876315E-17,-0.104904543911755,0.0314401859199193));
#1972=CARTESIAN_POINT('',(0.045425,-0.0786784079338163,0.0315759002056336));
#1973=CARTESIAN_POINT('',(0.0908499999999999,-0.0524522719558775,0.0317116144913479));
#1974=CARTESIAN_POINT('',(0.09085,0.,0.0318473287770622));
#1975=CARTESIAN_POINT('',(0.09085,0.0524522719558775,0.0319830430627764));
#1976=CARTESIAN_POINT('',(0.045425,0.0786784079338163,0.0321187573484908));
#1977=CARTESIAN_POINT('',(6.42355069587718E-18,0.104904543911755,0.032254471634205));
#1978=CARTESIAN_POINT('',(-0.045425,0.0786784079338163,0.0323901859199193));
#1979=CARTESIAN_POINT('',(-0.0908499999999999,0.0524522719558775,0.0325259002056336));
#1980=CARTESIAN_POINT('',(-0.09085,1.11259161702537E-17,0.0326616144913479));
#1981=CARTESIAN_POINT('',(-0.09085,-0.0524522719558775,0.0327973287770622));
#1982=CARTESIAN_POINT('',(-0.045425,-0.0786784079338162,0.0329330430627765));
#1983=CARTESIAN_POINT('',(-1.92706520876315E-17,-0.104904543911755,0.0330687573484907));
#1984=CARTESIAN_POINT('',(0.045425,-0.0786784079338163,0.033204471634205));
#1985=CARTESIAN_POINT('',(0.0908499999999999,-0.0524522719558775,0.0333401859199193));
#1986=CARTESIAN_POINT('',(0.09085,0.,0.0334759002056336));
#1987=CARTESIAN_POINT('',(0.09085,0.0524522719558775,0.0336116144913479));
#1988=CARTESIAN_POINT('',(0.045425,0.0786784079338163,0.0337473287770622));
#1989=CARTESIAN_POINT('',(6.42355069587718E-18,0.104904543911755,0.0338830430627764));
#1990=CARTESIAN_POINT('',(-0.045425,0.0786784079338163,0.0340187573484908));
#1991=CARTESIAN_POINT('',(-0.0908499999999999,0.0524522719558775,0.034154471634205));
#1992=CARTESIAN_POINT('',(-0.09085,1.11259161702537E-17,0.0342901859199193));
#1993=CARTESIAN_POINT('',(-0.09085,-0.0524522719558775,0.0344259002056336));
#1994=CARTESIAN_POINT('',(-0.045425,-0.0786784079338162,0.0345616144913479));
#1995=CARTESIAN_POINT('',(-1.92706520876315E-17,-0.104904543911755,0.0346973287770622));
#1996=CARTESIAN_POINT('',(0.045425,-0.0786784079338163,0.0348330430627765));
#1997=CARTESIAN_POINT('',(0.0908499999999999,-0.0524522719558775,0.0349687573484907));
#1998=CARTESIAN_POINT('',(0.09085,0.,0.035104471634205));
#1999=CARTESIAN_POINT('',(0.09085,0.0524522719558775,0.0352401859199193));
#2000=CARTESIAN_POINT('',(0.045425,0.0786784079338163,0.0353759002056336));
#2001=CARTESIAN_POINT('',(6.42355069587718E-18,0.104904543911755,0.0355116144913479));
#2002=CARTESIAN_POINT('',(-0.045425,0.0786784079338163,0.0356473287770621));
#2003=CARTESIAN_POINT('',(-0.0908499999999999,0.0524522719558775,0.0357830430627765));
#2004=CARTESIAN_POINT('',(-0.09085,1.11259161702537E-17,0.0359187573484908));
#2005=CARTESIAN_POINT('',(-0.09085,-0.0524522719558775,0.036054471634205));
#2006=CARTESIAN_POINT('',(-0.045425,-0.0786784079338162,0.0361901859199193));
#2007=CARTESIAN_POINT('',(-1.92706520876315E-17,-0.104904543911755,0.0363259002056336));
#2008=CARTESIAN_POINT('',(0.045425,-0.0786784079338163,0.0364616144913479));
#2009=CARTESIAN_POINT('',(0.0908499999999999,-0.0524522719558775,0.0365973287770622));
#2010=CARTESIAN_POINT('',(0.09085,0.,0.0367330430627765));
#2011=CARTESIAN_POINT('',(0.09085,0.0524522719558775,0.0368687573484908));
#2012=CARTESIAN_POINT('',(0.045425,0.0786784079338163,0.037004471634205));
#2013=CARTESIAN_POINT('',(6.42355069587718E-18,0.104904543911755,0.0371401859199193));
#2014=CARTESIAN_POINT('',(-0.045425,0.0786784079338163,0.0372759002056336));
#2015=CARTESIAN_POINT('',(-0.0908499999999999,0.0524522719558775,0.0374116144913479));
#2016=CARTESIAN_POINT('',(-0.09085,1.11259161702537E-17,0.0375473287770621));
#2017=CARTESIAN_POINT('',(-0.09085,-0.0524522719558775,0.0376830430627765));
#2018=CARTESIAN_POINT('',(-0.045425,-0.0786784079338162,0.0378187573484908));
#2019=CARTESIAN_POINT('',(-1.92706520876315E-17,-0.104904543911755,0.037954471634205));
#2020=CARTESIAN_POINT('',(0.045425,-0.0786784079338163,0.0380901859199193));
#2021=CARTESIAN_POINT('',(0.0908499999999999,-0.0524522719558775,0.0382259002056336));
#2022=CARTESIAN_POINT('',(0.09085,0.,0.0383616144913479));
#2023=CARTESIAN_POINT('',(0.09085,0.0524522719558775,0.0384973287770621));
#2024=CARTESIAN_POINT('',(0.045425,0.0786784079338163,0.0386330430627764));
#2025=CARTESIAN_POINT('',(6.42355069587718E-18,0.104904543911755,0.0387687573484907));
#2026=CARTESIAN_POINT('',(-0.045425,0.0786784079338163,0.038904471634205));
#2027=CARTESIAN_POINT('',(-0.0908499999999999,0.0524522719558775,0.0390401859199193));
#2028=CARTESIAN_POINT('',(-0.09085,1.11259161702537E-17,0.0391759002056336));
#2029=CARTESIAN_POINT('',(-0.09085,-0.0524522719558775,0.0393116144913479));
#2030=CARTESIAN_POINT('',(-0.045425,-0.0786784079338162,0.0394473287770621));
#2031=CARTESIAN_POINT('',(-1.92706520876315E-17,-0.104904543911755,0.0395830430627764));
#2032=CARTESIAN_POINT('',(0.045425,-0.0786784079338163,0.0397187573484908));
#2033=CARTESIAN_POINT('',(0.0908499999999999,-0.0524522719558775,0.039854471634205));
#2034=CARTESIAN_POINT('',(0.09085,0.,0.0399901859199193));
#2035=CARTESIAN_POINT('',(0.09085,0.,-0.0173996195384358));
#2036=CARTESIAN_POINT('',(0.09085,0.0524522719558775,-0.0172639052527216));
#2037=CARTESIAN_POINT('',(0.045425,0.0786784079338162,-0.0171281909670072));
#2038=CARTESIAN_POINT('',(6.42355069587718E-18,0.104904543911755,-0.016992476681293));
#2039=CARTESIAN_POINT('',(-0.045425,0.0786784079338162,-0.0168567623955787));
#2040=CARTESIAN_POINT('',(-0.09085,0.0524522719558775,-0.0167210481098644));
#2041=CARTESIAN_POINT('',(-0.09085,1.11259161702537E-17,-0.0165853338241501));
#2042=CARTESIAN_POINT('',(-0.09085,-0.0524522719558774,-0.0164496195384358));
#2043=CARTESIAN_POINT('',(-0.045425,-0.0786784079338162,-0.0163139052527215));
#2044=CARTESIAN_POINT('',(-1.92706520876315E-17,-0.104904543911755,-0.0161781909670073));
#2045=CARTESIAN_POINT('',(0.0454249999999999,-0.0786784079338162,-0.016042476681293));
#2046=CARTESIAN_POINT('',(0.09085,-0.0524522719558776,-0.0159067623955787));
#2047=CARTESIAN_POINT('',(0.09085,0.,-0.0157710481098644));
#2048=CARTESIAN_POINT('',(0.09085,0.0524522719558775,-0.0156353338241501));
#2049=CARTESIAN_POINT('',(0.045425,0.0786784079338162,-0.0154996195384358));
#2050=CARTESIAN_POINT('',(6.42355069587718E-18,0.104904543911755,-0.0153639052527215));
#2051=CARTESIAN_POINT('',(-0.045425,0.0786784079338162,-0.0152281909670072));
#2052=CARTESIAN_POINT('',(-0.09085,0.0524522719558775,-0.015092476681293));
#2053=CARTESIAN_POINT('',(-0.09085,1.11259161702537E-17,-0.0149567623955787));
#2054=CARTESIAN_POINT('',(-0.09085,-0.0524522719558774,-0.0148210481098644));
#2055=CARTESIAN_POINT('',(-0.045425,-0.0786784079338162,-0.0146853338241501));
#2056=CARTESIAN_POINT('',(-1.92706520876315E-17,-0.104904543911755,-0.0145496195384358));
#2057=CARTESIAN_POINT('',(0.0454249999999999,-0.0786784079338162,-0.0144139052527215));
#2058=CARTESIAN_POINT('',(0.09085,-0.0524522719558776,-0.0142781909670072));
#2059=CARTESIAN_POINT('',(0.09085,0.,-0.0141424766812929));
#2060=CARTESIAN_POINT('',(0.09085,0.0524522719558775,-0.0140067623955787));
#2061=CARTESIAN_POINT('',(0.045425,0.0786784079338162,-0.0138710481098644));
#2062=CARTESIAN_POINT('',(6.42355069587718E-18,0.104904543911755,-0.0137353338241501));
#2063=CARTESIAN_POINT('',(-0.045425,0.0786784079338162,-0.0135996195384358));
#2064=CARTESIAN_POINT('',(-0.09085,0.0524522719558775,-0.0134639052527215));
#2065=CARTESIAN_POINT('',(-0.09085,1.11259161702537E-17,-0.0133281909670072));
#2066=CARTESIAN_POINT('',(-0.09085,-0.0524522719558774,-0.013192476681293));
#2067=CARTESIAN_POINT('',(-0.045425,-0.0786784079338162,-0.0130567623955787));
#2068=CARTESIAN_POINT('',(-1.92706520876315E-17,-0.104904543911755,-0.0129210481098644));
#2069=CARTESIAN_POINT('',(0.0454249999999999,-0.0786784079338162,-0.0127853338241501));
#2070=CARTESIAN_POINT('',(0.09085,-0.0524522719558776,-0.0126496195384358));
#2071=CARTESIAN_POINT('',(0.09085,0.,-0.0125139052527215));
#2072=CARTESIAN_POINT('',(0.09085,0.0524522719558775,-0.0123781909670073));
#2073=CARTESIAN_POINT('',(0.045425,0.0786784079338162,-0.012242476681293));
#2074=CARTESIAN_POINT('',(6.42355069587718E-18,0.104904543911755,-0.0121067623955787));
#2075=CARTESIAN_POINT('',(-0.045425,0.0786784079338162,-0.0119710481098644));
#2076=CARTESIAN_POINT('',(-0.09085,0.0524522719558775,-0.0118353338241501));
#2077=CARTESIAN_POINT('',(-0.09085,1.11259161702537E-17,-0.0116996195384358));
#2078=CARTESIAN_POINT('',(-0.09085,-0.0524522719558774,-0.0115639052527216));
#2079=CARTESIAN_POINT('',(-0.045425,-0.0786784079338162,-0.0114281909670073));
#2080=CARTESIAN_POINT('',(-1.92706520876315E-17,-0.104904543911755,-0.011292476681293));
#2081=CARTESIAN_POINT('',(0.0454249999999999,-0.0786784079338162,-0.0111567623955787));
#2082=CARTESIAN_POINT('',(0.09085,-0.0524522719558776,-0.0110210481098644));
#2083=CARTESIAN_POINT('',(0.09085,0.,-0.0108853338241501));
#2084=CARTESIAN_POINT('',(0.09085,0.0524522719558775,-0.0107496195384358));
#2085=CARTESIAN_POINT('',(0.045425,0.0786784079338162,-0.0106139052527215));
#2086=CARTESIAN_POINT('',(6.42355069587718E-18,0.104904543911755,-0.0104781909670073));
#2087=CARTESIAN_POINT('',(-0.045425,0.0786784079338162,-0.010342476681293));
#2088=CARTESIAN_POINT('',(-0.09085,0.0524522719558775,-0.0102067623955787));
#2089=CARTESIAN_POINT('',(-0.09085,1.11259161702537E-17,-0.0100710481098644));
#2090=CARTESIAN_POINT('',(-0.09085,-0.0524522719558774,-0.00993533382415011));
#2091=CARTESIAN_POINT('',(-0.045425,-0.0786784079338162,-0.00979961953843582));
#2092=CARTESIAN_POINT('',(-1.92706520876315E-17,-0.104904543911755,-0.00966390525272155));
#2093=CARTESIAN_POINT('',(0.0454249999999999,-0.0786784079338162,-0.00952819096700726));
#2094=CARTESIAN_POINT('',(0.09085,-0.0524522719558776,-0.00939247668129298));
#2095=CARTESIAN_POINT('',(0.09085,0.,-0.00925676239557869));
#2096=CARTESIAN_POINT('',(0.09085,0.0524522719558775,-0.0091210481098644));
#2097=CARTESIAN_POINT('',(0.045425,0.0786784079338162,-0.00898533382415012));
#2098=CARTESIAN_POINT('',(6.42355069587718E-18,0.104904543911755,-0.00884961953843583));
#2099=CARTESIAN_POINT('',(-0.045425,0.0786784079338162,-0.00871390525272153));
#2100=CARTESIAN_POINT('',(-0.09085,0.0524522719558775,-0.00857819096700726));
#2101=CARTESIAN_POINT('',(-0.09085,1.11259161702537E-17,-0.00844247668129297));
#2102=CARTESIAN_POINT('',(-0.09085,-0.0524522719558774,-0.00830676239557869));
#2103=CARTESIAN_POINT('',(-0.045425,-0.0786784079338162,-0.0081710481098644));
#2104=CARTESIAN_POINT('',(-1.92706520876315E-17,-0.104904543911755,-0.00803533382415011));
#2105=CARTESIAN_POINT('',(0.0454249999999999,-0.0786784079338162,-0.00789961953843583));
#2106=CARTESIAN_POINT('',(0.09085,-0.0524522719558776,-0.00776390525272154));
#2107=CARTESIAN_POINT('',(0.09085,0.,-0.00762819096700726));
#2108=CARTESIAN_POINT('',(0.09085,0.0524522719558775,-0.00749247668129297));
#2109=CARTESIAN_POINT('',(0.045425,0.0786784079338162,-0.00735676239557869));
#2110=CARTESIAN_POINT('',(6.42355069587718E-18,0.104904543911755,-0.0072210481098644));
#2111=CARTESIAN_POINT('',(-0.045425,0.0786784079338162,-0.00708533382415011));
#2112=CARTESIAN_POINT('',(-0.09085,0.0524522719558775,-0.00694961953843582));
#2113=CARTESIAN_POINT('',(-0.09085,1.11259161702537E-17,-0.00681390525272154));
#2114=CARTESIAN_POINT('',(-0.09085,-0.0524522719558774,-0.00667819096700726));
#2115=CARTESIAN_POINT('',(-0.045425,-0.0786784079338162,-0.00654247668129297));
#2116=CARTESIAN_POINT('',(-1.92706520876315E-17,-0.104904543911755,-0.00640676239557869));
#2117=CARTESIAN_POINT('',(0.0454249999999999,-0.0786784079338162,-0.0062710481098644));
#2118=CARTESIAN_POINT('',(0.09085,-0.0524522719558776,-0.00613533382415012));
#2119=CARTESIAN_POINT('',(0.09085,0.,-0.00599961953843583));
#2120=CARTESIAN_POINT('',(0.09085,0.0524522719558775,-0.00586390525272154));
#2121=CARTESIAN_POINT('',(0.045425,0.0786784079338162,-0.00572819096700726));
#2122=CARTESIAN_POINT('',(6.42355069587718E-18,0.104904543911755,-0.00559247668129297));
#2123=CARTESIAN_POINT('',(-0.045425,0.0786784079338162,-0.00545676239557869));
#2124=CARTESIAN_POINT('',(-0.09085,0.0524522719558775,-0.0053210481098644));
#2125=CARTESIAN_POINT('',(-0.09085,1.11259161702537E-17,-0.00518533382415011));
#2126=CARTESIAN_POINT('',(-0.09085,-0.0524522719558774,-0.00504961953843583));
#2127=CARTESIAN_POINT('',(-0.045425,-0.0786784079338162,-0.00491390525272154));
#2128=CARTESIAN_POINT('',(-1.92706520876315E-17,-0.104904543911755,-0.00477819096700726));
#2129=CARTESIAN_POINT('',(0.0454249999999999,-0.0786784079338162,-0.00464247668129297));
#2130=CARTESIAN_POINT('',(0.09085,-0.0524522719558776,-0.00450676239557869));
#2131=CARTESIAN_POINT('',(0.09085,0.,-0.0043710481098644));
#2132=CARTESIAN_POINT('',(0.09085,0.0524522719558775,-0.00423533382415011));
#2133=CARTESIAN_POINT('',(0.045425,0.0786784079338162,-0.00409961953843583));
#2134=CARTESIAN_POINT('',(6.42355069587718E-18,0.104904543911755,-0.00396390525272154));
#2135=CARTESIAN_POINT('',(-0.045425,0.0786784079338162,-0.00382819096700725));
#2136=CARTESIAN_POINT('',(-0.09085,0.0524522719558775,-0.00369247668129297));
#2137=CARTESIAN_POINT('',(-0.09085,1.11259161702537E-17,-0.00355676239557868));
#2138=CARTESIAN_POINT('',(-0.09085,-0.0524522719558774,-0.0034210481098644));
#2139=CARTESIAN_POINT('',(-0.045425,-0.0786784079338162,-0.00328533382415011));
#2140=CARTESIAN_POINT('',(-1.92706520876315E-17,-0.104904543911755,-0.00314961953843583));
#2141=CARTESIAN_POINT('',(0.0454249999999999,-0.0786784079338162,-0.00301390525272154));
#2142=CARTESIAN_POINT('',(0.09085,-0.0524522719558776,-0.00287819096700726));
#2143=CARTESIAN_POINT('',(0.09085,0.,-0.00274247668129297));
#2144=CARTESIAN_POINT('',(0.09085,0.0524522719558775,-0.00260676239557869));
#2145=CARTESIAN_POINT('',(0.045425,0.0786784079338162,-0.0024710481098644));
#2146=CARTESIAN_POINT('',(6.42355069587718E-18,0.104904543911755,-0.00233533382415011));
#2147=CARTESIAN_POINT('',(-0.045425,0.0786784079338162,-0.00219961953843582));
#2148=CARTESIAN_POINT('',(-0.09085,0.0524522719558775,-0.00206390525272154));
#2149=CARTESIAN_POINT('',(-0.09085,1.11259161702537E-17,-0.00192819096700725));
#2150=CARTESIAN_POINT('',(-0.09085,-0.0524522719558774,-0.00179247668129297));
#2151=CARTESIAN_POINT('',(-0.045425,-0.0786784079338162,-0.00165676239557868));
#2152=CARTESIAN_POINT('',(-1.92706520876315E-17,-0.104904543911755,-0.0015210481098644));
#2153=CARTESIAN_POINT('',(0.0454249999999999,-0.0786784079338162,-0.00138533382415011));
#2154=CARTESIAN_POINT('',(0.09085,-0.0524522719558776,-0.00124961953843583));
#2155=CARTESIAN_POINT('',(0.09085,0.,-0.00111390525272154));
#2156=CARTESIAN_POINT('',(0.09085,0.0524522719558775,-0.000978190967007256));
#2157=CARTESIAN_POINT('',(0.045425,0.0786784079338162,-0.000842476681292971));
#2158=CARTESIAN_POINT('',(6.42355069587718E-18,0.104904543911755,-0.000706762395578685));
#2159=CARTESIAN_POINT('',(-0.045425,0.0786784079338162,-0.000571048109864399));
#2160=CARTESIAN_POINT('',(-0.09085,0.0524522719558775,-0.000435333824150112));
#2161=CARTESIAN_POINT('',(-0.09085,1.11259161702537E-17,-0.000299619538435828));
#2162=CARTESIAN_POINT('',(-0.09085,-0.0524522719558774,-0.00016390525272154));
#2163=CARTESIAN_POINT('',(-0.045425,-0.0786784079338162,-2.81909670072564E-5));
#2164=CARTESIAN_POINT('',(-1.92706520876315E-17,-0.104904543911755,0.000107523318707028));
#2165=CARTESIAN_POINT('',(0.0454249999999999,-0.0786784079338162,0.000243237604421315));
#2166=CARTESIAN_POINT('',(0.09085,-0.0524522719558776,0.0003789518901356));
#2167=CARTESIAN_POINT('',(0.09085,0.,0.000514666175849887));
#2168=CARTESIAN_POINT('',(0.09085,0.0524522719558775,0.000650380461564171));
#2169=CARTESIAN_POINT('',(0.045425,0.0786784079338162,0.000786094747278458));
#2170=CARTESIAN_POINT('',(6.42355069587718E-18,0.104904543911755,0.000921809032992744));
#2171=CARTESIAN_POINT('',(-0.045425,0.0786784079338162,0.00105752331870703));
#2172=CARTESIAN_POINT('',(-0.09085,0.0524522719558775,0.00119323760442132));
#2173=CARTESIAN_POINT('',(-0.09085,1.11259161702537E-17,0.0013289518901356));
#2174=CARTESIAN_POINT('',(-0.09085,-0.0524522719558774,0.00146466617584989));
#2175=CARTESIAN_POINT('',(-0.045425,-0.0786784079338162,0.00160038046156417));
#2176=CARTESIAN_POINT('',(-1.92706520876315E-17,-0.104904543911755,0.00173609474727846));
#2177=CARTESIAN_POINT('',(0.0454249999999999,-0.0786784079338162,0.00187180903299274));
#2178=CARTESIAN_POINT('',(0.09085,-0.0524522719558776,0.00200752331870703));
#2179=CARTESIAN_POINT('',(0.09085,0.,0.00214323760442131));
#2180=CARTESIAN_POINT('',(0.09085,0.0524522719558775,0.0022789518901356));
#2181=CARTESIAN_POINT('',(0.045425,0.0786784079338162,0.00241466617584988));
#2182=CARTESIAN_POINT('',(6.42355069587718E-18,0.104904543911755,0.00255038046156417));
#2183=CARTESIAN_POINT('',(-0.045425,0.0786784079338162,0.00268609474727846));
#2184=CARTESIAN_POINT('',(-0.09085,0.0524522719558775,0.00282180903299275));
#2185=CARTESIAN_POINT('',(-0.09085,1.11259161702537E-17,0.00295752331870703));
#2186=CARTESIAN_POINT('',(-0.09085,-0.0524522719558774,0.00309323760442131));
#2187=CARTESIAN_POINT('',(-0.045425,-0.0786784079338162,0.0032289518901356));
#2188=CARTESIAN_POINT('',(-1.92706520876315E-17,-0.104904543911755,0.00336466617584988));
#2189=CARTESIAN_POINT('',(0.0454249999999999,-0.0786784079338162,0.00350038046156417));
#2190=CARTESIAN_POINT('',(0.09085,-0.0524522719558776,0.00363609474727846));
#2191=CARTESIAN_POINT('',(0.09085,0.,0.00377180903299274));
#2192=CARTESIAN_POINT('',(0.09085,0.0524522719558775,0.00390752331870703));
#2193=CARTESIAN_POINT('',(0.045425,0.0786784079338162,0.00404323760442132));
#2194=CARTESIAN_POINT('',(6.42355069587718E-18,0.104904543911755,0.0041789518901356));
#2195=CARTESIAN_POINT('',(-0.045425,0.0786784079338162,0.00431466617584988));
#2196=CARTESIAN_POINT('',(-0.09085,0.0524522719558775,0.00445038046156418));
#2197=CARTESIAN_POINT('',(-0.09085,1.11259161702537E-17,0.00458609474727846));
#2198=CARTESIAN_POINT('',(-0.09085,-0.0524522719558774,0.00472180903299274));
#2199=CARTESIAN_POINT('',(-0.045425,-0.0786784079338162,0.00485752331870703));
#2200=CARTESIAN_POINT('',(-1.92706520876315E-17,-0.104904543911755,0.00499323760442132));
#2201=CARTESIAN_POINT('',(0.0454249999999999,-0.0786784079338162,0.0051289518901356));
#2202=CARTESIAN_POINT('',(0.09085,-0.0524522719558776,0.00526466617584989));
#2203=CARTESIAN_POINT('',(0.09085,0.,0.00540038046156417));
#2204=CARTESIAN_POINT('',(0.09085,0.0524522719558775,0.00553609474727846));
#2205=CARTESIAN_POINT('',(0.045425,0.0786784079338162,0.00567180903299275));
#2206=CARTESIAN_POINT('',(6.42355069587718E-18,0.104904543911755,0.00580752331870703));
#2207=CARTESIAN_POINT('',(-0.045425,0.0786784079338162,0.00594323760442132));
#2208=CARTESIAN_POINT('',(-0.09085,0.0524522719558775,0.0060789518901356));
#2209=CARTESIAN_POINT('',(-0.09085,1.11259161702537E-17,0.00621466617584989));
#2210=CARTESIAN_POINT('',(-0.09085,-0.0524522719558774,0.00635038046156417));
#2211=CARTESIAN_POINT('',(-0.045425,-0.0786784079338162,0.00648609474727846));
#2212=CARTESIAN_POINT('',(-1.92706520876315E-17,-0.104904543911755,0.00662180903299275));
#2213=CARTESIAN_POINT('',(0.0454249999999999,-0.0786784079338162,0.00675752331870703));
#2214=CARTESIAN_POINT('',(0.09085,-0.0524522719558776,0.00689323760442132));
#2215=CARTESIAN_POINT('',(0.09085,0.,0.00702895189013559));
#2216=CARTESIAN_POINT('',(0.09085,0.0524522719558775,0.00716466617584989));
#2217=CARTESIAN_POINT('',(0.045425,0.0786784079338162,0.00730038046156416));
#2218=CARTESIAN_POINT('',(6.42355069587718E-18,0.104904543911755,0.00743609474727847));
#2219=CARTESIAN_POINT('',(-0.045425,0.0786784079338162,0.00757180903299273));
#2220=CARTESIAN_POINT('',(-0.09085,0.0524522719558775,0.00770752331870703));
#2221=CARTESIAN_POINT('',(-0.09085,1.11259161702537E-17,0.00784323760442132));
#2222=CARTESIAN_POINT('',(-0.09085,-0.0524522719558774,0.0079789518901356));
#2223=CARTESIAN_POINT('',(-0.045425,-0.0786784079338162,0.00811466617584988));
#2224=CARTESIAN_POINT('',(-1.92706520876315E-17,-0.104904543911755,0.00825038046156417));
#2225=CARTESIAN_POINT('',(0.0454249999999999,-0.0786784079338162,0.00838609474727845));
#2226=CARTESIAN_POINT('',(0.09085,-0.0524522719558776,0.00852180903299275));
#2227=CARTESIAN_POINT('',(0.09085,0.,0.00865752331870702));
#2228=CARTESIAN_POINT('',(0.09085,0.0524522719558775,0.00879323760442132));
#2229=CARTESIAN_POINT('',(0.045425,0.0786784079338162,0.00892895189013559));
#2230=CARTESIAN_POINT('',(6.42355069587718E-18,0.104904543911755,0.00906466617584989));
#2231=CARTESIAN_POINT('',(-0.045425,0.0786784079338162,0.00920038046156416));
#2232=CARTESIAN_POINT('',(-0.09085,0.0524522719558775,0.00933609474727846));
#2233=CARTESIAN_POINT('',(-0.09085,1.11259161702537E-17,0.00947180903299274));
#2234=CARTESIAN_POINT('',(-0.09085,-0.0524522719558774,0.00960752331870703));
#2235=CARTESIAN_POINT('',(-0.045425,-0.0786784079338162,0.00974323760442131));
#2236=CARTESIAN_POINT('',(-1.92706520876315E-17,-0.104904543911755,0.00987895189013561));
#2237=CARTESIAN_POINT('',(0.0454249999999999,-0.0786784079338162,0.0100146661758499));
#2238=CARTESIAN_POINT('',(0.09085,-0.0524522719558776,0.0101503804615642));
#2239=CARTESIAN_POINT('',(0.09085,0.,0.0102860947472785));
#2240=CARTESIAN_POINT('',(0.09085,0.0524522719558775,0.0104218090329927));
#2241=CARTESIAN_POINT('',(0.045425,0.0786784079338162,0.010557523318707));
#2242=CARTESIAN_POINT('',(6.42355069587718E-18,0.104904543911755,0.0106932376044213));
#2243=CARTESIAN_POINT('',(-0.045425,0.0786784079338162,0.0108289518901356));
#2244=CARTESIAN_POINT('',(-0.09085,0.0524522719558775,0.0109646661758499));
#2245=CARTESIAN_POINT('',(-0.09085,1.11259161702537E-17,0.0111003804615642));
#2246=CARTESIAN_POINT('',(-0.09085,-0.0524522719558774,0.0112360947472785));
#2247=CARTESIAN_POINT('',(-0.045425,-0.0786784079338162,0.0113718090329927));
#2248=CARTESIAN_POINT('',(-1.92706520876315E-17,-0.104904543911755,0.011507523318707));
#2249=CARTESIAN_POINT('',(0.0454249999999999,-0.0786784079338162,0.0116432376044213));
#2250=CARTESIAN_POINT('',(0.09085,-0.0524522719558776,0.0117789518901356));
#2251=CARTESIAN_POINT('',(0.09085,0.,0.0119146661758499));
#2252=CARTESIAN_POINT('',(0.09085,0.0524522719558775,0.0120503804615642));
#2253=CARTESIAN_POINT('',(0.045425,0.0786784079338162,0.0121860947472785));
#2254=CARTESIAN_POINT('',(6.42355069587718E-18,0.104904543911755,0.0123218090329927));
#2255=CARTESIAN_POINT('',(-0.045425,0.0786784079338162,0.012457523318707));
#2256=CARTESIAN_POINT('',(-0.09085,0.0524522719558775,0.0125932376044213));
#2257=CARTESIAN_POINT('',(-0.09085,1.11259161702537E-17,0.0127289518901356));
#2258=CARTESIAN_POINT('',(-0.09085,-0.0524522719558774,0.0128646661758499));
#2259=CARTESIAN_POINT('',(-0.045425,-0.0786784079338162,0.0130003804615642));
#2260=CARTESIAN_POINT('',(-1.92706520876315E-17,-0.104904543911755,0.0131360947472785));
#2261=CARTESIAN_POINT('',(0.0454249999999999,-0.0786784079338162,0.0132718090329927));
#2262=CARTESIAN_POINT('',(0.09085,-0.0524522719558776,0.013407523318707));
#2263=CARTESIAN_POINT('',(0.09085,0.,0.0135432376044213));
#2264=CARTESIAN_POINT('',(0.09085,0.0524522719558775,0.0136789518901356));
#2265=CARTESIAN_POINT('',(0.045425,0.0786784079338162,0.0138146661758499));
#2266=CARTESIAN_POINT('',(6.42355069587718E-18,0.104904543911755,0.0139503804615642));
#2267=CARTESIAN_POINT('',(-0.045425,0.0786784079338162,0.0140860947472784));
#2268=CARTESIAN_POINT('',(-0.09085,0.0524522719558775,0.0142218090329928));
#2269=CARTESIAN_POINT('',(-0.09085,1.11259161702537E-17,0.014357523318707));
#2270=CARTESIAN_POINT('',(-0.09085,-0.0524522719558774,0.0144932376044213));
#2271=CARTESIAN_POINT('',(-0.045425,-0.0786784079338162,0.0146289518901356));
#2272=CARTESIAN_POINT('',(-1.92706520876315E-17,-0.104904543911755,0.0147646661758499));
#2273=CARTESIAN_POINT('',(0.0454249999999999,-0.0786784079338162,0.0149003804615642));
#2274=CARTESIAN_POINT('',(0.09085,-0.0524522719558776,0.0150360947472784));
#2275=CARTESIAN_POINT('',(0.09085,0.,0.0151718090329928));
#2276=CARTESIAN_POINT('',(0.09085,0.0524522719558775,0.015307523318707));
#2277=CARTESIAN_POINT('',(0.045425,0.0786784079338162,0.0154432376044213));
#2278=CARTESIAN_POINT('',(6.42355069587718E-18,0.104904543911755,0.0155789518901356));
#2279=CARTESIAN_POINT('',(-0.045425,0.0786784079338162,0.0157146661758499));
#2280=CARTESIAN_POINT('',(-0.09085,0.0524522719558775,0.0158503804615642));
#2281=CARTESIAN_POINT('',(-0.09085,1.11259161702537E-17,0.0159860947472784));
#2282=CARTESIAN_POINT('',(-0.09085,-0.0524522719558774,0.0161218090329927));
#2283=CARTESIAN_POINT('',(-0.045425,-0.0786784079338162,0.016257523318707));
#2284=CARTESIAN_POINT('',(-1.92706520876315E-17,-0.104904543911755,0.0163932376044213));
#2285=CARTESIAN_POINT('',(0.0454249999999999,-0.0786784079338162,0.0165289518901356));
#2286=CARTESIAN_POINT('',(0.09085,-0.0524522719558776,0.0166646661758499));
#2287=CARTESIAN_POINT('',(0.09085,0.,0.0168003804615642));
#2288=CARTESIAN_POINT('',(0.09085,0.0524522719558775,0.0169360947472784));
#2289=CARTESIAN_POINT('',(0.045425,0.0786784079338162,0.0170718090329927));
#2290=CARTESIAN_POINT('',(6.42355069587718E-18,0.104904543911755,0.017207523318707));
#2291=CARTESIAN_POINT('',(-0.045425,0.0786784079338162,0.0173432376044213));
#2292=CARTESIAN_POINT('',(-0.09085,0.0524522719558775,0.0174789518901356));
#2293=CARTESIAN_POINT('',(-0.09085,1.11259161702537E-17,0.0176146661758499));
#2294=CARTESIAN_POINT('',(-0.09085,-0.0524522719558774,0.0177503804615642));
#2295=CARTESIAN_POINT('',(-0.045425,-0.0786784079338162,0.0178860947472784));
#2296=CARTESIAN_POINT('',(-1.92706520876315E-17,-0.104904543911755,0.0180218090329927));
#2297=CARTESIAN_POINT('',(0.0454249999999999,-0.0786784079338162,0.018157523318707));
#2298=CARTESIAN_POINT('',(0.09085,-0.0524522719558776,0.0182932376044213));
#2299=CARTESIAN_POINT('',(0.09085,0.,0.0184289518901356));
#2300=CARTESIAN_POINT('',(0.09085,0.0524522719558775,0.0185646661758499));
#2301=CARTESIAN_POINT('',(0.045425,0.0786784079338162,0.0187003804615642));
#2302=CARTESIAN_POINT('',(6.42355069587718E-18,0.104904543911755,0.0188360947472785));
#2303=CARTESIAN_POINT('',(-0.045425,0.0786784079338162,0.0189718090329928));
#2304=CARTESIAN_POINT('',(-0.09085,0.0524522719558775,0.019107523318707));
#2305=CARTESIAN_POINT('',(-0.09085,1.11259161702537E-17,0.0192432376044213));
#2306=CARTESIAN_POINT('',(-0.09085,-0.0524522719558774,0.0193789518901356));
#2307=CARTESIAN_POINT('',(-0.045425,-0.0786784079338162,0.0195146661758499));
#2308=CARTESIAN_POINT('',(-1.92706520876315E-17,-0.104904543911755,0.0196503804615642));
#2309=CARTESIAN_POINT('',(0.0454249999999999,-0.0786784079338162,0.0197860947472784));
#2310=CARTESIAN_POINT('',(0.09085,-0.0524522719558776,0.0199218090329928));
#2311=CARTESIAN_POINT('',(0.09085,0.,0.020057523318707));
#2312=CARTESIAN_POINT('',(0.09085,0.0524522719558775,0.0201932376044213));
#2313=CARTESIAN_POINT('',(0.045425,0.0786784079338162,0.0203289518901356));
#2314=CARTESIAN_POINT('',(6.42355069587718E-18,0.104904543911755,0.0204646661758499));
#2315=CARTESIAN_POINT('',(-0.045425,0.0786784079338162,0.0206003804615641));
#2316=CARTESIAN_POINT('',(-0.09085,0.0524522719558775,0.0207360947472785));
#2317=CARTESIAN_POINT('',(-0.09085,1.11259161702537E-17,0.0208718090329927));
#2318=CARTESIAN_POINT('',(-0.09085,-0.0524522719558774,0.021007523318707));
#2319=CARTESIAN_POINT('',(-0.045425,-0.0786784079338162,0.0211432376044213));
#2320=CARTESIAN_POINT('',(-1.92706520876315E-17,-0.104904543911755,0.0212789518901356));
#2321=CARTESIAN_POINT('',(0.0454249999999999,-0.0786784079338162,0.0214146661758499));
#2322=CARTESIAN_POINT('',(0.09085,-0.0524522719558776,0.0215503804615642));
#2323=CARTESIAN_POINT('',(0.09085,0.,0.0216860947472785));
#2324=CARTESIAN_POINT('',(0.09085,0.0524522719558775,0.0218218090329927));
#2325=CARTESIAN_POINT('',(0.045425,0.0786784079338162,0.021957523318707));
#2326=CARTESIAN_POINT('',(6.42355069587718E-18,0.104904543911755,0.0220932376044213));
#2327=CARTESIAN_POINT('',(-0.045425,0.0786784079338162,0.0222289518901356));
#2328=CARTESIAN_POINT('',(-0.09085,0.0524522719558775,0.0223646661758499));
#2329=CARTESIAN_POINT('',(-0.09085,1.11259161702537E-17,0.0225003804615642));
#2330=CARTESIAN_POINT('',(-0.09085,-0.0524522719558774,0.0226360947472785));
#2331=CARTESIAN_POINT('',(-0.045425,-0.0786784079338162,0.0227718090329927));
#2332=CARTESIAN_POINT('',(-1.92706520876315E-17,-0.104904543911755,0.022907523318707));
#2333=CARTESIAN_POINT('',(0.0454249999999999,-0.0786784079338162,0.0230432376044213));
#2334=CARTESIAN_POINT('',(0.09085,-0.0524522719558776,0.0231789518901356));
#2335=CARTESIAN_POINT('',(0.09085,0.,0.0233146661758499));
#2336=CARTESIAN_POINT('',(0.09085,0.0524522719558775,0.0234503804615642));
#2337=CARTESIAN_POINT('',(0.045425,0.0786784079338162,0.0235860947472784));
#2338=CARTESIAN_POINT('',(6.42355069587718E-18,0.104904543911755,0.0237218090329927));
#2339=CARTESIAN_POINT('',(-0.045425,0.0786784079338162,0.023857523318707));
#2340=CARTESIAN_POINT('',(-0.09085,0.0524522719558775,0.0239932376044213));
#2341=CARTESIAN_POINT('',(-0.09085,1.11259161702537E-17,0.0241289518901356));
#2342=CARTESIAN_POINT('',(-0.09085,-0.0524522719558774,0.0242646661758499));
#2343=CARTESIAN_POINT('',(-0.045425,-0.0786784079338162,0.0244003804615642));
#2344=CARTESIAN_POINT('',(-1.92706520876315E-17,-0.104904543911755,0.0245360947472785));
#2345=CARTESIAN_POINT('',(0.0454249999999999,-0.0786784079338162,0.0246718090329927));
#2346=CARTESIAN_POINT('',(0.09085,-0.0524522719558776,0.024807523318707));
#2347=CARTESIAN_POINT('',(0.09085,0.,0.0249432376044213));
#2348=CARTESIAN_POINT('',(0.09085,0.0524522719558775,0.0250789518901356));
#2349=CARTESIAN_POINT('',(0.045425,0.0786784079338162,0.0252146661758499));
#2350=CARTESIAN_POINT('',(6.42355069587718E-18,0.104904543911755,0.0253503804615642));
#2351=CARTESIAN_POINT('',(-0.045425,0.0786784079338162,0.0254860947472785));
#2352=CARTESIAN_POINT('',(-0.09085,0.0524522719558775,0.0256218090329928));
#2353=CARTESIAN_POINT('',(-0.09085,1.11259161702537E-17,0.025757523318707));
#2354=CARTESIAN_POINT('',(-0.09085,-0.0524522719558774,0.0258932376044213));
#2355=CARTESIAN_POINT('',(-0.045425,-0.0786784079338162,0.0260289518901356));
#2356=CARTESIAN_POINT('',(-1.92706520876315E-17,-0.104904543911755,0.0261646661758499));
#2357=CARTESIAN_POINT('',(0.0454249999999999,-0.0786784079338162,0.0263003804615642));
#2358=CARTESIAN_POINT('',(0.09085,-0.0524522719558776,0.0264360947472785));
#2359=CARTESIAN_POINT('',(0.09085,0.,0.0265718090329927));
#2360=CARTESIAN_POINT('',(0.09085,0.0524522719558775,0.026707523318707));
#2361=CARTESIAN_POINT('',(0.045425,0.0786784079338162,0.0268432376044213));
#2362=CARTESIAN_POINT('',(6.42355069587718E-18,0.104904543911755,0.0269789518901356));
#2363=CARTESIAN_POINT('',(-0.045425,0.0786784079338162,0.0271146661758499));
#2364=CARTESIAN_POINT('',(-0.09085,0.0524522719558775,0.0272503804615642));
#2365=CARTESIAN_POINT('',(-0.09085,1.11259161702537E-17,0.0273860947472784));
#2366=CARTESIAN_POINT('',(-0.09085,-0.0524522719558774,0.0275218090329928));
#2367=CARTESIAN_POINT('',(-0.045425,-0.0786784079338162,0.027657523318707));
#2368=CARTESIAN_POINT('',(-1.92706520876315E-17,-0.104904543911755,0.0277932376044213));
#2369=CARTESIAN_POINT('',(0.0454249999999999,-0.0786784079338162,0.0279289518901356));
#2370=CARTESIAN_POINT('',(0.09085,-0.0524522719558776,0.0280646661758499));
#2371=CARTESIAN_POINT('',(0.09085,0.,0.0282003804615642));
#2372=CARTESIAN_POINT('',(0.09085,0.0524522719558775,0.0283360947472785));
#2373=CARTESIAN_POINT('',(0.045425,0.0786784079338162,0.0284718090329928));
#2374=CARTESIAN_POINT('',(6.42355069587718E-18,0.104904543911755,0.028607523318707));
#2375=CARTESIAN_POINT('',(-0.045425,0.0786784079338162,0.0287432376044213));
#2376=CARTESIAN_POINT('',(-0.09085,0.0524522719558775,0.0288789518901356));
#2377=CARTESIAN_POINT('',(-0.09085,1.11259161702537E-17,0.0290146661758499));
#2378=CARTESIAN_POINT('',(-0.09085,-0.0524522719558774,0.0291503804615641));
#2379=CARTESIAN_POINT('',(-0.045425,-0.0786784079338162,0.0292860947472785));
#2380=CARTESIAN_POINT('',(-1.92706520876315E-17,-0.104904543911755,0.0294218090329928));
#2381=CARTESIAN_POINT('',(0.0454249999999999,-0.0786784079338162,0.029557523318707));
#2382=CARTESIAN_POINT('',(0.09085,-0.0524522719558776,0.0296932376044213));
#2383=CARTESIAN_POINT('',(0.09085,0.,0.0298289518901356));
#2384=CARTESIAN_POINT('',(0.09085,0.0524522719558775,0.0299646661758499));
#2385=CARTESIAN_POINT('',(0.045425,0.0786784079338162,0.0301003804615641));
#2386=CARTESIAN_POINT('',(6.42355069587718E-18,0.104904543911755,0.0302360947472785));
#2387=CARTESIAN_POINT('',(-0.045425,0.0786784079338162,0.0303718090329927));
#2388=CARTESIAN_POINT('',(-0.09085,0.0524522719558775,0.0305075233187071));
#2389=CARTESIAN_POINT('',(-0.09085,1.11259161702537E-17,0.0306432376044213));
#2390=CARTESIAN_POINT('',(-0.09085,-0.0524522719558774,0.0307789518901356));
#2391=CARTESIAN_POINT('',(-0.045425,-0.0786784079338162,0.0309146661758499));
#2392=CARTESIAN_POINT('',(-1.92706520876315E-17,-0.104904543911755,0.0310503804615642));
#2393=CARTESIAN_POINT('',(0.0454249999999999,-0.0786784079338162,0.0311860947472785));
#2394=CARTESIAN_POINT('',(0.09085,-0.0524522719558776,0.0313218090329928));
#2395=CARTESIAN_POINT('',(0.09085,0.,0.031457523318707));
#2396=CARTESIAN_POINT('',(0.09085,0.0524522719558775,0.0315932376044213));
#2397=CARTESIAN_POINT('',(0.045425,0.0786784079338162,0.0317289518901356));
#2398=CARTESIAN_POINT('',(6.42355069587718E-18,0.104904543911755,0.0318646661758499));
#2399=CARTESIAN_POINT('',(-0.045425,0.0786784079338162,0.0320003804615642));
#2400=CARTESIAN_POINT('',(-0.09085,0.0524522719558775,0.0321360947472784));
#2401=CARTESIAN_POINT('',(-0.09085,1.11259161702537E-17,0.0322718090329927));
#2402=CARTESIAN_POINT('',(-0.09085,-0.0524522719558774,0.032407523318707));
#2403=CARTESIAN_POINT('',(-0.045425,-0.0786784079338162,0.0325432376044213));
#2404=CARTESIAN_POINT('',(-1.92706520876315E-17,-0.104904543911755,0.0326789518901356));
#2405=CARTESIAN_POINT('',(0.0454249999999999,-0.0786784079338162,0.0328146661758499));
#2406=CARTESIAN_POINT('',(0.09085,-0.0524522719558776,0.0329503804615642));
#2407=CARTESIAN_POINT('',(0.09085,0.,0.0330860947472784));
#2408=CARTESIAN_POINT('',(0.09085,0.0524522719558775,0.0332218090329927));
#2409=CARTESIAN_POINT('',(0.045425,0.0786784079338162,0.033357523318707));
#2410=CARTESIAN_POINT('',(6.42355069587718E-18,0.104904543911755,0.0334932376044213));
#2411=CARTESIAN_POINT('',(-0.045425,0.0786784079338162,0.0336289518901356));
#2412=CARTESIAN_POINT('',(-0.09085,0.0524522719558775,0.0337646661758499));
#2413=CARTESIAN_POINT('',(-0.09085,1.11259161702537E-17,0.0339003804615641));
#2414=CARTESIAN_POINT('',(-0.09085,-0.0524522719558774,0.0340360947472785));
#2415=CARTESIAN_POINT('',(-0.045425,-0.0786784079338162,0.0341718090329927));
#2416=CARTESIAN_POINT('',(-1.92706520876315E-17,-0.104904543911755,0.034307523318707));
#2417=CARTESIAN_POINT('',(0.0454249999999999,-0.0786784079338162,0.0344432376044213));
#2418=CARTESIAN_POINT('',(0.09085,-0.0524522719558776,0.0345789518901356));
#2419=CARTESIAN_POINT('',(0.09085,0.,0.0347146661758499));
#2420=CARTESIAN_POINT('',(0.09085,0.0524522719558775,0.0348503804615642));
#2421=CARTESIAN_POINT('',(0.045425,0.0786784079338162,0.0349860947472785));
#2422=CARTESIAN_POINT('',(6.42355069587718E-18,0.104904543911755,0.0351218090329927));
#2423=CARTESIAN_POINT('',(-0.045425,0.0786784079338162,0.035257523318707));
#2424=CARTESIAN_POINT('',(-0.09085,0.0524522719558775,0.0353932376044213));
#2425=CARTESIAN_POINT('',(-0.09085,1.11259161702537E-17,0.0355289518901356));
#2426=CARTESIAN_POINT('',(-0.09085,-0.0524522719558774,0.0356646661758499));
#2427=CARTESIAN_POINT('',(-0.045425,-0.0786784079338162,0.0358003804615642));
#2428=CARTESIAN_POINT('',(-1.92706520876315E-17,-0.104904543911755,0.0359360947472785));
#2429=CARTESIAN_POINT('',(0.0454249999999999,-0.0786784079338162,0.0360718090329927));
#2430=CARTESIAN_POINT('',(0.09085,-0.0524522719558776,0.036207523318707));
#2431=CARTESIAN_POINT('',(0.09085,0.,0.0363432376044213));
#2432=CARTESIAN_POINT('',(0.09085,0.0524522719558775,0.0364789518901356));
#2433=CARTESIAN_POINT('',(0.045425,0.0786784079338162,0.0366146661758499));
#2434=CARTESIAN_POINT('',(6.42355069587718E-18,0.104904543911755,0.0367503804615642));
#2435=CARTESIAN_POINT('',(-0.045425,0.0786784079338162,0.0368860947472784));
#2436=CARTESIAN_POINT('',(-0.09085,0.0524522719558775,0.0370218090329927));
#2437=CARTESIAN_POINT('',(-0.09085,1.11259161702537E-17,0.037157523318707));
#2438=CARTESIAN_POINT('',(-0.09085,-0.0524522719558774,0.0372932376044213));
#2439=CARTESIAN_POINT('',(-0.045425,-0.0786784079338162,0.0374289518901356));
#2440=CARTESIAN_POINT('',(-1.92706520876315E-17,-0.104904543911755,0.0375646661758499));
#2441=CARTESIAN_POINT('',(0.0454249999999999,-0.0786784079338162,0.0377003804615642));
#2442=CARTESIAN_POINT('',(0.09085,-0.0524522719558776,0.0378360947472785));
#2443=CARTESIAN_POINT('',(0.09085,0.,0.0379718090329927));
#2444=CARTESIAN_POINT('',(0.09085,0.0524522719558775,0.038107523318707));
#2445=CARTESIAN_POINT('',(0.045425,0.0786784079338162,0.0382432376044213));
#2446=CARTESIAN_POINT('',(6.42355069587718E-18,0.104904543911755,0.0383789518901356));
#2447=CARTESIAN_POINT('',(-0.045425,0.0786784079338162,0.0385146661758499));
#2448=CARTESIAN_POINT('',(-0.09085,0.0524522719558775,0.0386503804615642));
#2449=CARTESIAN_POINT('',(-0.09085,1.11259161702537E-17,0.0387860947472785));
#2450=CARTESIAN_POINT('',(-0.09085,-0.0524522719558774,0.0389218090329928));
#2451=CARTESIAN_POINT('',(-0.045425,-0.0786784079338162,0.039057523318707));
#2452=CARTESIAN_POINT('',(-1.92706520876315E-17,-0.104904543911755,0.0391932376044213));
#2453=CARTESIAN_POINT('',(0.0454249999999999,-0.0786784079338162,0.0393289518901356));
#2454=CARTESIAN_POINT('',(0.09085,-0.0524522719558776,0.0394646661758499));
#2455=CARTESIAN_POINT('',(0.09085,0.,0.0396003804615641));
#2456=CARTESIAN_POINT('',(0.0906172277658358,0.,-0.0177122941014654));
#2457=CARTESIAN_POINT('',(0.0906172277658359,0.052317880843823,-0.0175765798157511));
#2458=CARTESIAN_POINT('',(0.045308613882918,0.0784768212657344,-0.0174408655300368));
#2459=CARTESIAN_POINT('',(6.40709253135605E-18,0.104635761687646,-0.0173051512443225));
#2460=CARTESIAN_POINT('',(-0.0453086138829179,0.0784768212657344,-0.0171694369586082));
#2461=CARTESIAN_POINT('',(-0.0906172277658359,0.0523178808438231,-0.0170337226728939));
#2462=CARTESIAN_POINT('',(-0.0906172277658358,1.10974097931038E-17,-0.0168980083871797));
#2463=CARTESIAN_POINT('',(-0.0906172277658359,-0.052317880843823,-0.0167622941014654));
#2464=CARTESIAN_POINT('',(-0.045308613882918,-0.0784768212657344,-0.0166265798157511));
#2465=CARTESIAN_POINT('',(-1.92212775940681E-17,-0.104635761687646,-0.0164908655300368));
#2466=CARTESIAN_POINT('',(0.0453086138829179,-0.0784768212657345,-0.0163551512443225));
#2467=CARTESIAN_POINT('',(0.0906172277658359,-0.0523178808438231,-0.0162194369586082));
#2468=CARTESIAN_POINT('',(0.0906172277658358,0.,-0.0160837226728939));
#2469=CARTESIAN_POINT('',(0.0906172277658359,0.052317880843823,-0.0159480083871797));
#2470=CARTESIAN_POINT('',(0.045308613882918,0.0784768212657344,-0.0158122941014654));
#2471=CARTESIAN_POINT('',(6.40709253135605E-18,0.104635761687646,-0.0156765798157511));
#2472=CARTESIAN_POINT('',(-0.0453086138829179,0.0784768212657344,-0.0155408655300368));
#2473=CARTESIAN_POINT('',(-0.0906172277658359,0.0523178808438231,-0.0154051512443225));
#2474=CARTESIAN_POINT('',(-0.0906172277658358,1.10974097931038E-17,-0.0152694369586082));
#2475=CARTESIAN_POINT('',(-0.0906172277658359,-0.052317880843823,-0.015133722672894));
#2476=CARTESIAN_POINT('',(-0.045308613882918,-0.0784768212657344,-0.0149980083871797));
#2477=CARTESIAN_POINT('',(-1.92212775940681E-17,-0.104635761687646,-0.0148622941014654));
#2478=CARTESIAN_POINT('',(0.0453086138829179,-0.0784768212657345,-0.0147265798157511));
#2479=CARTESIAN_POINT('',(0.0906172277658359,-0.0523178808438231,-0.0145908655300368));
#2480=CARTESIAN_POINT('',(0.0906172277658358,0.,-0.0144551512443225));
#2481=CARTESIAN_POINT('',(0.0906172277658359,0.052317880843823,-0.0143194369586082));
#2482=CARTESIAN_POINT('',(0.045308613882918,0.0784768212657344,-0.014183722672894));
#2483=CARTESIAN_POINT('',(6.40709253135605E-18,0.104635761687646,-0.0140480083871797));
#2484=CARTESIAN_POINT('',(-0.0453086138829179,0.0784768212657344,-0.0139122941014654));
#2485=CARTESIAN_POINT('',(-0.0906172277658359,0.0523178808438231,-0.0137765798157511));
#2486=CARTESIAN_POINT('',(-0.0906172277658358,1.10974097931038E-17,-0.0136408655300368));
#2487=CARTESIAN_POINT('',(-0.0906172277658359,-0.052317880843823,-0.0135051512443225));
#2488=CARTESIAN_POINT('',(-0.045308613882918,-0.0784768212657344,-0.0133694369586082));
#2489=CARTESIAN_POINT('',(-1.92212775940681E-17,-0.104635761687646,-0.013233722672894));
#2490=CARTESIAN_POINT('',(0.0453086138829179,-0.0784768212657345,-0.0130980083871797));
#2491=CARTESIAN_POINT('',(0.0906172277658359,-0.0523178808438231,-0.0129622941014654));
#2492=CARTESIAN_POINT('',(0.0906172277658358,0.,-0.0128265798157511));
#2493=CARTESIAN_POINT('',(0.0906172277658359,0.052317880843823,-0.0126908655300368));
#2494=CARTESIAN_POINT('',(0.045308613882918,0.0784768212657344,-0.0125551512443225));
#2495=CARTESIAN_POINT('',(6.40709253135605E-18,0.104635761687646,-0.0124194369586082));
#2496=CARTESIAN_POINT('',(-0.0453086138829179,0.0784768212657344,-0.0122837226728939));
#2497=CARTESIAN_POINT('',(-0.0906172277658359,0.0523178808438231,-0.0121480083871797));
#2498=CARTESIAN_POINT('',(-0.0906172277658358,1.10974097931038E-17,-0.0120122941014654));
#2499=CARTESIAN_POINT('',(-0.0906172277658359,-0.052317880843823,-0.0118765798157511));
#2500=CARTESIAN_POINT('',(-0.045308613882918,-0.0784768212657344,-0.0117408655300368));
#2501=CARTESIAN_POINT('',(-1.92212775940681E-17,-0.104635761687646,-0.0116051512443225));
#2502=CARTESIAN_POINT('',(0.0453086138829179,-0.0784768212657345,-0.0114694369586082));
#2503=CARTESIAN_POINT('',(0.0906172277658359,-0.0523178808438231,-0.011333722672894));
#2504=CARTESIAN_POINT('',(0.0906172277658358,0.,-0.0111980083871797));
#2505=CARTESIAN_POINT('',(0.0906172277658359,0.052317880843823,-0.0110622941014654));
#2506=CARTESIAN_POINT('',(0.045308613882918,0.0784768212657344,-0.0109265798157511));
#2507=CARTESIAN_POINT('',(6.40709253135605E-18,0.104635761687646,-0.0107908655300368));
#2508=CARTESIAN_POINT('',(-0.0453086138829179,0.0784768212657344,-0.0106551512443225));
#2509=CARTESIAN_POINT('',(-0.0906172277658359,0.0523178808438231,-0.0105194369586083));
#2510=CARTESIAN_POINT('',(-0.0906172277658358,1.10974097931038E-17,-0.010383722672894));
#2511=CARTESIAN_POINT('',(-0.0906172277658359,-0.052317880843823,-0.0102480083871797));
#2512=CARTESIAN_POINT('',(-0.045308613882918,-0.0784768212657344,-0.0101122941014654));
#2513=CARTESIAN_POINT('',(-1.92212775940681E-17,-0.104635761687646,-0.0099765798157511));
#2514=CARTESIAN_POINT('',(0.0453086138829179,-0.0784768212657345,-0.00984086553003681));
#2515=CARTESIAN_POINT('',(0.0906172277658359,-0.0523178808438231,-0.00970515124432253));
#2516=CARTESIAN_POINT('',(0.0906172277658358,0.,-0.00956943695860825));
#2517=CARTESIAN_POINT('',(0.0906172277658359,0.052317880843823,-0.00943372267289395));
#2518=CARTESIAN_POINT('',(0.045308613882918,0.0784768212657344,-0.00929800838717967));
#2519=CARTESIAN_POINT('',(6.40709253135605E-18,0.104635761687646,-0.00916229410146539));
#2520=CARTESIAN_POINT('',(-0.0453086138829179,0.0784768212657344,-0.00902657981575109));
#2521=CARTESIAN_POINT('',(-0.0906172277658359,0.0523178808438231,-0.00889086553003682));
#2522=CARTESIAN_POINT('',(-0.0906172277658358,1.10974097931038E-17,-0.00875515124432252));
#2523=CARTESIAN_POINT('',(-0.0906172277658359,-0.052317880843823,-0.00861943695860825));
#2524=CARTESIAN_POINT('',(-0.045308613882918,-0.0784768212657344,-0.00848372267289395));
#2525=CARTESIAN_POINT('',(-1.92212775940681E-17,-0.104635761687646,-0.00834800838717967));
#2526=CARTESIAN_POINT('',(0.0453086138829179,-0.0784768212657345,-0.00821229410146538));
#2527=CARTESIAN_POINT('',(0.0906172277658359,-0.0523178808438231,-0.0080765798157511));
#2528=CARTESIAN_POINT('',(0.0906172277658358,0.,-0.00794086553003681));
#2529=CARTESIAN_POINT('',(0.0906172277658359,0.052317880843823,-0.00780515124432253));
#2530=CARTESIAN_POINT('',(0.045308613882918,0.0784768212657344,-0.00766943695860824));
#2531=CARTESIAN_POINT('',(6.40709253135605E-18,0.104635761687646,-0.00753372267289396));
#2532=CARTESIAN_POINT('',(-0.0453086138829179,0.0784768212657344,-0.00739800838717966));
#2533=CARTESIAN_POINT('',(-0.0906172277658359,0.0523178808438231,-0.00726229410146539));
#2534=CARTESIAN_POINT('',(-0.0906172277658358,1.10974097931038E-17,-0.0071265798157511));
#2535=CARTESIAN_POINT('',(-0.0906172277658359,-0.052317880843823,-0.00699086553003681));
#2536=CARTESIAN_POINT('',(-0.045308613882918,-0.0784768212657344,-0.00685515124432253));
#2537=CARTESIAN_POINT('',(-1.92212775940681E-17,-0.104635761687646,-0.00671943695860824));
#2538=CARTESIAN_POINT('',(0.0453086138829179,-0.0784768212657345,-0.00658372267289396));
#2539=CARTESIAN_POINT('',(0.0906172277658359,-0.0523178808438231,-0.00644800838717968));
#2540=CARTESIAN_POINT('',(0.0906172277658358,0.,-0.00631229410146539));
#2541=CARTESIAN_POINT('',(0.0906172277658359,0.052317880843823,-0.00617657981575111));
#2542=CARTESIAN_POINT('',(0.045308613882918,0.0784768212657344,-0.00604086553003682));
#2543=CARTESIAN_POINT('',(6.40709253135605E-18,0.104635761687646,-0.00590515124432253));
#2544=CARTESIAN_POINT('',(-0.0453086138829179,0.0784768212657344,-0.00576943695860825));
#2545=CARTESIAN_POINT('',(-0.0906172277658359,0.0523178808438231,-0.00563372267289396));
#2546=CARTESIAN_POINT('',(-0.0906172277658358,1.10974097931038E-17,-0.00549800838717967));
#2547=CARTESIAN_POINT('',(-0.0906172277658359,-0.052317880843823,-0.00536229410146539));
#2548=CARTESIAN_POINT('',(-0.045308613882918,-0.0784768212657344,-0.0052265798157511));
#2549=CARTESIAN_POINT('',(-1.92212775940681E-17,-0.104635761687646,-0.00509086553003682));
#2550=CARTESIAN_POINT('',(0.0453086138829179,-0.0784768212657345,-0.00495515124432253));
#2551=CARTESIAN_POINT('',(0.0906172277658359,-0.0523178808438231,-0.00481943695860825));
#2552=CARTESIAN_POINT('',(0.0906172277658358,0.,-0.00468372267289396));
#2553=CARTESIAN_POINT('',(0.0906172277658359,0.052317880843823,-0.00454800838717967));
#2554=CARTESIAN_POINT('',(0.045308613882918,0.0784768212657344,-0.00441229410146539));
#2555=CARTESIAN_POINT('',(6.40709253135605E-18,0.104635761687646,-0.0042765798157511));
#2556=CARTESIAN_POINT('',(-0.0453086138829179,0.0784768212657344,-0.00414086553003681));
#2557=CARTESIAN_POINT('',(-0.0906172277658359,0.0523178808438231,-0.00400515124432253));
#2558=CARTESIAN_POINT('',(-0.0906172277658358,1.10974097931038E-17,-0.00386943695860824));
#2559=CARTESIAN_POINT('',(-0.0906172277658359,-0.052317880843823,-0.00373372267289396));
#2560=CARTESIAN_POINT('',(-0.045308613882918,-0.0784768212657344,-0.00359800838717967));
#2561=CARTESIAN_POINT('',(-1.92212775940681E-17,-0.104635761687646,-0.00346229410146539));
#2562=CARTESIAN_POINT('',(0.0453086138829179,-0.0784768212657345,-0.0033265798157511));
#2563=CARTESIAN_POINT('',(0.0906172277658359,-0.0523178808438231,-0.00319086553003682));
#2564=CARTESIAN_POINT('',(0.0906172277658358,0.,-0.00305515124432253));
#2565=CARTESIAN_POINT('',(0.0906172277658359,0.052317880843823,-0.00291943695860824));
#2566=CARTESIAN_POINT('',(0.045308613882918,0.0784768212657344,-0.00278372267289396));
#2567=CARTESIAN_POINT('',(6.40709253135605E-18,0.104635761687646,-0.00264800838717967));
#2568=CARTESIAN_POINT('',(-0.0453086138829179,0.0784768212657344,-0.00251229410146538));
#2569=CARTESIAN_POINT('',(-0.0906172277658359,0.0523178808438231,-0.0023765798157511));
#2570=CARTESIAN_POINT('',(-0.0906172277658358,1.10974097931038E-17,-0.00224086553003681));
#2571=CARTESIAN_POINT('',(-0.0906172277658359,-0.052317880843823,-0.00210515124432253));
#2572=CARTESIAN_POINT('',(-0.045308613882918,-0.0784768212657344,-0.00196943695860824));
#2573=CARTESIAN_POINT('',(-1.92212775940681E-17,-0.104635761687646,-0.00183372267289396));
#2574=CARTESIAN_POINT('',(0.0453086138829179,-0.0784768212657345,-0.00169800838717967));
#2575=CARTESIAN_POINT('',(0.0906172277658359,-0.0523178808438231,-0.00156229410146539));
#2576=CARTESIAN_POINT('',(0.0906172277658358,0.,-0.0014265798157511));
#2577=CARTESIAN_POINT('',(0.0906172277658359,0.052317880843823,-0.00129086553003681));
#2578=CARTESIAN_POINT('',(0.045308613882918,0.0784768212657344,-0.00115515124432253));
#2579=CARTESIAN_POINT('',(6.40709253135605E-18,0.104635761687646,-0.00101943695860824));
#2580=CARTESIAN_POINT('',(-0.0453086138829179,0.0784768212657344,-0.000883722672893959));
#2581=CARTESIAN_POINT('',(-0.0906172277658359,0.0523178808438231,-0.000748008387179672));
#2582=CARTESIAN_POINT('',(-0.0906172277658358,1.10974097931038E-17,-0.000612294101465387));
#2583=CARTESIAN_POINT('',(-0.0906172277658359,-0.052317880843823,-0.0004765798157511));
#2584=CARTESIAN_POINT('',(-0.045308613882918,-0.0784768212657344,-0.000340865530036815));
#2585=CARTESIAN_POINT('',(-1.92212775940681E-17,-0.104635761687646,-0.000205151244322531));
#2586=CARTESIAN_POINT('',(0.0453086138829179,-0.0784768212657345,-6.94369586082439E-5));
#2587=CARTESIAN_POINT('',(0.0906172277658359,-0.0523178808438231,6.62773271060401E-5));
#2588=CARTESIAN_POINT('',(0.0906172277658358,0.,0.000201991612820328));
#2589=CARTESIAN_POINT('',(0.0906172277658359,0.052317880843823,0.000337705898534612));
#2590=CARTESIAN_POINT('',(0.045308613882918,0.0784768212657344,0.000473420184248899));
#2591=CARTESIAN_POINT('',(6.40709253135605E-18,0.104635761687646,0.000609134469963184));
#2592=CARTESIAN_POINT('',(-0.0453086138829179,0.0784768212657344,0.000744848755677471));
#2593=CARTESIAN_POINT('',(-0.0906172277658359,0.0523178808438231,0.000880563041391756));
#2594=CARTESIAN_POINT('',(-0.0906172277658358,1.10974097931038E-17,0.00101627732710604));
#2595=CARTESIAN_POINT('',(-0.0906172277658359,-0.052317880843823,0.00115199161282033));
#2596=CARTESIAN_POINT('',(-0.045308613882918,-0.0784768212657344,0.00128770589853461));
#2597=CARTESIAN_POINT('',(-1.92212775940681E-17,-0.104635761687646,0.0014234201842489));
#2598=CARTESIAN_POINT('',(0.0453086138829179,-0.0784768212657345,0.00155913446996318));
#2599=CARTESIAN_POINT('',(0.0906172277658359,-0.0523178808438231,0.00169484875567747));
#2600=CARTESIAN_POINT('',(0.0906172277658358,0.,0.00183056304139175));
#2601=CARTESIAN_POINT('',(0.0906172277658359,0.052317880843823,0.00196627732710604));
#2602=CARTESIAN_POINT('',(0.045308613882918,0.0784768212657344,0.00210199161282032));
#2603=CARTESIAN_POINT('',(6.40709253135605E-18,0.104635761687646,0.00223770589853461));
#2604=CARTESIAN_POINT('',(-0.0453086138829179,0.0784768212657344,0.0023734201842489));
#2605=CARTESIAN_POINT('',(-0.0906172277658359,0.0523178808438231,0.00250913446996319));
#2606=CARTESIAN_POINT('',(-0.0906172277658358,1.10974097931038E-17,0.00264484875567747));
#2607=CARTESIAN_POINT('',(-0.0906172277658359,-0.052317880843823,0.00278056304139176));
#2608=CARTESIAN_POINT('',(-0.045308613882918,-0.0784768212657344,0.00291627732710604));
#2609=CARTESIAN_POINT('',(-1.92212775940681E-17,-0.104635761687646,0.00305199161282032));
#2610=CARTESIAN_POINT('',(0.0453086138829179,-0.0784768212657345,0.00318770589853461));
#2611=CARTESIAN_POINT('',(0.0906172277658359,-0.0523178808438231,0.0033234201842489));
#2612=CARTESIAN_POINT('',(0.0906172277658358,0.,0.00345913446996318));
#2613=CARTESIAN_POINT('',(0.0906172277658359,0.052317880843823,0.00359484875567747));
#2614=CARTESIAN_POINT('',(0.045308613882918,0.0784768212657344,0.00373056304139175));
#2615=CARTESIAN_POINT('',(6.40709253135605E-18,0.104635761687646,0.00386627732710604));
#2616=CARTESIAN_POINT('',(-0.0453086138829179,0.0784768212657344,0.00400199161282032));
#2617=CARTESIAN_POINT('',(-0.0906172277658359,0.0523178808438231,0.00413770589853462));
#2618=CARTESIAN_POINT('',(-0.0906172277658358,1.10974097931038E-17,0.0042734201842489));
#2619=CARTESIAN_POINT('',(-0.0906172277658359,-0.052317880843823,0.00440913446996319));
#2620=CARTESIAN_POINT('',(-0.045308613882918,-0.0784768212657344,0.00454484875567747));
#2621=CARTESIAN_POINT('',(-1.92212775940681E-17,-0.104635761687646,0.00468056304139176));
#2622=CARTESIAN_POINT('',(0.0453086138829179,-0.0784768212657345,0.00481627732710604));
#2623=CARTESIAN_POINT('',(0.0906172277658359,-0.0523178808438231,0.00495199161282033));
#2624=CARTESIAN_POINT('',(0.0906172277658358,0.,0.00508770589853461));
#2625=CARTESIAN_POINT('',(0.0906172277658359,0.052317880843823,0.0052234201842489));
#2626=CARTESIAN_POINT('',(0.045308613882918,0.0784768212657344,0.00535913446996318));
#2627=CARTESIAN_POINT('',(6.40709253135605E-18,0.104635761687646,0.00549484875567747));
#2628=CARTESIAN_POINT('',(-0.0453086138829179,0.0784768212657344,0.00563056304139176));
#2629=CARTESIAN_POINT('',(-0.0906172277658359,0.0523178808438231,0.00576627732710604));
#2630=CARTESIAN_POINT('',(-0.0906172277658358,1.10974097931038E-17,0.00590199161282033));
#2631=CARTESIAN_POINT('',(-0.0906172277658359,-0.052317880843823,0.00603770589853461));
#2632=CARTESIAN_POINT('',(-0.045308613882918,-0.0784768212657344,0.0061734201842489));
#2633=CARTESIAN_POINT('',(-1.92212775940681E-17,-0.104635761687646,0.00630913446996319));
#2634=CARTESIAN_POINT('',(0.0453086138829179,-0.0784768212657345,0.00644484875567747));
#2635=CARTESIAN_POINT('',(0.0906172277658359,-0.0523178808438231,0.00658056304139176));
#2636=CARTESIAN_POINT('',(0.0906172277658358,0.,0.00671627732710604));
#2637=CARTESIAN_POINT('',(0.0906172277658359,0.052317880843823,0.00685199161282033));
#2638=CARTESIAN_POINT('',(0.045308613882918,0.0784768212657344,0.00698770589853461));
#2639=CARTESIAN_POINT('',(6.40709253135605E-18,0.104635761687646,0.0071234201842489));
#2640=CARTESIAN_POINT('',(-0.0453086138829179,0.0784768212657344,0.00725913446996318));
#2641=CARTESIAN_POINT('',(-0.0906172277658359,0.0523178808438231,0.00739484875567748));
#2642=CARTESIAN_POINT('',(-0.0906172277658358,1.10974097931038E-17,0.00753056304139176));
#2643=CARTESIAN_POINT('',(-0.0906172277658359,-0.052317880843823,0.00766627732710604));
#2644=CARTESIAN_POINT('',(-0.045308613882918,-0.0784768212657344,0.00780199161282033));
#2645=CARTESIAN_POINT('',(-1.92212775940681E-17,-0.104635761687646,0.00793770589853461));
#2646=CARTESIAN_POINT('',(0.0453086138829179,-0.0784768212657345,0.0080734201842489));
#2647=CARTESIAN_POINT('',(0.0906172277658359,-0.0523178808438231,0.00820913446996319));
#2648=CARTESIAN_POINT('',(0.0906172277658358,0.,0.00834484875567747));
#2649=CARTESIAN_POINT('',(0.0906172277658359,0.052317880843823,0.00848056304139176));
#2650=CARTESIAN_POINT('',(0.045308613882918,0.0784768212657344,0.00861627732710604));
#2651=CARTESIAN_POINT('',(6.40709253135605E-18,0.104635761687646,0.00875199161282033));
#2652=CARTESIAN_POINT('',(-0.0453086138829179,0.0784768212657344,0.00888770589853462));
#2653=CARTESIAN_POINT('',(-0.0906172277658359,0.0523178808438231,0.0090234201842489));
#2654=CARTESIAN_POINT('',(-0.0906172277658358,1.10974097931038E-17,0.00915913446996319));
#2655=CARTESIAN_POINT('',(-0.0906172277658359,-0.052317880843823,0.00929484875567747));
#2656=CARTESIAN_POINT('',(-0.045308613882918,-0.0784768212657344,0.00943056304139176));
#2657=CARTESIAN_POINT('',(-1.92212775940681E-17,-0.104635761687646,0.00956627732710605));
#2658=CARTESIAN_POINT('',(0.0453086138829179,-0.0784768212657345,0.00970199161282032));
#2659=CARTESIAN_POINT('',(0.0906172277658359,-0.0523178808438231,0.00983770589853462));
#2660=CARTESIAN_POINT('',(0.0906172277658358,0.,0.00997342018424889));
#2661=CARTESIAN_POINT('',(0.0906172277658359,0.052317880843823,0.0101091344699632));
#2662=CARTESIAN_POINT('',(0.045308613882918,0.0784768212657344,0.0102448487556775));
#2663=CARTESIAN_POINT('',(6.40709253135605E-18,0.104635761687646,0.0103805630413918));
#2664=CARTESIAN_POINT('',(-0.0453086138829179,0.0784768212657344,0.010516277327106));
#2665=CARTESIAN_POINT('',(-0.0906172277658359,0.0523178808438231,0.0106519916128203));
#2666=CARTESIAN_POINT('',(-0.0906172277658358,1.10974097931038E-17,0.0107877058985346));
#2667=CARTESIAN_POINT('',(-0.0906172277658359,-0.052317880843823,0.0109234201842489));
#2668=CARTESIAN_POINT('',(-0.045308613882918,-0.0784768212657344,0.0110591344699632));
#2669=CARTESIAN_POINT('',(-1.92212775940681E-17,-0.104635761687646,0.0111948487556775));
#2670=CARTESIAN_POINT('',(0.0453086138829179,-0.0784768212657345,0.0113305630413918));
#2671=CARTESIAN_POINT('',(0.0906172277658359,-0.0523178808438231,0.011466277327106));
#2672=CARTESIAN_POINT('',(0.0906172277658358,0.,0.0116019916128203));
#2673=CARTESIAN_POINT('',(0.0906172277658359,0.052317880843823,0.0117377058985346));
#2674=CARTESIAN_POINT('',(0.045308613882918,0.0784768212657344,0.0118734201842489));
#2675=CARTESIAN_POINT('',(6.40709253135605E-18,0.104635761687646,0.0120091344699632));
#2676=CARTESIAN_POINT('',(-0.0453086138829179,0.0784768212657344,0.0121448487556775));
#2677=CARTESIAN_POINT('',(-0.0906172277658359,0.0523178808438231,0.0122805630413918));
#2678=CARTESIAN_POINT('',(-0.0906172277658358,1.10974097931038E-17,0.012416277327106));
#2679=CARTESIAN_POINT('',(-0.0906172277658359,-0.052317880843823,0.0125519916128203));
#2680=CARTESIAN_POINT('',(-0.045308613882918,-0.0784768212657344,0.0126877058985346));
#2681=CARTESIAN_POINT('',(-1.92212775940681E-17,-0.104635761687646,0.0128234201842489));
#2682=CARTESIAN_POINT('',(0.0453086138829179,-0.0784768212657345,0.0129591344699632));
#2683=CARTESIAN_POINT('',(0.0906172277658359,-0.0523178808438231,0.0130948487556775));
#2684=CARTESIAN_POINT('',(0.0906172277658358,0.,0.0132305630413917));
#2685=CARTESIAN_POINT('',(0.0906172277658359,0.052317880843823,0.013366277327106));
#2686=CARTESIAN_POINT('',(0.045308613882918,0.0784768212657344,0.0135019916128203));
#2687=CARTESIAN_POINT('',(6.40709253135605E-18,0.104635761687646,0.0136377058985346));
#2688=CARTESIAN_POINT('',(-0.0453086138829179,0.0784768212657344,0.0137734201842489));
#2689=CARTESIAN_POINT('',(-0.0906172277658359,0.0523178808438231,0.0139091344699632));
#2690=CARTESIAN_POINT('',(-0.0906172277658358,1.10974097931038E-17,0.0140448487556774));
#2691=CARTESIAN_POINT('',(-0.0906172277658359,-0.052317880843823,0.0141805630413917));
#2692=CARTESIAN_POINT('',(-0.045308613882918,-0.0784768212657344,0.014316277327106));
#2693=CARTESIAN_POINT('',(-1.92212775940681E-17,-0.104635761687646,0.0144519916128203));
#2694=CARTESIAN_POINT('',(0.0453086138829179,-0.0784768212657345,0.0145877058985346));
#2695=CARTESIAN_POINT('',(0.0906172277658359,-0.0523178808438231,0.0147234201842489));
#2696=CARTESIAN_POINT('',(0.0906172277658358,0.,0.0148591344699632));
#2697=CARTESIAN_POINT('',(0.0906172277658359,0.052317880843823,0.0149948487556775));
#2698=CARTESIAN_POINT('',(0.045308613882918,0.0784768212657344,0.0151305630413918));
#2699=CARTESIAN_POINT('',(6.40709253135605E-18,0.104635761687646,0.015266277327106));
#2700=CARTESIAN_POINT('',(-0.0453086138829179,0.0784768212657344,0.0154019916128203));
#2701=CARTESIAN_POINT('',(-0.0906172277658359,0.0523178808438231,0.0155377058985346));
#2702=CARTESIAN_POINT('',(-0.0906172277658358,1.10974097931038E-17,0.0156734201842489));
#2703=CARTESIAN_POINT('',(-0.0906172277658359,-0.052317880843823,0.0158091344699632));
#2704=CARTESIAN_POINT('',(-0.045308613882918,-0.0784768212657344,0.0159448487556775));
#2705=CARTESIAN_POINT('',(-1.92212775940681E-17,-0.104635761687646,0.0160805630413918));
#2706=CARTESIAN_POINT('',(0.0453086138829179,-0.0784768212657345,0.016216277327106));
#2707=CARTESIAN_POINT('',(0.0906172277658359,-0.0523178808438231,0.0163519916128203));
#2708=CARTESIAN_POINT('',(0.0906172277658358,0.,0.0164877058985346));
#2709=CARTESIAN_POINT('',(0.0906172277658359,0.052317880843823,0.0166234201842489));
#2710=CARTESIAN_POINT('',(0.045308613882918,0.0784768212657344,0.0167591344699632));
#2711=CARTESIAN_POINT('',(6.40709253135605E-18,0.104635761687646,0.0168948487556775));
#2712=CARTESIAN_POINT('',(-0.0453086138829179,0.0784768212657344,0.0170305630413917));
#2713=CARTESIAN_POINT('',(-0.0906172277658359,0.0523178808438231,0.0171662773271061));
#2714=CARTESIAN_POINT('',(-0.0906172277658358,1.10974097931038E-17,0.0173019916128203));
#2715=CARTESIAN_POINT('',(-0.0906172277658359,-0.052317880843823,0.0174377058985346));
#2716=CARTESIAN_POINT('',(-0.045308613882918,-0.0784768212657344,0.0175734201842489));
#2717=CARTESIAN_POINT('',(-1.92212775940681E-17,-0.104635761687646,0.0177091344699632));
#2718=CARTESIAN_POINT('',(0.0453086138829179,-0.0784768212657345,0.0178448487556774));
#2719=CARTESIAN_POINT('',(0.0906172277658359,-0.0523178808438231,0.0179805630413918));
#2720=CARTESIAN_POINT('',(0.0906172277658358,0.,0.018116277327106));
#2721=CARTESIAN_POINT('',(0.0906172277658359,0.052317880843823,0.0182519916128204));
#2722=CARTESIAN_POINT('',(0.045308613882918,0.0784768212657344,0.0183877058985346));
#2723=CARTESIAN_POINT('',(6.40709253135605E-18,0.104635761687646,0.0185234201842489));
#2724=CARTESIAN_POINT('',(-0.0453086138829179,0.0784768212657344,0.0186591344699632));
#2725=CARTESIAN_POINT('',(-0.0906172277658359,0.0523178808438231,0.0187948487556775));
#2726=CARTESIAN_POINT('',(-0.0906172277658358,1.10974097931038E-17,0.0189305630413918));
#2727=CARTESIAN_POINT('',(-0.0906172277658359,-0.052317880843823,0.019066277327106));
#2728=CARTESIAN_POINT('',(-0.045308613882918,-0.0784768212657344,0.0192019916128203));
#2729=CARTESIAN_POINT('',(-1.92212775940681E-17,-0.104635761687646,0.0193377058985346));
#2730=CARTESIAN_POINT('',(0.0453086138829179,-0.0784768212657345,0.0194734201842489));
#2731=CARTESIAN_POINT('',(0.0906172277658359,-0.0523178808438231,0.0196091344699632));
#2732=CARTESIAN_POINT('',(0.0906172277658358,0.,0.0197448487556775));
#2733=CARTESIAN_POINT('',(0.0906172277658359,0.052317880843823,0.0198805630413918));
#2734=CARTESIAN_POINT('',(0.045308613882918,0.0784768212657344,0.020016277327106));
#2735=CARTESIAN_POINT('',(6.40709253135605E-18,0.104635761687646,0.0201519916128203));
#2736=CARTESIAN_POINT('',(-0.0453086138829179,0.0784768212657344,0.0202877058985346));
#2737=CARTESIAN_POINT('',(-0.0906172277658359,0.0523178808438231,0.0204234201842489));
#2738=CARTESIAN_POINT('',(-0.0906172277658358,1.10974097931038E-17,0.0205591344699632));
#2739=CARTESIAN_POINT('',(-0.0906172277658359,-0.052317880843823,0.0206948487556775));
#2740=CARTESIAN_POINT('',(-0.045308613882918,-0.0784768212657344,0.0208305630413917));
#2741=CARTESIAN_POINT('',(-1.92212775940681E-17,-0.104635761687646,0.020966277327106));
#2742=CARTESIAN_POINT('',(0.0453086138829179,-0.0784768212657345,0.0211019916128203));
#2743=CARTESIAN_POINT('',(0.0906172277658359,-0.0523178808438231,0.0212377058985346));
#2744=CARTESIAN_POINT('',(0.0906172277658358,0.,0.0213734201842489));
#2745=CARTESIAN_POINT('',(0.0906172277658359,0.052317880843823,0.0215091344699632));
#2746=CARTESIAN_POINT('',(0.045308613882918,0.0784768212657344,0.0216448487556775));
#2747=CARTESIAN_POINT('',(6.40709253135605E-18,0.104635761687646,0.0217805630413917));
#2748=CARTESIAN_POINT('',(-0.0453086138829179,0.0784768212657344,0.021916277327106));
#2749=CARTESIAN_POINT('',(-0.0906172277658359,0.0523178808438231,0.0220519916128203));
#2750=CARTESIAN_POINT('',(-0.0906172277658358,1.10974097931038E-17,0.0221877058985346));
#2751=CARTESIAN_POINT('',(-0.0906172277658359,-0.052317880843823,0.0223234201842489));
#2752=CARTESIAN_POINT('',(-0.045308613882918,-0.0784768212657344,0.0224591344699632));
#2753=CARTESIAN_POINT('',(-1.92212775940681E-17,-0.104635761687646,0.0225948487556775));
#2754=CARTESIAN_POINT('',(0.0453086138829179,-0.0784768212657345,0.0227305630413918));
#2755=CARTESIAN_POINT('',(0.0906172277658359,-0.0523178808438231,0.022866277327106));
#2756=CARTESIAN_POINT('',(0.0906172277658358,0.,0.0230019916128203));
#2757=CARTESIAN_POINT('',(0.0906172277658359,0.052317880843823,0.0231377058985346));
#2758=CARTESIAN_POINT('',(0.045308613882918,0.0784768212657344,0.0232734201842489));
#2759=CARTESIAN_POINT('',(6.40709253135605E-18,0.104635761687646,0.0234091344699632));
#2760=CARTESIAN_POINT('',(-0.0453086138829179,0.0784768212657344,0.0235448487556775));
#2761=CARTESIAN_POINT('',(-0.0906172277658359,0.0523178808438231,0.0236805630413918));
#2762=CARTESIAN_POINT('',(-0.0906172277658358,1.10974097931038E-17,0.023816277327106));
#2763=CARTESIAN_POINT('',(-0.0906172277658359,-0.052317880843823,0.0239519916128203));
#2764=CARTESIAN_POINT('',(-0.045308613882918,-0.0784768212657344,0.0240877058985346));
#2765=CARTESIAN_POINT('',(-1.92212775940681E-17,-0.104635761687646,0.0242234201842489));
#2766=CARTESIAN_POINT('',(0.0453086138829179,-0.0784768212657345,0.0243591344699632));
#2767=CARTESIAN_POINT('',(0.0906172277658359,-0.0523178808438231,0.0244948487556775));
#2768=CARTESIAN_POINT('',(0.0906172277658358,0.,0.0246305630413917));
#2769=CARTESIAN_POINT('',(0.0906172277658359,0.052317880843823,0.024766277327106));
#2770=CARTESIAN_POINT('',(0.045308613882918,0.0784768212657344,0.0249019916128203));
#2771=CARTESIAN_POINT('',(6.40709253135605E-18,0.104635761687646,0.0250377058985346));
#2772=CARTESIAN_POINT('',(-0.0453086138829179,0.0784768212657344,0.0251734201842489));
#2773=CARTESIAN_POINT('',(-0.0906172277658359,0.0523178808438231,0.0253091344699632));
#2774=CARTESIAN_POINT('',(-0.0906172277658358,1.10974097931038E-17,0.0254448487556775));
#2775=CARTESIAN_POINT('',(-0.0906172277658359,-0.052317880843823,0.0255805630413918));
#2776=CARTESIAN_POINT('',(-0.045308613882918,-0.0784768212657344,0.025716277327106));
#2777=CARTESIAN_POINT('',(-1.92212775940681E-17,-0.104635761687646,0.0258519916128203));
#2778=CARTESIAN_POINT('',(0.0453086138829179,-0.0784768212657345,0.0259877058985346));
#2779=CARTESIAN_POINT('',(0.0906172277658359,-0.0523178808438231,0.0261234201842489));
#2780=CARTESIAN_POINT('',(0.0906172277658358,0.,0.0262591344699632));
#2781=CARTESIAN_POINT('',(0.0906172277658359,0.052317880843823,0.0263948487556775));
#2782=CARTESIAN_POINT('',(0.045308613882918,0.0784768212657344,0.0265305630413917));
#2783=CARTESIAN_POINT('',(6.40709253135605E-18,0.104635761687646,0.0266662773271061));
#2784=CARTESIAN_POINT('',(-0.0453086138829179,0.0784768212657344,0.0268019916128203));
#2785=CARTESIAN_POINT('',(-0.0906172277658359,0.0523178808438231,0.0269377058985346));
#2786=CARTESIAN_POINT('',(-0.0906172277658358,1.10974097931038E-17,0.0270734201842489));
#2787=CARTESIAN_POINT('',(-0.0906172277658359,-0.052317880843823,0.0272091344699632));
#2788=CARTESIAN_POINT('',(-0.045308613882918,-0.0784768212657344,0.0273448487556774));
#2789=CARTESIAN_POINT('',(-1.92212775940681E-17,-0.104635761687646,0.0274805630413918));
#2790=CARTESIAN_POINT('',(0.0453086138829179,-0.0784768212657345,0.027616277327106));
#2791=CARTESIAN_POINT('',(0.0906172277658359,-0.0523178808438231,0.0277519916128203));
#2792=CARTESIAN_POINT('',(0.0906172277658358,0.,0.0278877058985346));
#2793=CARTESIAN_POINT('',(0.0906172277658359,0.052317880843823,0.0280234201842489));
#2794=CARTESIAN_POINT('',(0.045308613882918,0.0784768212657344,0.0281591344699632));
#2795=CARTESIAN_POINT('',(6.40709253135605E-18,0.104635761687646,0.0282948487556775));
#2796=CARTESIAN_POINT('',(-0.0453086138829179,0.0784768212657344,0.0284305630413918));
#2797=CARTESIAN_POINT('',(-0.0906172277658359,0.0523178808438231,0.0285662773271061));
#2798=CARTESIAN_POINT('',(-0.0906172277658358,1.10974097931038E-17,0.0287019916128203));
#2799=CARTESIAN_POINT('',(-0.0906172277658359,-0.052317880843823,0.0288377058985346));
#2800=CARTESIAN_POINT('',(-0.045308613882918,-0.0784768212657344,0.0289734201842489));
#2801=CARTESIAN_POINT('',(-1.92212775940681E-17,-0.104635761687646,0.0291091344699632));
#2802=CARTESIAN_POINT('',(0.0453086138829179,-0.0784768212657345,0.0292448487556775));
#2803=CARTESIAN_POINT('',(0.0906172277658359,-0.0523178808438231,0.0293805630413918));
#2804=CARTESIAN_POINT('',(0.0906172277658358,0.,0.029516277327106));
#2805=CARTESIAN_POINT('',(0.0906172277658359,0.052317880843823,0.0296519916128204));
#2806=CARTESIAN_POINT('',(0.045308613882918,0.0784768212657344,0.0297877058985346));
#2807=CARTESIAN_POINT('',(6.40709253135605E-18,0.104635761687646,0.0299234201842489));
#2808=CARTESIAN_POINT('',(-0.0453086138829179,0.0784768212657344,0.0300591344699632));
#2809=CARTESIAN_POINT('',(-0.0906172277658359,0.0523178808438231,0.0301948487556775));
#2810=CARTESIAN_POINT('',(-0.0906172277658358,1.10974097931038E-17,0.0303305630413917));
#2811=CARTESIAN_POINT('',(-0.0906172277658359,-0.052317880843823,0.0304662773271061));
#2812=CARTESIAN_POINT('',(-0.045308613882918,-0.0784768212657344,0.0306019916128203));
#2813=CARTESIAN_POINT('',(-1.92212775940681E-17,-0.104635761687646,0.0307377058985346));
#2814=CARTESIAN_POINT('',(0.0453086138829179,-0.0784768212657345,0.0308734201842489));
#2815=CARTESIAN_POINT('',(0.0906172277658359,-0.0523178808438231,0.0310091344699632));
#2816=CARTESIAN_POINT('',(0.0906172277658358,0.,0.0311448487556775));
#2817=CARTESIAN_POINT('',(0.0906172277658359,0.052317880843823,0.0312805630413917));
#2818=CARTESIAN_POINT('',(0.045308613882918,0.0784768212657344,0.031416277327106));
#2819=CARTESIAN_POINT('',(6.40709253135605E-18,0.104635761687646,0.0315519916128204));
#2820=CARTESIAN_POINT('',(-0.0453086138829179,0.0784768212657344,0.0316877058985346));
#2821=CARTESIAN_POINT('',(-0.0906172277658359,0.0523178808438231,0.0318234201842489));
#2822=CARTESIAN_POINT('',(-0.0906172277658358,1.10974097931038E-17,0.0319591344699632));
#2823=CARTESIAN_POINT('',(-0.0906172277658359,-0.052317880843823,0.0320948487556775));
#2824=CARTESIAN_POINT('',(-0.045308613882918,-0.0784768212657344,0.0322305630413918));
#2825=CARTESIAN_POINT('',(-1.92212775940681E-17,-0.104635761687646,0.032366277327106));
#2826=CARTESIAN_POINT('',(0.0453086138829179,-0.0784768212657345,0.0325019916128203));
#2827=CARTESIAN_POINT('',(0.0906172277658359,-0.0523178808438231,0.0326377058985347));
#2828=CARTESIAN_POINT('',(0.0906172277658358,0.,0.0327734201842489));
#2829=CARTESIAN_POINT('',(0.0906172277658359,0.052317880843823,0.0329091344699632));
#2830=CARTESIAN_POINT('',(0.045308613882918,0.0784768212657344,0.0330448487556775));
#2831=CARTESIAN_POINT('',(6.40709253135605E-18,0.104635761687646,0.0331805630413917));
#2832=CARTESIAN_POINT('',(-0.0453086138829179,0.0784768212657344,0.033316277327106));
#2833=CARTESIAN_POINT('',(-0.0906172277658359,0.0523178808438231,0.0334519916128203));
#2834=CARTESIAN_POINT('',(-0.0906172277658358,1.10974097931038E-17,0.0335877058985346));
#2835=CARTESIAN_POINT('',(-0.0906172277658359,-0.052317880843823,0.0337234201842489));
#2836=CARTESIAN_POINT('',(-0.045308613882918,-0.0784768212657344,0.0338591344699631));
#2837=CARTESIAN_POINT('',(-1.92212775940681E-17,-0.104635761687646,0.0339948487556775));
#2838=CARTESIAN_POINT('',(0.0453086138829179,-0.0784768212657345,0.0341305630413917));
#2839=CARTESIAN_POINT('',(0.0906172277658359,-0.0523178808438231,0.034266277327106));
#2840=CARTESIAN_POINT('',(0.0906172277658358,0.,0.0344019916128203));
#2841=CARTESIAN_POINT('',(0.0906172277658359,0.052317880843823,0.0345377058985346));
#2842=CARTESIAN_POINT('',(0.045308613882918,0.0784768212657344,0.0346734201842489));
#2843=CARTESIAN_POINT('',(6.40709253135605E-18,0.104635761687646,0.0348091344699632));
#2844=CARTESIAN_POINT('',(-0.0453086138829179,0.0784768212657344,0.0349448487556775));
#2845=CARTESIAN_POINT('',(-0.0906172277658359,0.0523178808438231,0.0350805630413918));
#2846=CARTESIAN_POINT('',(-0.0906172277658358,1.10974097931038E-17,0.035216277327106));
#2847=CARTESIAN_POINT('',(-0.0906172277658359,-0.052317880843823,0.0353519916128203));
#2848=CARTESIAN_POINT('',(-0.045308613882918,-0.0784768212657344,0.0354877058985346));
#2849=CARTESIAN_POINT('',(-1.92212775940681E-17,-0.104635761687646,0.0356234201842489));
#2850=CARTESIAN_POINT('',(0.0453086138829179,-0.0784768212657345,0.0357591344699632));
#2851=CARTESIAN_POINT('',(0.0906172277658359,-0.0523178808438231,0.0358948487556775));
#2852=CARTESIAN_POINT('',(0.0906172277658358,0.,0.0360305630413917));
#2853=CARTESIAN_POINT('',(0.0906172277658359,0.052317880843823,0.036166277327106));
#2854=CARTESIAN_POINT('',(0.045308613882918,0.0784768212657344,0.0363019916128203));
#2855=CARTESIAN_POINT('',(6.40709253135605E-18,0.104635761687646,0.0364377058985346));
#2856=CARTESIAN_POINT('',(-0.0453086138829179,0.0784768212657344,0.0365734201842489));
#2857=CARTESIAN_POINT('',(-0.0906172277658359,0.0523178808438231,0.0367091344699632));
#2858=CARTESIAN_POINT('',(-0.0906172277658358,1.10974097931038E-17,0.0368448487556774));
#2859=CARTESIAN_POINT('',(-0.0906172277658359,-0.052317880843823,0.0369805630413918));
#2860=CARTESIAN_POINT('',(-0.045308613882918,-0.0784768212657344,0.037116277327106));
#2861=CARTESIAN_POINT('',(-1.92212775940681E-17,-0.104635761687646,0.0372519916128203));
#2862=CARTESIAN_POINT('',(0.0453086138829179,-0.0784768212657345,0.0373877058985346));
#2863=CARTESIAN_POINT('',(0.0906172277658359,-0.0523178808438231,0.0375234201842489));
#2864=CARTESIAN_POINT('',(0.0906172277658358,0.,0.0376591344699631));
#2865=CARTESIAN_POINT('',(0.0906172277658359,0.052317880843823,0.0377948487556775));
#2866=CARTESIAN_POINT('',(0.045308613882918,0.0784768212657344,0.0379305630413918));
#2867=CARTESIAN_POINT('',(6.40709253135605E-18,0.104635761687646,0.038066277327106));
#2868=CARTESIAN_POINT('',(-0.0453086138829179,0.0784768212657344,0.0382019916128203));
#2869=CARTESIAN_POINT('',(-0.0906172277658359,0.0523178808438231,0.0383377058985346));
#2870=CARTESIAN_POINT('',(-0.0906172277658358,1.10974097931038E-17,0.0384734201842489));
#2871=CARTESIAN_POINT('',(-0.0906172277658359,-0.052317880843823,0.0386091344699632));
#2872=CARTESIAN_POINT('',(-0.045308613882918,-0.0784768212657344,0.0387448487556775));
#2873=CARTESIAN_POINT('',(-1.92212775940681E-17,-0.104635761687646,0.0388805630413918));
#2874=CARTESIAN_POINT('',(0.0453086138829179,-0.0784768212657345,0.039016277327106));
#2875=CARTESIAN_POINT('',(0.0906172277658359,-0.0523178808438231,0.0391519916128203));
#2876=CARTESIAN_POINT('',(0.0906172277658358,0.,0.0392877058985346));
#2877=CARTESIAN_POINT('',(0.0902438006880839,0.,-0.0178240997943664));
#2878=CARTESIAN_POINT('',(0.0902438006880839,0.0521022826199602,-0.0176883855086521));
#2879=CARTESIAN_POINT('',(0.045121900344042,0.0781534239299403,-0.0175526712229379));
#2880=CARTESIAN_POINT('',(6.38068936388051E-18,0.10420456523992,-0.0174169569372235));
#2881=CARTESIAN_POINT('',(-0.045121900344042,0.0781534239299403,-0.0172812426515093));
#2882=CARTESIAN_POINT('',(-0.0902438006880839,0.0521022826199602,-0.017145528365795));
#2883=CARTESIAN_POINT('',(-0.0902438006880839,1.10516781655554E-17,-0.0170098140800807));
#2884=CARTESIAN_POINT('',(-0.0902438006880839,-0.0521022826199602,-0.0168740997943664));
#2885=CARTESIAN_POINT('',(-0.045121900344042,-0.0781534239299403,-0.0167383855086521));
#2886=CARTESIAN_POINT('',(-1.91420680916415E-17,-0.10420456523992,-0.0166026712229378));
#2887=CARTESIAN_POINT('',(0.0451219003440419,-0.0781534239299404,-0.0164669569372236));
#2888=CARTESIAN_POINT('',(0.0902438006880839,-0.0521022826199602,-0.0163312426515093));
#2889=CARTESIAN_POINT('',(0.0902438006880839,0.,-0.016195528365795));
#2890=CARTESIAN_POINT('',(0.0902438006880839,0.0521022826199602,-0.0160598140800807));
#2891=CARTESIAN_POINT('',(0.045121900344042,0.0781534239299403,-0.0159240997943664));
#2892=CARTESIAN_POINT('',(6.38068936388051E-18,0.10420456523992,-0.0157883855086521));
#2893=CARTESIAN_POINT('',(-0.045121900344042,0.0781534239299403,-0.0156526712229379));
#2894=CARTESIAN_POINT('',(-0.0902438006880839,0.0521022826199602,-0.0155169569372235));
#2895=CARTESIAN_POINT('',(-0.0902438006880839,1.10516781655554E-17,-0.0153812426515092));
#2896=CARTESIAN_POINT('',(-0.0902438006880839,-0.0521022826199602,-0.015245528365795));
#2897=CARTESIAN_POINT('',(-0.045121900344042,-0.0781534239299403,-0.0151098140800807));
#2898=CARTESIAN_POINT('',(-1.91420680916415E-17,-0.10420456523992,-0.0149740997943664));
#2899=CARTESIAN_POINT('',(0.0451219003440419,-0.0781534239299404,-0.0148383855086521));
#2900=CARTESIAN_POINT('',(0.0902438006880839,-0.0521022826199602,-0.0147026712229378));
#2901=CARTESIAN_POINT('',(0.0902438006880839,0.,-0.0145669569372235));
#2902=CARTESIAN_POINT('',(0.0902438006880839,0.0521022826199602,-0.0144312426515093));
#2903=CARTESIAN_POINT('',(0.045121900344042,0.0781534239299403,-0.014295528365795));
#2904=CARTESIAN_POINT('',(6.38068936388051E-18,0.10420456523992,-0.0141598140800807));
#2905=CARTESIAN_POINT('',(-0.045121900344042,0.0781534239299403,-0.0140240997943664));
#2906=CARTESIAN_POINT('',(-0.0902438006880839,0.0521022826199602,-0.0138883855086521));
#2907=CARTESIAN_POINT('',(-0.0902438006880839,1.10516781655554E-17,-0.0137526712229378));
#2908=CARTESIAN_POINT('',(-0.0902438006880839,-0.0521022826199602,-0.0136169569372235));
#2909=CARTESIAN_POINT('',(-0.045121900344042,-0.0781534239299403,-0.0134812426515093));
#2910=CARTESIAN_POINT('',(-1.91420680916415E-17,-0.10420456523992,-0.013345528365795));
#2911=CARTESIAN_POINT('',(0.0451219003440419,-0.0781534239299404,-0.0132098140800807));
#2912=CARTESIAN_POINT('',(0.0902438006880839,-0.0521022826199602,-0.0130740997943664));
#2913=CARTESIAN_POINT('',(0.0902438006880839,0.,-0.0129383855086521));
#2914=CARTESIAN_POINT('',(0.0902438006880839,0.0521022826199602,-0.0128026712229378));
#2915=CARTESIAN_POINT('',(0.045121900344042,0.0781534239299403,-0.0126669569372235));
#2916=CARTESIAN_POINT('',(6.38068936388051E-18,0.10420456523992,-0.0125312426515093));
#2917=CARTESIAN_POINT('',(-0.045121900344042,0.0781534239299403,-0.012395528365795));
#2918=CARTESIAN_POINT('',(-0.0902438006880839,0.0521022826199602,-0.0122598140800807));
#2919=CARTESIAN_POINT('',(-0.0902438006880839,1.10516781655554E-17,-0.0121240997943664));
#2920=CARTESIAN_POINT('',(-0.0902438006880839,-0.0521022826199602,-0.0119883855086521));
#2921=CARTESIAN_POINT('',(-0.045121900344042,-0.0781534239299403,-0.0118526712229378));
#2922=CARTESIAN_POINT('',(-1.91420680916415E-17,-0.10420456523992,-0.0117169569372235));
#2923=CARTESIAN_POINT('',(0.0451219003440419,-0.0781534239299404,-0.0115812426515093));
#2924=CARTESIAN_POINT('',(0.0902438006880839,-0.0521022826199602,-0.011445528365795));
#2925=CARTESIAN_POINT('',(0.0902438006880839,0.,-0.0113098140800807));
#2926=CARTESIAN_POINT('',(0.0902438006880839,0.0521022826199602,-0.0111740997943664));
#2927=CARTESIAN_POINT('',(0.045121900344042,0.0781534239299403,-0.0110383855086521));
#2928=CARTESIAN_POINT('',(6.38068936388051E-18,0.10420456523992,-0.0109026712229378));
#2929=CARTESIAN_POINT('',(-0.045121900344042,0.0781534239299403,-0.0107669569372235));
#2930=CARTESIAN_POINT('',(-0.0902438006880839,0.0521022826199602,-0.0106312426515093));
#2931=CARTESIAN_POINT('',(-0.0902438006880839,1.10516781655554E-17,-0.010495528365795));
#2932=CARTESIAN_POINT('',(-0.0902438006880839,-0.0521022826199602,-0.0103598140800807));
#2933=CARTESIAN_POINT('',(-0.045121900344042,-0.0781534239299403,-0.0102240997943664));
#2934=CARTESIAN_POINT('',(-1.91420680916415E-17,-0.10420456523992,-0.0100883855086521));
#2935=CARTESIAN_POINT('',(0.0451219003440419,-0.0781534239299404,-0.00995267122293783));
#2936=CARTESIAN_POINT('',(0.0902438006880839,-0.0521022826199602,-0.00981695693722355));
#2937=CARTESIAN_POINT('',(0.0902438006880839,0.,-0.00968124265150926));
#2938=CARTESIAN_POINT('',(0.0902438006880839,0.0521022826199602,-0.00954552836579498));
#2939=CARTESIAN_POINT('',(0.045121900344042,0.0781534239299403,-0.00940981408008069));
#2940=CARTESIAN_POINT('',(6.38068936388051E-18,0.10420456523992,-0.00927409979436641));
#2941=CARTESIAN_POINT('',(-0.045121900344042,0.0781534239299403,-0.00913838550865212));
#2942=CARTESIAN_POINT('',(-0.0902438006880839,0.0521022826199602,-0.00900267122293783));
#2943=CARTESIAN_POINT('',(-0.0902438006880839,1.10516781655554E-17,-0.00886695693722355));
#2944=CARTESIAN_POINT('',(-0.0902438006880839,-0.0521022826199602,-0.00873124265150926));
#2945=CARTESIAN_POINT('',(-0.045121900344042,-0.0781534239299403,-0.00859552836579498));
#2946=CARTESIAN_POINT('',(-1.91420680916415E-17,-0.10420456523992,-0.00845981408008069));
#2947=CARTESIAN_POINT('',(0.0451219003440419,-0.0781534239299404,-0.00832409979436641));
#2948=CARTESIAN_POINT('',(0.0902438006880839,-0.0521022826199602,-0.00818838550865212));
#2949=CARTESIAN_POINT('',(0.0902438006880839,0.,-0.00805267122293783));
#2950=CARTESIAN_POINT('',(0.0902438006880839,0.0521022826199602,-0.00791695693722355));
#2951=CARTESIAN_POINT('',(0.045121900344042,0.0781534239299403,-0.00778124265150926));
#2952=CARTESIAN_POINT('',(6.38068936388051E-18,0.10420456523992,-0.00764552836579497));
#2953=CARTESIAN_POINT('',(-0.045121900344042,0.0781534239299403,-0.00750981408008069));
#2954=CARTESIAN_POINT('',(-0.0902438006880839,0.0521022826199602,-0.0073740997943664));
#2955=CARTESIAN_POINT('',(-0.0902438006880839,1.10516781655554E-17,-0.00723838550865212));
#2956=CARTESIAN_POINT('',(-0.0902438006880839,-0.0521022826199602,-0.00710267122293783));
#2957=CARTESIAN_POINT('',(-0.045121900344042,-0.0781534239299403,-0.00696695693722355));
#2958=CARTESIAN_POINT('',(-1.91420680916415E-17,-0.10420456523992,-0.00683124265150926));
#2959=CARTESIAN_POINT('',(0.0451219003440419,-0.0781534239299404,-0.00669552836579498));
#2960=CARTESIAN_POINT('',(0.0902438006880839,-0.0521022826199602,-0.00655981408008069));
#2961=CARTESIAN_POINT('',(0.0902438006880839,0.,-0.00642409979436641));
#2962=CARTESIAN_POINT('',(0.0902438006880839,0.0521022826199602,-0.00628838550865212));
#2963=CARTESIAN_POINT('',(0.045121900344042,0.0781534239299403,-0.00615267122293783));
#2964=CARTESIAN_POINT('',(6.38068936388051E-18,0.10420456523992,-0.00601695693722354));
#2965=CARTESIAN_POINT('',(-0.045121900344042,0.0781534239299403,-0.00588124265150926));
#2966=CARTESIAN_POINT('',(-0.0902438006880839,0.0521022826199602,-0.00574552836579497));
#2967=CARTESIAN_POINT('',(-0.0902438006880839,1.10516781655554E-17,-0.00560981408008069));
#2968=CARTESIAN_POINT('',(-0.0902438006880839,-0.0521022826199602,-0.0054740997943664));
#2969=CARTESIAN_POINT('',(-0.045121900344042,-0.0781534239299403,-0.00533838550865212));
#2970=CARTESIAN_POINT('',(-1.91420680916415E-17,-0.10420456523992,-0.00520267122293784));
#2971=CARTESIAN_POINT('',(0.0451219003440419,-0.0781534239299404,-0.00506695693722355));
#2972=CARTESIAN_POINT('',(0.0902438006880839,-0.0521022826199602,-0.00493124265150926));
#2973=CARTESIAN_POINT('',(0.0902438006880839,0.,-0.00479552836579498));
#2974=CARTESIAN_POINT('',(0.0902438006880839,0.0521022826199602,-0.00465981408008069));
#2975=CARTESIAN_POINT('',(0.045121900344042,0.0781534239299403,-0.0045240997943664));
#2976=CARTESIAN_POINT('',(6.38068936388051E-18,0.10420456523992,-0.00438838550865212));
#2977=CARTESIAN_POINT('',(-0.045121900344042,0.0781534239299403,-0.00425267122293784));
#2978=CARTESIAN_POINT('',(-0.0902438006880839,0.0521022826199602,-0.00411695693722355));
#2979=CARTESIAN_POINT('',(-0.0902438006880839,1.10516781655554E-17,-0.00398124265150927));
#2980=CARTESIAN_POINT('',(-0.0902438006880839,-0.0521022826199602,-0.00384552836579498));
#2981=CARTESIAN_POINT('',(-0.045121900344042,-0.0781534239299403,-0.00370981408008069));
#2982=CARTESIAN_POINT('',(-1.91420680916415E-17,-0.10420456523992,-0.0035740997943664));
#2983=CARTESIAN_POINT('',(0.0451219003440419,-0.0781534239299404,-0.00343838550865212));
#2984=CARTESIAN_POINT('',(0.0902438006880839,-0.0521022826199602,-0.00330267122293783));
#2985=CARTESIAN_POINT('',(0.0902438006880839,0.,-0.00316695693722355));
#2986=CARTESIAN_POINT('',(0.0902438006880839,0.0521022826199602,-0.00303124265150926));
#2987=CARTESIAN_POINT('',(0.045121900344042,0.0781534239299403,-0.00289552836579498));
#2988=CARTESIAN_POINT('',(6.38068936388051E-18,0.10420456523992,-0.00275981408008069));
#2989=CARTESIAN_POINT('',(-0.045121900344042,0.0781534239299403,-0.0026240997943664));
#2990=CARTESIAN_POINT('',(-0.0902438006880839,0.0521022826199602,-0.00248838550865212));
#2991=CARTESIAN_POINT('',(-0.0902438006880839,1.10516781655554E-17,-0.00235267122293784));
#2992=CARTESIAN_POINT('',(-0.0902438006880839,-0.0521022826199602,-0.00221695693722355));
#2993=CARTESIAN_POINT('',(-0.045121900344042,-0.0781534239299403,-0.00208124265150926));
#2994=CARTESIAN_POINT('',(-1.91420680916415E-17,-0.10420456523992,-0.00194552836579498));
#2995=CARTESIAN_POINT('',(0.0451219003440419,-0.0781534239299404,-0.00180981408008069));
#2996=CARTESIAN_POINT('',(0.0902438006880839,-0.0521022826199602,-0.0016740997943664));
#2997=CARTESIAN_POINT('',(0.0902438006880839,0.,-0.00153838550865212));
#2998=CARTESIAN_POINT('',(0.0902438006880839,0.0521022826199602,-0.00140267122293783));
#2999=CARTESIAN_POINT('',(0.045121900344042,0.0781534239299403,-0.00126695693722355));
#3000=CARTESIAN_POINT('',(6.38068936388051E-18,0.10420456523992,-0.00113124265150926));
#3001=CARTESIAN_POINT('',(-0.045121900344042,0.0781534239299403,-0.000995528365794977));
#3002=CARTESIAN_POINT('',(-0.0902438006880839,0.0521022826199602,-0.000859814080080688));
#3003=CARTESIAN_POINT('',(-0.0902438006880839,1.10516781655554E-17,-0.000724099794366405));
#3004=CARTESIAN_POINT('',(-0.0902438006880839,-0.0521022826199602,-0.000588385508652117));
#3005=CARTESIAN_POINT('',(-0.045121900344042,-0.0781534239299403,-0.000452671222937833));
#3006=CARTESIAN_POINT('',(-1.91420680916415E-17,-0.10420456523992,-0.000316956937223549));
#3007=CARTESIAN_POINT('',(0.0451219003440419,-0.0781534239299404,-0.000181242651509261));
#3008=CARTESIAN_POINT('',(0.0902438006880839,-0.0521022826199602,-4.55283657949772E-5));
#3009=CARTESIAN_POINT('',(0.0902438006880839,0.,9.01859199193104E-5));
#3010=CARTESIAN_POINT('',(0.0902438006880839,0.0521022826199602,0.000225900205633595));
#3011=CARTESIAN_POINT('',(0.045121900344042,0.0781534239299403,0.000361614491347882));
#3012=CARTESIAN_POINT('',(6.38068936388051E-18,0.10420456523992,0.000497328777062166));
#3013=CARTESIAN_POINT('',(-0.045121900344042,0.0781534239299403,0.000633043062776454));
#3014=CARTESIAN_POINT('',(-0.0902438006880839,0.0521022826199602,0.000768757348490738));
#3015=CARTESIAN_POINT('',(-0.0902438006880839,1.10516781655554E-17,0.000904471634205026));
#3016=CARTESIAN_POINT('',(-0.0902438006880839,-0.0521022826199602,0.00104018591991931));
#3017=CARTESIAN_POINT('',(-0.045121900344042,-0.0781534239299403,0.00117590020563359));
#3018=CARTESIAN_POINT('',(-1.91420680916415E-17,-0.10420456523992,0.00131161449134788));
#3019=CARTESIAN_POINT('',(0.0451219003440419,-0.0781534239299404,0.00144732877706217));
#3020=CARTESIAN_POINT('',(0.0902438006880839,-0.0521022826199602,0.00158304306277645));
#3021=CARTESIAN_POINT('',(0.0902438006880839,0.,0.00171875734849074));
#3022=CARTESIAN_POINT('',(0.0902438006880839,0.0521022826199602,0.00185447163420502));
#3023=CARTESIAN_POINT('',(0.045121900344042,0.0781534239299403,0.00199018591991931));
#3024=CARTESIAN_POINT('',(6.38068936388051E-18,0.10420456523992,0.00212590020563359));
#3025=CARTESIAN_POINT('',(-0.045121900344042,0.0781534239299403,0.00226161449134788));
#3026=CARTESIAN_POINT('',(-0.0902438006880839,0.0521022826199602,0.00239732877706217));
#3027=CARTESIAN_POINT('',(-0.0902438006880839,1.10516781655554E-17,0.00253304306277646));
#3028=CARTESIAN_POINT('',(-0.0902438006880839,-0.0521022826199602,0.00266875734849074));
#3029=CARTESIAN_POINT('',(-0.045121900344042,-0.0781534239299403,0.00280447163420502));
#3030=CARTESIAN_POINT('',(-1.91420680916415E-17,-0.10420456523992,0.00294018591991931));
#3031=CARTESIAN_POINT('',(0.0451219003440419,-0.0781534239299404,0.0030759002056336));
#3032=CARTESIAN_POINT('',(0.0902438006880839,-0.0521022826199602,0.00321161449134788));
#3033=CARTESIAN_POINT('',(0.0902438006880839,0.,0.00334732877706217));
#3034=CARTESIAN_POINT('',(0.0902438006880839,0.0521022826199602,0.00348304306277645));
#3035=CARTESIAN_POINT('',(0.045121900344042,0.0781534239299403,0.00361875734849074));
#3036=CARTESIAN_POINT('',(6.38068936388051E-18,0.10420456523992,0.00375447163420503));
#3037=CARTESIAN_POINT('',(-0.045121900344042,0.0781534239299403,0.00389018591991931));
#3038=CARTESIAN_POINT('',(-0.0902438006880839,0.0521022826199602,0.0040259002056336));
#3039=CARTESIAN_POINT('',(-0.0902438006880839,1.10516781655554E-17,0.00416161449134788));
#3040=CARTESIAN_POINT('',(-0.0902438006880839,-0.0521022826199602,0.00429732877706216));
#3041=CARTESIAN_POINT('',(-0.045121900344042,-0.0781534239299403,0.00443304306277645));
#3042=CARTESIAN_POINT('',(-1.91420680916415E-17,-0.10420456523992,0.00456875734849074));
#3043=CARTESIAN_POINT('',(0.0451219003440419,-0.0781534239299404,0.00470447163420502));
#3044=CARTESIAN_POINT('',(0.0902438006880839,-0.0521022826199602,0.00484018591991931));
#3045=CARTESIAN_POINT('',(0.0902438006880839,0.,0.0049759002056336));
#3046=CARTESIAN_POINT('',(0.0902438006880839,0.0521022826199602,0.00511161449134788));
#3047=CARTESIAN_POINT('',(0.045121900344042,0.0781534239299403,0.00524732877706217));
#3048=CARTESIAN_POINT('',(6.38068936388051E-18,0.10420456523992,0.00538304306277645));
#3049=CARTESIAN_POINT('',(-0.045121900344042,0.0781534239299403,0.00551875734849074));
#3050=CARTESIAN_POINT('',(-0.0902438006880839,0.0521022826199602,0.00565447163420502));
#3051=CARTESIAN_POINT('',(-0.0902438006880839,1.10516781655554E-17,0.00579018591991931));
#3052=CARTESIAN_POINT('',(-0.0902438006880839,-0.0521022826199602,0.00592590020563359));
#3053=CARTESIAN_POINT('',(-0.045121900344042,-0.0781534239299403,0.00606161449134788));
#3054=CARTESIAN_POINT('',(-1.91420680916415E-17,-0.10420456523992,0.00619732877706216));
#3055=CARTESIAN_POINT('',(0.0451219003440419,-0.0781534239299404,0.00633304306277645));
#3056=CARTESIAN_POINT('',(0.0902438006880839,-0.0521022826199602,0.00646875734849074));
#3057=CARTESIAN_POINT('',(0.0902438006880839,0.,0.00660447163420503));
#3058=CARTESIAN_POINT('',(0.0902438006880839,0.0521022826199602,0.00674018591991931));
#3059=CARTESIAN_POINT('',(0.045121900344042,0.0781534239299403,0.00687590020563359));
#3060=CARTESIAN_POINT('',(6.38068936388051E-18,0.10420456523992,0.00701161449134788));
#3061=CARTESIAN_POINT('',(-0.045121900344042,0.0781534239299403,0.00714732877706217));
#3062=CARTESIAN_POINT('',(-0.0902438006880839,0.0521022826199602,0.00728304306277645));
#3063=CARTESIAN_POINT('',(-0.0902438006880839,1.10516781655554E-17,0.00741875734849074));
#3064=CARTESIAN_POINT('',(-0.0902438006880839,-0.0521022826199602,0.00755447163420503));
#3065=CARTESIAN_POINT('',(-0.045121900344042,-0.0781534239299403,0.00769018591991931));
#3066=CARTESIAN_POINT('',(-1.91420680916415E-17,-0.10420456523992,0.0078259002056336));
#3067=CARTESIAN_POINT('',(0.0451219003440419,-0.0781534239299404,0.00796161449134788));
#3068=CARTESIAN_POINT('',(0.0902438006880839,-0.0521022826199602,0.00809732877706217));
#3069=CARTESIAN_POINT('',(0.0902438006880839,0.,0.00823304306277645));
#3070=CARTESIAN_POINT('',(0.0902438006880839,0.0521022826199602,0.00836875734849074));
#3071=CARTESIAN_POINT('',(0.045121900344042,0.0781534239299403,0.00850447163420503));
#3072=CARTESIAN_POINT('',(6.38068936388051E-18,0.10420456523992,0.00864018591991931));
#3073=CARTESIAN_POINT('',(-0.045121900344042,0.0781534239299403,0.0087759002056336));
#3074=CARTESIAN_POINT('',(-0.0902438006880839,0.0521022826199602,0.00891161449134788));
#3075=CARTESIAN_POINT('',(-0.0902438006880839,1.10516781655554E-17,0.00904732877706217));
#3076=CARTESIAN_POINT('',(-0.0902438006880839,-0.0521022826199602,0.00918304306277645));
#3077=CARTESIAN_POINT('',(-0.045121900344042,-0.0781534239299403,0.00931875734849074));
#3078=CARTESIAN_POINT('',(-1.91420680916415E-17,-0.10420456523992,0.00945447163420502));
#3079=CARTESIAN_POINT('',(0.0451219003440419,-0.0781534239299404,0.00959018591991931));
#3080=CARTESIAN_POINT('',(0.0902438006880839,-0.0521022826199602,0.00972590020563359));
#3081=CARTESIAN_POINT('',(0.0902438006880839,0.,0.00986161449134788));
#3082=CARTESIAN_POINT('',(0.0902438006880839,0.0521022826199602,0.00999732877706216));
#3083=CARTESIAN_POINT('',(0.045121900344042,0.0781534239299403,0.0101330430627764));
#3084=CARTESIAN_POINT('',(6.38068936388051E-18,0.10420456523992,0.0102687573484907));
#3085=CARTESIAN_POINT('',(-0.045121900344042,0.0781534239299403,0.010404471634205));
#3086=CARTESIAN_POINT('',(-0.0902438006880839,0.0521022826199602,0.0105401859199193));
#3087=CARTESIAN_POINT('',(-0.0902438006880839,1.10516781655554E-17,0.0106759002056336));
#3088=CARTESIAN_POINT('',(-0.0902438006880839,-0.0521022826199602,0.0108116144913479));
#3089=CARTESIAN_POINT('',(-0.045121900344042,-0.0781534239299403,0.0109473287770622));
#3090=CARTESIAN_POINT('',(-1.91420680916415E-17,-0.10420456523992,0.0110830430627764));
#3091=CARTESIAN_POINT('',(0.0451219003440419,-0.0781534239299404,0.0112187573484907));
#3092=CARTESIAN_POINT('',(0.0902438006880839,-0.0521022826199602,0.011354471634205));
#3093=CARTESIAN_POINT('',(0.0902438006880839,0.,0.0114901859199193));
#3094=CARTESIAN_POINT('',(0.0902438006880839,0.0521022826199602,0.0116259002056336));
#3095=CARTESIAN_POINT('',(0.045121900344042,0.0781534239299403,0.0117616144913479));
#3096=CARTESIAN_POINT('',(6.38068936388051E-18,0.10420456523992,0.0118973287770622));
#3097=CARTESIAN_POINT('',(-0.045121900344042,0.0781534239299403,0.0120330430627765));
#3098=CARTESIAN_POINT('',(-0.0902438006880839,0.0521022826199602,0.0121687573484907));
#3099=CARTESIAN_POINT('',(-0.0902438006880839,1.10516781655554E-17,0.012304471634205));
#3100=CARTESIAN_POINT('',(-0.0902438006880839,-0.0521022826199602,0.0124401859199193));
#3101=CARTESIAN_POINT('',(-0.045121900344042,-0.0781534239299403,0.0125759002056336));
#3102=CARTESIAN_POINT('',(-1.91420680916415E-17,-0.10420456523992,0.0127116144913479));
#3103=CARTESIAN_POINT('',(0.0451219003440419,-0.0781534239299404,0.0128473287770622));
#3104=CARTESIAN_POINT('',(0.0902438006880839,-0.0521022826199602,0.0129830430627764));
#3105=CARTESIAN_POINT('',(0.0902438006880839,0.,0.0131187573484907));
#3106=CARTESIAN_POINT('',(0.0902438006880839,0.0521022826199602,0.013254471634205));
#3107=CARTESIAN_POINT('',(0.045121900344042,0.0781534239299403,0.0133901859199193));
#3108=CARTESIAN_POINT('',(6.38068936388051E-18,0.10420456523992,0.0135259002056336));
#3109=CARTESIAN_POINT('',(-0.045121900344042,0.0781534239299403,0.0136616144913479));
#3110=CARTESIAN_POINT('',(-0.0902438006880839,0.0521022826199602,0.0137973287770622));
#3111=CARTESIAN_POINT('',(-0.0902438006880839,1.10516781655554E-17,0.0139330430627764));
#3112=CARTESIAN_POINT('',(-0.0902438006880839,-0.0521022826199602,0.0140687573484907));
#3113=CARTESIAN_POINT('',(-0.045121900344042,-0.0781534239299403,0.014204471634205));
#3114=CARTESIAN_POINT('',(-1.91420680916415E-17,-0.10420456523992,0.0143401859199193));
#3115=CARTESIAN_POINT('',(0.0451219003440419,-0.0781534239299404,0.0144759002056336));
#3116=CARTESIAN_POINT('',(0.0902438006880839,-0.0521022826199602,0.0146116144913479));
#3117=CARTESIAN_POINT('',(0.0902438006880839,0.,0.0147473287770622));
#3118=CARTESIAN_POINT('',(0.0902438006880839,0.0521022826199602,0.0148830430627764));
#3119=CARTESIAN_POINT('',(0.045121900344042,0.0781534239299403,0.0150187573484907));
#3120=CARTESIAN_POINT('',(6.38068936388051E-18,0.10420456523992,0.015154471634205));
#3121=CARTESIAN_POINT('',(-0.045121900344042,0.0781534239299403,0.0152901859199193));
#3122=CARTESIAN_POINT('',(-0.0902438006880839,0.0521022826199602,0.0154259002056336));
#3123=CARTESIAN_POINT('',(-0.0902438006880839,1.10516781655554E-17,0.0155616144913479));
#3124=CARTESIAN_POINT('',(-0.0902438006880839,-0.0521022826199602,0.0156973287770621));
#3125=CARTESIAN_POINT('',(-0.045121900344042,-0.0781534239299403,0.0158330430627764));
#3126=CARTESIAN_POINT('',(-1.91420680916415E-17,-0.10420456523992,0.0159687573484907));
#3127=CARTESIAN_POINT('',(0.0451219003440419,-0.0781534239299404,0.016104471634205));
#3128=CARTESIAN_POINT('',(0.0902438006880839,-0.0521022826199602,0.0162401859199193));
#3129=CARTESIAN_POINT('',(0.0902438006880839,0.,0.0163759002056336));
#3130=CARTESIAN_POINT('',(0.0902438006880839,0.0521022826199602,0.0165116144913479));
#3131=CARTESIAN_POINT('',(0.045121900344042,0.0781534239299403,0.0166473287770622));
#3132=CARTESIAN_POINT('',(6.38068936388051E-18,0.10420456523992,0.0167830430627764));
#3133=CARTESIAN_POINT('',(-0.045121900344042,0.0781534239299403,0.0169187573484907));
#3134=CARTESIAN_POINT('',(-0.0902438006880839,0.0521022826199602,0.017054471634205));
#3135=CARTESIAN_POINT('',(-0.0902438006880839,1.10516781655554E-17,0.0171901859199193));
#3136=CARTESIAN_POINT('',(-0.0902438006880839,-0.0521022826199602,0.0173259002056336));
#3137=CARTESIAN_POINT('',(-0.045121900344042,-0.0781534239299403,0.0174616144913479));
#3138=CARTESIAN_POINT('',(-1.91420680916415E-17,-0.10420456523992,0.0175973287770622));
#3139=CARTESIAN_POINT('',(0.0451219003440419,-0.0781534239299404,0.0177330430627764));
#3140=CARTESIAN_POINT('',(0.0902438006880839,-0.0521022826199602,0.0178687573484907));
#3141=CARTESIAN_POINT('',(0.0902438006880839,0.,0.0180044716342051));
#3142=CARTESIAN_POINT('',(0.0902438006880839,0.0521022826199602,0.0181401859199193));
#3143=CARTESIAN_POINT('',(0.045121900344042,0.0781534239299403,0.0182759002056336));
#3144=CARTESIAN_POINT('',(6.38068936388051E-18,0.10420456523992,0.0184116144913479));
#3145=CARTESIAN_POINT('',(-0.045121900344042,0.0781534239299403,0.0185473287770621));
#3146=CARTESIAN_POINT('',(-0.0902438006880839,0.0521022826199602,0.0186830430627765));
#3147=CARTESIAN_POINT('',(-0.0902438006880839,1.10516781655554E-17,0.0188187573484907));
#3148=CARTESIAN_POINT('',(-0.0902438006880839,-0.0521022826199602,0.018954471634205));
#3149=CARTESIAN_POINT('',(-0.045121900344042,-0.0781534239299403,0.0190901859199193));
#3150=CARTESIAN_POINT('',(-1.91420680916415E-17,-0.10420456523992,0.0192259002056336));
#3151=CARTESIAN_POINT('',(0.0451219003440419,-0.0781534239299404,0.0193616144913479));
#3152=CARTESIAN_POINT('',(0.0902438006880839,-0.0521022826199602,0.0194973287770621));
#3153=CARTESIAN_POINT('',(0.0902438006880839,0.,0.0196330430627765));
#3154=CARTESIAN_POINT('',(0.0902438006880839,0.0521022826199602,0.0197687573484908));
#3155=CARTESIAN_POINT('',(0.045121900344042,0.0781534239299403,0.019904471634205));
#3156=CARTESIAN_POINT('',(6.38068936388051E-18,0.10420456523992,0.0200401859199193));
#3157=CARTESIAN_POINT('',(-0.045121900344042,0.0781534239299403,0.0201759002056336));
#3158=CARTESIAN_POINT('',(-0.0902438006880839,0.0521022826199602,0.0203116144913479));
#3159=CARTESIAN_POINT('',(-0.0902438006880839,1.10516781655554E-17,0.0204473287770621));
#3160=CARTESIAN_POINT('',(-0.0902438006880839,-0.0521022826199602,0.0205830430627764));
#3161=CARTESIAN_POINT('',(-0.045121900344042,-0.0781534239299403,0.0207187573484908));
#3162=CARTESIAN_POINT('',(-1.91420680916415E-17,-0.10420456523992,0.020854471634205));
#3163=CARTESIAN_POINT('',(0.0451219003440419,-0.0781534239299404,0.0209901859199193));
#3164=CARTESIAN_POINT('',(0.0902438006880839,-0.0521022826199602,0.0211259002056336));
#3165=CARTESIAN_POINT('',(0.0902438006880839,0.,0.0212616144913479));
#3166=CARTESIAN_POINT('',(0.0902438006880839,0.0521022826199602,0.0213973287770622));
#3167=CARTESIAN_POINT('',(0.045121900344042,0.0781534239299403,0.0215330430627765));
#3168=CARTESIAN_POINT('',(6.38068936388051E-18,0.10420456523992,0.0216687573484907));
#3169=CARTESIAN_POINT('',(-0.045121900344042,0.0781534239299403,0.021804471634205));
#3170=CARTESIAN_POINT('',(-0.0902438006880839,0.0521022826199602,0.0219401859199193));
#3171=CARTESIAN_POINT('',(-0.0902438006880839,1.10516781655554E-17,0.0220759002056336));
#3172=CARTESIAN_POINT('',(-0.0902438006880839,-0.0521022826199602,0.0222116144913479));
#3173=CARTESIAN_POINT('',(-0.045121900344042,-0.0781534239299403,0.0223473287770621));
#3174=CARTESIAN_POINT('',(-1.91420680916415E-17,-0.10420456523992,0.0224830430627764));
#3175=CARTESIAN_POINT('',(0.0451219003440419,-0.0781534239299404,0.0226187573484907));
#3176=CARTESIAN_POINT('',(0.0902438006880839,-0.0521022826199602,0.022754471634205));
#3177=CARTESIAN_POINT('',(0.0902438006880839,0.,0.0228901859199193));
#3178=CARTESIAN_POINT('',(0.0902438006880839,0.0521022826199602,0.0230259002056336));
#3179=CARTESIAN_POINT('',(0.045121900344042,0.0781534239299403,0.0231616144913479));
#3180=CARTESIAN_POINT('',(6.38068936388051E-18,0.10420456523992,0.0232973287770622));
#3181=CARTESIAN_POINT('',(-0.045121900344042,0.0781534239299403,0.0234330430627765));
#3182=CARTESIAN_POINT('',(-0.0902438006880839,0.0521022826199602,0.0235687573484907));
#3183=CARTESIAN_POINT('',(-0.0902438006880839,1.10516781655554E-17,0.023704471634205));
#3184=CARTESIAN_POINT('',(-0.0902438006880839,-0.0521022826199602,0.0238401859199193));
#3185=CARTESIAN_POINT('',(-0.045121900344042,-0.0781534239299403,0.0239759002056336));
#3186=CARTESIAN_POINT('',(-1.91420680916415E-17,-0.10420456523992,0.0241116144913479));
#3187=CARTESIAN_POINT('',(0.0451219003440419,-0.0781534239299404,0.0242473287770621));
#3188=CARTESIAN_POINT('',(0.0902438006880839,-0.0521022826199602,0.0243830430627765));
#3189=CARTESIAN_POINT('',(0.0902438006880839,0.,0.0245187573484907));
#3190=CARTESIAN_POINT('',(0.0902438006880839,0.0521022826199602,0.024654471634205));
#3191=CARTESIAN_POINT('',(0.045121900344042,0.0781534239299403,0.0247901859199193));
#3192=CARTESIAN_POINT('',(6.38068936388051E-18,0.10420456523992,0.0249259002056336));
#3193=CARTESIAN_POINT('',(-0.045121900344042,0.0781534239299403,0.0250616144913479));
#3194=CARTESIAN_POINT('',(-0.0902438006880839,0.0521022826199602,0.0251973287770621));
#3195=CARTESIAN_POINT('',(-0.0902438006880839,1.10516781655554E-17,0.0253330430627765));
#3196=CARTESIAN_POINT('',(-0.0902438006880839,-0.0521022826199602,0.0254687573484908));
#3197=CARTESIAN_POINT('',(-0.045121900344042,-0.0781534239299403,0.025604471634205));
#3198=CARTESIAN_POINT('',(-1.91420680916415E-17,-0.10420456523992,0.0257401859199193));
#3199=CARTESIAN_POINT('',(0.0451219003440419,-0.0781534239299404,0.0258759002056336));
#3200=CARTESIAN_POINT('',(0.0902438006880839,-0.0521022826199602,0.0260116144913479));
#3201=CARTESIAN_POINT('',(0.0902438006880839,0.,0.0261473287770621));
#3202=CARTESIAN_POINT('',(0.0902438006880839,0.0521022826199602,0.0262830430627764));
#3203=CARTESIAN_POINT('',(0.045121900344042,0.0781534239299403,0.0264187573484908));
#3204=CARTESIAN_POINT('',(6.38068936388051E-18,0.10420456523992,0.026554471634205));
#3205=CARTESIAN_POINT('',(-0.045121900344042,0.0781534239299403,0.0266901859199193));
#3206=CARTESIAN_POINT('',(-0.0902438006880839,0.0521022826199602,0.0268259002056336));
#3207=CARTESIAN_POINT('',(-0.0902438006880839,1.10516781655554E-17,0.0269616144913479));
#3208=CARTESIAN_POINT('',(-0.0902438006880839,-0.0521022826199602,0.0270973287770622));
#3209=CARTESIAN_POINT('',(-0.045121900344042,-0.0781534239299403,0.0272330430627764));
#3210=CARTESIAN_POINT('',(-1.91420680916415E-17,-0.10420456523992,0.0273687573484907));
#3211=CARTESIAN_POINT('',(0.0451219003440419,-0.0781534239299404,0.027504471634205));
#3212=CARTESIAN_POINT('',(0.0902438006880839,-0.0521022826199602,0.0276401859199193));
#3213=CARTESIAN_POINT('',(0.0902438006880839,0.,0.0277759002056336));
#3214=CARTESIAN_POINT('',(0.0902438006880839,0.0521022826199602,0.0279116144913479));
#3215=CARTESIAN_POINT('',(0.045121900344042,0.0781534239299403,0.0280473287770621));
#3216=CARTESIAN_POINT('',(6.38068936388051E-18,0.10420456523992,0.0281830430627764));
#3217=CARTESIAN_POINT('',(-0.045121900344042,0.0781534239299403,0.0283187573484908));
#3218=CARTESIAN_POINT('',(-0.0902438006880839,0.0521022826199602,0.028454471634205));
#3219=CARTESIAN_POINT('',(-0.0902438006880839,1.10516781655554E-17,0.0285901859199193));
#3220=CARTESIAN_POINT('',(-0.0902438006880839,-0.0521022826199602,0.0287259002056336));
#3221=CARTESIAN_POINT('',(-0.045121900344042,-0.0781534239299403,0.0288616144913479));
#3222=CARTESIAN_POINT('',(-1.91420680916415E-17,-0.10420456523992,0.0289973287770622));
#3223=CARTESIAN_POINT('',(0.0451219003440419,-0.0781534239299404,0.0291330430627765));
#3224=CARTESIAN_POINT('',(0.0902438006880839,-0.0521022826199602,0.0292687573484907));
#3225=CARTESIAN_POINT('',(0.0902438006880839,0.,0.029404471634205));
#3226=CARTESIAN_POINT('',(0.0902438006880839,0.0521022826199602,0.0295401859199193));
#3227=CARTESIAN_POINT('',(0.045121900344042,0.0781534239299403,0.0296759002056336));
#3228=CARTESIAN_POINT('',(6.38068936388051E-18,0.10420456523992,0.0298116144913479));
#3229=CARTESIAN_POINT('',(-0.045121900344042,0.0781534239299403,0.0299473287770621));
#3230=CARTESIAN_POINT('',(-0.0902438006880839,0.0521022826199602,0.0300830430627765));
#3231=CARTESIAN_POINT('',(-0.0902438006880839,1.10516781655554E-17,0.0302187573484907));
#3232=CARTESIAN_POINT('',(-0.0902438006880839,-0.0521022826199602,0.030354471634205));
#3233=CARTESIAN_POINT('',(-0.045121900344042,-0.0781534239299403,0.0304901859199193));
#3234=CARTESIAN_POINT('',(-1.91420680916415E-17,-0.10420456523992,0.0306259002056336));
#3235=CARTESIAN_POINT('',(0.0451219003440419,-0.0781534239299404,0.0307616144913479));
#3236=CARTESIAN_POINT('',(0.0902438006880839,-0.0521022826199602,0.0308973287770622));
#3237=CARTESIAN_POINT('',(0.0902438006880839,0.,0.0310330430627765));
#3238=CARTESIAN_POINT('',(0.0902438006880839,0.0521022826199602,0.0311687573484908));
#3239=CARTESIAN_POINT('',(0.045121900344042,0.0781534239299403,0.031304471634205));
#3240=CARTESIAN_POINT('',(6.38068936388051E-18,0.10420456523992,0.0314401859199193));
#3241=CARTESIAN_POINT('',(-0.045121900344042,0.0781534239299403,0.0315759002056336));
#3242=CARTESIAN_POINT('',(-0.0902438006880839,0.0521022826199602,0.0317116144913479));
#3243=CARTESIAN_POINT('',(-0.0902438006880839,1.10516781655554E-17,0.0318473287770622));
#3244=CARTESIAN_POINT('',(-0.0902438006880839,-0.0521022826199602,0.0319830430627764));
#3245=CARTESIAN_POINT('',(-0.045121900344042,-0.0781534239299403,0.0321187573484908));
#3246=CARTESIAN_POINT('',(-1.91420680916415E-17,-0.10420456523992,0.032254471634205));
#3247=CARTESIAN_POINT('',(0.0451219003440419,-0.0781534239299404,0.0323901859199193));
#3248=CARTESIAN_POINT('',(0.0902438006880839,-0.0521022826199602,0.0325259002056336));
#3249=CARTESIAN_POINT('',(0.0902438006880839,0.,0.0326616144913479));
#3250=CARTESIAN_POINT('',(0.0902438006880839,0.0521022826199602,0.0327973287770622));
#3251=CARTESIAN_POINT('',(0.045121900344042,0.0781534239299403,0.0329330430627765));
#3252=CARTESIAN_POINT('',(6.38068936388051E-18,0.10420456523992,0.0330687573484907));
#3253=CARTESIAN_POINT('',(-0.045121900344042,0.0781534239299403,0.033204471634205));
#3254=CARTESIAN_POINT('',(-0.0902438006880839,0.0521022826199602,0.0333401859199193));
#3255=CARTESIAN_POINT('',(-0.0902438006880839,1.10516781655554E-17,0.0334759002056336));
#3256=CARTESIAN_POINT('',(-0.0902438006880839,-0.0521022826199602,0.0336116144913479));
#3257=CARTESIAN_POINT('',(-0.045121900344042,-0.0781534239299403,0.0337473287770622));
#3258=CARTESIAN_POINT('',(-1.91420680916415E-17,-0.10420456523992,0.0338830430627764));
#3259=CARTESIAN_POINT('',(0.0451219003440419,-0.0781534239299404,0.0340187573484908));
#3260=CARTESIAN_POINT('',(0.0902438006880839,-0.0521022826199602,0.034154471634205));
#3261=CARTESIAN_POINT('',(0.0902438006880839,0.,0.0342901859199193));
#3262=CARTESIAN_POINT('',(0.0902438006880839,0.0521022826199602,0.0344259002056336));
#3263=CARTESIAN_POINT('',(0.045121900344042,0.0781534239299403,0.0345616144913479));
#3264=CARTESIAN_POINT('',(6.38068936388051E-18,0.10420456523992,0.0346973287770622));
#3265=CARTESIAN_POINT('',(-0.045121900344042,0.0781534239299403,0.0348330430627765));
#3266=CARTESIAN_POINT('',(-0.0902438006880839,0.0521022826199602,0.0349687573484907));
#3267=CARTESIAN_POINT('',(-0.0902438006880839,1.10516781655554E-17,0.035104471634205));
#3268=CARTESIAN_POINT('',(-0.0902438006880839,-0.0521022826199602,0.0352401859199193));
#3269=CARTESIAN_POINT('',(-0.045121900344042,-0.0781534239299403,0.0353759002056336));
#3270=CARTESIAN_POINT('',(-1.91420680916415E-17,-0.10420456523992,0.0355116144913479));
#3271=CARTESIAN_POINT('',(0.0451219003440419,-0.0781534239299404,0.0356473287770621));
#3272=CARTESIAN_POINT('',(0.0902438006880839,-0.0521022826199602,0.0357830430627765));
#3273=CARTESIAN_POINT('',(0.0902438006880839,0.,0.0359187573484908));
#3274=CARTESIAN_POINT('',(0.0902438006880839,0.0521022826199602,0.036054471634205));
#3275=CARTESIAN_POINT('',(0.045121900344042,0.0781534239299403,0.0361901859199193));
#3276=CARTESIAN_POINT('',(6.38068936388051E-18,0.10420456523992,0.0363259002056336));
#3277=CARTESIAN_POINT('',(-0.045121900344042,0.0781534239299403,0.0364616144913479));
#3278=CARTESIAN_POINT('',(-0.0902438006880839,0.0521022826199602,0.0365973287770621));
#3279=CARTESIAN_POINT('',(-0.0902438006880839,1.10516781655554E-17,0.0367330430627765));
#3280=CARTESIAN_POINT('',(-0.0902438006880839,-0.0521022826199602,0.0368687573484908));
#3281=CARTESIAN_POINT('',(-0.045121900344042,-0.0781534239299403,0.037004471634205));
#3282=CARTESIAN_POINT('',(-1.91420680916415E-17,-0.10420456523992,0.0371401859199193));
#3283=CARTESIAN_POINT('',(0.0451219003440419,-0.0781534239299404,0.0372759002056336));
#3284=CARTESIAN_POINT('',(0.0902438006880839,-0.0521022826199602,0.0374116144913479));
#3285=CARTESIAN_POINT('',(0.0902438006880839,0.,0.0375473287770621));
#3286=CARTESIAN_POINT('',(0.0902438006880839,0.0521022826199602,0.0376830430627764));
#3287=CARTESIAN_POINT('',(0.045121900344042,0.0781534239299403,0.0378187573484908));
#3288=CARTESIAN_POINT('',(6.38068936388051E-18,0.10420456523992,0.037954471634205));
#3289=CARTESIAN_POINT('',(-0.045121900344042,0.0781534239299403,0.0380901859199193));
#3290=CARTESIAN_POINT('',(-0.0902438006880839,0.0521022826199602,0.0382259002056336));
#3291=CARTESIAN_POINT('',(-0.0902438006880839,1.10516781655554E-17,0.0383616144913479));
#3292=CARTESIAN_POINT('',(-0.0902438006880839,-0.0521022826199602,0.0384973287770621));
#3293=CARTESIAN_POINT('',(-0.045121900344042,-0.0781534239299403,0.0386330430627764));
#3294=CARTESIAN_POINT('',(-1.91420680916415E-17,-0.10420456523992,0.0387687573484907));
#3295=CARTESIAN_POINT('',(0.0451219003440419,-0.0781534239299404,0.038904471634205));
#3296=CARTESIAN_POINT('',(0.0902438006880839,-0.0521022826199602,0.0390401859199193));
#3297=CARTESIAN_POINT('',(0.0902438006880839,0.,0.0391759002056336));
#3298=CARTESIAN_POINT('',(0.0902438006880839,0.,-0.016195528365795));
#3299=CARTESIAN_POINT('',(0.0902438006880839,0.0521022826199602,-0.0160598140800807));
#3300=CARTESIAN_POINT('',(0.045121900344042,0.0781534239299403,-0.0159240997943664));
#3301=CARTESIAN_POINT('',(6.38068936388051E-18,0.10420456523992,-0.0157883855086521));
#3302=CARTESIAN_POINT('',(-0.045121900344042,0.0781534239299403,-0.0156526712229379));
#3303=CARTESIAN_POINT('',(-0.0902438006880839,0.0521022826199602,-0.0155169569372235));
#3304=CARTESIAN_POINT('',(-0.0902438006880839,1.10516781655554E-17,-0.0153812426515092));
#3305=CARTESIAN_POINT('',(-0.0902438006880839,-0.0521022826199602,-0.015245528365795));
#3306=CARTESIAN_POINT('',(-0.045121900344042,-0.0781534239299403,-0.0151098140800807));
#3307=CARTESIAN_POINT('',(-1.91420680916415E-17,-0.10420456523992,-0.0149740997943664));
#3308=CARTESIAN_POINT('',(0.0451219003440419,-0.0781534239299404,-0.0148383855086521));
#3309=CARTESIAN_POINT('',(0.0902438006880839,-0.0521022826199602,-0.0147026712229378));
#3310=CARTESIAN_POINT('',(0.0902438006880839,-2.21033563311107E-17,-0.0145669569372235));
#3311=CARTESIAN_POINT('',(0.090243800688084,0.0521022826199601,-0.0144312426515093));
#3312=CARTESIAN_POINT('',(0.045121900344042,0.0781534239299403,-0.014295528365795));
#3313=CARTESIAN_POINT('',(1.24455692899734E-16,0.10420456523992,-0.0141598140800807));
#3314=CARTESIAN_POINT('',(-0.0451219003440419,0.0781534239299404,-0.0140240997943664));
#3315=CARTESIAN_POINT('',(-0.0902438006880838,0.0521022826199603,-0.0138883855086521));
#3316=CARTESIAN_POINT('',(-0.0902438006880839,3.31550344966661E-17,-0.0137526712229378));
#3317=CARTESIAN_POINT('',(-0.090243800688084,-0.0521022826199601,-0.0136169569372235));
#3318=CARTESIAN_POINT('',(-0.0451219003440421,-0.0781534239299402,-0.0134812426515093));
#3319=CARTESIAN_POINT('',(-4.46648255471635E-17,-0.10420456523992,-0.013345528365795));
#3320=CARTESIAN_POINT('',(0.0451219003440419,-0.0781534239299404,-0.0132098140800807));
#3321=CARTESIAN_POINT('',(0.0902438006880838,-0.0521022826199603,-0.0130740997943664));
#3322=CARTESIAN_POINT('',(0.0902438006880839,-4.42067126622215E-17,-0.0129383855086521));
#3323=CARTESIAN_POINT('',(0.090243800688084,0.0521022826199601,-0.0128026712229378));
#3324=CARTESIAN_POINT('',(0.0451219003440421,0.0781534239299402,-0.0126669569372235));
#3325=CARTESIAN_POINT('',(2.42530696435587E-16,0.10420456523992,-0.0125312426515093));
#3326=CARTESIAN_POINT('',(-0.0451219003440419,0.0781534239299404,-0.012395528365795));
#3327=CARTESIAN_POINT('',(-0.0902438006880838,0.0521022826199603,-0.0122598140800807));
#3328=CARTESIAN_POINT('',(-0.0902438006880839,2.15563583393528E-16,-0.0121240997943664));
#3329=CARTESIAN_POINT('',(-0.090243800688084,-0.0521022826199601,-0.0119883855086521));
#3330=CARTESIAN_POINT('',(-0.0451219003440421,-0.0781534239299402,-0.0118526712229378));
#3331=CARTESIAN_POINT('',(-2.55292075163348E-16,-0.10420456523992,-0.0117169569372235));
#3332=CARTESIAN_POINT('',(0.0451219003440417,-0.0781534239299404,-0.0115812426515093));
#3333=CARTESIAN_POINT('',(0.0902438006880837,-0.0521022826199606,-0.011445528365795));
#3334=CARTESIAN_POINT('',(0.0902438006880839,-6.63100689933322E-17,-0.0113098140800807));
#3335=CARTESIAN_POINT('',(0.090243800688084,0.0521022826199601,-0.0111740997943664));
#3336=CARTESIAN_POINT('',(0.0451219003440421,0.0781534239299402,-0.0110383855086521));
#3337=CARTESIAN_POINT('',(2.68053453891109E-16,0.10420456523992,-0.0109026712229378));
#3338=CARTESIAN_POINT('',(-0.0451219003440417,0.0781534239299405,-0.0107669569372235));
#3339=CARTESIAN_POINT('',(-0.0902438006880837,0.0521022826199606,-0.0106312426515093));
#3340=CARTESIAN_POINT('',(-0.0902438006880839,7.73617471588876E-17,-0.010495528365795));
#3341=CARTESIAN_POINT('',(-0.090243800688084,-0.0521022826199601,-0.0103598140800807));
#3342=CARTESIAN_POINT('',(-0.0451219003440421,-0.0781534239299402,-0.0102240997943664));
#3343=CARTESIAN_POINT('',(-2.8081483261887E-16,-0.10420456523992,-0.0100883855086521));
#3344=CARTESIAN_POINT('',(0.0451219003440417,-0.0781534239299405,-0.00995267122293783));
#3345=CARTESIAN_POINT('',(0.0902438006880837,-0.0521022826199606,-0.00981695693722355));
#3346=CARTESIAN_POINT('',(0.0902438006880839,-8.8413425324443E-17,-0.00968124265150926));
#3347=CARTESIAN_POINT('',(0.090243800688084,0.0521022826199601,-0.00954552836579498));
#3348=CARTESIAN_POINT('',(0.0451219003440422,0.0781534239299402,-0.00940981408008069));
#3349=CARTESIAN_POINT('',(2.93576211346631E-16,0.10420456523992,-0.00927409979436639));
#3350=CARTESIAN_POINT('',(-0.0451219003440417,0.0781534239299405,-0.00913838550865212));
#3351=CARTESIAN_POINT('',(-0.0902438006880837,0.0521022826199606,-0.00900267122293783));
#3352=CARTESIAN_POINT('',(-0.0902438006880839,4.20075488621501E-16,-0.00886695693722355));
#3353=CARTESIAN_POINT('',(-0.090243800688084,-0.05210228261996,-0.00873124265150926));
#3354=CARTESIAN_POINT('',(-0.0451219003440422,-0.0781534239299402,-0.00859552836579497));
#3355=CARTESIAN_POINT('',(-3.06337590074392E-16,-0.10420456523992,-0.00845981408008069));
#3356=CARTESIAN_POINT('',(0.0451219003440417,-0.0781534239299405,-0.0083240997943664));
#3357=CARTESIAN_POINT('',(0.0902438006880837,-0.0521022826199606,-0.00818838550865212));
#3358=CARTESIAN_POINT('',(0.0902438006880839,-4.31127166787056E-16,-0.00805267122293783));
#3359=CARTESIAN_POINT('',(0.090243800688084,0.05210228261996,-0.00791695693722355));
#3360=CARTESIAN_POINT('',(0.0451219003440422,0.0781534239299402,-0.00778124265150926));
#3361=CARTESIAN_POINT('',(6.89307953123477E-16,0.10420456523992,-0.00764552836579497));
#3362=CARTESIAN_POINT('',(-0.0451219003440417,0.0781534239299405,-0.00750981408008069));
#3363=CARTESIAN_POINT('',(-0.0902438006880839,0.0521022826199602,-0.0073740997943664));
#3364=CARTESIAN_POINT('',(-0.0902438006880839,4.42178844952611E-16,-0.00723838550865212));
#3365=CARTESIAN_POINT('',(-0.090243800688084,-0.05210228261996,-0.00710267122293783));
#3366=CARTESIAN_POINT('',(-0.0451219003440425,-0.07815342392994,-0.00696695693722355));
#3367=CARTESIAN_POINT('',(-3.31860347529914E-16,-0.10420456523992,-0.00683124265150926));
#3368=CARTESIAN_POINT('',(0.0451219003440414,-0.0781534239299406,-0.00669552836579498));
#3369=CARTESIAN_POINT('',(0.0902438006880837,-0.0521022826199606,-0.00655981408008069));
#3370=CARTESIAN_POINT('',(0.0902438006880839,-1.32620137986664E-16,-0.0064240997943664));
#3371=CARTESIAN_POINT('',(0.0902438006880843,0.0521022826199596,-0.00628838550865211));
#3372=CARTESIAN_POINT('',(0.0451219003440422,0.0781534239299402,-0.00615267122293783));
#3373=CARTESIAN_POINT('',(7.14830710578999E-16,0.10420456523992,-0.00601695693722354));
#3374=CARTESIAN_POINT('',(-0.0451219003440417,0.0781534239299405,-0.00588124265150926));
#3375=CARTESIAN_POINT('',(-0.0902438006880839,0.0521022826199603,-0.00574552836579497));
#3376=CARTESIAN_POINT('',(-0.0902438006880839,4.64282201283722E-16,-0.00560981408008069));
#3377=CARTESIAN_POINT('',(-0.090243800688084,-0.05210228261996,-0.0054740997943664));
#3378=CARTESIAN_POINT('',(-0.0451219003440425,-0.07815342392994,-0.00533838550865212));
#3379=CARTESIAN_POINT('',(-3.57383104985436E-16,-0.10420456523992,-0.00520267122293784));
#3380=CARTESIAN_POINT('',(0.0451219003440414,-0.0781534239299407,-0.00506695693722355));
#3381=CARTESIAN_POINT('',(0.0902438006880837,-0.0521022826199606,-0.00493124265150926));
#3382=CARTESIAN_POINT('',(0.0902438006880839,-1.54723494317775E-16,-0.00479552836579497));
#3383=CARTESIAN_POINT('',(0.0902438006880843,0.0521022826199596,-0.00465981408008069));
#3384=CARTESIAN_POINT('',(0.0451219003440422,0.0781534239299402,-0.0045240997943664));
#3385=CARTESIAN_POINT('',(7.40353468034521E-16,0.10420456523992,-0.00438838550865212));
#3386=CARTESIAN_POINT('',(-0.0451219003440417,0.0781534239299405,-0.00425267122293783));
#3387=CARTESIAN_POINT('',(-0.0902438006880835,0.0521022826199609,-0.00411695693722354));
#3388=CARTESIAN_POINT('',(-0.0902438006880839,4.86385557614832E-16,-0.00398124265150926));
#3389=CARTESIAN_POINT('',(-0.090243800688084,-0.05210228261996,-0.00384552836579497));
#3390=CARTESIAN_POINT('',(-0.0451219003440425,-0.07815342392994,-0.00370981408008069));
#3391=CARTESIAN_POINT('',(-3.82905862440957E-16,-0.10420456523992,-0.0035740997943664));
#3392=CARTESIAN_POINT('',(0.0451219003440414,-0.0781534239299407,-0.00343838550865212));
#3393=CARTESIAN_POINT('',(0.0902438006880837,-0.0521022826199607,-0.00330267122293783));
#3394=CARTESIAN_POINT('',(0.0902438006880839,-1.76826850648886E-16,-0.00316695693722355));
#3395=CARTESIAN_POINT('',(0.0902438006880843,0.0521022826199596,-0.00303124265150926));
#3396=CARTESIAN_POINT('',(0.0451219003440422,0.0781534239299402,-0.00289552836579498));
#3397=CARTESIAN_POINT('',(7.65876225490044E-16,0.10420456523992,-0.00275981408008068));
#3398=CARTESIAN_POINT('',(-0.0451219003440416,0.0781534239299405,-0.0026240997943664));
#3399=CARTESIAN_POINT('',(-0.0902438006880835,0.0521022826199609,-0.00248838550865212));
#3400=CARTESIAN_POINT('',(-0.0902438006880839,5.08488913945943E-16,-0.00235267122293783));
#3401=CARTESIAN_POINT('',(-0.090243800688084,-0.05210228261996,-0.00221695693722355));
#3402=CARTESIAN_POINT('',(-0.0451219003440425,-0.07815342392994,-0.00208124265150926));
#3403=CARTESIAN_POINT('',(-4.0842861989648E-16,-0.10420456523992,-0.00194552836579497));
#3404=CARTESIAN_POINT('',(0.0451219003440413,-0.0781534239299407,-0.00180981408008069));
#3405=CARTESIAN_POINT('',(0.0902438006880837,-0.0521022826199607,-0.0016740997943664));
#3406=CARTESIAN_POINT('',(0.0902438006880839,-8.40150977243001E-16,-0.00153838550865212));
#3407=CARTESIAN_POINT('',(0.0902438006880843,0.0521022826199596,-0.00140267122293783));
#3408=CARTESIAN_POINT('',(0.0451219003440423,0.0781534239299402,-0.00126695693722354));
#3409=CARTESIAN_POINT('',(7.91398982945565E-16,0.10420456523992,-0.00113124265150926));
#3410=CARTESIAN_POINT('',(-0.0451219003440416,0.0781534239299405,-0.000995528365794973));
#3411=CARTESIAN_POINT('',(-0.0902438006880835,0.052102282619961,-0.000859814080080688));
#3412=CARTESIAN_POINT('',(-0.0902438006880839,5.30592270277054E-16,-0.000724099794366403));
#3413=CARTESIAN_POINT('',(-0.0902438006880845,-0.0521022826199593,-0.000588385508652117));
#3414=CARTESIAN_POINT('',(-0.0451219003440425,-0.07815342392994,-0.00045267122293783));
#3415=CARTESIAN_POINT('',(-4.33951377352001E-16,-0.10420456523992,-0.000316956937223545));
#3416=CARTESIAN_POINT('',(0.0451219003440413,-0.0781534239299407,-0.000181242651509261));
#3417=CARTESIAN_POINT('',(0.0902438006880837,-0.0521022826199607,-4.55283657949737E-5));
#3418=CARTESIAN_POINT('',(0.0902438006880839,-8.62254333574111E-16,9.01859199193104E-5));
#3419=CARTESIAN_POINT('',(0.0902438006880843,0.0521022826199596,0.000225900205633598));
#3420=CARTESIAN_POINT('',(0.0451219003440423,0.0781534239299401,0.000361614491347882));
#3421=CARTESIAN_POINT('',(8.16921740401087E-16,0.10420456523992,0.00049732877706217));
#3422=CARTESIAN_POINT('',(-0.0451219003440416,0.0781534239299405,0.000633043062776454));
#3423=CARTESIAN_POINT('',(-0.0902438006880838,0.0521022826199603,0.000768757348490741));
#3424=CARTESIAN_POINT('',(-0.0902438006880839,1.19391639687117E-15,0.000904471634205026));
#3425=CARTESIAN_POINT('',(-0.0902438006880845,-0.0521022826199593,0.00104018591991931));
#3426=CARTESIAN_POINT('',(-0.0451219003440425,-0.07815342392994,0.0011759002056336));
#3427=CARTESIAN_POINT('',(-4.59474134807524E-16,-0.10420456523992,0.00131161449134788));
#3428=CARTESIAN_POINT('',(0.0451219003440419,-0.0781534239299404,0.00144732877706217));
#3429=CARTESIAN_POINT('',(0.0902438006880832,-0.0521022826199614,0.00158304306277645));
#3430=CARTESIAN_POINT('',(0.0902438006880839,-8.84357689905222E-16,0.00171875734849074));
#3431=CARTESIAN_POINT('',(0.0902438006880843,0.0521022826199595,0.00185447163420502));
#3432=CARTESIAN_POINT('',(0.0451219003440423,0.0781534239299401,0.00199018591991931));
#3433=CARTESIAN_POINT('',(1.0202652921396E-16,0.10420456523992,0.00212590020563359));
#3434=CARTESIAN_POINT('',(-0.045121900344041,0.0781534239299409,0.00226161449134789));
#3435=CARTESIAN_POINT('',(-0.0902438006880835,0.052102282619961,0.00239732877706217));
#3436=CARTESIAN_POINT('',(-0.0902438006880839,5.74798982939276E-16,0.00253304306277646));
#3437=CARTESIAN_POINT('',(-0.0902438006880841,-0.0521022826199599,0.00266875734849074));
#3438=CARTESIAN_POINT('',(-0.0451219003440431,-0.0781534239299396,0.00280447163420502));
#3439=CARTESIAN_POINT('',(-1.22541486090569E-15,-0.10420456523992,0.00294018591991931));
#3440=CARTESIAN_POINT('',(0.0451219003440413,-0.0781534239299407,0.0030759002056336));
#3441=CARTESIAN_POINT('',(0.0902438006880836,-0.0521022826199607,0.00321161449134788));
#3442=CARTESIAN_POINT('',(0.0902438006880839,-2.65240275973329E-16,0.00334732877706217));
#3443=CARTESIAN_POINT('',(0.0902438006880846,0.0521022826199589,0.00348304306277646));
#3444=CARTESIAN_POINT('',(0.0451219003440429,0.0781534239299398,0.00361875734849074));
#3445=CARTESIAN_POINT('',(8.67967255312132E-16,0.10420456523992,0.00375447163420503));
#3446=CARTESIAN_POINT('',(-0.0451219003440416,0.0781534239299406,0.00389018591991931));
#3447=CARTESIAN_POINT('',(-0.0902438006880838,0.0521022826199604,0.0040259002056336));
#3448=CARTESIAN_POINT('',(-0.0902438006880839,1.23812310953339E-15,0.00416161449134789));
#3449=CARTESIAN_POINT('',(-0.0902438006880845,-0.0521022826199592,0.00429732877706216));
#3450=CARTESIAN_POINT('',(-0.0451219003440426,-0.0781534239299399,0.00443304306277646));
#3451=CARTESIAN_POINT('',(-5.10519649718568E-16,-0.10420456523992,0.00456875734849074));
#3452=CARTESIAN_POINT('',(0.0451219003440418,-0.0781534239299404,0.00470447163420503));
#3453=CARTESIAN_POINT('',(0.0902438006880832,-0.0521022826199614,0.00484018591991931));
#3454=CARTESIAN_POINT('',(0.0902438006880839,-9.28564402567443E-16,0.0049759002056336));
#3455=CARTESIAN_POINT('',(0.0902438006880843,0.0521022826199595,0.00511161449134788));
#3456=CARTESIAN_POINT('',(0.0451219003440423,0.0781534239299401,0.00524732877706217));
#3457=CARTESIAN_POINT('',(1.6339079814103E-15,0.10420456523992,0.00538304306277645));
#3458=CARTESIAN_POINT('',(-0.045121900344041,0.0781534239299409,0.00551875734849074));
#3459=CARTESIAN_POINT('',(-0.0902438006880835,0.052102282619961,0.00565447163420502));
#3460=CARTESIAN_POINT('',(-0.0902438006880839,6.19005695601497E-16,0.00579018591991931));
#3461=CARTESIAN_POINT('',(-0.0902438006880841,-0.0521022826199599,0.0059259002056336));
#3462=CARTESIAN_POINT('',(-0.0451219003440432,-0.0781534239299396,0.00606161449134788));
#3463=CARTESIAN_POINT('',(-1.27646037581674E-15,-0.10420456523992,0.00619732877706217));
#3464=CARTESIAN_POINT('',(0.0451219003440413,-0.0781534239299407,0.00633304306277645));
#3465=CARTESIAN_POINT('',(0.0902438006880836,-0.0521022826199608,0.00646875734849074));
#3466=CARTESIAN_POINT('',(0.0902438006880839,-3.09446988635551E-16,0.00660447163420503));
#3467=CARTESIAN_POINT('',(0.0902438006880847,0.0521022826199588,0.00674018591991931));
#3468=CARTESIAN_POINT('',(0.0451219003440429,0.0781534239299398,0.0068759002056336));
#3469=CARTESIAN_POINT('',(9.19012770223175E-16,0.10420456523992,0.00701161449134788));
#3470=CARTESIAN_POINT('',(-0.0451219003440415,0.0781534239299406,0.00714732877706217));
#3471=CARTESIAN_POINT('',(-0.0902438006880838,0.0521022826199604,0.00728304306277645));
#3472=CARTESIAN_POINT('',(-0.0902438006880839,1.28232982219561E-15,0.00741875734849074));
#3473=CARTESIAN_POINT('',(-0.0902438006880845,-0.0521022826199592,0.00755447163420503));
#3474=CARTESIAN_POINT('',(-0.0451219003440426,-0.0781534239299399,0.00769018591991931));
#3475=CARTESIAN_POINT('',(-5.61565164629611E-16,-0.10420456523992,0.0078259002056336));
#3476=CARTESIAN_POINT('',(0.0451219003440407,-0.0781534239299411,0.00796161449134789));
#3477=CARTESIAN_POINT('',(0.0902438006880832,-0.0521022826199614,0.00809732877706217));
#3478=CARTESIAN_POINT('',(0.0902438006880839,-9.72771115229665E-16,0.00823304306277646));
#3479=CARTESIAN_POINT('',(0.0902438006880844,0.0521022826199595,0.00836875734849074));
#3480=CARTESIAN_POINT('',(0.0451219003440424,0.0781534239299401,0.00850447163420503));
#3481=CARTESIAN_POINT('',(1.68495349632135E-15,0.10420456523992,0.00864018591991932));
#3482=CARTESIAN_POINT('',(-0.0451219003440409,0.0781534239299409,0.0087759002056336));
#3483=CARTESIAN_POINT('',(-0.0902438006880835,0.0521022826199611,0.00891161449134789));
#3484=CARTESIAN_POINT('',(-0.0902438006880839,6.63212408263718E-16,0.00904732877706217));
#3485=CARTESIAN_POINT('',(-0.0902438006880841,-0.0521022826199597,0.00918304306277645));
#3486=CARTESIAN_POINT('',(-0.0451219003440432,-0.0781534239299396,0.00931875734849074));
#3487=CARTESIAN_POINT('',(-1.32750589072778E-15,-0.10420456523992,0.00945447163420502));
#3488=CARTESIAN_POINT('',(0.0451219003440412,-0.0781534239299408,0.00959018591991931));
#3489=CARTESIAN_POINT('',(0.0902438006880836,-0.0521022826199608,0.00972590020563359));
#3490=CARTESIAN_POINT('',(0.0902438006880839,-3.53653701297772E-16,0.00986161449134788));
#3491=CARTESIAN_POINT('',(0.0902438006880847,0.0521022826199588,0.00999732877706216));
#3492=CARTESIAN_POINT('',(0.0451219003440429,0.0781534239299398,0.0101330430627765));
#3493=CARTESIAN_POINT('',(9.70058285134219E-16,0.10420456523992,0.0102687573484907));
#3494=CARTESIAN_POINT('',(-0.0451219003440415,0.0781534239299406,0.010404471634205));
#3495=CARTESIAN_POINT('',(-0.090243800688083,0.0521022826199618,0.0105401859199193));
#3496=CARTESIAN_POINT('',(-0.0902438006880839,1.32653653485783E-15,0.0106759002056336));
#3497=CARTESIAN_POINT('',(-0.0902438006880845,-0.0521022826199592,0.0108116144913479));
#3498=CARTESIAN_POINT('',(-0.0451219003440427,-0.0781534239299399,0.0109473287770622));
#3499=CARTESIAN_POINT('',(-6.12610679540656E-16,-0.10420456523992,0.0110830430627764));
#3500=CARTESIAN_POINT('',(0.0451219003440406,-0.0781534239299411,0.0112187573484907));
#3501=CARTESIAN_POINT('',(0.0902438006880832,-0.0521022826199615,0.011354471634205));
#3502=CARTESIAN_POINT('',(0.0902438006880839,-1.01697782789189E-15,0.0114901859199193));
#3503=CARTESIAN_POINT('',(0.0902438006880844,0.0521022826199594,0.0116259002056336));
#3504=CARTESIAN_POINT('',(0.0451219003440424,0.0781534239299401,0.0117616144913479));
#3505=CARTESIAN_POINT('',(1.73599901123239E-15,0.10420456523992,0.0118973287770622));
#3506=CARTESIAN_POINT('',(-0.0451219003440409,0.0781534239299409,0.0120330430627765));
#3507=CARTESIAN_POINT('',(-0.0902438006880833,0.0521022826199611,0.0121687573484907));
#3508=CARTESIAN_POINT('',(-0.0902438006880839,7.0741912092594E-16,0.012304471634205));
#3509=CARTESIAN_POINT('',(-0.090243800688085,-0.0521022826199585,0.0124401859199193));
#3510=CARTESIAN_POINT('',(-0.0451219003440432,-0.0781534239299396,0.0125759002056336));
#3511=CARTESIAN_POINT('',(-1.37855140563883E-15,-0.10420456523992,0.0127116144913479));
#3512=CARTESIAN_POINT('',(0.0451219003440412,-0.0781534239299408,0.0128473287770622));
#3513=CARTESIAN_POINT('',(0.0902438006880836,-0.0521022826199608,0.0129830430627764));
#3514=CARTESIAN_POINT('',(0.0902438006880839,-1.680301954486E-15,0.0131187573484907));
#3515=CARTESIAN_POINT('',(0.0902438006880847,0.0521022826199588,0.013254471634205));
#3516=CARTESIAN_POINT('',(0.045121900344043,0.0781534239299397,0.0133901859199193));
#3517=CARTESIAN_POINT('',(1.02110380004526E-15,0.10420456523992,0.0135259002056336));
#3518=CARTESIAN_POINT('',(-0.0451219003440414,0.0781534239299406,0.0136616144913479));
#3519=CARTESIAN_POINT('',(-0.090243800688083,0.0521022826199618,0.0137973287770622));
#3520=CARTESIAN_POINT('',(-0.0902438006880839,1.37074324752005E-15,0.0139330430627765));
#3521=CARTESIAN_POINT('',(-0.0902438006880846,-0.0521022826199591,0.0140687573484907));
#3522=CARTESIAN_POINT('',(-0.0451219003440427,-0.0781534239299399,0.014204471634205));
#3523=CARTESIAN_POINT('',(-6.63656194451699E-16,-0.10420456523992,0.0143401859199193));
#3524=CARTESIAN_POINT('',(0.0451219003440406,-0.0781534239299411,0.0144759002056336));
#3525=CARTESIAN_POINT('',(0.0902438006880831,-0.0521022826199615,0.0146116144913479));
#3526=CARTESIAN_POINT('',(0.0902438006880839,-1.06118454055411E-15,0.0147473287770622));
#3527=CARTESIAN_POINT('',(0.0902438006880844,0.0521022826199594,0.0148830430627764));
#3528=CARTESIAN_POINT('',(0.0451219003440436,0.0781534239299394,0.0150187573484907));
#3529=CARTESIAN_POINT('',(1.78704452614344E-15,0.10420456523992,0.015154471634205));
#3530=CARTESIAN_POINT('',(-0.0451219003440409,0.0781534239299409,0.0152901859199193));
#3531=CARTESIAN_POINT('',(-0.0902438006880833,0.0521022826199612,0.0154259002056336));
#3532=CARTESIAN_POINT('',(-0.0902438006880839,7.51625833588161E-16,0.0155616144913479));
#3533=CARTESIAN_POINT('',(-0.090243800688085,-0.0521022826199584,0.0156973287770622));
#3534=CARTESIAN_POINT('',(-0.0451219003440433,-0.0781534239299396,0.0158330430627764));
#3535=CARTESIAN_POINT('',(-1.42959692054987E-15,-0.10420456523992,0.0159687573484907));
#3536=CARTESIAN_POINT('',(0.0451219003440411,-0.0781534239299408,0.016104471634205));
#3537=CARTESIAN_POINT('',(0.0902438006880835,-0.0521022826199609,0.0162401859199193));
#3538=CARTESIAN_POINT('',(0.0902438006880839,-1.72450866714822E-15,0.0163759002056336));
#3539=CARTESIAN_POINT('',(0.0902438006880847,0.0521022826199587,0.0165116144913479));
#3540=CARTESIAN_POINT('',(0.045121900344043,0.0781534239299397,0.0166473287770622));
#3541=CARTESIAN_POINT('',(1.07214931495631E-15,0.10420456523992,0.0167830430627764));
#3542=CARTESIAN_POINT('',(-0.0451219003440414,0.0781534239299406,0.0169187573484907));
#3543=CARTESIAN_POINT('',(-0.0902438006880837,0.0521022826199606,0.017054471634205));
#3544=CARTESIAN_POINT('',(-0.0902438006880839,1.41494996018228E-15,0.0171901859199193));
#3545=CARTESIAN_POINT('',(-0.0902438006880853,-0.0521022826199578,0.0173259002056336));
#3546=CARTESIAN_POINT('',(-0.0451219003440427,-0.0781534239299399,0.0174616144913479));
#3547=CARTESIAN_POINT('',(-2.19553764664804E-15,-0.10420456523992,0.0175973287770622));
#3548=CARTESIAN_POINT('',(0.0451219003440417,-0.0781534239299405,0.0177330430627764));
#3549=CARTESIAN_POINT('',(0.0902438006880831,-0.0521022826199616,0.0178687573484907));
#3550=CARTESIAN_POINT('',(0.0902438006880839,-2.38783279374234E-15,0.0180044716342051));
#3551=CARTESIAN_POINT('',(0.0902438006880844,0.0521022826199594,0.0181401859199193));
#3552=CARTESIAN_POINT('',(0.0451219003440436,0.0781534239299394,0.0182759002056336));
#3553=CARTESIAN_POINT('',(3.57254103769181E-16,0.10420456523992,0.0184116144913479));
#3554=CARTESIAN_POINT('',(-0.0451219003440408,0.078153423929941,0.0185473287770621));
#3555=CARTESIAN_POINT('',(-0.0902438006880825,0.0521022826199625,0.0186830430627765));
#3556=CARTESIAN_POINT('',(-0.0902438006880839,7.95832546250383E-16,0.0188187573484907));
#3557=CARTESIAN_POINT('',(-0.090243800688085,-0.0521022826199584,0.018954471634205));
#3558=CARTESIAN_POINT('',(-0.0451219003440422,-0.0781534239299402,0.0190901859199193));
#3559=CARTESIAN_POINT('',(-1.48064243546091E-15,-0.10420456523992,0.0192259002056336));
#3560=CARTESIAN_POINT('',(0.04512190034404,-0.0781534239299415,0.0193616144913479));
#3561=CARTESIAN_POINT('',(0.0902438006880835,-0.0521022826199609,0.0194973287770621));
#3562=CARTESIAN_POINT('',(0.0902438006880839,-1.76871537981044E-15,0.0196330430627765));
#3563=CARTESIAN_POINT('',(0.090243800688084,0.05210228261996,0.0197687573484908));
#3564=CARTESIAN_POINT('',(0.045121900344043,0.0781534239299397,0.019904471634205));
#3565=CARTESIAN_POINT('',(2.60403076715265E-15,0.10420456523992,0.0200401859199193));
#3566=CARTESIAN_POINT('',(-0.0451219003440414,0.0781534239299407,0.0201759002056336));
#3567=CARTESIAN_POINT('',(-0.0902438006880829,0.0521022826199619,0.0203116144913479));
#3568=CARTESIAN_POINT('',(-0.0902438006880839,1.7671513231849E-16,0.0204473287770621));
#3569=CARTESIAN_POINT('',(-0.0902438006880846,-0.0521022826199589,0.0205830430627764));
#3570=CARTESIAN_POINT('',(-0.0451219003440439,-0.0781534239299392,0.0207187573484908));
#3571=CARTESIAN_POINT('',(-7.65747224273787E-16,-0.10420456523992,0.020854471634205));
#3572=CARTESIAN_POINT('',(0.0451219003440405,-0.0781534239299411,0.0209901859199193));
#3573=CARTESIAN_POINT('',(0.0902438006880824,-0.0521022826199629,0.0211259002056336));
#3574=CARTESIAN_POINT('',(0.0902438006880839,-1.14959796587855E-15,0.0212616144913479));
#3575=CARTESIAN_POINT('',(0.0902438006880852,0.052102282619958,0.0213973287770622));
#3576=CARTESIAN_POINT('',(0.0451219003440425,0.07815342392994,0.0215330430627765));
#3577=CARTESIAN_POINT('',(1.88913555596552E-15,0.10420456523992,0.0216687573484907));
#3578=CARTESIAN_POINT('',(-0.0451219003440397,0.0781534239299416,0.021804471634205));
#3579=CARTESIAN_POINT('',(-0.0902438006880833,0.0521022826199612,0.0219401859199193));
#3580=CARTESIAN_POINT('',(-0.0902438006880839,2.12248079943861E-15,0.0220759002056336));
#3581=CARTESIAN_POINT('',(-0.0902438006880843,-0.0521022826199596,0.0222116144913479));
#3582=CARTESIAN_POINT('',(-0.0451219003440434,-0.0781534239299395,0.0223473287770621));
#3583=CARTESIAN_POINT('',(-3.01252388765725E-15,-0.10420456523992,0.0224830430627764));
#3584=CARTESIAN_POINT('',(0.0451219003440411,-0.0781534239299408,0.0226187573484907));
#3585=CARTESIAN_POINT('',(0.0902438006880828,-0.0521022826199623,0.022754471634205));
#3586=CARTESIAN_POINT('',(0.0902438006880839,-5.30480551946658E-16,0.0228901859199193));
#3587=CARTESIAN_POINT('',(0.0902438006880849,0.0521022826199586,0.0230259002056336));
#3588=CARTESIAN_POINT('',(0.0451219003440442,0.078153423929939,0.0231616144913479));
#3589=CARTESIAN_POINT('',(1.17424034477839E-15,0.10420456523992,0.0232973287770622));
#3590=CARTESIAN_POINT('',(-0.0451219003440402,0.0781534239299413,0.0234330430627765));
#3591=CARTESIAN_POINT('',(-0.0902438006880837,0.0521022826199607,0.0235687573484907));
#3592=CARTESIAN_POINT('',(-0.0902438006880839,1.50336338550672E-15,0.023704471634205));
#3593=CARTESIAN_POINT('',(-0.0902438006880854,-0.0521022826199577,0.0238401859199193));
#3594=CARTESIAN_POINT('',(-0.0451219003440428,-0.0781534239299398,0.0239759002056336));
#3595=CARTESIAN_POINT('',(-2.29762867647013E-15,-0.10420456523992,0.0241116144913479));
#3596=CARTESIAN_POINT('',(0.0451219003440416,-0.0781534239299405,0.0242473287770622));
#3597=CARTESIAN_POINT('',(0.0902438006880831,-0.0521022826199616,0.0243830430627765));
#3598=CARTESIAN_POINT('',(0.0902438006880839,-2.47624621906678E-15,0.0245187573484907));
#3599=CARTESIAN_POINT('',(0.0902438006880845,0.0521022826199593,0.024654471634205));
#3600=CARTESIAN_POINT('',(0.0451219003440437,0.0781534239299393,0.0247901859199193));
#3601=CARTESIAN_POINT('',(4.59345133591269E-16,0.10420456523992,0.0249259002056336));
#3602=CARTESIAN_POINT('',(-0.0451219003440408,0.078153423929941,0.0250616144913479));
#3603=CARTESIAN_POINT('',(-0.0902438006880825,0.0521022826199626,0.0251973287770622));
#3604=CARTESIAN_POINT('',(-0.0902438006880839,8.84245971574826E-16,0.0253330430627765));
#3605=CARTESIAN_POINT('',(-0.0902438006880851,-0.0521022826199582,0.0254687573484908));
#3606=CARTESIAN_POINT('',(-0.0451219003440423,-0.0781534239299401,0.025604471634205));
#3607=CARTESIAN_POINT('',(-1.582733465283E-15,-0.10420456523992,0.0257401859199193));
#3608=CARTESIAN_POINT('',(0.0451219003440399,-0.0781534239299415,0.0258759002056336));
#3609=CARTESIAN_POINT('',(0.0902438006880835,-0.052102282619961,0.0260116144913479));
#3610=CARTESIAN_POINT('',(0.0902438006880839,-1.85712880513489E-15,0.0261473287770621));
#3611=CARTESIAN_POINT('',(0.0902438006880857,0.0521022826199573,0.0262830430627764));
#3612=CARTESIAN_POINT('',(0.0451219003440431,0.0781534239299396,0.0264187573484908));
#3613=CARTESIAN_POINT('',(2.70612179697474E-15,0.10420456523992,0.026554471634205));
#3614=CARTESIAN_POINT('',(-0.0451219003440413,0.0781534239299407,0.0266901859199193));
#3615=CARTESIAN_POINT('',(-0.0902438006880829,0.0521022826199619,0.0268259002056336));
#3616=CARTESIAN_POINT('',(-0.0902438006880839,2.83001163869495E-15,0.0269616144913479));
#3617=CARTESIAN_POINT('',(-0.0902438006880846,-0.0521022826199589,0.0270973287770622));
#3618=CARTESIAN_POINT('',(-0.045121900344044,-0.0781534239299392,0.0272330430627764));
#3619=CARTESIAN_POINT('',(-8.67838254095875E-16,-0.10420456523992,0.0273687573484907));
#3620=CARTESIAN_POINT('',(0.0451219003440404,-0.0781534239299412,0.027504471634205));
#3621=CARTESIAN_POINT('',(0.0902438006880823,-0.052102282619963,0.0276401859199193));
#3622=CARTESIAN_POINT('',(0.0902438006880839,-1.23801139120299E-15,0.0277759002056336));
#3623=CARTESIAN_POINT('',(0.0902438006880852,0.0521022826199579,0.0279116144913479));
#3624=CARTESIAN_POINT('',(0.0451219003440426,0.0781534239299399,0.0280473287770621));
#3625=CARTESIAN_POINT('',(1.99122658578761E-15,0.10420456523992,0.0281830430627764));
#3626=CARTESIAN_POINT('',(-0.0451219003440396,0.0781534239299417,0.0283187573484908));
#3627=CARTESIAN_POINT('',(-0.0902438006880832,0.0521022826199614,0.028454471634205));
#3628=CARTESIAN_POINT('',(-0.0902438006880839,2.21089422476306E-15,0.0285901859199193));
#3629=CARTESIAN_POINT('',(-0.0902438006880843,-0.0521022826199595,0.0287259002056336));
#3630=CARTESIAN_POINT('',(-0.0451219003440434,-0.0781534239299395,0.0288616144913479));
#3631=CARTESIAN_POINT('',(-3.11461491747934E-15,-0.10420456523992,0.0289973287770622));
#3632=CARTESIAN_POINT('',(0.045121900344041,-0.0781534239299409,0.0291330430627765));
#3633=CARTESIAN_POINT('',(0.0902438006880827,-0.0521022826199624,0.0292687573484907));
#3634=CARTESIAN_POINT('',(0.0902438006880839,-6.18893977271101E-16,0.029404471634205));
#3635=CARTESIAN_POINT('',(0.0902438006880849,0.0521022826199586,0.0295401859199193));
#3636=CARTESIAN_POINT('',(0.0451219003440443,0.078153423929939,0.0296759002056336));
#3637=CARTESIAN_POINT('',(1.27633137460048E-15,0.10420456523992,0.0298116144913479));
#3638=CARTESIAN_POINT('',(-0.0451219003440401,0.0781534239299414,0.0299473287770621));
#3639=CARTESIAN_POINT('',(-0.0902438006880836,0.0521022826199608,0.0300830430627765));
#3640=CARTESIAN_POINT('',(-0.0902438006880839,1.59177681083116E-15,0.0302187573484907));
#3641=CARTESIAN_POINT('',(-0.0902438006880854,-0.0521022826199576,0.030354471634205));
#3642=CARTESIAN_POINT('',(-0.0451219003440429,-0.0781534239299398,0.0304901859199193));
#3643=CARTESIAN_POINT('',(-2.39971970629221E-15,-0.10420456523992,0.0306259002056336));
#3644=CARTESIAN_POINT('',(0.0451219003440415,-0.0781534239299406,0.0307616144913479));
#3645=CARTESIAN_POINT('',(0.090243800688083,-0.0521022826199617,0.0308973287770622));
#3646=CARTESIAN_POINT('',(0.0902438006880839,-2.56465964439123E-15,0.0310330430627765));
#3647=CARTESIAN_POINT('',(0.0902438006880845,0.0521022826199592,0.0311687573484908));
#3648=CARTESIAN_POINT('',(0.0451219003440437,0.0781534239299393,0.031304471634205));
#3649=CARTESIAN_POINT('',(3.52310803798395E-15,0.10420456523992,0.0314401859199193));
#3650=CARTESIAN_POINT('',(-0.0451219003440407,0.0781534239299411,0.0315759002056336));
#3651=CARTESIAN_POINT('',(-0.0902438006880824,0.0521022826199627,0.0317116144913479));
#3652=CARTESIAN_POINT('',(-0.0902438006880839,9.72659396899269E-16,0.0318473287770622));
#3653=CARTESIAN_POINT('',(-0.0902438006880851,-0.0521022826199582,0.0319830430627764));
#3654=CARTESIAN_POINT('',(-0.0451219003440446,-0.0781534239299388,0.0321187573484908));
#3655=CARTESIAN_POINT('',(-1.68482449510509E-15,-0.10420456523992,0.032254471634205));
#3656=CARTESIAN_POINT('',(0.0451219003440398,-0.0781534239299415,0.0323901859199193));
#3657=CARTESIAN_POINT('',(0.0902438006880835,-0.0521022826199611,0.0325259002056336));
#3658=CARTESIAN_POINT('',(0.0902438006880839,-1.94554223045933E-15,0.0326616144913479));
#3659=CARTESIAN_POINT('',(0.0902438006880857,0.0521022826199572,0.0327973287770622));
#3660=CARTESIAN_POINT('',(0.0451219003440432,0.0781534239299396,0.0329330430627765));
#3661=CARTESIAN_POINT('',(2.80821282679682E-15,0.10420456523992,0.0330687573484907));
#3662=CARTESIAN_POINT('',(-0.0451219003440412,0.0781534239299408,0.033204471634205));
#3663=CARTESIAN_POINT('',(-0.0902438006880829,0.0521022826199621,0.0333401859199193));
#3664=CARTESIAN_POINT('',(-0.0902438006880839,2.91842506401939E-15,0.0334759002056336));
#3665=CARTESIAN_POINT('',(-0.0902438006880847,-0.0521022826199588,0.0336116144913479));
#3666=CARTESIAN_POINT('',(-0.045121900344044,-0.0781534239299391,0.0337473287770622));
#3667=CARTESIAN_POINT('',(-9.69929283917963E-16,-0.10420456523992,0.0338830430627764));
#3668=CARTESIAN_POINT('',(0.0451219003440404,-0.0781534239299412,0.0340187573484908));
#3669=CARTESIAN_POINT('',(0.0902438006880823,-0.0521022826199631,0.034154471634205));
#3670=CARTESIAN_POINT('',(0.0902438006880839,-1.32642481652744E-15,0.0342901859199193));
#3671=CARTESIAN_POINT('',(0.0902438006880853,0.0521022826199578,0.0344259002056336));
#3672=CARTESIAN_POINT('',(0.0451219003440427,0.0781534239299399,0.0345616144913479));
#3673=CARTESIAN_POINT('',(2.0933176156097E-15,0.10420456523992,0.0346973287770622));
#3674=CARTESIAN_POINT('',(-0.0451219003440395,0.0781534239299417,0.0348330430627765));
#3675=CARTESIAN_POINT('',(-0.0902438006880832,0.0521022826199615,0.0349687573484907));
#3676=CARTESIAN_POINT('',(-0.0902438006880839,2.2993076500875E-15,0.035104471634205));
#3677=CARTESIAN_POINT('',(-0.0902438006880844,-0.0521022826199594,0.0352401859199193));
#3678=CARTESIAN_POINT('',(-0.0451219003440435,-0.0781534239299394,0.0353759002056336));
#3679=CARTESIAN_POINT('',(-3.21670594730143E-15,-0.10420456523992,0.0355116144913479));
#3680=CARTESIAN_POINT('',(0.0451219003440409,-0.0781534239299409,0.0356473287770621));
#3681=CARTESIAN_POINT('',(0.0902438006880827,-0.0521022826199624,0.0357830430627765));
#3682=CARTESIAN_POINT('',(0.0902438006880839,-7.07307402595544E-16,0.0359187573484908));
#3683=CARTESIAN_POINT('',(0.090243800688085,0.0521022826199585,0.036054471634205));
#3684=CARTESIAN_POINT('',(0.0451219003440444,0.0781534239299389,0.0361901859199193));
#3685=CARTESIAN_POINT('',(1.37842240442257E-15,0.10420456523992,0.0363259002056336));
#3686=CARTESIAN_POINT('',(-0.0451219003440401,0.0781534239299414,0.0364616144913479));
#3687=CARTESIAN_POINT('',(-0.0902438006880821,0.0521022826199634,0.0365973287770622));
#3688=CARTESIAN_POINT('',(-0.0902438006880839,1.68019023615561E-15,0.0367330430627765));
#3689=CARTESIAN_POINT('',(-0.0902438006880855,-0.0521022826199574,0.0368687573484908));
#3690=CARTESIAN_POINT('',(-0.045121900344043,-0.0781534239299397,0.037004471634205));
#3691=CARTESIAN_POINT('',(-2.5018107361143E-15,-0.10420456523992,0.0371401859199193));
#3692=CARTESIAN_POINT('',(0.0451219003440392,-0.0781534239299419,0.0372759002056336));
#3693=CARTESIAN_POINT('',(0.090243800688083,-0.0521022826199618,0.0374116144913479));
#3694=CARTESIAN_POINT('',(0.0902438006880839,-2.65307306971567E-15,0.0375473287770621));
#3695=CARTESIAN_POINT('',(0.0902438006880846,0.0521022826199591,0.0376830430627764));
#3696=CARTESIAN_POINT('',(0.0451219003440438,0.0781534239299393,0.0378187573484908));
#3697=CARTESIAN_POINT('',(3.62519906780604E-15,0.10420456523992,0.037954471634205));
#3698=CARTESIAN_POINT('',(-0.0451219003440406,0.0781534239299411,0.0380901859199193));
#3699=CARTESIAN_POINT('',(-0.0902438006880824,0.0521022826199627,0.0382259002056336));
#3700=CARTESIAN_POINT('',(-0.0902438006880839,1.06107282222371E-15,0.0383616144913479));
#3701=CARTESIAN_POINT('',(-0.0902438006880851,-0.0521022826199581,0.0384973287770621));
#3702=CARTESIAN_POINT('',(-0.0451219003440447,-0.0781534239299388,0.0386330430627764));
#3703=CARTESIAN_POINT('',(-1.78691552492718E-15,-0.10420456523992,0.0387687573484907));
#3704=CARTESIAN_POINT('',(0.0451219003440398,-0.0781534239299416,0.038904471634205));
#3705=CARTESIAN_POINT('',(0.0902438006880833,-0.0521022826199612,0.0390401859199193));
#3706=CARTESIAN_POINT('',(0.0902438006880839,-2.03395565578378E-15,0.0391759002056336));
#3707=CARTESIAN_POINT('',(0.0902438006880857,0.0521022826199571,0.0393116144913479));
#3708=CARTESIAN_POINT('',(0.0451219003440433,0.0781534239299396,0.0394473287770621));
#3709=CARTESIAN_POINT('',(2.91030385661891E-15,0.10420456523992,0.0395830430627764));
#3710=CARTESIAN_POINT('',(-0.0451219003440411,0.0781534239299408,0.0397187573484908));
#3711=CARTESIAN_POINT('',(-0.0902438006880828,0.0521022826199622,0.039854471634205));
#3712=CARTESIAN_POINT('',(-0.0902438006880839,3.00683848934384E-15,0.0399901859199193));
#3713=CARTESIAN_POINT('',(-0.0902438006880847,-0.0521022826199587,0.0401259002056336));
#3714=CARTESIAN_POINT('',(-0.0451219003440441,-0.0781534239299391,0.0402616144913479));
#3715=CARTESIAN_POINT('',(-1.07202031374005E-15,-0.10420456523992,0.0403973287770622));
#3716=CARTESIAN_POINT('',(0.0451219003440403,-0.0781534239299413,0.0405330430627764));
#3717=CARTESIAN_POINT('',(0.0902438006880822,-0.0521022826199631,0.0406687573484907));
#3718=CARTESIAN_POINT('',(0.0902438006880839,-1.41483824185188E-15,0.0408044716342051));
#3719=CARTESIAN_POINT('',(0.0902438006880839,-2.65307306971567E-15,0.0375473287770621));
#3720=CARTESIAN_POINT('',(0.0902438006880839,0.,-0.0178240997943664));
#3721=CARTESIAN_POINT('',(0.0902438006880839,0.0521022826199602,-0.0176883855086521));
#3722=CARTESIAN_POINT('',(0.045121900344042,0.0781534239299403,-0.0175526712229379));
#3723=CARTESIAN_POINT('',(6.38068936388051E-18,0.10420456523992,-0.0174169569372235));
#3724=CARTESIAN_POINT('',(-0.045121900344042,0.0781534239299403,-0.0172812426515093));
#3725=CARTESIAN_POINT('',(-0.0902438006880839,0.0521022826199602,-0.017145528365795));
#3726=CARTESIAN_POINT('',(-0.0902438006880839,1.10516781655554E-17,-0.0170098140800807));
#3727=CARTESIAN_POINT('',(-0.0902438006880839,-0.0521022826199602,-0.0168740997943664));
#3728=CARTESIAN_POINT('',(-0.045121900344042,-0.0781534239299403,-0.0167383855086521));
#3729=CARTESIAN_POINT('',(-1.91420680916415E-17,-0.10420456523992,-0.0166026712229378));
#3730=CARTESIAN_POINT('',(0.0451219003440419,-0.0781534239299404,-0.0164669569372236));
#3731=CARTESIAN_POINT('',(0.0902438006880839,-0.0521022826199602,-0.0163312426515092));
#3732=CARTESIAN_POINT('',(0.0902438006880839,-2.21033563311107E-17,-0.016195528365795));
#3733=CARTESIAN_POINT('',(0.090243800688084,0.0521022826199601,-0.0160598140800807));
#3734=CARTESIAN_POINT('',(0.045121900344042,0.0781534239299403,-0.0159240997943664));
#3735=CARTESIAN_POINT('',(1.24455692899734E-16,0.10420456523992,-0.0157883855086521));
#3736=CARTESIAN_POINT('',(-0.0451219003440419,0.0781534239299404,-0.0156526712229379));
#3737=CARTESIAN_POINT('',(-0.0902438006880838,0.0521022826199603,-0.0155169569372235));
#3738=CARTESIAN_POINT('',(-0.0902438006880839,3.31550344966661E-17,-0.0153812426515092));
#3739=CARTESIAN_POINT('',(-0.090243800688084,-0.0521022826199601,-0.015245528365795));
#3740=CARTESIAN_POINT('',(-0.0451219003440421,-0.0781534239299402,-0.0151098140800807));
#3741=CARTESIAN_POINT('',(-4.46648255471635E-17,-0.10420456523992,-0.0149740997943664));
#3742=CARTESIAN_POINT('',(0.0451219003440419,-0.0781534239299404,-0.0148383855086521));
#3743=CARTESIAN_POINT('',(0.0902438006880838,-0.0521022826199603,-0.0147026712229378));
#3744=CARTESIAN_POINT('',(0.0902438006880839,-4.42067126622215E-17,-0.0145669569372235));
#3745=CARTESIAN_POINT('',(0.090243800688084,0.0521022826199601,-0.0144312426515093));
#3746=CARTESIAN_POINT('',(0.0451219003440421,0.0781534239299402,-0.014295528365795));
#3747=CARTESIAN_POINT('',(2.42530696435587E-16,0.10420456523992,-0.0141598140800807));
#3748=CARTESIAN_POINT('',(-0.0451219003440419,0.0781534239299404,-0.0140240997943664));
#3749=CARTESIAN_POINT('',(-0.0902438006880838,0.0521022826199603,-0.0138883855086521));
#3750=CARTESIAN_POINT('',(-0.0902438006880839,2.15563583393528E-16,-0.0137526712229378));
#3751=CARTESIAN_POINT('',(-0.090243800688084,-0.0521022826199601,-0.0136169569372235));
#3752=CARTESIAN_POINT('',(-0.0451219003440421,-0.0781534239299402,-0.0134812426515093));
#3753=CARTESIAN_POINT('',(-2.55292075163348E-16,-0.10420456523992,-0.013345528365795));
#3754=CARTESIAN_POINT('',(0.0451219003440417,-0.0781534239299404,-0.0132098140800807));
#3755=CARTESIAN_POINT('',(0.0902438006880837,-0.0521022826199606,-0.0130740997943664));
#3756=CARTESIAN_POINT('',(0.0902438006880839,-6.63100689933322E-17,-0.0129383855086521));
#3757=CARTESIAN_POINT('',(0.090243800688084,0.0521022826199601,-0.0128026712229378));
#3758=CARTESIAN_POINT('',(0.0451219003440421,0.0781534239299402,-0.0126669569372235));
#3759=CARTESIAN_POINT('',(2.68053453891109E-16,0.10420456523992,-0.0125312426515093));
#3760=CARTESIAN_POINT('',(-0.0451219003440417,0.0781534239299405,-0.012395528365795));
#3761=CARTESIAN_POINT('',(-0.0902438006880837,0.0521022826199606,-0.0122598140800807));
#3762=CARTESIAN_POINT('',(-0.0902438006880839,7.73617471588876E-17,-0.0121240997943664));
#3763=CARTESIAN_POINT('',(-0.090243800688084,-0.0521022826199601,-0.0119883855086521));
#3764=CARTESIAN_POINT('',(-0.0451219003440421,-0.0781534239299402,-0.0118526712229378));
#3765=CARTESIAN_POINT('',(-2.8081483261887E-16,-0.10420456523992,-0.0117169569372235));
#3766=CARTESIAN_POINT('',(0.0451219003440417,-0.0781534239299405,-0.0115812426515093));
#3767=CARTESIAN_POINT('',(0.0902438006880837,-0.0521022826199606,-0.011445528365795));
#3768=CARTESIAN_POINT('',(0.0902438006880839,-8.8413425324443E-17,-0.0113098140800807));
#3769=CARTESIAN_POINT('',(0.090243800688084,0.0521022826199601,-0.0111740997943664));
#3770=CARTESIAN_POINT('',(0.0451219003440422,0.0781534239299402,-0.0110383855086521));
#3771=CARTESIAN_POINT('',(2.93576211346631E-16,0.10420456523992,-0.0109026712229378));
#3772=CARTESIAN_POINT('',(-0.0451219003440417,0.0781534239299405,-0.0107669569372235));
#3773=CARTESIAN_POINT('',(-0.0902438006880837,0.0521022826199606,-0.0106312426515093));
#3774=CARTESIAN_POINT('',(-0.0902438006880839,4.20075488621501E-16,-0.010495528365795));
#3775=CARTESIAN_POINT('',(-0.090243800688084,-0.05210228261996,-0.0103598140800807));
#3776=CARTESIAN_POINT('',(-0.0451219003440422,-0.0781534239299402,-0.0102240997943664));
#3777=CARTESIAN_POINT('',(-3.06337590074392E-16,-0.10420456523992,-0.0100883855086521));
#3778=CARTESIAN_POINT('',(0.0451219003440417,-0.0781534239299405,-0.00995267122293783));
#3779=CARTESIAN_POINT('',(0.0902438006880837,-0.0521022826199606,-0.00981695693722355));
#3780=CARTESIAN_POINT('',(0.0902438006880839,-4.31127166787056E-16,-0.00968124265150926));
#3781=CARTESIAN_POINT('',(0.090243800688084,0.05210228261996,-0.00954552836579498));
#3782=CARTESIAN_POINT('',(0.0451219003440422,0.0781534239299402,-0.00940981408008069));
#3783=CARTESIAN_POINT('',(6.89307953123477E-16,0.10420456523992,-0.00927409979436639));
#3784=CARTESIAN_POINT('',(-0.0451219003440417,0.0781534239299405,-0.00913838550865212));
#3785=CARTESIAN_POINT('',(-0.0902438006880839,0.0521022826199602,-0.00900267122293783));
#3786=CARTESIAN_POINT('',(-0.0902438006880839,4.42178844952611E-16,-0.00886695693722354));
#3787=CARTESIAN_POINT('',(-0.090243800688084,-0.05210228261996,-0.00873124265150926));
#3788=CARTESIAN_POINT('',(-0.0451219003440425,-0.07815342392994,-0.00859552836579497));
#3789=CARTESIAN_POINT('',(-3.31860347529914E-16,-0.10420456523992,-0.00845981408008069));
#3790=CARTESIAN_POINT('',(0.0451219003440414,-0.0781534239299406,-0.0083240997943664));
#3791=CARTESIAN_POINT('',(0.0902438006880837,-0.0521022826199606,-0.00818838550865212));
#3792=CARTESIAN_POINT('',(0.0902438006880839,-1.32620137986664E-16,-0.00805267122293783));
#3793=CARTESIAN_POINT('',(0.0902438006880843,0.0521022826199596,-0.00791695693722354));
#3794=CARTESIAN_POINT('',(0.0451219003440422,0.0781534239299402,-0.00778124265150926));
#3795=CARTESIAN_POINT('',(7.14830710578999E-16,0.10420456523992,-0.00764552836579497));
#3796=CARTESIAN_POINT('',(-0.0451219003440417,0.0781534239299405,-0.00750981408008069));
#3797=CARTESIAN_POINT('',(-0.0902438006880839,0.0521022826199603,-0.0073740997943664));
#3798=CARTESIAN_POINT('',(-0.0902438006880839,4.64282201283722E-16,-0.00723838550865212));
#3799=CARTESIAN_POINT('',(-0.090243800688084,-0.05210228261996,-0.00710267122293783));
#3800=CARTESIAN_POINT('',(-0.0451219003440425,-0.07815342392994,-0.00696695693722355));
#3801=CARTESIAN_POINT('',(-3.57383104985436E-16,-0.10420456523992,-0.00683124265150926));
#3802=CARTESIAN_POINT('',(0.0451219003440414,-0.0781534239299407,-0.00669552836579497));
#3803=CARTESIAN_POINT('',(0.0902438006880837,-0.0521022826199606,-0.00655981408008068));
#3804=CARTESIAN_POINT('',(0.0902438006880839,-1.54723494317775E-16,-0.0064240997943664));
#3805=CARTESIAN_POINT('',(0.0902438006880843,0.0521022826199596,-0.00628838550865211));
#3806=CARTESIAN_POINT('',(0.0451219003440422,0.0781534239299402,-0.00615267122293783));
#3807=CARTESIAN_POINT('',(7.40353468034521E-16,0.10420456523992,-0.00601695693722354));
#3808=CARTESIAN_POINT('',(-0.0451219003440417,0.0781534239299405,-0.00588124265150926));
#3809=CARTESIAN_POINT('',(-0.0902438006880835,0.0521022826199609,-0.00574552836579497));
#3810=CARTESIAN_POINT('',(-0.0902438006880839,4.86385557614832E-16,-0.00560981408008069));
#3811=CARTESIAN_POINT('',(-0.090243800688084,-0.05210228261996,-0.0054740997943664));
#3812=CARTESIAN_POINT('',(-0.0451219003440425,-0.07815342392994,-0.00533838550865212));
#3813=CARTESIAN_POINT('',(-3.82905862440957E-16,-0.10420456523992,-0.00520267122293782));
#3814=CARTESIAN_POINT('',(0.0451219003440414,-0.0781534239299407,-0.00506695693722354));
#3815=CARTESIAN_POINT('',(0.0902438006880837,-0.0521022826199607,-0.00493124265150926));
#3816=CARTESIAN_POINT('',(0.0902438006880839,-1.76826850648886E-16,-0.00479552836579497));
#3817=CARTESIAN_POINT('',(0.0902438006880843,0.0521022826199596,-0.00465981408008069));
#3818=CARTESIAN_POINT('',(0.0451219003440422,0.0781534239299402,-0.0045240997943664));
#3819=CARTESIAN_POINT('',(7.65876225490044E-16,0.10420456523992,-0.00438838550865212));
#3820=CARTESIAN_POINT('',(-0.0451219003440416,0.0781534239299405,-0.00425267122293783));
#3821=CARTESIAN_POINT('',(-0.0902438006880835,0.0521022826199609,-0.00411695693722354));
#3822=CARTESIAN_POINT('',(-0.0902438006880839,5.08488913945943E-16,-0.00398124265150926));
#3823=CARTESIAN_POINT('',(-0.090243800688084,-0.05210228261996,-0.00384552836579497));
#3824=CARTESIAN_POINT('',(-0.0451219003440425,-0.07815342392994,-0.00370981408008069));
#3825=CARTESIAN_POINT('',(-4.0842861989648E-16,-0.10420456523992,-0.0035740997943664));
#3826=CARTESIAN_POINT('',(0.0451219003440413,-0.0781534239299407,-0.00343838550865212));
#3827=CARTESIAN_POINT('',(0.0902438006880837,-0.0521022826199607,-0.00330267122293783));
#3828=CARTESIAN_POINT('',(0.0902438006880839,-8.40150977243001E-16,-0.00316695693722355));
#3829=CARTESIAN_POINT('',(0.0902438006880843,0.0521022826199596,-0.00303124265150926));
#3830=CARTESIAN_POINT('',(0.0451219003440423,0.0781534239299402,-0.00289552836579497));
#3831=CARTESIAN_POINT('',(7.91398982945565E-16,0.10420456523992,-0.00275981408008068));
#3832=CARTESIAN_POINT('',(-0.0451219003440416,0.0781534239299405,-0.0026240997943664));
#3833=CARTESIAN_POINT('',(-0.0902438006880835,0.052102282619961,-0.00248838550865212));
#3834=CARTESIAN_POINT('',(-0.0902438006880839,5.30592270277054E-16,-0.00235267122293783));
#3835=CARTESIAN_POINT('',(-0.0902438006880845,-0.0521022826199593,-0.00221695693722355));
#3836=CARTESIAN_POINT('',(-0.0451219003440425,-0.07815342392994,-0.00208124265150926));
#3837=CARTESIAN_POINT('',(-4.33951377352001E-16,-0.10420456523992,-0.00194552836579497));
#3838=CARTESIAN_POINT('',(0.0451219003440413,-0.0781534239299407,-0.00180981408008069));
#3839=CARTESIAN_POINT('',(0.0902438006880837,-0.0521022826199607,-0.0016740997943664));
#3840=CARTESIAN_POINT('',(0.0902438006880839,-8.62254333574111E-16,-0.00153838550865212));
#3841=CARTESIAN_POINT('',(0.0902438006880843,0.0521022826199596,-0.00140267122293783));
#3842=CARTESIAN_POINT('',(0.0451219003440423,0.0781534239299401,-0.00126695693722354));
#3843=CARTESIAN_POINT('',(8.16921740401087E-16,0.10420456523992,-0.00113124265150926));
#3844=CARTESIAN_POINT('',(-0.0451219003440416,0.0781534239299405,-0.000995528365794973));
#3845=CARTESIAN_POINT('',(-0.0902438006880838,0.0521022826199603,-0.000859814080080686));
#3846=CARTESIAN_POINT('',(-0.0902438006880839,1.19391639687117E-15,-0.000724099794366401));
#3847=CARTESIAN_POINT('',(-0.0902438006880845,-0.0521022826199593,-0.000588385508652113));
#3848=CARTESIAN_POINT('',(-0.0451219003440425,-0.07815342392994,-0.00045267122293783));
#3849=CARTESIAN_POINT('',(-4.59474134807524E-16,-0.10420456523992,-0.000316956937223545));
#3850=CARTESIAN_POINT('',(0.0451219003440419,-0.0781534239299404,-0.000181242651509258));
#3851=CARTESIAN_POINT('',(0.0902438006880832,-0.0521022826199614,-4.55283657949737E-5));
#3852=CARTESIAN_POINT('',(0.0902438006880839,-8.84357689905222E-16,9.01859199193139E-5));
#3853=CARTESIAN_POINT('',(0.0902438006880843,0.0521022826199595,0.000225900205633598));
#3854=CARTESIAN_POINT('',(0.0451219003440423,0.0781534239299401,0.000361614491347886));
#3855=CARTESIAN_POINT('',(1.0202652921396E-16,0.10420456523992,0.00049732877706217));
#3856=CARTESIAN_POINT('',(-0.045121900344041,0.0781534239299409,0.000633043062776457));
#3857=CARTESIAN_POINT('',(-0.0902438006880835,0.052102282619961,0.000768757348490741));
#3858=CARTESIAN_POINT('',(-0.0902438006880839,5.74798982939276E-16,0.000904471634205029));
#3859=CARTESIAN_POINT('',(-0.0902438006880841,-0.0521022826199599,0.00104018591991931));
#3860=CARTESIAN_POINT('',(-0.0451219003440431,-0.0781534239299396,0.0011759002056336));
#3861=CARTESIAN_POINT('',(-1.22541486090569E-15,-0.10420456523992,0.00131161449134789));
#3862=CARTESIAN_POINT('',(0.0451219003440413,-0.0781534239299407,0.00144732877706217));
#3863=CARTESIAN_POINT('',(0.0902438006880836,-0.0521022826199607,0.00158304306277646));
#3864=CARTESIAN_POINT('',(0.0902438006880839,-2.65240275973329E-16,0.00171875734849074));
#3865=CARTESIAN_POINT('',(0.0902438006880846,0.0521022826199589,0.00185447163420503));
#3866=CARTESIAN_POINT('',(0.0451219003440429,0.0781534239299398,0.00199018591991931));
#3867=CARTESIAN_POINT('',(8.67967255312132E-16,0.10420456523992,0.0021259002056336));
#3868=CARTESIAN_POINT('',(-0.0451219003440416,0.0781534239299406,0.00226161449134789));
#3869=CARTESIAN_POINT('',(-0.0902438006880838,0.0521022826199604,0.00239732877706217));
#3870=CARTESIAN_POINT('',(-0.0902438006880839,1.23812310953339E-15,0.00253304306277646));
#3871=CARTESIAN_POINT('',(-0.0902438006880845,-0.0521022826199592,0.00266875734849074));
#3872=CARTESIAN_POINT('',(-0.0451219003440426,-0.0781534239299399,0.00280447163420503));
#3873=CARTESIAN_POINT('',(-5.10519649718568E-16,-0.10420456523992,0.00294018591991931));
#3874=CARTESIAN_POINT('',(0.0451219003440418,-0.0781534239299404,0.0030759002056336));
#3875=CARTESIAN_POINT('',(0.0902438006880832,-0.0521022826199614,0.00321161449134788));
#3876=CARTESIAN_POINT('',(0.0902438006880839,-9.28564402567443E-16,0.00334732877706217));
#3877=CARTESIAN_POINT('',(0.0902438006880843,0.0521022826199595,0.00348304306277646));
#3878=CARTESIAN_POINT('',(0.0451219003440423,0.0781534239299401,0.00361875734849075));
#3879=CARTESIAN_POINT('',(1.6339079814103E-15,0.10420456523992,0.00375447163420503));
#3880=CARTESIAN_POINT('',(-0.045121900344041,0.0781534239299409,0.00389018591991931));
#3881=CARTESIAN_POINT('',(-0.0902438006880835,0.052102282619961,0.0040259002056336));
#3882=CARTESIAN_POINT('',(-0.0902438006880839,6.19005695601497E-16,0.00416161449134789));
#3883=CARTESIAN_POINT('',(-0.0902438006880841,-0.0521022826199599,0.00429732877706217));
#3884=CARTESIAN_POINT('',(-0.0451219003440432,-0.0781534239299396,0.00443304306277646));
#3885=CARTESIAN_POINT('',(-1.27646037581674E-15,-0.10420456523992,0.00456875734849074));
#3886=CARTESIAN_POINT('',(0.0451219003440413,-0.0781534239299407,0.00470447163420503));
#3887=CARTESIAN_POINT('',(0.0902438006880836,-0.0521022826199608,0.00484018591991931));
#3888=CARTESIAN_POINT('',(0.0902438006880839,-3.09446988635551E-16,0.0049759002056336));
#3889=CARTESIAN_POINT('',(0.0902438006880847,0.0521022826199588,0.00511161449134788));
#3890=CARTESIAN_POINT('',(0.0451219003440429,0.0781534239299398,0.00524732877706217));
#3891=CARTESIAN_POINT('',(9.19012770223175E-16,0.10420456523992,0.00538304306277645));
#3892=CARTESIAN_POINT('',(-0.0451219003440415,0.0781534239299406,0.00551875734849074));
#3893=CARTESIAN_POINT('',(-0.0902438006880838,0.0521022826199604,0.00565447163420502));
#3894=CARTESIAN_POINT('',(-0.0902438006880839,1.28232982219561E-15,0.00579018591991931));
#3895=CARTESIAN_POINT('',(-0.0902438006880845,-0.0521022826199592,0.0059259002056336));
#3896=CARTESIAN_POINT('',(-0.0451219003440426,-0.0781534239299399,0.00606161449134789));
#3897=CARTESIAN_POINT('',(-5.61565164629611E-16,-0.10420456523992,0.00619732877706217));
#3898=CARTESIAN_POINT('',(0.0451219003440407,-0.0781534239299411,0.00633304306277646));
#3899=CARTESIAN_POINT('',(0.0902438006880832,-0.0521022826199614,0.00646875734849074));
#3900=CARTESIAN_POINT('',(0.0902438006880839,-9.72771115229665E-16,0.00660447163420503));
#3901=CARTESIAN_POINT('',(0.0902438006880844,0.0521022826199595,0.00674018591991931));
#3902=CARTESIAN_POINT('',(0.0451219003440424,0.0781534239299401,0.0068759002056336));
#3903=CARTESIAN_POINT('',(1.68495349632135E-15,0.10420456523992,0.00701161449134788));
#3904=CARTESIAN_POINT('',(-0.0451219003440409,0.0781534239299409,0.00714732877706217));
#3905=CARTESIAN_POINT('',(-0.0902438006880835,0.0521022826199611,0.00728304306277646));
#3906=CARTESIAN_POINT('',(-0.0902438006880839,6.63212408263718E-16,0.00741875734849074));
#3907=CARTESIAN_POINT('',(-0.0902438006880841,-0.0521022826199597,0.00755447163420503));
#3908=CARTESIAN_POINT('',(-0.0451219003440432,-0.0781534239299396,0.00769018591991931));
#3909=CARTESIAN_POINT('',(-1.32750589072778E-15,-0.10420456523992,0.0078259002056336));
#3910=CARTESIAN_POINT('',(0.0451219003440412,-0.0781534239299408,0.00796161449134789));
#3911=CARTESIAN_POINT('',(0.0902438006880836,-0.0521022826199608,0.00809732877706217));
#3912=CARTESIAN_POINT('',(0.0902438006880839,-3.53653701297772E-16,0.00823304306277646));
#3913=CARTESIAN_POINT('',(0.0902438006880847,0.0521022826199588,0.00836875734849074));
#3914=CARTESIAN_POINT('',(0.0451219003440429,0.0781534239299398,0.00850447163420503));
#3915=CARTESIAN_POINT('',(9.70058285134219E-16,0.10420456523992,0.00864018591991932));
#3916=CARTESIAN_POINT('',(-0.0451219003440415,0.0781534239299406,0.0087759002056336));
#3917=CARTESIAN_POINT('',(-0.090243800688083,0.0521022826199618,0.00891161449134789));
#3918=CARTESIAN_POINT('',(-0.0902438006880839,1.32653653485783E-15,0.00904732877706217));
#3919=CARTESIAN_POINT('',(-0.0902438006880845,-0.0521022826199592,0.00918304306277645));
#3920=CARTESIAN_POINT('',(-0.0451219003440427,-0.0781534239299399,0.00931875734849074));
#3921=CARTESIAN_POINT('',(-6.12610679540656E-16,-0.10420456523992,0.00945447163420502));
#3922=CARTESIAN_POINT('',(0.0451219003440406,-0.0781534239299411,0.00959018591991932));
#3923=CARTESIAN_POINT('',(0.0902438006880832,-0.0521022826199615,0.00972590020563359));
#3924=CARTESIAN_POINT('',(0.0902438006880839,-1.01697782789189E-15,0.00986161449134788));
#3925=CARTESIAN_POINT('',(0.0902438006880844,0.0521022826199594,0.00999732877706217));
#3926=CARTESIAN_POINT('',(0.0451219003440424,0.0781534239299401,0.0101330430627765));
#3927=CARTESIAN_POINT('',(1.73599901123239E-15,0.10420456523992,0.0102687573484907));
#3928=CARTESIAN_POINT('',(-0.0451219003440409,0.0781534239299409,0.010404471634205));
#3929=CARTESIAN_POINT('',(-0.0902438006880833,0.0521022826199611,0.0105401859199193));
#3930=CARTESIAN_POINT('',(-0.0902438006880839,7.0741912092594E-16,0.0106759002056336));
#3931=CARTESIAN_POINT('',(-0.090243800688085,-0.0521022826199585,0.0108116144913479));
#3932=CARTESIAN_POINT('',(-0.0451219003440432,-0.0781534239299396,0.0109473287770622));
#3933=CARTESIAN_POINT('',(-1.37855140563883E-15,-0.10420456523992,0.0110830430627764));
#3934=CARTESIAN_POINT('',(0.0451219003440412,-0.0781534239299408,0.0112187573484907));
#3935=CARTESIAN_POINT('',(0.0902438006880836,-0.0521022826199608,0.011354471634205));
#3936=CARTESIAN_POINT('',(0.0902438006880839,-1.680301954486E-15,0.0114901859199193));
#3937=CARTESIAN_POINT('',(0.0902438006880847,0.0521022826199588,0.0116259002056336));
#3938=CARTESIAN_POINT('',(0.045121900344043,0.0781534239299397,0.0117616144913479));
#3939=CARTESIAN_POINT('',(1.02110380004526E-15,0.10420456523992,0.0118973287770622));
#3940=CARTESIAN_POINT('',(-0.0451219003440414,0.0781534239299406,0.0120330430627765));
#3941=CARTESIAN_POINT('',(-0.090243800688083,0.0521022826199618,0.0121687573484907));
#3942=CARTESIAN_POINT('',(-0.0902438006880839,1.37074324752005E-15,0.012304471634205));
#3943=CARTESIAN_POINT('',(-0.0902438006880846,-0.0521022826199591,0.0124401859199193));
#3944=CARTESIAN_POINT('',(-0.0451219003440427,-0.0781534239299399,0.0125759002056336));
#3945=CARTESIAN_POINT('',(-6.63656194451699E-16,-0.10420456523992,0.0127116144913479));
#3946=CARTESIAN_POINT('',(0.0451219003440406,-0.0781534239299411,0.0128473287770622));
#3947=CARTESIAN_POINT('',(0.0902438006880831,-0.0521022826199615,0.0129830430627765));
#3948=CARTESIAN_POINT('',(0.0902438006880839,-1.06118454055411E-15,0.0131187573484907));
#3949=CARTESIAN_POINT('',(0.0902438006880844,0.0521022826199594,0.013254471634205));
#3950=CARTESIAN_POINT('',(0.0451219003440436,0.0781534239299394,0.0133901859199193));
#3951=CARTESIAN_POINT('',(1.78704452614344E-15,0.10420456523992,0.0135259002056336));
#3952=CARTESIAN_POINT('',(-0.0451219003440409,0.0781534239299409,0.0136616144913479));
#3953=CARTESIAN_POINT('',(-0.0902438006880833,0.0521022826199612,0.0137973287770622));
#3954=CARTESIAN_POINT('',(-0.0902438006880839,7.51625833588161E-16,0.0139330430627765));
#3955=CARTESIAN_POINT('',(-0.090243800688085,-0.0521022826199584,0.0140687573484908));
#3956=CARTESIAN_POINT('',(-0.0451219003440433,-0.0781534239299396,0.014204471634205));
#3957=CARTESIAN_POINT('',(-1.42959692054987E-15,-0.10420456523992,0.0143401859199193));
#3958=CARTESIAN_POINT('',(0.0451219003440411,-0.0781534239299408,0.0144759002056336));
#3959=CARTESIAN_POINT('',(0.0902438006880835,-0.0521022826199609,0.0146116144913479));
#3960=CARTESIAN_POINT('',(0.0902438006880839,-1.72450866714822E-15,0.0147473287770622));
#3961=CARTESIAN_POINT('',(0.0902438006880847,0.0521022826199587,0.0148830430627764));
#3962=CARTESIAN_POINT('',(0.045121900344043,0.0781534239299397,0.0150187573484907));
#3963=CARTESIAN_POINT('',(1.07214931495631E-15,0.10420456523992,0.015154471634205));
#3964=CARTESIAN_POINT('',(-0.0451219003440414,0.0781534239299406,0.0152901859199193));
#3965=CARTESIAN_POINT('',(-0.0902438006880837,0.0521022826199606,0.0154259002056336));
#3966=CARTESIAN_POINT('',(-0.0902438006880839,1.41494996018228E-15,0.0155616144913479));
#3967=CARTESIAN_POINT('',(-0.0902438006880853,-0.0521022826199578,0.0156973287770621));
#3968=CARTESIAN_POINT('',(-0.0451219003440427,-0.0781534239299399,0.0158330430627764));
#3969=CARTESIAN_POINT('',(-2.19553764664804E-15,-0.10420456523992,0.0159687573484907));
#3970=CARTESIAN_POINT('',(0.0451219003440417,-0.0781534239299405,0.016104471634205));
#3971=CARTESIAN_POINT('',(0.0902438006880831,-0.0521022826199616,0.0162401859199193));
#3972=CARTESIAN_POINT('',(0.0902438006880839,-2.38783279374234E-15,0.0163759002056336));
#3973=CARTESIAN_POINT('',(0.0902438006880844,0.0521022826199594,0.0165116144913479));
#3974=CARTESIAN_POINT('',(0.0451219003440436,0.0781534239299394,0.0166473287770622));
#3975=CARTESIAN_POINT('',(3.57254103769181E-16,0.10420456523992,0.0167830430627764));
#3976=CARTESIAN_POINT('',(-0.0451219003440408,0.078153423929941,0.0169187573484907));
#3977=CARTESIAN_POINT('',(-0.0902438006880825,0.0521022826199625,0.017054471634205));
#3978=CARTESIAN_POINT('',(-0.0902438006880839,7.95832546250383E-16,0.0171901859199193));
#3979=CARTESIAN_POINT('',(-0.090243800688085,-0.0521022826199584,0.0173259002056336));
#3980=CARTESIAN_POINT('',(-0.0451219003440422,-0.0781534239299402,0.0174616144913479));
#3981=CARTESIAN_POINT('',(-1.48064243546091E-15,-0.10420456523992,0.0175973287770622));
#3982=CARTESIAN_POINT('',(0.04512190034404,-0.0781534239299415,0.0177330430627764));
#3983=CARTESIAN_POINT('',(0.0902438006880835,-0.0521022826199609,0.0178687573484907));
#3984=CARTESIAN_POINT('',(0.0902438006880839,-1.76871537981044E-15,0.0180044716342051));
#3985=CARTESIAN_POINT('',(0.090243800688084,0.05210228261996,0.0181401859199193));
#3986=CARTESIAN_POINT('',(0.045121900344043,0.0781534239299397,0.0182759002056336));
#3987=CARTESIAN_POINT('',(2.60403076715265E-15,0.10420456523992,0.0184116144913479));
#3988=CARTESIAN_POINT('',(-0.0451219003440414,0.0781534239299407,0.0185473287770621));
#3989=CARTESIAN_POINT('',(-0.0902438006880829,0.0521022826199619,0.0186830430627765));
#3990=CARTESIAN_POINT('',(-0.0902438006880839,1.7671513231849E-16,0.0188187573484907));
#3991=CARTESIAN_POINT('',(-0.0902438006880846,-0.0521022826199589,0.018954471634205));
#3992=CARTESIAN_POINT('',(-0.0451219003440439,-0.0781534239299392,0.0190901859199193));
#3993=CARTESIAN_POINT('',(-7.65747224273787E-16,-0.10420456523992,0.0192259002056336));
#3994=CARTESIAN_POINT('',(0.0451219003440405,-0.0781534239299411,0.0193616144913479));
#3995=CARTESIAN_POINT('',(0.0902438006880824,-0.0521022826199629,0.0194973287770622));
#3996=CARTESIAN_POINT('',(0.0902438006880839,-1.14959796587855E-15,0.0196330430627765));
#3997=CARTESIAN_POINT('',(0.0902438006880852,0.052102282619958,0.0197687573484908));
#3998=CARTESIAN_POINT('',(0.0451219003440425,0.07815342392994,0.019904471634205));
#3999=CARTESIAN_POINT('',(1.88913555596552E-15,0.10420456523992,0.0200401859199193));
#4000=CARTESIAN_POINT('',(-0.0451219003440397,0.0781534239299416,0.0201759002056336));
#4001=CARTESIAN_POINT('',(-0.0902438006880833,0.0521022826199612,0.0203116144913479));
#4002=CARTESIAN_POINT('',(-0.0902438006880839,2.12248079943861E-15,0.0204473287770621));
#4003=CARTESIAN_POINT('',(-0.0902438006880843,-0.0521022826199596,0.0205830430627765));
#4004=CARTESIAN_POINT('',(-0.0451219003440434,-0.0781534239299395,0.0207187573484908));
#4005=CARTESIAN_POINT('',(-3.01252388765725E-15,-0.10420456523992,0.020854471634205));
#4006=CARTESIAN_POINT('',(0.0451219003440411,-0.0781534239299408,0.0209901859199193));
#4007=CARTESIAN_POINT('',(0.0902438006880828,-0.0521022826199623,0.0211259002056336));
#4008=CARTESIAN_POINT('',(0.0902438006880839,-5.30480551946658E-16,0.0212616144913479));
#4009=CARTESIAN_POINT('',(0.0902438006880849,0.0521022826199586,0.0213973287770622));
#4010=CARTESIAN_POINT('',(0.0451219003440442,0.078153423929939,0.0215330430627765));
#4011=CARTESIAN_POINT('',(1.17424034477839E-15,0.10420456523992,0.0216687573484907));
#4012=CARTESIAN_POINT('',(-0.0451219003440402,0.0781534239299413,0.021804471634205));
#4013=CARTESIAN_POINT('',(-0.0902438006880837,0.0521022826199607,0.0219401859199193));
#4014=CARTESIAN_POINT('',(-0.0902438006880839,1.50336338550672E-15,0.0220759002056336));
#4015=CARTESIAN_POINT('',(-0.0902438006880854,-0.0521022826199577,0.0222116144913479));
#4016=CARTESIAN_POINT('',(-0.0451219003440428,-0.0781534239299398,0.0223473287770621));
#4017=CARTESIAN_POINT('',(-2.29762867647013E-15,-0.10420456523992,0.0224830430627764));
#4018=CARTESIAN_POINT('',(0.0451219003440416,-0.0781534239299405,0.0226187573484907));
#4019=CARTESIAN_POINT('',(0.0902438006880831,-0.0521022826199616,0.022754471634205));
#4020=CARTESIAN_POINT('',(0.0902438006880839,-2.47624621906678E-15,0.0228901859199193));
#4021=CARTESIAN_POINT('',(0.0902438006880845,0.0521022826199593,0.0230259002056336));
#4022=CARTESIAN_POINT('',(0.0451219003440437,0.0781534239299393,0.0231616144913479));
#4023=CARTESIAN_POINT('',(4.59345133591269E-16,0.10420456523992,0.0232973287770622));
#4024=CARTESIAN_POINT('',(-0.0451219003440408,0.078153423929941,0.0234330430627765));
#4025=CARTESIAN_POINT('',(-0.0902438006880825,0.0521022826199626,0.0235687573484907));
#4026=CARTESIAN_POINT('',(-0.0902438006880839,8.84245971574826E-16,0.023704471634205));
#4027=CARTESIAN_POINT('',(-0.0902438006880851,-0.0521022826199582,0.0238401859199193));
#4028=CARTESIAN_POINT('',(-0.0451219003440423,-0.0781534239299401,0.0239759002056336));
#4029=CARTESIAN_POINT('',(-1.582733465283E-15,-0.10420456523992,0.0241116144913479));
#4030=CARTESIAN_POINT('',(0.0451219003440399,-0.0781534239299415,0.0242473287770621));
#4031=CARTESIAN_POINT('',(0.0902438006880835,-0.052102282619961,0.0243830430627765));
#4032=CARTESIAN_POINT('',(0.0902438006880839,-1.85712880513489E-15,0.0245187573484907));
#4033=CARTESIAN_POINT('',(0.0902438006880857,0.0521022826199573,0.024654471634205));
#4034=CARTESIAN_POINT('',(0.0451219003440431,0.0781534239299396,0.0247901859199193));
#4035=CARTESIAN_POINT('',(2.70612179697474E-15,0.10420456523992,0.0249259002056336));
#4036=CARTESIAN_POINT('',(-0.0451219003440413,0.0781534239299407,0.0250616144913479));
#4037=CARTESIAN_POINT('',(-0.0902438006880829,0.0521022826199619,0.0251973287770621));
#4038=CARTESIAN_POINT('',(-0.0902438006880839,2.83001163869495E-15,0.0253330430627765));
#4039=CARTESIAN_POINT('',(-0.0902438006880846,-0.0521022826199589,0.0254687573484908));
#4040=CARTESIAN_POINT('',(-0.045121900344044,-0.0781534239299392,0.025604471634205));
#4041=CARTESIAN_POINT('',(-8.67838254095875E-16,-0.10420456523992,0.0257401859199193));
#4042=CARTESIAN_POINT('',(0.0451219003440404,-0.0781534239299412,0.0258759002056336));
#4043=CARTESIAN_POINT('',(0.0902438006880823,-0.052102282619963,0.0260116144913479));
#4044=CARTESIAN_POINT('',(0.0902438006880839,-1.23801139120299E-15,0.0261473287770621));
#4045=CARTESIAN_POINT('',(0.0902438006880852,0.0521022826199579,0.0262830430627765));
#4046=CARTESIAN_POINT('',(0.0451219003440426,0.0781534239299399,0.0264187573484908));
#4047=CARTESIAN_POINT('',(1.99122658578761E-15,0.10420456523992,0.026554471634205));
#4048=CARTESIAN_POINT('',(-0.0451219003440396,0.0781534239299417,0.0266901859199193));
#4049=CARTESIAN_POINT('',(-0.0902438006880832,0.0521022826199614,0.0268259002056336));
#4050=CARTESIAN_POINT('',(-0.0902438006880839,2.21089422476306E-15,0.0269616144913479));
#4051=CARTESIAN_POINT('',(-0.0902438006880843,-0.0521022826199595,0.0270973287770622));
#4052=CARTESIAN_POINT('',(-0.0451219003440434,-0.0781534239299395,0.0272330430627764));
#4053=CARTESIAN_POINT('',(-3.11461491747934E-15,-0.10420456523992,0.0273687573484907));
#4054=CARTESIAN_POINT('',(0.045121900344041,-0.0781534239299409,0.027504471634205));
#4055=CARTESIAN_POINT('',(0.0902438006880827,-0.0521022826199624,0.0276401859199193));
#4056=CARTESIAN_POINT('',(0.0902438006880839,-6.18893977271101E-16,0.0277759002056336));
#4057=CARTESIAN_POINT('',(0.0902438006880849,0.0521022826199586,0.0279116144913479));
#4058=CARTESIAN_POINT('',(0.0451219003440443,0.078153423929939,0.0280473287770622));
#4059=CARTESIAN_POINT('',(1.27633137460048E-15,0.10420456523992,0.0281830430627764));
#4060=CARTESIAN_POINT('',(-0.0451219003440401,0.0781534239299414,0.0283187573484908));
#4061=CARTESIAN_POINT('',(-0.0902438006880836,0.0521022826199608,0.028454471634205));
#4062=CARTESIAN_POINT('',(-0.0902438006880839,1.59177681083116E-15,0.0285901859199193));
#4063=CARTESIAN_POINT('',(-0.0902438006880854,-0.0521022826199576,0.0287259002056336));
#4064=CARTESIAN_POINT('',(-0.0451219003440429,-0.0781534239299398,0.0288616144913479));
#4065=CARTESIAN_POINT('',(-2.39971970629221E-15,-0.10420456523992,0.0289973287770622));
#4066=CARTESIAN_POINT('',(0.0451219003440415,-0.0781534239299406,0.0291330430627765));
#4067=CARTESIAN_POINT('',(0.090243800688083,-0.0521022826199617,0.0292687573484907));
#4068=CARTESIAN_POINT('',(0.0902438006880839,-2.56465964439123E-15,0.029404471634205));
#4069=CARTESIAN_POINT('',(0.0902438006880845,0.0521022826199592,0.0295401859199193));
#4070=CARTESIAN_POINT('',(0.0451219003440437,0.0781534239299393,0.0296759002056336));
#4071=CARTESIAN_POINT('',(3.52310803798395E-15,0.10420456523992,0.0298116144913479));
#4072=CARTESIAN_POINT('',(-0.0451219003440407,0.0781534239299411,0.0299473287770622));
#4073=CARTESIAN_POINT('',(-0.0902438006880824,0.0521022826199627,0.0300830430627765));
#4074=CARTESIAN_POINT('',(-0.0902438006880839,9.72659396899269E-16,0.0302187573484907));
#4075=CARTESIAN_POINT('',(-0.0902438006880851,-0.0521022826199582,0.030354471634205));
#4076=CARTESIAN_POINT('',(-0.0451219003440446,-0.0781534239299388,0.0304901859199193));
#4077=CARTESIAN_POINT('',(-1.68482449510509E-15,-0.10420456523992,0.0306259002056336));
#4078=CARTESIAN_POINT('',(0.0451219003440398,-0.0781534239299415,0.0307616144913479));
#4079=CARTESIAN_POINT('',(0.0902438006880835,-0.0521022826199611,0.0308973287770622));
#4080=CARTESIAN_POINT('',(0.0902438006880839,-1.94554223045933E-15,0.0310330430627765));
#4081=CARTESIAN_POINT('',(0.0902438006880857,0.0521022826199572,0.0311687573484908));
#4082=CARTESIAN_POINT('',(0.0451219003440432,0.0781534239299396,0.031304471634205));
#4083=CARTESIAN_POINT('',(2.80821282679682E-15,0.10420456523992,0.0314401859199193));
#4084=CARTESIAN_POINT('',(-0.0451219003440412,0.0781534239299408,0.0315759002056336));
#4085=CARTESIAN_POINT('',(-0.0902438006880829,0.0521022826199621,0.0317116144913479));
#4086=CARTESIAN_POINT('',(-0.0902438006880839,2.91842506401939E-15,0.0318473287770622));
#4087=CARTESIAN_POINT('',(-0.0902438006880847,-0.0521022826199588,0.0319830430627765));
#4088=CARTESIAN_POINT('',(-0.045121900344044,-0.0781534239299391,0.0321187573484908));
#4089=CARTESIAN_POINT('',(-9.69929283917963E-16,-0.10420456523992,0.032254471634205));
#4090=CARTESIAN_POINT('',(0.0451219003440404,-0.0781534239299412,0.0323901859199193));
#4091=CARTESIAN_POINT('',(0.0902438006880823,-0.0521022826199631,0.0325259002056336));
#4092=CARTESIAN_POINT('',(0.0902438006880839,-1.32642481652744E-15,0.0326616144913479));
#4093=CARTESIAN_POINT('',(0.0902438006880853,0.0521022826199578,0.0327973287770622));
#4094=CARTESIAN_POINT('',(0.0451219003440427,0.0781534239299399,0.0329330430627765));
#4095=CARTESIAN_POINT('',(2.0933176156097E-15,0.10420456523992,0.0330687573484907));
#4096=CARTESIAN_POINT('',(-0.0451219003440395,0.0781534239299417,0.033204471634205));
#4097=CARTESIAN_POINT('',(-0.0902438006880832,0.0521022826199615,0.0333401859199193));
#4098=CARTESIAN_POINT('',(-0.0902438006880839,2.2993076500875E-15,0.0334759002056336));
#4099=CARTESIAN_POINT('',(-0.0902438006880844,-0.0521022826199594,0.0336116144913479));
#4100=CARTESIAN_POINT('',(-0.0451219003440435,-0.0781534239299394,0.0337473287770622));
#4101=CARTESIAN_POINT('',(-3.21670594730143E-15,-0.10420456523992,0.0338830430627764));
#4102=CARTESIAN_POINT('',(0.0451219003440409,-0.0781534239299409,0.0340187573484908));
#4103=CARTESIAN_POINT('',(0.0902438006880827,-0.0521022826199624,0.034154471634205));
#4104=CARTESIAN_POINT('',(0.0902438006880839,-7.07307402595544E-16,0.0342901859199193));
#4105=CARTESIAN_POINT('',(0.090243800688085,0.0521022826199585,0.0344259002056336));
#4106=CARTESIAN_POINT('',(0.0451219003440444,0.0781534239299389,0.0345616144913479));
#4107=CARTESIAN_POINT('',(1.37842240442257E-15,0.10420456523992,0.0346973287770622));
#4108=CARTESIAN_POINT('',(-0.0451219003440401,0.0781534239299414,0.0348330430627765));
#4109=CARTESIAN_POINT('',(-0.0902438006880821,0.0521022826199634,0.0349687573484907));
#4110=CARTESIAN_POINT('',(-0.0902438006880839,1.68019023615561E-15,0.035104471634205));
#4111=CARTESIAN_POINT('',(-0.0902438006880855,-0.0521022826199574,0.0352401859199193));
#4112=CARTESIAN_POINT('',(-0.045121900344043,-0.0781534239299397,0.0353759002056336));
#4113=CARTESIAN_POINT('',(-2.5018107361143E-15,-0.10420456523992,0.0355116144913479));
#4114=CARTESIAN_POINT('',(0.0451219003440392,-0.0781534239299419,0.0356473287770621));
#4115=CARTESIAN_POINT('',(0.090243800688083,-0.0521022826199618,0.0357830430627765));
#4116=CARTESIAN_POINT('',(0.0902438006880839,-2.65307306971567E-15,0.0359187573484908));
#4117=CARTESIAN_POINT('',(0.0902438006880846,0.0521022826199591,0.036054471634205));
#4118=CARTESIAN_POINT('',(0.0451219003440438,0.0781534239299393,0.0361901859199193));
#4119=CARTESIAN_POINT('',(3.62519906780604E-15,0.10420456523992,0.0363259002056336));
#4120=CARTESIAN_POINT('',(-0.0451219003440406,0.0781534239299411,0.0364616144913479));
#4121=CARTESIAN_POINT('',(-0.0902438006880824,0.0521022826199627,0.0365973287770622));
#4122=CARTESIAN_POINT('',(-0.0902438006880839,1.06107282222371E-15,0.0367330430627765));
#4123=CARTESIAN_POINT('',(-0.0902438006880851,-0.0521022826199581,0.0368687573484908));
#4124=CARTESIAN_POINT('',(-0.0451219003440447,-0.0781534239299388,0.037004471634205));
#4125=CARTESIAN_POINT('',(-1.78691552492718E-15,-0.10420456523992,0.0371401859199193));
#4126=CARTESIAN_POINT('',(0.0451219003440398,-0.0781534239299416,0.0372759002056336));
#4127=CARTESIAN_POINT('',(0.0902438006880833,-0.0521022826199612,0.0374116144913479));
#4128=CARTESIAN_POINT('',(0.0902438006880839,-2.03395565578378E-15,0.0375473287770621));
#4129=CARTESIAN_POINT('',(0.0902438006880857,0.0521022826199571,0.0376830430627765));
#4130=CARTESIAN_POINT('',(0.0451219003440433,0.0781534239299396,0.0378187573484908));
#4131=CARTESIAN_POINT('',(2.91030385661891E-15,0.10420456523992,0.037954471634205));
#4132=CARTESIAN_POINT('',(-0.0451219003440411,0.0781534239299408,0.0380901859199193));
#4133=CARTESIAN_POINT('',(-0.0902438006880828,0.0521022826199622,0.0382259002056336));
#4134=CARTESIAN_POINT('',(-0.0902438006880839,3.00683848934384E-15,0.0383616144913479));
#4135=CARTESIAN_POINT('',(-0.0902438006880847,-0.0521022826199587,0.0384973287770621));
#4136=CARTESIAN_POINT('',(-0.0451219003440441,-0.0781534239299391,0.0386330430627764));
#4137=CARTESIAN_POINT('',(-1.07202031374005E-15,-0.10420456523992,0.0387687573484907));
#4138=CARTESIAN_POINT('',(0.0451219003440403,-0.0781534239299413,0.038904471634205));
#4139=CARTESIAN_POINT('',(0.0902438006880822,-0.0521022826199631,0.0390401859199193));
#4140=CARTESIAN_POINT('',(0.0902438006880839,-1.41483824185188E-15,0.0391759002056336));
#4141=CARTESIAN_POINT('',(0.09,0.,0.0399901859199193));
#4142=CARTESIAN_POINT('',(0.09085,-7.12171103677905E-16,0.0399901859199193));
#4143=CARTESIAN_POINT('',(0.09085,0.,-0.0170098140800807));
#4144=CARTESIAN_POINT('',(0.09085,0.0524522719558775,-0.0168740997943664));
#4145=CARTESIAN_POINT('',(0.045425,0.0786784079338163,-0.0167383855086521));
#4146=CARTESIAN_POINT('',(6.42355069587718E-18,0.104904543911755,-0.0166026712229378));
#4147=CARTESIAN_POINT('',(-0.045425,0.0786784079338163,-0.0164669569372236));
#4148=CARTESIAN_POINT('',(-0.0908499999999999,0.0524522719558775,-0.0163312426515093));
#4149=CARTESIAN_POINT('',(-0.09085,1.11259161702537E-17,-0.016195528365795));
#4150=CARTESIAN_POINT('',(-0.09085,-0.0524522719558775,-0.0160598140800807));
#4151=CARTESIAN_POINT('',(-0.045425,-0.0786784079338162,-0.0159240997943664));
#4152=CARTESIAN_POINT('',(-1.92706520876315E-17,-0.104904543911755,-0.0157883855086521));
#4153=CARTESIAN_POINT('',(0.045425,-0.0786784079338163,-0.0156526712229379));
#4154=CARTESIAN_POINT('',(0.0908499999999999,-0.0524522719558775,-0.0155169569372235));
#4155=CARTESIAN_POINT('',(0.09085,-2.22518323405074E-17,-0.0153812426515092));
#4156=CARTESIAN_POINT('',(0.09085,0.0524522719558775,-0.015245528365795));
#4157=CARTESIAN_POINT('',(0.045425,0.0786784079338162,-0.0151098140800807));
#4158=CARTESIAN_POINT('',(1.25291705510291E-16,0.104904543911755,-0.0149740997943664));
#4159=CARTESIAN_POINT('',(-0.045425,0.0786784079338163,-0.0148383855086521));
#4160=CARTESIAN_POINT('',(-0.0908499999999999,0.0524522719558775,-0.0147026712229378));
#4161=CARTESIAN_POINT('',(-0.09085,3.33777485107611E-17,-0.0145669569372235));
#4162=CARTESIAN_POINT('',(-0.09085,-0.0524522719558775,-0.0144312426515093));
#4163=CARTESIAN_POINT('',(-0.045425,-0.0786784079338162,-0.014295528365795));
#4164=CARTESIAN_POINT('',(-4.49648548711403E-17,-0.104904543911755,-0.0141598140800807));
#4165=CARTESIAN_POINT('',(0.045425,-0.0786784079338163,-0.0140240997943664));
#4166=CARTESIAN_POINT('',(0.0908499999999999,-0.0524522719558775,-0.0138883855086521));
#4167=CARTESIAN_POINT('',(0.09085,-4.45036646810148E-17,-0.0137526712229378));
#4168=CARTESIAN_POINT('',(0.09085,0.0524522719558775,-0.0136169569372235));
#4169=CARTESIAN_POINT('',(0.045425,0.0786784079338162,-0.0134812426515093));
#4170=CARTESIAN_POINT('',(2.44159860324705E-16,0.104904543911755,-0.013345528365795));
#4171=CARTESIAN_POINT('',(-0.045425,0.0786784079338163,-0.0132098140800807));
#4172=CARTESIAN_POINT('',(-0.0908499999999999,0.0524522719558775,-0.0130740997943664));
#4173=CARTESIAN_POINT('',(-0.09085,2.17011599710782E-16,-0.0129383855086521));
#4174=CARTESIAN_POINT('',(-0.09085,-0.0524522719558775,-0.0128026712229378));
#4175=CARTESIAN_POINT('',(-0.045425,-0.0786784079338162,-0.0126669569372235));
#4176=CARTESIAN_POINT('',(-2.57006961716459E-16,-0.104904543911755,-0.0125312426515093));
#4177=CARTESIAN_POINT('',(0.045425,-0.0786784079338164,-0.012395528365795));
#4178=CARTESIAN_POINT('',(0.0908499999999998,-0.0524522719558775,-0.0122598140800807));
#4179=CARTESIAN_POINT('',(0.09085,-6.67554970215222E-17,-0.0121240997943664));
#4180=CARTESIAN_POINT('',(0.09085,0.0524522719558775,-0.0119883855086521));
#4181=CARTESIAN_POINT('',(0.045425,0.0786784079338162,-0.0118526712229378));
#4182=CARTESIAN_POINT('',(2.69854063108213E-16,0.104904543911755,-0.0117169569372235));
#4183=CARTESIAN_POINT('',(-0.045425,0.0786784079338164,-0.0115812426515093));
#4184=CARTESIAN_POINT('',(-0.0908499999999998,0.0524522719558775,-0.011445528365795));
#4185=CARTESIAN_POINT('',(-0.09085,7.78814131917759E-17,-0.0113098140800807));
#4186=CARTESIAN_POINT('',(-0.09085,-0.0524522719558775,-0.0111740997943664));
#4187=CARTESIAN_POINT('',(-0.045425,-0.0786784079338162,-0.0110383855086521));
#4188=CARTESIAN_POINT('',(-2.82701164499968E-16,-0.104904543911755,-0.0109026712229378));
#4189=CARTESIAN_POINT('',(0.045425,-0.0786784079338164,-0.0107669569372235));
#4190=CARTESIAN_POINT('',(0.0908499999999998,-0.0524522719558775,-0.0106312426515093));
#4191=CARTESIAN_POINT('',(0.09085,-8.90073293620296E-17,-0.010495528365795));
#4192=CARTESIAN_POINT('',(0.09085,0.0524522719558775,-0.0103598140800807));
#4193=CARTESIAN_POINT('',(0.045425,0.0786784079338162,-0.0102240997943664));
#4194=CARTESIAN_POINT('',(2.95548265891722E-16,0.104904543911755,-0.0100883855086521));
#4195=CARTESIAN_POINT('',(-0.045425,0.0786784079338164,-0.00995267122293783));
#4196=CARTESIAN_POINT('',(-0.0908499999999998,0.0524522719558775,-0.00981695693722355));
#4197=CARTESIAN_POINT('',(-0.09085,4.22897283251309E-16,-0.00968124265150926));
#4198=CARTESIAN_POINT('',(-0.09085,-0.0524522719558775,-0.00954552836579498));
#4199=CARTESIAN_POINT('',(-0.045425,-0.0786784079338161,-0.00940981408008069));
#4200=CARTESIAN_POINT('',(-3.08395367283476E-16,-0.104904543911755,-0.00927409979436639));
#4201=CARTESIAN_POINT('',(0.045425,-0.0786784079338164,-0.00913838550865212));
#4202=CARTESIAN_POINT('',(0.0908499999999998,-0.0524522719558775,-0.00900267122293783));
#4203=CARTESIAN_POINT('',(0.09085,-4.34023199421562E-16,-0.00886695693722355));
#4204=CARTESIAN_POINT('',(0.09085,0.0524522719558775,-0.00873124265150926));
#4205=CARTESIAN_POINT('',(0.045425,0.0786784079338161,-0.00859552836579498));
#4206=CARTESIAN_POINT('',(6.9393827679885E-16,0.104904543911755,-0.00845981408008069));
#4207=CARTESIAN_POINT('',(-0.045425,0.0786784079338164,-0.0083240997943664));
#4208=CARTESIAN_POINT('',(-0.0908499999999999,0.0524522719558775,-0.00818838550865212));
#4209=CARTESIAN_POINT('',(-0.09085,4.45149115591816E-16,-0.00805267122293783));
#4210=CARTESIAN_POINT('',(-0.09085,-0.0524522719558775,-0.00791695693722355));
#4211=CARTESIAN_POINT('',(-0.045425,-0.078678407933816,-0.00778124265150926));
#4212=CARTESIAN_POINT('',(-3.34089570066985E-16,-0.104904543911755,-0.00764552836579497));
#4213=CARTESIAN_POINT('',(0.0454249999999994,-0.0786784079338166,-0.00750981408008069));
#4214=CARTESIAN_POINT('',(0.0908499999999998,-0.0524522719558775,-0.0073740997943664));
#4215=CARTESIAN_POINT('',(0.09085,-1.33510994043044E-16,-0.00723838550865212));
#4216=CARTESIAN_POINT('',(0.0908500000000003,0.0524522719558775,-0.00710267122293783));
#4217=CARTESIAN_POINT('',(0.045425,0.0786784079338161,-0.00696695693722355));
#4218=CARTESIAN_POINT('',(7.1963247958236E-16,0.104904543911755,-0.00683124265150926));
#4219=CARTESIAN_POINT('',(-0.045425,0.0786784079338164,-0.00669552836579498));
#4220=CARTESIAN_POINT('',(-0.0908499999999999,0.0524522719558775,-0.00655981408008069));
#4221=CARTESIAN_POINT('',(-0.09085,4.67400947932324E-16,-0.0064240997943664));
#4222=CARTESIAN_POINT('',(-0.09085,-0.0524522719558775,-0.00628838550865211));
#4223=CARTESIAN_POINT('',(-0.045425,-0.078678407933816,-0.00615267122293783));
#4224=CARTESIAN_POINT('',(-3.59783772850494E-16,-0.104904543911755,-0.00601695693722354));
#4225=CARTESIAN_POINT('',(0.0454249999999994,-0.0786784079338166,-0.00588124265150926));
#4226=CARTESIAN_POINT('',(0.0908499999999997,-0.0524522719558775,-0.00574552836579497));
#4227=CARTESIAN_POINT('',(0.09085,-1.55762826383552E-16,-0.00560981408008069));
#4228=CARTESIAN_POINT('',(0.0908500000000003,0.0524522719558775,-0.0054740997943664));
#4229=CARTESIAN_POINT('',(0.045425,0.0786784079338161,-0.00533838550865212));
#4230=CARTESIAN_POINT('',(7.45326682365868E-16,0.104904543911755,-0.00520267122293784));
#4231=CARTESIAN_POINT('',(-0.045425,0.0786784079338164,-0.00506695693722355));
#4232=CARTESIAN_POINT('',(-0.0908499999999996,0.0524522719558783,-0.00493124265150926));
#4233=CARTESIAN_POINT('',(-0.09085,4.89652780272831E-16,-0.00479552836579497));
#4234=CARTESIAN_POINT('',(-0.0908500000000001,-0.0524522719558775,-0.00465981408008069));
#4235=CARTESIAN_POINT('',(-0.045425,-0.078678407933816,-0.0045240997943664));
#4236=CARTESIAN_POINT('',(-3.85477975634002E-16,-0.104904543911755,-0.00438838550865212));
#4237=CARTESIAN_POINT('',(0.0454249999999994,-0.0786784079338166,-0.00425267122293784));
#4238=CARTESIAN_POINT('',(0.0908499999999997,-0.0524522719558775,-0.00411695693722355));
#4239=CARTESIAN_POINT('',(0.09085,-1.78014658724059E-16,-0.00398124265150926));
#4240=CARTESIAN_POINT('',(0.0908500000000003,0.0524522719558775,-0.00384552836579497));
#4241=CARTESIAN_POINT('',(0.045425,0.0786784079338161,-0.00370981408008069));
#4242=CARTESIAN_POINT('',(7.71020885149376E-16,0.104904543911755,-0.0035740997943664));
#4243=CARTESIAN_POINT('',(-0.045425,0.0786784079338165,-0.00343838550865212));
#4244=CARTESIAN_POINT('',(-0.0908499999999996,0.0524522719558783,-0.00330267122293783));
#4245=CARTESIAN_POINT('',(-0.09085,5.11904612613338E-16,-0.00316695693722355));
#4246=CARTESIAN_POINT('',(-0.0908500000000001,-0.0524522719558775,-0.00303124265150926));
#4247=CARTESIAN_POINT('',(-0.045425,-0.078678407933816,-0.00289552836579498));
#4248=CARTESIAN_POINT('',(-4.11172178417511E-16,-0.104904543911755,-0.00275981408008069));
#4249=CARTESIAN_POINT('',(0.0454249999999994,-0.0786784079338166,-0.0026240997943664));
#4250=CARTESIAN_POINT('',(0.0908499999999997,-0.0524522719558775,-0.00248838550865212));
#4251=CARTESIAN_POINT('',(0.09085,-8.45794566502618E-16,-0.00235267122293783));
#4252=CARTESIAN_POINT('',(0.0908500000000003,0.0524522719558775,-0.00221695693722355));
#4253=CARTESIAN_POINT('',(0.045425,0.0786784079338161,-0.00208124265150926));
#4254=CARTESIAN_POINT('',(7.96715087932886E-16,0.104904543911755,-0.00194552836579497));
#4255=CARTESIAN_POINT('',(-0.045425,0.0786784079338165,-0.00180981408008069));
#4256=CARTESIAN_POINT('',(-0.0908499999999996,0.0524522719558783,-0.0016740997943664));
#4257=CARTESIAN_POINT('',(-0.09085,5.34156444953846E-16,-0.00153838550865212));
#4258=CARTESIAN_POINT('',(-0.0908500000000005,-0.0524522719558766,-0.00140267122293783));
#4259=CARTESIAN_POINT('',(-0.0454250000000006,-0.0786784079338159,-0.00126695693722354));
#4260=CARTESIAN_POINT('',(-4.3686638120102E-16,-0.104904543911755,-0.00113124265150926));
#4261=CARTESIAN_POINT('',(0.0454249999999994,-0.0786784079338166,-0.000995528365794977));
#4262=CARTESIAN_POINT('',(0.0908499999999997,-0.0524522719558775,-0.000859814080080688));
#4263=CARTESIAN_POINT('',(0.09085,-8.68046398843125E-16,-0.000724099794366405));
#4264=CARTESIAN_POINT('',(0.0908500000000004,0.0524522719558775,-0.000588385508652117));
#4265=CARTESIAN_POINT('',(0.045425,0.0786784079338161,-0.000452671222937833));
#4266=CARTESIAN_POINT('',(8.22409290716394E-16,0.104904543911755,-0.000316956937223545));
#4267=CARTESIAN_POINT('',(-0.045425,0.0786784079338165,-0.000181242651509261));
#4268=CARTESIAN_POINT('',(-0.0908499999999999,0.0524522719558775,-4.55283657949737E-5));
#4269=CARTESIAN_POINT('',(-0.09085,1.2019363527324E-15,9.01859199193104E-5));
#4270=CARTESIAN_POINT('',(-0.0908500000000005,-0.0524522719558766,0.000225900205633598));
#4271=CARTESIAN_POINT('',(-0.0454250000000006,-0.0786784079338159,0.000361614491347882));
#4272=CARTESIAN_POINT('',(-4.62560583984529E-16,-0.104904543911755,0.000497328777062166));
#4273=CARTESIAN_POINT('',(0.045425,-0.0786784079338163,0.000633043062776454));
#4274=CARTESIAN_POINT('',(0.0908499999999993,-0.0524522719558786,0.000768757348490738));
#4275=CARTESIAN_POINT('',(0.09085,-8.90298231183632E-16,0.000904471634205026));
#4276=CARTESIAN_POINT('',(0.0908500000000004,0.0524522719558775,0.00104018591991931));
#4277=CARTESIAN_POINT('',(0.045425,0.0786784079338161,0.0011759002056336));
#4278=CARTESIAN_POINT('',(1.02711877252663E-16,0.104904543911755,0.00131161449134788));
#4279=CARTESIAN_POINT('',(-0.045424999999999,0.0786784079338168,0.00144732877706217));
#4280=CARTESIAN_POINT('',(-0.0908499999999994,0.0524522719558783,0.00158304306277645));
#4281=CARTESIAN_POINT('',(-0.09085,5.78660109634861E-16,0.00171875734849074));
#4282=CARTESIAN_POINT('',(-0.0908500000000001,-0.0524522719558775,0.00185447163420502));
#4283=CARTESIAN_POINT('',(-0.0454250000000012,-0.0786784079338156,0.00199018591991931));
#4284=CARTESIAN_POINT('',(-1.23364640301528E-15,-0.104904543911755,0.00212590020563359));
#4285=CARTESIAN_POINT('',(0.0454249999999993,-0.0786784079338167,0.00226161449134788));
#4286=CARTESIAN_POINT('',(0.0908499999999997,-0.0524522719558775,0.00239732877706217));
#4287=CARTESIAN_POINT('',(0.09085,-2.67021988086089E-16,0.00253304306277646));
#4288=CARTESIAN_POINT('',(0.0908500000000007,0.0524522719558762,0.00266875734849074));
#4289=CARTESIAN_POINT('',(0.0454250000000009,0.0786784079338157,0.00280447163420502));
#4290=CARTESIAN_POINT('',(8.73797696283412E-16,0.104904543911755,0.00294018591991931));
#4291=CARTESIAN_POINT('',(-0.045425,0.0786784079338165,0.0030759002056336));
#4292=CARTESIAN_POINT('',(-0.0908499999999998,0.0524522719558775,0.00321161449134788));
#4293=CARTESIAN_POINT('',(-0.09085,1.24644001741342E-15,0.00334732877706217));
#4294=CARTESIAN_POINT('',(-0.0908500000000006,-0.0524522719558766,0.00348304306277645));
#4295=CARTESIAN_POINT('',(-0.0454250000000006,-0.0786784079338159,0.00361875734849074));
#4296=CARTESIAN_POINT('',(-5.13948989551546E-16,-0.104904543911755,0.00375447163420503));
#4297=CARTESIAN_POINT('',(0.045425,-0.0786784079338163,0.00389018591991931));
#4298=CARTESIAN_POINT('',(0.0908499999999993,-0.0524522719558786,0.0040259002056336));
#4299=CARTESIAN_POINT('',(0.09085,-9.34801895864647E-16,0.00416161449134789));
#4300=CARTESIAN_POINT('',(0.0908500000000004,0.0524522719558768,0.00429732877706216));
#4301=CARTESIAN_POINT('',(0.045425,0.0786784079338161,0.00443304306277646));
#4302=CARTESIAN_POINT('',(1.64488351531416E-15,0.104904543911755,0.00456875734849074));
#4303=CARTESIAN_POINT('',(-0.045424999999999,0.0786784079338168,0.00470447163420502));
#4304=CARTESIAN_POINT('',(-0.0908499999999994,0.0524522719558784,0.00484018591991931));
#4305=CARTESIAN_POINT('',(-0.09085,6.23163774315876E-16,0.0049759002056336));
#4306=CARTESIAN_POINT('',(-0.0908500000000001,-0.0524522719558775,0.00511161449134788));
#4307=CARTESIAN_POINT('',(-0.0454250000000012,-0.0786784079338156,0.00524732877706217));
#4308=CARTESIAN_POINT('',(-1.28503480858229E-15,-0.104904543911755,0.00538304306277645));
#4309=CARTESIAN_POINT('',(0.0454249999999993,-0.0786784079338167,0.00551875734849074));
#4310=CARTESIAN_POINT('',(0.0908499999999997,-0.0524522719558775,0.00565447163420502));
#4311=CARTESIAN_POINT('',(0.09085,-3.11525652767103E-16,0.00579018591991931));
#4312=CARTESIAN_POINT('',(0.0908500000000007,0.0524522719558762,0.0059259002056336));
#4313=CARTESIAN_POINT('',(0.0454250000000009,0.0786784079338157,0.00606161449134788));
#4314=CARTESIAN_POINT('',(9.25186101850429E-16,0.104904543911755,0.00619732877706216));
#4315=CARTESIAN_POINT('',(-0.045425,0.0786784079338165,0.00633304306277645));
#4316=CARTESIAN_POINT('',(-0.0908499999999998,0.0524522719558775,0.00646875734849074));
#4317=CARTESIAN_POINT('',(-0.09085,1.29094368209443E-15,0.00660447163420503));
#4318=CARTESIAN_POINT('',(-0.0908500000000006,-0.0524522719558764,0.00674018591991931));
#4319=CARTESIAN_POINT('',(-0.0454250000000007,-0.0786784079338159,0.0068759002056336));
#4320=CARTESIAN_POINT('',(-5.65337395118564E-16,-0.104904543911755,0.00701161449134788));
#4321=CARTESIAN_POINT('',(0.0454249999999987,-0.078678407933817,0.00714732877706217));
#4322=CARTESIAN_POINT('',(0.0908499999999992,-0.0524522719558788,0.00728304306277645));
#4323=CARTESIAN_POINT('',(0.09085,-9.79305560545662E-16,0.00741875734849074));
#4324=CARTESIAN_POINT('',(0.0908500000000004,0.0524522719558768,0.00755447163420503));
#4325=CARTESIAN_POINT('',(0.045425,0.078678407933816,0.00769018591991931));
#4326=CARTESIAN_POINT('',(1.69627192088118E-15,0.104904543911755,0.0078259002056336));
#4327=CARTESIAN_POINT('',(-0.045424999999999,0.0786784079338169,0.00796161449134788));
#4328=CARTESIAN_POINT('',(-0.0908499999999994,0.0524522719558784,0.00809732877706217));
#4329=CARTESIAN_POINT('',(-0.09085,6.6766743899689E-16,0.00823304306277645));
#4330=CARTESIAN_POINT('',(-0.0908500000000003,-0.0524522719558775,0.00836875734849074));
#4331=CARTESIAN_POINT('',(-0.0454250000000012,-0.0786784079338155,0.00850447163420503));
#4332=CARTESIAN_POINT('',(-1.33642321414931E-15,-0.104904543911755,0.00864018591991932));
#4333=CARTESIAN_POINT('',(0.0454249999999992,-0.0786784079338167,0.0087759002056336));
#4334=CARTESIAN_POINT('',(0.0908499999999997,-0.0524522719558775,0.00891161449134789));
#4335=CARTESIAN_POINT('',(0.09085,-3.56029317448119E-16,0.00904732877706217));
#4336=CARTESIAN_POINT('',(0.0908500000000008,0.0524522719558761,0.00918304306277645));
#4337=CARTESIAN_POINT('',(0.045425000000001,0.0786784079338157,0.00931875734849074));
#4338=CARTESIAN_POINT('',(9.76574507417447E-16,0.104904543911755,0.00945447163420502));
#4339=CARTESIAN_POINT('',(-0.045425,0.0786784079338165,0.00959018591991931));
#4340=CARTESIAN_POINT('',(-0.0908499999999991,0.0524522719558791,0.00972590020563359));
#4341=CARTESIAN_POINT('',(-0.09085,1.33544734677545E-15,0.00986161449134788));
#4342=CARTESIAN_POINT('',(-0.0908500000000006,-0.0524522719558764,0.00999732877706216));
#4343=CARTESIAN_POINT('',(-0.0454250000000007,-0.0786784079338159,0.0101330430627765));
#4344=CARTESIAN_POINT('',(-6.16725800685581E-16,-0.104904543911755,0.0102687573484907));
#4345=CARTESIAN_POINT('',(0.0454249999999987,-0.078678407933817,0.010404471634205));
#4346=CARTESIAN_POINT('',(0.0908499999999992,-0.0524522719558788,0.0105401859199193));
#4347=CARTESIAN_POINT('',(0.09085,-1.02380922522668E-15,0.0106759002056336));
#4348=CARTESIAN_POINT('',(0.0908500000000004,0.0524522719558768,0.0108116144913479));
#4349=CARTESIAN_POINT('',(0.045425,0.078678407933816,0.0109473287770622));
#4350=CARTESIAN_POINT('',(1.74766032644819E-15,0.104904543911755,0.0110830430627764));
#4351=CARTESIAN_POINT('',(-0.0454249999999989,0.0786784079338169,0.0112187573484907));
#4352=CARTESIAN_POINT('',(-0.0908499999999994,0.0524522719558785,0.011354471634205));
#4353=CARTESIAN_POINT('',(-0.09085,7.12171103677905E-16,0.0114901859199193));
#4354=CARTESIAN_POINT('',(-0.0908500000000009,-0.0524522719558758,0.0116259002056336));
#4355=CARTESIAN_POINT('',(-0.0454250000000013,-0.0786784079338155,0.0117616144913479));
#4356=CARTESIAN_POINT('',(-1.38781161971633E-15,-0.104904543911755,0.0118973287770622));
#4357=CARTESIAN_POINT('',(0.0454249999999992,-0.0786784079338167,0.0120330430627765));
#4358=CARTESIAN_POINT('',(0.0908499999999996,-0.0524522719558782,0.0121687573484907));
#4359=CARTESIAN_POINT('',(0.09085,-1.69158913300524E-15,0.012304471634205));
#4360=CARTESIAN_POINT('',(0.0908500000000008,0.0524522719558761,0.0124401859199193));
#4361=CARTESIAN_POINT('',(0.045425000000001,0.0786784079338157,0.0125759002056336));
#4362=CARTESIAN_POINT('',(1.02796291298446E-15,0.104904543911755,0.0127116144913479));
#4363=CARTESIAN_POINT('',(-0.045425,0.0786784079338166,0.0128473287770622));
#4364=CARTESIAN_POINT('',(-0.090849999999999,0.0524522719558791,0.0129830430627764));
#4365=CARTESIAN_POINT('',(-0.09085,1.37995101145646E-15,0.0131187573484907));
#4366=CARTESIAN_POINT('',(-0.0908500000000006,-0.0524522719558763,0.013254471634205));
#4367=CARTESIAN_POINT('',(-0.0454250000000007,-0.0786784079338158,0.0133901859199193));
#4368=CARTESIAN_POINT('',(-6.68114206252599E-16,-0.104904543911755,0.0135259002056336));
#4369=CARTESIAN_POINT('',(0.0454249999999986,-0.0786784079338171,0.0136616144913479));
#4370=CARTESIAN_POINT('',(0.0908499999999992,-0.0524522719558789,0.0137973287770622));
#4371=CARTESIAN_POINT('',(0.09085,-1.06831288990769E-15,0.0139330430627764));
#4372=CARTESIAN_POINT('',(0.0908500000000005,0.0524522719558767,0.0140687573484907));
#4373=CARTESIAN_POINT('',(0.0454250000000016,0.0786784079338153,0.014204471634205));
#4374=CARTESIAN_POINT('',(1.79904873201521E-15,0.104904543911755,0.0143401859199193));
#4375=CARTESIAN_POINT('',(-0.0454249999999989,0.0786784079338169,0.0144759002056336));
#4376=CARTESIAN_POINT('',(-0.0908499999999993,0.0524522719558785,0.0146116144913479));
#4377=CARTESIAN_POINT('',(-0.09085,7.5667476835892E-16,0.0147473287770622));
#4378=CARTESIAN_POINT('',(-0.0908500000000009,-0.0524522719558758,0.0148830430627764));
#4379=CARTESIAN_POINT('',(-0.0454250000000013,-0.0786784079338155,0.0150187573484907));
#4380=CARTESIAN_POINT('',(-1.43920002528335E-15,-0.104904543911755,0.015154471634205));
#4381=CARTESIAN_POINT('',(0.0454249999999992,-0.0786784079338167,0.0152901859199193));
#4382=CARTESIAN_POINT('',(0.0908499999999996,-0.0524522719558782,0.0154259002056336));
#4383=CARTESIAN_POINT('',(0.09085,-1.73609279768625E-15,0.0155616144913479));
#4384=CARTESIAN_POINT('',(0.0908500000000008,0.052452271955876,0.0156973287770621));
#4385=CARTESIAN_POINT('',(0.045425000000001,0.0786784079338157,0.0158330430627764));
#4386=CARTESIAN_POINT('',(1.07935131855148E-15,0.104904543911755,0.0159687573484907));
#4387=CARTESIAN_POINT('',(-0.0454249999999994,0.0786784079338166,0.016104471634205));
#4388=CARTESIAN_POINT('',(-0.0908499999999998,0.0524522719558775,0.0162401859199193));
#4389=CARTESIAN_POINT('',(-0.09085,1.42445467613748E-15,0.0163759002056336));
#4390=CARTESIAN_POINT('',(-0.0908500000000014,-0.0524522719558751,0.0165116144913479));
#4391=CARTESIAN_POINT('',(-0.0454250000000008,-0.0786784079338158,0.0166473287770622));
#4392=CARTESIAN_POINT('',(-2.2102858443141E-15,-0.104904543911755,0.0167830430627764));
#4393=CARTESIAN_POINT('',(0.045425,-0.0786784079338164,0.0169187573484907));
#4394=CARTESIAN_POINT('',(0.0908499999999992,-0.0524522719558789,0.017054471634205));
#4395=CARTESIAN_POINT('',(0.09085,-2.40387270546481E-15,0.0171901859199193));
#4396=CARTESIAN_POINT('',(0.0908500000000005,0.0524522719558767,0.0173259002056336));
#4397=CARTESIAN_POINT('',(0.0454250000000016,0.0786784079338153,0.0174616144913479));
#4398=CARTESIAN_POINT('',(3.59653905087751E-16,0.104904543911755,0.0175973287770622));
#4399=CARTESIAN_POINT('',(-0.0454249999999989,0.0786784079338169,0.0177330430627764));
#4400=CARTESIAN_POINT('',(-0.0908499999999986,0.0524522719558798,0.0178687573484907));
#4401=CARTESIAN_POINT('',(-0.09085,8.01178433039935E-16,0.018004471634205));
#4402=CARTESIAN_POINT('',(-0.0908500000000011,-0.0524522719558756,0.0181401859199193));
#4403=CARTESIAN_POINT('',(-0.045425,-0.0786784079338161,0.0182759002056336));
#4404=CARTESIAN_POINT('',(-1.49058843085036E-15,-0.104904543911755,0.0184116144913479));
#4405=CARTESIAN_POINT('',(0.045424999999998,-0.0786784079338174,0.0185473287770621));
#4406=CARTESIAN_POINT('',(0.0908499999999996,-0.0524522719558783,0.0186830430627765));
#4407=CARTESIAN_POINT('',(0.09085,-1.78059646236726E-15,0.0188187573484907));
#4408=CARTESIAN_POINT('',(0.0908500000000001,0.0524522719558775,0.018954471634205));
#4409=CARTESIAN_POINT('',(0.0454250000000011,0.0786784079338156,0.0190901859199193));
#4410=CARTESIAN_POINT('',(2.62152295661298E-15,0.104904543911755,0.0192259002056336));
#4411=CARTESIAN_POINT('',(-0.0454249999999994,0.0786784079338166,0.0193616144913479));
#4412=CARTESIAN_POINT('',(-0.090849999999999,0.0524522719558792,0.0194973287770621));
#4413=CARTESIAN_POINT('',(-0.09085,1.77902189942391E-16,0.0196330430627765));
#4414=CARTESIAN_POINT('',(-0.0908500000000007,-0.0524522719558763,0.0197687573484908));
#4415=CARTESIAN_POINT('',(-0.0454250000000019,-0.0786784079338151,0.019904471634205));
#4416=CARTESIAN_POINT('',(-7.70891017386633E-16,-0.104904543911755,0.0200401859199193));
#4417=CARTESIAN_POINT('',(0.0454249999999985,-0.0786784079338171,0.0201759002056336));
#4418=CARTESIAN_POINT('',(0.0908499999999984,-0.0524522719558803,0.0203116144913479));
#4419=CARTESIAN_POINT('',(0.09085,-1.15732021926972E-15,0.0204473287770621));
#4420=CARTESIAN_POINT('',(0.0908500000000012,0.0524522719558753,0.0205830430627764));
#4421=CARTESIAN_POINT('',(0.045425,0.078678407933816,0.0207187573484908));
#4422=CARTESIAN_POINT('',(1.90182554314925E-15,0.104904543911755,0.020854471634205));
#4423=CARTESIAN_POINT('',(-0.0454249999999977,0.0786784079338176,0.0209901859199193));
#4424=CARTESIAN_POINT('',(-0.0908499999999993,0.0524522719558786,0.0211259002056336));
#4425=CARTESIAN_POINT('',(-0.09085,2.13673824859705E-15,0.0212616144913479));
#4426=CARTESIAN_POINT('',(-0.0908500000000003,-0.0524522719558775,0.0213973287770622));
#4427=CARTESIAN_POINT('',(-0.0454250000000014,-0.0786784079338155,0.0215330430627765));
#4428=CARTESIAN_POINT('',(-3.03276006891186E-15,-0.104904543911755,0.0216687573484907));
#4429=CARTESIAN_POINT('',(0.0454249999999991,-0.0786784079338168,0.021804471634205));
#4430=CARTESIAN_POINT('',(0.0908499999999988,-0.0524522719558796,0.0219401859199193));
#4431=CARTESIAN_POINT('',(0.09085,-5.34043976172178E-16,0.0220759002056336));
#4432=CARTESIAN_POINT('',(0.0908500000000008,0.052452271955876,0.0222116144913479));
#4433=CARTESIAN_POINT('',(0.0454250000000022,0.078678407933815,0.0223473287770621));
#4434=CARTESIAN_POINT('',(1.18212812968552E-15,0.104904543911755,0.0224830430627764));
#4435=CARTESIAN_POINT('',(-0.0454249999999982,0.0786784079338173,0.0226187573484907));
#4436=CARTESIAN_POINT('',(-0.0908499999999997,0.0524522719558775,0.022754471634205));
#4437=CARTESIAN_POINT('',(-0.09085,1.51346200549951E-15,0.0228901859199193));
#4438=CARTESIAN_POINT('',(-0.0908500000000014,-0.0524522719558749,0.0230259002056336));
#4439=CARTESIAN_POINT('',(-0.0454250000000009,-0.0786784079338158,0.0231616144913479));
#4440=CARTESIAN_POINT('',(-2.31306265544813E-15,-0.104904543911755,0.0232973287770622));
#4441=CARTESIAN_POINT('',(0.045425,-0.0786784079338165,0.0234330430627765));
#4442=CARTESIAN_POINT('',(0.0908499999999991,-0.052452271955879,0.0235687573484907));
#4443=CARTESIAN_POINT('',(0.09085,-2.49288003482684E-15,0.023704471634205));
#4444=CARTESIAN_POINT('',(0.0908500000000005,0.0524522719558766,0.0238401859199193));
#4445=CARTESIAN_POINT('',(0.0454250000000017,0.0786784079338153,0.0239759002056336));
#4446=CARTESIAN_POINT('',(4.62430716221786E-16,0.104904543911755,0.0241116144913479));
#4447=CARTESIAN_POINT('',(-0.0454249999999988,0.078678407933817,0.0242473287770621));
#4448=CARTESIAN_POINT('',(-0.0908499999999985,0.0524522719558799,0.0243830430627765));
#4449=CARTESIAN_POINT('',(-0.09085,8.90185762401964E-16,0.0245187573484907));
#4450=CARTESIAN_POINT('',(-0.0908500000000011,-0.0524522719558755,0.024654471634205));
#4451=CARTESIAN_POINT('',(-0.045425,-0.0786784079338161,0.0247901859199193));
#4452=CARTESIAN_POINT('',(-1.5933652419844E-15,-0.104904543911755,0.0249259002056336));
#4453=CARTESIAN_POINT('',(0.0454249999999979,-0.0786784079338175,0.0250616144913479));
#4454=CARTESIAN_POINT('',(0.0908499999999994,-0.0524522719558783,0.0251973287770621));
#4455=CARTESIAN_POINT('',(0.09085,-1.86960379172929E-15,0.0253330430627765));
#4456=CARTESIAN_POINT('',(0.0908500000000016,0.0524522719558746,0.0254687573484908));
#4457=CARTESIAN_POINT('',(0.0454250000000012,0.0786784079338156,0.025604471634205));
#4458=CARTESIAN_POINT('',(2.72429976774701E-15,0.104904543911755,0.0257401859199193));
#4459=CARTESIAN_POINT('',(-0.0454249999999993,0.0786784079338167,0.0258759002056336));
#4460=CARTESIAN_POINT('',(-0.090849999999999,0.0524522719558793,0.0260116144913479));
#4461=CARTESIAN_POINT('',(-0.09085,2.84902182105663E-15,0.0261473287770621));
#4462=CARTESIAN_POINT('',(-0.0908500000000007,-0.0524522719558762,0.0262830430627765));
#4463=CARTESIAN_POINT('',(-0.045425000000002,-0.0786784079338151,0.0264187573484908));
#4464=CARTESIAN_POINT('',(-8.73667828520669E-16,-0.104904543911755,0.026554471634205));
#4465=CARTESIAN_POINT('',(0.0454249999999985,-0.0786784079338171,0.0266901859199193));
#4466=CARTESIAN_POINT('',(0.0908499999999983,-0.0524522719558803,0.0268259002056336));
#4467=CARTESIAN_POINT('',(0.09085,-1.24632754863175E-15,0.0269616144913479));
#4468=CARTESIAN_POINT('',(0.0908500000000013,0.0524522719558752,0.0270973287770622));
#4469=CARTESIAN_POINT('',(0.0454250000000006,0.0786784079338159,0.0272330430627764));
#4470=CARTESIAN_POINT('',(2.00460235428328E-15,0.104904543911755,0.0273687573484907));
#4471=CARTESIAN_POINT('',(-0.0454249999999976,0.0786784079338176,0.027504471634205));
#4472=CARTESIAN_POINT('',(-0.0908499999999993,0.0524522719558786,0.0276401859199193));
#4473=CARTESIAN_POINT('',(-0.09085,2.22574557795908E-15,0.0277759002056336));
#4474=CARTESIAN_POINT('',(-0.0908500000000004,-0.0524522719558768,0.0279116144913479));
#4475=CARTESIAN_POINT('',(-0.0454250000000015,-0.0786784079338154,0.0280473287770621));
#4476=CARTESIAN_POINT('',(-3.13553688004589E-15,-0.104904543911755,0.0281830430627764));
#4477=CARTESIAN_POINT('',(0.045424999999999,-0.0786784079338168,0.0283187573484908));
#4478=CARTESIAN_POINT('',(0.0908499999999988,-0.0524522719558797,0.028454471634205));
#4479=CARTESIAN_POINT('',(0.09085,-6.23051305534207E-16,0.0285901859199193));
#4480=CARTESIAN_POINT('',(0.0908500000000009,0.0524522719558759,0.0287259002056336));
#4481=CARTESIAN_POINT('',(0.0454250000000023,0.0786784079338149,0.0288616144913479));
#4482=CARTESIAN_POINT('',(1.28490494081955E-15,0.104904543911755,0.0289973287770622));
#4483=CARTESIAN_POINT('',(-0.0454249999999982,0.0786784079338173,0.0291330430627765));
#4484=CARTESIAN_POINT('',(-0.0908499999999997,0.0524522719558775,0.0292687573484907));
#4485=CARTESIAN_POINT('',(-0.09085,1.60246933486154E-15,0.029404471634205));
#4486=CARTESIAN_POINT('',(-0.0908500000000015,-0.0524522719558748,0.0295401859199193));
#4487=CARTESIAN_POINT('',(-0.0454250000000009,-0.0786784079338157,0.0296759002056336));
#4488=CARTESIAN_POINT('',(-2.41583946658216E-15,-0.104904543911755,0.0298116144913479));
#4489=CARTESIAN_POINT('',(0.045425,-0.0786784079338165,0.0299473287770621));
#4490=CARTESIAN_POINT('',(0.0908499999999991,-0.0524522719558791,0.0300830430627765));
#4491=CARTESIAN_POINT('',(0.09085,-2.58188736418887E-15,0.0302187573484907));
#4492=CARTESIAN_POINT('',(0.0908500000000006,0.0524522719558764,0.030354471634205));
#4493=CARTESIAN_POINT('',(0.0454250000000018,0.0786784079338152,0.0304901859199193));
#4494=CARTESIAN_POINT('',(3.54677399234478E-15,0.104904543911755,0.0306259002056336));
#4495=CARTESIAN_POINT('',(-0.0454249999999987,0.078678407933817,0.0307616144913479));
#4496=CARTESIAN_POINT('',(-0.0908499999999985,0.05245227195588,0.0308973287770621));
#4497=CARTESIAN_POINT('',(-0.09085,9.79193091763994E-16,0.0310330430627765));
#4498=CARTESIAN_POINT('',(-0.0908500000000012,-0.0524522719558755,0.0311687573484908));
#4499=CARTESIAN_POINT('',(-0.0454250000000026,-0.0786784079338147,0.031304471634205));
#4500=CARTESIAN_POINT('',(-1.69614205311844E-15,-0.104904543911755,0.0314401859199193));
#4501=CARTESIAN_POINT('',(0.0454249999999978,-0.0786784079338175,0.0315759002056336));
#4502=CARTESIAN_POINT('',(0.0908499999999994,-0.0524522719558784,0.0317116144913479));
#4503=CARTESIAN_POINT('',(0.09085,-1.95861112109133E-15,0.0318473287770622));
#4504=CARTESIAN_POINT('',(0.0908500000000017,0.0524522719558745,0.0319830430627764));
#4505=CARTESIAN_POINT('',(0.0454250000000012,0.0786784079338155,0.0321187573484908));
#4506=CARTESIAN_POINT('',(2.82707657888105E-15,0.104904543911755,0.032254471634205));
#4507=CARTESIAN_POINT('',(-0.0454249999999992,0.0786784079338167,0.0323901859199193));
#4508=CARTESIAN_POINT('',(-0.0908499999999989,0.0524522719558794,0.0325259002056336));
#4509=CARTESIAN_POINT('',(-0.09085,2.93802915041866E-15,0.0326616144913479));
#4510=CARTESIAN_POINT('',(-0.0908500000000008,-0.0524522719558761,0.0327973287770622));
#4511=CARTESIAN_POINT('',(-0.0454250000000021,-0.078678407933815,0.0329330430627765));
#4512=CARTESIAN_POINT('',(-9.76444639654704E-16,-0.104904543911755,0.0330687573484907));
#4513=CARTESIAN_POINT('',(0.0454249999999984,-0.0786784079338172,0.033204471634205));
#4514=CARTESIAN_POINT('',(0.0908499999999983,-0.0524522719558804,0.0333401859199193));
#4515=CARTESIAN_POINT('',(0.09085,-1.33533487799378E-15,0.0334759002056336));
#4516=CARTESIAN_POINT('',(0.0908500000000013,0.0524522719558752,0.0336116144913479));
#4517=CARTESIAN_POINT('',(0.0454250000000007,0.0786784079338159,0.0337473287770622));
#4518=CARTESIAN_POINT('',(2.10737916541732E-15,0.104904543911755,0.0338830430627764));
#4519=CARTESIAN_POINT('',(-0.0454249999999975,0.0786784079338177,0.0340187573484908));
#4520=CARTESIAN_POINT('',(-0.0908499999999992,0.0524522719558788,0.034154471634205));
#4521=CARTESIAN_POINT('',(-0.09085,2.31475290732111E-15,0.0342901859199193));
#4522=CARTESIAN_POINT('',(-0.0908500000000004,-0.0524522719558768,0.0344259002056336));
#4523=CARTESIAN_POINT('',(-0.0454250000000015,-0.0786784079338154,0.0345616144913479));
#4524=CARTESIAN_POINT('',(-3.23831369117993E-15,-0.104904543911755,0.0346973287770622));
#4525=CARTESIAN_POINT('',(0.0454249999999989,-0.0786784079338169,0.0348330430627765));
#4526=CARTESIAN_POINT('',(0.0908499999999986,-0.0524522719558798,0.0349687573484907));
#4527=CARTESIAN_POINT('',(0.09085,-7.12058634896237E-16,0.035104471634205));
#4528=CARTESIAN_POINT('',(0.0908500000000009,0.0524522719558758,0.0352401859199193));
#4529=CARTESIAN_POINT('',(0.0454250000000024,0.0786784079338149,0.0353759002056336));
#4530=CARTESIAN_POINT('',(1.38768175195359E-15,0.104904543911755,0.0355116144913479));
#4531=CARTESIAN_POINT('',(-0.0454249999999981,0.0786784079338174,0.0356473287770621));
#4532=CARTESIAN_POINT('',(-0.0908499999999981,0.0524522719558807,0.0357830430627765));
#4533=CARTESIAN_POINT('',(-0.09085,1.69147666422357E-15,0.0359187573484908));
#4534=CARTESIAN_POINT('',(-0.0908500000000015,-0.0524522719558748,0.036054471634205));
#4535=CARTESIAN_POINT('',(-0.045425000000001,-0.0786784079338157,0.0361901859199193));
#4536=CARTESIAN_POINT('',(-2.5186162777162E-15,-0.104904543911755,0.0363259002056336));
#4537=CARTESIAN_POINT('',(0.0454249999999972,-0.0786784079338179,0.0364616144913479));
#4538=CARTESIAN_POINT('',(0.090849999999999,-0.0524522719558791,0.0365973287770622));
#4539=CARTESIAN_POINT('',(0.09085,-2.6708946935509E-15,0.0367330430627765));
#4540=CARTESIAN_POINT('',(0.0908500000000006,0.0524522719558763,0.0368687573484908));
#4541=CARTESIAN_POINT('',(0.0454250000000019,0.0786784079338152,0.037004471634205));
#4542=CARTESIAN_POINT('',(3.64955080347882E-15,0.104904543911755,0.0371401859199193));
#4543=CARTESIAN_POINT('',(-0.0454249999999986,0.0786784079338171,0.0372759002056336));
#4544=CARTESIAN_POINT('',(-0.0908499999999984,0.0524522719558801,0.0374116144913479));
#4545=CARTESIAN_POINT('',(-0.09085,1.06820042112602E-15,0.0375473287770621));
#4546=CARTESIAN_POINT('',(-0.0908500000000012,-0.0524522719558754,0.0376830430627765));
#4547=CARTESIAN_POINT('',(-0.0454250000000027,-0.0786784079338147,0.0378187573484908));
#4548=CARTESIAN_POINT('',(-1.79891886425247E-15,-0.104904543911755,0.037954471634205));
#4549=CARTESIAN_POINT('',(0.0454249999999978,-0.0786784079338175,0.0380901859199193));
#4550=CARTESIAN_POINT('',(0.0908499999999993,-0.0524522719558785,0.0382259002056336));
#4551=CARTESIAN_POINT('',(0.09085,-2.04761845045336E-15,0.0383616144913479));
#4552=CARTESIAN_POINT('',(0.0908500000000017,0.0524522719558744,0.0384973287770621));
#4553=CARTESIAN_POINT('',(0.0454250000000013,0.0786784079338155,0.0386330430627764));
#4554=CARTESIAN_POINT('',(2.92985339001508E-15,0.104904543911755,0.0387687573484907));
#4555=CARTESIAN_POINT('',(-0.0454249999999992,0.0786784079338167,0.038904471634205));
#4556=CARTESIAN_POINT('',(-0.0908499999999989,0.0524522719558794,0.0390401859199193));
#4557=CARTESIAN_POINT('',(-0.09085,3.02703647978069E-15,0.0391759002056336));
#4558=CARTESIAN_POINT('',(-0.0908500000000008,-0.052452271955876,0.0393116144913479));
#4559=CARTESIAN_POINT('',(-0.0454250000000022,-0.078678407933815,0.0394473287770621));
#4560=CARTESIAN_POINT('',(-1.07922145078874E-15,-0.104904543911755,0.0395830430627764));
#4561=CARTESIAN_POINT('',(0.0454249999999983,-0.0786784079338172,0.0397187573484908));
#4562=CARTESIAN_POINT('',(0.0908499999999983,-0.0524522719558805,0.039854471634205));
#4563=CARTESIAN_POINT('',(0.09085,-1.42434220735581E-15,0.0399901859199193));
#4564=CARTESIAN_POINT('',(0.0902438006880839,0.,-0.016195528365795));
#4565=CARTESIAN_POINT('',(0.0902438006880839,0.0521022826199602,-0.0160598140800807));
#4566=CARTESIAN_POINT('',(0.045121900344042,0.0781534239299403,-0.0159240997943664));
#4567=CARTESIAN_POINT('',(6.38068936388051E-18,0.10420456523992,-0.0157883855086521));
#4568=CARTESIAN_POINT('',(-0.045121900344042,0.0781534239299403,-0.0156526712229379));
#4569=CARTESIAN_POINT('',(-0.0902438006880839,0.0521022826199602,-0.0155169569372235));
#4570=CARTESIAN_POINT('',(-0.0902438006880839,1.10516781655554E-17,-0.0153812426515092));
#4571=CARTESIAN_POINT('',(-0.0902438006880839,-0.0521022826199602,-0.015245528365795));
#4572=CARTESIAN_POINT('',(-0.045121900344042,-0.0781534239299403,-0.0151098140800807));
#4573=CARTESIAN_POINT('',(-1.91420680916415E-17,-0.10420456523992,-0.0149740997943664));
#4574=CARTESIAN_POINT('',(0.0451219003440419,-0.0781534239299404,-0.0148383855086521));
#4575=CARTESIAN_POINT('',(0.0902438006880839,-0.0521022826199602,-0.0147026712229378));
#4576=CARTESIAN_POINT('',(0.0902438006880839,0.,-0.0145669569372235));
#4577=CARTESIAN_POINT('',(0.0902438006880839,0.0521022826199602,-0.0144312426515093));
#4578=CARTESIAN_POINT('',(0.045121900344042,0.0781534239299403,-0.014295528365795));
#4579=CARTESIAN_POINT('',(6.38068936388051E-18,0.10420456523992,-0.0141598140800807));
#4580=CARTESIAN_POINT('',(-0.045121900344042,0.0781534239299403,-0.0140240997943664));
#4581=CARTESIAN_POINT('',(-0.0902438006880839,0.0521022826199602,-0.0138883855086521));
#4582=CARTESIAN_POINT('',(-0.0902438006880839,1.10516781655554E-17,-0.0137526712229378));
#4583=CARTESIAN_POINT('',(-0.0902438006880839,-0.0521022826199602,-0.0136169569372235));
#4584=CARTESIAN_POINT('',(-0.045121900344042,-0.0781534239299403,-0.0134812426515093));
#4585=CARTESIAN_POINT('',(-1.91420680916415E-17,-0.10420456523992,-0.013345528365795));
#4586=CARTESIAN_POINT('',(0.0451219003440419,-0.0781534239299404,-0.0132098140800807));
#4587=CARTESIAN_POINT('',(0.0902438006880839,-0.0521022826199602,-0.0130740997943664));
#4588=CARTESIAN_POINT('',(0.0902438006880839,0.,-0.0129383855086521));
#4589=CARTESIAN_POINT('',(0.0902438006880839,0.0521022826199602,-0.0128026712229378));
#4590=CARTESIAN_POINT('',(0.045121900344042,0.0781534239299403,-0.0126669569372235));
#4591=CARTESIAN_POINT('',(6.38068936388051E-18,0.10420456523992,-0.0125312426515093));
#4592=CARTESIAN_POINT('',(-0.045121900344042,0.0781534239299403,-0.012395528365795));
#4593=CARTESIAN_POINT('',(-0.0902438006880839,0.0521022826199602,-0.0122598140800807));
#4594=CARTESIAN_POINT('',(-0.0902438006880839,1.10516781655554E-17,-0.0121240997943664));
#4595=CARTESIAN_POINT('',(-0.0902438006880839,-0.0521022826199602,-0.0119883855086521));
#4596=CARTESIAN_POINT('',(-0.045121900344042,-0.0781534239299403,-0.0118526712229378));
#4597=CARTESIAN_POINT('',(-1.91420680916415E-17,-0.10420456523992,-0.0117169569372235));
#4598=CARTESIAN_POINT('',(0.0451219003440419,-0.0781534239299404,-0.0115812426515093));
#4599=CARTESIAN_POINT('',(0.0902438006880839,-0.0521022826199602,-0.011445528365795));
#4600=CARTESIAN_POINT('',(0.0902438006880839,0.,-0.0113098140800807));
#4601=CARTESIAN_POINT('',(0.0902438006880839,0.0521022826199602,-0.0111740997943664));
#4602=CARTESIAN_POINT('',(0.045121900344042,0.0781534239299403,-0.0110383855086521));
#4603=CARTESIAN_POINT('',(6.38068936388051E-18,0.10420456523992,-0.0109026712229378));
#4604=CARTESIAN_POINT('',(-0.045121900344042,0.0781534239299403,-0.0107669569372235));
#4605=CARTESIAN_POINT('',(-0.0902438006880839,0.0521022826199602,-0.0106312426515093));
#4606=CARTESIAN_POINT('',(-0.0902438006880839,1.10516781655554E-17,-0.010495528365795));
#4607=CARTESIAN_POINT('',(-0.0902438006880839,-0.0521022826199602,-0.0103598140800807));
#4608=CARTESIAN_POINT('',(-0.045121900344042,-0.0781534239299403,-0.0102240997943664));
#4609=CARTESIAN_POINT('',(-1.91420680916415E-17,-0.10420456523992,-0.0100883855086521));
#4610=CARTESIAN_POINT('',(0.0451219003440419,-0.0781534239299404,-0.00995267122293783));
#4611=CARTESIAN_POINT('',(0.0902438006880839,-0.0521022826199602,-0.00981695693722355));
#4612=CARTESIAN_POINT('',(0.0902438006880839,0.,-0.00968124265150926));
#4613=CARTESIAN_POINT('',(0.0902438006880839,0.0521022826199602,-0.00954552836579498));
#4614=CARTESIAN_POINT('',(0.045121900344042,0.0781534239299403,-0.00940981408008069));
#4615=CARTESIAN_POINT('',(6.38068936388051E-18,0.10420456523992,-0.00927409979436639));
#4616=CARTESIAN_POINT('',(-0.045121900344042,0.0781534239299403,-0.00913838550865212));
#4617=CARTESIAN_POINT('',(-0.0902438006880839,0.0521022826199602,-0.00900267122293783));
#4618=CARTESIAN_POINT('',(-0.0902438006880839,1.10516781655554E-17,-0.00886695693722355));
#4619=CARTESIAN_POINT('',(-0.0902438006880839,-0.0521022826199602,-0.00873124265150926));
#4620=CARTESIAN_POINT('',(-0.045121900344042,-0.0781534239299403,-0.00859552836579497));
#4621=CARTESIAN_POINT('',(-1.91420680916415E-17,-0.10420456523992,-0.00845981408008069));
#4622=CARTESIAN_POINT('',(0.0451219003440419,-0.0781534239299404,-0.0083240997943664));
#4623=CARTESIAN_POINT('',(0.0902438006880839,-0.0521022826199602,-0.00818838550865212));
#4624=CARTESIAN_POINT('',(0.0902438006880839,0.,-0.00805267122293783));
#4625=CARTESIAN_POINT('',(0.0902438006880839,0.0521022826199602,-0.00791695693722355));
#4626=CARTESIAN_POINT('',(0.045121900344042,0.0781534239299403,-0.00778124265150926));
#4627=CARTESIAN_POINT('',(6.38068936388051E-18,0.10420456523992,-0.00764552836579497));
#4628=CARTESIAN_POINT('',(-0.045121900344042,0.0781534239299403,-0.00750981408008069));
#4629=CARTESIAN_POINT('',(-0.0902438006880839,0.0521022826199602,-0.0073740997943664));
#4630=CARTESIAN_POINT('',(-0.0902438006880839,1.10516781655554E-17,-0.00723838550865212));
#4631=CARTESIAN_POINT('',(-0.0902438006880839,-0.0521022826199602,-0.00710267122293783));
#4632=CARTESIAN_POINT('',(-0.045121900344042,-0.0781534239299403,-0.00696695693722355));
#4633=CARTESIAN_POINT('',(-1.91420680916415E-17,-0.10420456523992,-0.00683124265150926));
#4634=CARTESIAN_POINT('',(0.0451219003440419,-0.0781534239299404,-0.00669552836579498));
#4635=CARTESIAN_POINT('',(0.0902438006880839,-0.0521022826199602,-0.00655981408008069));
#4636=CARTESIAN_POINT('',(0.0902438006880839,0.,-0.0064240997943664));
#4637=CARTESIAN_POINT('',(0.0902438006880839,0.0521022826199602,-0.00628838550865211));
#4638=CARTESIAN_POINT('',(0.045121900344042,0.0781534239299403,-0.00615267122293783));
#4639=CARTESIAN_POINT('',(6.38068936388051E-18,0.10420456523992,-0.00601695693722354));
#4640=CARTESIAN_POINT('',(-0.045121900344042,0.0781534239299403,-0.00588124265150926));
#4641=CARTESIAN_POINT('',(-0.0902438006880839,0.0521022826199602,-0.00574552836579497));
#4642=CARTESIAN_POINT('',(-0.0902438006880839,1.10516781655554E-17,-0.00560981408008069));
#4643=CARTESIAN_POINT('',(-0.0902438006880839,-0.0521022826199602,-0.0054740997943664));
#4644=CARTESIAN_POINT('',(-0.045121900344042,-0.0781534239299403,-0.00533838550865212));
#4645=CARTESIAN_POINT('',(-1.91420680916415E-17,-0.10420456523992,-0.00520267122293784));
#4646=CARTESIAN_POINT('',(0.0451219003440419,-0.0781534239299404,-0.00506695693722355));
#4647=CARTESIAN_POINT('',(0.0902438006880839,-0.0521022826199602,-0.00493124265150926));
#4648=CARTESIAN_POINT('',(0.0902438006880839,0.,-0.00479552836579497));
#4649=CARTESIAN_POINT('',(0.0902438006880839,0.0521022826199602,-0.00465981408008069));
#4650=CARTESIAN_POINT('',(0.045121900344042,0.0781534239299403,-0.0045240997943664));
#4651=CARTESIAN_POINT('',(6.38068936388051E-18,0.10420456523992,-0.00438838550865212));
#4652=CARTESIAN_POINT('',(-0.045121900344042,0.0781534239299403,-0.00425267122293783));
#4653=CARTESIAN_POINT('',(-0.0902438006880839,0.0521022826199602,-0.00411695693722354));
#4654=CARTESIAN_POINT('',(-0.0902438006880839,1.10516781655554E-17,-0.00398124265150926));
#4655=CARTESIAN_POINT('',(-0.0902438006880839,-0.0521022826199602,-0.00384552836579497));
#4656=CARTESIAN_POINT('',(-0.045121900344042,-0.0781534239299403,-0.00370981408008069));
#4657=CARTESIAN_POINT('',(-1.91420680916415E-17,-0.10420456523992,-0.0035740997943664));
#4658=CARTESIAN_POINT('',(0.0451219003440419,-0.0781534239299404,-0.00343838550865212));
#4659=CARTESIAN_POINT('',(0.0902438006880839,-0.0521022826199602,-0.00330267122293783));
#4660=CARTESIAN_POINT('',(0.0902438006880839,0.,-0.00316695693722355));
#4661=CARTESIAN_POINT('',(0.0902438006880839,0.0521022826199602,-0.00303124265150926));
#4662=CARTESIAN_POINT('',(0.045121900344042,0.0781534239299403,-0.00289552836579498));
#4663=CARTESIAN_POINT('',(6.38068936388051E-18,0.10420456523992,-0.00275981408008068));
#4664=CARTESIAN_POINT('',(-0.045121900344042,0.0781534239299403,-0.0026240997943664));
#4665=CARTESIAN_POINT('',(-0.0902438006880839,0.0521022826199602,-0.00248838550865212));
#4666=CARTESIAN_POINT('',(-0.0902438006880839,1.10516781655554E-17,-0.00235267122293783));
#4667=CARTESIAN_POINT('',(-0.0902438006880839,-0.0521022826199602,-0.00221695693722355));
#4668=CARTESIAN_POINT('',(-0.045121900344042,-0.0781534239299403,-0.00208124265150926));
#4669=CARTESIAN_POINT('',(-1.91420680916415E-17,-0.10420456523992,-0.00194552836579497));
#4670=CARTESIAN_POINT('',(0.0451219003440419,-0.0781534239299404,-0.00180981408008069));
#4671=CARTESIAN_POINT('',(0.0902438006880839,-0.0521022826199602,-0.0016740997943664));
#4672=CARTESIAN_POINT('',(0.0902438006880839,0.,-0.00153838550865212));
#4673=CARTESIAN_POINT('',(0.0902438006880839,0.0521022826199602,-0.00140267122293783));
#4674=CARTESIAN_POINT('',(0.045121900344042,0.0781534239299403,-0.00126695693722354));
#4675=CARTESIAN_POINT('',(6.38068936388051E-18,0.10420456523992,-0.00113124265150926));
#4676=CARTESIAN_POINT('',(-0.045121900344042,0.0781534239299403,-0.000995528365794973));
#4677=CARTESIAN_POINT('',(-0.0902438006880839,0.0521022826199602,-0.000859814080080688));
#4678=CARTESIAN_POINT('',(-0.0902438006880839,1.10516781655554E-17,-0.000724099794366403));
#4679=CARTESIAN_POINT('',(-0.0902438006880839,-0.0521022826199602,-0.000588385508652117));
#4680=CARTESIAN_POINT('',(-0.045121900344042,-0.0781534239299403,-0.00045267122293783));
#4681=CARTESIAN_POINT('',(-1.91420680916415E-17,-0.10420456523992,-0.000316956937223545));
#4682=CARTESIAN_POINT('',(0.0451219003440419,-0.0781534239299404,-0.000181242651509261));
#4683=CARTESIAN_POINT('',(0.0902438006880839,-0.0521022826199602,-4.55283657949737E-5));
#4684=CARTESIAN_POINT('',(0.0902438006880839,0.,9.01859199193104E-5));
#4685=CARTESIAN_POINT('',(0.0902438006880839,0.0521022826199602,0.000225900205633598));
#4686=CARTESIAN_POINT('',(0.045121900344042,0.0781534239299403,0.000361614491347882));
#4687=CARTESIAN_POINT('',(6.38068936388051E-18,0.10420456523992,0.00049732877706217));
#4688=CARTESIAN_POINT('',(-0.045121900344042,0.0781534239299403,0.000633043062776454));
#4689=CARTESIAN_POINT('',(-0.0902438006880839,0.0521022826199602,0.000768757348490741));
#4690=CARTESIAN_POINT('',(-0.0902438006880839,1.10516781655554E-17,0.000904471634205026));
#4691=CARTESIAN_POINT('',(-0.0902438006880839,-0.0521022826199602,0.00104018591991931));
#4692=CARTESIAN_POINT('',(-0.045121900344042,-0.0781534239299403,0.0011759002056336));
#4693=CARTESIAN_POINT('',(-1.91420680916415E-17,-0.10420456523992,0.00131161449134788));
#4694=CARTESIAN_POINT('',(0.0451219003440419,-0.0781534239299404,0.00144732877706217));
#4695=CARTESIAN_POINT('',(0.0902438006880839,-0.0521022826199602,0.00158304306277645));
#4696=CARTESIAN_POINT('',(0.0902438006880839,0.,0.00171875734849074));
#4697=CARTESIAN_POINT('',(0.0902438006880839,0.0521022826199602,0.00185447163420502));
#4698=CARTESIAN_POINT('',(0.045121900344042,0.0781534239299403,0.00199018591991931));
#4699=CARTESIAN_POINT('',(6.38068936388051E-18,0.10420456523992,0.00212590020563359));
#4700=CARTESIAN_POINT('',(-0.045121900344042,0.0781534239299403,0.00226161449134789));
#4701=CARTESIAN_POINT('',(-0.0902438006880839,0.0521022826199602,0.00239732877706217));
#4702=CARTESIAN_POINT('',(-0.0902438006880839,1.10516781655554E-17,0.00253304306277646));
#4703=CARTESIAN_POINT('',(-0.0902438006880839,-0.0521022826199602,0.00266875734849074));
#4704=CARTESIAN_POINT('',(-0.045121900344042,-0.0781534239299403,0.00280447163420502));
#4705=CARTESIAN_POINT('',(-1.91420680916415E-17,-0.10420456523992,0.00294018591991931));
#4706=CARTESIAN_POINT('',(0.0451219003440419,-0.0781534239299404,0.0030759002056336));
#4707=CARTESIAN_POINT('',(0.0902438006880839,-0.0521022826199602,0.00321161449134788));
#4708=CARTESIAN_POINT('',(0.0902438006880839,0.,0.00334732877706217));
#4709=CARTESIAN_POINT('',(0.0902438006880839,0.0521022826199602,0.00348304306277646));
#4710=CARTESIAN_POINT('',(0.045121900344042,0.0781534239299403,0.00361875734849074));
#4711=CARTESIAN_POINT('',(6.38068936388051E-18,0.10420456523992,0.00375447163420503));
#4712=CARTESIAN_POINT('',(-0.045121900344042,0.0781534239299403,0.00389018591991931));
#4713=CARTESIAN_POINT('',(-0.0902438006880839,0.0521022826199602,0.0040259002056336));
#4714=CARTESIAN_POINT('',(-0.0902438006880839,1.10516781655554E-17,0.00416161449134789));
#4715=CARTESIAN_POINT('',(-0.0902438006880839,-0.0521022826199602,0.00429732877706216));
#4716=CARTESIAN_POINT('',(-0.045121900344042,-0.0781534239299403,0.00443304306277646));
#4717=CARTESIAN_POINT('',(-1.91420680916415E-17,-0.10420456523992,0.00456875734849074));
#4718=CARTESIAN_POINT('',(0.0451219003440419,-0.0781534239299404,0.00470447163420503));
#4719=CARTESIAN_POINT('',(0.0902438006880839,-0.0521022826199602,0.00484018591991931));
#4720=CARTESIAN_POINT('',(0.0902438006880839,0.,0.0049759002056336));
#4721=CARTESIAN_POINT('',(0.0902438006880839,0.0521022826199602,0.00511161449134788));
#4722=CARTESIAN_POINT('',(0.045121900344042,0.0781534239299403,0.00524732877706217));
#4723=CARTESIAN_POINT('',(6.38068936388051E-18,0.10420456523992,0.00538304306277645));
#4724=CARTESIAN_POINT('',(-0.045121900344042,0.0781534239299403,0.00551875734849074));
#4725=CARTESIAN_POINT('',(-0.0902438006880839,0.0521022826199602,0.00565447163420502));
#4726=CARTESIAN_POINT('',(-0.0902438006880839,1.10516781655554E-17,0.00579018591991931));
#4727=CARTESIAN_POINT('',(-0.0902438006880839,-0.0521022826199602,0.0059259002056336));
#4728=CARTESIAN_POINT('',(-0.045121900344042,-0.0781534239299403,0.00606161449134788));
#4729=CARTESIAN_POINT('',(-1.91420680916415E-17,-0.10420456523992,0.00619732877706217));
#4730=CARTESIAN_POINT('',(0.0451219003440419,-0.0781534239299404,0.00633304306277645));
#4731=CARTESIAN_POINT('',(0.0902438006880839,-0.0521022826199602,0.00646875734849074));
#4732=CARTESIAN_POINT('',(0.0902438006880839,0.,0.00660447163420503));
#4733=CARTESIAN_POINT('',(0.0902438006880839,0.0521022826199602,0.00674018591991931));
#4734=CARTESIAN_POINT('',(0.045121900344042,0.0781534239299403,0.0068759002056336));
#4735=CARTESIAN_POINT('',(6.38068936388051E-18,0.10420456523992,0.00701161449134788));
#4736=CARTESIAN_POINT('',(-0.045121900344042,0.0781534239299403,0.00714732877706217));
#4737=CARTESIAN_POINT('',(-0.0902438006880839,0.0521022826199602,0.00728304306277645));
#4738=CARTESIAN_POINT('',(-0.0902438006880839,1.10516781655554E-17,0.00741875734849074));
#4739=CARTESIAN_POINT('',(-0.0902438006880839,-0.0521022826199602,0.00755447163420503));
#4740=CARTESIAN_POINT('',(-0.045121900344042,-0.0781534239299403,0.00769018591991931));
#4741=CARTESIAN_POINT('',(-1.91420680916415E-17,-0.10420456523992,0.0078259002056336));
#4742=CARTESIAN_POINT('',(0.0451219003440419,-0.0781534239299404,0.00796161449134789));
#4743=CARTESIAN_POINT('',(0.0902438006880839,-0.0521022826199602,0.00809732877706217));
#4744=CARTESIAN_POINT('',(0.0902438006880839,0.,0.00823304306277646));
#4745=CARTESIAN_POINT('',(0.0902438006880839,0.0521022826199602,0.00836875734849074));
#4746=CARTESIAN_POINT('',(0.045121900344042,0.0781534239299403,0.00850447163420503));
#4747=CARTESIAN_POINT('',(6.38068936388051E-18,0.10420456523992,0.00864018591991932));
#4748=CARTESIAN_POINT('',(-0.045121900344042,0.0781534239299403,0.0087759002056336));
#4749=CARTESIAN_POINT('',(-0.0902438006880839,0.0521022826199602,0.00891161449134789));
#4750=CARTESIAN_POINT('',(-0.0902438006880839,1.10516781655554E-17,0.00904732877706217));
#4751=CARTESIAN_POINT('',(-0.0902438006880839,-0.0521022826199602,0.00918304306277645));
#4752=CARTESIAN_POINT('',(-0.045121900344042,-0.0781534239299403,0.00931875734849074));
#4753=CARTESIAN_POINT('',(-1.91420680916415E-17,-0.10420456523992,0.00945447163420502));
#4754=CARTESIAN_POINT('',(0.0451219003440419,-0.0781534239299404,0.00959018591991931));
#4755=CARTESIAN_POINT('',(0.0902438006880839,-0.0521022826199602,0.00972590020563359));
#4756=CARTESIAN_POINT('',(0.0902438006880839,0.,0.00986161449134788));
#4757=CARTESIAN_POINT('',(0.0902438006880839,0.0521022826199602,0.00999732877706216));
#4758=CARTESIAN_POINT('',(0.045121900344042,0.0781534239299403,0.0101330430627765));
#4759=CARTESIAN_POINT('',(6.38068936388051E-18,0.10420456523992,0.0102687573484907));
#4760=CARTESIAN_POINT('',(-0.045121900344042,0.0781534239299403,0.010404471634205));
#4761=CARTESIAN_POINT('',(-0.0902438006880839,0.0521022826199602,0.0105401859199193));
#4762=CARTESIAN_POINT('',(-0.0902438006880839,1.10516781655554E-17,0.0106759002056336));
#4763=CARTESIAN_POINT('',(-0.0902438006880839,-0.0521022826199602,0.0108116144913479));
#4764=CARTESIAN_POINT('',(-0.045121900344042,-0.0781534239299403,0.0109473287770622));
#4765=CARTESIAN_POINT('',(-1.91420680916415E-17,-0.10420456523992,0.0110830430627764));
#4766=CARTESIAN_POINT('',(0.0451219003440419,-0.0781534239299404,0.0112187573484907));
#4767=CARTESIAN_POINT('',(0.0902438006880839,-0.0521022826199602,0.011354471634205));
#4768=CARTESIAN_POINT('',(0.0902438006880839,0.,0.0114901859199193));
#4769=CARTESIAN_POINT('',(0.0902438006880839,0.0521022826199602,0.0116259002056336));
#4770=CARTESIAN_POINT('',(0.045121900344042,0.0781534239299403,0.0117616144913479));
#4771=CARTESIAN_POINT('',(6.38068936388051E-18,0.10420456523992,0.0118973287770622));
#4772=CARTESIAN_POINT('',(-0.045121900344042,0.0781534239299403,0.0120330430627765));
#4773=CARTESIAN_POINT('',(-0.0902438006880839,0.0521022826199602,0.0121687573484907));
#4774=CARTESIAN_POINT('',(-0.0902438006880839,1.10516781655554E-17,0.012304471634205));
#4775=CARTESIAN_POINT('',(-0.0902438006880839,-0.0521022826199602,0.0124401859199193));
#4776=CARTESIAN_POINT('',(-0.045121900344042,-0.0781534239299403,0.0125759002056336));
#4777=CARTESIAN_POINT('',(-1.91420680916415E-17,-0.10420456523992,0.0127116144913479));
#4778=CARTESIAN_POINT('',(0.0451219003440419,-0.0781534239299404,0.0128473287770622));
#4779=CARTESIAN_POINT('',(0.0902438006880839,-0.0521022826199602,0.0129830430627764));
#4780=CARTESIAN_POINT('',(0.0902438006880839,0.,0.0131187573484907));
#4781=CARTESIAN_POINT('',(0.0902438006880839,0.0521022826199602,0.013254471634205));
#4782=CARTESIAN_POINT('',(0.045121900344042,0.0781534239299403,0.0133901859199193));
#4783=CARTESIAN_POINT('',(6.38068936388051E-18,0.10420456523992,0.0135259002056336));
#4784=CARTESIAN_POINT('',(-0.045121900344042,0.0781534239299403,0.0136616144913479));
#4785=CARTESIAN_POINT('',(-0.0902438006880839,0.0521022826199602,0.0137973287770622));
#4786=CARTESIAN_POINT('',(-0.0902438006880839,1.10516781655554E-17,0.0139330430627765));
#4787=CARTESIAN_POINT('',(-0.0902438006880839,-0.0521022826199602,0.0140687573484907));
#4788=CARTESIAN_POINT('',(-0.045121900344042,-0.0781534239299403,0.014204471634205));
#4789=CARTESIAN_POINT('',(-1.91420680916415E-17,-0.10420456523992,0.0143401859199193));
#4790=CARTESIAN_POINT('',(0.0451219003440419,-0.0781534239299404,0.0144759002056336));
#4791=CARTESIAN_POINT('',(0.0902438006880839,-0.0521022826199602,0.0146116144913479));
#4792=CARTESIAN_POINT('',(0.0902438006880839,0.,0.0147473287770622));
#4793=CARTESIAN_POINT('',(0.0902438006880839,0.0521022826199602,0.0148830430627764));
#4794=CARTESIAN_POINT('',(0.045121900344042,0.0781534239299403,0.0150187573484907));
#4795=CARTESIAN_POINT('',(6.38068936388051E-18,0.10420456523992,0.015154471634205));
#4796=CARTESIAN_POINT('',(-0.045121900344042,0.0781534239299403,0.0152901859199193));
#4797=CARTESIAN_POINT('',(-0.0902438006880839,0.0521022826199602,0.0154259002056336));
#4798=CARTESIAN_POINT('',(-0.0902438006880839,1.10516781655554E-17,0.0155616144913479));
#4799=CARTESIAN_POINT('',(-0.0902438006880839,-0.0521022826199602,0.0156973287770622));
#4800=CARTESIAN_POINT('',(-0.045121900344042,-0.0781534239299403,0.0158330430627764));
#4801=CARTESIAN_POINT('',(-1.91420680916415E-17,-0.10420456523992,0.0159687573484907));
#4802=CARTESIAN_POINT('',(0.0451219003440419,-0.0781534239299404,0.016104471634205));
#4803=CARTESIAN_POINT('',(0.0902438006880839,-0.0521022826199602,0.0162401859199193));
#4804=CARTESIAN_POINT('',(0.0902438006880839,0.,0.0163759002056336));
#4805=CARTESIAN_POINT('',(0.0902438006880839,0.0521022826199602,0.0165116144913479));
#4806=CARTESIAN_POINT('',(0.045121900344042,0.0781534239299403,0.0166473287770622));
#4807=CARTESIAN_POINT('',(6.38068936388051E-18,0.10420456523992,0.0167830430627764));
#4808=CARTESIAN_POINT('',(-0.045121900344042,0.0781534239299403,0.0169187573484907));
#4809=CARTESIAN_POINT('',(-0.0902438006880839,0.0521022826199602,0.017054471634205));
#4810=CARTESIAN_POINT('',(-0.0902438006880839,1.10516781655554E-17,0.0171901859199193));
#4811=CARTESIAN_POINT('',(-0.0902438006880839,-0.0521022826199602,0.0173259002056336));
#4812=CARTESIAN_POINT('',(-0.045121900344042,-0.0781534239299403,0.0174616144913479));
#4813=CARTESIAN_POINT('',(-1.91420680916415E-17,-0.10420456523992,0.0175973287770622));
#4814=CARTESIAN_POINT('',(0.0451219003440419,-0.0781534239299404,0.0177330430627764));
#4815=CARTESIAN_POINT('',(0.0902438006880839,-0.0521022826199602,0.0178687573484907));
#4816=CARTESIAN_POINT('',(0.0902438006880839,0.,0.0180044716342051));
#4817=CARTESIAN_POINT('',(0.0902438006880839,0.0521022826199602,0.0181401859199193));
#4818=CARTESIAN_POINT('',(0.045121900344042,0.0781534239299403,0.0182759002056336));
#4819=CARTESIAN_POINT('',(6.38068936388051E-18,0.10420456523992,0.0184116144913479));
#4820=CARTESIAN_POINT('',(-0.045121900344042,0.0781534239299403,0.0185473287770621));
#4821=CARTESIAN_POINT('',(-0.0902438006880839,0.0521022826199602,0.0186830430627765));
#4822=CARTESIAN_POINT('',(-0.0902438006880839,1.10516781655554E-17,0.0188187573484907));
#4823=CARTESIAN_POINT('',(-0.0902438006880839,-0.0521022826199602,0.018954471634205));
#4824=CARTESIAN_POINT('',(-0.045121900344042,-0.0781534239299403,0.0190901859199193));
#4825=CARTESIAN_POINT('',(-1.91420680916415E-17,-0.10420456523992,0.0192259002056336));
#4826=CARTESIAN_POINT('',(0.0451219003440419,-0.0781534239299404,0.0193616144913479));
#4827=CARTESIAN_POINT('',(0.0902438006880839,-0.0521022826199602,0.0194973287770621));
#4828=CARTESIAN_POINT('',(0.0902438006880839,0.,0.0196330430627765));
#4829=CARTESIAN_POINT('',(0.0902438006880839,0.0521022826199602,0.0197687573484908));
#4830=CARTESIAN_POINT('',(0.045121900344042,0.0781534239299403,0.019904471634205));
#4831=CARTESIAN_POINT('',(6.38068936388051E-18,0.10420456523992,0.0200401859199193));
#4832=CARTESIAN_POINT('',(-0.045121900344042,0.0781534239299403,0.0201759002056336));
#4833=CARTESIAN_POINT('',(-0.0902438006880839,0.0521022826199602,0.0203116144913479));
#4834=CARTESIAN_POINT('',(-0.0902438006880839,1.10516781655554E-17,0.0204473287770621));
#4835=CARTESIAN_POINT('',(-0.0902438006880839,-0.0521022826199602,0.0205830430627764));
#4836=CARTESIAN_POINT('',(-0.045121900344042,-0.0781534239299403,0.0207187573484908));
#4837=CARTESIAN_POINT('',(-1.91420680916415E-17,-0.10420456523992,0.020854471634205));
#4838=CARTESIAN_POINT('',(0.0451219003440419,-0.0781534239299404,0.0209901859199193));
#4839=CARTESIAN_POINT('',(0.0902438006880839,-0.0521022826199602,0.0211259002056336));
#4840=CARTESIAN_POINT('',(0.0902438006880839,0.,0.0212616144913479));
#4841=CARTESIAN_POINT('',(0.0902438006880839,0.0521022826199602,0.0213973287770622));
#4842=CARTESIAN_POINT('',(0.045121900344042,0.0781534239299403,0.0215330430627765));
#4843=CARTESIAN_POINT('',(6.38068936388051E-18,0.10420456523992,0.0216687573484907));
#4844=CARTESIAN_POINT('',(-0.045121900344042,0.0781534239299403,0.021804471634205));
#4845=CARTESIAN_POINT('',(-0.0902438006880839,0.0521022826199602,0.0219401859199193));
#4846=CARTESIAN_POINT('',(-0.0902438006880839,1.10516781655554E-17,0.0220759002056336));
#4847=CARTESIAN_POINT('',(-0.0902438006880839,-0.0521022826199602,0.0222116144913479));
#4848=CARTESIAN_POINT('',(-0.045121900344042,-0.0781534239299403,0.0223473287770621));
#4849=CARTESIAN_POINT('',(-1.91420680916415E-17,-0.10420456523992,0.0224830430627764));
#4850=CARTESIAN_POINT('',(0.0451219003440419,-0.0781534239299404,0.0226187573484907));
#4851=CARTESIAN_POINT('',(0.0902438006880839,-0.0521022826199602,0.022754471634205));
#4852=CARTESIAN_POINT('',(0.0902438006880839,0.,0.0228901859199193));
#4853=CARTESIAN_POINT('',(0.0902438006880839,0.0521022826199602,0.0230259002056336));
#4854=CARTESIAN_POINT('',(0.045121900344042,0.0781534239299403,0.0231616144913479));
#4855=CARTESIAN_POINT('',(6.38068936388051E-18,0.10420456523992,0.0232973287770622));
#4856=CARTESIAN_POINT('',(-0.045121900344042,0.0781534239299403,0.0234330430627765));
#4857=CARTESIAN_POINT('',(-0.0902438006880839,0.0521022826199602,0.0235687573484907));
#4858=CARTESIAN_POINT('',(-0.0902438006880839,1.10516781655554E-17,0.023704471634205));
#4859=CARTESIAN_POINT('',(-0.0902438006880839,-0.0521022826199602,0.0238401859199193));
#4860=CARTESIAN_POINT('',(-0.045121900344042,-0.0781534239299403,0.0239759002056336));
#4861=CARTESIAN_POINT('',(-1.91420680916415E-17,-0.10420456523992,0.0241116144913479));
#4862=CARTESIAN_POINT('',(0.0451219003440419,-0.0781534239299404,0.0242473287770622));
#4863=CARTESIAN_POINT('',(0.0902438006880839,-0.0521022826199602,0.0243830430627765));
#4864=CARTESIAN_POINT('',(0.0902438006880839,0.,0.0245187573484907));
#4865=CARTESIAN_POINT('',(0.0902438006880839,0.0521022826199602,0.024654471634205));
#4866=CARTESIAN_POINT('',(0.045121900344042,0.0781534239299403,0.0247901859199193));
#4867=CARTESIAN_POINT('',(6.38068936388051E-18,0.10420456523992,0.0249259002056336));
#4868=CARTESIAN_POINT('',(-0.045121900344042,0.0781534239299403,0.0250616144913479));
#4869=CARTESIAN_POINT('',(-0.0902438006880839,0.0521022826199602,0.0251973287770622));
#4870=CARTESIAN_POINT('',(-0.0902438006880839,1.10516781655554E-17,0.0253330430627765));
#4871=CARTESIAN_POINT('',(-0.0902438006880839,-0.0521022826199602,0.0254687573484908));
#4872=CARTESIAN_POINT('',(-0.045121900344042,-0.0781534239299403,0.025604471634205));
#4873=CARTESIAN_POINT('',(-1.91420680916415E-17,-0.10420456523992,0.0257401859199193));
#4874=CARTESIAN_POINT('',(0.0451219003440419,-0.0781534239299404,0.0258759002056336));
#4875=CARTESIAN_POINT('',(0.0902438006880839,-0.0521022826199602,0.0260116144913479));
#4876=CARTESIAN_POINT('',(0.0902438006880839,0.,0.0261473287770621));
#4877=CARTESIAN_POINT('',(0.0902438006880839,0.0521022826199602,0.0262830430627764));
#4878=CARTESIAN_POINT('',(0.045121900344042,0.0781534239299403,0.0264187573484908));
#4879=CARTESIAN_POINT('',(6.38068936388051E-18,0.10420456523992,0.026554471634205));
#4880=CARTESIAN_POINT('',(-0.045121900344042,0.0781534239299403,0.0266901859199193));
#4881=CARTESIAN_POINT('',(-0.0902438006880839,0.0521022826199602,0.0268259002056336));
#4882=CARTESIAN_POINT('',(-0.0902438006880839,1.10516781655554E-17,0.0269616144913479));
#4883=CARTESIAN_POINT('',(-0.0902438006880839,-0.0521022826199602,0.0270973287770622));
#4884=CARTESIAN_POINT('',(-0.045121900344042,-0.0781534239299403,0.0272330430627764));
#4885=CARTESIAN_POINT('',(-1.91420680916415E-17,-0.10420456523992,0.0273687573484907));
#4886=CARTESIAN_POINT('',(0.0451219003440419,-0.0781534239299404,0.027504471634205));
#4887=CARTESIAN_POINT('',(0.0902438006880839,-0.0521022826199602,0.0276401859199193));
#4888=CARTESIAN_POINT('',(0.0902438006880839,0.,0.0277759002056336));
#4889=CARTESIAN_POINT('',(0.0902438006880839,0.0521022826199602,0.0279116144913479));
#4890=CARTESIAN_POINT('',(0.045121900344042,0.0781534239299403,0.0280473287770621));
#4891=CARTESIAN_POINT('',(6.38068936388051E-18,0.10420456523992,0.0281830430627764));
#4892=CARTESIAN_POINT('',(-0.045121900344042,0.0781534239299403,0.0283187573484908));
#4893=CARTESIAN_POINT('',(-0.0902438006880839,0.0521022826199602,0.028454471634205));
#4894=CARTESIAN_POINT('',(-0.0902438006880839,1.10516781655554E-17,0.0285901859199193));
#4895=CARTESIAN_POINT('',(-0.0902438006880839,-0.0521022826199602,0.0287259002056336));
#4896=CARTESIAN_POINT('',(-0.045121900344042,-0.0781534239299403,0.0288616144913479));
#4897=CARTESIAN_POINT('',(-1.91420680916415E-17,-0.10420456523992,0.0289973287770622));
#4898=CARTESIAN_POINT('',(0.0451219003440419,-0.0781534239299404,0.0291330430627765));
#4899=CARTESIAN_POINT('',(0.0902438006880839,-0.0521022826199602,0.0292687573484907));
#4900=CARTESIAN_POINT('',(0.0902438006880839,0.,0.029404471634205));
#4901=CARTESIAN_POINT('',(0.0902438006880839,0.0521022826199602,0.0295401859199193));
#4902=CARTESIAN_POINT('',(0.045121900344042,0.0781534239299403,0.0296759002056336));
#4903=CARTESIAN_POINT('',(6.38068936388051E-18,0.10420456523992,0.0298116144913479));
#4904=CARTESIAN_POINT('',(-0.045121900344042,0.0781534239299403,0.0299473287770621));
#4905=CARTESIAN_POINT('',(-0.0902438006880839,0.0521022826199602,0.0300830430627765));
#4906=CARTESIAN_POINT('',(-0.0902438006880839,1.10516781655554E-17,0.0302187573484907));
#4907=CARTESIAN_POINT('',(-0.0902438006880839,-0.0521022826199602,0.030354471634205));
#4908=CARTESIAN_POINT('',(-0.045121900344042,-0.0781534239299403,0.0304901859199193));
#4909=CARTESIAN_POINT('',(-1.91420680916415E-17,-0.10420456523992,0.0306259002056336));
#4910=CARTESIAN_POINT('',(0.0451219003440419,-0.0781534239299404,0.0307616144913479));
#4911=CARTESIAN_POINT('',(0.0902438006880839,-0.0521022826199602,0.0308973287770622));
#4912=CARTESIAN_POINT('',(0.0902438006880839,0.,0.0310330430627765));
#4913=CARTESIAN_POINT('',(0.0902438006880839,0.0521022826199602,0.0311687573484908));
#4914=CARTESIAN_POINT('',(0.045121900344042,0.0781534239299403,0.031304471634205));
#4915=CARTESIAN_POINT('',(6.38068936388051E-18,0.10420456523992,0.0314401859199193));
#4916=CARTESIAN_POINT('',(-0.045121900344042,0.0781534239299403,0.0315759002056336));
#4917=CARTESIAN_POINT('',(-0.0902438006880839,0.0521022826199602,0.0317116144913479));
#4918=CARTESIAN_POINT('',(-0.0902438006880839,1.10516781655554E-17,0.0318473287770622));
#4919=CARTESIAN_POINT('',(-0.0902438006880839,-0.0521022826199602,0.0319830430627764));
#4920=CARTESIAN_POINT('',(-0.045121900344042,-0.0781534239299403,0.0321187573484908));
#4921=CARTESIAN_POINT('',(-1.91420680916415E-17,-0.10420456523992,0.032254471634205));
#4922=CARTESIAN_POINT('',(0.0451219003440419,-0.0781534239299404,0.0323901859199193));
#4923=CARTESIAN_POINT('',(0.0902438006880839,-0.0521022826199602,0.0325259002056336));
#4924=CARTESIAN_POINT('',(0.0902438006880839,0.,0.0326616144913479));
#4925=CARTESIAN_POINT('',(0.0902438006880839,0.0521022826199602,0.0327973287770622));
#4926=CARTESIAN_POINT('',(0.045121900344042,0.0781534239299403,0.0329330430627765));
#4927=CARTESIAN_POINT('',(6.38068936388051E-18,0.10420456523992,0.0330687573484907));
#4928=CARTESIAN_POINT('',(-0.045121900344042,0.0781534239299403,0.033204471634205));
#4929=CARTESIAN_POINT('',(-0.0902438006880839,0.0521022826199602,0.0333401859199193));
#4930=CARTESIAN_POINT('',(-0.0902438006880839,1.10516781655554E-17,0.0334759002056336));
#4931=CARTESIAN_POINT('',(-0.0902438006880839,-0.0521022826199602,0.0336116144913479));
#4932=CARTESIAN_POINT('',(-0.045121900344042,-0.0781534239299403,0.0337473287770622));
#4933=CARTESIAN_POINT('',(-1.91420680916415E-17,-0.10420456523992,0.0338830430627764));
#4934=CARTESIAN_POINT('',(0.0451219003440419,-0.0781534239299404,0.0340187573484908));
#4935=CARTESIAN_POINT('',(0.0902438006880839,-0.0521022826199602,0.034154471634205));
#4936=CARTESIAN_POINT('',(0.0902438006880839,0.,0.0342901859199193));
#4937=CARTESIAN_POINT('',(0.0902438006880839,0.0521022826199602,0.0344259002056336));
#4938=CARTESIAN_POINT('',(0.045121900344042,0.0781534239299403,0.0345616144913479));
#4939=CARTESIAN_POINT('',(6.38068936388051E-18,0.10420456523992,0.0346973287770622));
#4940=CARTESIAN_POINT('',(-0.045121900344042,0.0781534239299403,0.0348330430627765));
#4941=CARTESIAN_POINT('',(-0.0902438006880839,0.0521022826199602,0.0349687573484907));
#4942=CARTESIAN_POINT('',(-0.0902438006880839,1.10516781655554E-17,0.035104471634205));
#4943=CARTESIAN_POINT('',(-0.0902438006880839,-0.0521022826199602,0.0352401859199193));
#4944=CARTESIAN_POINT('',(-0.045121900344042,-0.0781534239299403,0.0353759002056336));
#4945=CARTESIAN_POINT('',(-1.91420680916415E-17,-0.10420456523992,0.0355116144913479));
#4946=CARTESIAN_POINT('',(0.0451219003440419,-0.0781534239299404,0.0356473287770621));
#4947=CARTESIAN_POINT('',(0.0902438006880839,-0.0521022826199602,0.0357830430627765));
#4948=CARTESIAN_POINT('',(0.0902438006880839,0.,0.0359187573484908));
#4949=CARTESIAN_POINT('',(0.0902438006880839,0.0521022826199602,0.036054471634205));
#4950=CARTESIAN_POINT('',(0.045121900344042,0.0781534239299403,0.0361901859199193));
#4951=CARTESIAN_POINT('',(6.38068936388051E-18,0.10420456523992,0.0363259002056336));
#4952=CARTESIAN_POINT('',(-0.045121900344042,0.0781534239299403,0.0364616144913479));
#4953=CARTESIAN_POINT('',(-0.0902438006880839,0.0521022826199602,0.0365973287770622));
#4954=CARTESIAN_POINT('',(-0.0902438006880839,1.10516781655554E-17,0.0367330430627765));
#4955=CARTESIAN_POINT('',(-0.0902438006880839,-0.0521022826199602,0.0368687573484908));
#4956=CARTESIAN_POINT('',(-0.045121900344042,-0.0781534239299403,0.037004471634205));
#4957=CARTESIAN_POINT('',(-1.91420680916415E-17,-0.10420456523992,0.0371401859199193));
#4958=CARTESIAN_POINT('',(0.0451219003440419,-0.0781534239299404,0.0372759002056336));
#4959=CARTESIAN_POINT('',(0.0902438006880839,-0.0521022826199602,0.0374116144913479));
#4960=CARTESIAN_POINT('',(0.0902438006880839,0.,0.0375473287770621));
#4961=CARTESIAN_POINT('',(0.0902438006880839,0.0521022826199602,0.0376830430627764));
#4962=CARTESIAN_POINT('',(0.045121900344042,0.0781534239299403,0.0378187573484908));
#4963=CARTESIAN_POINT('',(6.38068936388051E-18,0.10420456523992,0.037954471634205));
#4964=CARTESIAN_POINT('',(-0.045121900344042,0.0781534239299403,0.0380901859199193));
#4965=CARTESIAN_POINT('',(-0.0902438006880839,0.0521022826199602,0.0382259002056336));
#4966=CARTESIAN_POINT('',(-0.0902438006880839,1.10516781655554E-17,0.0383616144913479));
#4967=CARTESIAN_POINT('',(-0.0902438006880839,-0.0521022826199602,0.0384973287770621));
#4968=CARTESIAN_POINT('',(-0.045121900344042,-0.0781534239299403,0.0386330430627764));
#4969=CARTESIAN_POINT('',(-1.91420680916415E-17,-0.10420456523992,0.0387687573484907));
#4970=CARTESIAN_POINT('',(0.0451219003440419,-0.0781534239299404,0.038904471634205));
#4971=CARTESIAN_POINT('',(0.0902438006880839,-0.0521022826199602,0.0390401859199193));
#4972=CARTESIAN_POINT('',(0.0902438006880839,0.,0.0391759002056336));
#4973=CARTESIAN_POINT('',(0.0902438006880839,0.0521022826199602,0.0393116144913479));
#4974=CARTESIAN_POINT('',(0.045121900344042,0.0781534239299403,0.0394473287770621));
#4975=CARTESIAN_POINT('',(6.38068936388051E-18,0.10420456523992,0.0395830430627764));
#4976=CARTESIAN_POINT('',(-0.045121900344042,0.0781534239299403,0.0397187573484908));
#4977=CARTESIAN_POINT('',(-0.0902438006880839,0.0521022826199602,0.039854471634205));
#4978=CARTESIAN_POINT('',(-0.0902438006880839,1.10516781655554E-17,0.0399901859199193));
#4979=CARTESIAN_POINT('',(-0.0902438006880839,-0.0521022826199602,0.0401259002056336));
#4980=CARTESIAN_POINT('',(-0.045121900344042,-0.0781534239299403,0.0402616144913479));
#4981=CARTESIAN_POINT('',(-1.91420680916415E-17,-0.10420456523992,0.0403973287770622));
#4982=CARTESIAN_POINT('',(0.0451219003440419,-0.0781534239299404,0.0405330430627764));
#4983=CARTESIAN_POINT('',(0.0902438006880839,-0.0521022826199602,0.0406687573484907));
#4984=CARTESIAN_POINT('',(0.0902438006880839,0.,0.0408044716342051));
#4985=CARTESIAN_POINT('',(0.0906172277658359,0.,-0.016307334058696));
#4986=CARTESIAN_POINT('',(0.0906172277658359,0.052317880843823,-0.0161716197729817));
#4987=CARTESIAN_POINT('',(0.045308613882918,0.0784768212657345,-0.0160359054872674));
#4988=CARTESIAN_POINT('',(6.40709253135605E-18,0.104635761687646,-0.0159001912015531));
#4989=CARTESIAN_POINT('',(-0.045308613882918,0.0784768212657345,-0.0157644769158388));
#4990=CARTESIAN_POINT('',(-0.0906172277658359,0.0523178808438231,-0.0156287626301245));
#4991=CARTESIAN_POINT('',(-0.0906172277658359,1.10974097931038E-17,-0.0154930483444103));
#4992=CARTESIAN_POINT('',(-0.0906172277658359,-0.052317880843823,-0.015357334058696));
#4993=CARTESIAN_POINT('',(-0.045308613882918,-0.0784768212657345,-0.0152216197729817));
#4994=CARTESIAN_POINT('',(-1.92212775940681E-17,-0.104635761687646,-0.0150859054872674));
#4995=CARTESIAN_POINT('',(0.0453086138829179,-0.0784768212657345,-0.0149501912015531));
#4996=CARTESIAN_POINT('',(0.0906172277658359,-0.0523178808438231,-0.0148144769158388));
#4997=CARTESIAN_POINT('',(0.0906172277658359,0.,-0.0146787626301246));
#4998=CARTESIAN_POINT('',(0.0906172277658359,0.052317880843823,-0.0145430483444103));
#4999=CARTESIAN_POINT('',(0.045308613882918,0.0784768212657345,-0.014407334058696));
#5000=CARTESIAN_POINT('',(6.40709253135605E-18,0.104635761687646,-0.0142716197729817));
#5001=CARTESIAN_POINT('',(-0.045308613882918,0.0784768212657345,-0.0141359054872674));
#5002=CARTESIAN_POINT('',(-0.0906172277658359,0.0523178808438231,-0.0140001912015531));
#5003=CARTESIAN_POINT('',(-0.0906172277658359,1.10974097931038E-17,-0.0138644769158389));
#5004=CARTESIAN_POINT('',(-0.0906172277658359,-0.052317880843823,-0.0137287626301246));
#5005=CARTESIAN_POINT('',(-0.045308613882918,-0.0784768212657345,-0.0135930483444103));
#5006=CARTESIAN_POINT('',(-1.92212775940681E-17,-0.104635761687646,-0.013457334058696));
#5007=CARTESIAN_POINT('',(0.0453086138829179,-0.0784768212657345,-0.0133216197729817));
#5008=CARTESIAN_POINT('',(0.0906172277658359,-0.0523178808438231,-0.0131859054872674));
#5009=CARTESIAN_POINT('',(0.0906172277658359,0.,-0.0130501912015531));
#5010=CARTESIAN_POINT('',(0.0906172277658359,0.052317880843823,-0.0129144769158388));
#5011=CARTESIAN_POINT('',(0.045308613882918,0.0784768212657345,-0.0127787626301245));
#5012=CARTESIAN_POINT('',(6.40709253135605E-18,0.104635761687646,-0.0126430483444103));
#5013=CARTESIAN_POINT('',(-0.045308613882918,0.0784768212657345,-0.012507334058696));
#5014=CARTESIAN_POINT('',(-0.0906172277658359,0.0523178808438231,-0.0123716197729817));
#5015=CARTESIAN_POINT('',(-0.0906172277658359,1.10974097931038E-17,-0.0122359054872674));
#5016=CARTESIAN_POINT('',(-0.0906172277658359,-0.052317880843823,-0.0121001912015531));
#5017=CARTESIAN_POINT('',(-0.045308613882918,-0.0784768212657345,-0.0119644769158388));
#5018=CARTESIAN_POINT('',(-1.92212775940681E-17,-0.104635761687646,-0.0118287626301246));
#5019=CARTESIAN_POINT('',(0.0453086138829179,-0.0784768212657345,-0.0116930483444103));
#5020=CARTESIAN_POINT('',(0.0906172277658359,-0.0523178808438231,-0.011557334058696));
#5021=CARTESIAN_POINT('',(0.0906172277658359,0.,-0.0114216197729817));
#5022=CARTESIAN_POINT('',(0.0906172277658359,0.052317880843823,-0.0112859054872674));
#5023=CARTESIAN_POINT('',(0.045308613882918,0.0784768212657345,-0.0111501912015531));
#5024=CARTESIAN_POINT('',(6.40709253135605E-18,0.104635761687646,-0.0110144769158388));
#5025=CARTESIAN_POINT('',(-0.045308613882918,0.0784768212657345,-0.0108787626301246));
#5026=CARTESIAN_POINT('',(-0.0906172277658359,0.0523178808438231,-0.0107430483444103));
#5027=CARTESIAN_POINT('',(-0.0906172277658359,1.10974097931038E-17,-0.010607334058696));
#5028=CARTESIAN_POINT('',(-0.0906172277658359,-0.052317880843823,-0.0104716197729817));
#5029=CARTESIAN_POINT('',(-0.045308613882918,-0.0784768212657345,-0.0103359054872674));
#5030=CARTESIAN_POINT('',(-1.92212775940681E-17,-0.104635761687646,-0.0102001912015531));
#5031=CARTESIAN_POINT('',(0.0453086138829179,-0.0784768212657345,-0.0100644769158389));
#5032=CARTESIAN_POINT('',(0.0906172277658359,-0.0523178808438231,-0.00992876263012456));
#5033=CARTESIAN_POINT('',(0.0906172277658359,0.,-0.00979304834441028));
#5034=CARTESIAN_POINT('',(0.0906172277658359,0.052317880843823,-0.00965733405869599));
#5035=CARTESIAN_POINT('',(0.045308613882918,0.0784768212657345,-0.00952161977298171));
#5036=CARTESIAN_POINT('',(6.40709253135605E-18,0.104635761687646,-0.00938590548726741));
#5037=CARTESIAN_POINT('',(-0.045308613882918,0.0784768212657345,-0.00925019120155314));
#5038=CARTESIAN_POINT('',(-0.0906172277658359,0.0523178808438231,-0.00911447691583884));
#5039=CARTESIAN_POINT('',(-0.0906172277658359,1.10974097931038E-17,-0.00897876263012456));
#5040=CARTESIAN_POINT('',(-0.0906172277658359,-0.052317880843823,-0.00884304834441027));
#5041=CARTESIAN_POINT('',(-0.045308613882918,-0.0784768212657345,-0.00870733405869599));
#5042=CARTESIAN_POINT('',(-1.92212775940681E-17,-0.104635761687646,-0.00857161977298171));
#5043=CARTESIAN_POINT('',(0.0453086138829179,-0.0784768212657345,-0.00843590548726742));
#5044=CARTESIAN_POINT('',(0.0906172277658359,-0.0523178808438231,-0.00830019120155312));
#5045=CARTESIAN_POINT('',(0.0906172277658359,0.,-0.00816447691583885));
#5046=CARTESIAN_POINT('',(0.0906172277658359,0.052317880843823,-0.00802876263012456));
#5047=CARTESIAN_POINT('',(0.045308613882918,0.0784768212657345,-0.00789304834441028));
#5048=CARTESIAN_POINT('',(6.40709253135605E-18,0.104635761687646,-0.00775733405869599));
#5049=CARTESIAN_POINT('',(-0.045308613882918,0.0784768212657345,-0.00762161977298171));
#5050=CARTESIAN_POINT('',(-0.0906172277658359,0.0523178808438231,-0.00748590548726742));
#5051=CARTESIAN_POINT('',(-0.0906172277658359,1.10974097931038E-17,-0.00735019120155314));
#5052=CARTESIAN_POINT('',(-0.0906172277658359,-0.052317880843823,-0.00721447691583885));
#5053=CARTESIAN_POINT('',(-0.045308613882918,-0.0784768212657345,-0.00707876263012456));
#5054=CARTESIAN_POINT('',(-1.92212775940681E-17,-0.104635761687646,-0.00694304834441027));
#5055=CARTESIAN_POINT('',(0.0453086138829179,-0.0784768212657345,-0.00680733405869599));
#5056=CARTESIAN_POINT('',(0.0906172277658359,-0.0523178808438231,-0.0066716197729817));
#5057=CARTESIAN_POINT('',(0.0906172277658359,0.,-0.00653590548726742));
#5058=CARTESIAN_POINT('',(0.0906172277658359,0.052317880843823,-0.00640019120155313));
#5059=CARTESIAN_POINT('',(0.045308613882918,0.0784768212657345,-0.00626447691583885));
#5060=CARTESIAN_POINT('',(6.40709253135605E-18,0.104635761687646,-0.00612876263012456));
#5061=CARTESIAN_POINT('',(-0.045308613882918,0.0784768212657345,-0.00599304834441028));
#5062=CARTESIAN_POINT('',(-0.0906172277658359,0.0523178808438231,-0.00585733405869599));
#5063=CARTESIAN_POINT('',(-0.0906172277658359,1.10974097931038E-17,-0.00572161977298171));
#5064=CARTESIAN_POINT('',(-0.0906172277658359,-0.052317880843823,-0.00558590548726741));
#5065=CARTESIAN_POINT('',(-0.045308613882918,-0.0784768212657345,-0.00545019120155314));
#5066=CARTESIAN_POINT('',(-1.92212775940681E-17,-0.104635761687646,-0.00531447691583885));
#5067=CARTESIAN_POINT('',(0.0453086138829179,-0.0784768212657345,-0.00517876263012456));
#5068=CARTESIAN_POINT('',(0.0906172277658359,-0.0523178808438231,-0.00504304834441027));
#5069=CARTESIAN_POINT('',(0.0906172277658359,0.,-0.00490733405869599));
#5070=CARTESIAN_POINT('',(0.0906172277658359,0.052317880843823,-0.0047716197729817));
#5071=CARTESIAN_POINT('',(0.045308613882918,0.0784768212657345,-0.00463590548726742));
#5072=CARTESIAN_POINT('',(6.40709253135605E-18,0.104635761687646,-0.00450019120155313));
#5073=CARTESIAN_POINT('',(-0.045308613882918,0.0784768212657345,-0.00436447691583885));
#5074=CARTESIAN_POINT('',(-0.0906172277658359,0.0523178808438231,-0.00422876263012456));
#5075=CARTESIAN_POINT('',(-0.0906172277658359,1.10974097931038E-17,-0.00409304834441028));
#5076=CARTESIAN_POINT('',(-0.0906172277658359,-0.052317880843823,-0.00395733405869599));
#5077=CARTESIAN_POINT('',(-0.045308613882918,-0.0784768212657345,-0.00382161977298171));
#5078=CARTESIAN_POINT('',(-1.92212775940681E-17,-0.104635761687646,-0.00368590548726742));
#5079=CARTESIAN_POINT('',(0.0453086138829179,-0.0784768212657345,-0.00355019120155313));
#5080=CARTESIAN_POINT('',(0.0906172277658359,-0.0523178808438231,-0.00341447691583884));
#5081=CARTESIAN_POINT('',(0.0906172277658359,0.,-0.00327876263012456));
#5082=CARTESIAN_POINT('',(0.0906172277658359,0.052317880843823,-0.00314304834441027));
#5083=CARTESIAN_POINT('',(0.045308613882918,0.0784768212657345,-0.00300733405869599));
#5084=CARTESIAN_POINT('',(6.40709253135605E-18,0.104635761687646,-0.0028716197729817));
#5085=CARTESIAN_POINT('',(-0.045308613882918,0.0784768212657345,-0.00273590548726742));
#5086=CARTESIAN_POINT('',(-0.0906172277658359,0.0523178808438231,-0.00260019120155313));
#5087=CARTESIAN_POINT('',(-0.0906172277658359,1.10974097931038E-17,-0.00246447691583885));
#5088=CARTESIAN_POINT('',(-0.0906172277658359,-0.052317880843823,-0.00232876263012456));
#5089=CARTESIAN_POINT('',(-0.045308613882918,-0.0784768212657345,-0.00219304834441028));
#5090=CARTESIAN_POINT('',(-1.92212775940681E-17,-0.104635761687646,-0.00205733405869599));
#5091=CARTESIAN_POINT('',(0.0453086138829179,-0.0784768212657345,-0.00192161977298171));
#5092=CARTESIAN_POINT('',(0.0906172277658359,-0.0523178808438231,-0.00178590548726742));
#5093=CARTESIAN_POINT('',(0.0906172277658359,0.,-0.00165019120155313));
#5094=CARTESIAN_POINT('',(0.0906172277658359,0.052317880843823,-0.00151447691583884));
#5095=CARTESIAN_POINT('',(0.045308613882918,0.0784768212657345,-0.00137876263012456));
#5096=CARTESIAN_POINT('',(6.40709253135605E-18,0.104635761687646,-0.00124304834441027));
#5097=CARTESIAN_POINT('',(-0.045308613882918,0.0784768212657345,-0.00110733405869599));
#5098=CARTESIAN_POINT('',(-0.0906172277658359,0.0523178808438231,-0.000971619772981703));
#5099=CARTESIAN_POINT('',(-0.0906172277658359,1.10974097931038E-17,-0.000835905487267418));
#5100=CARTESIAN_POINT('',(-0.0906172277658359,-0.052317880843823,-0.00070019120155313));
#5101=CARTESIAN_POINT('',(-0.045308613882918,-0.0784768212657345,-0.000564476915838843));
#5102=CARTESIAN_POINT('',(-1.92212775940681E-17,-0.104635761687646,-0.00042876263012456));
#5103=CARTESIAN_POINT('',(0.0453086138829179,-0.0784768212657345,-0.000293048344410275));
#5104=CARTESIAN_POINT('',(0.0906172277658359,-0.0523178808438231,-0.000157334058695988));
#5105=CARTESIAN_POINT('',(0.0906172277658359,0.,-2.16197729817035E-5));
#5106=CARTESIAN_POINT('',(0.0906172277658359,0.052317880843823,0.000114094512732584));
#5107=CARTESIAN_POINT('',(0.045308613882918,0.0784768212657345,0.000249808798446868));
#5108=CARTESIAN_POINT('',(6.40709253135605E-18,0.104635761687646,0.000385523084161156));
#5109=CARTESIAN_POINT('',(-0.045308613882918,0.0784768212657345,0.00052123736987544));
#5110=CARTESIAN_POINT('',(-0.0906172277658359,0.0523178808438231,0.000656951655589728));
#5111=CARTESIAN_POINT('',(-0.0906172277658359,1.10974097931038E-17,0.000792665941304012));
#5112=CARTESIAN_POINT('',(-0.0906172277658359,-0.052317880843823,0.000928380227018299));
#5113=CARTESIAN_POINT('',(-0.045308613882918,-0.0784768212657345,0.00106409451273258));
#5114=CARTESIAN_POINT('',(-1.92212775940681E-17,-0.104635761687646,0.00119980879844687));
#5115=CARTESIAN_POINT('',(0.0453086138829179,-0.0784768212657345,0.00133552308416116));
#5116=CARTESIAN_POINT('',(0.0906172277658359,-0.0523178808438231,0.00147123736987544));
#5117=CARTESIAN_POINT('',(0.0906172277658359,0.,0.00160695165558973));
#5118=CARTESIAN_POINT('',(0.0906172277658359,0.052317880843823,0.00174266594130401));
#5119=CARTESIAN_POINT('',(0.045308613882918,0.0784768212657345,0.0018783802270183));
#5120=CARTESIAN_POINT('',(6.40709253135605E-18,0.104635761687646,0.00201409451273258));
#5121=CARTESIAN_POINT('',(-0.045308613882918,0.0784768212657345,0.00214980879844687));
#5122=CARTESIAN_POINT('',(-0.0906172277658359,0.0523178808438231,0.00228552308416116));
#5123=CARTESIAN_POINT('',(-0.0906172277658359,1.10974097931038E-17,0.00242123736987544));
#5124=CARTESIAN_POINT('',(-0.0906172277658359,-0.052317880843823,0.00255695165558973));
#5125=CARTESIAN_POINT('',(-0.045308613882918,-0.0784768212657345,0.00269266594130401));
#5126=CARTESIAN_POINT('',(-1.92212775940681E-17,-0.104635761687646,0.0028283802270183));
#5127=CARTESIAN_POINT('',(0.0453086138829179,-0.0784768212657345,0.00296409451273258));
#5128=CARTESIAN_POINT('',(0.0906172277658359,-0.0523178808438231,0.00309980879844687));
#5129=CARTESIAN_POINT('',(0.0906172277658359,0.,0.00323552308416116));
#5130=CARTESIAN_POINT('',(0.0906172277658359,0.052317880843823,0.00337123736987544));
#5131=CARTESIAN_POINT('',(0.045308613882918,0.0784768212657345,0.00350695165558973));
#5132=CARTESIAN_POINT('',(6.40709253135605E-18,0.104635761687646,0.00364266594130401));
#5133=CARTESIAN_POINT('',(-0.045308613882918,0.0784768212657345,0.0037783802270183));
#5134=CARTESIAN_POINT('',(-0.0906172277658359,0.0523178808438231,0.00391409451273259));
#5135=CARTESIAN_POINT('',(-0.0906172277658359,1.10974097931038E-17,0.00404980879844687));
#5136=CARTESIAN_POINT('',(-0.0906172277658359,-0.052317880843823,0.00418552308416115));
#5137=CARTESIAN_POINT('',(-0.045308613882918,-0.0784768212657345,0.00432123736987544));
#5138=CARTESIAN_POINT('',(-1.92212775940681E-17,-0.104635761687646,0.00445695165558972));
#5139=CARTESIAN_POINT('',(0.0453086138829179,-0.0784768212657345,0.00459266594130401));
#5140=CARTESIAN_POINT('',(0.0906172277658359,-0.0523178808438231,0.0047283802270183));
#5141=CARTESIAN_POINT('',(0.0906172277658359,0.,0.00486409451273259));
#5142=CARTESIAN_POINT('',(0.0906172277658359,0.052317880843823,0.00499980879844687));
#5143=CARTESIAN_POINT('',(0.045308613882918,0.0784768212657345,0.00513552308416116));
#5144=CARTESIAN_POINT('',(6.40709253135605E-18,0.104635761687646,0.00527123736987544));
#5145=CARTESIAN_POINT('',(-0.045308613882918,0.0784768212657345,0.00540695165558973));
#5146=CARTESIAN_POINT('',(-0.0906172277658359,0.0523178808438231,0.00554266594130401));
#5147=CARTESIAN_POINT('',(-0.0906172277658359,1.10974097931038E-17,0.0056783802270183));
#5148=CARTESIAN_POINT('',(-0.0906172277658359,-0.052317880843823,0.00581409451273259));
#5149=CARTESIAN_POINT('',(-0.045308613882918,-0.0784768212657345,0.00594980879844687));
#5150=CARTESIAN_POINT('',(-1.92212775940681E-17,-0.104635761687646,0.00608552308416115));
#5151=CARTESIAN_POINT('',(0.0453086138829179,-0.0784768212657345,0.00622123736987544));
#5152=CARTESIAN_POINT('',(0.0906172277658359,-0.0523178808438231,0.00635695165558972));
#5153=CARTESIAN_POINT('',(0.0906172277658359,0.,0.00649266594130402));
#5154=CARTESIAN_POINT('',(0.0906172277658359,0.052317880843823,0.0066283802270183));
#5155=CARTESIAN_POINT('',(0.045308613882918,0.0784768212657345,0.00676409451273259));
#5156=CARTESIAN_POINT('',(6.40709253135605E-18,0.104635761687646,0.00689980879844687));
#5157=CARTESIAN_POINT('',(-0.045308613882918,0.0784768212657345,0.00703552308416116));
#5158=CARTESIAN_POINT('',(-0.0906172277658359,0.0523178808438231,0.00717123736987544));
#5159=CARTESIAN_POINT('',(-0.0906172277658359,1.10974097931038E-17,0.00730695165558973));
#5160=CARTESIAN_POINT('',(-0.0906172277658359,-0.052317880843823,0.00744266594130401));
#5161=CARTESIAN_POINT('',(-0.045308613882918,-0.0784768212657345,0.0075783802270183));
#5162=CARTESIAN_POINT('',(-1.92212775940681E-17,-0.104635761687646,0.00771409451273259));
#5163=CARTESIAN_POINT('',(0.0453086138829179,-0.0784768212657345,0.00784980879844687));
#5164=CARTESIAN_POINT('',(0.0906172277658359,-0.0523178808438231,0.00798552308416116));
#5165=CARTESIAN_POINT('',(0.0906172277658359,0.,0.00812123736987545));
#5166=CARTESIAN_POINT('',(0.0906172277658359,0.052317880843823,0.00825695165558973));
#5167=CARTESIAN_POINT('',(0.045308613882918,0.0784768212657345,0.00839266594130401));
#5168=CARTESIAN_POINT('',(6.40709253135605E-18,0.104635761687646,0.0085283802270183));
#5169=CARTESIAN_POINT('',(-0.045308613882918,0.0784768212657345,0.00866409451273259));
#5170=CARTESIAN_POINT('',(-0.0906172277658359,0.0523178808438231,0.00879980879844688));
#5171=CARTESIAN_POINT('',(-0.0906172277658359,1.10974097931038E-17,0.00893552308416116));
#5172=CARTESIAN_POINT('',(-0.0906172277658359,-0.052317880843823,0.00907123736987544));
#5173=CARTESIAN_POINT('',(-0.045308613882918,-0.0784768212657345,0.00920695165558973));
#5174=CARTESIAN_POINT('',(-1.92212775940681E-17,-0.104635761687646,0.00934266594130401));
#5175=CARTESIAN_POINT('',(0.0453086138829179,-0.0784768212657345,0.0094783802270183));
#5176=CARTESIAN_POINT('',(0.0906172277658359,-0.0523178808438231,0.00961409451273258));
#5177=CARTESIAN_POINT('',(0.0906172277658359,0.,0.00974980879844687));
#5178=CARTESIAN_POINT('',(0.0906172277658359,0.052317880843823,0.00988552308416115));
#5179=CARTESIAN_POINT('',(0.045308613882918,0.0784768212657345,0.0100212373698754));
#5180=CARTESIAN_POINT('',(6.40709253135605E-18,0.104635761687646,0.0101569516555897));
#5181=CARTESIAN_POINT('',(-0.045308613882918,0.0784768212657345,0.010292665941304));
#5182=CARTESIAN_POINT('',(-0.0906172277658359,0.0523178808438231,0.0104283802270183));
#5183=CARTESIAN_POINT('',(-0.0906172277658359,1.10974097931038E-17,0.0105640945127326));
#5184=CARTESIAN_POINT('',(-0.0906172277658359,-0.052317880843823,0.0106998087984469));
#5185=CARTESIAN_POINT('',(-0.045308613882918,-0.0784768212657345,0.0108355230841612));
#5186=CARTESIAN_POINT('',(-1.92212775940681E-17,-0.104635761687646,0.0109712373698754));
#5187=CARTESIAN_POINT('',(0.0453086138829179,-0.0784768212657345,0.0111069516555897));
#5188=CARTESIAN_POINT('',(0.0906172277658359,-0.0523178808438231,0.011242665941304));
#5189=CARTESIAN_POINT('',(0.0906172277658359,0.,0.0113783802270183));
#5190=CARTESIAN_POINT('',(0.0906172277658359,0.052317880843823,0.0115140945127326));
#5191=CARTESIAN_POINT('',(0.045308613882918,0.0784768212657345,0.0116498087984469));
#5192=CARTESIAN_POINT('',(6.40709253135605E-18,0.104635761687646,0.0117855230841612));
#5193=CARTESIAN_POINT('',(-0.045308613882918,0.0784768212657345,0.0119212373698755));
#5194=CARTESIAN_POINT('',(-0.0906172277658359,0.0523178808438231,0.0120569516555897));
#5195=CARTESIAN_POINT('',(-0.0906172277658359,1.10974097931038E-17,0.012192665941304));
#5196=CARTESIAN_POINT('',(-0.0906172277658359,-0.052317880843823,0.0123283802270183));
#5197=CARTESIAN_POINT('',(-0.045308613882918,-0.0784768212657345,0.0124640945127326));
#5198=CARTESIAN_POINT('',(-1.92212775940681E-17,-0.104635761687646,0.0125998087984469));
#5199=CARTESIAN_POINT('',(0.0453086138829179,-0.0784768212657345,0.0127355230841612));
#5200=CARTESIAN_POINT('',(0.0906172277658359,-0.0523178808438231,0.0128712373698754));
#5201=CARTESIAN_POINT('',(0.0906172277658359,0.,0.0130069516555897));
#5202=CARTESIAN_POINT('',(0.0906172277658359,0.052317880843823,0.013142665941304));
#5203=CARTESIAN_POINT('',(0.045308613882918,0.0784768212657345,0.0132783802270183));
#5204=CARTESIAN_POINT('',(6.40709253135605E-18,0.104635761687646,0.0134140945127326));
#5205=CARTESIAN_POINT('',(-0.045308613882918,0.0784768212657345,0.0135498087984469));
#5206=CARTESIAN_POINT('',(-0.0906172277658359,0.0523178808438231,0.0136855230841611));
#5207=CARTESIAN_POINT('',(-0.0906172277658359,1.10974097931038E-17,0.0138212373698754));
#5208=CARTESIAN_POINT('',(-0.0906172277658359,-0.052317880843823,0.0139569516555897));
#5209=CARTESIAN_POINT('',(-0.045308613882918,-0.0784768212657345,0.014092665941304));
#5210=CARTESIAN_POINT('',(-1.92212775940681E-17,-0.104635761687646,0.0142283802270183));
#5211=CARTESIAN_POINT('',(0.0453086138829179,-0.0784768212657345,0.0143640945127326));
#5212=CARTESIAN_POINT('',(0.0906172277658359,-0.0523178808438231,0.0144998087984469));
#5213=CARTESIAN_POINT('',(0.0906172277658359,0.,0.0146355230841612));
#5214=CARTESIAN_POINT('',(0.0906172277658359,0.052317880843823,0.0147712373698754));
#5215=CARTESIAN_POINT('',(0.045308613882918,0.0784768212657345,0.0149069516555897));
#5216=CARTESIAN_POINT('',(6.40709253135605E-18,0.104635761687646,0.015042665941304));
#5217=CARTESIAN_POINT('',(-0.045308613882918,0.0784768212657345,0.0151783802270183));
#5218=CARTESIAN_POINT('',(-0.0906172277658359,0.0523178808438231,0.0153140945127326));
#5219=CARTESIAN_POINT('',(-0.0906172277658359,1.10974097931038E-17,0.0154498087984469));
#5220=CARTESIAN_POINT('',(-0.0906172277658359,-0.052317880843823,0.0155855230841611));
#5221=CARTESIAN_POINT('',(-0.045308613882918,-0.0784768212657345,0.0157212373698754));
#5222=CARTESIAN_POINT('',(-1.92212775940681E-17,-0.104635761687646,0.0158569516555897));
#5223=CARTESIAN_POINT('',(0.0453086138829179,-0.0784768212657345,0.015992665941304));
#5224=CARTESIAN_POINT('',(0.0906172277658359,-0.0523178808438231,0.0161283802270183));
#5225=CARTESIAN_POINT('',(0.0906172277658359,0.,0.0162640945127326));
#5226=CARTESIAN_POINT('',(0.0906172277658359,0.052317880843823,0.0163998087984469));
#5227=CARTESIAN_POINT('',(0.045308613882918,0.0784768212657345,0.0165355230841612));
#5228=CARTESIAN_POINT('',(6.40709253135605E-18,0.104635761687646,0.0166712373698754));
#5229=CARTESIAN_POINT('',(-0.045308613882918,0.0784768212657345,0.0168069516555897));
#5230=CARTESIAN_POINT('',(-0.0906172277658359,0.0523178808438231,0.016942665941304));
#5231=CARTESIAN_POINT('',(-0.0906172277658359,1.10974097931038E-17,0.0170783802270183));
#5232=CARTESIAN_POINT('',(-0.0906172277658359,-0.052317880843823,0.0172140945127326));
#5233=CARTESIAN_POINT('',(-0.045308613882918,-0.0784768212657345,0.0173498087984469));
#5234=CARTESIAN_POINT('',(-1.92212775940681E-17,-0.104635761687646,0.0174855230841612));
#5235=CARTESIAN_POINT('',(0.0453086138829179,-0.0784768212657345,0.0176212373698754));
#5236=CARTESIAN_POINT('',(0.0906172277658359,-0.0523178808438231,0.0177569516555897));
#5237=CARTESIAN_POINT('',(0.0906172277658359,0.,0.017892665941304));
#5238=CARTESIAN_POINT('',(0.0906172277658359,0.052317880843823,0.0180283802270183));
#5239=CARTESIAN_POINT('',(0.045308613882918,0.0784768212657345,0.0181640945127326));
#5240=CARTESIAN_POINT('',(6.40709253135605E-18,0.104635761687646,0.0182998087984469));
#5241=CARTESIAN_POINT('',(-0.045308613882918,0.0784768212657345,0.0184355230841612));
#5242=CARTESIAN_POINT('',(-0.0906172277658359,0.0523178808438231,0.0185712373698754));
#5243=CARTESIAN_POINT('',(-0.0906172277658359,1.10974097931038E-17,0.0187069516555898));
#5244=CARTESIAN_POINT('',(-0.0906172277658359,-0.052317880843823,0.018842665941304));
#5245=CARTESIAN_POINT('',(-0.045308613882918,-0.0784768212657345,0.0189783802270183));
#5246=CARTESIAN_POINT('',(-1.92212775940681E-17,-0.104635761687646,0.0191140945127326));
#5247=CARTESIAN_POINT('',(0.0453086138829179,-0.0784768212657345,0.0192498087984469));
#5248=CARTESIAN_POINT('',(0.0906172277658359,-0.0523178808438231,0.0193855230841612));
#5249=CARTESIAN_POINT('',(0.0906172277658359,0.,0.0195212373698754));
#5250=CARTESIAN_POINT('',(0.0906172277658359,0.052317880843823,0.0196569516555897));
#5251=CARTESIAN_POINT('',(0.045308613882918,0.0784768212657345,0.019792665941304));
#5252=CARTESIAN_POINT('',(6.40709253135605E-18,0.104635761687646,0.0199283802270183));
#5253=CARTESIAN_POINT('',(-0.045308613882918,0.0784768212657345,0.0200640945127326));
#5254=CARTESIAN_POINT('',(-0.0906172277658359,0.0523178808438231,0.0201998087984469));
#5255=CARTESIAN_POINT('',(-0.0906172277658359,1.10974097931038E-17,0.0203355230841611));
#5256=CARTESIAN_POINT('',(-0.0906172277658359,-0.052317880843823,0.0204712373698755));
#5257=CARTESIAN_POINT('',(-0.045308613882918,-0.0784768212657345,0.0206069516555897));
#5258=CARTESIAN_POINT('',(-1.92212775940681E-17,-0.104635761687646,0.020742665941304));
#5259=CARTESIAN_POINT('',(0.0453086138829179,-0.0784768212657345,0.0208783802270183));
#5260=CARTESIAN_POINT('',(0.0906172277658359,-0.0523178808438231,0.0210140945127326));
#5261=CARTESIAN_POINT('',(0.0906172277658359,0.,0.0211498087984469));
#5262=CARTESIAN_POINT('',(0.0906172277658359,0.052317880843823,0.0212855230841612));
#5263=CARTESIAN_POINT('',(0.045308613882918,0.0784768212657345,0.0214212373698755));
#5264=CARTESIAN_POINT('',(6.40709253135605E-18,0.104635761687646,0.0215569516555897));
#5265=CARTESIAN_POINT('',(-0.045308613882918,0.0784768212657345,0.021692665941304));
#5266=CARTESIAN_POINT('',(-0.0906172277658359,0.0523178808438231,0.0218283802270183));
#5267=CARTESIAN_POINT('',(-0.0906172277658359,1.10974097931038E-17,0.0219640945127326));
#5268=CARTESIAN_POINT('',(-0.0906172277658359,-0.052317880843823,0.0220998087984469));
#5269=CARTESIAN_POINT('',(-0.045308613882918,-0.0784768212657345,0.0222355230841612));
#5270=CARTESIAN_POINT('',(-1.92212775940681E-17,-0.104635761687646,0.0223712373698755));
#5271=CARTESIAN_POINT('',(0.0453086138829179,-0.0784768212657345,0.0225069516555897));
#5272=CARTESIAN_POINT('',(0.0906172277658359,-0.0523178808438231,0.022642665941304));
#5273=CARTESIAN_POINT('',(0.0906172277658359,0.,0.0227783802270183));
#5274=CARTESIAN_POINT('',(0.0906172277658359,0.052317880843823,0.0229140945127326));
#5275=CARTESIAN_POINT('',(0.045308613882918,0.0784768212657345,0.0230498087984469));
#5276=CARTESIAN_POINT('',(6.40709253135605E-18,0.104635761687646,0.0231855230841611));
#5277=CARTESIAN_POINT('',(-0.045308613882918,0.0784768212657345,0.0233212373698754));
#5278=CARTESIAN_POINT('',(-0.0906172277658359,0.0523178808438231,0.0234569516555897));
#5279=CARTESIAN_POINT('',(-0.0906172277658359,1.10974097931038E-17,0.023592665941304));
#5280=CARTESIAN_POINT('',(-0.0906172277658359,-0.052317880843823,0.0237283802270183));
#5281=CARTESIAN_POINT('',(-0.045308613882918,-0.0784768212657345,0.0238640945127326));
#5282=CARTESIAN_POINT('',(-1.92212775940681E-17,-0.104635761687646,0.0239998087984468));
#5283=CARTESIAN_POINT('',(0.0453086138829179,-0.0784768212657345,0.0241355230841612));
#5284=CARTESIAN_POINT('',(0.0906172277658359,-0.0523178808438231,0.0242712373698755));
#5285=CARTESIAN_POINT('',(0.0906172277658359,0.,0.0244069516555897));
#5286=CARTESIAN_POINT('',(0.0906172277658359,0.052317880843823,0.024542665941304));
#5287=CARTESIAN_POINT('',(0.045308613882918,0.0784768212657345,0.0246783802270183));
#5288=CARTESIAN_POINT('',(6.40709253135605E-18,0.104635761687646,0.0248140945127326));
#5289=CARTESIAN_POINT('',(-0.045308613882918,0.0784768212657345,0.0249498087984469));
#5290=CARTESIAN_POINT('',(-0.0906172277658359,0.0523178808438231,0.0250855230841611));
#5291=CARTESIAN_POINT('',(-0.0906172277658359,1.10974097931038E-17,0.0252212373698755));
#5292=CARTESIAN_POINT('',(-0.0906172277658359,-0.052317880843823,0.0253569516555898));
#5293=CARTESIAN_POINT('',(-0.045308613882918,-0.0784768212657345,0.025492665941304));
#5294=CARTESIAN_POINT('',(-1.92212775940681E-17,-0.104635761687646,0.0256283802270183));
#5295=CARTESIAN_POINT('',(0.0453086138829179,-0.0784768212657345,0.0257640945127326));
#5296=CARTESIAN_POINT('',(0.0906172277658359,-0.0523178808438231,0.0258998087984468));
#5297=CARTESIAN_POINT('',(0.0906172277658359,0.,0.0260355230841612));
#5298=CARTESIAN_POINT('',(0.0906172277658359,0.052317880843823,0.0261712373698754));
#5299=CARTESIAN_POINT('',(0.045308613882918,0.0784768212657345,0.0263069516555897));
#5300=CARTESIAN_POINT('',(6.40709253135605E-18,0.104635761687646,0.026442665941304));
#5301=CARTESIAN_POINT('',(-0.045308613882918,0.0784768212657345,0.0265783802270183));
#5302=CARTESIAN_POINT('',(-0.0906172277658359,0.0523178808438231,0.0267140945127326));
#5303=CARTESIAN_POINT('',(-0.0906172277658359,1.10974097931038E-17,0.0268498087984469));
#5304=CARTESIAN_POINT('',(-0.0906172277658359,-0.052317880843823,0.0269855230841611));
#5305=CARTESIAN_POINT('',(-0.045308613882918,-0.0784768212657345,0.0271212373698754));
#5306=CARTESIAN_POINT('',(-1.92212775940681E-17,-0.104635761687646,0.0272569516555897));
#5307=CARTESIAN_POINT('',(0.0453086138829179,-0.0784768212657345,0.027392665941304));
#5308=CARTESIAN_POINT('',(0.0906172277658359,-0.0523178808438231,0.0275283802270183));
#5309=CARTESIAN_POINT('',(0.0906172277658359,0.,0.0276640945127326));
#5310=CARTESIAN_POINT('',(0.0906172277658359,0.052317880843823,0.0277998087984469));
#5311=CARTESIAN_POINT('',(0.045308613882918,0.0784768212657345,0.0279355230841612));
#5312=CARTESIAN_POINT('',(6.40709253135605E-18,0.104635761687646,0.0280712373698754));
#5313=CARTESIAN_POINT('',(-0.045308613882918,0.0784768212657345,0.0282069516555898));
#5314=CARTESIAN_POINT('',(-0.0906172277658359,0.0523178808438231,0.028342665941304));
#5315=CARTESIAN_POINT('',(-0.0906172277658359,1.10974097931038E-17,0.0284783802270183));
#5316=CARTESIAN_POINT('',(-0.0906172277658359,-0.052317880843823,0.0286140945127326));
#5317=CARTESIAN_POINT('',(-0.045308613882918,-0.0784768212657345,0.0287498087984469));
#5318=CARTESIAN_POINT('',(-1.92212775940681E-17,-0.104635761687646,0.0288855230841611));
#5319=CARTESIAN_POINT('',(0.0453086138829179,-0.0784768212657345,0.0290212373698754));
#5320=CARTESIAN_POINT('',(0.0906172277658359,-0.0523178808438231,0.0291569516555897));
#5321=CARTESIAN_POINT('',(0.0906172277658359,0.,0.029292665941304));
#5322=CARTESIAN_POINT('',(0.0906172277658359,0.052317880843823,0.0294283802270183));
#5323=CARTESIAN_POINT('',(0.045308613882918,0.0784768212657345,0.0295640945127326));
#5324=CARTESIAN_POINT('',(6.40709253135605E-18,0.104635761687646,0.0296998087984469));
#5325=CARTESIAN_POINT('',(-0.045308613882918,0.0784768212657345,0.0298355230841611));
#5326=CARTESIAN_POINT('',(-0.0906172277658359,0.0523178808438231,0.0299712373698754));
#5327=CARTESIAN_POINT('',(-0.0906172277658359,1.10974097931038E-17,0.0301069516555897));
#5328=CARTESIAN_POINT('',(-0.0906172277658359,-0.052317880843823,0.030242665941304));
#5329=CARTESIAN_POINT('',(-0.045308613882918,-0.0784768212657345,0.0303783802270183));
#5330=CARTESIAN_POINT('',(-1.92212775940681E-17,-0.104635761687646,0.0305140945127326));
#5331=CARTESIAN_POINT('',(0.0453086138829179,-0.0784768212657345,0.0306498087984469));
#5332=CARTESIAN_POINT('',(0.0906172277658359,-0.0523178808438231,0.0307855230841612));
#5333=CARTESIAN_POINT('',(0.0906172277658359,0.,0.0309212373698755));
#5334=CARTESIAN_POINT('',(0.0906172277658359,0.052317880843823,0.0310569516555897));
#5335=CARTESIAN_POINT('',(0.045308613882918,0.0784768212657345,0.031192665941304));
#5336=CARTESIAN_POINT('',(6.40709253135605E-18,0.104635761687646,0.0313283802270183));
#5337=CARTESIAN_POINT('',(-0.045308613882918,0.0784768212657345,0.0314640945127326));
#5338=CARTESIAN_POINT('',(-0.0906172277658359,0.0523178808438231,0.0315998087984469));
#5339=CARTESIAN_POINT('',(-0.0906172277658359,1.10974097931038E-17,0.0317355230841612));
#5340=CARTESIAN_POINT('',(-0.0906172277658359,-0.052317880843823,0.0318712373698754));
#5341=CARTESIAN_POINT('',(-0.045308613882918,-0.0784768212657345,0.0320069516555897));
#5342=CARTESIAN_POINT('',(-1.92212775940681E-17,-0.104635761687646,0.032142665941304));
#5343=CARTESIAN_POINT('',(0.0453086138829179,-0.0784768212657345,0.0322783802270183));
#5344=CARTESIAN_POINT('',(0.0906172277658359,-0.0523178808438231,0.0324140945127326));
#5345=CARTESIAN_POINT('',(0.0906172277658359,0.,0.0325498087984469));
#5346=CARTESIAN_POINT('',(0.0906172277658359,0.052317880843823,0.0326855230841612));
#5347=CARTESIAN_POINT('',(0.045308613882918,0.0784768212657345,0.0328212373698754));
#5348=CARTESIAN_POINT('',(6.40709253135605E-18,0.104635761687646,0.0329569516555897));
#5349=CARTESIAN_POINT('',(-0.045308613882918,0.0784768212657345,0.033092665941304));
#5350=CARTESIAN_POINT('',(-0.0906172277658359,0.0523178808438231,0.0332283802270183));
#5351=CARTESIAN_POINT('',(-0.0906172277658359,1.10974097931038E-17,0.0333640945127326));
#5352=CARTESIAN_POINT('',(-0.0906172277658359,-0.052317880843823,0.0334998087984469));
#5353=CARTESIAN_POINT('',(-0.045308613882918,-0.0784768212657345,0.0336355230841612));
#5354=CARTESIAN_POINT('',(-1.92212775940681E-17,-0.104635761687646,0.0337712373698754));
#5355=CARTESIAN_POINT('',(0.0453086138829179,-0.0784768212657345,0.0339069516555898));
#5356=CARTESIAN_POINT('',(0.0906172277658359,-0.0523178808438231,0.034042665941304));
#5357=CARTESIAN_POINT('',(0.0906172277658359,0.,0.0341783802270183));
#5358=CARTESIAN_POINT('',(0.0906172277658359,0.052317880843823,0.0343140945127326));
#5359=CARTESIAN_POINT('',(0.045308613882918,0.0784768212657345,0.0344498087984469));
#5360=CARTESIAN_POINT('',(6.40709253135605E-18,0.104635761687646,0.0345855230841612));
#5361=CARTESIAN_POINT('',(-0.045308613882918,0.0784768212657345,0.0347212373698755));
#5362=CARTESIAN_POINT('',(-0.0906172277658359,0.0523178808438231,0.0348569516555897));
#5363=CARTESIAN_POINT('',(-0.0906172277658359,1.10974097931038E-17,0.034992665941304));
#5364=CARTESIAN_POINT('',(-0.0906172277658359,-0.052317880843823,0.0351283802270183));
#5365=CARTESIAN_POINT('',(-0.045308613882918,-0.0784768212657345,0.0352640945127326));
#5366=CARTESIAN_POINT('',(-1.92212775940681E-17,-0.104635761687646,0.0353998087984469));
#5367=CARTESIAN_POINT('',(0.0453086138829179,-0.0784768212657345,0.0355355230841612));
#5368=CARTESIAN_POINT('',(0.0906172277658359,-0.0523178808438231,0.0356712373698755));
#5369=CARTESIAN_POINT('',(0.0906172277658359,0.,0.0358069516555897));
#5370=CARTESIAN_POINT('',(0.0906172277658359,0.052317880843823,0.035942665941304));
#5371=CARTESIAN_POINT('',(0.045308613882918,0.0784768212657345,0.0360783802270183));
#5372=CARTESIAN_POINT('',(6.40709253135605E-18,0.104635761687646,0.0362140945127325));
#5373=CARTESIAN_POINT('',(-0.045308613882918,0.0784768212657345,0.0363498087984469));
#5374=CARTESIAN_POINT('',(-0.0906172277658359,0.0523178808438231,0.0364855230841612));
#5375=CARTESIAN_POINT('',(-0.0906172277658359,1.10974097931038E-17,0.0366212373698755));
#5376=CARTESIAN_POINT('',(-0.0906172277658359,-0.052317880843823,0.0367569516555897));
#5377=CARTESIAN_POINT('',(-0.045308613882918,-0.0784768212657345,0.0368926659413041));
#5378=CARTESIAN_POINT('',(-1.92212775940681E-17,-0.104635761687646,0.0370283802270183));
#5379=CARTESIAN_POINT('',(0.0453086138829179,-0.0784768212657345,0.0371640945127326));
#5380=CARTESIAN_POINT('',(0.0906172277658359,-0.0523178808438231,0.0372998087984468));
#5381=CARTESIAN_POINT('',(0.0906172277658359,0.,0.0374355230841612));
#5382=CARTESIAN_POINT('',(0.0906172277658359,0.052317880843823,0.0375712373698755));
#5383=CARTESIAN_POINT('',(0.045308613882918,0.0784768212657345,0.0377069516555897));
#5384=CARTESIAN_POINT('',(6.40709253135605E-18,0.104635761687646,0.037842665941304));
#5385=CARTESIAN_POINT('',(-0.045308613882918,0.0784768212657345,0.0379783802270183));
#5386=CARTESIAN_POINT('',(-0.0906172277658359,0.0523178808438231,0.0381140945127326));
#5387=CARTESIAN_POINT('',(-0.0906172277658359,1.10974097931038E-17,0.0382498087984469));
#5388=CARTESIAN_POINT('',(-0.0906172277658359,-0.052317880843823,0.0383855230841611));
#5389=CARTESIAN_POINT('',(-0.045308613882918,-0.0784768212657345,0.0385212373698754));
#5390=CARTESIAN_POINT('',(-1.92212775940681E-17,-0.104635761687646,0.0386569516555898));
#5391=CARTESIAN_POINT('',(0.0453086138829179,-0.0784768212657345,0.038792665941304));
#5392=CARTESIAN_POINT('',(0.0906172277658359,-0.0523178808438231,0.0389283802270183));
#5393=CARTESIAN_POINT('',(0.0906172277658359,0.,0.0390640945127326));
#5394=CARTESIAN_POINT('',(0.0906172277658359,0.052317880843823,0.0391998087984468));
#5395=CARTESIAN_POINT('',(0.045308613882918,0.0784768212657345,0.0393355230841612));
#5396=CARTESIAN_POINT('',(6.40709253135605E-18,0.104635761687646,0.0394712373698754));
#5397=CARTESIAN_POINT('',(-0.045308613882918,0.0784768212657345,0.0396069516555897));
#5398=CARTESIAN_POINT('',(-0.0906172277658359,0.0523178808438231,0.039742665941304));
#5399=CARTESIAN_POINT('',(-0.0906172277658359,1.10974097931038E-17,0.0398783802270183));
#5400=CARTESIAN_POINT('',(-0.0906172277658359,-0.052317880843823,0.0400140945127326));
#5401=CARTESIAN_POINT('',(-0.045308613882918,-0.0784768212657345,0.0401498087984469));
#5402=CARTESIAN_POINT('',(-1.92212775940681E-17,-0.104635761687646,0.0402855230841611));
#5403=CARTESIAN_POINT('',(0.0453086138829179,-0.0784768212657345,0.0404212373698755));
#5404=CARTESIAN_POINT('',(0.0906172277658359,-0.0523178808438231,0.0405569516555897));
#5405=CARTESIAN_POINT('',(0.0906172277658359,0.,0.040692665941304));
#5406=CARTESIAN_POINT('',(0.0908500000000001,0.,-0.0166200086217256));
#5407=CARTESIAN_POINT('',(0.09085,0.0524522719558774,-0.0164842943360113));
#5408=CARTESIAN_POINT('',(0.045425,0.0786784079338163,-0.016348580050297));
#5409=CARTESIAN_POINT('',(6.42355069587718E-18,0.104904543911755,-0.0162128657645827));
#5410=CARTESIAN_POINT('',(-0.045425,0.0786784079338163,-0.0160771514788684));
#5411=CARTESIAN_POINT('',(-0.0908499999999999,0.0524522719558775,-0.0159414371931541));
#5412=CARTESIAN_POINT('',(-0.0908500000000001,1.11259161702537E-17,-0.0158057229074398));
#5413=CARTESIAN_POINT('',(-0.09085,-0.0524522719558774,-0.0156700086217256));
#5414=CARTESIAN_POINT('',(-0.045425,-0.0786784079338162,-0.0155342943360113));
#5415=CARTESIAN_POINT('',(-1.92706520876315E-17,-0.104904543911755,-0.015398580050297));
#5416=CARTESIAN_POINT('',(0.0454249999999999,-0.0786784079338163,-0.0152628657645827));
#5417=CARTESIAN_POINT('',(0.0908499999999999,-0.0524522719558775,-0.0151271514788684));
#5418=CARTESIAN_POINT('',(0.0908500000000001,0.,-0.0149914371931541));
#5419=CARTESIAN_POINT('',(0.09085,0.0524522719558774,-0.0148557229074398));
#5420=CARTESIAN_POINT('',(0.045425,0.0786784079338163,-0.0147200086217256));
#5421=CARTESIAN_POINT('',(6.42355069587718E-18,0.104904543911755,-0.0145842943360113));
#5422=CARTESIAN_POINT('',(-0.045425,0.0786784079338163,-0.014448580050297));
#5423=CARTESIAN_POINT('',(-0.0908499999999999,0.0524522719558775,-0.0143128657645827));
#5424=CARTESIAN_POINT('',(-0.0908500000000001,1.11259161702537E-17,-0.0141771514788684));
#5425=CARTESIAN_POINT('',(-0.09085,-0.0524522719558774,-0.0140414371931541));
#5426=CARTESIAN_POINT('',(-0.045425,-0.0786784079338162,-0.0139057229074398));
#5427=CARTESIAN_POINT('',(-1.92706520876315E-17,-0.104904543911755,-0.0137700086217255));
#5428=CARTESIAN_POINT('',(0.0454249999999999,-0.0786784079338163,-0.0136342943360113));
#5429=CARTESIAN_POINT('',(0.0908499999999999,-0.0524522719558775,-0.013498580050297));
#5430=CARTESIAN_POINT('',(0.0908500000000001,0.,-0.0133628657645827));
#5431=CARTESIAN_POINT('',(0.09085,0.0524522719558774,-0.0132271514788684));
#5432=CARTESIAN_POINT('',(0.045425,0.0786784079338163,-0.0130914371931541));
#5433=CARTESIAN_POINT('',(6.42355069587718E-18,0.104904543911755,-0.0129557229074398));
#5434=CARTESIAN_POINT('',(-0.045425,0.0786784079338163,-0.0128200086217255));
#5435=CARTESIAN_POINT('',(-0.0908499999999999,0.0524522719558775,-0.0126842943360113));
#5436=CARTESIAN_POINT('',(-0.0908500000000001,1.11259161702537E-17,-0.012548580050297));
#5437=CARTESIAN_POINT('',(-0.09085,-0.0524522719558774,-0.0124128657645827));
#5438=CARTESIAN_POINT('',(-0.045425,-0.0786784079338162,-0.0122771514788684));
#5439=CARTESIAN_POINT('',(-1.92706520876315E-17,-0.104904543911755,-0.0121414371931541));
#5440=CARTESIAN_POINT('',(0.0454249999999999,-0.0786784079338163,-0.0120057229074398));
#5441=CARTESIAN_POINT('',(0.0908499999999999,-0.0524522719558775,-0.0118700086217256));
#5442=CARTESIAN_POINT('',(0.0908500000000001,0.,-0.0117342943360113));
#5443=CARTESIAN_POINT('',(0.09085,0.0524522719558774,-0.011598580050297));
#5444=CARTESIAN_POINT('',(0.045425,0.0786784079338163,-0.0114628657645827));
#5445=CARTESIAN_POINT('',(6.42355069587718E-18,0.104904543911755,-0.0113271514788684));
#5446=CARTESIAN_POINT('',(-0.045425,0.0786784079338163,-0.0111914371931541));
#5447=CARTESIAN_POINT('',(-0.0908499999999999,0.0524522719558775,-0.0110557229074398));
#5448=CARTESIAN_POINT('',(-0.0908500000000001,1.11259161702537E-17,-0.0109200086217256));
#5449=CARTESIAN_POINT('',(-0.09085,-0.0524522719558774,-0.0107842943360113));
#5450=CARTESIAN_POINT('',(-0.045425,-0.0786784079338162,-0.010648580050297));
#5451=CARTESIAN_POINT('',(-1.92706520876315E-17,-0.104904543911755,-0.0105128657645827));
#5452=CARTESIAN_POINT('',(0.0454249999999999,-0.0786784079338163,-0.0103771514788684));
#5453=CARTESIAN_POINT('',(0.0908499999999999,-0.0524522719558775,-0.0102414371931541));
#5454=CARTESIAN_POINT('',(0.0908500000000001,0.,-0.0101057229074398));
#5455=CARTESIAN_POINT('',(0.09085,0.0524522719558774,-0.00997000862172555));
#5456=CARTESIAN_POINT('',(0.045425,0.0786784079338163,-0.00983429433601127));
#5457=CARTESIAN_POINT('',(6.42355069587718E-18,0.104904543911755,-0.00969858005029698));
#5458=CARTESIAN_POINT('',(-0.045425,0.0786784079338163,-0.0095628657645827));
#5459=CARTESIAN_POINT('',(-0.0908499999999999,0.0524522719558775,-0.0094271514788684));
#5460=CARTESIAN_POINT('',(-0.0908500000000001,1.11259161702537E-17,-0.00929143719315413));
#5461=CARTESIAN_POINT('',(-0.09085,-0.0524522719558774,-0.00915572290743983));
#5462=CARTESIAN_POINT('',(-0.045425,-0.0786784079338162,-0.00902000862172556));
#5463=CARTESIAN_POINT('',(-1.92706520876315E-17,-0.104904543911755,-0.00888429433601126));
#5464=CARTESIAN_POINT('',(0.0454249999999999,-0.0786784079338163,-0.00874858005029698));
#5465=CARTESIAN_POINT('',(0.0908499999999999,-0.0524522719558775,-0.00861286576458269));
#5466=CARTESIAN_POINT('',(0.0908500000000001,0.,-0.00847715147886841));
#5467=CARTESIAN_POINT('',(0.09085,0.0524522719558774,-0.00834143719315413));
#5468=CARTESIAN_POINT('',(0.045425,0.0786784079338163,-0.00820572290743984));
#5469=CARTESIAN_POINT('',(6.42355069587718E-18,0.104904543911755,-0.00807000862172555));
#5470=CARTESIAN_POINT('',(-0.045425,0.0786784079338163,-0.00793429433601127));
#5471=CARTESIAN_POINT('',(-0.0908499999999999,0.0524522719558775,-0.00779858005029698));
#5472=CARTESIAN_POINT('',(-0.0908500000000001,1.11259161702537E-17,-0.0076628657645827));
#5473=CARTESIAN_POINT('',(-0.09085,-0.0524522719558774,-0.00752715147886841));
#5474=CARTESIAN_POINT('',(-0.045425,-0.0786784079338162,-0.00739143719315413));
#5475=CARTESIAN_POINT('',(-1.92706520876315E-17,-0.104904543911755,-0.00725572290743984));
#5476=CARTESIAN_POINT('',(0.0454249999999999,-0.0786784079338163,-0.00712000862172556));
#5477=CARTESIAN_POINT('',(0.0908499999999999,-0.0524522719558775,-0.00698429433601126));
#5478=CARTESIAN_POINT('',(0.0908500000000001,0.,-0.00684858005029699));
#5479=CARTESIAN_POINT('',(0.09085,0.0524522719558774,-0.00671286576458269));
#5480=CARTESIAN_POINT('',(0.045425,0.0786784079338163,-0.00657715147886841));
#5481=CARTESIAN_POINT('',(6.42355069587718E-18,0.104904543911755,-0.00644143719315412));
#5482=CARTESIAN_POINT('',(-0.045425,0.0786784079338163,-0.00630572290743984));
#5483=CARTESIAN_POINT('',(-0.0908499999999999,0.0524522719558775,-0.00617000862172555));
#5484=CARTESIAN_POINT('',(-0.0908500000000001,1.11259161702537E-17,-0.00603429433601127));
#5485=CARTESIAN_POINT('',(-0.09085,-0.0524522719558774,-0.00589858005029698));
#5486=CARTESIAN_POINT('',(-0.045425,-0.0786784079338162,-0.0057628657645827));
#5487=CARTESIAN_POINT('',(-1.92706520876315E-17,-0.104904543911755,-0.0056271514788684));
#5488=CARTESIAN_POINT('',(0.0454249999999999,-0.0786784079338163,-0.00549143719315413));
#5489=CARTESIAN_POINT('',(0.0908499999999999,-0.0524522719558775,-0.00535572290743984));
#5490=CARTESIAN_POINT('',(0.0908500000000001,0.,-0.00522000862172556));
#5491=CARTESIAN_POINT('',(0.09085,0.0524522719558774,-0.00508429433601126));
#5492=CARTESIAN_POINT('',(0.045425,0.0786784079338163,-0.00494858005029698));
#5493=CARTESIAN_POINT('',(6.42355069587718E-18,0.104904543911755,-0.00481286576458269));
#5494=CARTESIAN_POINT('',(-0.045425,0.0786784079338163,-0.00467715147886841));
#5495=CARTESIAN_POINT('',(-0.0908499999999999,0.0524522719558775,-0.00454143719315412));
#5496=CARTESIAN_POINT('',(-0.0908500000000001,1.11259161702537E-17,-0.00440572290743984));
#5497=CARTESIAN_POINT('',(-0.09085,-0.0524522719558774,-0.00427000862172555));
#5498=CARTESIAN_POINT('',(-0.045425,-0.0786784079338162,-0.00413429433601127));
#5499=CARTESIAN_POINT('',(-1.92706520876315E-17,-0.104904543911755,-0.00399858005029698));
#5500=CARTESIAN_POINT('',(0.0454249999999999,-0.0786784079338163,-0.0038628657645827));
#5501=CARTESIAN_POINT('',(0.0908499999999999,-0.0524522719558775,-0.00372715147886841));
#5502=CARTESIAN_POINT('',(0.0908500000000001,0.,-0.00359143719315413));
#5503=CARTESIAN_POINT('',(0.09085,0.0524522719558774,-0.00345572290743984));
#5504=CARTESIAN_POINT('',(0.045425,0.0786784079338163,-0.00332000862172555));
#5505=CARTESIAN_POINT('',(6.42355069587718E-18,0.104904543911755,-0.00318429433601126));
#5506=CARTESIAN_POINT('',(-0.045425,0.0786784079338163,-0.00304858005029698));
#5507=CARTESIAN_POINT('',(-0.0908499999999999,0.0524522719558775,-0.0029128657645827));
#5508=CARTESIAN_POINT('',(-0.0908500000000001,1.11259161702537E-17,-0.00277715147886841));
#5509=CARTESIAN_POINT('',(-0.09085,-0.0524522719558774,-0.00264143719315412));
#5510=CARTESIAN_POINT('',(-0.045425,-0.0786784079338162,-0.00250572290743984));
#5511=CARTESIAN_POINT('',(-1.92706520876315E-17,-0.104904543911755,-0.00237000862172555));
#5512=CARTESIAN_POINT('',(0.0454249999999999,-0.0786784079338163,-0.00223429433601126));
#5513=CARTESIAN_POINT('',(0.0908499999999999,-0.0524522719558775,-0.00209858005029698));
#5514=CARTESIAN_POINT('',(0.0908500000000001,0.,-0.00196286576458269));
#5515=CARTESIAN_POINT('',(0.09085,0.0524522719558774,-0.00182715147886841));
#5516=CARTESIAN_POINT('',(0.045425,0.0786784079338163,-0.00169143719315412));
#5517=CARTESIAN_POINT('',(6.42355069587718E-18,0.104904543911755,-0.00155572290743984));
#5518=CARTESIAN_POINT('',(-0.045425,0.0786784079338163,-0.00142000862172555));
#5519=CARTESIAN_POINT('',(-0.0908499999999999,0.0524522719558775,-0.00128429433601126));
#5520=CARTESIAN_POINT('',(-0.0908500000000001,1.11259161702537E-17,-0.00114858005029698));
#5521=CARTESIAN_POINT('',(-0.09085,-0.0524522719558774,-0.00101286576458269));
#5522=CARTESIAN_POINT('',(-0.045425,-0.0786784079338162,-0.000877151478868407));
#5523=CARTESIAN_POINT('',(-1.92706520876315E-17,-0.104904543911755,-0.000741437193154122));
#5524=CARTESIAN_POINT('',(0.0454249999999999,-0.0786784079338163,-0.000605722907439838));
#5525=CARTESIAN_POINT('',(0.0908499999999999,-0.0524522719558775,-0.00047000862172555));
#5526=CARTESIAN_POINT('',(0.0908500000000001,0.,-0.000334294336011267));
#5527=CARTESIAN_POINT('',(0.09085,0.0524522719558774,-0.000198580050296979));
#5528=CARTESIAN_POINT('',(0.045425,0.0786784079338163,-6.28657645826945E-5));
#5529=CARTESIAN_POINT('',(6.42355069587718E-18,0.104904543911755,7.28485211315932E-5));
#5530=CARTESIAN_POINT('',(-0.045425,0.0786784079338163,0.000208562806845877));
#5531=CARTESIAN_POINT('',(-0.0908499999999999,0.0524522719558775,0.000344277092560165));
#5532=CARTESIAN_POINT('',(-0.0908500000000001,1.11259161702537E-17,0.000479991378274449));
#5533=CARTESIAN_POINT('',(-0.09085,-0.0524522719558774,0.000615705663988737));
#5534=CARTESIAN_POINT('',(-0.045425,-0.0786784079338162,0.00075141994970302));
#5535=CARTESIAN_POINT('',(-1.92706520876315E-17,-0.104904543911755,0.000887134235417305));
#5536=CARTESIAN_POINT('',(0.0454249999999999,-0.0786784079338163,0.00102284852113159));
#5537=CARTESIAN_POINT('',(0.0908499999999999,-0.0524522719558775,0.00115856280684588));
#5538=CARTESIAN_POINT('',(0.0908500000000001,0.,0.00129427709256016));
#5539=CARTESIAN_POINT('',(0.09085,0.0524522719558774,0.00142999137827445));
#5540=CARTESIAN_POINT('',(0.045425,0.0786784079338163,0.00156570566398874));
#5541=CARTESIAN_POINT('',(6.42355069587718E-18,0.104904543911755,0.00170141994970302));
#5542=CARTESIAN_POINT('',(-0.045425,0.0786784079338163,0.00183713423541731));
#5543=CARTESIAN_POINT('',(-0.0908499999999999,0.0524522719558775,0.00197284852113159));
#5544=CARTESIAN_POINT('',(-0.0908500000000001,1.11259161702537E-17,0.00210856280684588));
#5545=CARTESIAN_POINT('',(-0.09085,-0.0524522719558774,0.00224427709256016));
#5546=CARTESIAN_POINT('',(-0.045425,-0.0786784079338162,0.00237999137827445));
#5547=CARTESIAN_POINT('',(-1.92706520876315E-17,-0.104904543911755,0.00251570566398874));
#5548=CARTESIAN_POINT('',(0.0454249999999999,-0.0786784079338163,0.00265141994970302));
#5549=CARTESIAN_POINT('',(0.0908499999999999,-0.0524522719558775,0.0027871342354173));
#5550=CARTESIAN_POINT('',(0.0908500000000001,0.,0.00292284852113159));
#5551=CARTESIAN_POINT('',(0.09085,0.0524522719558774,0.00305856280684588));
#5552=CARTESIAN_POINT('',(0.045425,0.0786784079338163,0.00319427709256016));
#5553=CARTESIAN_POINT('',(6.42355069587718E-18,0.104904543911755,0.00332999137827445));
#5554=CARTESIAN_POINT('',(-0.045425,0.0786784079338163,0.00346570566398874));
#5555=CARTESIAN_POINT('',(-0.0908499999999999,0.0524522719558775,0.00360141994970302));
#5556=CARTESIAN_POINT('',(-0.0908500000000001,1.11259161702537E-17,0.00373713423541731));
#5557=CARTESIAN_POINT('',(-0.09085,-0.0524522719558774,0.00387284852113159));
#5558=CARTESIAN_POINT('',(-0.045425,-0.0786784079338162,0.00400856280684588));
#5559=CARTESIAN_POINT('',(-1.92706520876315E-17,-0.104904543911755,0.00414427709256017));
#5560=CARTESIAN_POINT('',(0.0454249999999999,-0.0786784079338163,0.00427999137827445));
#5561=CARTESIAN_POINT('',(0.0908499999999999,-0.0524522719558775,0.00441570566398873));
#5562=CARTESIAN_POINT('',(0.0908500000000001,0.,0.00455141994970302));
#5563=CARTESIAN_POINT('',(0.09085,0.0524522719558774,0.00468713423541731));
#5564=CARTESIAN_POINT('',(0.045425,0.0786784079338163,0.00482284852113159));
#5565=CARTESIAN_POINT('',(6.42355069587718E-18,0.104904543911755,0.00495856280684588));
#5566=CARTESIAN_POINT('',(-0.045425,0.0786784079338163,0.00509427709256016));
#5567=CARTESIAN_POINT('',(-0.0908499999999999,0.0524522719558775,0.00522999137827445));
#5568=CARTESIAN_POINT('',(-0.0908500000000001,1.11259161702537E-17,0.00536570566398874));
#5569=CARTESIAN_POINT('',(-0.09085,-0.0524522719558774,0.00550141994970302));
#5570=CARTESIAN_POINT('',(-0.045425,-0.0786784079338162,0.00563713423541731));
#5571=CARTESIAN_POINT('',(-1.92706520876315E-17,-0.104904543911755,0.00577284852113159));
#5572=CARTESIAN_POINT('',(0.0454249999999999,-0.0786784079338163,0.00590856280684588));
#5573=CARTESIAN_POINT('',(0.0908499999999999,-0.0524522719558775,0.00604427709256016));
#5574=CARTESIAN_POINT('',(0.0908500000000001,0.,0.00617999137827445));
#5575=CARTESIAN_POINT('',(0.09085,0.0524522719558774,0.00631570566398873));
#5576=CARTESIAN_POINT('',(0.045425,0.0786784079338163,0.00645141994970302));
#5577=CARTESIAN_POINT('',(6.42355069587718E-18,0.104904543911755,0.0065871342354173));
#5578=CARTESIAN_POINT('',(-0.045425,0.0786784079338163,0.0067228485211316));
#5579=CARTESIAN_POINT('',(-0.0908499999999999,0.0524522719558775,0.00685856280684588));
#5580=CARTESIAN_POINT('',(-0.0908500000000001,1.11259161702537E-17,0.00699427709256017));
#5581=CARTESIAN_POINT('',(-0.09085,-0.0524522719558774,0.00712999137827445));
#5582=CARTESIAN_POINT('',(-0.045425,-0.0786784079338162,0.00726570566398874));
#5583=CARTESIAN_POINT('',(-1.92706520876315E-17,-0.104904543911755,0.00740141994970302));
#5584=CARTESIAN_POINT('',(0.0454249999999999,-0.0786784079338163,0.00753713423541731));
#5585=CARTESIAN_POINT('',(0.0908499999999999,-0.0524522719558775,0.00767284852113159));
#5586=CARTESIAN_POINT('',(0.0908500000000001,0.,0.00780856280684588));
#5587=CARTESIAN_POINT('',(0.09085,0.0524522719558774,0.00794427709256017));
#5588=CARTESIAN_POINT('',(0.045425,0.0786784079338163,0.00807999137827445));
#5589=CARTESIAN_POINT('',(6.42355069587718E-18,0.104904543911755,0.00821570566398874));
#5590=CARTESIAN_POINT('',(-0.045425,0.0786784079338163,0.00835141994970302));
#5591=CARTESIAN_POINT('',(-0.0908499999999999,0.0524522719558775,0.0084871342354173));
#5592=CARTESIAN_POINT('',(-0.0908500000000001,1.11259161702537E-17,0.00862284852113159));
#5593=CARTESIAN_POINT('',(-0.09085,-0.0524522719558774,0.00875856280684587));
#5594=CARTESIAN_POINT('',(-0.045425,-0.0786784079338162,0.00889427709256017));
#5595=CARTESIAN_POINT('',(-1.92706520876315E-17,-0.104904543911755,0.00902999137827445));
#5596=CARTESIAN_POINT('',(0.0454249999999999,-0.0786784079338163,0.00916570566398874));
#5597=CARTESIAN_POINT('',(0.0908499999999999,-0.0524522719558775,0.00930141994970302));
#5598=CARTESIAN_POINT('',(0.0908500000000001,0.,0.00943713423541731));
#5599=CARTESIAN_POINT('',(0.09085,0.0524522719558774,0.00957284852113159));
#5600=CARTESIAN_POINT('',(0.045425,0.0786784079338163,0.00970856280684588));
#5601=CARTESIAN_POINT('',(6.42355069587718E-18,0.104904543911755,0.00984427709256016));
#5602=CARTESIAN_POINT('',(-0.045425,0.0786784079338163,0.00997999137827445));
#5603=CARTESIAN_POINT('',(-0.0908499999999999,0.0524522719558775,0.0101157056639887));
#5604=CARTESIAN_POINT('',(-0.0908500000000001,1.11259161702537E-17,0.010251419949703));
#5605=CARTESIAN_POINT('',(-0.09085,-0.0524522719558774,0.0103871342354173));
#5606=CARTESIAN_POINT('',(-0.045425,-0.0786784079338162,0.0105228485211316));
#5607=CARTESIAN_POINT('',(-1.92706520876315E-17,-0.104904543911755,0.0106585628068459));
#5608=CARTESIAN_POINT('',(0.0454249999999999,-0.0786784079338163,0.0107942770925602));
#5609=CARTESIAN_POINT('',(0.0908499999999999,-0.0524522719558775,0.0109299913782744));
#5610=CARTESIAN_POINT('',(0.0908500000000001,0.,0.0110657056639887));
#5611=CARTESIAN_POINT('',(0.09085,0.0524522719558774,0.011201419949703));
#5612=CARTESIAN_POINT('',(0.045425,0.0786784079338163,0.0113371342354173));
#5613=CARTESIAN_POINT('',(6.42355069587718E-18,0.104904543911755,0.0114728485211316));
#5614=CARTESIAN_POINT('',(-0.045425,0.0786784079338163,0.0116085628068459));
#5615=CARTESIAN_POINT('',(-0.0908499999999999,0.0524522719558775,0.0117442770925602));
#5616=CARTESIAN_POINT('',(-0.0908500000000001,1.11259161702537E-17,0.0118799913782745));
#5617=CARTESIAN_POINT('',(-0.09085,-0.0524522719558774,0.0120157056639887));
#5618=CARTESIAN_POINT('',(-0.045425,-0.0786784079338162,0.012151419949703));
#5619=CARTESIAN_POINT('',(-1.92706520876315E-17,-0.104904543911755,0.0122871342354173));
#5620=CARTESIAN_POINT('',(0.0454249999999999,-0.0786784079338163,0.0124228485211316));
#5621=CARTESIAN_POINT('',(0.0908499999999999,-0.0524522719558775,0.0125585628068459));
#5622=CARTESIAN_POINT('',(0.0908500000000001,0.,0.0126942770925602));
#5623=CARTESIAN_POINT('',(0.09085,0.0524522719558774,0.0128299913782744));
#5624=CARTESIAN_POINT('',(0.045425,0.0786784079338163,0.0129657056639887));
#5625=CARTESIAN_POINT('',(6.42355069587718E-18,0.104904543911755,0.013101419949703));
#5626=CARTESIAN_POINT('',(-0.045425,0.0786784079338163,0.0132371342354173));
#5627=CARTESIAN_POINT('',(-0.0908499999999999,0.0524522719558775,0.0133728485211316));
#5628=CARTESIAN_POINT('',(-0.0908500000000001,1.11259161702537E-17,0.0135085628068459));
#5629=CARTESIAN_POINT('',(-0.09085,-0.0524522719558774,0.0136442770925602));
#5630=CARTESIAN_POINT('',(-0.045425,-0.0786784079338162,0.0137799913782744));
#5631=CARTESIAN_POINT('',(-1.92706520876315E-17,-0.104904543911755,0.0139157056639887));
#5632=CARTESIAN_POINT('',(0.0454249999999999,-0.0786784079338163,0.014051419949703));
#5633=CARTESIAN_POINT('',(0.0908499999999999,-0.0524522719558775,0.0141871342354173));
#5634=CARTESIAN_POINT('',(0.0908500000000001,0.,0.0143228485211316));
#5635=CARTESIAN_POINT('',(0.09085,0.0524522719558774,0.0144585628068459));
#5636=CARTESIAN_POINT('',(0.045425,0.0786784079338163,0.0145942770925602));
#5637=CARTESIAN_POINT('',(6.42355069587718E-18,0.104904543911755,0.0147299913782745));
#5638=CARTESIAN_POINT('',(-0.045425,0.0786784079338163,0.0148657056639887));
#5639=CARTESIAN_POINT('',(-0.0908499999999999,0.0524522719558775,0.015001419949703));
#5640=CARTESIAN_POINT('',(-0.0908500000000001,1.11259161702537E-17,0.0151371342354173));
#5641=CARTESIAN_POINT('',(-0.09085,-0.0524522719558774,0.0152728485211316));
#5642=CARTESIAN_POINT('',(-0.045425,-0.0786784079338162,0.0154085628068459));
#5643=CARTESIAN_POINT('',(-1.92706520876315E-17,-0.104904543911755,0.0155442770925602));
#5644=CARTESIAN_POINT('',(0.0454249999999999,-0.0786784079338163,0.0156799913782745));
#5645=CARTESIAN_POINT('',(0.0908499999999999,-0.0524522719558775,0.0158157056639887));
#5646=CARTESIAN_POINT('',(0.0908500000000001,0.,0.015951419949703));
#5647=CARTESIAN_POINT('',(0.09085,0.0524522719558774,0.0160871342354173));
#5648=CARTESIAN_POINT('',(0.045425,0.0786784079338163,0.0162228485211316));
#5649=CARTESIAN_POINT('',(6.42355069587718E-18,0.104904543911755,0.0163585628068459));
#5650=CARTESIAN_POINT('',(-0.045425,0.0786784079338163,0.0164942770925602));
#5651=CARTESIAN_POINT('',(-0.0908499999999999,0.0524522719558775,0.0166299913782744));
#5652=CARTESIAN_POINT('',(-0.0908500000000001,1.11259161702537E-17,0.0167657056639887));
#5653=CARTESIAN_POINT('',(-0.09085,-0.0524522719558774,0.016901419949703));
#5654=CARTESIAN_POINT('',(-0.045425,-0.0786784079338162,0.0170371342354173));
#5655=CARTESIAN_POINT('',(-1.92706520876315E-17,-0.104904543911755,0.0171728485211316));
#5656=CARTESIAN_POINT('',(0.0454249999999999,-0.0786784079338163,0.0173085628068459));
#5657=CARTESIAN_POINT('',(0.0908499999999999,-0.0524522719558775,0.0174442770925602));
#5658=CARTESIAN_POINT('',(0.0908500000000001,0.,0.0175799913782744));
#5659=CARTESIAN_POINT('',(0.09085,0.0524522719558774,0.0177157056639887));
#5660=CARTESIAN_POINT('',(0.045425,0.0786784079338163,0.017851419949703));
#5661=CARTESIAN_POINT('',(6.42355069587718E-18,0.104904543911755,0.0179871342354173));
#5662=CARTESIAN_POINT('',(-0.045425,0.0786784079338163,0.0181228485211316));
#5663=CARTESIAN_POINT('',(-0.0908499999999999,0.0524522719558775,0.0182585628068459));
#5664=CARTESIAN_POINT('',(-0.0908500000000001,1.11259161702537E-17,0.0183942770925602));
#5665=CARTESIAN_POINT('',(-0.09085,-0.0524522719558774,0.0185299913782744));
#5666=CARTESIAN_POINT('',(-0.045425,-0.0786784079338162,0.0186657056639888));
#5667=CARTESIAN_POINT('',(-1.92706520876315E-17,-0.104904543911755,0.018801419949703));
#5668=CARTESIAN_POINT('',(0.0454249999999999,-0.0786784079338163,0.0189371342354173));
#5669=CARTESIAN_POINT('',(0.0908499999999999,-0.0524522719558775,0.0190728485211316));
#5670=CARTESIAN_POINT('',(0.0908500000000001,0.,0.0192085628068459));
#5671=CARTESIAN_POINT('',(0.09085,0.0524522719558774,0.0193442770925602));
#5672=CARTESIAN_POINT('',(0.045425,0.0786784079338163,0.0194799913782745));
#5673=CARTESIAN_POINT('',(6.42355069587718E-18,0.104904543911755,0.0196157056639887));
#5674=CARTESIAN_POINT('',(-0.045425,0.0786784079338163,0.019751419949703));
#5675=CARTESIAN_POINT('',(-0.0908499999999999,0.0524522719558775,0.0198871342354173));
#5676=CARTESIAN_POINT('',(-0.0908500000000001,1.11259161702537E-17,0.0200228485211316));
#5677=CARTESIAN_POINT('',(-0.09085,-0.0524522719558774,0.0201585628068459));
#5678=CARTESIAN_POINT('',(-0.045425,-0.0786784079338162,0.0202942770925602));
#5679=CARTESIAN_POINT('',(-1.92706520876315E-17,-0.104904543911755,0.0204299913782745));
#5680=CARTESIAN_POINT('',(0.0454249999999999,-0.0786784079338163,0.0205657056639887));
#5681=CARTESIAN_POINT('',(0.0908499999999999,-0.0524522719558775,0.020701419949703));
#5682=CARTESIAN_POINT('',(0.0908500000000001,0.,0.0208371342354173));
#5683=CARTESIAN_POINT('',(0.09085,0.0524522719558774,0.0209728485211316));
#5684=CARTESIAN_POINT('',(0.045425,0.0786784079338163,0.0211085628068459));
#5685=CARTESIAN_POINT('',(6.42355069587718E-18,0.104904543911755,0.0212442770925602));
#5686=CARTESIAN_POINT('',(-0.045425,0.0786784079338163,0.0213799913782745));
#5687=CARTESIAN_POINT('',(-0.0908499999999999,0.0524522719558775,0.0215157056639887));
#5688=CARTESIAN_POINT('',(-0.0908500000000001,1.11259161702537E-17,0.0216514199497031));
#5689=CARTESIAN_POINT('',(-0.09085,-0.0524522719558774,0.0217871342354173));
#5690=CARTESIAN_POINT('',(-0.045425,-0.0786784079338162,0.0219228485211316));
#5691=CARTESIAN_POINT('',(-1.92706520876315E-17,-0.104904543911755,0.0220585628068458));
#5692=CARTESIAN_POINT('',(0.0454249999999999,-0.0786784079338163,0.0221942770925602));
#5693=CARTESIAN_POINT('',(0.0908499999999999,-0.0524522719558775,0.0223299913782745));
#5694=CARTESIAN_POINT('',(0.0908500000000001,0.,0.0224657056639888));
#5695=CARTESIAN_POINT('',(0.09085,0.0524522719558774,0.022601419949703));
#5696=CARTESIAN_POINT('',(0.045425,0.0786784079338163,0.0227371342354173));
#5697=CARTESIAN_POINT('',(6.42355069587718E-18,0.104904543911755,0.0228728485211316));
#5698=CARTESIAN_POINT('',(-0.045425,0.0786784079338163,0.0230085628068459));
#5699=CARTESIAN_POINT('',(-0.0908499999999999,0.0524522719558775,0.0231442770925601));
#5700=CARTESIAN_POINT('',(-0.0908500000000001,1.11259161702537E-17,0.0232799913782744));
#5701=CARTESIAN_POINT('',(-0.09085,-0.0524522719558774,0.0234157056639888));
#5702=CARTESIAN_POINT('',(-0.045425,-0.0786784079338162,0.023551419949703));
#5703=CARTESIAN_POINT('',(-1.92706520876315E-17,-0.104904543911755,0.0236871342354173));
#5704=CARTESIAN_POINT('',(0.0454249999999999,-0.0786784079338163,0.0238228485211316));
#5705=CARTESIAN_POINT('',(0.0908499999999999,-0.0524522719558775,0.0239585628068458));
#5706=CARTESIAN_POINT('',(0.0908500000000001,0.,0.0240942770925602));
#5707=CARTESIAN_POINT('',(0.09085,0.0524522719558774,0.0242299913782744));
#5708=CARTESIAN_POINT('',(0.045425,0.0786784079338163,0.0243657056639887));
#5709=CARTESIAN_POINT('',(6.42355069587718E-18,0.104904543911755,0.024501419949703));
#5710=CARTESIAN_POINT('',(-0.045425,0.0786784079338163,0.0246371342354173));
#5711=CARTESIAN_POINT('',(-0.0908499999999999,0.0524522719558775,0.0247728485211316));
#5712=CARTESIAN_POINT('',(-0.0908500000000001,1.11259161702537E-17,0.0249085628068459));
#5713=CARTESIAN_POINT('',(-0.09085,-0.0524522719558774,0.0250442770925601));
#5714=CARTESIAN_POINT('',(-0.045425,-0.0786784079338162,0.0251799913782745));
#5715=CARTESIAN_POINT('',(-1.92706520876315E-17,-0.104904543911755,0.0253157056639887));
#5716=CARTESIAN_POINT('',(0.0454249999999999,-0.0786784079338163,0.025451419949703));
#5717=CARTESIAN_POINT('',(0.0908499999999999,-0.0524522719558775,0.0255871342354173));
#5718=CARTESIAN_POINT('',(0.0908500000000001,0.,0.0257228485211316));
#5719=CARTESIAN_POINT('',(0.09085,0.0524522719558774,0.0258585628068459));
#5720=CARTESIAN_POINT('',(0.045425,0.0786784079338163,0.0259942770925602));
#5721=CARTESIAN_POINT('',(6.42355069587718E-18,0.104904543911755,0.0261299913782744));
#5722=CARTESIAN_POINT('',(-0.045425,0.0786784079338163,0.0262657056639887));
#5723=CARTESIAN_POINT('',(-0.0908499999999999,0.0524522719558775,0.026401419949703));
#5724=CARTESIAN_POINT('',(-0.0908500000000001,1.11259161702537E-17,0.0265371342354173));
#5725=CARTESIAN_POINT('',(-0.09085,-0.0524522719558774,0.0266728485211316));
#5726=CARTESIAN_POINT('',(-0.045425,-0.0786784079338162,0.0268085628068459));
#5727=CARTESIAN_POINT('',(-1.92706520876315E-17,-0.104904543911755,0.0269442770925601));
#5728=CARTESIAN_POINT('',(0.0454249999999999,-0.0786784079338163,0.0270799913782744));
#5729=CARTESIAN_POINT('',(0.0908499999999999,-0.0524522719558775,0.0272157056639887));
#5730=CARTESIAN_POINT('',(0.0908500000000001,0.,0.027351419949703));
#5731=CARTESIAN_POINT('',(0.09085,0.0524522719558774,0.0274871342354173));
#5732=CARTESIAN_POINT('',(0.045425,0.0786784079338163,0.0276228485211316));
#5733=CARTESIAN_POINT('',(6.42355069587718E-18,0.104904543911755,0.0277585628068459));
#5734=CARTESIAN_POINT('',(-0.045425,0.0786784079338163,0.0278942770925602));
#5735=CARTESIAN_POINT('',(-0.0908499999999999,0.0524522719558775,0.0280299913782744));
#5736=CARTESIAN_POINT('',(-0.0908500000000001,1.11259161702537E-17,0.0281657056639888));
#5737=CARTESIAN_POINT('',(-0.09085,-0.0524522719558774,0.028301419949703));
#5738=CARTESIAN_POINT('',(-0.045425,-0.0786784079338162,0.0284371342354173));
#5739=CARTESIAN_POINT('',(-1.92706520876315E-17,-0.104904543911755,0.0285728485211316));
#5740=CARTESIAN_POINT('',(0.0454249999999999,-0.0786784079338163,0.0287085628068459));
#5741=CARTESIAN_POINT('',(0.0908499999999999,-0.0524522719558775,0.0288442770925602));
#5742=CARTESIAN_POINT('',(0.0908500000000001,0.,0.0289799913782745));
#5743=CARTESIAN_POINT('',(0.09085,0.0524522719558774,0.0291157056639887));
#5744=CARTESIAN_POINT('',(0.045425,0.0786784079338163,0.029251419949703));
#5745=CARTESIAN_POINT('',(6.42355069587718E-18,0.104904543911755,0.0293871342354173));
#5746=CARTESIAN_POINT('',(-0.045425,0.0786784079338163,0.0295228485211316));
#5747=CARTESIAN_POINT('',(-0.0908499999999999,0.0524522719558775,0.0296585628068459));
#5748=CARTESIAN_POINT('',(-0.0908500000000001,1.11259161702537E-17,0.0297942770925601));
#5749=CARTESIAN_POINT('',(-0.09085,-0.0524522719558774,0.0299299913782744));
#5750=CARTESIAN_POINT('',(-0.045425,-0.0786784079338162,0.0300657056639887));
#5751=CARTESIAN_POINT('',(-1.92706520876315E-17,-0.104904543911755,0.030201419949703));
#5752=CARTESIAN_POINT('',(0.0454249999999999,-0.0786784079338163,0.0303371342354173));
#5753=CARTESIAN_POINT('',(0.0908499999999999,-0.0524522719558775,0.0304728485211316));
#5754=CARTESIAN_POINT('',(0.0908500000000001,0.,0.0306085628068459));
#5755=CARTESIAN_POINT('',(0.09085,0.0524522719558774,0.0307442770925602));
#5756=CARTESIAN_POINT('',(0.045425,0.0786784079338163,0.0308799913782745));
#5757=CARTESIAN_POINT('',(6.42355069587718E-18,0.104904543911755,0.0310157056639887));
#5758=CARTESIAN_POINT('',(-0.045425,0.0786784079338163,0.0311514199497031));
#5759=CARTESIAN_POINT('',(-0.0908499999999999,0.0524522719558775,0.0312871342354173));
#5760=CARTESIAN_POINT('',(-0.0908500000000001,1.11259161702537E-17,0.0314228485211316));
#5761=CARTESIAN_POINT('',(-0.09085,-0.0524522719558774,0.0315585628068459));
#5762=CARTESIAN_POINT('',(-0.045425,-0.0786784079338162,0.0316942770925602));
#5763=CARTESIAN_POINT('',(-1.92706520876315E-17,-0.104904543911755,0.0318299913782744));
#5764=CARTESIAN_POINT('',(0.0454249999999999,-0.0786784079338163,0.0319657056639887));
#5765=CARTESIAN_POINT('',(0.0908499999999999,-0.0524522719558775,0.032101419949703));
#5766=CARTESIAN_POINT('',(0.0908500000000001,0.,0.0322371342354173));
#5767=CARTESIAN_POINT('',(0.09085,0.0524522719558774,0.0323728485211316));
#5768=CARTESIAN_POINT('',(0.045425,0.0786784079338163,0.0325085628068459));
#5769=CARTESIAN_POINT('',(6.42355069587718E-18,0.104904543911755,0.0326442770925602));
#5770=CARTESIAN_POINT('',(-0.045425,0.0786784079338163,0.0327799913782744));
#5771=CARTESIAN_POINT('',(-0.0908499999999999,0.0524522719558775,0.0329157056639887));
#5772=CARTESIAN_POINT('',(-0.0908500000000001,1.11259161702537E-17,0.033051419949703));
#5773=CARTESIAN_POINT('',(-0.09085,-0.0524522719558774,0.0331871342354173));
#5774=CARTESIAN_POINT('',(-0.045425,-0.0786784079338162,0.0333228485211316));
#5775=CARTESIAN_POINT('',(-1.92706520876315E-17,-0.104904543911755,0.0334585628068459));
#5776=CARTESIAN_POINT('',(0.0454249999999999,-0.0786784079338163,0.0335942770925602));
#5777=CARTESIAN_POINT('',(0.0908499999999999,-0.0524522719558775,0.0337299913782745));
#5778=CARTESIAN_POINT('',(0.0908500000000001,0.,0.0338657056639888));
#5779=CARTESIAN_POINT('',(0.09085,0.0524522719558774,0.034001419949703));
#5780=CARTESIAN_POINT('',(0.045425,0.0786784079338163,0.0341371342354173));
#5781=CARTESIAN_POINT('',(6.42355069587718E-18,0.104904543911755,0.0342728485211315));
#5782=CARTESIAN_POINT('',(-0.045425,0.0786784079338163,0.0344085628068459));
#5783=CARTESIAN_POINT('',(-0.0908499999999999,0.0524522719558775,0.0345442770925602));
#5784=CARTESIAN_POINT('',(-0.0908500000000001,1.11259161702537E-17,0.0346799913782745));
#5785=CARTESIAN_POINT('',(-0.09085,-0.0524522719558774,0.0348157056639887));
#5786=CARTESIAN_POINT('',(-0.045425,-0.0786784079338162,0.034951419949703));
#5787=CARTESIAN_POINT('',(-1.92706520876315E-17,-0.104904543911755,0.0350871342354173));
#5788=CARTESIAN_POINT('',(0.0454249999999999,-0.0786784079338163,0.0352228485211316));
#5789=CARTESIAN_POINT('',(0.0908499999999999,-0.0524522719558775,0.0353585628068459));
#5790=CARTESIAN_POINT('',(0.0908500000000001,0.,0.0354942770925602));
#5791=CARTESIAN_POINT('',(0.09085,0.0524522719558774,0.0356299913782745));
#5792=CARTESIAN_POINT('',(0.045425,0.0786784079338163,0.0357657056639887));
#5793=CARTESIAN_POINT('',(6.42355069587718E-18,0.104904543911755,0.035901419949703));
#5794=CARTESIAN_POINT('',(-0.045425,0.0786784079338163,0.0360371342354173));
#5795=CARTESIAN_POINT('',(-0.0908499999999999,0.0524522719558775,0.0361728485211316));
#5796=CARTESIAN_POINT('',(-0.0908500000000001,1.11259161702537E-17,0.0363085628068459));
#5797=CARTESIAN_POINT('',(-0.09085,-0.0524522719558774,0.0364442770925602));
#5798=CARTESIAN_POINT('',(-0.045425,-0.0786784079338162,0.0365799913782744));
#5799=CARTESIAN_POINT('',(-1.92706520876315E-17,-0.104904543911755,0.0367157056639888));
#5800=CARTESIAN_POINT('',(0.0454249999999999,-0.0786784079338163,0.036851419949703));
#5801=CARTESIAN_POINT('',(0.0908499999999999,-0.0524522719558775,0.0369871342354173));
#5802=CARTESIAN_POINT('',(0.0908500000000001,0.,0.0371228485211316));
#5803=CARTESIAN_POINT('',(0.09085,0.0524522719558774,0.0372585628068458));
#5804=CARTESIAN_POINT('',(0.045425,0.0786784079338163,0.0373942770925602));
#5805=CARTESIAN_POINT('',(6.42355069587718E-18,0.104904543911755,0.0375299913782745));
#5806=CARTESIAN_POINT('',(-0.045425,0.0786784079338163,0.0376657056639888));
#5807=CARTESIAN_POINT('',(-0.0908499999999999,0.0524522719558775,0.037801419949703));
#5808=CARTESIAN_POINT('',(-0.0908500000000001,1.11259161702537E-17,0.0379371342354173));
#5809=CARTESIAN_POINT('',(-0.09085,-0.0524522719558774,0.0380728485211316));
#5810=CARTESIAN_POINT('',(-0.045425,-0.0786784079338162,0.0382085628068459));
#5811=CARTESIAN_POINT('',(-1.92706520876315E-17,-0.104904543911755,0.0383442770925601));
#5812=CARTESIAN_POINT('',(0.0454249999999999,-0.0786784079338163,0.0384799913782745));
#5813=CARTESIAN_POINT('',(0.0908499999999999,-0.0524522719558775,0.0386157056639887));
#5814=CARTESIAN_POINT('',(0.0908500000000001,0.,0.038751419949703));
#5815=CARTESIAN_POINT('',(0.09085,0.0524522719558774,0.0388871342354173));
#5816=CARTESIAN_POINT('',(0.045425,0.0786784079338163,0.0390228485211316));
#5817=CARTESIAN_POINT('',(6.42355069587718E-18,0.104904543911755,0.0391585628068459));
#5818=CARTESIAN_POINT('',(-0.045425,0.0786784079338163,0.0392942770925601));
#5819=CARTESIAN_POINT('',(-0.0908499999999999,0.0524522719558775,0.0394299913782744));
#5820=CARTESIAN_POINT('',(-0.0908500000000001,1.11259161702537E-17,0.0395657056639887));
#5821=CARTESIAN_POINT('',(-0.09085,-0.0524522719558774,0.039701419949703));
#5822=CARTESIAN_POINT('',(-0.045425,-0.0786784079338162,0.0398371342354173));
#5823=CARTESIAN_POINT('',(-1.92706520876315E-17,-0.104904543911755,0.0399728485211316));
#5824=CARTESIAN_POINT('',(0.0454249999999999,-0.0786784079338163,0.0401085628068459));
#5825=CARTESIAN_POINT('',(0.0908499999999999,-0.0524522719558775,0.0402442770925601));
#5826=CARTESIAN_POINT('',(0.0908500000000001,0.,0.0403799913782745));
#5827=CARTESIAN_POINT('',(0.09085,0.,-0.0170098140800807));
#5828=CARTESIAN_POINT('',(0.09085,0.0524522719558775,-0.0168740997943664));
#5829=CARTESIAN_POINT('',(0.045425,0.0786784079338163,-0.0167383855086521));
#5830=CARTESIAN_POINT('',(6.42355069587718E-18,0.104904543911755,-0.0166026712229378));
#5831=CARTESIAN_POINT('',(-0.045425,0.0786784079338163,-0.0164669569372236));
#5832=CARTESIAN_POINT('',(-0.0908499999999999,0.0524522719558775,-0.0163312426515093));
#5833=CARTESIAN_POINT('',(-0.09085,1.11259161702537E-17,-0.016195528365795));
#5834=CARTESIAN_POINT('',(-0.09085,-0.0524522719558775,-0.0160598140800807));
#5835=CARTESIAN_POINT('',(-0.045425,-0.0786784079338162,-0.0159240997943664));
#5836=CARTESIAN_POINT('',(-1.92706520876315E-17,-0.104904543911755,-0.0157883855086521));
#5837=CARTESIAN_POINT('',(0.045425,-0.0786784079338163,-0.0156526712229379));
#5838=CARTESIAN_POINT('',(0.0908499999999999,-0.0524522719558775,-0.0155169569372235));
#5839=CARTESIAN_POINT('',(0.09085,0.,-0.0153812426515092));
#5840=CARTESIAN_POINT('',(0.09085,0.0524522719558775,-0.015245528365795));
#5841=CARTESIAN_POINT('',(0.045425,0.0786784079338163,-0.0151098140800807));
#5842=CARTESIAN_POINT('',(6.42355069587718E-18,0.104904543911755,-0.0149740997943664));
#5843=CARTESIAN_POINT('',(-0.045425,0.0786784079338163,-0.0148383855086521));
#5844=CARTESIAN_POINT('',(-0.0908499999999999,0.0524522719558775,-0.0147026712229378));
#5845=CARTESIAN_POINT('',(-0.09085,1.11259161702537E-17,-0.0145669569372235));
#5846=CARTESIAN_POINT('',(-0.09085,-0.0524522719558775,-0.0144312426515093));
#5847=CARTESIAN_POINT('',(-0.045425,-0.0786784079338162,-0.014295528365795));
#5848=CARTESIAN_POINT('',(-1.92706520876315E-17,-0.104904543911755,-0.0141598140800807));
#5849=CARTESIAN_POINT('',(0.045425,-0.0786784079338163,-0.0140240997943664));
#5850=CARTESIAN_POINT('',(0.0908499999999999,-0.0524522719558775,-0.0138883855086521));
#5851=CARTESIAN_POINT('',(0.09085,0.,-0.0137526712229378));
#5852=CARTESIAN_POINT('',(0.09085,0.0524522719558775,-0.0136169569372235));
#5853=CARTESIAN_POINT('',(0.045425,0.0786784079338163,-0.0134812426515093));
#5854=CARTESIAN_POINT('',(6.42355069587718E-18,0.104904543911755,-0.013345528365795));
#5855=CARTESIAN_POINT('',(-0.045425,0.0786784079338163,-0.0132098140800807));
#5856=CARTESIAN_POINT('',(-0.0908499999999999,0.0524522719558775,-0.0130740997943664));
#5857=CARTESIAN_POINT('',(-0.09085,1.11259161702537E-17,-0.0129383855086521));
#5858=CARTESIAN_POINT('',(-0.09085,-0.0524522719558775,-0.0128026712229378));
#5859=CARTESIAN_POINT('',(-0.045425,-0.0786784079338162,-0.0126669569372235));
#5860=CARTESIAN_POINT('',(-1.92706520876315E-17,-0.104904543911755,-0.0125312426515093));
#5861=CARTESIAN_POINT('',(0.045425,-0.0786784079338163,-0.012395528365795));
#5862=CARTESIAN_POINT('',(0.0908499999999999,-0.0524522719558775,-0.0122598140800807));
#5863=CARTESIAN_POINT('',(0.09085,0.,-0.0121240997943664));
#5864=CARTESIAN_POINT('',(0.09085,0.0524522719558775,-0.0119883855086521));
#5865=CARTESIAN_POINT('',(0.045425,0.0786784079338163,-0.0118526712229378));
#5866=CARTESIAN_POINT('',(6.42355069587718E-18,0.104904543911755,-0.0117169569372235));
#5867=CARTESIAN_POINT('',(-0.045425,0.0786784079338163,-0.0115812426515093));
#5868=CARTESIAN_POINT('',(-0.0908499999999999,0.0524522719558775,-0.011445528365795));
#5869=CARTESIAN_POINT('',(-0.09085,1.11259161702537E-17,-0.0113098140800807));
#5870=CARTESIAN_POINT('',(-0.09085,-0.0524522719558775,-0.0111740997943664));
#5871=CARTESIAN_POINT('',(-0.045425,-0.0786784079338162,-0.0110383855086521));
#5872=CARTESIAN_POINT('',(-1.92706520876315E-17,-0.104904543911755,-0.0109026712229378));
#5873=CARTESIAN_POINT('',(0.045425,-0.0786784079338163,-0.0107669569372235));
#5874=CARTESIAN_POINT('',(0.0908499999999999,-0.0524522719558775,-0.0106312426515093));
#5875=CARTESIAN_POINT('',(0.09085,0.,-0.010495528365795));
#5876=CARTESIAN_POINT('',(0.09085,0.0524522719558775,-0.0103598140800807));
#5877=CARTESIAN_POINT('',(0.045425,0.0786784079338163,-0.0102240997943664));
#5878=CARTESIAN_POINT('',(6.42355069587718E-18,0.104904543911755,-0.0100883855086521));
#5879=CARTESIAN_POINT('',(-0.045425,0.0786784079338163,-0.00995267122293783));
#5880=CARTESIAN_POINT('',(-0.0908499999999999,0.0524522719558775,-0.00981695693722355));
#5881=CARTESIAN_POINT('',(-0.09085,1.11259161702537E-17,-0.00968124265150926));
#5882=CARTESIAN_POINT('',(-0.09085,-0.0524522719558775,-0.00954552836579498));
#5883=CARTESIAN_POINT('',(-0.045425,-0.0786784079338162,-0.00940981408008069));
#5884=CARTESIAN_POINT('',(-1.92706520876315E-17,-0.104904543911755,-0.00927409979436639));
#5885=CARTESIAN_POINT('',(0.045425,-0.0786784079338163,-0.00913838550865212));
#5886=CARTESIAN_POINT('',(0.0908499999999999,-0.0524522719558775,-0.00900267122293783));
#5887=CARTESIAN_POINT('',(0.09085,0.,-0.00886695693722355));
#5888=CARTESIAN_POINT('',(0.09085,0.0524522719558775,-0.00873124265150926));
#5889=CARTESIAN_POINT('',(0.045425,0.0786784079338163,-0.00859552836579498));
#5890=CARTESIAN_POINT('',(6.42355069587718E-18,0.104904543911755,-0.00845981408008069));
#5891=CARTESIAN_POINT('',(-0.045425,0.0786784079338163,-0.0083240997943664));
#5892=CARTESIAN_POINT('',(-0.0908499999999999,0.0524522719558775,-0.00818838550865212));
#5893=CARTESIAN_POINT('',(-0.09085,1.11259161702537E-17,-0.00805267122293783));
#5894=CARTESIAN_POINT('',(-0.09085,-0.0524522719558775,-0.00791695693722355));
#5895=CARTESIAN_POINT('',(-0.045425,-0.0786784079338162,-0.00778124265150926));
#5896=CARTESIAN_POINT('',(-1.92706520876315E-17,-0.104904543911755,-0.00764552836579497));
#5897=CARTESIAN_POINT('',(0.045425,-0.0786784079338163,-0.00750981408008069));
#5898=CARTESIAN_POINT('',(0.0908499999999999,-0.0524522719558775,-0.0073740997943664));
#5899=CARTESIAN_POINT('',(0.09085,0.,-0.00723838550865212));
#5900=CARTESIAN_POINT('',(0.09085,0.0524522719558775,-0.00710267122293783));
#5901=CARTESIAN_POINT('',(0.045425,0.0786784079338163,-0.00696695693722355));
#5902=CARTESIAN_POINT('',(6.42355069587718E-18,0.104904543911755,-0.00683124265150926));
#5903=CARTESIAN_POINT('',(-0.045425,0.0786784079338163,-0.00669552836579498));
#5904=CARTESIAN_POINT('',(-0.0908499999999999,0.0524522719558775,-0.00655981408008069));
#5905=CARTESIAN_POINT('',(-0.09085,1.11259161702537E-17,-0.0064240997943664));
#5906=CARTESIAN_POINT('',(-0.09085,-0.0524522719558775,-0.00628838550865211));
#5907=CARTESIAN_POINT('',(-0.045425,-0.0786784079338162,-0.00615267122293783));
#5908=CARTESIAN_POINT('',(-1.92706520876315E-17,-0.104904543911755,-0.00601695693722354));
#5909=CARTESIAN_POINT('',(0.045425,-0.0786784079338163,-0.00588124265150926));
#5910=CARTESIAN_POINT('',(0.0908499999999999,-0.0524522719558775,-0.00574552836579497));
#5911=CARTESIAN_POINT('',(0.09085,0.,-0.00560981408008069));
#5912=CARTESIAN_POINT('',(0.09085,0.0524522719558775,-0.0054740997943664));
#5913=CARTESIAN_POINT('',(0.045425,0.0786784079338163,-0.00533838550865212));
#5914=CARTESIAN_POINT('',(6.42355069587718E-18,0.104904543911755,-0.00520267122293784));
#5915=CARTESIAN_POINT('',(-0.045425,0.0786784079338163,-0.00506695693722355));
#5916=CARTESIAN_POINT('',(-0.0908499999999999,0.0524522719558775,-0.00493124265150926));
#5917=CARTESIAN_POINT('',(-0.09085,1.11259161702537E-17,-0.00479552836579497));
#5918=CARTESIAN_POINT('',(-0.09085,-0.0524522719558775,-0.00465981408008069));
#5919=CARTESIAN_POINT('',(-0.045425,-0.0786784079338162,-0.0045240997943664));
#5920=CARTESIAN_POINT('',(-1.92706520876315E-17,-0.104904543911755,-0.00438838550865212));
#5921=CARTESIAN_POINT('',(0.045425,-0.0786784079338163,-0.00425267122293784));
#5922=CARTESIAN_POINT('',(0.0908499999999999,-0.0524522719558775,-0.00411695693722355));
#5923=CARTESIAN_POINT('',(0.09085,0.,-0.00398124265150926));
#5924=CARTESIAN_POINT('',(0.09085,0.0524522719558775,-0.00384552836579497));
#5925=CARTESIAN_POINT('',(0.045425,0.0786784079338163,-0.00370981408008069));
#5926=CARTESIAN_POINT('',(6.42355069587718E-18,0.104904543911755,-0.0035740997943664));
#5927=CARTESIAN_POINT('',(-0.045425,0.0786784079338163,-0.00343838550865212));
#5928=CARTESIAN_POINT('',(-0.0908499999999999,0.0524522719558775,-0.00330267122293783));
#5929=CARTESIAN_POINT('',(-0.09085,1.11259161702537E-17,-0.00316695693722355));
#5930=CARTESIAN_POINT('',(-0.09085,-0.0524522719558775,-0.00303124265150926));
#5931=CARTESIAN_POINT('',(-0.045425,-0.0786784079338162,-0.00289552836579498));
#5932=CARTESIAN_POINT('',(-1.92706520876315E-17,-0.104904543911755,-0.00275981408008069));
#5933=CARTESIAN_POINT('',(0.045425,-0.0786784079338163,-0.0026240997943664));
#5934=CARTESIAN_POINT('',(0.0908499999999999,-0.0524522719558775,-0.00248838550865212));
#5935=CARTESIAN_POINT('',(0.09085,0.,-0.00235267122293783));
#5936=CARTESIAN_POINT('',(0.09085,0.0524522719558775,-0.00221695693722355));
#5937=CARTESIAN_POINT('',(0.045425,0.0786784079338163,-0.00208124265150926));
#5938=CARTESIAN_POINT('',(6.42355069587718E-18,0.104904543911755,-0.00194552836579497));
#5939=CARTESIAN_POINT('',(-0.045425,0.0786784079338163,-0.00180981408008069));
#5940=CARTESIAN_POINT('',(-0.0908499999999999,0.0524522719558775,-0.0016740997943664));
#5941=CARTESIAN_POINT('',(-0.09085,1.11259161702537E-17,-0.00153838550865212));
#5942=CARTESIAN_POINT('',(-0.09085,-0.0524522719558775,-0.00140267122293783));
#5943=CARTESIAN_POINT('',(-0.045425,-0.0786784079338162,-0.00126695693722354));
#5944=CARTESIAN_POINT('',(-1.92706520876315E-17,-0.104904543911755,-0.00113124265150926));
#5945=CARTESIAN_POINT('',(0.045425,-0.0786784079338163,-0.000995528365794977));
#5946=CARTESIAN_POINT('',(0.0908499999999999,-0.0524522719558775,-0.000859814080080688));
#5947=CARTESIAN_POINT('',(0.09085,0.,-0.000724099794366405));
#5948=CARTESIAN_POINT('',(0.09085,0.0524522719558775,-0.000588385508652117));
#5949=CARTESIAN_POINT('',(0.045425,0.0786784079338163,-0.000452671222937833));
#5950=CARTESIAN_POINT('',(6.42355069587718E-18,0.104904543911755,-0.000316956937223545));
#5951=CARTESIAN_POINT('',(-0.045425,0.0786784079338163,-0.000181242651509261));
#5952=CARTESIAN_POINT('',(-0.0908499999999999,0.0524522719558775,-4.55283657949737E-5));
#5953=CARTESIAN_POINT('',(-0.09085,1.11259161702537E-17,9.01859199193104E-5));
#5954=CARTESIAN_POINT('',(-0.09085,-0.0524522719558775,0.000225900205633598));
#5955=CARTESIAN_POINT('',(-0.045425,-0.0786784079338162,0.000361614491347882));
#5956=CARTESIAN_POINT('',(-1.92706520876315E-17,-0.104904543911755,0.000497328777062166));
#5957=CARTESIAN_POINT('',(0.045425,-0.0786784079338163,0.000633043062776454));
#5958=CARTESIAN_POINT('',(0.0908499999999999,-0.0524522719558775,0.000768757348490738));
#5959=CARTESIAN_POINT('',(0.09085,0.,0.000904471634205026));
#5960=CARTESIAN_POINT('',(0.09085,0.0524522719558775,0.00104018591991931));
#5961=CARTESIAN_POINT('',(0.045425,0.0786784079338163,0.0011759002056336));
#5962=CARTESIAN_POINT('',(6.42355069587718E-18,0.104904543911755,0.00131161449134788));
#5963=CARTESIAN_POINT('',(-0.045425,0.0786784079338163,0.00144732877706217));
#5964=CARTESIAN_POINT('',(-0.0908499999999999,0.0524522719558775,0.00158304306277645));
#5965=CARTESIAN_POINT('',(-0.09085,1.11259161702537E-17,0.00171875734849074));
#5966=CARTESIAN_POINT('',(-0.09085,-0.0524522719558775,0.00185447163420502));
#5967=CARTESIAN_POINT('',(-0.045425,-0.0786784079338162,0.00199018591991931));
#5968=CARTESIAN_POINT('',(-1.92706520876315E-17,-0.104904543911755,0.00212590020563359));
#5969=CARTESIAN_POINT('',(0.045425,-0.0786784079338163,0.00226161449134788));
#5970=CARTESIAN_POINT('',(0.0908499999999999,-0.0524522719558775,0.00239732877706217));
#5971=CARTESIAN_POINT('',(0.09085,0.,0.00253304306277646));
#5972=CARTESIAN_POINT('',(0.09085,0.0524522719558775,0.00266875734849074));
#5973=CARTESIAN_POINT('',(0.045425,0.0786784079338163,0.00280447163420502));
#5974=CARTESIAN_POINT('',(6.42355069587718E-18,0.104904543911755,0.00294018591991931));
#5975=CARTESIAN_POINT('',(-0.045425,0.0786784079338163,0.0030759002056336));
#5976=CARTESIAN_POINT('',(-0.0908499999999999,0.0524522719558775,0.00321161449134788));
#5977=CARTESIAN_POINT('',(-0.09085,1.11259161702537E-17,0.00334732877706217));
#5978=CARTESIAN_POINT('',(-0.09085,-0.0524522719558775,0.00348304306277645));
#5979=CARTESIAN_POINT('',(-0.045425,-0.0786784079338162,0.00361875734849074));
#5980=CARTESIAN_POINT('',(-1.92706520876315E-17,-0.104904543911755,0.00375447163420503));
#5981=CARTESIAN_POINT('',(0.045425,-0.0786784079338163,0.00389018591991931));
#5982=CARTESIAN_POINT('',(0.0908499999999999,-0.0524522719558775,0.0040259002056336));
#5983=CARTESIAN_POINT('',(0.09085,0.,0.00416161449134789));
#5984=CARTESIAN_POINT('',(0.09085,0.0524522719558775,0.00429732877706216));
#5985=CARTESIAN_POINT('',(0.045425,0.0786784079338163,0.00443304306277646));
#5986=CARTESIAN_POINT('',(6.42355069587718E-18,0.104904543911755,0.00456875734849074));
#5987=CARTESIAN_POINT('',(-0.045425,0.0786784079338163,0.00470447163420502));
#5988=CARTESIAN_POINT('',(-0.0908499999999999,0.0524522719558775,0.00484018591991931));
#5989=CARTESIAN_POINT('',(-0.09085,1.11259161702537E-17,0.0049759002056336));
#5990=CARTESIAN_POINT('',(-0.09085,-0.0524522719558775,0.00511161449134788));
#5991=CARTESIAN_POINT('',(-0.045425,-0.0786784079338162,0.00524732877706217));
#5992=CARTESIAN_POINT('',(-1.92706520876315E-17,-0.104904543911755,0.00538304306277645));
#5993=CARTESIAN_POINT('',(0.045425,-0.0786784079338163,0.00551875734849074));
#5994=CARTESIAN_POINT('',(0.0908499999999999,-0.0524522719558775,0.00565447163420502));
#5995=CARTESIAN_POINT('',(0.09085,0.,0.00579018591991931));
#5996=CARTESIAN_POINT('',(0.09085,0.0524522719558775,0.0059259002056336));
#5997=CARTESIAN_POINT('',(0.045425,0.0786784079338163,0.00606161449134788));
#5998=CARTESIAN_POINT('',(6.42355069587718E-18,0.104904543911755,0.00619732877706216));
#5999=CARTESIAN_POINT('',(-0.045425,0.0786784079338163,0.00633304306277645));
#6000=CARTESIAN_POINT('',(-0.0908499999999999,0.0524522719558775,0.00646875734849074));
#6001=CARTESIAN_POINT('',(-0.09085,1.11259161702537E-17,0.00660447163420503));
#6002=CARTESIAN_POINT('',(-0.09085,-0.0524522719558775,0.00674018591991931));
#6003=CARTESIAN_POINT('',(-0.045425,-0.0786784079338162,0.0068759002056336));
#6004=CARTESIAN_POINT('',(-1.92706520876315E-17,-0.104904543911755,0.00701161449134788));
#6005=CARTESIAN_POINT('',(0.045425,-0.0786784079338163,0.00714732877706217));
#6006=CARTESIAN_POINT('',(0.0908499999999999,-0.0524522719558775,0.00728304306277645));
#6007=CARTESIAN_POINT('',(0.09085,0.,0.00741875734849074));
#6008=CARTESIAN_POINT('',(0.09085,0.0524522719558775,0.00755447163420503));
#6009=CARTESIAN_POINT('',(0.045425,0.0786784079338163,0.00769018591991931));
#6010=CARTESIAN_POINT('',(6.42355069587718E-18,0.104904543911755,0.0078259002056336));
#6011=CARTESIAN_POINT('',(-0.045425,0.0786784079338163,0.00796161449134788));
#6012=CARTESIAN_POINT('',(-0.0908499999999999,0.0524522719558775,0.00809732877706217));
#6013=CARTESIAN_POINT('',(-0.09085,1.11259161702537E-17,0.00823304306277645));
#6014=CARTESIAN_POINT('',(-0.09085,-0.0524522719558775,0.00836875734849074));
#6015=CARTESIAN_POINT('',(-0.045425,-0.0786784079338162,0.00850447163420503));
#6016=CARTESIAN_POINT('',(-1.92706520876315E-17,-0.104904543911755,0.00864018591991932));
#6017=CARTESIAN_POINT('',(0.045425,-0.0786784079338163,0.0087759002056336));
#6018=CARTESIAN_POINT('',(0.0908499999999999,-0.0524522719558775,0.00891161449134789));
#6019=CARTESIAN_POINT('',(0.09085,0.,0.00904732877706217));
#6020=CARTESIAN_POINT('',(0.09085,0.0524522719558775,0.00918304306277645));
#6021=CARTESIAN_POINT('',(0.045425,0.0786784079338163,0.00931875734849074));
#6022=CARTESIAN_POINT('',(6.42355069587718E-18,0.104904543911755,0.00945447163420502));
#6023=CARTESIAN_POINT('',(-0.045425,0.0786784079338163,0.00959018591991931));
#6024=CARTESIAN_POINT('',(-0.0908499999999999,0.0524522719558775,0.00972590020563359));
#6025=CARTESIAN_POINT('',(-0.09085,1.11259161702537E-17,0.00986161449134788));
#6026=CARTESIAN_POINT('',(-0.09085,-0.0524522719558775,0.00999732877706216));
#6027=CARTESIAN_POINT('',(-0.045425,-0.0786784079338162,0.0101330430627765));
#6028=CARTESIAN_POINT('',(-1.92706520876315E-17,-0.104904543911755,0.0102687573484907));
#6029=CARTESIAN_POINT('',(0.045425,-0.0786784079338163,0.010404471634205));
#6030=CARTESIAN_POINT('',(0.0908499999999999,-0.0524522719558775,0.0105401859199193));
#6031=CARTESIAN_POINT('',(0.09085,0.,0.0106759002056336));
#6032=CARTESIAN_POINT('',(0.09085,0.0524522719558775,0.0108116144913479));
#6033=CARTESIAN_POINT('',(0.045425,0.0786784079338163,0.0109473287770622));
#6034=CARTESIAN_POINT('',(6.42355069587718E-18,0.104904543911755,0.0110830430627764));
#6035=CARTESIAN_POINT('',(-0.045425,0.0786784079338163,0.0112187573484907));
#6036=CARTESIAN_POINT('',(-0.0908499999999999,0.0524522719558775,0.011354471634205));
#6037=CARTESIAN_POINT('',(-0.09085,1.11259161702537E-17,0.0114901859199193));
#6038=CARTESIAN_POINT('',(-0.09085,-0.0524522719558775,0.0116259002056336));
#6039=CARTESIAN_POINT('',(-0.045425,-0.0786784079338162,0.0117616144913479));
#6040=CARTESIAN_POINT('',(-1.92706520876315E-17,-0.104904543911755,0.0118973287770622));
#6041=CARTESIAN_POINT('',(0.045425,-0.0786784079338163,0.0120330430627765));
#6042=CARTESIAN_POINT('',(0.0908499999999999,-0.0524522719558775,0.0121687573484907));
#6043=CARTESIAN_POINT('',(0.09085,0.,0.012304471634205));
#6044=CARTESIAN_POINT('',(0.09085,0.0524522719558775,0.0124401859199193));
#6045=CARTESIAN_POINT('',(0.045425,0.0786784079338163,0.0125759002056336));
#6046=CARTESIAN_POINT('',(6.42355069587718E-18,0.104904543911755,0.0127116144913479));
#6047=CARTESIAN_POINT('',(-0.045425,0.0786784079338163,0.0128473287770622));
#6048=CARTESIAN_POINT('',(-0.0908499999999999,0.0524522719558775,0.0129830430627764));
#6049=CARTESIAN_POINT('',(-0.09085,1.11259161702537E-17,0.0131187573484907));
#6050=CARTESIAN_POINT('',(-0.09085,-0.0524522719558775,0.013254471634205));
#6051=CARTESIAN_POINT('',(-0.045425,-0.0786784079338162,0.0133901859199193));
#6052=CARTESIAN_POINT('',(-1.92706520876315E-17,-0.104904543911755,0.0135259002056336));
#6053=CARTESIAN_POINT('',(0.045425,-0.0786784079338163,0.0136616144913479));
#6054=CARTESIAN_POINT('',(0.0908499999999999,-0.0524522719558775,0.0137973287770622));
#6055=CARTESIAN_POINT('',(0.09085,0.,0.0139330430627764));
#6056=CARTESIAN_POINT('',(0.09085,0.0524522719558775,0.0140687573484907));
#6057=CARTESIAN_POINT('',(0.045425,0.0786784079338163,0.014204471634205));
#6058=CARTESIAN_POINT('',(6.42355069587718E-18,0.104904543911755,0.0143401859199193));
#6059=CARTESIAN_POINT('',(-0.045425,0.0786784079338163,0.0144759002056336));
#6060=CARTESIAN_POINT('',(-0.0908499999999999,0.0524522719558775,0.0146116144913479));
#6061=CARTESIAN_POINT('',(-0.09085,1.11259161702537E-17,0.0147473287770622));
#6062=CARTESIAN_POINT('',(-0.09085,-0.0524522719558775,0.0148830430627764));
#6063=CARTESIAN_POINT('',(-0.045425,-0.0786784079338162,0.0150187573484907));
#6064=CARTESIAN_POINT('',(-1.92706520876315E-17,-0.104904543911755,0.015154471634205));
#6065=CARTESIAN_POINT('',(0.045425,-0.0786784079338163,0.0152901859199193));
#6066=CARTESIAN_POINT('',(0.0908499999999999,-0.0524522719558775,0.0154259002056336));
#6067=CARTESIAN_POINT('',(0.09085,0.,0.0155616144913479));
#6068=CARTESIAN_POINT('',(0.09085,0.0524522719558775,0.0156973287770621));
#6069=CARTESIAN_POINT('',(0.045425,0.0786784079338163,0.0158330430627764));
#6070=CARTESIAN_POINT('',(6.42355069587718E-18,0.104904543911755,0.0159687573484907));
#6071=CARTESIAN_POINT('',(-0.045425,0.0786784079338163,0.016104471634205));
#6072=CARTESIAN_POINT('',(-0.0908499999999999,0.0524522719558775,0.0162401859199193));
#6073=CARTESIAN_POINT('',(-0.09085,1.11259161702537E-17,0.0163759002056336));
#6074=CARTESIAN_POINT('',(-0.09085,-0.0524522719558775,0.0165116144913479));
#6075=CARTESIAN_POINT('',(-0.045425,-0.0786784079338162,0.0166473287770622));
#6076=CARTESIAN_POINT('',(-1.92706520876315E-17,-0.104904543911755,0.0167830430627764));
#6077=CARTESIAN_POINT('',(0.045425,-0.0786784079338163,0.0169187573484907));
#6078=CARTESIAN_POINT('',(0.0908499999999999,-0.0524522719558775,0.017054471634205));
#6079=CARTESIAN_POINT('',(0.09085,0.,0.0171901859199193));
#6080=CARTESIAN_POINT('',(0.09085,0.0524522719558775,0.0173259002056336));
#6081=CARTESIAN_POINT('',(0.045425,0.0786784079338163,0.0174616144913479));
#6082=CARTESIAN_POINT('',(6.42355069587718E-18,0.104904543911755,0.0175973287770622));
#6083=CARTESIAN_POINT('',(-0.045425,0.0786784079338163,0.0177330430627764));
#6084=CARTESIAN_POINT('',(-0.0908499999999999,0.0524522719558775,0.0178687573484907));
#6085=CARTESIAN_POINT('',(-0.09085,1.11259161702537E-17,0.018004471634205));
#6086=CARTESIAN_POINT('',(-0.09085,-0.0524522719558775,0.0181401859199193));
#6087=CARTESIAN_POINT('',(-0.045425,-0.0786784079338162,0.0182759002056336));
#6088=CARTESIAN_POINT('',(-1.92706520876315E-17,-0.104904543911755,0.0184116144913479));
#6089=CARTESIAN_POINT('',(0.045425,-0.0786784079338163,0.0185473287770621));
#6090=CARTESIAN_POINT('',(0.0908499999999999,-0.0524522719558775,0.0186830430627765));
#6091=CARTESIAN_POINT('',(0.09085,0.,0.0188187573484907));
#6092=CARTESIAN_POINT('',(0.09085,0.0524522719558775,0.018954471634205));
#6093=CARTESIAN_POINT('',(0.045425,0.0786784079338163,0.0190901859199193));
#6094=CARTESIAN_POINT('',(6.42355069587718E-18,0.104904543911755,0.0192259002056336));
#6095=CARTESIAN_POINT('',(-0.045425,0.0786784079338163,0.0193616144913479));
#6096=CARTESIAN_POINT('',(-0.0908499999999999,0.0524522719558775,0.0194973287770621));
#6097=CARTESIAN_POINT('',(-0.09085,1.11259161702537E-17,0.0196330430627765));
#6098=CARTESIAN_POINT('',(-0.09085,-0.0524522719558775,0.0197687573484908));
#6099=CARTESIAN_POINT('',(-0.045425,-0.0786784079338162,0.019904471634205));
#6100=CARTESIAN_POINT('',(-1.92706520876315E-17,-0.104904543911755,0.0200401859199193));
#6101=CARTESIAN_POINT('',(0.045425,-0.0786784079338163,0.0201759002056336));
#6102=CARTESIAN_POINT('',(0.0908499999999999,-0.0524522719558775,0.0203116144913479));
#6103=CARTESIAN_POINT('',(0.09085,0.,0.0204473287770621));
#6104=CARTESIAN_POINT('',(0.09085,0.0524522719558775,0.0205830430627764));
#6105=CARTESIAN_POINT('',(0.045425,0.0786784079338163,0.0207187573484908));
#6106=CARTESIAN_POINT('',(6.42355069587718E-18,0.104904543911755,0.020854471634205));
#6107=CARTESIAN_POINT('',(-0.045425,0.0786784079338163,0.0209901859199193));
#6108=CARTESIAN_POINT('',(-0.0908499999999999,0.0524522719558775,0.0211259002056336));
#6109=CARTESIAN_POINT('',(-0.09085,1.11259161702537E-17,0.0212616144913479));
#6110=CARTESIAN_POINT('',(-0.09085,-0.0524522719558775,0.0213973287770622));
#6111=CARTESIAN_POINT('',(-0.045425,-0.0786784079338162,0.0215330430627765));
#6112=CARTESIAN_POINT('',(-1.92706520876315E-17,-0.104904543911755,0.0216687573484907));
#6113=CARTESIAN_POINT('',(0.045425,-0.0786784079338163,0.021804471634205));
#6114=CARTESIAN_POINT('',(0.0908499999999999,-0.0524522719558775,0.0219401859199193));
#6115=CARTESIAN_POINT('',(0.09085,0.,0.0220759002056336));
#6116=CARTESIAN_POINT('',(0.09085,0.0524522719558775,0.0222116144913479));
#6117=CARTESIAN_POINT('',(0.045425,0.0786784079338163,0.0223473287770621));
#6118=CARTESIAN_POINT('',(6.42355069587718E-18,0.104904543911755,0.0224830430627764));
#6119=CARTESIAN_POINT('',(-0.045425,0.0786784079338163,0.0226187573484907));
#6120=CARTESIAN_POINT('',(-0.0908499999999999,0.0524522719558775,0.022754471634205));
#6121=CARTESIAN_POINT('',(-0.09085,1.11259161702537E-17,0.0228901859199193));
#6122=CARTESIAN_POINT('',(-0.09085,-0.0524522719558775,0.0230259002056336));
#6123=CARTESIAN_POINT('',(-0.045425,-0.0786784079338162,0.0231616144913479));
#6124=CARTESIAN_POINT('',(-1.92706520876315E-17,-0.104904543911755,0.0232973287770622));
#6125=CARTESIAN_POINT('',(0.045425,-0.0786784079338163,0.0234330430627765));
#6126=CARTESIAN_POINT('',(0.0908499999999999,-0.0524522719558775,0.0235687573484907));
#6127=CARTESIAN_POINT('',(0.09085,0.,0.023704471634205));
#6128=CARTESIAN_POINT('',(0.09085,0.0524522719558775,0.0238401859199193));
#6129=CARTESIAN_POINT('',(0.045425,0.0786784079338163,0.0239759002056336));
#6130=CARTESIAN_POINT('',(6.42355069587718E-18,0.104904543911755,0.0241116144913479));
#6131=CARTESIAN_POINT('',(-0.045425,0.0786784079338163,0.0242473287770621));
#6132=CARTESIAN_POINT('',(-0.0908499999999999,0.0524522719558775,0.0243830430627765));
#6133=CARTESIAN_POINT('',(-0.09085,1.11259161702537E-17,0.0245187573484907));
#6134=CARTESIAN_POINT('',(-0.09085,-0.0524522719558775,0.024654471634205));
#6135=CARTESIAN_POINT('',(-0.045425,-0.0786784079338162,0.0247901859199193));
#6136=CARTESIAN_POINT('',(-1.92706520876315E-17,-0.104904543911755,0.0249259002056336));
#6137=CARTESIAN_POINT('',(0.045425,-0.0786784079338163,0.0250616144913479));
#6138=CARTESIAN_POINT('',(0.0908499999999999,-0.0524522719558775,0.0251973287770621));
#6139=CARTESIAN_POINT('',(0.09085,0.,0.0253330430627765));
#6140=CARTESIAN_POINT('',(0.09085,0.0524522719558775,0.0254687573484908));
#6141=CARTESIAN_POINT('',(0.045425,0.0786784079338163,0.025604471634205));
#6142=CARTESIAN_POINT('',(6.42355069587718E-18,0.104904543911755,0.0257401859199193));
#6143=CARTESIAN_POINT('',(-0.045425,0.0786784079338163,0.0258759002056336));
#6144=CARTESIAN_POINT('',(-0.0908499999999999,0.0524522719558775,0.0260116144913479));
#6145=CARTESIAN_POINT('',(-0.09085,1.11259161702537E-17,0.0261473287770621));
#6146=CARTESIAN_POINT('',(-0.09085,-0.0524522719558775,0.0262830430627765));
#6147=CARTESIAN_POINT('',(-0.045425,-0.0786784079338162,0.0264187573484908));
#6148=CARTESIAN_POINT('',(-1.92706520876315E-17,-0.104904543911755,0.026554471634205));
#6149=CARTESIAN_POINT('',(0.045425,-0.0786784079338163,0.0266901859199193));
#6150=CARTESIAN_POINT('',(0.0908499999999999,-0.0524522719558775,0.0268259002056336));
#6151=CARTESIAN_POINT('',(0.09085,0.,0.0269616144913479));
#6152=CARTESIAN_POINT('',(0.09085,0.0524522719558775,0.0270973287770622));
#6153=CARTESIAN_POINT('',(0.045425,0.0786784079338163,0.0272330430627764));
#6154=CARTESIAN_POINT('',(6.42355069587718E-18,0.104904543911755,0.0273687573484907));
#6155=CARTESIAN_POINT('',(-0.045425,0.0786784079338163,0.027504471634205));
#6156=CARTESIAN_POINT('',(-0.0908499999999999,0.0524522719558775,0.0276401859199193));
#6157=CARTESIAN_POINT('',(-0.09085,1.11259161702537E-17,0.0277759002056336));
#6158=CARTESIAN_POINT('',(-0.09085,-0.0524522719558775,0.0279116144913479));
#6159=CARTESIAN_POINT('',(-0.045425,-0.0786784079338162,0.0280473287770621));
#6160=CARTESIAN_POINT('',(-1.92706520876315E-17,-0.104904543911755,0.0281830430627764));
#6161=CARTESIAN_POINT('',(0.045425,-0.0786784079338163,0.0283187573484908));
#6162=CARTESIAN_POINT('',(0.0908499999999999,-0.0524522719558775,0.028454471634205));
#6163=CARTESIAN_POINT('',(0.09085,0.,0.0285901859199193));
#6164=CARTESIAN_POINT('',(0.09085,0.0524522719558775,0.0287259002056336));
#6165=CARTESIAN_POINT('',(0.045425,0.0786784079338163,0.0288616144913479));
#6166=CARTESIAN_POINT('',(6.42355069587718E-18,0.104904543911755,0.0289973287770622));
#6167=CARTESIAN_POINT('',(-0.045425,0.0786784079338163,0.0291330430627765));
#6168=CARTESIAN_POINT('',(-0.0908499999999999,0.0524522719558775,0.0292687573484907));
#6169=CARTESIAN_POINT('',(-0.09085,1.11259161702537E-17,0.029404471634205));
#6170=CARTESIAN_POINT('',(-0.09085,-0.0524522719558775,0.0295401859199193));
#6171=CARTESIAN_POINT('',(-0.045425,-0.0786784079338162,0.0296759002056336));
#6172=CARTESIAN_POINT('',(-1.92706520876315E-17,-0.104904543911755,0.0298116144913479));
#6173=CARTESIAN_POINT('',(0.045425,-0.0786784079338163,0.0299473287770621));
#6174=CARTESIAN_POINT('',(0.0908499999999999,-0.0524522719558775,0.0300830430627765));
#6175=CARTESIAN_POINT('',(0.09085,0.,0.0302187573484907));
#6176=CARTESIAN_POINT('',(0.09085,0.0524522719558775,0.030354471634205));
#6177=CARTESIAN_POINT('',(0.045425,0.0786784079338163,0.0304901859199193));
#6178=CARTESIAN_POINT('',(6.42355069587718E-18,0.104904543911755,0.0306259002056336));
#6179=CARTESIAN_POINT('',(-0.045425,0.0786784079338163,0.0307616144913479));
#6180=CARTESIAN_POINT('',(-0.0908499999999999,0.0524522719558775,0.0308973287770621));
#6181=CARTESIAN_POINT('',(-0.09085,1.11259161702537E-17,0.0310330430627765));
#6182=CARTESIAN_POINT('',(-0.09085,-0.0524522719558775,0.0311687573484908));
#6183=CARTESIAN_POINT('',(-0.045425,-0.0786784079338162,0.031304471634205));
#6184=CARTESIAN_POINT('',(-1.92706520876315E-17,-0.104904543911755,0.0314401859199193));
#6185=CARTESIAN_POINT('',(0.045425,-0.0786784079338163,0.0315759002056336));
#6186=CARTESIAN_POINT('',(0.0908499999999999,-0.0524522719558775,0.0317116144913479));
#6187=CARTESIAN_POINT('',(0.09085,0.,0.0318473287770622));
#6188=CARTESIAN_POINT('',(0.09085,0.0524522719558775,0.0319830430627764));
#6189=CARTESIAN_POINT('',(0.045425,0.0786784079338163,0.0321187573484908));
#6190=CARTESIAN_POINT('',(6.42355069587718E-18,0.104904543911755,0.032254471634205));
#6191=CARTESIAN_POINT('',(-0.045425,0.0786784079338163,0.0323901859199193));
#6192=CARTESIAN_POINT('',(-0.0908499999999999,0.0524522719558775,0.0325259002056336));
#6193=CARTESIAN_POINT('',(-0.09085,1.11259161702537E-17,0.0326616144913479));
#6194=CARTESIAN_POINT('',(-0.09085,-0.0524522719558775,0.0327973287770622));
#6195=CARTESIAN_POINT('',(-0.045425,-0.0786784079338162,0.0329330430627765));
#6196=CARTESIAN_POINT('',(-1.92706520876315E-17,-0.104904543911755,0.0330687573484907));
#6197=CARTESIAN_POINT('',(0.045425,-0.0786784079338163,0.033204471634205));
#6198=CARTESIAN_POINT('',(0.0908499999999999,-0.0524522719558775,0.0333401859199193));
#6199=CARTESIAN_POINT('',(0.09085,0.,0.0334759002056336));
#6200=CARTESIAN_POINT('',(0.09085,0.0524522719558775,0.0336116144913479));
#6201=CARTESIAN_POINT('',(0.045425,0.0786784079338163,0.0337473287770622));
#6202=CARTESIAN_POINT('',(6.42355069587718E-18,0.104904543911755,0.0338830430627764));
#6203=CARTESIAN_POINT('',(-0.045425,0.0786784079338163,0.0340187573484908));
#6204=CARTESIAN_POINT('',(-0.0908499999999999,0.0524522719558775,0.034154471634205));
#6205=CARTESIAN_POINT('',(-0.09085,1.11259161702537E-17,0.0342901859199193));
#6206=CARTESIAN_POINT('',(-0.09085,-0.0524522719558775,0.0344259002056336));
#6207=CARTESIAN_POINT('',(-0.045425,-0.0786784079338162,0.0345616144913479));
#6208=CARTESIAN_POINT('',(-1.92706520876315E-17,-0.104904543911755,0.0346973287770622));
#6209=CARTESIAN_POINT('',(0.045425,-0.0786784079338163,0.0348330430627765));
#6210=CARTESIAN_POINT('',(0.0908499999999999,-0.0524522719558775,0.0349687573484907));
#6211=CARTESIAN_POINT('',(0.09085,0.,0.035104471634205));
#6212=CARTESIAN_POINT('',(0.09085,0.0524522719558775,0.0352401859199193));
#6213=CARTESIAN_POINT('',(0.045425,0.0786784079338163,0.0353759002056336));
#6214=CARTESIAN_POINT('',(6.42355069587718E-18,0.104904543911755,0.0355116144913479));
#6215=CARTESIAN_POINT('',(-0.045425,0.0786784079338163,0.0356473287770621));
#6216=CARTESIAN_POINT('',(-0.0908499999999999,0.0524522719558775,0.0357830430627765));
#6217=CARTESIAN_POINT('',(-0.09085,1.11259161702537E-17,0.0359187573484908));
#6218=CARTESIAN_POINT('',(-0.09085,-0.0524522719558775,0.036054471634205));
#6219=CARTESIAN_POINT('',(-0.045425,-0.0786784079338162,0.0361901859199193));
#6220=CARTESIAN_POINT('',(-1.92706520876315E-17,-0.104904543911755,0.0363259002056336));
#6221=CARTESIAN_POINT('',(0.045425,-0.0786784079338163,0.0364616144913479));
#6222=CARTESIAN_POINT('',(0.0908499999999999,-0.0524522719558775,0.0365973287770622));
#6223=CARTESIAN_POINT('',(0.09085,0.,0.0367330430627765));
#6224=CARTESIAN_POINT('',(0.09085,0.0524522719558775,0.0368687573484908));
#6225=CARTESIAN_POINT('',(0.045425,0.0786784079338163,0.037004471634205));
#6226=CARTESIAN_POINT('',(6.42355069587718E-18,0.104904543911755,0.0371401859199193));
#6227=CARTESIAN_POINT('',(-0.045425,0.0786784079338163,0.0372759002056336));
#6228=CARTESIAN_POINT('',(-0.0908499999999999,0.0524522719558775,0.0374116144913479));
#6229=CARTESIAN_POINT('',(-0.09085,1.11259161702537E-17,0.0375473287770621));
#6230=CARTESIAN_POINT('',(-0.09085,-0.0524522719558775,0.0376830430627765));
#6231=CARTESIAN_POINT('',(-0.045425,-0.0786784079338162,0.0378187573484908));
#6232=CARTESIAN_POINT('',(-1.92706520876315E-17,-0.104904543911755,0.037954471634205));
#6233=CARTESIAN_POINT('',(0.045425,-0.0786784079338163,0.0380901859199193));
#6234=CARTESIAN_POINT('',(0.0908499999999999,-0.0524522719558775,0.0382259002056336));
#6235=CARTESIAN_POINT('',(0.09085,0.,0.0383616144913479));
#6236=CARTESIAN_POINT('',(0.09085,0.0524522719558775,0.0384973287770621));
#6237=CARTESIAN_POINT('',(0.045425,0.0786784079338163,0.0386330430627764));
#6238=CARTESIAN_POINT('',(6.42355069587718E-18,0.104904543911755,0.0387687573484907));
#6239=CARTESIAN_POINT('',(-0.045425,0.0786784079338163,0.038904471634205));
#6240=CARTESIAN_POINT('',(-0.0908499999999999,0.0524522719558775,0.0390401859199193));
#6241=CARTESIAN_POINT('',(-0.09085,1.11259161702537E-17,0.0391759002056336));
#6242=CARTESIAN_POINT('',(-0.09085,-0.0524522719558775,0.0393116144913479));
#6243=CARTESIAN_POINT('',(-0.045425,-0.0786784079338162,0.0394473287770621));
#6244=CARTESIAN_POINT('',(-1.92706520876315E-17,-0.104904543911755,0.0395830430627764));
#6245=CARTESIAN_POINT('',(0.045425,-0.0786784079338163,0.0397187573484908));
#6246=CARTESIAN_POINT('',(0.0908499999999999,-0.0524522719558775,0.039854471634205));
#6247=CARTESIAN_POINT('',(0.09085,0.,0.0399901859199193));
#6248=CARTESIAN_POINT('',(0.09,0.,0.0399901859199193));
#6249=CARTESIAN_POINT('',(0.09,0.,0.0399901859199193));
#6250=CARTESIAN_POINT('',(0.09,0.,-0.283705804914134));
#6251=CARTESIAN_POINT('',(0.,5.51091059616309E-18,-0.283705804914134));
#6252=MECHANICAL_DESIGN_GEOMETRIC_PRESENTATION_REPRESENTATION('',(#173),
#6253);
#6253=(
GEOMETRIC_REPRESENTATION_CONTEXT(3)
GLOBAL_UNCERTAINTY_ASSIGNED_CONTEXT((#6254))
GLOBAL_UNIT_ASSIGNED_CONTEXT((#6257,#6256,#6255))
REPRESENTATION_CONTEXT('filament','TOP_LEVEL_ASSEMBLY_PART')
);
#6254=UNCERTAINTY_MEASURE_WITH_UNIT(LENGTH_MEASURE(2.E-5),#6257,
'DISTANCE_ACCURACY_VALUE','Maximum Tolerance applied to model');
#6255=(
NAMED_UNIT(*)
SI_UNIT($,.STERADIAN.)
SOLID_ANGLE_UNIT()
);
#6256=(
NAMED_UNIT(*)
PLANE_ANGLE_UNIT()
SI_UNIT($,.RADIAN.)
);
#6257=(
LENGTH_UNIT()
NAMED_UNIT(*)
SI_UNIT($,.METRE.)
);
#6258=PRODUCT_DEFINITION_SHAPE('','',#6259);
#6259=PRODUCT_DEFINITION('','',#6261,#6260);
#6260=PRODUCT_DEFINITION_CONTEXT('',#6267,'design');
#6261=PRODUCT_DEFINITION_FORMATION_WITH_SPECIFIED_SOURCE('','',#6263,
 .NOT_KNOWN.);
#6262=PRODUCT_RELATED_PRODUCT_CATEGORY('','',(#6263));
#6263=PRODUCT('filament','filament','filament',(#6265));
#6264=PRODUCT_CATEGORY('','');
#6265=PRODUCT_CONTEXT('',#6267,'mechanical');
#6266=APPLICATION_PROTOCOL_DEFINITION('international standard',
'ap242_managed_model_based_3d_engineering',2020,#6267);
#6267=APPLICATION_CONTEXT('managed model based 3d engineering');
ENDSEC;
END-ISO-10303-21;
