ISO-10303-21;
HEADER;
/* Generated by software containing ST-Developer
 * from STEP Tools, Inc. (www.steptools.com) 
 */
/* OPTION: using custom renumber hook */

FILE_DESCRIPTION(
/* description */ ('STEP AP242 Edition 2',
'CAx-IF Rec.Pracs.---Representation and Presentation of Product Manufa
cturing Information (PMI)---4.0---2014-10-13',
'CAx-IF Rec.Pracs.---3D Tessellated Geometry---0.4---2014-09-14','2;1',
'CAx-IF Rec.Pracs.---User Defined Attributes---1.5---2016-08-15'),
/* implementation_level */ '2;1');

FILE_NAME(
/* name */ 'better chassis - chassis',
/* time_stamp */ '2026-09-27T03:13:03Z',
/* author */ (''),
/* organization */ (''),
/* preprocessor_version */ 'ST-DEVELOPER v20',
/* originating_system */ 'ONSHAPE BY PTC INC, 1.221',
/* authorisation */ '  ');

FILE_SCHEMA (('AP242_MANAGED_MODEL_BASED_3D_ENGINEERING_MIM_LF { 1 0 10303 442 3 1 4 }'));
ENDSEC;

DATA;
#10=SHAPE_REPRESENTATION_RELATIONSHIP('','',#1826,#11);
#11=ADVANCED_BREP_SHAPE_REPRESENTATION('',(#1824),#3118);
#12=B_SPLINE_CURVE_WITH_KNOTS('',3,(#2772,#2773,#2774,#2775,#2776,#2777,
#2778),.UNSPECIFIED.,.F.,.F.,(4,1,1,1,4),(2.41837753279007E-16,0.000479448548094172,
0.000958897096188102,0.00143834564428203,0.00191779419237596),
 .UNSPECIFIED.);
#13=B_SPLINE_CURVE_WITH_KNOTS('',3,(#2929,#2930,#2931,#2932,#2933,#2934,
#2935),.UNSPECIFIED.,.F.,.F.,(4,1,1,1,4),(2.11259373733162E-16,0.000479448548094182,
0.000958897096188152,0.00143834564428212,0.00191779419237609),
 .UNSPECIFIED.);
#14=PLANE('',#1834);
#15=PLANE('',#1854);
#16=PLANE('',#1874);
#17=PLANE('',#1880);
#18=PLANE('',#1887);
#19=PLANE('',#1903);
#20=PLANE('',#1905);
#21=PLANE('',#1906);
#22=PLANE('',#1920);
#23=PLANE('',#1921);
#24=PLANE('',#1922);
#25=PLANE('',#1923);
#26=PLANE('',#1925);
#27=PLANE('',#1928);
#28=PLANE('',#1935);
#29=PLANE('',#1936);
#30=PLANE('',#1940);
#31=PLANE('',#1947);
#32=PLANE('',#1951);
#33=PLANE('',#1952);
#34=PLANE('',#1955);
#35=PLANE('',#1958);
#36=PLANE('',#1962);
#37=PLANE('',#1968);
#38=PLANE('',#1969);
#39=PLANE('',#1972);
#40=PLANE('',#1975);
#41=PLANE('',#1976);
#42=PLANE('',#1979);
#43=PLANE('',#1982);
#44=PLANE('',#1983);
#45=PLANE('',#1984);
#46=PLANE('',#1985);
#47=PLANE('',#1986);
#48=PLANE('',#1987);
#49=PLANE('',#1988);
#50=PLANE('',#1990);
#51=PLANE('',#1991);
#52=PLANE('',#1992);
#53=PLANE('',#1993);
#54=PLANE('',#1994);
#55=PLANE('',#1995);
#56=PLANE('',#1996);
#57=PLANE('',#1997);
#58=PLANE('',#1998);
#59=LINE('',#2574,#222);
#60=LINE('',#2578,#223);
#61=LINE('',#2583,#224);
#62=LINE('',#2587,#225);
#63=LINE('',#2589,#226);
#64=LINE('',#2594,#227);
#65=LINE('',#2595,#228);
#66=LINE('',#2597,#229);
#67=LINE('',#2599,#230);
#68=LINE('',#2605,#231);
#69=LINE('',#2607,#232);
#70=LINE('',#2609,#233);
#71=LINE('',#2615,#234);
#72=LINE('',#2617,#235);
#73=LINE('',#2619,#236);
#74=LINE('',#2627,#237);
#75=LINE('',#2629,#238);
#76=LINE('',#2633,#239);
#77=LINE('',#2637,#240);
#78=LINE('',#2641,#241);
#79=LINE('',#2649,#242);
#80=LINE('',#2651,#243);
#81=LINE('',#2652,#244);
#82=LINE('',#2657,#245);
#83=LINE('',#2665,#246);
#84=LINE('',#2669,#247);
#85=LINE('',#2671,#248);
#86=LINE('',#2673,#249);
#87=LINE('',#2678,#250);
#88=LINE('',#2680,#251);
#89=LINE('',#2682,#252);
#90=LINE('',#2686,#253);
#91=LINE('',#2693,#254);
#92=LINE('',#2695,#255);
#93=LINE('',#2697,#256);
#94=LINE('',#2705,#257);
#95=LINE('',#2709,#258);
#96=LINE('',#2713,#259);
#97=LINE('',#2717,#260);
#98=LINE('',#2719,#261);
#99=LINE('',#2727,#262);
#100=LINE('',#2729,#263);
#101=LINE('',#2731,#264);
#102=LINE('',#2737,#265);
#103=LINE('',#2739,#266);
#104=LINE('',#2741,#267);
#105=LINE('',#2747,#268);
#106=LINE('',#2749,#269);
#107=LINE('',#2751,#270);
#108=LINE('',#2755,#271);
#109=LINE('',#2760,#272);
#110=LINE('',#2761,#273);
#111=LINE('',#2763,#274);
#112=LINE('',#2765,#275);
#113=LINE('',#2767,#276);
#114=LINE('',#2780,#277);
#115=LINE('',#2781,#278);
#116=LINE('',#2785,#279);
#117=LINE('',#2789,#280);
#118=LINE('',#2793,#281);
#119=LINE('',#2797,#282);
#120=LINE('',#2801,#283);
#121=LINE('',#2807,#284);
#122=LINE('',#2812,#285);
#123=LINE('',#2816,#286);
#124=LINE('',#2820,#287);
#125=LINE('',#2824,#288);
#126=LINE('',#2826,#289);
#127=LINE('',#2828,#290);
#128=LINE('',#2829,#291);
#129=LINE('',#2831,#292);
#130=LINE('',#2832,#293);
#131=LINE('',#2834,#294);
#132=LINE('',#2835,#295);
#133=LINE('',#2840,#296);
#134=LINE('',#2844,#297);
#135=LINE('',#2848,#298);
#136=LINE('',#2852,#299);
#137=LINE('',#2854,#300);
#138=LINE('',#2857,#301);
#139=LINE('',#2858,#302);
#140=LINE('',#2860,#303);
#141=LINE('',#2861,#304);
#142=LINE('',#2863,#305);
#143=LINE('',#2865,#306);
#144=LINE('',#2866,#307);
#145=LINE('',#2868,#308);
#146=LINE('',#2869,#309);
#147=LINE('',#2871,#310);
#148=LINE('',#2872,#311);
#149=LINE('',#2874,#312);
#150=LINE('',#2876,#313);
#151=LINE('',#2877,#314);
#152=LINE('',#2879,#315);
#153=LINE('',#2881,#316);
#154=LINE('',#2883,#317);
#155=LINE('',#2885,#318);
#156=LINE('',#2893,#319);
#157=LINE('',#2897,#320);
#158=LINE('',#2902,#321);
#159=LINE('',#2908,#322);
#160=LINE('',#2910,#323);
#161=LINE('',#2912,#324);
#162=LINE('',#2917,#325);
#163=LINE('',#2921,#326);
#164=LINE('',#2939,#327);
#165=LINE('',#2940,#328);
#166=LINE('',#2942,#329);
#167=LINE('',#2947,#330);
#168=LINE('',#2951,#331);
#169=LINE('',#2953,#332);
#170=LINE('',#2955,#333);
#171=LINE('',#2957,#334);
#172=LINE('',#2961,#335);
#173=LINE('',#2967,#336);
#174=LINE('',#2971,#337);
#175=LINE('',#2974,#338);
#176=LINE('',#2976,#339);
#177=LINE('',#2978,#340);
#178=LINE('',#2982,#341);
#179=LINE('',#2986,#342);
#180=LINE('',#2987,#343);
#181=LINE('',#2990,#344);
#182=LINE('',#2995,#345);
#183=LINE('',#2999,#346);
#184=LINE('',#3003,#347);
#185=LINE('',#3009,#348);
#186=LINE('',#3013,#349);
#187=LINE('',#3017,#350);
#188=LINE('',#3021,#351);
#189=LINE('',#3023,#352);
#190=LINE('',#3024,#353);
#191=LINE('',#3026,#354);
#192=LINE('',#3028,#355);
#193=LINE('',#3030,#356);
#194=LINE('',#3036,#357);
#195=LINE('',#3038,#358);
#196=LINE('',#3040,#359);
#197=LINE('',#3042,#360);
#198=LINE('',#3044,#361);
#199=LINE('',#3045,#362);
#200=LINE('',#3046,#363);
#201=LINE('',#3060,#364);
#202=LINE('',#3061,#365);
#203=LINE('',#3067,#366);
#204=LINE('',#3068,#367);
#205=LINE('',#3070,#368);
#206=LINE('',#3071,#369);
#207=LINE('',#3073,#370);
#208=LINE('',#3074,#371);
#209=LINE('',#3076,#372);
#210=LINE('',#3077,#373);
#211=LINE('',#3079,#374);
#212=LINE('',#3080,#375);
#213=LINE('',#3083,#376);
#214=LINE('',#3084,#377);
#215=LINE('',#3086,#378);
#216=LINE('',#3087,#379);
#217=LINE('',#3089,#380);
#218=LINE('',#3090,#381);
#219=LINE('',#3092,#382);
#220=LINE('',#3093,#383);
#221=LINE('',#3095,#384);
#222=VECTOR('',#2026,1.);
#223=VECTOR('',#2029,1.);
#224=VECTOR('',#2034,1.);
#225=VECTOR('',#2037,1.);
#226=VECTOR('',#2040,1.);
#227=VECTOR('',#2043,1.);
#228=VECTOR('',#2044,1.);
#229=VECTOR('',#2045,1.);
#230=VECTOR('',#2046,1.);
#231=VECTOR('',#2051,1.);
#232=VECTOR('',#2052,1.);
#233=VECTOR('',#2053,1.);
#234=VECTOR('',#2058,1.);
#235=VECTOR('',#2059,1.);
#236=VECTOR('',#2060,1.);
#237=VECTOR('',#2067,1.);
#238=VECTOR('',#2068,1.);
#239=VECTOR('',#2071,1.);
#240=VECTOR('',#2074,1.);
#241=VECTOR('',#2077,1.);
#242=VECTOR('',#2084,1.);
#243=VECTOR('',#2085,1.);
#244=VECTOR('',#2086,1.);
#245=VECTOR('',#2089,1.);
#246=VECTOR('',#2096,1.);
#247=VECTOR('',#2099,1.);
#248=VECTOR('',#2100,1.);
#249=VECTOR('',#2103,1.);
#250=VECTOR('',#2106,1.);
#251=VECTOR('',#2107,1.);
#252=VECTOR('',#2108,1.);
#253=VECTOR('',#2111,1.);
#254=VECTOR('',#2118,1.);
#255=VECTOR('',#2119,1.);
#256=VECTOR('',#2120,1.);
#257=VECTOR('',#2127,1.);
#258=VECTOR('',#2130,1.);
#259=VECTOR('',#2133,1.);
#260=VECTOR('',#2136,1.);
#261=VECTOR('',#2137,1.);
#262=VECTOR('',#2144,1.);
#263=VECTOR('',#2145,1.);
#264=VECTOR('',#2146,1.);
#265=VECTOR('',#2151,1.);
#266=VECTOR('',#2152,1.);
#267=VECTOR('',#2153,1.);
#268=VECTOR('',#2158,1.);
#269=VECTOR('',#2159,1.);
#270=VECTOR('',#2160,1.);
#271=VECTOR('',#2163,1.);
#272=VECTOR('',#2168,1.);
#273=VECTOR('',#2169,1.);
#274=VECTOR('',#2170,1.);
#275=VECTOR('',#2171,1.);
#276=VECTOR('',#2172,1.);
#277=VECTOR('',#2181,1.);
#278=VECTOR('',#2182,1.);
#279=VECTOR('',#2187,1.);
#280=VECTOR('',#2190,1.);
#281=VECTOR('',#2193,1.);
#282=VECTOR('',#2196,1.);
#283=VECTOR('',#2199,1.);
#284=VECTOR('',#2206,1.);
#285=VECTOR('',#2211,1.);
#286=VECTOR('',#2214,1.);
#287=VECTOR('',#2217,1.);
#288=VECTOR('',#2220,1.);
#289=VECTOR('',#2223,1.);
#290=VECTOR('',#2226,1.);
#291=VECTOR('',#2227,1.);
#292=VECTOR('',#2230,1.);
#293=VECTOR('',#2231,1.);
#294=VECTOR('',#2234,1.);
#295=VECTOR('',#2235,1.);
#296=VECTOR('',#2240,1.);
#297=VECTOR('',#2243,1.);
#298=VECTOR('',#2246,1.);
#299=VECTOR('',#2249,1.);
#300=VECTOR('',#2252,1.);
#301=VECTOR('',#2253,1.);
#302=VECTOR('',#2254,1.);
#303=VECTOR('',#2255,1.);
#304=VECTOR('',#2256,1.);
#305=VECTOR('',#2257,1.);
#306=VECTOR('',#2260,1.);
#307=VECTOR('',#2261,1.);
#308=VECTOR('',#2264,1.);
#309=VECTOR('',#2265,1.);
#310=VECTOR('',#2266,1.);
#311=VECTOR('',#2267,1.);
#312=VECTOR('',#2268,1.);
#313=VECTOR('',#2271,1.);
#314=VECTOR('',#2272,1.);
#315=VECTOR('',#2273,1.);
#316=VECTOR('',#2274,1.);
#317=VECTOR('',#2275,1.);
#318=VECTOR('',#2276,1.);
#319=VECTOR('',#2289,1.);
#320=VECTOR('',#2294,1.);
#321=VECTOR('',#2299,1.);
#322=VECTOR('',#2306,1.);
#323=VECTOR('',#2309,1.);
#324=VECTOR('',#2312,1.);
#325=VECTOR('',#2321,1.);
#326=VECTOR('',#2328,1.);
#327=VECTOR('',#2343,1.);
#328=VECTOR('',#2344,1.);
#329=VECTOR('',#2347,1.);
#330=VECTOR('',#2352,1.);
#331=VECTOR('',#2355,1.);
#332=VECTOR('',#2358,1.);
#333=VECTOR('',#2359,1.);
#334=VECTOR('',#2360,1.);
#335=VECTOR('',#2365,1.);
#336=VECTOR('',#2372,1.);
#337=VECTOR('',#2377,1.);
#338=VECTOR('',#2378,1.);
#339=VECTOR('',#2379,1.);
#340=VECTOR('',#2380,1.);
#341=VECTOR('',#2385,1.);
#342=VECTOR('',#2390,1.);
#343=VECTOR('',#2391,1.);
#344=VECTOR('',#2396,1.);
#345=VECTOR('',#2405,1.);
#346=VECTOR('',#2410,1.);
#347=VECTOR('',#2413,1.);
#348=VECTOR('',#2420,1.);
#349=VECTOR('',#2423,1.);
#350=VECTOR('',#2428,1.);
#351=VECTOR('',#2431,1.);
#352=VECTOR('',#2434,1.);
#353=VECTOR('',#2435,1.);
#354=VECTOR('',#2436,1.);
#355=VECTOR('',#2437,1.);
#356=VECTOR('',#2438,1.);
#357=VECTOR('',#2445,1.);
#358=VECTOR('',#2446,1.);
#359=VECTOR('',#2447,1.);
#360=VECTOR('',#2450,1.);
#361=VECTOR('',#2451,1.);
#362=VECTOR('',#2452,1.);
#363=VECTOR('',#2453,1.);
#364=VECTOR('',#2476,1.);
#365=VECTOR('',#2477,1.);
#366=VECTOR('',#2488,1.);
#367=VECTOR('',#2489,1.);
#368=VECTOR('',#2492,1.);
#369=VECTOR('',#2493,1.);
#370=VECTOR('',#2496,1.);
#371=VECTOR('',#2497,1.);
#372=VECTOR('',#2500,1.);
#373=VECTOR('',#2501,1.);
#374=VECTOR('',#2504,1.);
#375=VECTOR('',#2505,1.);
#376=VECTOR('',#2510,1.);
#377=VECTOR('',#2511,1.);
#378=VECTOR('',#2514,1.);
#379=VECTOR('',#2515,1.);
#380=VECTOR('',#2518,1.);
#381=VECTOR('',#2519,1.);
#382=VECTOR('',#2522,1.);
#383=VECTOR('',#2523,1.);
#384=VECTOR('',#2526,1.);
#385=ORIENTED_EDGE('',*,*,#911,.T.);
#386=ORIENTED_EDGE('',*,*,#912,.F.);
#387=ORIENTED_EDGE('',*,*,#913,.F.);
#388=ORIENTED_EDGE('',*,*,#914,.F.);
#389=ORIENTED_EDGE('',*,*,#915,.T.);
#390=ORIENTED_EDGE('',*,*,#916,.T.);
#391=ORIENTED_EDGE('',*,*,#917,.T.);
#392=ORIENTED_EDGE('',*,*,#918,.T.);
#393=ORIENTED_EDGE('',*,*,#919,.F.);
#394=ORIENTED_EDGE('',*,*,#920,.F.);
#395=ORIENTED_EDGE('',*,*,#921,.T.);
#396=ORIENTED_EDGE('',*,*,#917,.F.);
#397=ORIENTED_EDGE('',*,*,#922,.T.);
#398=ORIENTED_EDGE('',*,*,#923,.F.);
#399=ORIENTED_EDGE('',*,*,#924,.F.);
#400=ORIENTED_EDGE('',*,*,#925,.T.);
#401=ORIENTED_EDGE('',*,*,#926,.T.);
#402=ORIENTED_EDGE('',*,*,#927,.T.);
#403=ORIENTED_EDGE('',*,*,#928,.T.);
#404=ORIENTED_EDGE('',*,*,#929,.T.);
#405=ORIENTED_EDGE('',*,*,#930,.T.);
#406=ORIENTED_EDGE('',*,*,#931,.T.);
#407=ORIENTED_EDGE('',*,*,#932,.F.);
#408=ORIENTED_EDGE('',*,*,#933,.F.);
#409=ORIENTED_EDGE('',*,*,#934,.T.);
#410=ORIENTED_EDGE('',*,*,#935,.T.);
#411=ORIENTED_EDGE('',*,*,#936,.T.);
#412=ORIENTED_EDGE('',*,*,#937,.T.);
#413=ORIENTED_EDGE('',*,*,#938,.T.);
#414=ORIENTED_EDGE('',*,*,#939,.T.);
#415=ORIENTED_EDGE('',*,*,#940,.T.);
#416=ORIENTED_EDGE('',*,*,#941,.T.);
#417=ORIENTED_EDGE('',*,*,#942,.T.);
#418=ORIENTED_EDGE('',*,*,#943,.F.);
#419=ORIENTED_EDGE('',*,*,#944,.T.);
#420=ORIENTED_EDGE('',*,*,#945,.F.);
#421=ORIENTED_EDGE('',*,*,#946,.T.);
#422=ORIENTED_EDGE('',*,*,#947,.T.);
#423=ORIENTED_EDGE('',*,*,#948,.T.);
#424=ORIENTED_EDGE('',*,*,#949,.T.);
#425=ORIENTED_EDGE('',*,*,#950,.T.);
#426=ORIENTED_EDGE('',*,*,#951,.F.);
#427=ORIENTED_EDGE('',*,*,#952,.T.);
#428=ORIENTED_EDGE('',*,*,#953,.F.);
#429=ORIENTED_EDGE('',*,*,#954,.T.);
#430=ORIENTED_EDGE('',*,*,#955,.T.);
#431=ORIENTED_EDGE('',*,*,#956,.T.);
#432=ORIENTED_EDGE('',*,*,#957,.T.);
#433=ORIENTED_EDGE('',*,*,#958,.T.);
#434=ORIENTED_EDGE('',*,*,#959,.T.);
#435=ORIENTED_EDGE('',*,*,#960,.F.);
#436=ORIENTED_EDGE('',*,*,#961,.T.);
#437=ORIENTED_EDGE('',*,*,#962,.T.);
#438=ORIENTED_EDGE('',*,*,#963,.T.);
#439=ORIENTED_EDGE('',*,*,#964,.T.);
#440=ORIENTED_EDGE('',*,*,#965,.F.);
#441=ORIENTED_EDGE('',*,*,#966,.T.);
#442=ORIENTED_EDGE('',*,*,#967,.F.);
#443=ORIENTED_EDGE('',*,*,#968,.T.);
#444=ORIENTED_EDGE('',*,*,#969,.F.);
#445=ORIENTED_EDGE('',*,*,#970,.T.);
#446=ORIENTED_EDGE('',*,*,#913,.T.);
#447=ORIENTED_EDGE('',*,*,#971,.T.);
#448=ORIENTED_EDGE('',*,*,#972,.F.);
#449=ORIENTED_EDGE('',*,*,#973,.F.);
#450=ORIENTED_EDGE('',*,*,#974,.T.);
#451=ORIENTED_EDGE('',*,*,#975,.F.);
#452=ORIENTED_EDGE('',*,*,#976,.T.);
#453=ORIENTED_EDGE('',*,*,#977,.T.);
#454=ORIENTED_EDGE('',*,*,#978,.T.);
#455=ORIENTED_EDGE('',*,*,#979,.T.);
#456=ORIENTED_EDGE('',*,*,#980,.T.);
#457=ORIENTED_EDGE('',*,*,#981,.F.);
#458=ORIENTED_EDGE('',*,*,#982,.T.);
#459=ORIENTED_EDGE('',*,*,#983,.F.);
#460=ORIENTED_EDGE('',*,*,#984,.F.);
#461=ORIENTED_EDGE('',*,*,#985,.T.);
#462=ORIENTED_EDGE('',*,*,#986,.F.);
#463=ORIENTED_EDGE('',*,*,#987,.T.);
#464=ORIENTED_EDGE('',*,*,#988,.F.);
#465=ORIENTED_EDGE('',*,*,#989,.T.);
#466=ORIENTED_EDGE('',*,*,#990,.T.);
#467=ORIENTED_EDGE('',*,*,#991,.T.);
#468=ORIENTED_EDGE('',*,*,#992,.F.);
#469=ORIENTED_EDGE('',*,*,#993,.F.);
#470=ORIENTED_EDGE('',*,*,#994,.F.);
#471=ORIENTED_EDGE('',*,*,#995,.F.);
#472=ORIENTED_EDGE('',*,*,#996,.F.);
#473=ORIENTED_EDGE('',*,*,#997,.T.);
#474=ORIENTED_EDGE('',*,*,#998,.T.);
#475=ORIENTED_EDGE('',*,*,#999,.T.);
#476=ORIENTED_EDGE('',*,*,#1000,.F.);
#477=ORIENTED_EDGE('',*,*,#1001,.T.);
#478=ORIENTED_EDGE('',*,*,#1002,.F.);
#479=ORIENTED_EDGE('',*,*,#1003,.T.);
#480=ORIENTED_EDGE('',*,*,#1004,.F.);
#481=ORIENTED_EDGE('',*,*,#1005,.T.);
#482=ORIENTED_EDGE('',*,*,#1006,.T.);
#483=ORIENTED_EDGE('',*,*,#1007,.F.);
#484=ORIENTED_EDGE('',*,*,#1008,.F.);
#485=ORIENTED_EDGE('',*,*,#1000,.T.);
#486=ORIENTED_EDGE('',*,*,#1009,.F.);
#487=ORIENTED_EDGE('',*,*,#922,.F.);
#488=ORIENTED_EDGE('',*,*,#916,.F.);
#489=ORIENTED_EDGE('',*,*,#1010,.T.);
#490=ORIENTED_EDGE('',*,*,#1003,.F.);
#491=ORIENTED_EDGE('',*,*,#1011,.T.);
#492=ORIENTED_EDGE('',*,*,#986,.T.);
#493=ORIENTED_EDGE('',*,*,#1012,.T.);
#494=ORIENTED_EDGE('',*,*,#936,.F.);
#495=ORIENTED_EDGE('',*,*,#1013,.T.);
#496=ORIENTED_EDGE('',*,*,#1014,.F.);
#497=ORIENTED_EDGE('',*,*,#915,.F.);
#498=ORIENTED_EDGE('',*,*,#1015,.T.);
#499=ORIENTED_EDGE('',*,*,#1016,.F.);
#500=ORIENTED_EDGE('',*,*,#1017,.T.);
#501=ORIENTED_EDGE('',*,*,#1018,.T.);
#502=ORIENTED_EDGE('',*,*,#1019,.F.);
#503=ORIENTED_EDGE('',*,*,#1020,.F.);
#504=ORIENTED_EDGE('',*,*,#1021,.T.);
#505=ORIENTED_EDGE('',*,*,#1022,.F.);
#506=ORIENTED_EDGE('',*,*,#1023,.T.);
#507=ORIENTED_EDGE('',*,*,#1024,.T.);
#508=ORIENTED_EDGE('',*,*,#1005,.F.);
#509=ORIENTED_EDGE('',*,*,#1025,.T.);
#510=ORIENTED_EDGE('',*,*,#1026,.F.);
#511=ORIENTED_EDGE('',*,*,#1027,.F.);
#512=ORIENTED_EDGE('',*,*,#1007,.T.);
#513=ORIENTED_EDGE('',*,*,#1028,.T.);
#514=ORIENTED_EDGE('',*,*,#1029,.F.);
#515=ORIENTED_EDGE('',*,*,#1030,.F.);
#516=ORIENTED_EDGE('',*,*,#1031,.F.);
#517=ORIENTED_EDGE('',*,*,#1032,.F.);
#518=ORIENTED_EDGE('',*,*,#1033,.T.);
#519=ORIENTED_EDGE('',*,*,#1034,.T.);
#520=ORIENTED_EDGE('',*,*,#1035,.F.);
#521=ORIENTED_EDGE('',*,*,#911,.F.);
#522=ORIENTED_EDGE('',*,*,#1008,.T.);
#523=ORIENTED_EDGE('',*,*,#1027,.T.);
#524=ORIENTED_EDGE('',*,*,#1036,.T.);
#525=ORIENTED_EDGE('',*,*,#1001,.F.);
#526=ORIENTED_EDGE('',*,*,#1037,.F.);
#527=ORIENTED_EDGE('',*,*,#1016,.T.);
#528=ORIENTED_EDGE('',*,*,#1038,.F.);
#529=ORIENTED_EDGE('',*,*,#920,.T.);
#530=ORIENTED_EDGE('',*,*,#992,.T.);
#531=ORIENTED_EDGE('',*,*,#1039,.T.);
#532=ORIENTED_EDGE('',*,*,#930,.F.);
#533=ORIENTED_EDGE('',*,*,#1040,.F.);
#534=ORIENTED_EDGE('',*,*,#926,.F.);
#535=ORIENTED_EDGE('',*,*,#1041,.T.);
#536=ORIENTED_EDGE('',*,*,#996,.T.);
#537=ORIENTED_EDGE('',*,*,#1042,.F.);
#538=ORIENTED_EDGE('',*,*,#1043,.T.);
#539=ORIENTED_EDGE('',*,*,#1044,.T.);
#540=ORIENTED_EDGE('',*,*,#1045,.F.);
#541=ORIENTED_EDGE('',*,*,#1046,.F.);
#542=ORIENTED_EDGE('',*,*,#1047,.F.);
#543=ORIENTED_EDGE('',*,*,#1048,.T.);
#544=ORIENTED_EDGE('',*,*,#1049,.T.);
#545=ORIENTED_EDGE('',*,*,#1050,.F.);
#546=ORIENTED_EDGE('',*,*,#1051,.T.);
#547=ORIENTED_EDGE('',*,*,#1052,.T.);
#548=ORIENTED_EDGE('',*,*,#1050,.T.);
#549=ORIENTED_EDGE('',*,*,#1053,.T.);
#550=ORIENTED_EDGE('',*,*,#1054,.F.);
#551=ORIENTED_EDGE('',*,*,#1031,.T.);
#552=ORIENTED_EDGE('',*,*,#1055,.F.);
#553=ORIENTED_EDGE('',*,*,#1056,.T.);
#554=ORIENTED_EDGE('',*,*,#975,.T.);
#555=ORIENTED_EDGE('',*,*,#1057,.T.);
#556=ORIENTED_EDGE('',*,*,#947,.F.);
#557=ORIENTED_EDGE('',*,*,#1058,.T.);
#558=ORIENTED_EDGE('',*,*,#1019,.T.);
#559=ORIENTED_EDGE('',*,*,#1059,.T.);
#560=ORIENTED_EDGE('',*,*,#1033,.F.);
#561=ORIENTED_EDGE('',*,*,#1060,.T.);
#562=ORIENTED_EDGE('',*,*,#1061,.F.);
#563=ORIENTED_EDGE('',*,*,#1048,.F.);
#564=ORIENTED_EDGE('',*,*,#1062,.T.);
#565=ORIENTED_EDGE('',*,*,#1063,.T.);
#566=ORIENTED_EDGE('',*,*,#1029,.T.);
#567=ORIENTED_EDGE('',*,*,#1064,.T.);
#568=ORIENTED_EDGE('',*,*,#1023,.F.);
#569=ORIENTED_EDGE('',*,*,#1065,.F.);
#570=ORIENTED_EDGE('',*,*,#1066,.F.);
#571=ORIENTED_EDGE('',*,*,#1067,.T.);
#572=ORIENTED_EDGE('',*,*,#1068,.T.);
#573=ORIENTED_EDGE('',*,*,#1069,.F.);
#574=ORIENTED_EDGE('',*,*,#1060,.F.);
#575=ORIENTED_EDGE('',*,*,#1032,.T.);
#576=ORIENTED_EDGE('',*,*,#1054,.T.);
#577=ORIENTED_EDGE('',*,*,#1070,.F.);
#578=ORIENTED_EDGE('',*,*,#1030,.T.);
#579=ORIENTED_EDGE('',*,*,#1069,.T.);
#580=ORIENTED_EDGE('',*,*,#1071,.F.);
#581=ORIENTED_EDGE('',*,*,#1055,.T.);
#582=ORIENTED_EDGE('',*,*,#1063,.F.);
#583=ORIENTED_EDGE('',*,*,#1072,.T.);
#584=ORIENTED_EDGE('',*,*,#1073,.T.);
#585=ORIENTED_EDGE('',*,*,#1020,.T.);
#586=ORIENTED_EDGE('',*,*,#1074,.T.);
#587=ORIENTED_EDGE('',*,*,#1065,.T.);
#588=ORIENTED_EDGE('',*,*,#1022,.T.);
#589=ORIENTED_EDGE('',*,*,#1075,.T.);
#590=ORIENTED_EDGE('',*,*,#1076,.F.);
#591=ORIENTED_EDGE('',*,*,#1077,.T.);
#592=ORIENTED_EDGE('',*,*,#1078,.T.);
#593=ORIENTED_EDGE('',*,*,#1051,.F.);
#594=ORIENTED_EDGE('',*,*,#1079,.T.);
#595=ORIENTED_EDGE('',*,*,#1067,.F.);
#596=ORIENTED_EDGE('',*,*,#1080,.F.);
#597=ORIENTED_EDGE('',*,*,#1081,.F.);
#598=ORIENTED_EDGE('',*,*,#1062,.F.);
#599=ORIENTED_EDGE('',*,*,#1047,.T.);
#600=ORIENTED_EDGE('',*,*,#1082,.T.);
#601=ORIENTED_EDGE('',*,*,#1072,.F.);
#602=ORIENTED_EDGE('',*,*,#1080,.T.);
#603=ORIENTED_EDGE('',*,*,#1066,.T.);
#604=ORIENTED_EDGE('',*,*,#1074,.F.);
#605=ORIENTED_EDGE('',*,*,#1083,.T.);
#606=ORIENTED_EDGE('',*,*,#1049,.F.);
#607=ORIENTED_EDGE('',*,*,#1061,.T.);
#608=ORIENTED_EDGE('',*,*,#1070,.T.);
#609=ORIENTED_EDGE('',*,*,#1053,.F.);
#610=ORIENTED_EDGE('',*,*,#1068,.F.);
#611=ORIENTED_EDGE('',*,*,#1079,.F.);
#612=ORIENTED_EDGE('',*,*,#1056,.F.);
#613=ORIENTED_EDGE('',*,*,#1071,.T.);
#614=ORIENTED_EDGE('',*,*,#1014,.T.);
#615=ORIENTED_EDGE('',*,*,#1025,.F.);
#616=ORIENTED_EDGE('',*,*,#1084,.F.);
#617=ORIENTED_EDGE('',*,*,#1081,.T.);
#618=ORIENTED_EDGE('',*,*,#1083,.F.);
#619=ORIENTED_EDGE('',*,*,#1075,.F.);
#620=ORIENTED_EDGE('',*,*,#1021,.F.);
#621=ORIENTED_EDGE('',*,*,#1073,.F.);
#622=ORIENTED_EDGE('',*,*,#1082,.F.);
#623=ORIENTED_EDGE('',*,*,#1046,.T.);
#624=ORIENTED_EDGE('',*,*,#1085,.F.);
#625=ORIENTED_EDGE('',*,*,#923,.T.);
#626=ORIENTED_EDGE('',*,*,#1009,.T.);
#627=ORIENTED_EDGE('',*,*,#999,.F.);
#628=ORIENTED_EDGE('',*,*,#998,.F.);
#629=ORIENTED_EDGE('',*,*,#1086,.T.);
#630=ORIENTED_EDGE('',*,*,#924,.T.);
#631=ORIENTED_EDGE('',*,*,#1085,.T.);
#632=ORIENTED_EDGE('',*,*,#1010,.F.);
#633=ORIENTED_EDGE('',*,*,#950,.F.);
#634=ORIENTED_EDGE('',*,*,#1087,.T.);
#635=ORIENTED_EDGE('',*,*,#972,.T.);
#636=ORIENTED_EDGE('',*,*,#1088,.F.);
#637=ORIENTED_EDGE('',*,*,#1089,.T.);
#638=ORIENTED_EDGE('',*,*,#1090,.T.);
#639=ORIENTED_EDGE('',*,*,#1091,.F.);
#640=ORIENTED_EDGE('',*,*,#1035,.T.);
#641=ORIENTED_EDGE('',*,*,#1092,.T.);
#642=ORIENTED_EDGE('',*,*,#1017,.F.);
#643=ORIENTED_EDGE('',*,*,#1037,.T.);
#644=ORIENTED_EDGE('',*,*,#919,.T.);
#645=ORIENTED_EDGE('',*,*,#1088,.T.);
#646=ORIENTED_EDGE('',*,*,#971,.F.);
#647=ORIENTED_EDGE('',*,*,#912,.T.);
#648=ORIENTED_EDGE('',*,*,#1089,.F.);
#649=ORIENTED_EDGE('',*,*,#1093,.T.);
#650=ORIENTED_EDGE('',*,*,#1091,.T.);
#651=ORIENTED_EDGE('',*,*,#949,.F.);
#652=ORIENTED_EDGE('',*,*,#1094,.T.);
#653=ORIENTED_EDGE('',*,*,#973,.T.);
#654=ORIENTED_EDGE('',*,*,#1087,.F.);
#655=ORIENTED_EDGE('',*,*,#1095,.T.);
#656=ORIENTED_EDGE('',*,*,#1096,.F.);
#657=ORIENTED_EDGE('',*,*,#1097,.F.);
#658=ORIENTED_EDGE('',*,*,#1098,.T.);
#659=ORIENTED_EDGE('',*,*,#1099,.T.);
#660=ORIENTED_EDGE('',*,*,#1100,.F.);
#661=ORIENTED_EDGE('',*,*,#1101,.F.);
#662=ORIENTED_EDGE('',*,*,#1096,.T.);
#663=ORIENTED_EDGE('',*,*,#1102,.T.);
#664=ORIENTED_EDGE('',*,*,#1103,.F.);
#665=ORIENTED_EDGE('',*,*,#1104,.F.);
#666=ORIENTED_EDGE('',*,*,#1100,.T.);
#667=ORIENTED_EDGE('',*,*,#1105,.T.);
#668=ORIENTED_EDGE('',*,*,#1106,.T.);
#669=ORIENTED_EDGE('',*,*,#1107,.F.);
#670=ORIENTED_EDGE('',*,*,#933,.T.);
#671=ORIENTED_EDGE('',*,*,#1108,.T.);
#672=ORIENTED_EDGE('',*,*,#1109,.T.);
#673=ORIENTED_EDGE('',*,*,#1110,.F.);
#674=ORIENTED_EDGE('',*,*,#1111,.T.);
#675=ORIENTED_EDGE('',*,*,#1112,.F.);
#676=ORIENTED_EDGE('',*,*,#1113,.T.);
#677=ORIENTED_EDGE('',*,*,#1114,.T.);
#678=ORIENTED_EDGE('',*,*,#989,.F.);
#679=ORIENTED_EDGE('',*,*,#1115,.F.);
#680=ORIENTED_EDGE('',*,*,#1098,.F.);
#681=ORIENTED_EDGE('',*,*,#1116,.T.);
#682=ORIENTED_EDGE('',*,*,#1103,.T.);
#683=ORIENTED_EDGE('',*,*,#1110,.T.);
#684=ORIENTED_EDGE('',*,*,#1117,.T.);
#685=ORIENTED_EDGE('',*,*,#1112,.T.);
#686=ORIENTED_EDGE('',*,*,#988,.T.);
#687=ORIENTED_EDGE('',*,*,#1118,.T.);
#688=ORIENTED_EDGE('',*,*,#934,.F.);
#689=ORIENTED_EDGE('',*,*,#1107,.T.);
#690=ORIENTED_EDGE('',*,*,#1119,.T.);
#691=ORIENTED_EDGE('',*,*,#1097,.T.);
#692=ORIENTED_EDGE('',*,*,#1101,.T.);
#693=ORIENTED_EDGE('',*,*,#1104,.T.);
#694=ORIENTED_EDGE('',*,*,#1116,.F.);
#695=ORIENTED_EDGE('',*,*,#1114,.F.);
#696=ORIENTED_EDGE('',*,*,#1120,.T.);
#697=ORIENTED_EDGE('',*,*,#1108,.F.);
#698=ORIENTED_EDGE('',*,*,#1121,.T.);
#699=ORIENTED_EDGE('',*,*,#1105,.F.);
#700=ORIENTED_EDGE('',*,*,#932,.T.);
#701=ORIENTED_EDGE('',*,*,#1122,.T.);
#702=ORIENTED_EDGE('',*,*,#990,.F.);
#703=ORIENTED_EDGE('',*,*,#1095,.F.);
#704=ORIENTED_EDGE('',*,*,#1115,.T.);
#705=ORIENTED_EDGE('',*,*,#1102,.F.);
#706=ORIENTED_EDGE('',*,*,#1099,.F.);
#707=ORIENTED_EDGE('',*,*,#1045,.T.);
#708=ORIENTED_EDGE('',*,*,#1123,.T.);
#709=ORIENTED_EDGE('',*,*,#1124,.F.);
#710=ORIENTED_EDGE('',*,*,#1125,.T.);
#711=ORIENTED_EDGE('',*,*,#1126,.F.);
#712=ORIENTED_EDGE('',*,*,#1127,.T.);
#713=ORIENTED_EDGE('',*,*,#1076,.T.);
#714=ORIENTED_EDGE('',*,*,#1084,.T.);
#715=ORIENTED_EDGE('',*,*,#1043,.F.);
#716=ORIENTED_EDGE('',*,*,#1052,.F.);
#717=ORIENTED_EDGE('',*,*,#1078,.F.);
#718=ORIENTED_EDGE('',*,*,#1128,.T.);
#719=ORIENTED_EDGE('',*,*,#1129,.F.);
#720=ORIENTED_EDGE('',*,*,#1130,.F.);
#721=ORIENTED_EDGE('',*,*,#1131,.F.);
#722=ORIENTED_EDGE('',*,*,#1132,.T.);
#723=ORIENTED_EDGE('',*,*,#1125,.F.);
#724=ORIENTED_EDGE('',*,*,#1133,.F.);
#725=ORIENTED_EDGE('',*,*,#1134,.T.);
#726=ORIENTED_EDGE('',*,*,#1135,.T.);
#727=ORIENTED_EDGE('',*,*,#1136,.T.);
#728=ORIENTED_EDGE('',*,*,#1131,.T.);
#729=ORIENTED_EDGE('',*,*,#1137,.T.);
#730=ORIENTED_EDGE('',*,*,#1138,.F.);
#731=ORIENTED_EDGE('',*,*,#1139,.F.);
#732=ORIENTED_EDGE('',*,*,#1140,.T.);
#733=ORIENTED_EDGE('',*,*,#1133,.T.);
#734=ORIENTED_EDGE('',*,*,#1124,.T.);
#735=ORIENTED_EDGE('',*,*,#1141,.F.);
#736=ORIENTED_EDGE('',*,*,#1142,.F.);
#737=ORIENTED_EDGE('',*,*,#1143,.F.);
#738=ORIENTED_EDGE('',*,*,#1144,.F.);
#739=ORIENTED_EDGE('',*,*,#1145,.T.);
#740=ORIENTED_EDGE('',*,*,#1139,.T.);
#741=ORIENTED_EDGE('',*,*,#1146,.F.);
#742=ORIENTED_EDGE('',*,*,#1129,.T.);
#743=ORIENTED_EDGE('',*,*,#1147,.T.);
#744=ORIENTED_EDGE('',*,*,#1126,.T.);
#745=ORIENTED_EDGE('',*,*,#1135,.F.);
#746=ORIENTED_EDGE('',*,*,#1148,.T.);
#747=ORIENTED_EDGE('',*,*,#1144,.T.);
#748=ORIENTED_EDGE('',*,*,#1149,.F.);
#749=ORIENTED_EDGE('',*,*,#1137,.F.);
#750=ORIENTED_EDGE('',*,*,#1130,.T.);
#751=ORIENTED_EDGE('',*,*,#1146,.T.);
#752=ORIENTED_EDGE('',*,*,#1150,.F.);
#753=ORIENTED_EDGE('',*,*,#1140,.F.);
#754=ORIENTED_EDGE('',*,*,#1145,.F.);
#755=ORIENTED_EDGE('',*,*,#1148,.F.);
#756=ORIENTED_EDGE('',*,*,#1134,.F.);
#757=ORIENTED_EDGE('',*,*,#1138,.T.);
#758=ORIENTED_EDGE('',*,*,#1150,.T.);
#759=ORIENTED_EDGE('',*,*,#1149,.T.);
#760=ORIENTED_EDGE('',*,*,#1143,.T.);
#761=ORIENTED_EDGE('',*,*,#1151,.F.);
#762=ORIENTED_EDGE('',*,*,#1142,.T.);
#763=ORIENTED_EDGE('',*,*,#1151,.T.);
#764=ORIENTED_EDGE('',*,*,#1152,.F.);
#765=ORIENTED_EDGE('',*,*,#1141,.T.);
#766=ORIENTED_EDGE('',*,*,#1152,.T.);
#767=ORIENTED_EDGE('',*,*,#1153,.F.);
#768=ORIENTED_EDGE('',*,*,#928,.F.);
#769=ORIENTED_EDGE('',*,*,#1154,.T.);
#770=ORIENTED_EDGE('',*,*,#994,.T.);
#771=ORIENTED_EDGE('',*,*,#927,.F.);
#772=ORIENTED_EDGE('',*,*,#1042,.T.);
#773=ORIENTED_EDGE('',*,*,#995,.T.);
#774=ORIENTED_EDGE('',*,*,#1154,.F.);
#775=ORIENTED_EDGE('',*,*,#993,.T.);
#776=ORIENTED_EDGE('',*,*,#1040,.T.);
#777=ORIENTED_EDGE('',*,*,#929,.F.);
#778=ORIENTED_EDGE('',*,*,#1153,.T.);
#779=ORIENTED_EDGE('',*,*,#1015,.F.);
#780=ORIENTED_EDGE('',*,*,#918,.F.);
#781=ORIENTED_EDGE('',*,*,#921,.F.);
#782=ORIENTED_EDGE('',*,*,#1038,.T.);
#783=ORIENTED_EDGE('',*,*,#1036,.F.);
#784=ORIENTED_EDGE('',*,*,#1026,.T.);
#785=ORIENTED_EDGE('',*,*,#914,.T.);
#786=ORIENTED_EDGE('',*,*,#1002,.T.);
#787=ORIENTED_EDGE('',*,*,#961,.F.);
#788=ORIENTED_EDGE('',*,*,#1155,.T.);
#789=ORIENTED_EDGE('',*,*,#953,.T.);
#790=ORIENTED_EDGE('',*,*,#1156,.T.);
#791=ORIENTED_EDGE('',*,*,#955,.F.);
#792=ORIENTED_EDGE('',*,*,#1157,.T.);
#793=ORIENTED_EDGE('',*,*,#969,.T.);
#794=ORIENTED_EDGE('',*,*,#1158,.T.);
#795=ORIENTED_EDGE('',*,*,#957,.F.);
#796=ORIENTED_EDGE('',*,*,#1159,.T.);
#797=ORIENTED_EDGE('',*,*,#967,.T.);
#798=ORIENTED_EDGE('',*,*,#1160,.T.);
#799=ORIENTED_EDGE('',*,*,#959,.F.);
#800=ORIENTED_EDGE('',*,*,#1161,.T.);
#801=ORIENTED_EDGE('',*,*,#965,.T.);
#802=ORIENTED_EDGE('',*,*,#1162,.F.);
#803=ORIENTED_EDGE('',*,*,#963,.F.);
#804=ORIENTED_EDGE('',*,*,#1163,.T.);
#805=ORIENTED_EDGE('',*,*,#951,.T.);
#806=ORIENTED_EDGE('',*,*,#1164,.T.);
#807=ORIENTED_EDGE('',*,*,#1164,.F.);
#808=ORIENTED_EDGE('',*,*,#960,.T.);
#809=ORIENTED_EDGE('',*,*,#1162,.T.);
#810=ORIENTED_EDGE('',*,*,#964,.F.);
#811=ORIENTED_EDGE('',*,*,#981,.T.);
#812=ORIENTED_EDGE('',*,*,#1165,.T.);
#813=ORIENTED_EDGE('',*,*,#941,.F.);
#814=ORIENTED_EDGE('',*,*,#1166,.T.);
#815=ORIENTED_EDGE('',*,*,#979,.F.);
#816=ORIENTED_EDGE('',*,*,#1167,.T.);
#817=ORIENTED_EDGE('',*,*,#943,.T.);
#818=ORIENTED_EDGE('',*,*,#1168,.T.);
#819=ORIENTED_EDGE('',*,*,#977,.F.);
#820=ORIENTED_EDGE('',*,*,#1169,.T.);
#821=ORIENTED_EDGE('',*,*,#945,.T.);
#822=ORIENTED_EDGE('',*,*,#1170,.T.);
#823=ORIENTED_EDGE('',*,*,#983,.T.);
#824=ORIENTED_EDGE('',*,*,#1171,.T.);
#825=ORIENTED_EDGE('',*,*,#939,.F.);
#826=ORIENTED_EDGE('',*,*,#1172,.T.);
#827=ORIENTED_EDGE('',*,*,#938,.F.);
#828=ORIENTED_EDGE('',*,*,#1173,.T.);
#829=ORIENTED_EDGE('',*,*,#984,.T.);
#830=ORIENTED_EDGE('',*,*,#1172,.F.);
#831=ORIENTED_EDGE('',*,*,#991,.F.);
#832=ORIENTED_EDGE('',*,*,#1122,.F.);
#833=ORIENTED_EDGE('',*,*,#931,.F.);
#834=ORIENTED_EDGE('',*,*,#1039,.F.);
#835=ORIENTED_EDGE('',*,*,#935,.F.);
#836=ORIENTED_EDGE('',*,*,#1118,.F.);
#837=ORIENTED_EDGE('',*,*,#987,.F.);
#838=ORIENTED_EDGE('',*,*,#1013,.F.);
#839=ORIENTED_EDGE('',*,*,#954,.F.);
#840=ORIENTED_EDGE('',*,*,#1155,.F.);
#841=ORIENTED_EDGE('',*,*,#970,.F.);
#842=ORIENTED_EDGE('',*,*,#1157,.F.);
#843=ORIENTED_EDGE('',*,*,#956,.F.);
#844=ORIENTED_EDGE('',*,*,#1158,.F.);
#845=ORIENTED_EDGE('',*,*,#968,.F.);
#846=ORIENTED_EDGE('',*,*,#1159,.F.);
#847=ORIENTED_EDGE('',*,*,#952,.F.);
#848=ORIENTED_EDGE('',*,*,#1163,.F.);
#849=ORIENTED_EDGE('',*,*,#962,.F.);
#850=ORIENTED_EDGE('',*,*,#1156,.F.);
#851=ORIENTED_EDGE('',*,*,#958,.F.);
#852=ORIENTED_EDGE('',*,*,#1160,.F.);
#853=ORIENTED_EDGE('',*,*,#966,.F.);
#854=ORIENTED_EDGE('',*,*,#1161,.F.);
#855=ORIENTED_EDGE('',*,*,#944,.F.);
#856=ORIENTED_EDGE('',*,*,#1167,.F.);
#857=ORIENTED_EDGE('',*,*,#978,.F.);
#858=ORIENTED_EDGE('',*,*,#1170,.F.);
#859=ORIENTED_EDGE('',*,*,#942,.F.);
#860=ORIENTED_EDGE('',*,*,#1165,.F.);
#861=ORIENTED_EDGE('',*,*,#980,.F.);
#862=ORIENTED_EDGE('',*,*,#1168,.F.);
#863=ORIENTED_EDGE('',*,*,#940,.F.);
#864=ORIENTED_EDGE('',*,*,#1171,.F.);
#865=ORIENTED_EDGE('',*,*,#982,.F.);
#866=ORIENTED_EDGE('',*,*,#1166,.F.);
#867=ORIENTED_EDGE('',*,*,#1011,.F.);
#868=ORIENTED_EDGE('',*,*,#1004,.T.);
#869=ORIENTED_EDGE('',*,*,#1090,.F.);
#870=ORIENTED_EDGE('',*,*,#1093,.F.);
#871=ORIENTED_EDGE('',*,*,#1117,.F.);
#872=ORIENTED_EDGE('',*,*,#1109,.F.);
#873=ORIENTED_EDGE('',*,*,#1120,.F.);
#874=ORIENTED_EDGE('',*,*,#1113,.F.);
#875=ORIENTED_EDGE('',*,*,#1119,.F.);
#876=ORIENTED_EDGE('',*,*,#1106,.F.);
#877=ORIENTED_EDGE('',*,*,#1121,.F.);
#878=ORIENTED_EDGE('',*,*,#1111,.F.);
#879=ORIENTED_EDGE('',*,*,#997,.F.);
#880=ORIENTED_EDGE('',*,*,#1041,.F.);
#881=ORIENTED_EDGE('',*,*,#925,.F.);
#882=ORIENTED_EDGE('',*,*,#1086,.F.);
#883=ORIENTED_EDGE('',*,*,#1024,.F.);
#884=ORIENTED_EDGE('',*,*,#1064,.F.);
#885=ORIENTED_EDGE('',*,*,#1028,.F.);
#886=ORIENTED_EDGE('',*,*,#1006,.F.);
#887=ORIENTED_EDGE('',*,*,#1127,.F.);
#888=ORIENTED_EDGE('',*,*,#1147,.F.);
#889=ORIENTED_EDGE('',*,*,#1128,.F.);
#890=ORIENTED_EDGE('',*,*,#1077,.F.);
#891=ORIENTED_EDGE('',*,*,#1123,.F.);
#892=ORIENTED_EDGE('',*,*,#1044,.F.);
#893=ORIENTED_EDGE('',*,*,#1132,.F.);
#894=ORIENTED_EDGE('',*,*,#1136,.F.);
#895=ORIENTED_EDGE('',*,*,#1018,.F.);
#896=ORIENTED_EDGE('',*,*,#1092,.F.);
#897=ORIENTED_EDGE('',*,*,#1034,.F.);
#898=ORIENTED_EDGE('',*,*,#1059,.F.);
#899=ORIENTED_EDGE('',*,*,#974,.F.);
#900=ORIENTED_EDGE('',*,*,#1094,.F.);
#901=ORIENTED_EDGE('',*,*,#948,.F.);
#902=ORIENTED_EDGE('',*,*,#1057,.F.);
#903=ORIENTED_EDGE('',*,*,#937,.F.);
#904=ORIENTED_EDGE('',*,*,#1012,.F.);
#905=ORIENTED_EDGE('',*,*,#985,.F.);
#906=ORIENTED_EDGE('',*,*,#1173,.F.);
#907=ORIENTED_EDGE('',*,*,#946,.F.);
#908=ORIENTED_EDGE('',*,*,#1169,.F.);
#909=ORIENTED_EDGE('',*,*,#976,.F.);
#910=ORIENTED_EDGE('',*,*,#1058,.F.);
#911=EDGE_CURVE('',#1174,#1175,#1352,.T.);
#912=EDGE_CURVE('',#1176,#1175,#59,.T.);
#913=EDGE_CURVE('',#1177,#1176,#1353,.T.);
#914=EDGE_CURVE('',#1174,#1177,#60,.T.);
#915=EDGE_CURVE('',#1178,#1179,#1354,.F.);
#916=EDGE_CURVE('',#1179,#1180,#61,.T.);
#917=EDGE_CURVE('',#1180,#1181,#1355,.T.);
#918=EDGE_CURVE('',#1181,#1178,#62,.T.);
#919=EDGE_CURVE('',#1182,#1183,#63,.T.);
#920=EDGE_CURVE('',#1184,#1182,#1356,.T.);
#921=EDGE_CURVE('',#1184,#1181,#64,.T.);
#922=EDGE_CURVE('',#1180,#1185,#65,.T.);
#923=EDGE_CURVE('',#1186,#1185,#66,.T.);
#924=EDGE_CURVE('',#1187,#1186,#67,.T.);
#925=EDGE_CURVE('',#1187,#1188,#1357,.F.);
#926=EDGE_CURVE('',#1188,#1189,#1358,.T.);
#927=EDGE_CURVE('',#1189,#1190,#68,.T.);
#928=EDGE_CURVE('',#1190,#1191,#69,.T.);
#929=EDGE_CURVE('',#1191,#1192,#70,.T.);
#930=EDGE_CURVE('',#1192,#1193,#1359,.T.);
#931=EDGE_CURVE('',#1193,#1194,#1360,.F.);
#932=EDGE_CURVE('',#1195,#1194,#71,.T.);
#933=EDGE_CURVE('',#1196,#1195,#72,.T.);
#934=EDGE_CURVE('',#1196,#1197,#73,.T.);
#935=EDGE_CURVE('',#1197,#1198,#1361,.F.);
#936=EDGE_CURVE('',#1198,#1199,#1362,.T.);
#937=EDGE_CURVE('',#1199,#1200,#1363,.F.);
#938=EDGE_CURVE('',#1200,#1201,#74,.T.);
#939=EDGE_CURVE('',#1201,#1202,#75,.T.);
#940=EDGE_CURVE('',#1202,#1203,#1364,.T.);
#941=EDGE_CURVE('',#1203,#1204,#76,.T.);
#942=EDGE_CURVE('',#1204,#1205,#1365,.T.);
#943=EDGE_CURVE('',#1206,#1205,#77,.T.);
#944=EDGE_CURVE('',#1206,#1207,#1366,.F.);
#945=EDGE_CURVE('',#1208,#1207,#78,.T.);
#946=EDGE_CURVE('',#1208,#1209,#1367,.F.);
#947=EDGE_CURVE('',#1209,#1210,#1368,.T.);
#948=EDGE_CURVE('',#1210,#1211,#1369,.F.);
#949=EDGE_CURVE('',#1211,#1212,#79,.T.);
#950=EDGE_CURVE('',#1212,#1183,#80,.T.);
#951=EDGE_CURVE('',#1213,#1214,#81,.T.);
#952=EDGE_CURVE('',#1213,#1215,#1370,.T.);
#953=EDGE_CURVE('',#1216,#1215,#82,.T.);
#954=EDGE_CURVE('',#1216,#1217,#1371,.F.);
#955=EDGE_CURVE('',#1217,#1218,#1372,.T.);
#956=EDGE_CURVE('',#1218,#1219,#1373,.F.);
#957=EDGE_CURVE('',#1219,#1220,#83,.T.);
#958=EDGE_CURVE('',#1220,#1221,#1374,.T.);
#959=EDGE_CURVE('',#1221,#1222,#84,.T.);
#960=EDGE_CURVE('',#1214,#1222,#85,.T.);
#961=EDGE_CURVE('',#1223,#1224,#86,.T.);
#962=EDGE_CURVE('',#1224,#1225,#1375,.F.);
#963=EDGE_CURVE('',#1225,#1226,#87,.T.);
#964=EDGE_CURVE('',#1226,#1227,#88,.T.);
#965=EDGE_CURVE('',#1228,#1227,#89,.T.);
#966=EDGE_CURVE('',#1228,#1229,#1376,.F.);
#967=EDGE_CURVE('',#1230,#1229,#90,.T.);
#968=EDGE_CURVE('',#1230,#1231,#1377,.T.);
#969=EDGE_CURVE('',#1232,#1231,#1378,.T.);
#970=EDGE_CURVE('',#1232,#1223,#1379,.T.);
#971=EDGE_CURVE('',#1176,#1233,#91,.T.);
#972=EDGE_CURVE('',#1234,#1233,#92,.T.);
#973=EDGE_CURVE('',#1235,#1234,#93,.T.);
#974=EDGE_CURVE('',#1235,#1236,#1380,.T.);
#975=EDGE_CURVE('',#1237,#1236,#1381,.T.);
#976=EDGE_CURVE('',#1237,#1238,#1382,.T.);
#977=EDGE_CURVE('',#1238,#1239,#94,.T.);
#978=EDGE_CURVE('',#1239,#1240,#1383,.T.);
#979=EDGE_CURVE('',#1240,#1241,#95,.T.);
#980=EDGE_CURVE('',#1241,#1242,#1384,.F.);
#981=EDGE_CURVE('',#1243,#1242,#96,.T.);
#982=EDGE_CURVE('',#1243,#1244,#1385,.F.);
#983=EDGE_CURVE('',#1245,#1244,#97,.T.);
#984=EDGE_CURVE('',#1246,#1245,#98,.T.);
#985=EDGE_CURVE('',#1246,#1247,#1386,.T.);
#986=EDGE_CURVE('',#1248,#1247,#1387,.T.);
#987=EDGE_CURVE('',#1248,#1249,#1388,.T.);
#988=EDGE_CURVE('',#1250,#1249,#99,.T.);
#989=EDGE_CURVE('',#1250,#1251,#100,.T.);
#990=EDGE_CURVE('',#1251,#1252,#101,.T.);
#991=EDGE_CURVE('',#1252,#1253,#1389,.T.);
#992=EDGE_CURVE('',#1254,#1253,#1390,.T.);
#993=EDGE_CURVE('',#1255,#1254,#102,.T.);
#994=EDGE_CURVE('',#1256,#1255,#103,.T.);
#995=EDGE_CURVE('',#1257,#1256,#104,.T.);
#996=EDGE_CURVE('',#1258,#1257,#1391,.T.);
#997=EDGE_CURVE('',#1258,#1259,#1392,.T.);
#998=EDGE_CURVE('',#1259,#1260,#105,.T.);
#999=EDGE_CURVE('',#1260,#1261,#106,.T.);
#1000=EDGE_CURVE('',#1262,#1261,#107,.T.);
#1001=EDGE_CURVE('',#1262,#1263,#1393,.T.);
#1002=EDGE_CURVE('',#1177,#1263,#108,.T.);
#1003=EDGE_CURVE('',#1264,#1265,#1394,.T.);
#1004=EDGE_CURVE('',#1264,#1265,#109,.T.);
#1005=EDGE_CURVE('',#1179,#1266,#110,.T.);
#1006=EDGE_CURVE('',#1266,#1267,#111,.T.);
#1007=EDGE_CURVE('',#1268,#1267,#112,.T.);
#1008=EDGE_CURVE('',#1262,#1268,#113,.T.);
#1009=EDGE_CURVE('',#1185,#1261,#1395,.T.);
#1010=EDGE_CURVE('',#1269,#1269,#1396,.T.);
#1011=EDGE_CURVE('',#1264,#1265,#12,.T.);
#1012=EDGE_CURVE('',#1247,#1199,#114,.F.);
#1013=EDGE_CURVE('',#1198,#1248,#115,.T.);
#1014=EDGE_CURVE('',#1270,#1270,#1397,.T.);
#1015=EDGE_CURVE('',#1178,#1271,#116,.T.);
#1016=EDGE_CURVE('',#1272,#1271,#1398,.F.);
#1017=EDGE_CURVE('',#1272,#1273,#117,.T.);
#1018=EDGE_CURVE('',#1273,#1274,#1399,.F.);
#1019=EDGE_CURVE('',#1275,#1274,#118,.T.);
#1020=EDGE_CURVE('',#1276,#1275,#1400,.F.);
#1021=EDGE_CURVE('',#1276,#1277,#119,.T.);
#1022=EDGE_CURVE('',#1278,#1277,#1401,.F.);
#1023=EDGE_CURVE('',#1278,#1279,#120,.T.);
#1024=EDGE_CURVE('',#1279,#1266,#1402,.F.);
#1025=EDGE_CURVE('',#1280,#1280,#1403,.T.);
#1026=EDGE_CURVE('',#1281,#1174,#121,.T.);
#1027=EDGE_CURVE('',#1268,#1281,#1404,.T.);
#1028=EDGE_CURVE('',#1267,#1282,#1405,.T.);
#1029=EDGE_CURVE('',#1283,#1282,#122,.T.);
#1030=EDGE_CURVE('',#1284,#1283,#1406,.T.);
#1031=EDGE_CURVE('',#1285,#1284,#123,.T.);
#1032=EDGE_CURVE('',#1286,#1285,#1407,.T.);
#1033=EDGE_CURVE('',#1286,#1287,#124,.T.);
#1034=EDGE_CURVE('',#1287,#1288,#1408,.T.);
#1035=EDGE_CURVE('',#1175,#1288,#125,.T.);
#1036=EDGE_CURVE('',#1281,#1263,#126,.T.);
#1037=EDGE_CURVE('',#1272,#1182,#127,.T.);
#1038=EDGE_CURVE('',#1184,#1271,#128,.T.);
#1039=EDGE_CURVE('',#1253,#1193,#129,.F.);
#1040=EDGE_CURVE('',#1254,#1192,#130,.F.);
#1041=EDGE_CURVE('',#1188,#1258,#131,.T.);
#1042=EDGE_CURVE('',#1189,#1257,#132,.T.);
#1043=EDGE_CURVE('',#1289,#1290,#1409,.T.);
#1044=EDGE_CURVE('',#1290,#1291,#133,.F.);
#1045=EDGE_CURVE('',#1292,#1291,#1410,.T.);
#1046=EDGE_CURVE('',#1293,#1292,#134,.T.);
#1047=EDGE_CURVE('',#1294,#1293,#1411,.T.);
#1048=EDGE_CURVE('',#1294,#1295,#135,.T.);
#1049=EDGE_CURVE('',#1295,#1296,#1412,.T.);
#1050=EDGE_CURVE('',#1289,#1296,#136,.T.);
#1051=EDGE_CURVE('',#1297,#1298,#137,.F.);
#1052=EDGE_CURVE('',#1298,#1289,#138,.T.);
#1053=EDGE_CURVE('',#1296,#1299,#139,.T.);
#1054=EDGE_CURVE('',#1285,#1299,#140,.T.);
#1055=EDGE_CURVE('',#1300,#1284,#141,.F.);
#1056=EDGE_CURVE('',#1300,#1297,#142,.T.);
#1057=EDGE_CURVE('',#1236,#1210,#143,.F.);
#1058=EDGE_CURVE('',#1209,#1237,#144,.T.);
#1059=EDGE_CURVE('',#1274,#1287,#145,.T.);
#1060=EDGE_CURVE('',#1286,#1301,#146,.T.);
#1061=EDGE_CURVE('',#1295,#1301,#147,.T.);
#1062=EDGE_CURVE('',#1294,#1302,#148,.T.);
#1063=EDGE_CURVE('',#1302,#1275,#149,.T.);
#1064=EDGE_CURVE('',#1282,#1279,#150,.F.);
#1065=EDGE_CURVE('',#1303,#1278,#151,.T.);
#1066=EDGE_CURVE('',#1304,#1303,#152,.T.);
#1067=EDGE_CURVE('',#1304,#1305,#153,.T.);
#1068=EDGE_CURVE('',#1305,#1306,#154,.T.);
#1069=EDGE_CURVE('',#1283,#1306,#155,.T.);
#1070=EDGE_CURVE('',#1301,#1299,#1413,.T.);
#1071=EDGE_CURVE('',#1300,#1306,#1414,.T.);
#1072=EDGE_CURVE('',#1302,#1307,#1415,.T.);
#1073=EDGE_CURVE('',#1307,#1276,#156,.T.);
#1074=EDGE_CURVE('',#1308,#1303,#1416,.T.);
#1075=EDGE_CURVE('',#1277,#1308,#157,.F.);
#1076=EDGE_CURVE('',#1309,#1310,#1417,.T.);
#1077=EDGE_CURVE('',#1309,#1311,#158,.T.);
#1078=EDGE_CURVE('',#1311,#1298,#1418,.T.);
#1079=EDGE_CURVE('',#1297,#1305,#1419,.T.);
#1080=EDGE_CURVE('',#1312,#1304,#1420,.T.);
#1081=EDGE_CURVE('',#1310,#1312,#159,.F.);
#1082=EDGE_CURVE('',#1293,#1307,#160,.T.);
#1083=EDGE_CURVE('',#1308,#1312,#161,.T.);
#1084=EDGE_CURVE('',#1310,#1292,#162,.T.);
#1085=EDGE_CURVE('',#1186,#1260,#1421,.T.);
#1086=EDGE_CURVE('',#1259,#1187,#163,.F.);
#1087=EDGE_CURVE('',#1212,#1234,#1422,.F.);
#1088=EDGE_CURVE('',#1183,#1233,#1423,.T.);
#1089=EDGE_CURVE('',#1313,#1314,#1424,.T.);
#1090=EDGE_CURVE('',#1314,#1313,#13,.T.);
#1091=EDGE_CURVE('',#1315,#1315,#1425,.F.);
#1092=EDGE_CURVE('',#1288,#1273,#164,.F.);
#1093=EDGE_CURVE('',#1313,#1314,#165,.T.);
#1094=EDGE_CURVE('',#1211,#1235,#166,.T.);
#1095=EDGE_CURVE('',#1316,#1317,#1426,.T.);
#1096=EDGE_CURVE('',#1318,#1317,#167,.T.);
#1097=EDGE_CURVE('',#1319,#1318,#1427,.T.);
#1098=EDGE_CURVE('',#1319,#1316,#168,.T.);
#1099=EDGE_CURVE('',#1317,#1320,#169,.T.);
#1100=EDGE_CURVE('',#1321,#1320,#170,.T.);
#1101=EDGE_CURVE('',#1318,#1321,#171,.T.);
#1102=EDGE_CURVE('',#1320,#1322,#1428,.T.);
#1103=EDGE_CURVE('',#1323,#1322,#172,.T.);
#1104=EDGE_CURVE('',#1321,#1323,#1429,.T.);
#1105=EDGE_CURVE('',#1195,#1324,#1430,.T.);
#1106=EDGE_CURVE('',#1324,#1325,#173,.F.);
#1107=EDGE_CURVE('',#1196,#1325,#1431,.T.);
#1108=EDGE_CURVE('',#1326,#1327,#174,.T.);
#1109=EDGE_CURVE('',#1327,#1328,#175,.F.);
#1110=EDGE_CURVE('',#1329,#1328,#176,.T.);
#1111=EDGE_CURVE('',#1329,#1326,#177,.T.);
#1112=EDGE_CURVE('',#1330,#1250,#1432,.T.);
#1113=EDGE_CURVE('',#1330,#1331,#178,.T.);
#1114=EDGE_CURVE('',#1331,#1251,#1433,.T.);
#1115=EDGE_CURVE('',#1316,#1322,#179,.T.);
#1116=EDGE_CURVE('',#1319,#1323,#180,.T.);
#1117=EDGE_CURVE('',#1328,#1330,#1434,.T.);
#1118=EDGE_CURVE('',#1249,#1197,#181,.F.);
#1119=EDGE_CURVE('',#1325,#1329,#1435,.T.);
#1120=EDGE_CURVE('',#1331,#1327,#1436,.F.);
#1121=EDGE_CURVE('',#1326,#1324,#1437,.F.);
#1122=EDGE_CURVE('',#1194,#1252,#182,.T.);
#1123=EDGE_CURVE('',#1291,#1332,#1438,.F.);
#1124=EDGE_CURVE('',#1333,#1332,#183,.T.);
#1125=EDGE_CURVE('',#1333,#1334,#1439,.T.);
#1126=EDGE_CURVE('',#1335,#1334,#184,.T.);
#1127=EDGE_CURVE('',#1335,#1309,#1440,.F.);
#1128=EDGE_CURVE('',#1311,#1336,#1441,.T.);
#1129=EDGE_CURVE('',#1337,#1336,#185,.T.);
#1130=EDGE_CURVE('',#1338,#1337,#1442,.T.);
#1131=EDGE_CURVE('',#1339,#1338,#186,.T.);
#1132=EDGE_CURVE('',#1339,#1290,#1443,.T.);
#1133=EDGE_CURVE('',#1340,#1333,#187,.T.);
#1134=EDGE_CURVE('',#1340,#1341,#1444,.T.);
#1135=EDGE_CURVE('',#1341,#1334,#188,.T.);
#1136=EDGE_CURVE('',#1332,#1339,#189,.T.);
#1137=EDGE_CURVE('',#1338,#1342,#190,.T.);
#1138=EDGE_CURVE('',#1343,#1342,#191,.T.);
#1139=EDGE_CURVE('',#1344,#1343,#192,.T.);
#1140=EDGE_CURVE('',#1344,#1340,#193,.T.);
#1141=EDGE_CURVE('',#1345,#1345,#1445,.T.);
#1142=EDGE_CURVE('',#1346,#1346,#1446,.T.);
#1143=EDGE_CURVE('',#1347,#1343,#194,.T.);
#1144=EDGE_CURVE('',#1348,#1347,#195,.T.);
#1145=EDGE_CURVE('',#1348,#1344,#196,.T.);
#1146=EDGE_CURVE('',#1337,#1349,#197,.T.);
#1147=EDGE_CURVE('',#1336,#1335,#198,.F.);
#1148=EDGE_CURVE('',#1341,#1348,#199,.T.);
#1149=EDGE_CURVE('',#1349,#1347,#200,.T.);
#1150=EDGE_CURVE('',#1342,#1349,#1447,.T.);
#1151=EDGE_CURVE('',#1350,#1350,#1448,.T.);
#1152=EDGE_CURVE('',#1351,#1351,#1449,.T.);
#1153=EDGE_CURVE('',#1191,#1255,#201,.T.);
#1154=EDGE_CURVE('',#1190,#1256,#202,.T.);
#1155=EDGE_CURVE('',#1223,#1216,#203,.F.);
#1156=EDGE_CURVE('',#1215,#1224,#204,.T.);
#1157=EDGE_CURVE('',#1217,#1232,#205,.T.);
#1158=EDGE_CURVE('',#1231,#1218,#206,.F.);
#1159=EDGE_CURVE('',#1219,#1230,#207,.F.);
#1160=EDGE_CURVE('',#1229,#1220,#208,.F.);
#1161=EDGE_CURVE('',#1221,#1228,#209,.T.);
#1162=EDGE_CURVE('',#1222,#1227,#210,.T.);
#1163=EDGE_CURVE('',#1225,#1213,#211,.F.);
#1164=EDGE_CURVE('',#1214,#1226,#212,.T.);
#1165=EDGE_CURVE('',#1242,#1204,#213,.F.);
#1166=EDGE_CURVE('',#1203,#1243,#214,.T.);
#1167=EDGE_CURVE('',#1240,#1206,#215,.F.);
#1168=EDGE_CURVE('',#1205,#1241,#216,.T.);
#1169=EDGE_CURVE('',#1238,#1208,#217,.F.);
#1170=EDGE_CURVE('',#1207,#1239,#218,.T.);
#1171=EDGE_CURVE('',#1244,#1202,#219,.F.);
#1172=EDGE_CURVE('',#1201,#1245,#220,.T.);
#1173=EDGE_CURVE('',#1200,#1246,#221,.F.);
#1174=VERTEX_POINT('',#2572);
#1175=VERTEX_POINT('',#2573);
#1176=VERTEX_POINT('',#2575);
#1177=VERTEX_POINT('',#2577);
#1178=VERTEX_POINT('',#2581);
#1179=VERTEX_POINT('',#2582);
#1180=VERTEX_POINT('',#2584);
#1181=VERTEX_POINT('',#2586);
#1182=VERTEX_POINT('',#2590);
#1183=VERTEX_POINT('',#2591);
#1184=VERTEX_POINT('',#2593);
#1185=VERTEX_POINT('',#2596);
#1186=VERTEX_POINT('',#2598);
#1187=VERTEX_POINT('',#2600);
#1188=VERTEX_POINT('',#2602);
#1189=VERTEX_POINT('',#2604);
#1190=VERTEX_POINT('',#2606);
#1191=VERTEX_POINT('',#2608);
#1192=VERTEX_POINT('',#2610);
#1193=VERTEX_POINT('',#2612);
#1194=VERTEX_POINT('',#2614);
#1195=VERTEX_POINT('',#2616);
#1196=VERTEX_POINT('',#2618);
#1197=VERTEX_POINT('',#2620);
#1198=VERTEX_POINT('',#2622);
#1199=VERTEX_POINT('',#2624);
#1200=VERTEX_POINT('',#2626);
#1201=VERTEX_POINT('',#2628);
#1202=VERTEX_POINT('',#2630);
#1203=VERTEX_POINT('',#2632);
#1204=VERTEX_POINT('',#2634);
#1205=VERTEX_POINT('',#2636);
#1206=VERTEX_POINT('',#2638);
#1207=VERTEX_POINT('',#2640);
#1208=VERTEX_POINT('',#2642);
#1209=VERTEX_POINT('',#2644);
#1210=VERTEX_POINT('',#2646);
#1211=VERTEX_POINT('',#2648);
#1212=VERTEX_POINT('',#2650);
#1213=VERTEX_POINT('',#2653);
#1214=VERTEX_POINT('',#2654);
#1215=VERTEX_POINT('',#2656);
#1216=VERTEX_POINT('',#2658);
#1217=VERTEX_POINT('',#2660);
#1218=VERTEX_POINT('',#2662);
#1219=VERTEX_POINT('',#2664);
#1220=VERTEX_POINT('',#2666);
#1221=VERTEX_POINT('',#2668);
#1222=VERTEX_POINT('',#2670);
#1223=VERTEX_POINT('',#2674);
#1224=VERTEX_POINT('',#2675);
#1225=VERTEX_POINT('',#2677);
#1226=VERTEX_POINT('',#2679);
#1227=VERTEX_POINT('',#2681);
#1228=VERTEX_POINT('',#2683);
#1229=VERTEX_POINT('',#2685);
#1230=VERTEX_POINT('',#2687);
#1231=VERTEX_POINT('',#2689);
#1232=VERTEX_POINT('',#2691);
#1233=VERTEX_POINT('',#2694);
#1234=VERTEX_POINT('',#2696);
#1235=VERTEX_POINT('',#2698);
#1236=VERTEX_POINT('',#2700);
#1237=VERTEX_POINT('',#2702);
#1238=VERTEX_POINT('',#2704);
#1239=VERTEX_POINT('',#2706);
#1240=VERTEX_POINT('',#2708);
#1241=VERTEX_POINT('',#2710);
#1242=VERTEX_POINT('',#2712);
#1243=VERTEX_POINT('',#2714);
#1244=VERTEX_POINT('',#2716);
#1245=VERTEX_POINT('',#2718);
#1246=VERTEX_POINT('',#2720);
#1247=VERTEX_POINT('',#2722);
#1248=VERTEX_POINT('',#2724);
#1249=VERTEX_POINT('',#2726);
#1250=VERTEX_POINT('',#2728);
#1251=VERTEX_POINT('',#2730);
#1252=VERTEX_POINT('',#2732);
#1253=VERTEX_POINT('',#2734);
#1254=VERTEX_POINT('',#2736);
#1255=VERTEX_POINT('',#2738);
#1256=VERTEX_POINT('',#2740);
#1257=VERTEX_POINT('',#2742);
#1258=VERTEX_POINT('',#2744);
#1259=VERTEX_POINT('',#2746);
#1260=VERTEX_POINT('',#2748);
#1261=VERTEX_POINT('',#2750);
#1262=VERTEX_POINT('',#2752);
#1263=VERTEX_POINT('',#2754);
#1264=VERTEX_POINT('',#2758);
#1265=VERTEX_POINT('',#2759);
#1266=VERTEX_POINT('',#2762);
#1267=VERTEX_POINT('',#2764);
#1268=VERTEX_POINT('',#2766);
#1269=VERTEX_POINT('',#2771);
#1270=VERTEX_POINT('',#2784);
#1271=VERTEX_POINT('',#2786);
#1272=VERTEX_POINT('',#2788);
#1273=VERTEX_POINT('',#2790);
#1274=VERTEX_POINT('',#2792);
#1275=VERTEX_POINT('',#2794);
#1276=VERTEX_POINT('',#2796);
#1277=VERTEX_POINT('',#2798);
#1278=VERTEX_POINT('',#2800);
#1279=VERTEX_POINT('',#2802);
#1280=VERTEX_POINT('',#2806);
#1281=VERTEX_POINT('',#2808);
#1282=VERTEX_POINT('',#2811);
#1283=VERTEX_POINT('',#2813);
#1284=VERTEX_POINT('',#2815);
#1285=VERTEX_POINT('',#2817);
#1286=VERTEX_POINT('',#2819);
#1287=VERTEX_POINT('',#2821);
#1288=VERTEX_POINT('',#2823);
#1289=VERTEX_POINT('',#2838);
#1290=VERTEX_POINT('',#2839);
#1291=VERTEX_POINT('',#2841);
#1292=VERTEX_POINT('',#2843);
#1293=VERTEX_POINT('',#2845);
#1294=VERTEX_POINT('',#2847);
#1295=VERTEX_POINT('',#2849);
#1296=VERTEX_POINT('',#2851);
#1297=VERTEX_POINT('',#2855);
#1298=VERTEX_POINT('',#2856);
#1299=VERTEX_POINT('',#2859);
#1300=VERTEX_POINT('',#2862);
#1301=VERTEX_POINT('',#2870);
#1302=VERTEX_POINT('',#2873);
#1303=VERTEX_POINT('',#2878);
#1304=VERTEX_POINT('',#2880);
#1305=VERTEX_POINT('',#2882);
#1306=VERTEX_POINT('',#2884);
#1307=VERTEX_POINT('',#2892);
#1308=VERTEX_POINT('',#2896);
#1309=VERTEX_POINT('',#2900);
#1310=VERTEX_POINT('',#2901);
#1311=VERTEX_POINT('',#2903);
#1312=VERTEX_POINT('',#2907);
#1313=VERTEX_POINT('',#2927);
#1314=VERTEX_POINT('',#2928);
#1315=VERTEX_POINT('',#2937);
#1316=VERTEX_POINT('',#2945);
#1317=VERTEX_POINT('',#2946);
#1318=VERTEX_POINT('',#2948);
#1319=VERTEX_POINT('',#2950);
#1320=VERTEX_POINT('',#2954);
#1321=VERTEX_POINT('',#2956);
#1322=VERTEX_POINT('',#2960);
#1323=VERTEX_POINT('',#2962);
#1324=VERTEX_POINT('',#2966);
#1325=VERTEX_POINT('',#2968);
#1326=VERTEX_POINT('',#2972);
#1327=VERTEX_POINT('',#2973);
#1328=VERTEX_POINT('',#2975);
#1329=VERTEX_POINT('',#2977);
#1330=VERTEX_POINT('',#2981);
#1331=VERTEX_POINT('',#2983);
#1332=VERTEX_POINT('',#2998);
#1333=VERTEX_POINT('',#3000);
#1334=VERTEX_POINT('',#3002);
#1335=VERTEX_POINT('',#3004);
#1336=VERTEX_POINT('',#3008);
#1337=VERTEX_POINT('',#3010);
#1338=VERTEX_POINT('',#3012);
#1339=VERTEX_POINT('',#3014);
#1340=VERTEX_POINT('',#3018);
#1341=VERTEX_POINT('',#3020);
#1342=VERTEX_POINT('',#3025);
#1343=VERTEX_POINT('',#3027);
#1344=VERTEX_POINT('',#3029);
#1345=VERTEX_POINT('',#3033);
#1346=VERTEX_POINT('',#3035);
#1347=VERTEX_POINT('',#3037);
#1348=VERTEX_POINT('',#3039);
#1349=VERTEX_POINT('',#3043);
#1350=VERTEX_POINT('',#3053);
#1351=VERTEX_POINT('',#3057);
#1352=CIRCLE('',#1829,0.0501);
#1353=CIRCLE('',#1830,0.0501);
#1354=CIRCLE('',#1832,0.0501);
#1355=CIRCLE('',#1833,0.0501);
#1356=CIRCLE('',#1835,0.0501);
#1357=CIRCLE('',#1836,0.002);
#1358=CIRCLE('',#1837,0.0521);
#1359=CIRCLE('',#1838,0.0521);
#1360=CIRCLE('',#1839,0.002);
#1361=CIRCLE('',#1840,0.002);
#1362=CIRCLE('',#1841,0.0521);
#1363=CIRCLE('',#1842,0.002);
#1364=CIRCLE('',#1843,0.002);
#1365=CIRCLE('',#1844,0.002);
#1366=CIRCLE('',#1845,0.002);
#1367=CIRCLE('',#1846,0.002);
#1368=CIRCLE('',#1847,0.0521);
#1369=CIRCLE('',#1848,0.002);
#1370=CIRCLE('',#1849,0.002);
#1371=CIRCLE('',#1850,0.002);
#1372=CIRCLE('',#1851,0.0541);
#1373=CIRCLE('',#1852,0.002);
#1374=CIRCLE('',#1853,0.002);
#1375=CIRCLE('',#1855,0.002);
#1376=CIRCLE('',#1856,0.002);
#1377=CIRCLE('',#1857,0.002);
#1378=CIRCLE('',#1858,0.0541);
#1379=CIRCLE('',#1859,0.002);
#1380=CIRCLE('',#1860,0.002);
#1381=CIRCLE('',#1861,0.0521);
#1382=CIRCLE('',#1862,0.002);
#1383=CIRCLE('',#1863,0.002);
#1384=CIRCLE('',#1864,0.002);
#1385=CIRCLE('',#1865,0.002);
#1386=CIRCLE('',#1866,0.002);
#1387=CIRCLE('',#1867,0.0521);
#1388=CIRCLE('',#1868,0.002);
#1389=CIRCLE('',#1869,0.002);
#1390=CIRCLE('',#1870,0.0521);
#1391=CIRCLE('',#1871,0.0521);
#1392=CIRCLE('',#1872,0.002);
#1393=CIRCLE('',#1873,0.0501);
#1394=CIRCLE('',#1875,0.01215);
#1395=CIRCLE('',#1876,0.01415);
#1396=CIRCLE('',#1878,0.01215);
#1397=CIRCLE('',#1881,0.0425);
#1398=CIRCLE('',#1882,0.0501);
#1399=CIRCLE('',#1883,0.002);
#1400=CIRCLE('',#1884,0.0501);
#1401=CIRCLE('',#1885,0.0501);
#1402=CIRCLE('',#1886,0.002);
#1403=CIRCLE('',#1888,0.0425);
#1404=CIRCLE('',#1889,0.0501);
#1405=CIRCLE('',#1890,0.002);
#1406=CIRCLE('',#1891,0.0501);
#1407=CIRCLE('',#1892,0.0501);
#1408=CIRCLE('',#1893,0.002);
#1409=CIRCLE('',#1899,0.0521);
#1410=CIRCLE('',#1900,0.0521);
#1411=CIRCLE('',#1901,0.0521);
#1412=CIRCLE('',#1902,0.0521);
#1413=CIRCLE('',#1908,0.0501);
#1414=CIRCLE('',#1910,0.0501);
#1415=CIRCLE('',#1912,0.0501);
#1416=CIRCLE('',#1914,0.0501);
#1417=CIRCLE('',#1916,0.0521);
#1418=CIRCLE('',#1917,0.0521);
#1419=CIRCLE('',#1918,0.0521);
#1420=CIRCLE('',#1919,0.0521);
#1421=CIRCLE('',#1927,0.01415);
#1422=CIRCLE('',#1930,0.01415);
#1423=CIRCLE('',#1931,0.01415);
#1424=CIRCLE('',#1933,0.01215);
#1425=CIRCLE('',#1934,0.01215);
#1426=CIRCLE('',#1938,0.01);
#1427=CIRCLE('',#1939,0.01);
#1428=CIRCLE('',#1942,0.01);
#1429=CIRCLE('',#1943,0.01);
#1430=CIRCLE('',#1945,0.0205039020676553);
#1431=CIRCLE('',#1946,0.0205039020676553);
#1432=CIRCLE('',#1949,0.0205039020676553);
#1433=CIRCLE('',#1950,0.0205039020676553);
#1434=CIRCLE('',#1953,0.002);
#1435=CIRCLE('',#1954,0.002);
#1436=CIRCLE('',#1956,0.002);
#1437=CIRCLE('',#1957,0.002);
#1438=CIRCLE('',#1959,0.002);
#1439=CIRCLE('',#1960,0.0521);
#1440=CIRCLE('',#1961,0.002);
#1441=CIRCLE('',#1963,0.002);
#1442=CIRCLE('',#1964,0.0521);
#1443=CIRCLE('',#1965,0.002);
#1444=CIRCLE('',#1967,0.0521);
#1445=CIRCLE('',#1970,0.0015);
#1446=CIRCLE('',#1971,0.0015);
#1447=CIRCLE('',#1974,0.0521);
#1448=CIRCLE('',#1978,0.0015);
#1449=CIRCLE('',#1981,0.0015);
#1450=EDGE_LOOP('',(#385,#386,#387,#388));
#1451=EDGE_LOOP('',(#389,#390,#391,#392));
#1452=EDGE_LOOP('',(#393,#394,#395,#396,#397,#398,#399,#400,#401,#402,#403,
#404,#405,#406,#407,#408,#409,#410,#411,#412,#413,#414,#415,#416,#417,#418,
#419,#420,#421,#422,#423,#424,#425));
#1453=EDGE_LOOP('',(#426,#427,#428,#429,#430,#431,#432,#433,#434,#435));
#1454=EDGE_LOOP('',(#436,#437,#438,#439,#440,#441,#442,#443,#444,#445));
#1455=EDGE_LOOP('',(#446,#447,#448,#449,#450,#451,#452,#453,#454,#455,#456,
#457,#458,#459,#460,#461,#462,#463,#464,#465,#466,#467,#468,#469,#470,#471,
#472,#473,#474,#475,#476,#477,#478));
#1456=EDGE_LOOP('',(#479,#480));
#1457=EDGE_LOOP('',(#481,#482,#483,#484,#485,#486,#487,#488));
#1458=EDGE_LOOP('',(#489));
#1459=EDGE_LOOP('',(#490,#491));
#1460=EDGE_LOOP('',(#492,#493,#494,#495));
#1461=EDGE_LOOP('',(#496));
#1462=EDGE_LOOP('',(#497,#498,#499,#500,#501,#502,#503,#504,#505,#506,#507,
#508));
#1463=EDGE_LOOP('',(#509));
#1464=EDGE_LOOP('',(#510,#511,#512,#513,#514,#515,#516,#517,#518,#519,#520,
#521));
#1465=EDGE_LOOP('',(#522,#523,#524,#525));
#1466=EDGE_LOOP('',(#526,#527,#528,#529));
#1467=EDGE_LOOP('',(#530,#531,#532,#533));
#1468=EDGE_LOOP('',(#534,#535,#536,#537));
#1469=EDGE_LOOP('',(#538,#539,#540,#541,#542,#543,#544,#545));
#1470=EDGE_LOOP('',(#546,#547,#548,#549,#550,#551,#552,#553));
#1471=EDGE_LOOP('',(#554,#555,#556,#557));
#1472=EDGE_LOOP('',(#558,#559,#560,#561,#562,#563,#564,#565));
#1473=EDGE_LOOP('',(#566,#567,#568,#569,#570,#571,#572,#573));
#1474=EDGE_LOOP('',(#574,#575,#576,#577));
#1475=EDGE_LOOP('',(#578,#579,#580,#581));
#1476=EDGE_LOOP('',(#582,#583,#584,#585));
#1477=EDGE_LOOP('',(#586,#587,#588,#589));
#1478=EDGE_LOOP('',(#590,#591,#592,#593,#594,#595,#596,#597));
#1479=EDGE_LOOP('',(#598,#599,#600,#601));
#1480=EDGE_LOOP('',(#602,#603,#604,#605));
#1481=EDGE_LOOP('',(#606,#607,#608,#609));
#1482=EDGE_LOOP('',(#610,#611,#612,#613));
#1483=EDGE_LOOP('',(#614));
#1484=EDGE_LOOP('',(#615));
#1485=EDGE_LOOP('',(#616,#617,#618,#619,#620,#621,#622,#623));
#1486=EDGE_LOOP('',(#624,#625,#626,#627));
#1487=EDGE_LOOP('',(#628,#629,#630,#631));
#1488=EDGE_LOOP('',(#632));
#1489=EDGE_LOOP('',(#633,#634,#635,#636));
#1490=EDGE_LOOP('',(#637,#638));
#1491=EDGE_LOOP('',(#639));
#1492=EDGE_LOOP('',(#640,#641,#642,#643,#644,#645,#646,#647));
#1493=EDGE_LOOP('',(#648,#649));
#1494=EDGE_LOOP('',(#650));
#1495=EDGE_LOOP('',(#651,#652,#653,#654));
#1496=EDGE_LOOP('',(#655,#656,#657,#658));
#1497=EDGE_LOOP('',(#659,#660,#661,#662));
#1498=EDGE_LOOP('',(#663,#664,#665,#666));
#1499=EDGE_LOOP('',(#667,#668,#669,#670));
#1500=EDGE_LOOP('',(#671,#672,#673,#674));
#1501=EDGE_LOOP('',(#675,#676,#677,#678));
#1502=EDGE_LOOP('',(#679,#680,#681,#682));
#1503=EDGE_LOOP('',(#683,#684,#685,#686,#687,#688,#689,#690));
#1504=EDGE_LOOP('',(#691,#692,#693,#694));
#1505=EDGE_LOOP('',(#695,#696,#697,#698,#699,#700,#701,#702));
#1506=EDGE_LOOP('',(#703,#704,#705,#706));
#1507=EDGE_LOOP('',(#707,#708,#709,#710,#711,#712,#713,#714));
#1508=EDGE_LOOP('',(#715,#716,#717,#718,#719,#720,#721,#722));
#1509=EDGE_LOOP('',(#723,#724,#725,#726));
#1510=EDGE_LOOP('',(#727,#728,#729,#730,#731,#732,#733,#734));
#1511=EDGE_LOOP('',(#735));
#1512=EDGE_LOOP('',(#736));
#1513=EDGE_LOOP('',(#737,#738,#739,#740));
#1514=EDGE_LOOP('',(#741,#742,#743,#744,#745,#746,#747,#748));
#1515=EDGE_LOOP('',(#749,#750,#751,#752));
#1516=EDGE_LOOP('',(#753,#754,#755,#756));
#1517=EDGE_LOOP('',(#757,#758,#759,#760));
#1518=EDGE_LOOP('',(#761));
#1519=EDGE_LOOP('',(#762));
#1520=EDGE_LOOP('',(#763));
#1521=EDGE_LOOP('',(#764));
#1522=EDGE_LOOP('',(#765));
#1523=EDGE_LOOP('',(#766));
#1524=EDGE_LOOP('',(#767,#768,#769,#770));
#1525=EDGE_LOOP('',(#771,#772,#773,#774));
#1526=EDGE_LOOP('',(#775,#776,#777,#778));
#1527=EDGE_LOOP('',(#779,#780,#781,#782));
#1528=EDGE_LOOP('',(#783,#784,#785,#786));
#1529=EDGE_LOOP('',(#787,#788,#789,#790));
#1530=EDGE_LOOP('',(#791,#792,#793,#794));
#1531=EDGE_LOOP('',(#795,#796,#797,#798));
#1532=EDGE_LOOP('',(#799,#800,#801,#802));
#1533=EDGE_LOOP('',(#803,#804,#805,#806));
#1534=EDGE_LOOP('',(#807,#808,#809,#810));
#1535=EDGE_LOOP('',(#811,#812,#813,#814));
#1536=EDGE_LOOP('',(#815,#816,#817,#818));
#1537=EDGE_LOOP('',(#819,#820,#821,#822));
#1538=EDGE_LOOP('',(#823,#824,#825,#826));
#1539=EDGE_LOOP('',(#827,#828,#829,#830));
#1540=EDGE_LOOP('',(#831,#832,#833,#834));
#1541=EDGE_LOOP('',(#835,#836,#837,#838));
#1542=EDGE_LOOP('',(#839,#840,#841,#842));
#1543=EDGE_LOOP('',(#843,#844,#845,#846));
#1544=EDGE_LOOP('',(#847,#848,#849,#850));
#1545=EDGE_LOOP('',(#851,#852,#853,#854));
#1546=EDGE_LOOP('',(#855,#856,#857,#858));
#1547=EDGE_LOOP('',(#859,#860,#861,#862));
#1548=EDGE_LOOP('',(#863,#864,#865,#866));
#1549=EDGE_LOOP('',(#867,#868));
#1550=EDGE_LOOP('',(#869,#870));
#1551=EDGE_LOOP('',(#871,#872,#873,#874));
#1552=EDGE_LOOP('',(#875,#876,#877,#878));
#1553=EDGE_LOOP('',(#879,#880,#881,#882));
#1554=EDGE_LOOP('',(#883,#884,#885,#886));
#1555=EDGE_LOOP('',(#887,#888,#889,#890));
#1556=EDGE_LOOP('',(#891,#892,#893,#894));
#1557=EDGE_LOOP('',(#895,#896,#897,#898));
#1558=EDGE_LOOP('',(#899,#900,#901,#902));
#1559=EDGE_LOOP('',(#903,#904,#905,#906));
#1560=EDGE_LOOP('',(#907,#908,#909,#910));
#1561=FACE_BOUND('',#1450,.T.);
#1562=FACE_BOUND('',#1451,.T.);
#1563=FACE_BOUND('',#1452,.T.);
#1564=FACE_BOUND('',#1453,.T.);
#1565=FACE_BOUND('',#1454,.T.);
#1566=FACE_BOUND('',#1455,.T.);
#1567=FACE_BOUND('',#1456,.T.);
#1568=FACE_BOUND('',#1457,.T.);
#1569=FACE_BOUND('',#1458,.T.);
#1570=FACE_BOUND('',#1459,.T.);
#1571=FACE_BOUND('',#1460,.T.);
#1572=FACE_BOUND('',#1461,.T.);
#1573=FACE_BOUND('',#1462,.T.);
#1574=FACE_BOUND('',#1463,.T.);
#1575=FACE_BOUND('',#1464,.T.);
#1576=FACE_BOUND('',#1465,.T.);
#1577=FACE_BOUND('',#1466,.T.);
#1578=FACE_BOUND('',#1467,.T.);
#1579=FACE_BOUND('',#1468,.T.);
#1580=FACE_BOUND('',#1469,.T.);
#1581=FACE_BOUND('',#1470,.T.);
#1582=FACE_BOUND('',#1471,.T.);
#1583=FACE_BOUND('',#1472,.T.);
#1584=FACE_BOUND('',#1473,.T.);
#1585=FACE_BOUND('',#1474,.T.);
#1586=FACE_BOUND('',#1475,.T.);
#1587=FACE_BOUND('',#1476,.T.);
#1588=FACE_BOUND('',#1477,.T.);
#1589=FACE_BOUND('',#1478,.T.);
#1590=FACE_BOUND('',#1479,.T.);
#1591=FACE_BOUND('',#1480,.T.);
#1592=FACE_BOUND('',#1481,.T.);
#1593=FACE_BOUND('',#1482,.T.);
#1594=FACE_BOUND('',#1483,.T.);
#1595=FACE_BOUND('',#1484,.T.);
#1596=FACE_BOUND('',#1485,.T.);
#1597=FACE_BOUND('',#1486,.T.);
#1598=FACE_BOUND('',#1487,.T.);
#1599=FACE_BOUND('',#1488,.T.);
#1600=FACE_BOUND('',#1489,.T.);
#1601=FACE_BOUND('',#1490,.T.);
#1602=FACE_BOUND('',#1491,.T.);
#1603=FACE_BOUND('',#1492,.T.);
#1604=FACE_BOUND('',#1493,.T.);
#1605=FACE_BOUND('',#1494,.T.);
#1606=FACE_BOUND('',#1495,.T.);
#1607=FACE_BOUND('',#1496,.T.);
#1608=FACE_BOUND('',#1497,.T.);
#1609=FACE_BOUND('',#1498,.T.);
#1610=FACE_BOUND('',#1499,.T.);
#1611=FACE_BOUND('',#1500,.T.);
#1612=FACE_BOUND('',#1501,.T.);
#1613=FACE_BOUND('',#1502,.T.);
#1614=FACE_BOUND('',#1503,.T.);
#1615=FACE_BOUND('',#1504,.T.);
#1616=FACE_BOUND('',#1505,.T.);
#1617=FACE_BOUND('',#1506,.T.);
#1618=FACE_BOUND('',#1507,.T.);
#1619=FACE_BOUND('',#1508,.T.);
#1620=FACE_BOUND('',#1509,.T.);
#1621=FACE_BOUND('',#1510,.T.);
#1622=FACE_BOUND('',#1511,.T.);
#1623=FACE_BOUND('',#1512,.T.);
#1624=FACE_BOUND('',#1513,.T.);
#1625=FACE_BOUND('',#1514,.T.);
#1626=FACE_BOUND('',#1515,.T.);
#1627=FACE_BOUND('',#1516,.T.);
#1628=FACE_BOUND('',#1517,.T.);
#1629=FACE_BOUND('',#1518,.T.);
#1630=FACE_BOUND('',#1519,.T.);
#1631=FACE_BOUND('',#1520,.T.);
#1632=FACE_BOUND('',#1521,.T.);
#1633=FACE_BOUND('',#1522,.T.);
#1634=FACE_BOUND('',#1523,.T.);
#1635=FACE_BOUND('',#1524,.T.);
#1636=FACE_BOUND('',#1525,.T.);
#1637=FACE_BOUND('',#1526,.T.);
#1638=FACE_BOUND('',#1527,.T.);
#1639=FACE_BOUND('',#1528,.T.);
#1640=FACE_BOUND('',#1529,.T.);
#1641=FACE_BOUND('',#1530,.T.);
#1642=FACE_BOUND('',#1531,.T.);
#1643=FACE_BOUND('',#1532,.T.);
#1644=FACE_BOUND('',#1533,.T.);
#1645=FACE_BOUND('',#1534,.T.);
#1646=FACE_BOUND('',#1535,.T.);
#1647=FACE_BOUND('',#1536,.T.);
#1648=FACE_BOUND('',#1537,.T.);
#1649=FACE_BOUND('',#1538,.T.);
#1650=FACE_BOUND('',#1539,.T.);
#1651=FACE_BOUND('',#1540,.T.);
#1652=FACE_BOUND('',#1541,.T.);
#1653=FACE_BOUND('',#1542,.T.);
#1654=FACE_BOUND('',#1543,.T.);
#1655=FACE_BOUND('',#1544,.T.);
#1656=FACE_BOUND('',#1545,.T.);
#1657=FACE_BOUND('',#1546,.T.);
#1658=FACE_BOUND('',#1547,.T.);
#1659=FACE_BOUND('',#1548,.T.);
#1660=FACE_BOUND('',#1549,.T.);
#1661=FACE_BOUND('',#1550,.T.);
#1662=FACE_BOUND('',#1551,.T.);
#1663=FACE_BOUND('',#1552,.T.);
#1664=FACE_BOUND('',#1553,.T.);
#1665=FACE_BOUND('',#1554,.T.);
#1666=FACE_BOUND('',#1555,.T.);
#1667=FACE_BOUND('',#1556,.T.);
#1668=FACE_BOUND('',#1557,.T.);
#1669=FACE_BOUND('',#1558,.T.);
#1670=FACE_BOUND('',#1559,.T.);
#1671=FACE_BOUND('',#1560,.T.);
#1672=CYLINDRICAL_SURFACE('',#1828,0.0501);
#1673=CYLINDRICAL_SURFACE('',#1831,0.0501);
#1674=CYLINDRICAL_SURFACE('',#1877,0.01215);
#1675=CYLINDRICAL_SURFACE('',#1879,0.0521);
#1676=CYLINDRICAL_SURFACE('',#1894,0.0501);
#1677=CYLINDRICAL_SURFACE('',#1895,0.0501);
#1678=CYLINDRICAL_SURFACE('',#1896,0.0521);
#1679=CYLINDRICAL_SURFACE('',#1897,0.0521);
#1680=CYLINDRICAL_SURFACE('',#1898,0.0521);
#1681=CYLINDRICAL_SURFACE('',#1904,0.0521);
#1682=CYLINDRICAL_SURFACE('',#1907,0.0501);
#1683=CYLINDRICAL_SURFACE('',#1909,0.0501);
#1684=CYLINDRICAL_SURFACE('',#1911,0.0501);
#1685=CYLINDRICAL_SURFACE('',#1913,0.0501);
#1686=CYLINDRICAL_SURFACE('',#1915,0.0521);
#1687=CYLINDRICAL_SURFACE('',#1924,0.0425);
#1688=CYLINDRICAL_SURFACE('',#1926,0.01415);
#1689=CYLINDRICAL_SURFACE('',#1929,0.01415);
#1690=CYLINDRICAL_SURFACE('',#1932,0.01215);
#1691=CYLINDRICAL_SURFACE('',#1937,0.01);
#1692=CYLINDRICAL_SURFACE('',#1941,0.01);
#1693=CYLINDRICAL_SURFACE('',#1944,0.0205039020676553);
#1694=CYLINDRICAL_SURFACE('',#1948,0.0205039020676553);
#1695=CYLINDRICAL_SURFACE('',#1966,0.0521);
#1696=CYLINDRICAL_SURFACE('',#1973,0.0521);
#1697=CYLINDRICAL_SURFACE('',#1977,0.0015);
#1698=CYLINDRICAL_SURFACE('',#1980,0.0015);
#1699=CYLINDRICAL_SURFACE('',#1989,0.0541);
#1700=CYLINDRICAL_SURFACE('',#1999,0.002);
#1701=CYLINDRICAL_SURFACE('',#2000,0.002);
#1702=CYLINDRICAL_SURFACE('',#2001,0.002);
#1703=CYLINDRICAL_SURFACE('',#2002,0.002);
#1704=CYLINDRICAL_SURFACE('',#2003,0.002);
#1705=CYLINDRICAL_SURFACE('',#2004,0.002);
#1706=CYLINDRICAL_SURFACE('',#2005,0.002);
#1707=CYLINDRICAL_SURFACE('',#2006,0.002);
#1708=CYLINDRICAL_SURFACE('',#2007,0.002);
#1709=CYLINDRICAL_SURFACE('',#2008,0.0501);
#1710=CYLINDRICAL_SURFACE('',#2009,0.0501);
#1711=CYLINDRICAL_SURFACE('',#2010,0.002);
#1712=CYLINDRICAL_SURFACE('',#2011,0.002);
#1713=CYLINDRICAL_SURFACE('',#2012,0.002);
#1714=CYLINDRICAL_SURFACE('',#2013,0.002);
#1715=CYLINDRICAL_SURFACE('',#2014,0.002);
#1716=CYLINDRICAL_SURFACE('',#2015,0.002);
#1717=CYLINDRICAL_SURFACE('',#2016,0.002);
#1718=CYLINDRICAL_SURFACE('',#2017,0.002);
#1719=CYLINDRICAL_SURFACE('',#2018,0.002);
#1720=CYLINDRICAL_SURFACE('',#2019,0.002);
#1721=ADVANCED_FACE('',(#1561),#1672,.F.);
#1722=ADVANCED_FACE('',(#1562),#1673,.F.);
#1723=ADVANCED_FACE('',(#1563,#1564),#14,.T.);
#1724=ADVANCED_FACE('',(#1565,#1566),#15,.F.);
#1725=ADVANCED_FACE('',(#1567,#1568),#16,.F.);
#1726=ADVANCED_FACE('',(#1569,#1570),#1674,.F.);
#1727=ADVANCED_FACE('',(#1571),#1675,.T.);
#1728=ADVANCED_FACE('',(#1572,#1573),#17,.T.);
#1729=ADVANCED_FACE('',(#1574,#1575),#18,.F.);
#1730=ADVANCED_FACE('',(#1576),#1676,.F.);
#1731=ADVANCED_FACE('',(#1577),#1677,.F.);
#1732=ADVANCED_FACE('',(#1578),#1678,.T.);
#1733=ADVANCED_FACE('',(#1579),#1679,.T.);
#1734=ADVANCED_FACE('',(#1580),#1680,.T.);
#1735=ADVANCED_FACE('',(#1581),#19,.T.);
#1736=ADVANCED_FACE('',(#1582),#1681,.T.);
#1737=ADVANCED_FACE('',(#1583),#20,.F.);
#1738=ADVANCED_FACE('',(#1584),#21,.T.);
#1739=ADVANCED_FACE('',(#1585),#1682,.F.);
#1740=ADVANCED_FACE('',(#1586),#1683,.F.);
#1741=ADVANCED_FACE('',(#1587),#1684,.F.);
#1742=ADVANCED_FACE('',(#1588),#1685,.F.);
#1743=ADVANCED_FACE('',(#1589),#1686,.T.);
#1744=ADVANCED_FACE('',(#1590),#22,.T.);
#1745=ADVANCED_FACE('',(#1591),#23,.T.);
#1746=ADVANCED_FACE('',(#1592),#24,.F.);
#1747=ADVANCED_FACE('',(#1593),#25,.F.);
#1748=ADVANCED_FACE('',(#1594,#1595),#1687,.F.);
#1749=ADVANCED_FACE('',(#1596),#26,.T.);
#1750=ADVANCED_FACE('',(#1597),#1688,.T.);
#1751=ADVANCED_FACE('',(#1598,#1599),#27,.T.);
#1752=ADVANCED_FACE('',(#1600),#1689,.T.);
#1753=ADVANCED_FACE('',(#1601,#1602),#1690,.F.);
#1754=ADVANCED_FACE('',(#1603,#1604),#28,.F.);
#1755=ADVANCED_FACE('',(#1605,#1606),#29,.T.);
#1756=ADVANCED_FACE('',(#1607),#1691,.F.);
#1757=ADVANCED_FACE('',(#1608),#30,.F.);
#1758=ADVANCED_FACE('',(#1609),#1692,.F.);
#1759=ADVANCED_FACE('',(#1610),#1693,.T.);
#1760=ADVANCED_FACE('',(#1611),#31,.F.);
#1761=ADVANCED_FACE('',(#1612),#1694,.T.);
#1762=ADVANCED_FACE('',(#1613),#32,.T.);
#1763=ADVANCED_FACE('',(#1614,#1615),#33,.T.);
#1764=ADVANCED_FACE('',(#1616,#1617),#34,.F.);
#1765=ADVANCED_FACE('',(#1618),#35,.T.);
#1766=ADVANCED_FACE('',(#1619),#36,.F.);
#1767=ADVANCED_FACE('',(#1620),#1695,.F.);
#1768=ADVANCED_FACE('',(#1621),#37,.T.);
#1769=ADVANCED_FACE('',(#1622,#1623,#1624),#38,.T.);
#1770=ADVANCED_FACE('',(#1625),#39,.T.);
#1771=ADVANCED_FACE('',(#1626),#1696,.F.);
#1772=ADVANCED_FACE('',(#1627),#40,.T.);
#1773=ADVANCED_FACE('',(#1628),#41,.F.);
#1774=ADVANCED_FACE('',(#1629,#1630),#1697,.T.);
#1775=ADVANCED_FACE('',(#1631),#42,.T.);
#1776=ADVANCED_FACE('',(#1632,#1633),#1698,.T.);
#1777=ADVANCED_FACE('',(#1634),#43,.T.);
#1778=ADVANCED_FACE('',(#1635),#44,.F.);
#1779=ADVANCED_FACE('',(#1636),#45,.F.);
#1780=ADVANCED_FACE('',(#1637),#46,.F.);
#1781=ADVANCED_FACE('',(#1638),#47,.F.);
#1782=ADVANCED_FACE('',(#1639),#48,.F.);
#1783=ADVANCED_FACE('',(#1640),#49,.T.);
#1784=ADVANCED_FACE('',(#1641),#1699,.T.);
#1785=ADVANCED_FACE('',(#1642),#50,.F.);
#1786=ADVANCED_FACE('',(#1643),#51,.F.);
#1787=ADVANCED_FACE('',(#1644),#52,.T.);
#1788=ADVANCED_FACE('',(#1645),#53,.T.);
#1789=ADVANCED_FACE('',(#1646),#54,.F.);
#1790=ADVANCED_FACE('',(#1647),#55,.T.);
#1791=ADVANCED_FACE('',(#1648),#56,.T.);
#1792=ADVANCED_FACE('',(#1649),#57,.F.);
#1793=ADVANCED_FACE('',(#1650),#58,.F.);
#1794=ADVANCED_FACE('',(#1651),#1700,.F.);
#1795=ADVANCED_FACE('',(#1652),#1701,.F.);
#1796=ADVANCED_FACE('',(#1653),#1702,.F.);
#1797=ADVANCED_FACE('',(#1654),#1703,.F.);
#1798=ADVANCED_FACE('',(#1655),#1704,.T.);
#1799=ADVANCED_FACE('',(#1656),#1705,.T.);
#1800=ADVANCED_FACE('',(#1657),#1706,.F.);
#1801=ADVANCED_FACE('',(#1658),#1707,.T.);
#1802=ADVANCED_FACE('',(#1659),#1708,.T.);
#1803=ADVANCED_FACE('',(#1660),#1709,.T.);
#1804=ADVANCED_FACE('',(#1661),#1710,.T.);
#1805=ADVANCED_FACE('',(#1662),#1711,.T.);
#1806=ADVANCED_FACE('',(#1663),#1712,.T.);
#1807=ADVANCED_FACE('',(#1664),#1713,.F.);
#1808=ADVANCED_FACE('',(#1665),#1714,.F.);
#1809=ADVANCED_FACE('',(#1666),#1715,.F.);
#1810=ADVANCED_FACE('',(#1667),#1716,.F.);
#1811=ADVANCED_FACE('',(#1668),#1717,.F.);
#1812=ADVANCED_FACE('',(#1669),#1718,.F.);
#1813=ADVANCED_FACE('',(#1670),#1719,.F.);
#1814=ADVANCED_FACE('',(#1671),#1720,.F.);
#1815=CLOSED_SHELL('',(#1721,#1722,#1723,#1724,#1725,#1726,#1727,#1728,
#1729,#1730,#1731,#1732,#1733,#1734,#1735,#1736,#1737,#1738,#1739,#1740,
#1741,#1742,#1743,#1744,#1745,#1746,#1747,#1748,#1749,#1750,#1751,#1752,
#1753,#1754,#1755,#1756,#1757,#1758,#1759,#1760,#1761,#1762,#1763,#1764,
#1765,#1766,#1767,#1768,#1769,#1770,#1771,#1772,#1773,#1774,#1775,#1776,
#1777,#1778,#1779,#1780,#1781,#1782,#1783,#1784,#1785,#1786,#1787,#1788,
#1789,#1790,#1791,#1792,#1793,#1794,#1795,#1796,#1797,#1798,#1799,#1800,
#1801,#1802,#1803,#1804,#1805,#1806,#1807,#1808,#1809,#1810,#1811,#1812,
#1813,#1814));
#1816=STYLED_ITEM('',(#1817),#1824);
#1817=PRESENTATION_STYLE_ASSIGNMENT((#1818));
#1818=SURFACE_STYLE_USAGE(.BOTH.,#1819);
#1819=SURFACE_SIDE_STYLE('',(#1820));
#1820=SURFACE_STYLE_FILL_AREA(#1821);
#1821=FILL_AREA_STYLE('',(#1822));
#1822=FILL_AREA_STYLE_COLOUR('',#1823);
#1823=COLOUR_RGB('',0.227450980392157,0.615686274509804,0.250980392156863);
#1824=MANIFOLD_SOLID_BREP('chassis',#1815);
#1825=SHAPE_DEFINITION_REPRESENTATION(#3123,#1826);
#1826=SHAPE_REPRESENTATION('chassis',(#1827),#3118);
#1827=AXIS2_PLACEMENT_3D('',#2569,#2020,#2021);
#1828=AXIS2_PLACEMENT_3D('',#2570,#2022,#2023);
#1829=AXIS2_PLACEMENT_3D('',#2571,#2024,#2025);
#1830=AXIS2_PLACEMENT_3D('',#2576,#2027,#2028);
#1831=AXIS2_PLACEMENT_3D('',#2579,#2030,#2031);
#1832=AXIS2_PLACEMENT_3D('',#2580,#2032,#2033);
#1833=AXIS2_PLACEMENT_3D('',#2585,#2035,#2036);
#1834=AXIS2_PLACEMENT_3D('',#2588,#2038,#2039);
#1835=AXIS2_PLACEMENT_3D('',#2592,#2041,#2042);
#1836=AXIS2_PLACEMENT_3D('',#2601,#2047,#2048);
#1837=AXIS2_PLACEMENT_3D('',#2603,#2049,#2050);
#1838=AXIS2_PLACEMENT_3D('',#2611,#2054,#2055);
#1839=AXIS2_PLACEMENT_3D('',#2613,#2056,#2057);
#1840=AXIS2_PLACEMENT_3D('',#2621,#2061,#2062);
#1841=AXIS2_PLACEMENT_3D('',#2623,#2063,#2064);
#1842=AXIS2_PLACEMENT_3D('',#2625,#2065,#2066);
#1843=AXIS2_PLACEMENT_3D('',#2631,#2069,#2070);
#1844=AXIS2_PLACEMENT_3D('',#2635,#2072,#2073);
#1845=AXIS2_PLACEMENT_3D('',#2639,#2075,#2076);
#1846=AXIS2_PLACEMENT_3D('',#2643,#2078,#2079);
#1847=AXIS2_PLACEMENT_3D('',#2645,#2080,#2081);
#1848=AXIS2_PLACEMENT_3D('',#2647,#2082,#2083);
#1849=AXIS2_PLACEMENT_3D('',#2655,#2087,#2088);
#1850=AXIS2_PLACEMENT_3D('',#2659,#2090,#2091);
#1851=AXIS2_PLACEMENT_3D('',#2661,#2092,#2093);
#1852=AXIS2_PLACEMENT_3D('',#2663,#2094,#2095);
#1853=AXIS2_PLACEMENT_3D('',#2667,#2097,#2098);
#1854=AXIS2_PLACEMENT_3D('',#2672,#2101,#2102);
#1855=AXIS2_PLACEMENT_3D('',#2676,#2104,#2105);
#1856=AXIS2_PLACEMENT_3D('',#2684,#2109,#2110);
#1857=AXIS2_PLACEMENT_3D('',#2688,#2112,#2113);
#1858=AXIS2_PLACEMENT_3D('',#2690,#2114,#2115);
#1859=AXIS2_PLACEMENT_3D('',#2692,#2116,#2117);
#1860=AXIS2_PLACEMENT_3D('',#2699,#2121,#2122);
#1861=AXIS2_PLACEMENT_3D('',#2701,#2123,#2124);
#1862=AXIS2_PLACEMENT_3D('',#2703,#2125,#2126);
#1863=AXIS2_PLACEMENT_3D('',#2707,#2128,#2129);
#1864=AXIS2_PLACEMENT_3D('',#2711,#2131,#2132);
#1865=AXIS2_PLACEMENT_3D('',#2715,#2134,#2135);
#1866=AXIS2_PLACEMENT_3D('',#2721,#2138,#2139);
#1867=AXIS2_PLACEMENT_3D('',#2723,#2140,#2141);
#1868=AXIS2_PLACEMENT_3D('',#2725,#2142,#2143);
#1869=AXIS2_PLACEMENT_3D('',#2733,#2147,#2148);
#1870=AXIS2_PLACEMENT_3D('',#2735,#2149,#2150);
#1871=AXIS2_PLACEMENT_3D('',#2743,#2154,#2155);
#1872=AXIS2_PLACEMENT_3D('',#2745,#2156,#2157);
#1873=AXIS2_PLACEMENT_3D('',#2753,#2161,#2162);
#1874=AXIS2_PLACEMENT_3D('',#2756,#2164,#2165);
#1875=AXIS2_PLACEMENT_3D('',#2757,#2166,#2167);
#1876=AXIS2_PLACEMENT_3D('',#2768,#2173,#2174);
#1877=AXIS2_PLACEMENT_3D('',#2769,#2175,#2176);
#1878=AXIS2_PLACEMENT_3D('',#2770,#2177,#2178);
#1879=AXIS2_PLACEMENT_3D('',#2779,#2179,#2180);
#1880=AXIS2_PLACEMENT_3D('',#2782,#2183,#2184);
#1881=AXIS2_PLACEMENT_3D('',#2783,#2185,#2186);
#1882=AXIS2_PLACEMENT_3D('',#2787,#2188,#2189);
#1883=AXIS2_PLACEMENT_3D('',#2791,#2191,#2192);
#1884=AXIS2_PLACEMENT_3D('',#2795,#2194,#2195);
#1885=AXIS2_PLACEMENT_3D('',#2799,#2197,#2198);
#1886=AXIS2_PLACEMENT_3D('',#2803,#2200,#2201);
#1887=AXIS2_PLACEMENT_3D('',#2804,#2202,#2203);
#1888=AXIS2_PLACEMENT_3D('',#2805,#2204,#2205);
#1889=AXIS2_PLACEMENT_3D('',#2809,#2207,#2208);
#1890=AXIS2_PLACEMENT_3D('',#2810,#2209,#2210);
#1891=AXIS2_PLACEMENT_3D('',#2814,#2212,#2213);
#1892=AXIS2_PLACEMENT_3D('',#2818,#2215,#2216);
#1893=AXIS2_PLACEMENT_3D('',#2822,#2218,#2219);
#1894=AXIS2_PLACEMENT_3D('',#2825,#2221,#2222);
#1895=AXIS2_PLACEMENT_3D('',#2827,#2224,#2225);
#1896=AXIS2_PLACEMENT_3D('',#2830,#2228,#2229);
#1897=AXIS2_PLACEMENT_3D('',#2833,#2232,#2233);
#1898=AXIS2_PLACEMENT_3D('',#2836,#2236,#2237);
#1899=AXIS2_PLACEMENT_3D('',#2837,#2238,#2239);
#1900=AXIS2_PLACEMENT_3D('',#2842,#2241,#2242);
#1901=AXIS2_PLACEMENT_3D('',#2846,#2244,#2245);
#1902=AXIS2_PLACEMENT_3D('',#2850,#2247,#2248);
#1903=AXIS2_PLACEMENT_3D('',#2853,#2250,#2251);
#1904=AXIS2_PLACEMENT_3D('',#2864,#2258,#2259);
#1905=AXIS2_PLACEMENT_3D('',#2867,#2262,#2263);
#1906=AXIS2_PLACEMENT_3D('',#2875,#2269,#2270);
#1907=AXIS2_PLACEMENT_3D('',#2886,#2277,#2278);
#1908=AXIS2_PLACEMENT_3D('',#2887,#2279,#2280);
#1909=AXIS2_PLACEMENT_3D('',#2888,#2281,#2282);
#1910=AXIS2_PLACEMENT_3D('',#2889,#2283,#2284);
#1911=AXIS2_PLACEMENT_3D('',#2890,#2285,#2286);
#1912=AXIS2_PLACEMENT_3D('',#2891,#2287,#2288);
#1913=AXIS2_PLACEMENT_3D('',#2894,#2290,#2291);
#1914=AXIS2_PLACEMENT_3D('',#2895,#2292,#2293);
#1915=AXIS2_PLACEMENT_3D('',#2898,#2295,#2296);
#1916=AXIS2_PLACEMENT_3D('',#2899,#2297,#2298);
#1917=AXIS2_PLACEMENT_3D('',#2904,#2300,#2301);
#1918=AXIS2_PLACEMENT_3D('',#2905,#2302,#2303);
#1919=AXIS2_PLACEMENT_3D('',#2906,#2304,#2305);
#1920=AXIS2_PLACEMENT_3D('',#2909,#2307,#2308);
#1921=AXIS2_PLACEMENT_3D('',#2911,#2310,#2311);
#1922=AXIS2_PLACEMENT_3D('',#2913,#2313,#2314);
#1923=AXIS2_PLACEMENT_3D('',#2914,#2315,#2316);
#1924=AXIS2_PLACEMENT_3D('',#2915,#2317,#2318);
#1925=AXIS2_PLACEMENT_3D('',#2916,#2319,#2320);
#1926=AXIS2_PLACEMENT_3D('',#2918,#2322,#2323);
#1927=AXIS2_PLACEMENT_3D('',#2919,#2324,#2325);
#1928=AXIS2_PLACEMENT_3D('',#2920,#2326,#2327);
#1929=AXIS2_PLACEMENT_3D('',#2922,#2329,#2330);
#1930=AXIS2_PLACEMENT_3D('',#2923,#2331,#2332);
#1931=AXIS2_PLACEMENT_3D('',#2924,#2333,#2334);
#1932=AXIS2_PLACEMENT_3D('',#2925,#2335,#2336);
#1933=AXIS2_PLACEMENT_3D('',#2926,#2337,#2338);
#1934=AXIS2_PLACEMENT_3D('',#2936,#2339,#2340);
#1935=AXIS2_PLACEMENT_3D('',#2938,#2341,#2342);
#1936=AXIS2_PLACEMENT_3D('',#2941,#2345,#2346);
#1937=AXIS2_PLACEMENT_3D('',#2943,#2348,#2349);
#1938=AXIS2_PLACEMENT_3D('',#2944,#2350,#2351);
#1939=AXIS2_PLACEMENT_3D('',#2949,#2353,#2354);
#1940=AXIS2_PLACEMENT_3D('',#2952,#2356,#2357);
#1941=AXIS2_PLACEMENT_3D('',#2958,#2361,#2362);
#1942=AXIS2_PLACEMENT_3D('',#2959,#2363,#2364);
#1943=AXIS2_PLACEMENT_3D('',#2963,#2366,#2367);
#1944=AXIS2_PLACEMENT_3D('',#2964,#2368,#2369);
#1945=AXIS2_PLACEMENT_3D('',#2965,#2370,#2371);
#1946=AXIS2_PLACEMENT_3D('',#2969,#2373,#2374);
#1947=AXIS2_PLACEMENT_3D('',#2970,#2375,#2376);
#1948=AXIS2_PLACEMENT_3D('',#2979,#2381,#2382);
#1949=AXIS2_PLACEMENT_3D('',#2980,#2383,#2384);
#1950=AXIS2_PLACEMENT_3D('',#2984,#2386,#2387);
#1951=AXIS2_PLACEMENT_3D('',#2985,#2388,#2389);
#1952=AXIS2_PLACEMENT_3D('',#2988,#2392,#2393);
#1953=AXIS2_PLACEMENT_3D('',#2989,#2394,#2395);
#1954=AXIS2_PLACEMENT_3D('',#2991,#2397,#2398);
#1955=AXIS2_PLACEMENT_3D('',#2992,#2399,#2400);
#1956=AXIS2_PLACEMENT_3D('',#2993,#2401,#2402);
#1957=AXIS2_PLACEMENT_3D('',#2994,#2403,#2404);
#1958=AXIS2_PLACEMENT_3D('',#2996,#2406,#2407);
#1959=AXIS2_PLACEMENT_3D('',#2997,#2408,#2409);
#1960=AXIS2_PLACEMENT_3D('',#3001,#2411,#2412);
#1961=AXIS2_PLACEMENT_3D('',#3005,#2414,#2415);
#1962=AXIS2_PLACEMENT_3D('',#3006,#2416,#2417);
#1963=AXIS2_PLACEMENT_3D('',#3007,#2418,#2419);
#1964=AXIS2_PLACEMENT_3D('',#3011,#2421,#2422);
#1965=AXIS2_PLACEMENT_3D('',#3015,#2424,#2425);
#1966=AXIS2_PLACEMENT_3D('',#3016,#2426,#2427);
#1967=AXIS2_PLACEMENT_3D('',#3019,#2429,#2430);
#1968=AXIS2_PLACEMENT_3D('',#3022,#2432,#2433);
#1969=AXIS2_PLACEMENT_3D('',#3031,#2439,#2440);
#1970=AXIS2_PLACEMENT_3D('',#3032,#2441,#2442);
#1971=AXIS2_PLACEMENT_3D('',#3034,#2443,#2444);
#1972=AXIS2_PLACEMENT_3D('',#3041,#2448,#2449);
#1973=AXIS2_PLACEMENT_3D('',#3047,#2454,#2455);
#1974=AXIS2_PLACEMENT_3D('',#3048,#2456,#2457);
#1975=AXIS2_PLACEMENT_3D('',#3049,#2458,#2459);
#1976=AXIS2_PLACEMENT_3D('',#3050,#2460,#2461);
#1977=AXIS2_PLACEMENT_3D('',#3051,#2462,#2463);
#1978=AXIS2_PLACEMENT_3D('',#3052,#2464,#2465);
#1979=AXIS2_PLACEMENT_3D('',#3054,#2466,#2467);
#1980=AXIS2_PLACEMENT_3D('',#3055,#2468,#2469);
#1981=AXIS2_PLACEMENT_3D('',#3056,#2470,#2471);
#1982=AXIS2_PLACEMENT_3D('',#3058,#2472,#2473);
#1983=AXIS2_PLACEMENT_3D('',#3059,#2474,#2475);
#1984=AXIS2_PLACEMENT_3D('',#3062,#2478,#2479);
#1985=AXIS2_PLACEMENT_3D('',#3063,#2480,#2481);
#1986=AXIS2_PLACEMENT_3D('',#3064,#2482,#2483);
#1987=AXIS2_PLACEMENT_3D('',#3065,#2484,#2485);
#1988=AXIS2_PLACEMENT_3D('',#3066,#2486,#2487);
#1989=AXIS2_PLACEMENT_3D('',#3069,#2490,#2491);
#1990=AXIS2_PLACEMENT_3D('',#3072,#2494,#2495);
#1991=AXIS2_PLACEMENT_3D('',#3075,#2498,#2499);
#1992=AXIS2_PLACEMENT_3D('',#3078,#2502,#2503);
#1993=AXIS2_PLACEMENT_3D('',#3081,#2506,#2507);
#1994=AXIS2_PLACEMENT_3D('',#3082,#2508,#2509);
#1995=AXIS2_PLACEMENT_3D('',#3085,#2512,#2513);
#1996=AXIS2_PLACEMENT_3D('',#3088,#2516,#2517);
#1997=AXIS2_PLACEMENT_3D('',#3091,#2520,#2521);
#1998=AXIS2_PLACEMENT_3D('',#3094,#2524,#2525);
#1999=AXIS2_PLACEMENT_3D('',#3096,#2527,#2528);
#2000=AXIS2_PLACEMENT_3D('',#3097,#2529,#2530);
#2001=AXIS2_PLACEMENT_3D('',#3098,#2531,#2532);
#2002=AXIS2_PLACEMENT_3D('',#3099,#2533,#2534);
#2003=AXIS2_PLACEMENT_3D('',#3100,#2535,#2536);
#2004=AXIS2_PLACEMENT_3D('',#3101,#2537,#2538);
#2005=AXIS2_PLACEMENT_3D('',#3102,#2539,#2540);
#2006=AXIS2_PLACEMENT_3D('',#3103,#2541,#2542);
#2007=AXIS2_PLACEMENT_3D('',#3104,#2543,#2544);
#2008=AXIS2_PLACEMENT_3D('',#3105,#2545,#2546);
#2009=AXIS2_PLACEMENT_3D('',#3106,#2547,#2548);
#2010=AXIS2_PLACEMENT_3D('',#3107,#2549,#2550);
#2011=AXIS2_PLACEMENT_3D('',#3108,#2551,#2552);
#2012=AXIS2_PLACEMENT_3D('',#3109,#2553,#2554);
#2013=AXIS2_PLACEMENT_3D('',#3110,#2555,#2556);
#2014=AXIS2_PLACEMENT_3D('',#3111,#2557,#2558);
#2015=AXIS2_PLACEMENT_3D('',#3112,#2559,#2560);
#2016=AXIS2_PLACEMENT_3D('',#3113,#2561,#2562);
#2017=AXIS2_PLACEMENT_3D('',#3114,#2563,#2564);
#2018=AXIS2_PLACEMENT_3D('',#3115,#2565,#2566);
#2019=AXIS2_PLACEMENT_3D('',#3116,#2567,#2568);
#2020=DIRECTION('',(0.,0.,1.));
#2021=DIRECTION('',(1.,0.,0.));
#2022=DIRECTION('',(0.,1.,0.));
#2023=DIRECTION('',(0.,0.,1.));
#2024=DIRECTION('',(0.,-1.,0.));
#2025=DIRECTION('',(0.,0.,-1.));
#2026=DIRECTION('',(0.,-1.,0.));
#2027=DIRECTION('',(0.,-1.,0.));
#2028=DIRECTION('',(0.,0.,-1.));
#2029=DIRECTION('',(0.,1.,0.));
#2030=DIRECTION('',(0.,1.,0.));
#2031=DIRECTION('',(0.,0.,1.));
#2032=DIRECTION('',(0.,-1.,0.));
#2033=DIRECTION('',(0.,0.,-1.));
#2034=DIRECTION('',(0.,-1.,0.));
#2035=DIRECTION('',(0.,-1.,0.));
#2036=DIRECTION('',(0.,0.,-1.));
#2037=DIRECTION('',(0.,1.,0.));
#2038=DIRECTION('',(0.,-1.,0.));
#2039=DIRECTION('',(1.,0.,0.));
#2040=DIRECTION('',(0.984807753012208,0.,0.17364817766693));
#2041=DIRECTION('',(0.,-1.,0.));
#2042=DIRECTION('',(0.,0.,-1.));
#2043=DIRECTION('',(-0.707106781186548,0.,0.707106781186548));
#2044=DIRECTION('',(-0.984807753012208,0.,0.17364817766693));
#2045=DIRECTION('',(0.17364817766693,0.,0.984807753012208));
#2046=DIRECTION('',(-0.984807753012208,0.,0.17364817766693));
#2047=DIRECTION('',(0.,-1.,0.));
#2048=DIRECTION('',(0.,0.,-1.));
#2049=DIRECTION('',(0.,-1.,0.));
#2050=DIRECTION('',(0.,0.,-1.));
#2051=DIRECTION('',(-0.707106781186548,0.,-0.707106781186548));
#2052=DIRECTION('',(0.707106781186548,0.,-0.707106781186548));
#2053=DIRECTION('',(0.707106781186548,0.,0.707106781186548));
#2054=DIRECTION('',(0.,-1.,0.));
#2055=DIRECTION('',(0.,0.,-1.));
#2056=DIRECTION('',(0.,-1.,0.));
#2057=DIRECTION('',(0.,0.,-1.));
#2058=DIRECTION('',(0.,0.,1.));
#2059=DIRECTION('',(-1.,0.,0.));
#2060=DIRECTION('',(0.,0.,1.));
#2061=DIRECTION('',(0.,-1.,0.));
#2062=DIRECTION('',(0.,0.,-1.));
#2063=DIRECTION('',(0.,-1.,0.));
#2064=DIRECTION('',(0.,0.,-1.));
#2065=DIRECTION('',(0.,-1.,0.));
#2066=DIRECTION('',(0.,0.,-1.));
#2067=DIRECTION('',(0.894427190999916,0.,-0.447213595499958));
#2068=DIRECTION('',(0.,0.,-1.));
#2069=DIRECTION('',(0.,-1.,0.));
#2070=DIRECTION('',(0.,0.,-1.));
#2071=DIRECTION('',(0.707106781186547,0.,0.707106781186548));
#2072=DIRECTION('',(0.,-1.,0.));
#2073=DIRECTION('',(0.,0.,-1.));
#2074=DIRECTION('',(1.,0.,6.54205191118239E-16));
#2075=DIRECTION('',(0.,-1.,0.));
#2076=DIRECTION('',(0.,0.,-1.));
#2077=DIRECTION('',(0.447213595499958,0.,-0.894427190999916));
#2078=DIRECTION('',(0.,-1.,0.));
#2079=DIRECTION('',(0.,0.,-1.));
#2080=DIRECTION('',(0.,-1.,0.));
#2081=DIRECTION('',(0.,0.,-1.));
#2082=DIRECTION('',(0.,-1.,0.));
#2083=DIRECTION('',(0.,0.,-1.));
#2084=DIRECTION('',(0.984807753012208,0.,0.17364817766693));
#2085=DIRECTION('',(-0.17364817766693,0.,0.984807753012208));
#2086=DIRECTION('',(0.,0.,-1.));
#2087=DIRECTION('',(0.,-1.,0.));
#2088=DIRECTION('',(0.,0.,-1.));
#2089=DIRECTION('',(0.894427190999916,0.,-0.447213595499958));
#2090=DIRECTION('',(0.,-1.,0.));
#2091=DIRECTION('',(0.,0.,-1.));
#2092=DIRECTION('',(0.,-1.,0.));
#2093=DIRECTION('',(0.,0.,-1.));
#2094=DIRECTION('',(0.,-1.,0.));
#2095=DIRECTION('',(0.,0.,-1.));
#2096=DIRECTION('',(0.447213595499958,0.,-0.894427190999916));
#2097=DIRECTION('',(0.,-1.,0.));
#2098=DIRECTION('',(0.,0.,-1.));
#2099=DIRECTION('',(1.,0.,9.8925776149218E-16));
#2100=DIRECTION('',(0.707106781186547,0.,0.707106781186548));
#2101=DIRECTION('',(0.,-1.,0.));
#2102=DIRECTION('',(1.,0.,0.));
#2103=DIRECTION('',(0.894427190999916,0.,-0.447213595499958));
#2104=DIRECTION('',(0.,-1.,0.));
#2105=DIRECTION('',(0.,0.,-1.));
#2106=DIRECTION('',(0.,0.,-1.));
#2107=DIRECTION('',(0.707106781186547,0.,0.707106781186548));
#2108=DIRECTION('',(1.,0.,9.8925776149218E-16));
#2109=DIRECTION('',(0.,-1.,0.));
#2110=DIRECTION('',(0.,0.,-1.));
#2111=DIRECTION('',(0.447213595499958,0.,-0.894427190999916));
#2112=DIRECTION('',(0.,-1.,0.));
#2113=DIRECTION('',(0.,0.,-1.));
#2114=DIRECTION('',(0.,-1.,0.));
#2115=DIRECTION('',(0.,0.,-1.));
#2116=DIRECTION('',(0.,-1.,0.));
#2117=DIRECTION('',(0.,0.,-1.));
#2118=DIRECTION('',(0.984807753012208,0.,0.17364817766693));
#2119=DIRECTION('',(-0.17364817766693,0.,0.984807753012208));
#2120=DIRECTION('',(0.984807753012208,0.,0.17364817766693));
#2121=DIRECTION('',(0.,-1.,0.));
#2122=DIRECTION('',(0.,0.,-1.));
#2123=DIRECTION('',(0.,-1.,0.));
#2124=DIRECTION('',(0.,0.,-1.));
#2125=DIRECTION('',(0.,-1.,0.));
#2126=DIRECTION('',(0.,0.,-1.));
#2127=DIRECTION('',(0.447213595499958,0.,-0.894427190999916));
#2128=DIRECTION('',(0.,-1.,0.));
#2129=DIRECTION('',(0.,0.,-1.));
#2130=DIRECTION('',(1.,0.,6.54205191118239E-16));
#2131=DIRECTION('',(0.,-1.,0.));
#2132=DIRECTION('',(0.,0.,-1.));
#2133=DIRECTION('',(0.707106781186547,0.,0.707106781186548));
#2134=DIRECTION('',(0.,-1.,0.));
#2135=DIRECTION('',(0.,0.,-1.));
#2136=DIRECTION('',(0.,0.,-1.));
#2137=DIRECTION('',(0.894427190999916,0.,-0.447213595499958));
#2138=DIRECTION('',(0.,-1.,0.));
#2139=DIRECTION('',(0.,0.,-1.));
#2140=DIRECTION('',(0.,-1.,0.));
#2141=DIRECTION('',(0.,0.,-1.));
#2142=DIRECTION('',(0.,-1.,0.));
#2143=DIRECTION('',(0.,0.,-1.));
#2144=DIRECTION('',(0.,0.,1.));
#2145=DIRECTION('',(-1.,0.,0.));
#2146=DIRECTION('',(0.,0.,1.));
#2147=DIRECTION('',(0.,-1.,0.));
#2148=DIRECTION('',(0.,0.,-1.));
#2149=DIRECTION('',(0.,-1.,0.));
#2150=DIRECTION('',(0.,0.,-1.));
#2151=DIRECTION('',(0.707106781186548,0.,0.707106781186548));
#2152=DIRECTION('',(0.707106781186548,0.,-0.707106781186548));
#2153=DIRECTION('',(-0.707106781186548,0.,-0.707106781186548));
#2154=DIRECTION('',(0.,-1.,0.));
#2155=DIRECTION('',(0.,0.,-1.));
#2156=DIRECTION('',(0.,-1.,0.));
#2157=DIRECTION('',(0.,0.,-1.));
#2158=DIRECTION('',(-0.984807753012208,0.,0.17364817766693));
#2159=DIRECTION('',(0.17364817766693,0.,0.984807753012208));
#2160=DIRECTION('',(-0.984807753012208,0.,0.17364817766693));
#2161=DIRECTION('',(0.,-1.,0.));
#2162=DIRECTION('',(0.,0.,-1.));
#2163=DIRECTION('',(-0.707106781186548,0.,0.707106781186548));
#2164=DIRECTION('',(-0.17364817766693,0.,-0.984807753012208));
#2165=DIRECTION('',(0.984807753012208,0.,-0.17364817766693));
#2166=DIRECTION('',(-0.17364817766693,0.,-0.984807753012208));
#2167=DIRECTION('',(-0.984807753012208,0.,0.17364817766693));
#2168=DIRECTION('',(0.,1.,0.));
#2169=DIRECTION('',(0.984807753012208,0.,-0.173648177666929));
#2170=DIRECTION('',(0.,1.,0.));
#2171=DIRECTION('',(0.984807753012208,0.,-0.173648177666929));
#2172=DIRECTION('',(0.,-1.,0.));
#2173=DIRECTION('',(-0.17364817766693,0.,-0.984807753012208));
#2174=DIRECTION('',(-0.984807753012208,0.,0.17364817766693));
#2175=DIRECTION('',(0.17364817766693,0.,0.984807753012208));
#2176=DIRECTION('',(0.984807753012208,0.,-0.17364817766693));
#2177=DIRECTION('',(-0.17364817766693,0.,-0.984807753012208));
#2178=DIRECTION('',(-0.984807753012208,0.,0.17364817766693));
#2179=DIRECTION('',(0.,1.,0.));
#2180=DIRECTION('',(0.,0.,1.));
#2181=DIRECTION('',(0.,1.,0.));
#2182=DIRECTION('',(0.,1.,0.));
#2183=DIRECTION('',(0.,-1.,0.));
#2184=DIRECTION('',(1.,0.,0.));
#2185=DIRECTION('',(0.,-1.,0.));
#2186=DIRECTION('',(0.,0.,-1.));
#2187=DIRECTION('',(0.707106781186548,0.,-0.707106781186548));
#2188=DIRECTION('',(0.,-1.,0.));
#2189=DIRECTION('',(0.,0.,-1.));
#2190=DIRECTION('',(-0.984807753012208,0.,-0.173648177666929));
#2191=DIRECTION('',(0.,-1.,0.));
#2192=DIRECTION('',(0.,0.,-1.));
#2193=DIRECTION('',(0.17364817766693,0.,-0.984807753012208));
#2194=DIRECTION('',(0.,-1.,0.));
#2195=DIRECTION('',(0.,0.,-1.));
#2196=DIRECTION('',(-1.,0.,0.));
#2197=DIRECTION('',(0.,-1.,0.));
#2198=DIRECTION('',(0.,0.,-1.));
#2199=DIRECTION('',(-0.17364817766693,0.,-0.984807753012208));
#2200=DIRECTION('',(0.,-1.,0.));
#2201=DIRECTION('',(0.,0.,-1.));
#2202=DIRECTION('',(0.,-1.,0.));
#2203=DIRECTION('',(1.,0.,0.));
#2204=DIRECTION('',(0.,-1.,0.));
#2205=DIRECTION('',(0.,0.,-1.));
#2206=DIRECTION('',(0.707106781186548,0.,-0.707106781186548));
#2207=DIRECTION('',(0.,-1.,0.));
#2208=DIRECTION('',(0.,0.,-1.));
#2209=DIRECTION('',(0.,-1.,0.));
#2210=DIRECTION('',(0.,0.,-1.));
#2211=DIRECTION('',(-0.17364817766693,0.,-0.984807753012208));
#2212=DIRECTION('',(0.,-1.,0.));
#2213=DIRECTION('',(0.,0.,-1.));
#2214=DIRECTION('',(-1.,0.,0.));
#2215=DIRECTION('',(0.,-1.,0.));
#2216=DIRECTION('',(0.,0.,-1.));
#2217=DIRECTION('',(0.17364817766693,0.,-0.984807753012208));
#2218=DIRECTION('',(0.,-1.,0.));
#2219=DIRECTION('',(0.,0.,-1.));
#2220=DIRECTION('',(-0.984807753012208,0.,-0.173648177666929));
#2221=DIRECTION('',(0.,1.,0.));
#2222=DIRECTION('',(0.,0.,1.));
#2223=DIRECTION('',(0.,1.,0.));
#2224=DIRECTION('',(0.,1.,0.));
#2225=DIRECTION('',(0.,0.,1.));
#2226=DIRECTION('',(0.,-1.,0.));
#2227=DIRECTION('',(0.,1.,0.));
#2228=DIRECTION('',(0.,1.,0.));
#2229=DIRECTION('',(0.,0.,1.));
#2230=DIRECTION('',(0.,1.,0.));
#2231=DIRECTION('',(0.,1.,0.));
#2232=DIRECTION('',(0.,1.,0.));
#2233=DIRECTION('',(0.,0.,1.));
#2234=DIRECTION('',(0.,1.,0.));
#2235=DIRECTION('',(0.,1.,0.));
#2236=DIRECTION('',(0.,1.,0.));
#2237=DIRECTION('',(0.,0.,1.));
#2238=DIRECTION('',(0.,-1.,0.));
#2239=DIRECTION('',(0.,0.,-1.));
#2240=DIRECTION('',(0.,1.,0.));
#2241=DIRECTION('',(0.,-1.,0.));
#2242=DIRECTION('',(0.,0.,-1.));
#2243=DIRECTION('',(0.,1.,0.));
#2244=DIRECTION('',(0.,-1.,0.));
#2245=DIRECTION('',(0.,0.,-1.));
#2246=DIRECTION('',(0.,1.,0.));
#2247=DIRECTION('',(0.,-1.,0.));
#2248=DIRECTION('',(0.,0.,-1.));
#2249=DIRECTION('',(0.,1.,0.));
#2250=DIRECTION('',(0.,0.,1.));
#2251=DIRECTION('',(1.,0.,0.));
#2252=DIRECTION('',(0.,1.,0.));
#2253=DIRECTION('',(1.,0.,0.));
#2254=DIRECTION('',(-1.,0.,0.));
#2255=DIRECTION('',(0.,1.,0.));
#2256=DIRECTION('',(0.,1.,0.));
#2257=DIRECTION('',(-1.,0.,0.));
#2258=DIRECTION('',(0.,1.,0.));
#2259=DIRECTION('',(0.,0.,1.));
#2260=DIRECTION('',(0.,1.,0.));
#2261=DIRECTION('',(0.,1.,0.));
#2262=DIRECTION('',(-0.984807753012208,0.,-0.17364817766693));
#2263=DIRECTION('',(-0.17364817766693,0.,0.984807753012208));
#2264=DIRECTION('',(0.,1.,0.));
#2265=DIRECTION('',(0.,1.,0.));
#2266=DIRECTION('',(0.17364817766693,0.,-0.984807753012208));
#2267=DIRECTION('',(0.17364817766693,0.,-0.984807753012208));
#2268=DIRECTION('',(0.,1.,0.));
#2269=DIRECTION('',(-0.984807753012208,0.,0.17364817766693));
#2270=DIRECTION('',(0.17364817766693,0.,0.984807753012208));
#2271=DIRECTION('',(0.,1.,0.));
#2272=DIRECTION('',(0.,1.,0.));
#2273=DIRECTION('',(-0.17364817766693,0.,-0.984807753012208));
#2274=DIRECTION('',(0.,1.,0.));
#2275=DIRECTION('',(-0.17364817766693,0.,-0.984807753012208));
#2276=DIRECTION('',(0.,1.,0.));
#2277=DIRECTION('',(0.,1.,0.));
#2278=DIRECTION('',(0.,0.,1.));
#2279=DIRECTION('',(0.,-1.,0.));
#2280=DIRECTION('',(0.,0.,-1.));
#2281=DIRECTION('',(0.,1.,0.));
#2282=DIRECTION('',(0.,0.,1.));
#2283=DIRECTION('',(0.,-1.,0.));
#2284=DIRECTION('',(0.,0.,-1.));
#2285=DIRECTION('',(0.,1.,0.));
#2286=DIRECTION('',(0.,0.,1.));
#2287=DIRECTION('',(0.,-1.,0.));
#2288=DIRECTION('',(0.,0.,-1.));
#2289=DIRECTION('',(0.,1.,0.));
#2290=DIRECTION('',(0.,1.,0.));
#2291=DIRECTION('',(0.,0.,1.));
#2292=DIRECTION('',(0.,-1.,0.));
#2293=DIRECTION('',(0.,0.,-1.));
#2294=DIRECTION('',(0.,1.,0.));
#2295=DIRECTION('',(0.,1.,0.));
#2296=DIRECTION('',(0.,0.,1.));
#2297=DIRECTION('',(0.,-1.,0.));
#2298=DIRECTION('',(0.,0.,-1.));
#2299=DIRECTION('',(0.,1.,0.));
#2300=DIRECTION('',(0.,-1.,0.));
#2301=DIRECTION('',(0.,0.,-1.));
#2302=DIRECTION('',(0.,-1.,0.));
#2303=DIRECTION('',(0.,0.,-1.));
#2304=DIRECTION('',(0.,-1.,0.));
#2305=DIRECTION('',(0.,0.,-1.));
#2306=DIRECTION('',(0.,1.,0.));
#2307=DIRECTION('',(0.,-1.,0.));
#2308=DIRECTION('',(1.,0.,0.));
#2309=DIRECTION('',(-1.,0.,0.));
#2310=DIRECTION('',(0.,-1.,0.));
#2311=DIRECTION('',(1.,0.,0.));
#2312=DIRECTION('',(-1.,0.,0.));
#2313=DIRECTION('',(0.,-1.,0.));
#2314=DIRECTION('',(1.,0.,0.));
#2315=DIRECTION('',(0.,-1.,0.));
#2316=DIRECTION('',(1.,0.,0.));
#2317=DIRECTION('',(0.,1.,0.));
#2318=DIRECTION('',(0.,0.,1.));
#2319=DIRECTION('',(0.,0.,1.));
#2320=DIRECTION('',(1.,0.,0.));
#2321=DIRECTION('',(1.,0.,0.));
#2322=DIRECTION('',(0.17364817766693,0.,0.984807753012208));
#2323=DIRECTION('',(0.984807753012208,0.,-0.17364817766693));
#2324=DIRECTION('',(-0.17364817766693,0.,-0.984807753012208));
#2325=DIRECTION('',(-0.984807753012208,0.,0.17364817766693));
#2326=DIRECTION('',(-0.17364817766693,0.,-0.984807753012208));
#2327=DIRECTION('',(0.984807753012208,0.,-0.17364817766693));
#2328=DIRECTION('',(0.,1.,0.));
#2329=DIRECTION('',(-0.17364817766693,0.,0.984807753012208));
#2330=DIRECTION('',(0.984807753012208,0.,0.17364817766693));
#2331=DIRECTION('',(0.17364817766693,0.,-0.984807753012208));
#2332=DIRECTION('',(-0.984807753012208,0.,-0.17364817766693));
#2333=DIRECTION('',(-0.17364817766693,0.,0.984807753012208));
#2334=DIRECTION('',(0.984807753012208,0.,0.17364817766693));
#2335=DIRECTION('',(-0.17364817766693,0.,0.984807753012208));
#2336=DIRECTION('',(0.984807753012208,0.,0.17364817766693));
#2337=DIRECTION('',(-0.17364817766693,0.,0.984807753012208));
#2338=DIRECTION('',(0.984807753012208,0.,0.17364817766693));
#2339=DIRECTION('',(0.17364817766693,0.,-0.984807753012208));
#2340=DIRECTION('',(-0.984807753012208,0.,-0.17364817766693));
#2341=DIRECTION('',(0.17364817766693,0.,-0.984807753012208));
#2342=DIRECTION('',(-0.984807753012208,0.,-0.17364817766693));
#2343=DIRECTION('',(0.,1.,0.));
#2344=DIRECTION('',(0.,1.,0.));
#2345=DIRECTION('',(0.17364817766693,0.,-0.984807753012208));
#2346=DIRECTION('',(0.984807753012208,0.,0.17364817766693));
#2347=DIRECTION('',(0.,1.,0.));
#2348=DIRECTION('',(-1.,0.,0.));
#2349=DIRECTION('',(0.,0.,1.));
#2350=DIRECTION('',(-1.,0.,0.));
#2351=DIRECTION('',(0.,0.,-1.));
#2352=DIRECTION('',(-1.,0.,0.));
#2353=DIRECTION('',(-1.,0.,0.));
#2354=DIRECTION('',(0.,0.,-1.));
#2355=DIRECTION('',(-1.,0.,0.));
#2356=DIRECTION('',(0.,0.,1.));
#2357=DIRECTION('',(1.,0.,0.));
#2358=DIRECTION('',(0.,1.,0.));
#2359=DIRECTION('',(-1.,0.,0.));
#2360=DIRECTION('',(0.,1.,0.));
#2361=DIRECTION('',(-1.,0.,0.));
#2362=DIRECTION('',(0.,0.,1.));
#2363=DIRECTION('',(-1.,0.,0.));
#2364=DIRECTION('',(0.,0.,-1.));
#2365=DIRECTION('',(-1.,0.,0.));
#2366=DIRECTION('',(-1.,0.,0.));
#2367=DIRECTION('',(0.,0.,-1.));
#2368=DIRECTION('',(-1.,0.,0.));
#2369=DIRECTION('',(0.,0.,1.));
#2370=DIRECTION('',(1.,0.,0.));
#2371=DIRECTION('',(0.,0.,-1.));
#2372=DIRECTION('',(-1.,0.,0.));
#2373=DIRECTION('',(1.,0.,0.));
#2374=DIRECTION('',(0.,0.,-1.));
#2375=DIRECTION('',(0.,0.,1.));
#2376=DIRECTION('',(1.,0.,0.));
#2377=DIRECTION('',(0.,1.,0.));
#2378=DIRECTION('',(-1.,0.,0.));
#2379=DIRECTION('',(0.,1.,0.));
#2380=DIRECTION('',(-1.,0.,0.));
#2381=DIRECTION('',(-1.,0.,0.));
#2382=DIRECTION('',(0.,0.,1.));
#2383=DIRECTION('',(1.,0.,0.));
#2384=DIRECTION('',(0.,0.,-1.));
#2385=DIRECTION('',(-1.,0.,0.));
#2386=DIRECTION('',(1.,0.,0.));
#2387=DIRECTION('',(0.,0.,-1.));
#2388=DIRECTION('',(0.,0.,1.));
#2389=DIRECTION('',(1.,0.,0.));
#2390=DIRECTION('',(0.,1.,0.));
#2391=DIRECTION('',(0.,1.,0.));
#2392=DIRECTION('',(1.,0.,0.));
#2393=DIRECTION('',(0.,1.,0.));
#2394=DIRECTION('',(1.,0.,0.));
#2395=DIRECTION('',(0.,0.,-1.));
#2396=DIRECTION('',(0.,1.,0.));
#2397=DIRECTION('',(1.,0.,0.));
#2398=DIRECTION('',(0.,0.,-1.));
#2399=DIRECTION('',(1.,0.,0.));
#2400=DIRECTION('',(0.,1.,0.));
#2401=DIRECTION('',(1.,0.,0.));
#2402=DIRECTION('',(0.,0.,-1.));
#2403=DIRECTION('',(1.,0.,0.));
#2404=DIRECTION('',(0.,0.,-1.));
#2405=DIRECTION('',(0.,1.,0.));
#2406=DIRECTION('',(0.,-1.,0.));
#2407=DIRECTION('',(1.,0.,0.));
#2408=DIRECTION('',(0.,-1.,0.));
#2409=DIRECTION('',(0.,0.,-1.));
#2410=DIRECTION('',(0.,0.,1.));
#2411=DIRECTION('',(0.,-1.,0.));
#2412=DIRECTION('',(0.,0.,-1.));
#2413=DIRECTION('',(0.,0.,-1.));
#2414=DIRECTION('',(0.,-1.,0.));
#2415=DIRECTION('',(0.,0.,-1.));
#2416=DIRECTION('',(0.,-1.,0.));
#2417=DIRECTION('',(1.,0.,0.));
#2418=DIRECTION('',(0.,-1.,0.));
#2419=DIRECTION('',(0.,0.,-1.));
#2420=DIRECTION('',(0.,0.,1.));
#2421=DIRECTION('',(0.,-1.,0.));
#2422=DIRECTION('',(0.,0.,-1.));
#2423=DIRECTION('',(0.,0.,-1.));
#2424=DIRECTION('',(0.,-1.,0.));
#2425=DIRECTION('',(0.,0.,-1.));
#2426=DIRECTION('',(0.,1.,0.));
#2427=DIRECTION('',(0.,0.,1.));
#2428=DIRECTION('',(0.,1.,0.));
#2429=DIRECTION('',(0.,-1.,0.));
#2430=DIRECTION('',(0.,0.,-1.));
#2431=DIRECTION('',(0.,1.,0.));
#2432=DIRECTION('',(1.,0.,0.));
#2433=DIRECTION('',(0.,0.,-1.));
#2434=DIRECTION('',(0.,1.,0.));
#2435=DIRECTION('',(0.,1.,0.));
#2436=DIRECTION('',(0.,0.,-1.));
#2437=DIRECTION('',(0.,1.,0.));
#2438=DIRECTION('',(0.,0.,-1.));
#2439=DIRECTION('',(0.,0.,1.));
#2440=DIRECTION('',(1.,0.,0.));
#2441=DIRECTION('',(0.,0.,1.));
#2442=DIRECTION('',(1.,0.,0.));
#2443=DIRECTION('',(0.,0.,1.));
#2444=DIRECTION('',(1.,0.,0.));
#2445=DIRECTION('',(1.,0.,0.));
#2446=DIRECTION('',(0.,1.,0.));
#2447=DIRECTION('',(1.,0.,0.));
#2448=DIRECTION('',(-1.,0.,0.));
#2449=DIRECTION('',(0.,0.,1.));
#2450=DIRECTION('',(0.,1.,0.));
#2451=DIRECTION('',(0.,1.,0.));
#2452=DIRECTION('',(0.,0.,1.));
#2453=DIRECTION('',(0.,0.,1.));
#2454=DIRECTION('',(0.,1.,0.));
#2455=DIRECTION('',(0.,0.,1.));
#2456=DIRECTION('',(0.,-1.,0.));
#2457=DIRECTION('',(0.,0.,-1.));
#2458=DIRECTION('',(0.,-1.,0.));
#2459=DIRECTION('',(1.,0.,0.));
#2460=DIRECTION('',(0.,-1.,0.));
#2461=DIRECTION('',(1.,0.,0.));
#2462=DIRECTION('',(0.,0.,-1.));
#2463=DIRECTION('',(-1.,0.,0.));
#2464=DIRECTION('',(0.,0.,1.));
#2465=DIRECTION('',(1.,0.,0.));
#2466=DIRECTION('',(0.,0.,1.));
#2467=DIRECTION('',(1.,0.,0.));
#2468=DIRECTION('',(0.,0.,-1.));
#2469=DIRECTION('',(-1.,0.,0.));
#2470=DIRECTION('',(0.,0.,1.));
#2471=DIRECTION('',(1.,0.,0.));
#2472=DIRECTION('',(0.,0.,1.));
#2473=DIRECTION('',(1.,0.,0.));
#2474=DIRECTION('',(0.707106781186548,0.,0.707106781186548));
#2475=DIRECTION('',(0.707106781186548,0.,-0.707106781186548));
#2476=DIRECTION('',(0.,1.,0.));
#2477=DIRECTION('',(0.,1.,0.));
#2478=DIRECTION('',(0.707106781186548,0.,-0.707106781186548));
#2479=DIRECTION('',(-0.707106781186548,0.,-0.707106781186548));
#2480=DIRECTION('',(-0.707106781186548,0.,0.707106781186548));
#2481=DIRECTION('',(0.707106781186548,0.,0.707106781186548));
#2482=DIRECTION('',(-0.707106781186548,0.,-0.707106781186548));
#2483=DIRECTION('',(-0.707106781186548,0.,0.707106781186548));
#2484=DIRECTION('',(-0.707106781186548,0.,-0.707106781186548));
#2485=DIRECTION('',(-0.707106781186548,0.,0.707106781186548));
#2486=DIRECTION('',(0.447213595499958,0.,0.894427190999916));
#2487=DIRECTION('',(0.894427190999916,0.,-0.447213595499958));
#2488=DIRECTION('',(0.,1.,0.));
#2489=DIRECTION('',(0.,1.,0.));
#2490=DIRECTION('',(0.,1.,0.));
#2491=DIRECTION('',(0.,0.,1.));
#2492=DIRECTION('',(0.,1.,0.));
#2493=DIRECTION('',(0.,1.,0.));
#2494=DIRECTION('',(0.894427190999916,0.,0.447213595499958));
#2495=DIRECTION('',(0.447213595499958,0.,-0.894427190999916));
#2496=DIRECTION('',(0.,-1.,0.));
#2497=DIRECTION('',(0.,1.,0.));
#2498=DIRECTION('',(-9.8925776149218E-16,0.,1.));
#2499=DIRECTION('',(1.,0.,9.8925776149218E-16));
#2500=DIRECTION('',(0.,1.,0.));
#2501=DIRECTION('',(0.,1.,0.));
#2502=DIRECTION('',(1.,0.,0.));
#2503=DIRECTION('',(0.,0.,-1.));
#2504=DIRECTION('',(0.,1.,0.));
#2505=DIRECTION('',(0.,1.,0.));
#2506=DIRECTION('',(-0.707106781186548,0.,0.707106781186547));
#2507=DIRECTION('',(0.707106781186547,0.,0.707106781186548));
#2508=DIRECTION('',(-0.707106781186548,0.,0.707106781186547));
#2509=DIRECTION('',(0.707106781186547,0.,0.707106781186548));
#2510=DIRECTION('',(0.,1.,0.));
#2511=DIRECTION('',(0.,1.,0.));
#2512=DIRECTION('',(-6.54205191118239E-16,0.,1.));
#2513=DIRECTION('',(1.,0.,6.54205191118239E-16));
#2514=DIRECTION('',(0.,1.,0.));
#2515=DIRECTION('',(0.,1.,0.));
#2516=DIRECTION('',(0.894427190999916,0.,0.447213595499958));
#2517=DIRECTION('',(0.447213595499958,0.,-0.894427190999916));
#2518=DIRECTION('',(0.,1.,0.));
#2519=DIRECTION('',(0.,1.,0.));
#2520=DIRECTION('',(1.,0.,0.));
#2521=DIRECTION('',(0.,0.,-1.));
#2522=DIRECTION('',(0.,1.,0.));
#2523=DIRECTION('',(0.,1.,0.));
#2524=DIRECTION('',(0.447213595499957,0.,0.894427190999916));
#2525=DIRECTION('',(0.894427190999916,0.,-0.447213595499958));
#2526=DIRECTION('',(0.,-1.,0.));
#2527=DIRECTION('',(0.,1.,0.));
#2528=DIRECTION('',(0.,0.,1.));
#2529=DIRECTION('',(0.,1.,0.));
#2530=DIRECTION('',(0.,0.,1.));
#2531=DIRECTION('',(0.,1.,0.));
#2532=DIRECTION('',(0.,0.,1.));
#2533=DIRECTION('',(0.,1.,0.));
#2534=DIRECTION('',(0.,0.,1.));
#2535=DIRECTION('',(0.,1.,0.));
#2536=DIRECTION('',(0.,0.,1.));
#2537=DIRECTION('',(0.,1.,0.));
#2538=DIRECTION('',(0.,0.,1.));
#2539=DIRECTION('',(0.,-1.,0.));
#2540=DIRECTION('',(0.,0.,-1.));
#2541=DIRECTION('',(0.,-1.,0.));
#2542=DIRECTION('',(0.,0.,-1.));
#2543=DIRECTION('',(0.,1.,0.));
#2544=DIRECTION('',(0.,0.,1.));
#2545=DIRECTION('',(0.,1.,0.));
#2546=DIRECTION('',(0.,0.,1.));
#2547=DIRECTION('',(0.,1.,0.));
#2548=DIRECTION('',(0.,0.,1.));
#2549=DIRECTION('',(-1.,0.,0.));
#2550=DIRECTION('',(0.,0.,1.));
#2551=DIRECTION('',(-1.,0.,0.));
#2552=DIRECTION('',(0.,0.,1.));
#2553=DIRECTION('',(0.,1.,0.));
#2554=DIRECTION('',(0.,0.,1.));
#2555=DIRECTION('',(0.,1.,0.));
#2556=DIRECTION('',(0.,0.,1.));
#2557=DIRECTION('',(0.,1.,0.));
#2558=DIRECTION('',(0.,0.,1.));
#2559=DIRECTION('',(0.,1.,0.));
#2560=DIRECTION('',(0.,0.,1.));
#2561=DIRECTION('',(0.,-1.,0.));
#2562=DIRECTION('',(0.,0.,-1.));
#2563=DIRECTION('',(0.,1.,0.));
#2564=DIRECTION('',(0.,0.,1.));
#2565=DIRECTION('',(0.,1.,0.));
#2566=DIRECTION('',(0.,0.,1.));
#2567=DIRECTION('',(0.,1.,0.));
#2568=DIRECTION('',(0.,0.,1.));
#2569=CARTESIAN_POINT('',(0.,0.,0.));
#2570=CARTESIAN_POINT('',(0.,-0.01,6.13548046372824E-18));
#2571=CARTESIAN_POINT('',(0.,0.0035,3.06774023186412E-18));
#2572=CARTESIAN_POINT('',(-0.0317136504817946,0.0035,-0.0387847182936601));
#2573=CARTESIAN_POINT('',(0.0497394964536614,0.0035,0.00599937434539664));
#2574=CARTESIAN_POINT('',(0.0497394964536614,0.213791352219256,0.00599937434539664));
#2575=CARTESIAN_POINT('',(0.0497394964536614,0.01,0.00599937434539664));
#2576=CARTESIAN_POINT('',(0.,0.01,6.13548046372824E-18));
#2577=CARTESIAN_POINT('',(-0.0317136504817946,0.01,-0.0387847182936601));
#2578=CARTESIAN_POINT('',(-0.0317136504817946,-0.010002,-0.0387847182936601));
#2579=CARTESIAN_POINT('',(0.,-0.01,6.13548046372824E-18));
#2580=CARTESIAN_POINT('',(0.,-0.0035,6.13548046372824E-18));
#2581=CARTESIAN_POINT('',(-0.0387847182936601,-0.0035,-0.0317136504817946));
#2582=CARTESIAN_POINT('',(-0.0497394964536614,-0.0035,0.00599937434539664));
#2583=CARTESIAN_POINT('',(-0.0497394964536614,0.213791352219256,0.00599937434539664));
#2584=CARTESIAN_POINT('',(-0.0497394964536614,-0.01,0.00599937434539664));
#2585=CARTESIAN_POINT('',(0.,-0.01,6.13548046372824E-18));
#2586=CARTESIAN_POINT('',(-0.0387847182936601,-0.01,-0.0317136504817946));
#2587=CARTESIAN_POINT('',(-0.0387847182936601,-0.010002,-0.0317136504817946));
#2588=CARTESIAN_POINT('',(0.,-0.01,0.));
#2589=CARTESIAN_POINT('',(0.0493387896824149,-0.01,0.0059287189302733));
#2590=CARTESIAN_POINT('',(0.0497394964536614,-0.01,0.00599937434539664));
#2591=CARTESIAN_POINT('',(0.0518192582974188,-0.01,0.00636609247189904));
#2592=CARTESIAN_POINT('',(0.,-0.01,6.13548046372824E-18));
#2593=CARTESIAN_POINT('',(-0.0317136504817946,-0.01,-0.0387847182936601));
#2594=CARTESIAN_POINT('',(-0.0352491843877274,-0.01,-0.0352491843877274));
#2595=CARTESIAN_POINT('',(-0.0493387896824149,-0.01,0.0059287189302733));
#2596=CARTESIAN_POINT('',(-0.0518192582974188,-0.01,0.00636609247189904));
#2597=CARTESIAN_POINT('',(-0.0552130582343753,-0.01,-0.0128811034099825));
#2598=CARTESIAN_POINT('',(-0.05521271093802,-0.01,-0.0128791337944765));
#2599=CARTESIAN_POINT('',(-0.0527322423230161,-0.01,-0.0133165073361022));
#2600=CARTESIAN_POINT('',(-0.0514828167034346,-0.01,-0.0135368147832228));
#2601=CARTESIAN_POINT('',(-0.0518301130587684,-0.01,-0.0155064302892473));
#2602=CARTESIAN_POINT('',(-0.0499140275482779,-0.01,-0.0149331796316041));
#2603=CARTESIAN_POINT('',(0.,-0.01,3.19020491177886E-18));
#2604=CARTESIAN_POINT('',(-0.0402057534307734,-0.01,-0.0331346856189078));
#2605=CARTESIAN_POINT('',(-0.0398453784654399,-0.01,-0.0327743106535744));
#2606=CARTESIAN_POINT('',(-0.0409060386372197,-0.01,-0.0338349708253543));
#2607=CARTESIAN_POINT('',(-0.037370504731287,-0.01,-0.037370504731287));
#2608=CARTESIAN_POINT('',(-0.0338349708253543,-0.01,-0.0409060386372197));
#2609=CARTESIAN_POINT('',(-0.0327743106535744,-0.01,-0.0398453784654399));
#2610=CARTESIAN_POINT('',(-0.0331346856189078,-0.01,-0.0402057534307734));
#2611=CARTESIAN_POINT('',(0.,-0.01,3.19020491177886E-18));
#2612=CARTESIAN_POINT('',(-0.0238474271786337,-0.01,-0.0463218114602588));
#2613=CARTESIAN_POINT('',(-0.02476287543885,-0.01,-0.0481));
#2614=CARTESIAN_POINT('',(-0.0245,-0.01,-0.050082648860401));
#2615=CARTESIAN_POINT('',(-0.0245,-0.01,-0.0511));
#2616=CARTESIAN_POINT('',(-0.0245,-0.01,-0.0521));
#2617=CARTESIAN_POINT('',(0.0245,-0.01,-0.0521));
#2618=CARTESIAN_POINT('',(0.0245,-0.01,-0.0521));
#2619=CARTESIAN_POINT('',(0.0245,-0.01,-0.0511));
#2620=CARTESIAN_POINT('',(0.0245,-0.01,-0.050082648860401));
#2621=CARTESIAN_POINT('',(0.02476287543885,-0.01,-0.0481));
#2622=CARTESIAN_POINT('',(0.0238474271786337,-0.01,-0.0463218114602588));
#2623=CARTESIAN_POINT('',(0.,-0.01,3.19020491177886E-18));
#2624=CARTESIAN_POINT('',(0.0260057616557194,-0.01,-0.0451454356575049));
#2625=CARTESIAN_POINT('',(0.0270040634467259,-0.01,-0.046878465817102));
#2626=CARTESIAN_POINT('',(0.0278984906377258,-0.01,-0.0450896114351022));
#2627=CARTESIAN_POINT('',(0.0375319948909494,-0.01,-0.0499063635617139));
#2628=CARTESIAN_POINT('',(0.0481385966087476,-0.01,-0.055209664420613));
#2629=CARTESIAN_POINT('',(0.0481385966087476,-0.01,-0.0605129652795121));
#2630=CARTESIAN_POINT('',(0.0481385966087476,-0.01,-0.060987839013665));
#2631=CARTESIAN_POINT('',(0.0501385966087476,-0.01,-0.060987839013665));
#2632=CARTESIAN_POINT('',(0.0515528101711207,-0.01,-0.0624020525760381));
#2633=CARTESIAN_POINT('',(0.0569774313735794,-0.01,-0.0569774313735794));
#2634=CARTESIAN_POINT('',(0.0624020525760382,-0.01,-0.0515528101711206));
#2635=CARTESIAN_POINT('',(0.0609878390136651,-0.01,-0.0501385966087475));
#2636=CARTESIAN_POINT('',(0.0609878390136651,-0.01,-0.0481385966087475));
#2637=CARTESIAN_POINT('',(0.0605129652795122,-0.01,-0.0481385966087475));
#2638=CARTESIAN_POINT('',(0.0564457323981128,-0.01,-0.0481385966087475));
#2639=CARTESIAN_POINT('',(0.0564457323981128,-0.01,-0.0461385966087475));
#2640=CARTESIAN_POINT('',(0.054656878016113,-0.01,-0.0470330237997474));
#2641=CARTESIAN_POINT('',(0.049906363561714,-0.01,-0.0375319948909493));
#2642=CARTESIAN_POINT('',(0.0450896114351022,-0.01,-0.0278984906377258));
#2643=CARTESIAN_POINT('',(0.046878465817102,-0.01,-0.0270040634467259));
#2644=CARTESIAN_POINT('',(0.0451454356575049,-0.01,-0.0260057616557194));
#2645=CARTESIAN_POINT('',(0.,-0.01,3.19020491177886E-18));
#2646=CARTESIAN_POINT('',(0.0499140275482779,-0.01,-0.0149331796316041));
#2647=CARTESIAN_POINT('',(0.0518301130587684,-0.01,-0.0155064302892473));
#2648=CARTESIAN_POINT('',(0.0514828167034346,-0.01,-0.0135368147832228));
#2649=CARTESIAN_POINT('',(0.0527322423230161,-0.01,-0.0133165073361022));
#2650=CARTESIAN_POINT('',(0.05521271093802,-0.01,-0.0128791337944765));
#2651=CARTESIAN_POINT('',(0.0521825054611855,-0.01,0.00430601543600091));
#2652=CARTESIAN_POINT('',(0.0501385966087476,-0.01,-0.0574807177283891));
#2653=CARTESIAN_POINT('',(0.0501385966087476,-0.01,-0.055209664420613));
#2654=CARTESIAN_POINT('',(0.0501385966087476,-0.01,-0.060987839013665));
#2655=CARTESIAN_POINT('',(0.0481385966087476,-0.01,-0.055209664420613));
#2656=CARTESIAN_POINT('',(0.0490330237997475,-0.01,-0.0534208100386132));
#2657=CARTESIAN_POINT('',(0.0405414066542308,-0.01,-0.0491750014658548));
#2658=CARTESIAN_POINT('',(0.0338541757598287,-0.01,-0.0458313860186538));
#2659=CARTESIAN_POINT('',(0.0347486029508286,-0.01,-0.0440425316366539));
#2660=CARTESIAN_POINT('',(0.0335097935764676,-0.01,-0.042472387906292));
#2661=CARTESIAN_POINT('',(2.56739074444567E-16,-0.01,-2.74086309204335E-16));
#2662=CARTESIAN_POINT('',(0.042472387906292,-0.01,-0.0335097935764675));
#2663=CARTESIAN_POINT('',(0.044042531636654,-0.01,-0.0347486029508286));
#2664=CARTESIAN_POINT('',(0.0458313860186538,-0.01,-0.0338541757598287));
#2665=CARTESIAN_POINT('',(0.0491750014658549,-0.01,-0.0405414066542307));
#2666=CARTESIAN_POINT('',(0.0534208100386132,-0.01,-0.0490330237997474));
#2667=CARTESIAN_POINT('',(0.0552096644206131,-0.01,-0.0481385966087475));
#2668=CARTESIAN_POINT('',(0.0552096644206131,-0.01,-0.0501385966087475));
#2669=CARTESIAN_POINT('',(0.0574807177283892,-0.01,-0.0501385966087475));
#2670=CARTESIAN_POINT('',(0.0609878390136651,-0.01,-0.0501385966087475));
#2671=CARTESIAN_POINT('',(0.0555632178112063,-0.01,-0.0555632178112063));
#2672=CARTESIAN_POINT('',(0.,0.01,0.));
#2673=CARTESIAN_POINT('',(0.0405414066542308,0.01,-0.0491750014658548));
#2674=CARTESIAN_POINT('',(0.0338541757598287,0.01,-0.0458313860186538));
#2675=CARTESIAN_POINT('',(0.0490330237997475,0.01,-0.0534208100386132));
#2676=CARTESIAN_POINT('',(0.0481385966087476,0.01,-0.055209664420613));
#2677=CARTESIAN_POINT('',(0.0501385966087476,0.01,-0.055209664420613));
#2678=CARTESIAN_POINT('',(0.0501385966087476,0.01,-0.0574807177283891));
#2679=CARTESIAN_POINT('',(0.0501385966087476,0.01,-0.060987839013665));
#2680=CARTESIAN_POINT('',(0.0555632178112063,0.01,-0.0555632178112063));
#2681=CARTESIAN_POINT('',(0.0609878390136651,0.01,-0.0501385966087475));
#2682=CARTESIAN_POINT('',(0.0574807177283892,0.01,-0.0501385966087475));
#2683=CARTESIAN_POINT('',(0.0552096644206131,0.01,-0.0501385966087475));
#2684=CARTESIAN_POINT('',(0.0552096644206131,0.01,-0.0481385966087475));
#2685=CARTESIAN_POINT('',(0.0534208100386132,0.01,-0.0490330237997474));
#2686=CARTESIAN_POINT('',(0.0491750014658549,0.01,-0.0405414066542307));
#2687=CARTESIAN_POINT('',(0.0458313860186538,0.01,-0.0338541757598287));
#2688=CARTESIAN_POINT('',(0.044042531636654,0.01,-0.0347486029508286));
#2689=CARTESIAN_POINT('',(0.042472387906292,0.01,-0.0335097935764675));
#2690=CARTESIAN_POINT('',(2.56739074444567E-16,0.01,-2.74086309204335E-16));
#2691=CARTESIAN_POINT('',(0.0335097935764676,0.01,-0.042472387906292));
#2692=CARTESIAN_POINT('',(0.0347486029508286,0.01,-0.0440425316366539));
#2693=CARTESIAN_POINT('',(0.0493387896824149,0.01,0.0059287189302733));
#2694=CARTESIAN_POINT('',(0.0518192582974188,0.01,0.00636609247189904));
#2695=CARTESIAN_POINT('',(0.0521825054611855,0.01,0.00430601543600091));
#2696=CARTESIAN_POINT('',(0.05521271093802,0.01,-0.0128791337944765));
#2697=CARTESIAN_POINT('',(0.0527322423230161,0.01,-0.0133165073361022));
#2698=CARTESIAN_POINT('',(0.0514828167034346,0.01,-0.0135368147832228));
#2699=CARTESIAN_POINT('',(0.0518301130587684,0.01,-0.0155064302892473));
#2700=CARTESIAN_POINT('',(0.0499140275482779,0.01,-0.0149331796316041));
#2701=CARTESIAN_POINT('',(0.,0.01,3.19020491177886E-18));
#2702=CARTESIAN_POINT('',(0.0451454356575049,0.01,-0.0260057616557194));
#2703=CARTESIAN_POINT('',(0.046878465817102,0.01,-0.0270040634467259));
#2704=CARTESIAN_POINT('',(0.0450896114351022,0.01,-0.0278984906377258));
#2705=CARTESIAN_POINT('',(0.049906363561714,0.01,-0.0375319948909493));
#2706=CARTESIAN_POINT('',(0.054656878016113,0.01,-0.0470330237997474));
#2707=CARTESIAN_POINT('',(0.0564457323981128,0.01,-0.0461385966087475));
#2708=CARTESIAN_POINT('',(0.0564457323981128,0.01,-0.0481385966087475));
#2709=CARTESIAN_POINT('',(0.0605129652795122,0.01,-0.0481385966087475));
#2710=CARTESIAN_POINT('',(0.0609878390136651,0.01,-0.0481385966087475));
#2711=CARTESIAN_POINT('',(0.0609878390136651,0.01,-0.0501385966087475));
#2712=CARTESIAN_POINT('',(0.0624020525760382,0.01,-0.0515528101711206));
#2713=CARTESIAN_POINT('',(0.0569774313735794,0.01,-0.0569774313735794));
#2714=CARTESIAN_POINT('',(0.0515528101711207,0.01,-0.0624020525760381));
#2715=CARTESIAN_POINT('',(0.0501385966087476,0.01,-0.060987839013665));
#2716=CARTESIAN_POINT('',(0.0481385966087476,0.01,-0.060987839013665));
#2717=CARTESIAN_POINT('',(0.0481385966087476,0.01,-0.0605129652795121));
#2718=CARTESIAN_POINT('',(0.0481385966087476,0.01,-0.055209664420613));
#2719=CARTESIAN_POINT('',(0.0375319948909494,0.01,-0.0499063635617139));
#2720=CARTESIAN_POINT('',(0.0278984906377258,0.01,-0.0450896114351022));
#2721=CARTESIAN_POINT('',(0.0270040634467259,0.01,-0.046878465817102));
#2722=CARTESIAN_POINT('',(0.0260057616557194,0.01,-0.0451454356575049));
#2723=CARTESIAN_POINT('',(0.,0.01,3.19020491177886E-18));
#2724=CARTESIAN_POINT('',(0.0238474271786337,0.01,-0.0463218114602588));
#2725=CARTESIAN_POINT('',(0.02476287543885,0.01,-0.0481));
#2726=CARTESIAN_POINT('',(0.0245,0.01,-0.050082648860401));
#2727=CARTESIAN_POINT('',(0.0245,0.01,-0.0511));
#2728=CARTESIAN_POINT('',(0.0245,0.01,-0.0521));
#2729=CARTESIAN_POINT('',(0.0245,0.01,-0.0521));
#2730=CARTESIAN_POINT('',(-0.0245,0.01,-0.0521));
#2731=CARTESIAN_POINT('',(-0.0245,0.01,-0.0511));
#2732=CARTESIAN_POINT('',(-0.0245,0.01,-0.050082648860401));
#2733=CARTESIAN_POINT('',(-0.02476287543885,0.01,-0.0481));
#2734=CARTESIAN_POINT('',(-0.0238474271786337,0.01,-0.0463218114602588));
#2735=CARTESIAN_POINT('',(0.,0.01,3.19020491177886E-18));
#2736=CARTESIAN_POINT('',(-0.0331346856189078,0.01,-0.0402057534307734));
#2737=CARTESIAN_POINT('',(-0.0327743106535744,0.01,-0.0398453784654399));
#2738=CARTESIAN_POINT('',(-0.0338349708253543,0.01,-0.0409060386372197));
#2739=CARTESIAN_POINT('',(-0.037370504731287,0.01,-0.037370504731287));
#2740=CARTESIAN_POINT('',(-0.0409060386372197,0.01,-0.0338349708253543));
#2741=CARTESIAN_POINT('',(-0.0398453784654399,0.01,-0.0327743106535744));
#2742=CARTESIAN_POINT('',(-0.0402057534307734,0.01,-0.0331346856189078));
#2743=CARTESIAN_POINT('',(0.,0.01,3.19020491177886E-18));
#2744=CARTESIAN_POINT('',(-0.0499140275482779,0.01,-0.0149331796316041));
#2745=CARTESIAN_POINT('',(-0.0518301130587684,0.01,-0.0155064302892473));
#2746=CARTESIAN_POINT('',(-0.0514828167034346,0.01,-0.0135368147832228));
#2747=CARTESIAN_POINT('',(-0.0527322423230161,0.01,-0.0133165073361022));
#2748=CARTESIAN_POINT('',(-0.05521271093802,0.01,-0.0128791337944765));
#2749=CARTESIAN_POINT('',(-0.0552130582343753,0.01,-0.0128811034099825));
#2750=CARTESIAN_POINT('',(-0.0518192582974188,0.01,0.00636609247189904));
#2751=CARTESIAN_POINT('',(-0.0493387896824149,0.01,0.0059287189302733));
#2752=CARTESIAN_POINT('',(-0.0497394964536614,0.01,0.00599937434539664));
#2753=CARTESIAN_POINT('',(0.,0.01,6.13548046372824E-18));
#2754=CARTESIAN_POINT('',(-0.03878471829366,0.01,-0.0317136504817946));
#2755=CARTESIAN_POINT('',(-0.0352491843877274,0.01,-0.0352491843877274));
#2756=CARTESIAN_POINT('',(-0.0134234018406722,-3.46944695195361E-18,-0.000404132968834684));
#2757=CARTESIAN_POINT('',(-0.0616782857262962,-4.60785923306339E-18,0.00810450501115494));
#2758=CARTESIAN_POINT('',(-0.0497394964536614,-0.000810083689321535,0.00599937434539664));
#2759=CARTESIAN_POINT('',(-0.0497394964536614,0.000810083689321576,0.00599937434539664));
#2760=CARTESIAN_POINT('',(-0.0497394964536614,-0.003502,0.00599937434539664));
#2761=CARTESIAN_POINT('',(-0.0482989087605362,-0.0035,0.0057453598670221));
#2762=CARTESIAN_POINT('',(-0.0488279365734354,-0.0035,0.00583864174398142));
#2763=CARTESIAN_POINT('',(-0.0488279365734354,-3.46944695195361E-18,0.00583864174398142));
#2764=CARTESIAN_POINT('',(-0.0488279365734354,0.0035,0.00583864174398142));
#2765=CARTESIAN_POINT('',(-0.0482989087605362,0.0035,0.0057453598670221));
#2766=CARTESIAN_POINT('',(-0.0497394964536614,0.0035,0.00599937434539664));
#2767=CARTESIAN_POINT('',(-0.0497394964536614,0.213791352219256,0.00599937434539664));
#2768=CARTESIAN_POINT('',(-0.0616782857262962,1.73472347597681E-18,0.00810450501115494));
#2769=CARTESIAN_POINT('',(-0.0650720856632528,-4.60785923306339E-18,-0.0111426908707266));
#2770=CARTESIAN_POINT('',(-0.0650717383668975,-4.60785923306339E-18,-0.0111407212552206));
#2771=CARTESIAN_POINT('',(-0.0770371525659958,-4.60785923306339E-18,-0.00903089589656736));
#2772=CARTESIAN_POINT('',(-0.0497394964536614,-0.0008100836893212,0.00599937434539664));
#2773=CARTESIAN_POINT('',(-0.0497544400524856,-0.000708359890367657,0.00587548024612417));
#2774=CARTESIAN_POINT('',(-0.049780502633211,-0.000476019352098648,0.00565095467258027));
#2775=CARTESIAN_POINT('',(-0.0497981271626933,-7.79946055561553E-7,0.00549128832660883));
#2776=CARTESIAN_POINT('',(-0.0497805438384921,0.000475842793558018,0.00565059161204494));
#2777=CARTESIAN_POINT('',(-0.0497544498313372,0.000708293323943907,0.00587539917181111));
#2778=CARTESIAN_POINT('',(-0.0497394964536614,0.000810083689321233,0.00599937434539659));
#2779=CARTESIAN_POINT('',(0.,-0.01,3.19020491177886E-18));
#2780=CARTESIAN_POINT('',(0.0260057616557194,-0.01,-0.0451454356575049));
#2781=CARTESIAN_POINT('',(0.0238474271786337,-0.01,-0.0463218114602588));
#2782=CARTESIAN_POINT('',(0.,-0.0035,0.));
#2783=CARTESIAN_POINT('',(0.,-0.0035,2.60237444818812E-18));
#2784=CARTESIAN_POINT('',(0.,-0.0035,-0.0425));
#2785=CARTESIAN_POINT('',(-0.0352491843877274,-0.0035,-0.0352491843877274));
#2786=CARTESIAN_POINT('',(-0.0317136504817946,-0.0035,-0.0387847182936601));
#2787=CARTESIAN_POINT('',(0.,-0.0035,6.13548046372824E-18));
#2788=CARTESIAN_POINT('',(0.0497394964536614,-0.0035,0.00599937434539664));
#2789=CARTESIAN_POINT('',(0.0482989087605362,-0.0035,0.0057453598670221));
#2790=CARTESIAN_POINT('',(0.0488279365734354,-0.0035,0.00583864174398142));
#2791=CARTESIAN_POINT('',(0.0484806402181016,-0.0035,0.00780825725000584));
#2792=CARTESIAN_POINT('',(0.0465110247120772,-0.0035,0.00746096089467198));
#2793=CARTESIAN_POINT('',(0.046384445166875,-0.0035,0.00817882916811242));
#2794=CARTESIAN_POINT('',(0.0434191769008636,-0.0035,0.0249957011754325));
#2795=CARTESIAN_POINT('',(0.,-0.0035,6.13548046372824E-18));
#2796=CARTESIAN_POINT('',(0.0170762993649093,-0.0035,0.0471));
#2797=CARTESIAN_POINT('',(0.,-0.0035,0.0471));
#2798=CARTESIAN_POINT('',(-0.0170762993649093,-0.0035,0.0471));
#2799=CARTESIAN_POINT('',(0.,-0.0035,6.13548046372824E-18));
#2800=CARTESIAN_POINT('',(-0.0434191769008636,-0.0035,0.0249957011754325));
#2801=CARTESIAN_POINT('',(-0.046384445166875,-0.0035,0.00817882916811241));
#2802=CARTESIAN_POINT('',(-0.0465110247120772,-0.0035,0.00746096089467197));
#2803=CARTESIAN_POINT('',(-0.0484806402181016,-0.0035,0.00780825725000583));
#2804=CARTESIAN_POINT('',(0.,0.0035,0.));
#2805=CARTESIAN_POINT('',(0.,0.0035,2.60237444818812E-18));
#2806=CARTESIAN_POINT('',(0.,0.0035,-0.0425));
#2807=CARTESIAN_POINT('',(-0.0352491843877274,0.0035,-0.0352491843877274));
#2808=CARTESIAN_POINT('',(-0.0387847182936601,0.0035,-0.0317136504817946));
#2809=CARTESIAN_POINT('',(0.,0.0035,3.06774023186412E-18));
#2810=CARTESIAN_POINT('',(-0.0484806402181016,0.0035,0.00780825725000583));
#2811=CARTESIAN_POINT('',(-0.0465110247120772,0.0035,0.00746096089467197));
#2812=CARTESIAN_POINT('',(-0.046384445166875,0.0035,0.00817882916811241));
#2813=CARTESIAN_POINT('',(-0.0434191769008636,0.0035,0.0249957011754325));
#2814=CARTESIAN_POINT('',(0.,0.0035,3.06774023186412E-18));
#2815=CARTESIAN_POINT('',(-0.0170762993649093,0.0035,0.0471));
#2816=CARTESIAN_POINT('',(0.,0.0035,0.0471));
#2817=CARTESIAN_POINT('',(0.0170762993649093,0.0035,0.0471));
#2818=CARTESIAN_POINT('',(0.,0.0035,3.06774023186412E-18));
#2819=CARTESIAN_POINT('',(0.0434191769008636,0.0035,0.0249957011754325));
#2820=CARTESIAN_POINT('',(0.046384445166875,0.0035,0.00817882916811242));
#2821=CARTESIAN_POINT('',(0.0465110247120772,0.0035,0.00746096089467198));
#2822=CARTESIAN_POINT('',(0.0484806402181016,0.0035,0.00780825725000584));
#2823=CARTESIAN_POINT('',(0.0488279365734354,0.0035,0.00583864174398142));
#2824=CARTESIAN_POINT('',(0.0482989087605362,0.0035,0.0057453598670221));
#2825=CARTESIAN_POINT('',(0.,-0.01,6.13548046372824E-18));
#2826=CARTESIAN_POINT('',(-0.0387847182936601,-0.010002,-0.0317136504817946));
#2827=CARTESIAN_POINT('',(0.,-0.01,6.13548046372824E-18));
#2828=CARTESIAN_POINT('',(0.0497394964536614,0.213791352219256,0.00599937434539664));
#2829=CARTESIAN_POINT('',(-0.0317136504817946,-0.010002,-0.0387847182936601));
#2830=CARTESIAN_POINT('',(0.,-0.01,3.19020491177886E-18));
#2831=CARTESIAN_POINT('',(-0.0238474271786337,-0.01,-0.0463218114602588));
#2832=CARTESIAN_POINT('',(-0.0331346856189078,-0.01,-0.0402057534307734));
#2833=CARTESIAN_POINT('',(0.,-0.01,3.19020491177886E-18));
#2834=CARTESIAN_POINT('',(-0.0499140275482779,-0.01,-0.0149331796316041));
#2835=CARTESIAN_POINT('',(-0.0402057534307734,-0.01,-0.0331346856189078));
#2836=CARTESIAN_POINT('',(0.,-0.01,3.19020491177886E-18));
#2837=CARTESIAN_POINT('',(-2.86229373536173E-17,0.0025,4.16333634234433E-17));
#2838=CARTESIAN_POINT('',(0.0222710574513201,0.0025,0.0471));
#2839=CARTESIAN_POINT('',(0.0120378927911275,0.0025,0.050690227235132));
#2840=CARTESIAN_POINT('',(0.0120378927911275,-0.01,0.050690227235132));
#2841=CARTESIAN_POINT('',(0.0120378927911275,-0.0025,0.050690227235132));
#2842=CARTESIAN_POINT('',(-2.86229373536173E-17,-0.0025,4.16333634234433E-17));
#2843=CARTESIAN_POINT('',(0.0222710574513201,-0.0025,0.0471));
#2844=CARTESIAN_POINT('',(0.0222710574513201,-0.01,0.0471));
#2845=CARTESIAN_POINT('',(0.0222710574513201,-0.01,0.0471));
#2846=CARTESIAN_POINT('',(0.,-0.01,3.19020491177886E-18));
#2847=CARTESIAN_POINT('',(0.0425171166257378,-0.01,0.0301115392139528));
#2848=CARTESIAN_POINT('',(0.0425171166257378,-0.01,0.0301115392139528));
#2849=CARTESIAN_POINT('',(0.0425171166257378,0.01,0.0301115392139527));
#2850=CARTESIAN_POINT('',(0.,0.01,3.19020491177886E-18));
#2851=CARTESIAN_POINT('',(0.0222710574513201,0.01,0.0471));
#2852=CARTESIAN_POINT('',(0.0222710574513201,-0.01,0.0471));
#2853=CARTESIAN_POINT('',(0.,0.15315266475115,0.0471));
#2854=CARTESIAN_POINT('',(-0.0222710574513201,-0.01,0.0471));
#2855=CARTESIAN_POINT('',(-0.0222710574513201,0.01,0.0471));
#2856=CARTESIAN_POINT('',(-0.0222710574513201,0.0025,0.0471));
#2857=CARTESIAN_POINT('',(-0.0196736784081146,0.0025,0.0471));
#2858=CARTESIAN_POINT('',(0.,0.01,0.0471));
#2859=CARTESIAN_POINT('',(0.0170762993649093,0.01,0.0471));
#2860=CARTESIAN_POINT('',(0.0170762993649093,-0.01,0.0471));
#2861=CARTESIAN_POINT('',(-0.0170762993649093,-0.01,0.0471));
#2862=CARTESIAN_POINT('',(-0.0170762993649093,0.01,0.0471));
#2863=CARTESIAN_POINT('',(0.,0.01,0.0471));
#2864=CARTESIAN_POINT('',(0.,-0.01,3.19020491177886E-18));
#2865=CARTESIAN_POINT('',(0.0499140275482779,-0.01,-0.0149331796316041));
#2866=CARTESIAN_POINT('',(0.0451454356575049,-0.01,-0.0260057616557194));
#2867=CARTESIAN_POINT('',(0.048337987165628,0.15315266475115,-0.00290025805327493));
#2868=CARTESIAN_POINT('',(0.0465110247120772,0.0035,0.00746096089467198));
#2869=CARTESIAN_POINT('',(0.0434191769008636,-0.01,0.0249957011754325));
#2870=CARTESIAN_POINT('',(0.0434191769008636,0.01,0.0249957011754325));
#2871=CARTESIAN_POINT('',(0.046384445166875,0.01,0.00817882916811242));
#2872=CARTESIAN_POINT('',(0.046384445166875,-0.01,0.00817882916811242));
#2873=CARTESIAN_POINT('',(0.0434191769008636,-0.01,0.0249957011754325));
#2874=CARTESIAN_POINT('',(0.0434191769008636,-0.01,0.0249957011754325));
#2875=CARTESIAN_POINT('',(-0.046384445166875,0.15315266475115,0.00817882916811241));
#2876=CARTESIAN_POINT('',(-0.0465110247120772,0.15315266475115,0.00746096089467197));
#2877=CARTESIAN_POINT('',(-0.0434191769008636,-0.01,0.0249957011754325));
#2878=CARTESIAN_POINT('',(-0.0434191769008636,-0.01,0.0249957011754325));
#2879=CARTESIAN_POINT('',(-0.046384445166875,-0.01,0.00817882916811241));
#2880=CARTESIAN_POINT('',(-0.0425171166257378,-0.01,0.0301115392139527));
#2881=CARTESIAN_POINT('',(-0.0425171166257378,-0.01,0.0301115392139527));
#2882=CARTESIAN_POINT('',(-0.0425171166257378,0.01,0.0301115392139527));
#2883=CARTESIAN_POINT('',(-0.046384445166875,0.01,0.00817882916811241));
#2884=CARTESIAN_POINT('',(-0.0434191769008636,0.01,0.0249957011754325));
#2885=CARTESIAN_POINT('',(-0.0434191769008636,-0.01,0.0249957011754325));
#2886=CARTESIAN_POINT('',(0.,-0.01,6.13548046372824E-18));
#2887=CARTESIAN_POINT('',(0.,0.01,6.13548046372824E-18));
#2888=CARTESIAN_POINT('',(0.,-0.01,6.13548046372824E-18));
#2889=CARTESIAN_POINT('',(0.,0.01,6.13548046372824E-18));
#2890=CARTESIAN_POINT('',(0.,-0.01,6.13548046372824E-18));
#2891=CARTESIAN_POINT('',(0.,-0.01,6.13548046372824E-18));
#2892=CARTESIAN_POINT('',(0.0170762993649093,-0.01,0.0471));
#2893=CARTESIAN_POINT('',(0.0170762993649093,-0.01,0.0471));
#2894=CARTESIAN_POINT('',(0.,-0.01,6.13548046372824E-18));
#2895=CARTESIAN_POINT('',(0.,-0.01,6.13548046372824E-18));
#2896=CARTESIAN_POINT('',(-0.0170762993649093,-0.01,0.0471));
#2897=CARTESIAN_POINT('',(-0.0170762993649093,-0.01,0.0471));
#2898=CARTESIAN_POINT('',(0.,-0.01,3.19020491177886E-18));
#2899=CARTESIAN_POINT('',(-2.86229373536173E-17,-0.0025,4.16333634234433E-17));
#2900=CARTESIAN_POINT('',(-0.0120378927911275,-0.0025,0.050690227235132));
#2901=CARTESIAN_POINT('',(-0.0222710574513201,-0.0025,0.0471));
#2902=CARTESIAN_POINT('',(-0.0120378927911275,-0.01,0.050690227235132));
#2903=CARTESIAN_POINT('',(-0.0120378927911275,0.0025,0.050690227235132));
#2904=CARTESIAN_POINT('',(-2.86229373536173E-17,0.0025,4.16333634234433E-17));
#2905=CARTESIAN_POINT('',(0.,0.01,3.19020491177886E-18));
#2906=CARTESIAN_POINT('',(0.,-0.01,3.19020491177886E-18));
#2907=CARTESIAN_POINT('',(-0.0222710574513201,-0.01,0.0471));
#2908=CARTESIAN_POINT('',(-0.0222710574513201,-0.01,0.0471));
#2909=CARTESIAN_POINT('',(0.,-0.01,0.));
#2910=CARTESIAN_POINT('',(0.,-0.01,0.0471));
#2911=CARTESIAN_POINT('',(0.,-0.01,0.));
#2912=CARTESIAN_POINT('',(0.,-0.01,0.0471));
#2913=CARTESIAN_POINT('',(0.,0.01,0.));
#2914=CARTESIAN_POINT('',(0.,0.01,0.));
#2915=CARTESIAN_POINT('',(0.,-0.0035,2.60237444818812E-18));
#2916=CARTESIAN_POINT('',(0.,0.15315266475115,0.0471));
#2917=CARTESIAN_POINT('',(-0.0196736784081146,-0.0025,0.0471));
#2918=CARTESIAN_POINT('',(-0.0650720856632528,1.73472347597681E-18,-0.0111426908707266));
#2919=CARTESIAN_POINT('',(-0.0650717383668975,1.73472347597681E-18,-0.0111407212552206));
#2920=CARTESIAN_POINT('',(-0.0502517737080123,-0.01,-0.0137538808777279));
#2921=CARTESIAN_POINT('',(-0.0514828167034346,-0.01,-0.0135368147832228));
#2922=CARTESIAN_POINT('',(0.062041532890063,1.73472347597681E-18,0.00604442797525681));
#2923=CARTESIAN_POINT('',(0.0650717383668975,1.73472347597681E-18,-0.0111407212552206));
#2924=CARTESIAN_POINT('',(0.0616782857262962,1.73472347597681E-18,0.00810450501115494));
#2925=CARTESIAN_POINT('',(0.062041532890063,-4.60785923306339E-18,0.00604442797525681));
#2926=CARTESIAN_POINT('',(0.0616782857262962,-4.60785923306339E-18,0.00810450501115494));
#2927=CARTESIAN_POINT('',(0.0497394964536614,-0.000810083689321387,0.00599937434539664));
#2928=CARTESIAN_POINT('',(0.0497394964536614,0.000810083689321584,0.00599937434539664));
#2929=CARTESIAN_POINT('',(0.0497394964536614,0.000810083689321291,0.00599937434539664));
#2930=CARTESIAN_POINT('',(0.0497544400524856,0.000708359890367746,0.00587548024612415));
#2931=CARTESIAN_POINT('',(0.049780502633211,0.00047601935209867,0.0056509546725804));
#2932=CARTESIAN_POINT('',(0.0497981271626933,7.79946055666308E-7,0.00549128832660886));
#2933=CARTESIAN_POINT('',(0.0497805438384921,-0.000475842793557908,0.00565059161204467));
#2934=CARTESIAN_POINT('',(0.0497544498313372,-0.000708293323944007,0.00587539917181111));
#2935=CARTESIAN_POINT('',(0.0497394964536614,-0.000810083689321331,0.0059993743453966));
#2936=CARTESIAN_POINT('',(0.0650717383668975,-4.60785923306339E-18,-0.0111407212552206));
#2937=CARTESIAN_POINT('',(0.0531063241677992,-4.60785923306339E-18,-0.0132505466138738));
#2938=CARTESIAN_POINT('',(0.0134234018406722,-3.46944695195361E-18,-0.000404132968834684));
#2939=CARTESIAN_POINT('',(0.0488279365734354,-0.0035,0.00583864174398142));
#2940=CARTESIAN_POINT('',(0.0497394964536614,-0.003502,0.00599937434539664));
#2941=CARTESIAN_POINT('',(0.0502517737080122,-0.01,-0.0137538808777279));
#2942=CARTESIAN_POINT('',(0.0514828167034346,-0.01,-0.0135368147832228));
#2943=CARTESIAN_POINT('',(0.0245,-0.00895,-0.07));
#2944=CARTESIAN_POINT('',(-0.0245,-0.00895,-0.07));
#2945=CARTESIAN_POINT('',(-0.0245,-0.00895,-0.08));
#2946=CARTESIAN_POINT('',(-0.0245,-0.00895,-0.06));
#2947=CARTESIAN_POINT('',(0.0245,-0.00895,-0.06));
#2948=CARTESIAN_POINT('',(0.0245,-0.00895,-0.06));
#2949=CARTESIAN_POINT('',(0.0245,-0.00895,-0.07));
#2950=CARTESIAN_POINT('',(0.0245,-0.00895,-0.08));
#2951=CARTESIAN_POINT('',(0.0245,-0.00895,-0.08));
#2952=CARTESIAN_POINT('',(0.0245,6.93889390390723E-18,-0.06));
#2953=CARTESIAN_POINT('',(-0.0245,6.93889390390723E-18,-0.06));
#2954=CARTESIAN_POINT('',(-0.0245,0.00895,-0.06));
#2955=CARTESIAN_POINT('',(0.0245,0.00895,-0.06));
#2956=CARTESIAN_POINT('',(0.0245,0.00895,-0.06));
#2957=CARTESIAN_POINT('',(0.0245,6.93889390390723E-18,-0.06));
#2958=CARTESIAN_POINT('',(0.0245,0.00895,-0.07));
#2959=CARTESIAN_POINT('',(-0.0245,0.00895,-0.07));
#2960=CARTESIAN_POINT('',(-0.0245,0.00895,-0.08));
#2961=CARTESIAN_POINT('',(0.0245,0.00895,-0.08));
#2962=CARTESIAN_POINT('',(0.0245,0.00895,-0.08));
#2963=CARTESIAN_POINT('',(0.0245,0.00895,-0.07));
#2964=CARTESIAN_POINT('',(0.0245,-6.07153216591882E-18,-0.07));
#2965=CARTESIAN_POINT('',(-0.0245,-6.07153216591882E-18,-0.07));
#2966=CARTESIAN_POINT('',(-0.0245,-0.017251802644093,-0.08108085310476));
#2967=CARTESIAN_POINT('',(0.0245,-0.017251802644093,-0.08108085310476));
#2968=CARTESIAN_POINT('',(0.0245,-0.017251802644093,-0.08108085310476));
#2969=CARTESIAN_POINT('',(0.0245,-6.07153216591882E-18,-0.07));
#2970=CARTESIAN_POINT('',(0.0245,0.,-0.082));
#2971=CARTESIAN_POINT('',(-0.0245,0.,-0.082));
#2972=CARTESIAN_POINT('',(-0.0245,-0.0155690202559242,-0.082));
#2973=CARTESIAN_POINT('',(-0.0245,0.0155690202559242,-0.082));
#2974=CARTESIAN_POINT('',(0.0245,0.0155690202559242,-0.082));
#2975=CARTESIAN_POINT('',(0.0245,0.0155690202559242,-0.082));
#2976=CARTESIAN_POINT('',(0.0245,0.,-0.082));
#2977=CARTESIAN_POINT('',(0.0245,-0.0155690202559242,-0.082));
#2978=CARTESIAN_POINT('',(0.0245,-0.0155690202559242,-0.082));
#2979=CARTESIAN_POINT('',(0.0245,3.46944695195361E-18,-0.07));
#2980=CARTESIAN_POINT('',(0.0245,3.46944695195361E-18,-0.07));
#2981=CARTESIAN_POINT('',(0.0245,0.0172518026440929,-0.08108085310476));
#2982=CARTESIAN_POINT('',(0.0245,0.0172518026440929,-0.08108085310476));
#2983=CARTESIAN_POINT('',(-0.0245,0.0172518026440929,-0.08108085310476));
#2984=CARTESIAN_POINT('',(-0.0245,3.46944695195361E-18,-0.07));
#2985=CARTESIAN_POINT('',(0.0245,1.04083408558608E-17,-0.08));
#2986=CARTESIAN_POINT('',(-0.0245,1.04083408558608E-17,-0.08));
#2987=CARTESIAN_POINT('',(0.0245,1.04083408558608E-17,-0.08));
#2988=CARTESIAN_POINT('',(0.0245,0.,-0.045));
#2989=CARTESIAN_POINT('',(0.0245,0.0155690202559242,-0.08));
#2990=CARTESIAN_POINT('',(0.0245,0.,-0.050082648860401));
#2991=CARTESIAN_POINT('',(0.0245,-0.0155690202559242,-0.08));
#2992=CARTESIAN_POINT('',(-0.0245,0.,-0.045));
#2993=CARTESIAN_POINT('',(-0.0245,0.0155690202559242,-0.08));
#2994=CARTESIAN_POINT('',(-0.0245,-0.0155690202559242,-0.08));
#2995=CARTESIAN_POINT('',(-0.0245,0.,-0.050082648860401));
#2996=CARTESIAN_POINT('',(0.,-0.0025,0.0019654854941073));
#2997=CARTESIAN_POINT('',(0.0125,-0.0025,0.0526361092787072));
#2998=CARTESIAN_POINT('',(0.0105,-0.0025,0.0526361092787072));
#2999=CARTESIAN_POINT('',(0.0105,-0.0025,0.0019654854941073));
#3000=CARTESIAN_POINT('',(0.0105,-0.0025,0.0510309709882146));
#3001=CARTESIAN_POINT('',(-2.86229373536173E-17,-0.0025,4.16333634234433E-17));
#3002=CARTESIAN_POINT('',(-0.0105,-0.0025,0.0510309709882146));
#3003=CARTESIAN_POINT('',(-0.0105,-0.0025,0.0019654854941073));
#3004=CARTESIAN_POINT('',(-0.0105,-0.0025,0.0526361092787072));
#3005=CARTESIAN_POINT('',(-0.0125,-0.0025,0.0526361092787072));
#3006=CARTESIAN_POINT('',(0.,0.0025,0.0019654854941073));
#3007=CARTESIAN_POINT('',(-0.0125,0.0025,0.0526361092787072));
#3008=CARTESIAN_POINT('',(-0.0105,0.0025,0.0526361092787072));
#3009=CARTESIAN_POINT('',(-0.0105,0.0025,0.0525309709882146));
#3010=CARTESIAN_POINT('',(-0.0105,0.0025,0.0510309709882146));
#3011=CARTESIAN_POINT('',(-2.86229373536173E-17,0.0025,4.16333634234433E-17));
#3012=CARTESIAN_POINT('',(0.0105,0.0025,0.0510309709882146));
#3013=CARTESIAN_POINT('',(0.0105,0.0025,0.0525309709882146));
#3014=CARTESIAN_POINT('',(0.0105,0.0025,0.0526361092787072));
#3015=CARTESIAN_POINT('',(0.0125,0.0025,0.0526361092787072));
#3016=CARTESIAN_POINT('',(-2.86229373536173E-17,-0.01,4.16333634234433E-17));
#3017=CARTESIAN_POINT('',(0.0105,-0.01,0.0510309709882146));
#3018=CARTESIAN_POINT('',(0.0105,-0.01,0.0510309709882146));
#3019=CARTESIAN_POINT('',(-2.86229373536173E-17,-0.01,4.16333634234433E-17));
#3020=CARTESIAN_POINT('',(-0.0105,-0.01,0.0510309709882146));
#3021=CARTESIAN_POINT('',(-0.0105,-0.01,0.0510309709882146));
#3022=CARTESIAN_POINT('',(0.0105,-0.01,0.0525309709882146));
#3023=CARTESIAN_POINT('',(0.0105,-0.01,0.0526361092787072));
#3024=CARTESIAN_POINT('',(0.0105,-0.01,0.0510309709882146));
#3025=CARTESIAN_POINT('',(0.0105,0.01,0.0510309709882146));
#3026=CARTESIAN_POINT('',(0.0105,0.01,0.0525309709882146));
#3027=CARTESIAN_POINT('',(0.0105,0.01,0.0540309709882146));
#3028=CARTESIAN_POINT('',(0.0105,-0.01,0.0540309709882146));
#3029=CARTESIAN_POINT('',(0.0105,-0.01,0.0540309709882146));
#3030=CARTESIAN_POINT('',(0.0105,-0.01,0.0525309709882146));
#3031=CARTESIAN_POINT('',(0.,-0.01,0.0540309709882146));
#3032=CARTESIAN_POINT('',(0.0055,-0.00755,0.0540309709882146));
#3033=CARTESIAN_POINT('',(0.007,-0.00755,0.0540309709882146));
#3034=CARTESIAN_POINT('',(0.0055,0.00755,0.0540309709882146));
#3035=CARTESIAN_POINT('',(0.007,0.00755,0.0540309709882146));
#3036=CARTESIAN_POINT('',(0.,0.01,0.0540309709882146));
#3037=CARTESIAN_POINT('',(-0.0105,0.01,0.0540309709882146));
#3038=CARTESIAN_POINT('',(-0.0105,-0.01,0.0540309709882146));
#3039=CARTESIAN_POINT('',(-0.0105,-0.01,0.0540309709882146));
#3040=CARTESIAN_POINT('',(0.,-0.01,0.0540309709882146));
#3041=CARTESIAN_POINT('',(-0.0105,-0.01,0.0525309709882146));
#3042=CARTESIAN_POINT('',(-0.0105,-0.01,0.0510309709882146));
#3043=CARTESIAN_POINT('',(-0.0105,0.01,0.0510309709882146));
#3044=CARTESIAN_POINT('',(-0.0105,-0.01,0.0526361092787072));
#3045=CARTESIAN_POINT('',(-0.0105,-0.01,0.0525309709882146));
#3046=CARTESIAN_POINT('',(-0.0105,0.01,0.0525309709882146));
#3047=CARTESIAN_POINT('',(-2.86229373536173E-17,-0.01,4.16333634234433E-17));
#3048=CARTESIAN_POINT('',(-2.86229373536173E-17,0.01,4.16333634234433E-17));
#3049=CARTESIAN_POINT('',(0.,-0.01,0.0019654854941073));
#3050=CARTESIAN_POINT('',(0.,0.01,0.0019654854941073));
#3051=CARTESIAN_POINT('',(0.0055,0.00755,0.0560309709882146));
#3052=CARTESIAN_POINT('',(0.0055,0.00755,0.0560309709882146));
#3053=CARTESIAN_POINT('',(0.007,0.00755,0.0560309709882146));
#3054=CARTESIAN_POINT('',(0.,0.,0.0560309709882146));
#3055=CARTESIAN_POINT('',(0.0055,-0.00755,0.0560309709882146));
#3056=CARTESIAN_POINT('',(0.0055,-0.00755,0.0560309709882146));
#3057=CARTESIAN_POINT('',(0.007,-0.00755,0.0560309709882146));
#3058=CARTESIAN_POINT('',(0.,0.,0.0560309709882146));
#3059=CARTESIAN_POINT('',(-0.037370504731287,-0.010002,-0.037370504731287));
#3060=CARTESIAN_POINT('',(-0.0338349708253543,-0.010002,-0.0409060386372197));
#3061=CARTESIAN_POINT('',(-0.0409060386372197,-0.010002,-0.0338349708253543));
#3062=CARTESIAN_POINT('',(-0.0398453784654399,-0.010002,-0.0327743106535744));
#3063=CARTESIAN_POINT('',(-0.0327743106535744,-0.010002,-0.0398453784654399));
#3064=CARTESIAN_POINT('',(-0.0352491843877274,-0.010002,-0.0352491843877274));
#3065=CARTESIAN_POINT('',(-0.0352491843877274,-0.010002,-0.0352491843877274));
#3066=CARTESIAN_POINT('',(0.0405414066542308,-0.010002,-0.0491750014658548));
#3067=CARTESIAN_POINT('',(0.0338541757598287,-0.010002,-0.0458313860186538));
#3068=CARTESIAN_POINT('',(0.0490330237997475,-0.010002,-0.0534208100386132));
#3069=CARTESIAN_POINT('',(2.56739074444567E-16,-0.010002,-2.74086309204335E-16));
#3070=CARTESIAN_POINT('',(0.0335097935764676,-0.010002,-0.042472387906292));
#3071=CARTESIAN_POINT('',(0.042472387906292,-0.010002,-0.0335097935764675));
#3072=CARTESIAN_POINT('',(0.0491750014658549,-0.010002,-0.0405414066542307));
#3073=CARTESIAN_POINT('',(0.0458313860186538,0.01,-0.0338541757598287));
#3074=CARTESIAN_POINT('',(0.0534208100386132,-0.010002,-0.0490330237997474));
#3075=CARTESIAN_POINT('',(0.0574807177283892,-0.010002,-0.0501385966087475));
#3076=CARTESIAN_POINT('',(0.0552096644206131,-0.010002,-0.0501385966087475));
#3077=CARTESIAN_POINT('',(0.0609878390136651,-0.010002,-0.0501385966087475));
#3078=CARTESIAN_POINT('',(0.0501385966087476,-0.010002,-0.0574807177283891));
#3079=CARTESIAN_POINT('',(0.0501385966087476,-0.010002,-0.055209664420613));
#3080=CARTESIAN_POINT('',(0.0501385966087476,-0.010002,-0.060987839013665));
#3081=CARTESIAN_POINT('',(0.0555632178112063,-0.010002,-0.0555632178112063));
#3082=CARTESIAN_POINT('',(0.0569774313735794,-0.010002,-0.0569774313735794));
#3083=CARTESIAN_POINT('',(0.0624020525760382,-0.01,-0.0515528101711206));
#3084=CARTESIAN_POINT('',(0.0515528101711207,-0.010002,-0.0624020525760381));
#3085=CARTESIAN_POINT('',(0.0605129652795122,-0.010002,-0.0481385966087475));
#3086=CARTESIAN_POINT('',(0.0564457323981128,-0.01,-0.0481385966087475));
#3087=CARTESIAN_POINT('',(0.0609878390136651,0.01,-0.0481385966087475));
#3088=CARTESIAN_POINT('',(0.049906363561714,-0.010002,-0.0375319948909493));
#3089=CARTESIAN_POINT('',(0.0450896114351022,-0.010002,-0.0278984906377258));
#3090=CARTESIAN_POINT('',(0.054656878016113,0.01,-0.0470330237997474));
#3091=CARTESIAN_POINT('',(0.0481385966087476,-0.010002,-0.0605129652795121));
#3092=CARTESIAN_POINT('',(0.0481385966087476,-0.010002,-0.060987839013665));
#3093=CARTESIAN_POINT('',(0.0481385966087476,-0.010002,-0.055209664420613));
#3094=CARTESIAN_POINT('',(0.0375319948909494,-0.010002,-0.0499063635617139));
#3095=CARTESIAN_POINT('',(0.0278984906377258,0.01,-0.0450896114351022));
#3096=CARTESIAN_POINT('',(-0.02476287543885,-0.01,-0.0481));
#3097=CARTESIAN_POINT('',(0.02476287543885,-0.01,-0.0481));
#3098=CARTESIAN_POINT('',(0.0347486029508286,-0.010002,-0.0440425316366539));
#3099=CARTESIAN_POINT('',(0.044042531636654,-0.010002,-0.0347486029508286));
#3100=CARTESIAN_POINT('',(0.0481385966087476,-0.010002,-0.055209664420613));
#3101=CARTESIAN_POINT('',(0.0552096644206131,-0.010002,-0.0481385966087475));
#3102=CARTESIAN_POINT('',(0.0564457323981128,-0.010002,-0.0461385966087475));
#3103=CARTESIAN_POINT('',(0.0609878390136651,-0.010002,-0.0501385966087475));
#3104=CARTESIAN_POINT('',(0.0501385966087476,-0.010002,-0.060987839013665));
#3105=CARTESIAN_POINT('',(-2.08166817117217E-17,-0.003502,-2.64545330086463E-17));
#3106=CARTESIAN_POINT('',(2.08166817117217E-17,-0.003502,-2.64545330086463E-17));
#3107=CARTESIAN_POINT('',(0.0245,0.0155690202559242,-0.08));
#3108=CARTESIAN_POINT('',(0.0245,-0.0155690202559242,-0.08));
#3109=CARTESIAN_POINT('',(-0.0518301130587684,-0.01,-0.0155064302892473));
#3110=CARTESIAN_POINT('',(-0.0484806402181016,-3.46944695195361E-18,0.00780825725000583));
#3111=CARTESIAN_POINT('',(-0.0125,-0.01,0.0526361092787072));
#3112=CARTESIAN_POINT('',(0.0125,-0.01,0.0526361092787072));
#3113=CARTESIAN_POINT('',(0.0484806402181016,0.15315266475115,0.00780825725000584));
#3114=CARTESIAN_POINT('',(0.0518301130587684,-0.01,-0.0155064302892473));
#3115=CARTESIAN_POINT('',(0.0270040634467259,-0.01,-0.046878465817102));
#3116=CARTESIAN_POINT('',(0.046878465817102,-0.01,-0.0270040634467259));
#3117=MECHANICAL_DESIGN_GEOMETRIC_PRESENTATION_REPRESENTATION('',(#1816),
#3118);
#3118=(
GEOMETRIC_REPRESENTATION_CONTEXT(3)
GLOBAL_UNCERTAINTY_ASSIGNED_CONTEXT((#3119))
GLOBAL_UNIT_ASSIGNED_CONTEXT((#3122,#3121,#3120))
REPRESENTATION_CONTEXT('chassis','TOP_LEVEL_ASSEMBLY_PART')
);
#3119=UNCERTAINTY_MEASURE_WITH_UNIT(LENGTH_MEASURE(2.E-5),#3122,
'DISTANCE_ACCURACY_VALUE','Maximum Tolerance applied to model');
#3120=(
NAMED_UNIT(*)
SI_UNIT($,.STERADIAN.)
SOLID_ANGLE_UNIT()
);
#3121=(
NAMED_UNIT(*)
PLANE_ANGLE_UNIT()
SI_UNIT($,.RADIAN.)
);
#3122=(
LENGTH_UNIT()
NAMED_UNIT(*)
SI_UNIT($,.METRE.)
);
#3123=PRODUCT_DEFINITION_SHAPE('','',#3124);
#3124=PRODUCT_DEFINITION('','',#3126,#3125);
#3125=PRODUCT_DEFINITION_CONTEXT('',#3132,'design');
#3126=PRODUCT_DEFINITION_FORMATION_WITH_SPECIFIED_SOURCE('','',#3128,
 .NOT_KNOWN.);
#3127=PRODUCT_RELATED_PRODUCT_CATEGORY('','',(#3128));
#3128=PRODUCT('chassis','chassis','chassis',(#3130));
#3129=PRODUCT_CATEGORY('','');
#3130=PRODUCT_CONTEXT('',#3132,'mechanical');
#3131=APPLICATION_PROTOCOL_DEFINITION('international standard',
'ap242_managed_model_based_3d_engineering',2020,#3132);
#3132=APPLICATION_CONTEXT('managed model based 3d engineering');
ENDSEC;
END-ISO-10303-21;
