ISO-10303-21;
HEADER;
/* Generated by software containing ST-Developer
 * from STEP Tools, Inc. (www.steptools.com) 
 */
/* OPTION: using custom renumber hook */

FILE_DESCRIPTION(
/* description */ ('STEP AP242 Edition 2',
'CAx-IF Rec.Pracs.---Representation and Presentation of Product Manufa
cturing Information (PMI)---4.0---2014-10-13',
'CAx-IF Rec.Pracs.---3D Tessellated Geometry---0.4---2014-09-14','2;1',
'CAx-IF Rec.Pracs.---User Defined Attributes---1.5---2016-08-15'),
/* implementation_level */ '2;1');

FILE_NAME(
/* name */ 'gear - driving gears',
/* time_stamp */ '2026-09-27T03:12:43Z',
/* author */ (''),
/* organization */ (''),
/* preprocessor_version */ 'ST-DEVELOPER v20',
/* originating_system */ 'ONSHAPE BY PTC INC, 1.221',
/* authorisation */ '  ');

FILE_SCHEMA (('AP242_MANAGED_MODEL_BASED_3D_ENGINEERING_MIM_LF { 1 0 10303 442 3 1 4 }'));
ENDSEC;

DATA;
#10=SHAPE_REPRESENTATION_RELATIONSHIP('','',#5751,#11);
#11=ADVANCED_BREP_SHAPE_REPRESENTATION('',(#5749),#12779);
#12=B_SPLINE_SURFACE_WITH_KNOTS('',3,1,((#11627,#11628),(#11629,#11630),
(#11631,#11632),(#11633,#11634)),.SURF_OF_LINEAR_EXTRUSION.,.F.,.F.,.F.,
(4,4),(2,2),(0.280580360254696,0.923697394753714),(0.,1.),
 .PIECEWISE_BEZIER_KNOTS.);
#13=B_SPLINE_SURFACE_WITH_KNOTS('',3,1,((#11639,#11640),(#11641,#11642),
(#11643,#11644),(#11645,#11646)),.SURF_OF_LINEAR_EXTRUSION.,.F.,.F.,.F.,
(4,4),(2,2),(0.280580360254707,0.923697394753714),(0.,1.),
 .PIECEWISE_BEZIER_KNOTS.);
#14=B_SPLINE_SURFACE_WITH_KNOTS('',3,1,((#11650,#11651),(#11652,#11653),
(#11654,#11655),(#11656,#11657)),.SURF_OF_LINEAR_EXTRUSION.,.F.,.F.,.F.,
(4,4),(2,2),(0.280580360254702,0.923697394753722),(0.,1.),
 .PIECEWISE_BEZIER_KNOTS.);
#15=B_SPLINE_SURFACE_WITH_KNOTS('',3,1,((#11662,#11663),(#11664,#11665),
(#11666,#11667),(#11668,#11669)),.SURF_OF_LINEAR_EXTRUSION.,.F.,.F.,.F.,
(4,4),(2,2),(0.280580360254699,0.923697394753724),(0.,1.),
 .PIECEWISE_BEZIER_KNOTS.);
#16=B_SPLINE_SURFACE_WITH_KNOTS('',3,1,((#11673,#11674),(#11675,#11676),
(#11677,#11678),(#11679,#11680)),.SURF_OF_LINEAR_EXTRUSION.,.F.,.F.,.F.,
(4,4),(2,2),(0.280580360254697,0.923697394753717),(0.,1.),
 .PIECEWISE_BEZIER_KNOTS.);
#17=B_SPLINE_SURFACE_WITH_KNOTS('',3,1,((#11685,#11686),(#11687,#11688),
(#11689,#11690),(#11691,#11692)),.SURF_OF_LINEAR_EXTRUSION.,.F.,.F.,.F.,
(4,4),(2,2),(0.280580360254706,0.92369739475372),(0.,1.),
 .PIECEWISE_BEZIER_KNOTS.);
#18=B_SPLINE_SURFACE_WITH_KNOTS('',3,1,((#11696,#11697),(#11698,#11699),
(#11700,#11701),(#11702,#11703)),.SURF_OF_LINEAR_EXTRUSION.,.F.,.F.,.F.,
(4,4),(2,2),(0.2805803602547,0.923697394753718),(0.,1.),
 .PIECEWISE_BEZIER_KNOTS.);
#19=B_SPLINE_SURFACE_WITH_KNOTS('',3,1,((#11708,#11709),(#11710,#11711),
(#11712,#11713),(#11714,#11715)),.SURF_OF_LINEAR_EXTRUSION.,.F.,.F.,.F.,
(4,4),(2,2),(0.280580360254705,0.923697394753715),(0.,1.),
 .PIECEWISE_BEZIER_KNOTS.);
#20=B_SPLINE_SURFACE_WITH_KNOTS('',3,1,((#11719,#11720),(#11721,#11722),
(#11723,#11724),(#11725,#11726)),.SURF_OF_LINEAR_EXTRUSION.,.F.,.F.,.F.,
(4,4),(2,2),(0.280580360254694,0.92369739475372),(0.,1.),
 .PIECEWISE_BEZIER_KNOTS.);
#21=B_SPLINE_SURFACE_WITH_KNOTS('',3,1,((#11731,#11732),(#11733,#11734),
(#11735,#11736),(#11737,#11738)),.SURF_OF_LINEAR_EXTRUSION.,.F.,.F.,.F.,
(4,4),(2,2),(0.280580360254702,0.923697394753712),(0.,1.),
 .PIECEWISE_BEZIER_KNOTS.);
#22=B_SPLINE_SURFACE_WITH_KNOTS('',3,1,((#11742,#11743),(#11744,#11745),
(#11746,#11747),(#11748,#11749)),.SURF_OF_LINEAR_EXTRUSION.,.F.,.F.,.F.,
(4,4),(2,2),(0.280580360254698,0.923697394753719),(0.,1.),
 .PIECEWISE_BEZIER_KNOTS.);
#23=B_SPLINE_SURFACE_WITH_KNOTS('',3,1,((#11754,#11755),(#11756,#11757),
(#11758,#11759),(#11760,#11761)),.SURF_OF_LINEAR_EXTRUSION.,.F.,.F.,.F.,
(4,4),(2,2),(0.280580360254699,0.92369739475372),(0.,1.),
 .PIECEWISE_BEZIER_KNOTS.);
#24=B_SPLINE_SURFACE_WITH_KNOTS('',3,1,((#11765,#11766),(#11767,#11768),
(#11769,#11770),(#11771,#11772)),.SURF_OF_LINEAR_EXTRUSION.,.F.,.F.,.F.,
(4,4),(2,2),(0.280580360254698,0.923697394753714),(0.,1.),
 .PIECEWISE_BEZIER_KNOTS.);
#25=B_SPLINE_SURFACE_WITH_KNOTS('',3,1,((#11777,#11778),(#11779,#11780),
(#11781,#11782),(#11783,#11784)),.SURF_OF_LINEAR_EXTRUSION.,.F.,.F.,.F.,
(4,4),(2,2),(0.280580360254702,0.923697394753721),(0.,1.),
 .PIECEWISE_BEZIER_KNOTS.);
#26=B_SPLINE_SURFACE_WITH_KNOTS('',3,1,((#11788,#11789),(#11790,#11791),
(#11792,#11793),(#11794,#11795)),.SURF_OF_LINEAR_EXTRUSION.,.F.,.F.,.F.,
(4,4),(2,2),(0.280580360254696,0.923697394753714),(0.,1.),
 .PIECEWISE_BEZIER_KNOTS.);
#27=B_SPLINE_SURFACE_WITH_KNOTS('',3,1,((#11800,#11801),(#11802,#11803),
(#11804,#11805),(#11806,#11807)),.SURF_OF_LINEAR_EXTRUSION.,.F.,.F.,.F.,
(4,4),(2,2),(0.280580360254703,0.923697394753722),(0.,1.),
 .PIECEWISE_BEZIER_KNOTS.);
#28=B_SPLINE_SURFACE_WITH_KNOTS('',3,1,((#11811,#11812),(#11813,#11814),
(#11815,#11816),(#11817,#11818)),.SURF_OF_LINEAR_EXTRUSION.,.F.,.F.,.F.,
(4,4),(2,2),(0.280580360254691,0.923697394753712),(0.,1.),
 .PIECEWISE_BEZIER_KNOTS.);
#29=B_SPLINE_SURFACE_WITH_KNOTS('',3,1,((#11823,#11824),(#11825,#11826),
(#11827,#11828),(#11829,#11830)),.SURF_OF_LINEAR_EXTRUSION.,.F.,.F.,.F.,
(4,4),(2,2),(0.280580360254699,0.923697394753719),(0.,1.),
 .PIECEWISE_BEZIER_KNOTS.);
#30=B_SPLINE_SURFACE_WITH_KNOTS('',3,1,((#11834,#11835),(#11836,#11837),
(#11838,#11839),(#11840,#11841)),.SURF_OF_LINEAR_EXTRUSION.,.F.,.F.,.F.,
(4,4),(2,2),(0.280580360254698,0.92369739475372),(0.,1.),
 .PIECEWISE_BEZIER_KNOTS.);
#31=B_SPLINE_SURFACE_WITH_KNOTS('',3,1,((#11846,#11847),(#11848,#11849),
(#11850,#11851),(#11852,#11853)),.SURF_OF_LINEAR_EXTRUSION.,.F.,.F.,.F.,
(4,4),(2,2),(0.280580360254693,0.923697394753719),(0.,1.),
 .PIECEWISE_BEZIER_KNOTS.);
#32=B_SPLINE_SURFACE_WITH_KNOTS('',3,1,((#11857,#11858),(#11859,#11860),
(#11861,#11862),(#11863,#11864)),.SURF_OF_LINEAR_EXTRUSION.,.F.,.F.,.F.,
(4,4),(2,2),(0.280580360254701,0.923697394753714),(0.,1.),
 .PIECEWISE_BEZIER_KNOTS.);
#33=B_SPLINE_SURFACE_WITH_KNOTS('',3,1,((#11869,#11870),(#11871,#11872),
(#11873,#11874),(#11875,#11876)),.SURF_OF_LINEAR_EXTRUSION.,.F.,.F.,.F.,
(4,4),(2,2),(0.280580360254698,0.923697394753716),(0.,1.),
 .PIECEWISE_BEZIER_KNOTS.);
#34=B_SPLINE_SURFACE_WITH_KNOTS('',3,1,((#11880,#11881),(#11882,#11883),
(#11884,#11885),(#11886,#11887)),.SURF_OF_LINEAR_EXTRUSION.,.F.,.F.,.F.,
(4,4),(2,2),(0.280580360254701,0.923697394753717),(0.,1.),
 .PIECEWISE_BEZIER_KNOTS.);
#35=B_SPLINE_SURFACE_WITH_KNOTS('',3,1,((#11892,#11893),(#11894,#11895),
(#11896,#11897),(#11898,#11899)),.SURF_OF_LINEAR_EXTRUSION.,.F.,.F.,.F.,
(4,4),(2,2),(0.280580360254703,0.923697394753715),(0.,1.),
 .PIECEWISE_BEZIER_KNOTS.);
#36=B_SPLINE_SURFACE_WITH_KNOTS('',3,1,((#11903,#11904),(#11905,#11906),
(#11907,#11908),(#11909,#11910)),.SURF_OF_LINEAR_EXTRUSION.,.F.,.F.,.F.,
(4,4),(2,2),(0.280580360254696,0.923697394753718),(0.,1.),
 .PIECEWISE_BEZIER_KNOTS.);
#37=B_SPLINE_SURFACE_WITH_KNOTS('',3,1,((#11915,#11916),(#11917,#11918),
(#11919,#11920),(#11921,#11922)),.SURF_OF_LINEAR_EXTRUSION.,.F.,.F.,.F.,
(4,4),(2,2),(0.2805803602547,0.923697394753723),(0.,1.),
 .PIECEWISE_BEZIER_KNOTS.);
#38=B_SPLINE_SURFACE_WITH_KNOTS('',3,1,((#11926,#11927),(#11928,#11929),
(#11930,#11931),(#11932,#11933)),.SURF_OF_LINEAR_EXTRUSION.,.F.,.F.,.F.,
(4,4),(2,2),(0.280580360254696,0.923697394753723),(0.,1.),
 .PIECEWISE_BEZIER_KNOTS.);
#39=B_SPLINE_SURFACE_WITH_KNOTS('',3,1,((#11938,#11939),(#11940,#11941),
(#11942,#11943),(#11944,#11945)),.SURF_OF_LINEAR_EXTRUSION.,.F.,.F.,.F.,
(4,4),(2,2),(0.280580360254696,0.923697394753718),(0.,1.),
 .PIECEWISE_BEZIER_KNOTS.);
#40=B_SPLINE_SURFACE_WITH_KNOTS('',3,1,((#11949,#11950),(#11951,#11952),
(#11953,#11954),(#11955,#11956)),.SURF_OF_LINEAR_EXTRUSION.,.F.,.F.,.F.,
(4,4),(2,2),(0.280580360254703,0.923697394753716),(0.,1.),
 .PIECEWISE_BEZIER_KNOTS.);
#41=B_SPLINE_SURFACE_WITH_KNOTS('',3,1,((#11961,#11962),(#11963,#11964),
(#11965,#11966),(#11967,#11968)),.SURF_OF_LINEAR_EXTRUSION.,.F.,.F.,.F.,
(4,4),(2,2),(0.280580360254702,0.923697394753715),(0.,1.),
 .PIECEWISE_BEZIER_KNOTS.);
#42=B_SPLINE_SURFACE_WITH_KNOTS('',3,1,((#11972,#11973),(#11974,#11975),
(#11976,#11977),(#11978,#11979)),.SURF_OF_LINEAR_EXTRUSION.,.F.,.F.,.F.,
(4,4),(2,2),(0.280580360254698,0.923697394753716),(0.,1.),
 .PIECEWISE_BEZIER_KNOTS.);
#43=B_SPLINE_SURFACE_WITH_KNOTS('',3,1,((#11984,#11985),(#11986,#11987),
(#11988,#11989),(#11990,#11991)),.SURF_OF_LINEAR_EXTRUSION.,.F.,.F.,.F.,
(4,4),(2,2),(0.280580360254704,0.923697394753717),(0.,1.),
 .PIECEWISE_BEZIER_KNOTS.);
#44=B_SPLINE_SURFACE_WITH_KNOTS('',3,1,((#11995,#11996),(#11997,#11998),
(#11999,#12000),(#12001,#12002)),.SURF_OF_LINEAR_EXTRUSION.,.F.,.F.,.F.,
(4,4),(2,2),(0.280580360254698,0.923697394753719),(0.,1.),
 .PIECEWISE_BEZIER_KNOTS.);
#45=B_SPLINE_SURFACE_WITH_KNOTS('',3,1,((#12007,#12008),(#12009,#12010),
(#12011,#12012),(#12013,#12014)),.SURF_OF_LINEAR_EXTRUSION.,.F.,.F.,.F.,
(4,4),(2,2),(0.280580360254708,0.923697394753716),(0.,1.),
 .PIECEWISE_BEZIER_KNOTS.);
#46=B_SPLINE_SURFACE_WITH_KNOTS('',3,1,((#12018,#12019),(#12020,#12021),
(#12022,#12023),(#12024,#12025)),.SURF_OF_LINEAR_EXTRUSION.,.F.,.F.,.F.,
(4,4),(2,2),(0.280580360254705,0.923697394753718),(0.,1.),
 .PIECEWISE_BEZIER_KNOTS.);
#47=B_SPLINE_SURFACE_WITH_KNOTS('',3,1,((#12030,#12031),(#12032,#12033),
(#12034,#12035),(#12036,#12037)),.SURF_OF_LINEAR_EXTRUSION.,.F.,.F.,.F.,
(4,4),(2,2),(0.280580360254705,0.923697394753716),(0.,1.),
 .PIECEWISE_BEZIER_KNOTS.);
#48=B_SPLINE_SURFACE_WITH_KNOTS('',3,1,((#12041,#12042),(#12043,#12044),
(#12045,#12046),(#12047,#12048)),.SURF_OF_LINEAR_EXTRUSION.,.F.,.F.,.F.,
(4,4),(2,2),(0.280580360254704,0.923697394753718),(0.,1.),
 .PIECEWISE_BEZIER_KNOTS.);
#49=B_SPLINE_SURFACE_WITH_KNOTS('',3,1,((#12053,#12054),(#12055,#12056),
(#12057,#12058),(#12059,#12060)),.SURF_OF_LINEAR_EXTRUSION.,.F.,.F.,.F.,
(4,4),(2,2),(0.280580360254706,0.923697394753714),(0.,1.),
 .PIECEWISE_BEZIER_KNOTS.);
#50=B_SPLINE_SURFACE_WITH_KNOTS('',3,1,((#12064,#12065),(#12066,#12067),
(#12068,#12069),(#12070,#12071)),.SURF_OF_LINEAR_EXTRUSION.,.F.,.F.,.F.,
(4,4),(2,2),(0.280580360254702,0.923697394753721),(0.,1.),
 .PIECEWISE_BEZIER_KNOTS.);
#51=B_SPLINE_SURFACE_WITH_KNOTS('',3,1,((#12076,#12077),(#12078,#12079),
(#12080,#12081),(#12082,#12083)),.SURF_OF_LINEAR_EXTRUSION.,.F.,.F.,.F.,
(4,4),(2,2),(0.280580360254698,0.923697394753715),(0.,1.),
 .PIECEWISE_BEZIER_KNOTS.);
#52=B_SPLINE_SURFACE_WITH_KNOTS('',3,1,((#12087,#12088),(#12089,#12090),
(#12091,#12092),(#12093,#12094)),.SURF_OF_LINEAR_EXTRUSION.,.F.,.F.,.F.,
(4,4),(2,2),(0.280580360254703,0.923697394753716),(0.,1.),
 .PIECEWISE_BEZIER_KNOTS.);
#53=B_SPLINE_SURFACE_WITH_KNOTS('',3,1,((#12099,#12100),(#12101,#12102),
(#12103,#12104),(#12105,#12106)),.SURF_OF_LINEAR_EXTRUSION.,.F.,.F.,.F.,
(4,4),(2,2),(0.280580360254699,0.923697394753715),(0.,1.),
 .PIECEWISE_BEZIER_KNOTS.);
#54=B_SPLINE_SURFACE_WITH_KNOTS('',3,1,((#12110,#12111),(#12112,#12113),
(#12114,#12115),(#12116,#12117)),.SURF_OF_LINEAR_EXTRUSION.,.F.,.F.,.F.,
(4,4),(2,2),(0.280580360254702,0.92369739475372),(0.,1.),
 .PIECEWISE_BEZIER_KNOTS.);
#55=B_SPLINE_SURFACE_WITH_KNOTS('',3,1,((#12122,#12123),(#12124,#12125),
(#12126,#12127),(#12128,#12129)),.SURF_OF_LINEAR_EXTRUSION.,.F.,.F.,.F.,
(4,4),(2,2),(0.280580360254703,0.923697394753717),(0.,1.),
 .PIECEWISE_BEZIER_KNOTS.);
#56=B_SPLINE_SURFACE_WITH_KNOTS('',3,1,((#12133,#12134),(#12135,#12136),
(#12137,#12138),(#12139,#12140)),.SURF_OF_LINEAR_EXTRUSION.,.F.,.F.,.F.,
(4,4),(2,2),(0.280580360254693,0.923697394753719),(0.,1.),
 .PIECEWISE_BEZIER_KNOTS.);
#57=B_SPLINE_SURFACE_WITH_KNOTS('',3,1,((#12145,#12146),(#12147,#12148),
(#12149,#12150),(#12151,#12152)),.SURF_OF_LINEAR_EXTRUSION.,.F.,.F.,.F.,
(4,4),(2,2),(0.280580360254693,0.923697394753712),(0.,1.),
 .PIECEWISE_BEZIER_KNOTS.);
#58=B_SPLINE_SURFACE_WITH_KNOTS('',3,1,((#12156,#12157),(#12158,#12159),
(#12160,#12161),(#12162,#12163)),.SURF_OF_LINEAR_EXTRUSION.,.F.,.F.,.F.,
(4,4),(2,2),(0.280580360254696,0.923697394753719),(0.,1.),
 .PIECEWISE_BEZIER_KNOTS.);
#59=B_SPLINE_SURFACE_WITH_KNOTS('',3,1,((#12168,#12169),(#12170,#12171),
(#12172,#12173),(#12174,#12175)),.SURF_OF_LINEAR_EXTRUSION.,.F.,.F.,.F.,
(4,4),(2,2),(0.280580360254699,0.92369739475372),(0.,1.),
 .PIECEWISE_BEZIER_KNOTS.);
#60=B_SPLINE_SURFACE_WITH_KNOTS('',3,1,((#12179,#12180),(#12181,#12182),
(#12183,#12184),(#12185,#12186)),.SURF_OF_LINEAR_EXTRUSION.,.F.,.F.,.F.,
(4,4),(2,2),(0.280580360254698,0.923697394753724),(0.,1.),
 .PIECEWISE_BEZIER_KNOTS.);
#61=B_SPLINE_SURFACE_WITH_KNOTS('',3,1,((#12191,#12192),(#12193,#12194),
(#12195,#12196),(#12197,#12198)),.SURF_OF_LINEAR_EXTRUSION.,.F.,.F.,.F.,
(4,4),(2,2),(0.280580360254702,0.923697394753723),(0.,1.),
 .PIECEWISE_BEZIER_KNOTS.);
#62=B_SPLINE_SURFACE_WITH_KNOTS('',3,1,((#12202,#12203),(#12204,#12205),
(#12206,#12207),(#12208,#12209)),.SURF_OF_LINEAR_EXTRUSION.,.F.,.F.,.F.,
(4,4),(2,2),(0.280580360254696,0.923697394753714),(0.,1.),
 .PIECEWISE_BEZIER_KNOTS.);
#63=B_SPLINE_SURFACE_WITH_KNOTS('',3,1,((#12214,#12215),(#12216,#12217),
(#12218,#12219),(#12220,#12221)),.SURF_OF_LINEAR_EXTRUSION.,.F.,.F.,.F.,
(4,4),(2,2),(0.280580360254707,0.923697394753713),(0.,1.),
 .PIECEWISE_BEZIER_KNOTS.);
#64=B_SPLINE_SURFACE_WITH_KNOTS('',3,1,((#12225,#12226),(#12227,#12228),
(#12229,#12230),(#12231,#12232)),.SURF_OF_LINEAR_EXTRUSION.,.F.,.F.,.F.,
(4,4),(2,2),(0.280580360254702,0.923697394753723),(0.,1.),
 .PIECEWISE_BEZIER_KNOTS.);
#65=B_SPLINE_SURFACE_WITH_KNOTS('',3,1,((#12237,#12238),(#12239,#12240),
(#12241,#12242),(#12243,#12244)),.SURF_OF_LINEAR_EXTRUSION.,.F.,.F.,.F.,
(4,4),(2,2),(0.280580360254699,0.923697394753724),(0.,1.),
 .PIECEWISE_BEZIER_KNOTS.);
#66=B_SPLINE_SURFACE_WITH_KNOTS('',3,1,((#12248,#12249),(#12250,#12251),
(#12252,#12253),(#12254,#12255)),.SURF_OF_LINEAR_EXTRUSION.,.F.,.F.,.F.,
(4,4),(2,2),(0.280580360254699,0.923697394753719),(0.,1.),
 .PIECEWISE_BEZIER_KNOTS.);
#67=B_SPLINE_SURFACE_WITH_KNOTS('',3,1,((#12260,#12261),(#12262,#12263),
(#12264,#12265),(#12266,#12267)),.SURF_OF_LINEAR_EXTRUSION.,.F.,.F.,.F.,
(4,4),(2,2),(0.280580360254697,0.923697394753721),(0.,1.),
 .PIECEWISE_BEZIER_KNOTS.);
#68=B_SPLINE_SURFACE_WITH_KNOTS('',3,1,((#12271,#12272),(#12273,#12274),
(#12275,#12276),(#12277,#12278)),.SURF_OF_LINEAR_EXTRUSION.,.F.,.F.,.F.,
(4,4),(2,2),(0.280580360254691,0.923697394753713),(0.,1.),
 .PIECEWISE_BEZIER_KNOTS.);
#69=B_SPLINE_SURFACE_WITH_KNOTS('',3,1,((#12283,#12284),(#12285,#12286),
(#12287,#12288),(#12289,#12290)),.SURF_OF_LINEAR_EXTRUSION.,.F.,.F.,.F.,
(4,4),(2,2),(0.280580360254699,0.923697394753716),(0.,1.),
 .PIECEWISE_BEZIER_KNOTS.);
#70=B_SPLINE_SURFACE_WITH_KNOTS('',3,1,((#12294,#12295),(#12296,#12297),
(#12298,#12299),(#12300,#12301)),.SURF_OF_LINEAR_EXTRUSION.,.F.,.F.,.F.,
(4,4),(2,2),(0.280580360254706,0.923697394753714),(0.,1.),
 .PIECEWISE_BEZIER_KNOTS.);
#71=B_SPLINE_SURFACE_WITH_KNOTS('',3,1,((#12306,#12307),(#12308,#12309),
(#12310,#12311),(#12312,#12313)),.SURF_OF_LINEAR_EXTRUSION.,.F.,.F.,.F.,
(4,4),(2,2),(0.280580360254703,0.923697394753722),(0.,1.),
 .PIECEWISE_BEZIER_KNOTS.);
#72=B_SPLINE_SURFACE_WITH_KNOTS('',3,1,((#12317,#12318),(#12319,#12320),
(#12321,#12322),(#12323,#12324)),.SURF_OF_LINEAR_EXTRUSION.,.F.,.F.,.F.,
(4,4),(2,2),(0.280580360254693,0.923697394753717),(0.,1.),
 .PIECEWISE_BEZIER_KNOTS.);
#73=B_SPLINE_SURFACE_WITH_KNOTS('',3,1,((#12329,#12330),(#12331,#12332),
(#12333,#12334),(#12335,#12336)),.SURF_OF_LINEAR_EXTRUSION.,.F.,.F.,.F.,
(4,4),(2,2),(0.2805803602547,0.923697394753716),(0.,1.),
 .PIECEWISE_BEZIER_KNOTS.);
#74=B_SPLINE_SURFACE_WITH_KNOTS('',3,1,((#12340,#12341),(#12342,#12343),
(#12344,#12345),(#12346,#12347)),.SURF_OF_LINEAR_EXTRUSION.,.F.,.F.,.F.,
(4,4),(2,2),(0.280580360254694,0.923697394753718),(0.,1.),
 .PIECEWISE_BEZIER_KNOTS.);
#75=B_SPLINE_SURFACE_WITH_KNOTS('',3,1,((#12352,#12353),(#12354,#12355),
(#12356,#12357),(#12358,#12359)),.SURF_OF_LINEAR_EXTRUSION.,.F.,.F.,.F.,
(4,4),(2,2),(0.280580360254699,0.923697394753712),(0.,1.),
 .PIECEWISE_BEZIER_KNOTS.);
#76=B_SPLINE_SURFACE_WITH_KNOTS('',3,1,((#12363,#12364),(#12365,#12366),
(#12367,#12368),(#12369,#12370)),.SURF_OF_LINEAR_EXTRUSION.,.F.,.F.,.F.,
(4,4),(2,2),(0.280580360254698,0.923697394753715),(0.,1.),
 .PIECEWISE_BEZIER_KNOTS.);
#77=B_SPLINE_SURFACE_WITH_KNOTS('',3,1,((#12375,#12376),(#12377,#12378),
(#12379,#12380),(#12381,#12382)),.SURF_OF_LINEAR_EXTRUSION.,.F.,.F.,.F.,
(4,4),(2,2),(0.280580360254702,0.923697394753721),(0.,1.),
 .PIECEWISE_BEZIER_KNOTS.);
#78=B_SPLINE_SURFACE_WITH_KNOTS('',3,1,((#12386,#12387),(#12388,#12389),
(#12390,#12391),(#12392,#12393)),.SURF_OF_LINEAR_EXTRUSION.,.F.,.F.,.F.,
(4,4),(2,2),(0.2805803602547,0.923697394753718),(0.,1.),
 .PIECEWISE_BEZIER_KNOTS.);
#79=B_SPLINE_SURFACE_WITH_KNOTS('',3,1,((#12398,#12399),(#12400,#12401),
(#12402,#12403),(#12404,#12405)),.SURF_OF_LINEAR_EXTRUSION.,.F.,.F.,.F.,
(4,4),(2,2),(0.280580360254705,0.923697394753714),(0.,1.),
 .PIECEWISE_BEZIER_KNOTS.);
#80=B_SPLINE_SURFACE_WITH_KNOTS('',3,1,((#12409,#12410),(#12411,#12412),
(#12413,#12414),(#12415,#12416)),.SURF_OF_LINEAR_EXTRUSION.,.F.,.F.,.F.,
(4,4),(2,2),(0.280580360254698,0.923697394753719),(0.,1.),
 .PIECEWISE_BEZIER_KNOTS.);
#81=B_SPLINE_SURFACE_WITH_KNOTS('',3,1,((#12421,#12422),(#12423,#12424),
(#12425,#12426),(#12427,#12428)),.SURF_OF_LINEAR_EXTRUSION.,.F.,.F.,.F.,
(4,4),(2,2),(0.280580360254699,0.923697394753719),(0.,1.),
 .PIECEWISE_BEZIER_KNOTS.);
#82=B_SPLINE_SURFACE_WITH_KNOTS('',3,1,((#12432,#12433),(#12434,#12435),
(#12436,#12437),(#12438,#12439)),.SURF_OF_LINEAR_EXTRUSION.,.F.,.F.,.F.,
(4,4),(2,2),(0.280580360254704,0.923697394753712),(0.,1.),
 .PIECEWISE_BEZIER_KNOTS.);
#83=B_SPLINE_SURFACE_WITH_KNOTS('',3,1,((#12444,#12445),(#12446,#12447),
(#12448,#12449),(#12450,#12451)),.SURF_OF_LINEAR_EXTRUSION.,.F.,.F.,.F.,
(4,4),(2,2),(0.280580360254698,0.923697394753716),(0.,1.),
 .PIECEWISE_BEZIER_KNOTS.);
#84=B_SPLINE_SURFACE_WITH_KNOTS('',3,1,((#12455,#12456),(#12457,#12458),
(#12459,#12460),(#12461,#12462)),.SURF_OF_LINEAR_EXTRUSION.,.F.,.F.,.F.,
(4,4),(2,2),(0.280580360254702,0.923697394753715),(0.,1.),
 .PIECEWISE_BEZIER_KNOTS.);
#85=B_SPLINE_SURFACE_WITH_KNOTS('',3,1,((#12467,#12468),(#12469,#12470),
(#12471,#12472),(#12473,#12474)),.SURF_OF_LINEAR_EXTRUSION.,.F.,.F.,.F.,
(4,4),(2,2),(0.280580360254703,0.923697394753716),(0.,1.),
 .PIECEWISE_BEZIER_KNOTS.);
#86=B_SPLINE_SURFACE_WITH_KNOTS('',3,1,((#12478,#12479),(#12480,#12481),
(#12482,#12483),(#12484,#12485)),.SURF_OF_LINEAR_EXTRUSION.,.F.,.F.,.F.,
(4,4),(2,2),(0.280580360254696,0.923697394753718),(0.,1.),
 .PIECEWISE_BEZIER_KNOTS.);
#87=B_SPLINE_SURFACE_WITH_KNOTS('',3,1,((#12490,#12491),(#12492,#12493),
(#12494,#12495),(#12496,#12497)),.SURF_OF_LINEAR_EXTRUSION.,.F.,.F.,.F.,
(4,4),(2,2),(0.280580360254706,0.923697394753723),(0.,1.),
 .PIECEWISE_BEZIER_KNOTS.);
#88=B_SPLINE_SURFACE_WITH_KNOTS('',3,1,((#12501,#12502),(#12503,#12504),
(#12505,#12506),(#12507,#12508)),.SURF_OF_LINEAR_EXTRUSION.,.F.,.F.,.F.,
(4,4),(2,2),(0.280580360254696,0.923697394753723),(0.,1.),
 .PIECEWISE_BEZIER_KNOTS.);
#89=B_SPLINE_SURFACE_WITH_KNOTS('',3,1,((#12513,#12514),(#12515,#12516),
(#12517,#12518),(#12519,#12520)),.SURF_OF_LINEAR_EXTRUSION.,.F.,.F.,.F.,
(4,4),(2,2),(0.280580360254696,0.923697394753718),(0.,1.),
 .PIECEWISE_BEZIER_KNOTS.);
#90=B_SPLINE_SURFACE_WITH_KNOTS('',3,1,((#12524,#12525),(#12526,#12527),
(#12528,#12529),(#12530,#12531)),.SURF_OF_LINEAR_EXTRUSION.,.F.,.F.,.F.,
(4,4),(2,2),(0.280580360254703,0.923697394753715),(0.,1.),
 .PIECEWISE_BEZIER_KNOTS.);
#91=B_SPLINE_SURFACE_WITH_KNOTS('',3,1,((#12536,#12537),(#12538,#12539),
(#12540,#12541),(#12542,#12543)),.SURF_OF_LINEAR_EXTRUSION.,.F.,.F.,.F.,
(4,4),(2,2),(0.280580360254702,0.923697394753715),(0.,1.),
 .PIECEWISE_BEZIER_KNOTS.);
#92=B_SPLINE_SURFACE_WITH_KNOTS('',3,1,((#12547,#12548),(#12549,#12550),
(#12551,#12552),(#12553,#12554)),.SURF_OF_LINEAR_EXTRUSION.,.F.,.F.,.F.,
(4,4),(2,2),(0.280580360254698,0.923697394753715),(0.,1.),
 .PIECEWISE_BEZIER_KNOTS.);
#93=B_SPLINE_SURFACE_WITH_KNOTS('',3,1,((#12559,#12560),(#12561,#12562),
(#12563,#12564),(#12565,#12566)),.SURF_OF_LINEAR_EXTRUSION.,.F.,.F.,.F.,
(4,4),(2,2),(0.280580360254702,0.923697394753717),(0.,1.),
 .PIECEWISE_BEZIER_KNOTS.);
#94=B_SPLINE_SURFACE_WITH_KNOTS('',3,1,((#12570,#12571),(#12572,#12573),
(#12574,#12575),(#12576,#12577)),.SURF_OF_LINEAR_EXTRUSION.,.F.,.F.,.F.,
(4,4),(2,2),(0.280580360254699,0.92369739475372),(0.,1.),
 .PIECEWISE_BEZIER_KNOTS.);
#95=B_SPLINE_SURFACE_WITH_KNOTS('',3,1,((#12582,#12583),(#12584,#12585),
(#12586,#12587),(#12588,#12589)),.SURF_OF_LINEAR_EXTRUSION.,.F.,.F.,.F.,
(4,4),(2,2),(0.280580360254698,0.923697394753719),(0.,1.),
 .PIECEWISE_BEZIER_KNOTS.);
#96=B_SPLINE_SURFACE_WITH_KNOTS('',3,1,((#12593,#12594),(#12595,#12596),
(#12597,#12598),(#12599,#12600)),.SURF_OF_LINEAR_EXTRUSION.,.F.,.F.,.F.,
(4,4),(2,2),(0.280580360254702,0.92369739475372),(0.,1.),
 .PIECEWISE_BEZIER_KNOTS.);
#97=B_SPLINE_SURFACE_WITH_KNOTS('',3,1,((#12605,#12606),(#12607,#12608),
(#12609,#12610),(#12611,#12612)),.SURF_OF_LINEAR_EXTRUSION.,.F.,.F.,.F.,
(4,4),(2,2),(0.280580360254703,0.923697394753717),(0.,1.),
 .PIECEWISE_BEZIER_KNOTS.);
#98=B_SPLINE_SURFACE_WITH_KNOTS('',3,1,((#12616,#12617),(#12618,#12619),
(#12620,#12621),(#12622,#12623)),.SURF_OF_LINEAR_EXTRUSION.,.F.,.F.,.F.,
(4,4),(2,2),(0.280580360254702,0.923697394753721),(0.,1.),
 .PIECEWISE_BEZIER_KNOTS.);
#99=B_SPLINE_SURFACE_WITH_KNOTS('',3,1,((#12628,#12629),(#12630,#12631),
(#12632,#12633),(#12634,#12635)),.SURF_OF_LINEAR_EXTRUSION.,.F.,.F.,.F.,
(4,4),(2,2),(0.280580360254702,0.923697394753715),(0.,1.),
 .PIECEWISE_BEZIER_KNOTS.);
#100=B_SPLINE_SURFACE_WITH_KNOTS('',3,1,((#12639,#12640),(#12641,#12642),
(#12643,#12644),(#12645,#12646)),.SURF_OF_LINEAR_EXTRUSION.,.F.,.F.,.F.,
(4,4),(2,2),(0.280580360254699,0.923697394753712),(0.,1.),
 .PIECEWISE_BEZIER_KNOTS.);
#101=B_SPLINE_SURFACE_WITH_KNOTS('',3,1,((#12651,#12652),(#12653,#12654),
(#12655,#12656),(#12657,#12658)),.SURF_OF_LINEAR_EXTRUSION.,.F.,.F.,.F.,
(4,4),(2,2),(0.280580360254702,0.92369739475372),(0.,1.),
 .PIECEWISE_BEZIER_KNOTS.);
#102=B_SPLINE_SURFACE_WITH_KNOTS('',3,1,((#12662,#12663),(#12664,#12665),
(#12666,#12667),(#12668,#12669)),.SURF_OF_LINEAR_EXTRUSION.,.F.,.F.,.F.,
(4,4),(2,2),(0.28058036025469,0.923697394753716),(0.,1.),
 .PIECEWISE_BEZIER_KNOTS.);
#103=B_SPLINE_SURFACE_WITH_KNOTS('',3,1,((#12674,#12675),(#12676,#12677),
(#12678,#12679),(#12680,#12681)),.SURF_OF_LINEAR_EXTRUSION.,.F.,.F.,.F.,
(4,4),(2,2),(0.280580360254693,0.923697394753717),(0.,1.),
 .PIECEWISE_BEZIER_KNOTS.);
#104=B_SPLINE_SURFACE_WITH_KNOTS('',3,1,((#12685,#12686),(#12687,#12688),
(#12689,#12690),(#12691,#12692)),.SURF_OF_LINEAR_EXTRUSION.,.F.,.F.,.F.,
(4,4),(2,2),(0.280580360254703,0.923697394753722),(0.,1.),
 .PIECEWISE_BEZIER_KNOTS.);
#105=B_SPLINE_SURFACE_WITH_KNOTS('',3,1,((#12697,#12698),(#12699,#12700),
(#12701,#12702),(#12703,#12704)),.SURF_OF_LINEAR_EXTRUSION.,.F.,.F.,.F.,
(4,4),(2,2),(0.280580360254706,0.923697394753714),(0.,1.),
 .PIECEWISE_BEZIER_KNOTS.);
#106=B_SPLINE_SURFACE_WITH_KNOTS('',3,1,((#12708,#12709),(#12710,#12711),
(#12712,#12713),(#12714,#12715)),.SURF_OF_LINEAR_EXTRUSION.,.F.,.F.,.F.,
(4,4),(2,2),(0.280580360254699,0.923697394753714),(0.,1.),
 .PIECEWISE_BEZIER_KNOTS.);
#107=B_SPLINE_SURFACE_WITH_KNOTS('',3,1,((#12720,#12721),(#12722,#12723),
(#12724,#12725),(#12726,#12727)),.SURF_OF_LINEAR_EXTRUSION.,.F.,.F.,.F.,
(4,4),(2,2),(0.280580360254699,0.923697394753719),(0.,1.),
 .PIECEWISE_BEZIER_KNOTS.);
#108=B_SPLINE_SURFACE_WITH_KNOTS('',3,1,((#12731,#12732),(#12733,#12734),
(#12735,#12736),(#12737,#12738)),.SURF_OF_LINEAR_EXTRUSION.,.F.,.F.,.F.,
(4,4),(2,2),(0.280580360254694,0.923697394753721),(0.,1.),
 .PIECEWISE_BEZIER_KNOTS.);
#109=B_SPLINE_SURFACE_WITH_KNOTS('',3,1,((#12743,#12744),(#12745,#12746),
(#12747,#12748),(#12749,#12750)),.SURF_OF_LINEAR_EXTRUSION.,.F.,.F.,.F.,
(4,4),(2,2),(0.280580360254699,0.923697394753719),(0.,1.),
 .PIECEWISE_BEZIER_KNOTS.);
#110=B_SPLINE_SURFACE_WITH_KNOTS('',3,1,((#12754,#12755),(#12756,#12757),
(#12758,#12759),(#12760,#12761)),.SURF_OF_LINEAR_EXTRUSION.,.F.,.F.,.F.,
(4,4),(2,2),(0.280580360254698,0.923697394753724),(0.,1.),
 .PIECEWISE_BEZIER_KNOTS.);
#111=B_SPLINE_SURFACE_WITH_KNOTS('',3,1,((#12766,#12767),(#12768,#12769),
(#12770,#12771),(#12772,#12773)),.SURF_OF_LINEAR_EXTRUSION.,.F.,.F.,.F.,
(4,4),(2,2),(0.280580360254702,0.923697394753723),(0.,1.),
 .PIECEWISE_BEZIER_KNOTS.);
#112=B_SPLINE_CURVE_WITH_KNOTS('',3,(#8318,#8319,#8320,#8321,#8322,#8323,
#8324,#8325,#8326,#8327,#8328,#8329,#8330),.UNSPECIFIED.,.F.,.F.,(4,1,1,
1,1,1,1,1,1,1,4),(0.,0.033455400319306,0.0914009591913904,0.166208261662181,
0.254721425508344,0.355085905441286,0.466043004984406,0.586666084398837,
0.71623605306739,0.854173815728353,1.),.UNSPECIFIED.);
#113=B_SPLINE_CURVE_WITH_KNOTS('',3,(#8331,#8332,#8333,#8334,#8335,#8336,
#8337,#8338,#8339,#8340,#8341,#8342,#8343),.UNSPECIFIED.,.F.,.F.,(4,1,1,
1,1,1,1,1,1,1,4),(0.,0.033455400319306,0.0914009591913904,0.166208261662181,
0.254721425508344,0.355085905441286,0.466043004984406,0.586666084398837,
0.71623605306739,0.854173815728353,1.),.UNSPECIFIED.);
#114=B_SPLINE_CURVE_WITH_KNOTS('',3,(#8351,#8352,#8353,#8354,#8355,#8356,
#8357,#8358,#8359,#8360,#8361,#8362,#8363),.UNSPECIFIED.,.F.,.F.,(4,1,1,
1,1,1,1,1,1,1,4),(0.,0.033455400319306,0.0914009591913904,0.166208261662181,
0.254721425508344,0.355085905441286,0.466043004984406,0.586666084398837,
0.71623605306739,0.854173815728353,1.),.UNSPECIFIED.);
#115=B_SPLINE_CURVE_WITH_KNOTS('',3,(#8364,#8365,#8366,#8367,#8368,#8369,
#8370,#8371,#8372,#8373,#8374,#8375,#8376),.UNSPECIFIED.,.F.,.F.,(4,1,1,
1,1,1,1,1,1,1,4),(0.,0.033455400319306,0.0914009591913904,0.166208261662181,
0.254721425508344,0.355085905441286,0.466043004984406,0.586666084398837,
0.71623605306739,0.854173815728353,1.),.UNSPECIFIED.);
#116=B_SPLINE_CURVE_WITH_KNOTS('',3,(#8384,#8385,#8386,#8387,#8388,#8389,
#8390,#8391,#8392,#8393,#8394,#8395,#8396),.UNSPECIFIED.,.F.,.F.,(4,1,1,
1,1,1,1,1,1,1,4),(0.,0.033455400319306,0.0914009591913904,0.166208261662181,
0.254721425508344,0.355085905441286,0.466043004984406,0.586666084398837,
0.71623605306739,0.854173815728353,1.),.UNSPECIFIED.);
#117=B_SPLINE_CURVE_WITH_KNOTS('',3,(#8397,#8398,#8399,#8400,#8401,#8402,
#8403,#8404,#8405,#8406,#8407,#8408,#8409),.UNSPECIFIED.,.F.,.F.,(4,1,1,
1,1,1,1,1,1,1,4),(0.,0.033455400319306,0.0914009591913904,0.166208261662181,
0.254721425508344,0.355085905441286,0.466043004984406,0.586666084398837,
0.71623605306739,0.854173815728353,1.),.UNSPECIFIED.);
#118=B_SPLINE_CURVE_WITH_KNOTS('',3,(#8417,#8418,#8419,#8420,#8421,#8422,
#8423,#8424,#8425,#8426,#8427,#8428,#8429),.UNSPECIFIED.,.F.,.F.,(4,1,1,
1,1,1,1,1,1,1,4),(0.,0.033455400319306,0.0914009591913904,0.166208261662181,
0.254721425508344,0.355085905441286,0.466043004984406,0.586666084398837,
0.71623605306739,0.854173815728353,1.),.UNSPECIFIED.);
#119=B_SPLINE_CURVE_WITH_KNOTS('',3,(#8430,#8431,#8432,#8433,#8434,#8435,
#8436,#8437,#8438,#8439,#8440,#8441,#8442),.UNSPECIFIED.,.F.,.F.,(4,1,1,
1,1,1,1,1,1,1,4),(0.,0.033455400319306,0.0914009591913904,0.166208261662181,
0.254721425508344,0.355085905441286,0.466043004984406,0.586666084398837,
0.71623605306739,0.854173815728353,1.),.UNSPECIFIED.);
#120=B_SPLINE_CURVE_WITH_KNOTS('',3,(#8450,#8451,#8452,#8453,#8454,#8455,
#8456,#8457,#8458,#8459,#8460,#8461,#8462),.UNSPECIFIED.,.F.,.F.,(4,1,1,
1,1,1,1,1,1,1,4),(0.,0.033455400319306,0.0914009591913904,0.166208261662181,
0.254721425508344,0.355085905441286,0.466043004984406,0.586666084398837,
0.71623605306739,0.854173815728353,1.),.UNSPECIFIED.);
#121=B_SPLINE_CURVE_WITH_KNOTS('',3,(#8463,#8464,#8465,#8466,#8467,#8468,
#8469,#8470,#8471,#8472,#8473,#8474,#8475),.UNSPECIFIED.,.F.,.F.,(4,1,1,
1,1,1,1,1,1,1,4),(0.,0.033455400319306,0.0914009591913904,0.166208261662181,
0.254721425508344,0.355085905441286,0.466043004984406,0.586666084398837,
0.71623605306739,0.854173815728353,1.),.UNSPECIFIED.);
#122=B_SPLINE_CURVE_WITH_KNOTS('',3,(#8483,#8484,#8485,#8486,#8487,#8488,
#8489,#8490,#8491,#8492,#8493,#8494,#8495),.UNSPECIFIED.,.F.,.F.,(4,1,1,
1,1,1,1,1,1,1,4),(0.,0.033455400319306,0.0914009591913904,0.166208261662181,
0.254721425508344,0.355085905441286,0.466043004984406,0.586666084398837,
0.71623605306739,0.854173815728353,1.),.UNSPECIFIED.);
#123=B_SPLINE_CURVE_WITH_KNOTS('',3,(#8496,#8497,#8498,#8499,#8500,#8501,
#8502,#8503,#8504,#8505,#8506,#8507,#8508),.UNSPECIFIED.,.F.,.F.,(4,1,1,
1,1,1,1,1,1,1,4),(0.,0.033455400319306,0.0914009591913904,0.166208261662181,
0.254721425508344,0.355085905441286,0.466043004984406,0.586666084398837,
0.71623605306739,0.854173815728353,1.),.UNSPECIFIED.);
#124=B_SPLINE_CURVE_WITH_KNOTS('',3,(#8516,#8517,#8518,#8519,#8520,#8521,
#8522,#8523,#8524,#8525,#8526,#8527,#8528),.UNSPECIFIED.,.F.,.F.,(4,1,1,
1,1,1,1,1,1,1,4),(0.,0.033455400319306,0.0914009591913904,0.166208261662181,
0.254721425508344,0.355085905441286,0.466043004984406,0.586666084398837,
0.71623605306739,0.854173815728353,1.),.UNSPECIFIED.);
#125=B_SPLINE_CURVE_WITH_KNOTS('',3,(#8529,#8530,#8531,#8532,#8533,#8534,
#8535,#8536,#8537,#8538,#8539,#8540,#8541),.UNSPECIFIED.,.F.,.F.,(4,1,1,
1,1,1,1,1,1,1,4),(0.,0.033455400319306,0.0914009591913904,0.166208261662181,
0.254721425508344,0.355085905441286,0.466043004984406,0.586666084398837,
0.71623605306739,0.854173815728353,1.),.UNSPECIFIED.);
#126=B_SPLINE_CURVE_WITH_KNOTS('',3,(#8549,#8550,#8551,#8552,#8553,#8554,
#8555,#8556,#8557,#8558,#8559,#8560,#8561),.UNSPECIFIED.,.F.,.F.,(4,1,1,
1,1,1,1,1,1,1,4),(0.,0.033455400319306,0.0914009591913904,0.166208261662181,
0.254721425508344,0.355085905441286,0.466043004984406,0.586666084398837,
0.71623605306739,0.854173815728353,1.),.UNSPECIFIED.);
#127=B_SPLINE_CURVE_WITH_KNOTS('',3,(#8562,#8563,#8564,#8565,#8566,#8567,
#8568,#8569,#8570,#8571,#8572,#8573,#8574),.UNSPECIFIED.,.F.,.F.,(4,1,1,
1,1,1,1,1,1,1,4),(0.,0.033455400319306,0.0914009591913904,0.166208261662181,
0.254721425508344,0.355085905441286,0.466043004984406,0.586666084398837,
0.71623605306739,0.854173815728353,1.),.UNSPECIFIED.);
#128=B_SPLINE_CURVE_WITH_KNOTS('',3,(#8582,#8583,#8584,#8585,#8586,#8587,
#8588,#8589,#8590,#8591,#8592,#8593,#8594),.UNSPECIFIED.,.F.,.F.,(4,1,1,
1,1,1,1,1,1,1,4),(0.,0.033455400319306,0.0914009591913904,0.166208261662181,
0.254721425508344,0.355085905441286,0.466043004984406,0.586666084398837,
0.71623605306739,0.854173815728353,1.),.UNSPECIFIED.);
#129=B_SPLINE_CURVE_WITH_KNOTS('',3,(#8595,#8596,#8597,#8598,#8599,#8600,
#8601,#8602,#8603,#8604,#8605,#8606,#8607),.UNSPECIFIED.,.F.,.F.,(4,1,1,
1,1,1,1,1,1,1,4),(0.,0.033455400319306,0.0914009591913904,0.166208261662181,
0.254721425508344,0.355085905441286,0.466043004984406,0.586666084398837,
0.71623605306739,0.854173815728353,1.),.UNSPECIFIED.);
#130=B_SPLINE_CURVE_WITH_KNOTS('',3,(#8615,#8616,#8617,#8618,#8619,#8620,
#8621,#8622,#8623,#8624,#8625,#8626,#8627),.UNSPECIFIED.,.F.,.F.,(4,1,1,
1,1,1,1,1,1,1,4),(0.,0.033455400319306,0.0914009591913904,0.166208261662181,
0.254721425508344,0.355085905441286,0.466043004984406,0.586666084398837,
0.71623605306739,0.854173815728353,1.),.UNSPECIFIED.);
#131=B_SPLINE_CURVE_WITH_KNOTS('',3,(#8628,#8629,#8630,#8631,#8632,#8633,
#8634,#8635,#8636,#8637,#8638,#8639,#8640),.UNSPECIFIED.,.F.,.F.,(4,1,1,
1,1,1,1,1,1,1,4),(0.,0.033455400319306,0.0914009591913904,0.166208261662181,
0.254721425508344,0.355085905441286,0.466043004984406,0.586666084398837,
0.71623605306739,0.854173815728353,1.),.UNSPECIFIED.);
#132=B_SPLINE_CURVE_WITH_KNOTS('',3,(#8648,#8649,#8650,#8651,#8652,#8653,
#8654,#8655,#8656,#8657,#8658,#8659,#8660),.UNSPECIFIED.,.F.,.F.,(4,1,1,
1,1,1,1,1,1,1,4),(0.,0.033455400319306,0.0914009591913904,0.166208261662181,
0.254721425508344,0.355085905441286,0.466043004984406,0.586666084398837,
0.71623605306739,0.854173815728353,1.),.UNSPECIFIED.);
#133=B_SPLINE_CURVE_WITH_KNOTS('',3,(#8661,#8662,#8663,#8664,#8665,#8666,
#8667,#8668,#8669,#8670,#8671,#8672,#8673),.UNSPECIFIED.,.F.,.F.,(4,1,1,
1,1,1,1,1,1,1,4),(0.,0.033455400319306,0.0914009591913904,0.166208261662181,
0.254721425508344,0.355085905441286,0.466043004984406,0.586666084398837,
0.71623605306739,0.854173815728353,1.),.UNSPECIFIED.);
#134=B_SPLINE_CURVE_WITH_KNOTS('',3,(#8681,#8682,#8683,#8684,#8685,#8686,
#8687,#8688,#8689,#8690,#8691,#8692,#8693),.UNSPECIFIED.,.F.,.F.,(4,1,1,
1,1,1,1,1,1,1,4),(0.,0.033455400319306,0.0914009591913904,0.166208261662181,
0.254721425508344,0.355085905441286,0.466043004984406,0.586666084398837,
0.71623605306739,0.854173815728353,1.),.UNSPECIFIED.);
#135=B_SPLINE_CURVE_WITH_KNOTS('',3,(#8694,#8695,#8696,#8697,#8698,#8699,
#8700,#8701,#8702,#8703,#8704,#8705,#8706),.UNSPECIFIED.,.F.,.F.,(4,1,1,
1,1,1,1,1,1,1,4),(0.,0.033455400319306,0.0914009591913904,0.166208261662181,
0.254721425508344,0.355085905441286,0.466043004984406,0.586666084398837,
0.71623605306739,0.854173815728353,1.),.UNSPECIFIED.);
#136=B_SPLINE_CURVE_WITH_KNOTS('',3,(#8714,#8715,#8716,#8717,#8718,#8719,
#8720,#8721,#8722,#8723,#8724,#8725,#8726),.UNSPECIFIED.,.F.,.F.,(4,1,1,
1,1,1,1,1,1,1,4),(0.,0.033455400319306,0.0914009591913904,0.166208261662181,
0.254721425508344,0.355085905441286,0.466043004984406,0.586666084398837,
0.71623605306739,0.854173815728353,1.),.UNSPECIFIED.);
#137=B_SPLINE_CURVE_WITH_KNOTS('',3,(#8727,#8728,#8729,#8730,#8731,#8732,
#8733,#8734,#8735,#8736,#8737,#8738,#8739),.UNSPECIFIED.,.F.,.F.,(4,1,1,
1,1,1,1,1,1,1,4),(0.,0.033455400319306,0.0914009591913904,0.166208261662181,
0.254721425508344,0.355085905441286,0.466043004984406,0.586666084398837,
0.71623605306739,0.854173815728353,1.),.UNSPECIFIED.);
#138=B_SPLINE_CURVE_WITH_KNOTS('',3,(#8747,#8748,#8749,#8750,#8751,#8752,
#8753,#8754,#8755,#8756,#8757,#8758,#8759),.UNSPECIFIED.,.F.,.F.,(4,1,1,
1,1,1,1,1,1,1,4),(0.,0.033455400319306,0.0914009591913904,0.166208261662181,
0.254721425508344,0.355085905441286,0.466043004984406,0.586666084398837,
0.71623605306739,0.854173815728353,1.),.UNSPECIFIED.);
#139=B_SPLINE_CURVE_WITH_KNOTS('',3,(#8760,#8761,#8762,#8763,#8764,#8765,
#8766,#8767,#8768,#8769,#8770,#8771,#8772),.UNSPECIFIED.,.F.,.F.,(4,1,1,
1,1,1,1,1,1,1,4),(0.,0.033455400319306,0.0914009591913904,0.166208261662181,
0.254721425508344,0.355085905441286,0.466043004984406,0.586666084398837,
0.71623605306739,0.854173815728353,1.),.UNSPECIFIED.);
#140=B_SPLINE_CURVE_WITH_KNOTS('',3,(#8780,#8781,#8782,#8783,#8784,#8785,
#8786,#8787,#8788,#8789,#8790,#8791,#8792),.UNSPECIFIED.,.F.,.F.,(4,1,1,
1,1,1,1,1,1,1,4),(0.,0.033455400319306,0.0914009591913904,0.166208261662181,
0.254721425508344,0.355085905441286,0.466043004984406,0.586666084398837,
0.71623605306739,0.854173815728353,1.),.UNSPECIFIED.);
#141=B_SPLINE_CURVE_WITH_KNOTS('',3,(#8793,#8794,#8795,#8796,#8797,#8798,
#8799,#8800,#8801,#8802,#8803,#8804,#8805),.UNSPECIFIED.,.F.,.F.,(4,1,1,
1,1,1,1,1,1,1,4),(0.,0.033455400319306,0.0914009591913904,0.166208261662181,
0.254721425508344,0.355085905441286,0.466043004984406,0.586666084398837,
0.71623605306739,0.854173815728353,1.),.UNSPECIFIED.);
#142=B_SPLINE_CURVE_WITH_KNOTS('',3,(#8813,#8814,#8815,#8816,#8817,#8818,
#8819,#8820,#8821,#8822,#8823,#8824,#8825),.UNSPECIFIED.,.F.,.F.,(4,1,1,
1,1,1,1,1,1,1,4),(0.,0.033455400319306,0.0914009591913904,0.166208261662181,
0.254721425508344,0.355085905441286,0.466043004984406,0.586666084398837,
0.71623605306739,0.854173815728353,1.),.UNSPECIFIED.);
#143=B_SPLINE_CURVE_WITH_KNOTS('',3,(#8826,#8827,#8828,#8829,#8830,#8831,
#8832,#8833,#8834,#8835,#8836,#8837,#8838),.UNSPECIFIED.,.F.,.F.,(4,1,1,
1,1,1,1,1,1,1,4),(0.,0.033455400319306,0.0914009591913904,0.166208261662181,
0.254721425508344,0.355085905441286,0.466043004984406,0.586666084398837,
0.71623605306739,0.854173815728353,1.),.UNSPECIFIED.);
#144=B_SPLINE_CURVE_WITH_KNOTS('',3,(#8846,#8847,#8848,#8849,#8850,#8851,
#8852,#8853,#8854,#8855,#8856,#8857,#8858),.UNSPECIFIED.,.F.,.F.,(4,1,1,
1,1,1,1,1,1,1,4),(0.,0.033455400319306,0.0914009591913904,0.166208261662181,
0.254721425508344,0.355085905441286,0.466043004984406,0.586666084398837,
0.71623605306739,0.854173815728353,1.),.UNSPECIFIED.);
#145=B_SPLINE_CURVE_WITH_KNOTS('',3,(#8859,#8860,#8861,#8862,#8863,#8864,
#8865,#8866,#8867,#8868,#8869,#8870,#8871),.UNSPECIFIED.,.F.,.F.,(4,1,1,
1,1,1,1,1,1,1,4),(0.,0.033455400319306,0.0914009591913904,0.166208261662181,
0.254721425508344,0.355085905441286,0.466043004984406,0.586666084398837,
0.71623605306739,0.854173815728353,1.),.UNSPECIFIED.);
#146=B_SPLINE_CURVE_WITH_KNOTS('',3,(#8879,#8880,#8881,#8882,#8883,#8884,
#8885,#8886,#8887,#8888,#8889,#8890,#8891),.UNSPECIFIED.,.F.,.F.,(4,1,1,
1,1,1,1,1,1,1,4),(0.,0.033455400319306,0.0914009591913904,0.166208261662181,
0.254721425508344,0.355085905441286,0.466043004984406,0.586666084398837,
0.71623605306739,0.854173815728353,1.),.UNSPECIFIED.);
#147=B_SPLINE_CURVE_WITH_KNOTS('',3,(#8892,#8893,#8894,#8895,#8896,#8897,
#8898,#8899,#8900,#8901,#8902,#8903,#8904),.UNSPECIFIED.,.F.,.F.,(4,1,1,
1,1,1,1,1,1,1,4),(0.,0.033455400319306,0.0914009591913904,0.166208261662181,
0.254721425508344,0.355085905441286,0.466043004984406,0.586666084398837,
0.71623605306739,0.854173815728353,1.),.UNSPECIFIED.);
#148=B_SPLINE_CURVE_WITH_KNOTS('',3,(#8912,#8913,#8914,#8915,#8916,#8917,
#8918,#8919,#8920,#8921,#8922,#8923,#8924),.UNSPECIFIED.,.F.,.F.,(4,1,1,
1,1,1,1,1,1,1,4),(0.,0.033455400319306,0.0914009591913904,0.166208261662181,
0.254721425508344,0.355085905441286,0.466043004984406,0.586666084398837,
0.71623605306739,0.854173815728353,1.),.UNSPECIFIED.);
#149=B_SPLINE_CURVE_WITH_KNOTS('',3,(#8925,#8926,#8927,#8928,#8929,#8930,
#8931,#8932,#8933,#8934,#8935,#8936,#8937),.UNSPECIFIED.,.F.,.F.,(4,1,1,
1,1,1,1,1,1,1,4),(0.,0.033455400319306,0.0914009591913904,0.166208261662181,
0.254721425508344,0.355085905441286,0.466043004984406,0.586666084398837,
0.71623605306739,0.854173815728353,1.),.UNSPECIFIED.);
#150=B_SPLINE_CURVE_WITH_KNOTS('',3,(#8945,#8946,#8947,#8948,#8949,#8950,
#8951,#8952,#8953,#8954,#8955,#8956,#8957),.UNSPECIFIED.,.F.,.F.,(4,1,1,
1,1,1,1,1,1,1,4),(0.,0.033455400319306,0.0914009591913904,0.166208261662181,
0.254721425508344,0.355085905441286,0.466043004984406,0.586666084398837,
0.71623605306739,0.854173815728353,1.),.UNSPECIFIED.);
#151=B_SPLINE_CURVE_WITH_KNOTS('',3,(#8958,#8959,#8960,#8961,#8962,#8963,
#8964,#8965,#8966,#8967,#8968,#8969,#8970),.UNSPECIFIED.,.F.,.F.,(4,1,1,
1,1,1,1,1,1,1,4),(0.,0.033455400319306,0.0914009591913904,0.166208261662181,
0.254721425508344,0.355085905441286,0.466043004984406,0.586666084398837,
0.71623605306739,0.854173815728353,1.),.UNSPECIFIED.);
#152=B_SPLINE_CURVE_WITH_KNOTS('',3,(#8978,#8979,#8980,#8981,#8982,#8983,
#8984,#8985,#8986,#8987,#8988,#8989,#8990),.UNSPECIFIED.,.F.,.F.,(4,1,1,
1,1,1,1,1,1,1,4),(0.,0.033455400319306,0.0914009591913904,0.166208261662181,
0.254721425508344,0.355085905441286,0.466043004984406,0.586666084398837,
0.71623605306739,0.854173815728353,1.),.UNSPECIFIED.);
#153=B_SPLINE_CURVE_WITH_KNOTS('',3,(#8991,#8992,#8993,#8994,#8995,#8996,
#8997,#8998,#8999,#9000,#9001,#9002,#9003),.UNSPECIFIED.,.F.,.F.,(4,1,1,
1,1,1,1,1,1,1,4),(0.,0.033455400319306,0.0914009591913904,0.166208261662181,
0.254721425508344,0.355085905441286,0.466043004984406,0.586666084398837,
0.71623605306739,0.854173815728353,1.),.UNSPECIFIED.);
#154=B_SPLINE_CURVE_WITH_KNOTS('',3,(#9011,#9012,#9013,#9014,#9015,#9016,
#9017,#9018,#9019,#9020,#9021,#9022,#9023),.UNSPECIFIED.,.F.,.F.,(4,1,1,
1,1,1,1,1,1,1,4),(0.,0.033455400319306,0.0914009591913904,0.166208261662181,
0.254721425508344,0.355085905441286,0.466043004984406,0.586666084398837,
0.71623605306739,0.854173815728353,1.),.UNSPECIFIED.);
#155=B_SPLINE_CURVE_WITH_KNOTS('',3,(#9024,#9025,#9026,#9027,#9028,#9029,
#9030,#9031,#9032,#9033,#9034,#9035,#9036),.UNSPECIFIED.,.F.,.F.,(4,1,1,
1,1,1,1,1,1,1,4),(0.,0.033455400319306,0.0914009591913904,0.166208261662181,
0.254721425508344,0.355085905441286,0.466043004984406,0.586666084398837,
0.71623605306739,0.854173815728353,1.),.UNSPECIFIED.);
#156=B_SPLINE_CURVE_WITH_KNOTS('',3,(#9044,#9045,#9046,#9047,#9048,#9049,
#9050,#9051,#9052,#9053,#9054,#9055,#9056),.UNSPECIFIED.,.F.,.F.,(4,1,1,
1,1,1,1,1,1,1,4),(0.,0.033455400319306,0.0914009591913904,0.166208261662181,
0.254721425508344,0.355085905441286,0.466043004984406,0.586666084398837,
0.71623605306739,0.854173815728353,1.),.UNSPECIFIED.);
#157=B_SPLINE_CURVE_WITH_KNOTS('',3,(#9057,#9058,#9059,#9060,#9061,#9062,
#9063,#9064,#9065,#9066,#9067,#9068,#9069),.UNSPECIFIED.,.F.,.F.,(4,1,1,
1,1,1,1,1,1,1,4),(0.,0.033455400319306,0.0914009591913904,0.166208261662181,
0.254721425508344,0.355085905441286,0.466043004984406,0.586666084398837,
0.71623605306739,0.854173815728353,1.),.UNSPECIFIED.);
#158=B_SPLINE_CURVE_WITH_KNOTS('',3,(#9077,#9078,#9079,#9080,#9081,#9082,
#9083,#9084,#9085,#9086,#9087,#9088,#9089),.UNSPECIFIED.,.F.,.F.,(4,1,1,
1,1,1,1,1,1,1,4),(0.,0.033455400319306,0.0914009591913904,0.166208261662181,
0.254721425508344,0.355085905441286,0.466043004984406,0.586666084398837,
0.71623605306739,0.854173815728353,1.),.UNSPECIFIED.);
#159=B_SPLINE_CURVE_WITH_KNOTS('',3,(#9090,#9091,#9092,#9093,#9094,#9095,
#9096,#9097,#9098,#9099,#9100,#9101,#9102),.UNSPECIFIED.,.F.,.F.,(4,1,1,
1,1,1,1,1,1,1,4),(0.,0.033455400319306,0.0914009591913904,0.166208261662181,
0.254721425508344,0.355085905441286,0.466043004984406,0.586666084398837,
0.71623605306739,0.854173815728353,1.),.UNSPECIFIED.);
#160=B_SPLINE_CURVE_WITH_KNOTS('',3,(#9110,#9111,#9112,#9113,#9114,#9115,
#9116,#9117,#9118,#9119,#9120,#9121,#9122),.UNSPECIFIED.,.F.,.F.,(4,1,1,
1,1,1,1,1,1,1,4),(0.,0.033455400319306,0.0914009591913904,0.166208261662181,
0.254721425508344,0.355085905441286,0.466043004984406,0.586666084398837,
0.71623605306739,0.854173815728353,1.),.UNSPECIFIED.);
#161=B_SPLINE_CURVE_WITH_KNOTS('',3,(#9123,#9124,#9125,#9126,#9127,#9128,
#9129,#9130,#9131,#9132,#9133,#9134,#9135),.UNSPECIFIED.,.F.,.F.,(4,1,1,
1,1,1,1,1,1,1,4),(0.,0.033455400319306,0.0914009591913904,0.166208261662181,
0.254721425508344,0.355085905441286,0.466043004984406,0.586666084398837,
0.71623605306739,0.854173815728353,1.),.UNSPECIFIED.);
#162=B_SPLINE_CURVE_WITH_KNOTS('',3,(#9143,#9144,#9145,#9146,#9147,#9148,
#9149,#9150,#9151,#9152,#9153,#9154,#9155),.UNSPECIFIED.,.F.,.F.,(4,1,1,
1,1,1,1,1,1,1,4),(0.,0.033455400319306,0.0914009591913904,0.166208261662181,
0.254721425508344,0.355085905441286,0.466043004984406,0.586666084398837,
0.71623605306739,0.854173815728353,1.),.UNSPECIFIED.);
#163=B_SPLINE_CURVE_WITH_KNOTS('',3,(#9156,#9157,#9158,#9159,#9160,#9161,
#9162,#9163,#9164,#9165,#9166,#9167,#9168),.UNSPECIFIED.,.F.,.F.,(4,1,1,
1,1,1,1,1,1,1,4),(0.,0.033455400319306,0.0914009591913904,0.166208261662181,
0.254721425508344,0.355085905441286,0.466043004984406,0.586666084398837,
0.71623605306739,0.854173815728353,1.),.UNSPECIFIED.);
#164=B_SPLINE_CURVE_WITH_KNOTS('',3,(#9176,#9177,#9178,#9179,#9180,#9181,
#9182,#9183,#9184,#9185,#9186,#9187,#9188),.UNSPECIFIED.,.F.,.F.,(4,1,1,
1,1,1,1,1,1,1,4),(0.,0.033455400319306,0.0914009591913904,0.166208261662181,
0.254721425508344,0.355085905441286,0.466043004984406,0.586666084398837,
0.71623605306739,0.854173815728353,1.),.UNSPECIFIED.);
#165=B_SPLINE_CURVE_WITH_KNOTS('',3,(#9189,#9190,#9191,#9192,#9193,#9194,
#9195,#9196,#9197,#9198,#9199,#9200,#9201),.UNSPECIFIED.,.F.,.F.,(4,1,1,
1,1,1,1,1,1,1,4),(0.,0.033455400319306,0.0914009591913904,0.166208261662181,
0.254721425508344,0.355085905441286,0.466043004984406,0.586666084398837,
0.71623605306739,0.854173815728353,1.),.UNSPECIFIED.);
#166=B_SPLINE_CURVE_WITH_KNOTS('',3,(#9209,#9210,#9211,#9212,#9213,#9214,
#9215,#9216,#9217,#9218,#9219,#9220,#9221),.UNSPECIFIED.,.F.,.F.,(4,1,1,
1,1,1,1,1,1,1,4),(0.,0.033455400319306,0.0914009591913904,0.166208261662181,
0.254721425508344,0.355085905441286,0.466043004984406,0.586666084398837,
0.71623605306739,0.854173815728353,1.),.UNSPECIFIED.);
#167=B_SPLINE_CURVE_WITH_KNOTS('',3,(#9222,#9223,#9224,#9225,#9226,#9227,
#9228,#9229,#9230,#9231,#9232,#9233,#9234),.UNSPECIFIED.,.F.,.F.,(4,1,1,
1,1,1,1,1,1,1,4),(0.,0.033455400319306,0.0914009591913904,0.166208261662181,
0.254721425508344,0.355085905441286,0.466043004984406,0.586666084398837,
0.71623605306739,0.854173815728353,1.),.UNSPECIFIED.);
#168=B_SPLINE_CURVE_WITH_KNOTS('',3,(#9242,#9243,#9244,#9245,#9246,#9247,
#9248,#9249,#9250,#9251,#9252,#9253,#9254),.UNSPECIFIED.,.F.,.F.,(4,1,1,
1,1,1,1,1,1,1,4),(0.,0.033455400319306,0.0914009591913904,0.166208261662181,
0.254721425508344,0.355085905441286,0.466043004984406,0.586666084398837,
0.71623605306739,0.854173815728353,1.),.UNSPECIFIED.);
#169=B_SPLINE_CURVE_WITH_KNOTS('',3,(#9255,#9256,#9257,#9258,#9259,#9260,
#9261,#9262,#9263,#9264,#9265,#9266,#9267),.UNSPECIFIED.,.F.,.F.,(4,1,1,
1,1,1,1,1,1,1,4),(0.,0.033455400319306,0.0914009591913904,0.166208261662181,
0.254721425508344,0.355085905441286,0.466043004984406,0.586666084398837,
0.71623605306739,0.854173815728353,1.),.UNSPECIFIED.);
#170=B_SPLINE_CURVE_WITH_KNOTS('',3,(#9275,#9276,#9277,#9278,#9279,#9280,
#9281,#9282,#9283,#9284,#9285,#9286,#9287),.UNSPECIFIED.,.F.,.F.,(4,1,1,
1,1,1,1,1,1,1,4),(0.,0.033455400319306,0.0914009591913904,0.166208261662181,
0.254721425508344,0.355085905441286,0.466043004984406,0.586666084398837,
0.71623605306739,0.854173815728353,1.),.UNSPECIFIED.);
#171=B_SPLINE_CURVE_WITH_KNOTS('',3,(#9288,#9289,#9290,#9291,#9292,#9293,
#9294,#9295,#9296,#9297,#9298,#9299,#9300),.UNSPECIFIED.,.F.,.F.,(4,1,1,
1,1,1,1,1,1,1,4),(0.,0.033455400319306,0.0914009591913904,0.166208261662181,
0.254721425508344,0.355085905441286,0.466043004984406,0.586666084398837,
0.71623605306739,0.854173815728353,1.),.UNSPECIFIED.);
#172=B_SPLINE_CURVE_WITH_KNOTS('',3,(#9308,#9309,#9310,#9311,#9312,#9313,
#9314,#9315,#9316,#9317,#9318,#9319,#9320),.UNSPECIFIED.,.F.,.F.,(4,1,1,
1,1,1,1,1,1,1,4),(0.,0.033455400319306,0.0914009591913904,0.166208261662181,
0.254721425508344,0.355085905441286,0.466043004984406,0.586666084398837,
0.71623605306739,0.854173815728353,1.),.UNSPECIFIED.);
#173=B_SPLINE_CURVE_WITH_KNOTS('',3,(#9321,#9322,#9323,#9324,#9325,#9326,
#9327,#9328,#9329,#9330,#9331,#9332,#9333),.UNSPECIFIED.,.F.,.F.,(4,1,1,
1,1,1,1,1,1,1,4),(0.,0.033455400319306,0.0914009591913904,0.166208261662181,
0.254721425508344,0.355085905441286,0.466043004984406,0.586666084398837,
0.71623605306739,0.854173815728353,1.),.UNSPECIFIED.);
#174=B_SPLINE_CURVE_WITH_KNOTS('',3,(#9341,#9342,#9343,#9344,#9345,#9346,
#9347,#9348,#9349,#9350,#9351,#9352,#9353),.UNSPECIFIED.,.F.,.F.,(4,1,1,
1,1,1,1,1,1,1,4),(0.,0.033455400319306,0.0914009591913904,0.166208261662181,
0.254721425508344,0.355085905441286,0.466043004984406,0.586666084398837,
0.71623605306739,0.854173815728353,1.),.UNSPECIFIED.);
#175=B_SPLINE_CURVE_WITH_KNOTS('',3,(#9354,#9355,#9356,#9357,#9358,#9359,
#9360,#9361,#9362,#9363,#9364,#9365,#9366),.UNSPECIFIED.,.F.,.F.,(4,1,1,
1,1,1,1,1,1,1,4),(0.,0.033455400319306,0.0914009591913904,0.166208261662181,
0.254721425508344,0.355085905441286,0.466043004984406,0.586666084398837,
0.71623605306739,0.854173815728353,1.),.UNSPECIFIED.);
#176=B_SPLINE_CURVE_WITH_KNOTS('',3,(#9374,#9375,#9376,#9377,#9378,#9379,
#9380,#9381,#9382,#9383,#9384,#9385,#9386),.UNSPECIFIED.,.F.,.F.,(4,1,1,
1,1,1,1,1,1,1,4),(0.,0.033455400319306,0.0914009591913904,0.166208261662181,
0.254721425508344,0.355085905441286,0.466043004984406,0.586666084398837,
0.71623605306739,0.854173815728353,1.),.UNSPECIFIED.);
#177=B_SPLINE_CURVE_WITH_KNOTS('',3,(#9387,#9388,#9389,#9390,#9391,#9392,
#9393,#9394,#9395,#9396,#9397,#9398,#9399),.UNSPECIFIED.,.F.,.F.,(4,1,1,
1,1,1,1,1,1,1,4),(0.,0.033455400319306,0.0914009591913904,0.166208261662181,
0.254721425508344,0.355085905441286,0.466043004984406,0.586666084398837,
0.71623605306739,0.854173815728353,1.),.UNSPECIFIED.);
#178=B_SPLINE_CURVE_WITH_KNOTS('',3,(#9407,#9408,#9409,#9410,#9411,#9412,
#9413,#9414,#9415,#9416,#9417,#9418,#9419),.UNSPECIFIED.,.F.,.F.,(4,1,1,
1,1,1,1,1,1,1,4),(0.,0.033455400319306,0.0914009591913904,0.166208261662181,
0.254721425508344,0.355085905441286,0.466043004984406,0.586666084398837,
0.71623605306739,0.854173815728353,1.),.UNSPECIFIED.);
#179=B_SPLINE_CURVE_WITH_KNOTS('',3,(#9420,#9421,#9422,#9423,#9424,#9425,
#9426,#9427,#9428,#9429,#9430,#9431,#9432),.UNSPECIFIED.,.F.,.F.,(4,1,1,
1,1,1,1,1,1,1,4),(0.,0.033455400319306,0.0914009591913904,0.166208261662181,
0.254721425508344,0.355085905441286,0.466043004984406,0.586666084398837,
0.71623605306739,0.854173815728353,1.),.UNSPECIFIED.);
#180=B_SPLINE_CURVE_WITH_KNOTS('',3,(#9440,#9441,#9442,#9443,#9444,#9445,
#9446,#9447,#9448,#9449,#9450,#9451,#9452),.UNSPECIFIED.,.F.,.F.,(4,1,1,
1,1,1,1,1,1,1,4),(0.,0.033455400319306,0.0914009591913904,0.166208261662181,
0.254721425508344,0.355085905441286,0.466043004984406,0.586666084398837,
0.71623605306739,0.854173815728353,1.),.UNSPECIFIED.);
#181=B_SPLINE_CURVE_WITH_KNOTS('',3,(#9453,#9454,#9455,#9456,#9457,#9458,
#9459,#9460,#9461,#9462,#9463,#9464,#9465),.UNSPECIFIED.,.F.,.F.,(4,1,1,
1,1,1,1,1,1,1,4),(0.,0.033455400319306,0.0914009591913904,0.166208261662181,
0.254721425508344,0.355085905441286,0.466043004984406,0.586666084398837,
0.71623605306739,0.854173815728353,1.),.UNSPECIFIED.);
#182=B_SPLINE_CURVE_WITH_KNOTS('',3,(#9473,#9474,#9475,#9476,#9477,#9478,
#9479,#9480,#9481,#9482,#9483,#9484,#9485),.UNSPECIFIED.,.F.,.F.,(4,1,1,
1,1,1,1,1,1,1,4),(0.,0.033455400319306,0.0914009591913904,0.166208261662181,
0.254721425508344,0.355085905441286,0.466043004984406,0.586666084398837,
0.71623605306739,0.854173815728353,1.),.UNSPECIFIED.);
#183=B_SPLINE_CURVE_WITH_KNOTS('',3,(#9486,#9487,#9488,#9489,#9490,#9491,
#9492,#9493,#9494,#9495,#9496,#9497,#9498),.UNSPECIFIED.,.F.,.F.,(4,1,1,
1,1,1,1,1,1,1,4),(0.,0.033455400319306,0.0914009591913904,0.166208261662181,
0.254721425508344,0.355085905441286,0.466043004984406,0.586666084398837,
0.71623605306739,0.854173815728353,1.),.UNSPECIFIED.);
#184=B_SPLINE_CURVE_WITH_KNOTS('',3,(#9506,#9507,#9508,#9509,#9510,#9511,
#9512,#9513,#9514,#9515,#9516,#9517,#9518),.UNSPECIFIED.,.F.,.F.,(4,1,1,
1,1,1,1,1,1,1,4),(0.,0.033455400319306,0.0914009591913904,0.166208261662181,
0.254721425508344,0.355085905441286,0.466043004984406,0.586666084398837,
0.71623605306739,0.854173815728353,1.),.UNSPECIFIED.);
#185=B_SPLINE_CURVE_WITH_KNOTS('',3,(#9519,#9520,#9521,#9522,#9523,#9524,
#9525,#9526,#9527,#9528,#9529,#9530,#9531),.UNSPECIFIED.,.F.,.F.,(4,1,1,
1,1,1,1,1,1,1,4),(0.,0.033455400319306,0.0914009591913904,0.166208261662181,
0.254721425508344,0.355085905441286,0.466043004984406,0.586666084398837,
0.71623605306739,0.854173815728353,1.),.UNSPECIFIED.);
#186=B_SPLINE_CURVE_WITH_KNOTS('',3,(#9539,#9540,#9541,#9542,#9543,#9544,
#9545,#9546,#9547,#9548,#9549,#9550,#9551),.UNSPECIFIED.,.F.,.F.,(4,1,1,
1,1,1,1,1,1,1,4),(0.,0.033455400319306,0.0914009591913904,0.166208261662181,
0.254721425508344,0.355085905441286,0.466043004984406,0.586666084398837,
0.71623605306739,0.854173815728353,1.),.UNSPECIFIED.);
#187=B_SPLINE_CURVE_WITH_KNOTS('',3,(#9552,#9553,#9554,#9555,#9556,#9557,
#9558,#9559,#9560,#9561,#9562,#9563,#9564),.UNSPECIFIED.,.F.,.F.,(4,1,1,
1,1,1,1,1,1,1,4),(0.,0.033455400319306,0.0914009591913904,0.166208261662181,
0.254721425508344,0.355085905441286,0.466043004984406,0.586666084398837,
0.71623605306739,0.854173815728353,1.),.UNSPECIFIED.);
#188=B_SPLINE_CURVE_WITH_KNOTS('',3,(#9572,#9573,#9574,#9575,#9576,#9577,
#9578,#9579,#9580,#9581,#9582,#9583,#9584),.UNSPECIFIED.,.F.,.F.,(4,1,1,
1,1,1,1,1,1,1,4),(0.,0.033455400319306,0.0914009591913904,0.166208261662181,
0.254721425508344,0.355085905441286,0.466043004984406,0.586666084398837,
0.71623605306739,0.854173815728353,1.),.UNSPECIFIED.);
#189=B_SPLINE_CURVE_WITH_KNOTS('',3,(#9585,#9586,#9587,#9588,#9589,#9590,
#9591,#9592,#9593,#9594,#9595,#9596,#9597),.UNSPECIFIED.,.F.,.F.,(4,1,1,
1,1,1,1,1,1,1,4),(0.,0.033455400319306,0.0914009591913904,0.166208261662181,
0.254721425508344,0.355085905441286,0.466043004984406,0.586666084398837,
0.71623605306739,0.854173815728353,1.),.UNSPECIFIED.);
#190=B_SPLINE_CURVE_WITH_KNOTS('',3,(#9605,#9606,#9607,#9608,#9609,#9610,
#9611,#9612,#9613,#9614,#9615,#9616,#9617),.UNSPECIFIED.,.F.,.F.,(4,1,1,
1,1,1,1,1,1,1,4),(0.,0.033455400319306,0.0914009591913904,0.166208261662181,
0.254721425508344,0.355085905441286,0.466043004984406,0.586666084398837,
0.71623605306739,0.854173815728353,1.),.UNSPECIFIED.);
#191=B_SPLINE_CURVE_WITH_KNOTS('',3,(#9618,#9619,#9620,#9621,#9622,#9623,
#9624,#9625,#9626,#9627,#9628,#9629,#9630),.UNSPECIFIED.,.F.,.F.,(4,1,1,
1,1,1,1,1,1,1,4),(0.,0.033455400319306,0.0914009591913904,0.166208261662181,
0.254721425508344,0.355085905441286,0.466043004984406,0.586666084398837,
0.71623605306739,0.854173815728353,1.),.UNSPECIFIED.);
#192=B_SPLINE_CURVE_WITH_KNOTS('',3,(#9638,#9639,#9640,#9641,#9642,#9643,
#9644,#9645,#9646,#9647,#9648,#9649,#9650),.UNSPECIFIED.,.F.,.F.,(4,1,1,
1,1,1,1,1,1,1,4),(0.,0.033455400319306,0.0914009591913904,0.166208261662181,
0.254721425508344,0.355085905441286,0.466043004984406,0.586666084398837,
0.71623605306739,0.854173815728353,1.),.UNSPECIFIED.);
#193=B_SPLINE_CURVE_WITH_KNOTS('',3,(#9651,#9652,#9653,#9654,#9655,#9656,
#9657,#9658,#9659,#9660,#9661,#9662,#9663),.UNSPECIFIED.,.F.,.F.,(4,1,1,
1,1,1,1,1,1,1,4),(0.,0.033455400319306,0.0914009591913904,0.166208261662181,
0.254721425508344,0.355085905441286,0.466043004984406,0.586666084398837,
0.71623605306739,0.854173815728353,1.),.UNSPECIFIED.);
#194=B_SPLINE_CURVE_WITH_KNOTS('',3,(#9671,#9672,#9673,#9674,#9675,#9676,
#9677,#9678,#9679,#9680,#9681,#9682,#9683),.UNSPECIFIED.,.F.,.F.,(4,1,1,
1,1,1,1,1,1,1,4),(0.,0.033455400319306,0.0914009591913904,0.166208261662181,
0.254721425508344,0.355085905441286,0.466043004984406,0.586666084398837,
0.71623605306739,0.854173815728353,1.),.UNSPECIFIED.);
#195=B_SPLINE_CURVE_WITH_KNOTS('',3,(#9684,#9685,#9686,#9687,#9688,#9689,
#9690,#9691,#9692,#9693,#9694,#9695,#9696),.UNSPECIFIED.,.F.,.F.,(4,1,1,
1,1,1,1,1,1,1,4),(0.,0.033455400319306,0.0914009591913904,0.166208261662181,
0.254721425508344,0.355085905441286,0.466043004984406,0.586666084398837,
0.71623605306739,0.854173815728353,1.),.UNSPECIFIED.);
#196=B_SPLINE_CURVE_WITH_KNOTS('',3,(#9704,#9705,#9706,#9707,#9708,#9709,
#9710,#9711,#9712,#9713,#9714,#9715,#9716),.UNSPECIFIED.,.F.,.F.,(4,1,1,
1,1,1,1,1,1,1,4),(0.,0.033455400319306,0.0914009591913904,0.166208261662181,
0.254721425508344,0.355085905441286,0.466043004984406,0.586666084398837,
0.71623605306739,0.854173815728353,1.),.UNSPECIFIED.);
#197=B_SPLINE_CURVE_WITH_KNOTS('',3,(#9717,#9718,#9719,#9720,#9721,#9722,
#9723,#9724,#9725,#9726,#9727,#9728,#9729),.UNSPECIFIED.,.F.,.F.,(4,1,1,
1,1,1,1,1,1,1,4),(0.,0.033455400319306,0.0914009591913904,0.166208261662181,
0.254721425508344,0.355085905441286,0.466043004984406,0.586666084398837,
0.71623605306739,0.854173815728353,1.),.UNSPECIFIED.);
#198=B_SPLINE_CURVE_WITH_KNOTS('',3,(#9737,#9738,#9739,#9740,#9741,#9742,
#9743,#9744,#9745,#9746,#9747,#9748,#9749),.UNSPECIFIED.,.F.,.F.,(4,1,1,
1,1,1,1,1,1,1,4),(0.,0.033455400319306,0.0914009591913904,0.166208261662181,
0.254721425508344,0.355085905441286,0.466043004984406,0.586666084398837,
0.71623605306739,0.854173815728353,1.),.UNSPECIFIED.);
#199=B_SPLINE_CURVE_WITH_KNOTS('',3,(#9750,#9751,#9752,#9753,#9754,#9755,
#9756,#9757,#9758,#9759,#9760,#9761,#9762),.UNSPECIFIED.,.F.,.F.,(4,1,1,
1,1,1,1,1,1,1,4),(0.,0.033455400319306,0.0914009591913904,0.166208261662181,
0.254721425508344,0.355085905441286,0.466043004984406,0.586666084398837,
0.71623605306739,0.854173815728353,1.),.UNSPECIFIED.);
#200=B_SPLINE_CURVE_WITH_KNOTS('',3,(#9770,#9771,#9772,#9773,#9774,#9775,
#9776,#9777,#9778,#9779,#9780,#9781,#9782),.UNSPECIFIED.,.F.,.F.,(4,1,1,
1,1,1,1,1,1,1,4),(0.,0.033455400319306,0.0914009591913904,0.166208261662181,
0.254721425508344,0.355085905441286,0.466043004984406,0.586666084398837,
0.71623605306739,0.854173815728353,1.),.UNSPECIFIED.);
#201=B_SPLINE_CURVE_WITH_KNOTS('',3,(#9783,#9784,#9785,#9786,#9787,#9788,
#9789,#9790,#9791,#9792,#9793,#9794,#9795),.UNSPECIFIED.,.F.,.F.,(4,1,1,
1,1,1,1,1,1,1,4),(0.,0.033455400319306,0.0914009591913904,0.166208261662181,
0.254721425508344,0.355085905441286,0.466043004984406,0.586666084398837,
0.71623605306739,0.854173815728353,1.),.UNSPECIFIED.);
#202=B_SPLINE_CURVE_WITH_KNOTS('',3,(#9803,#9804,#9805,#9806,#9807,#9808,
#9809,#9810,#9811,#9812,#9813,#9814,#9815),.UNSPECIFIED.,.F.,.F.,(4,1,1,
1,1,1,1,1,1,1,4),(0.,0.033455400319306,0.0914009591913904,0.166208261662181,
0.254721425508344,0.355085905441286,0.466043004984406,0.586666084398837,
0.71623605306739,0.854173815728353,1.),.UNSPECIFIED.);
#203=B_SPLINE_CURVE_WITH_KNOTS('',3,(#9816,#9817,#9818,#9819,#9820,#9821,
#9822,#9823,#9824,#9825,#9826,#9827,#9828),.UNSPECIFIED.,.F.,.F.,(4,1,1,
1,1,1,1,1,1,1,4),(0.,0.033455400319306,0.0914009591913904,0.166208261662181,
0.254721425508344,0.355085905441286,0.466043004984406,0.586666084398837,
0.71623605306739,0.854173815728353,1.),.UNSPECIFIED.);
#204=B_SPLINE_CURVE_WITH_KNOTS('',3,(#9836,#9837,#9838,#9839,#9840,#9841,
#9842,#9843,#9844,#9845,#9846,#9847,#9848),.UNSPECIFIED.,.F.,.F.,(4,1,1,
1,1,1,1,1,1,1,4),(0.,0.033455400319306,0.0914009591913904,0.166208261662181,
0.254721425508344,0.355085905441286,0.466043004984406,0.586666084398837,
0.71623605306739,0.854173815728353,1.),.UNSPECIFIED.);
#205=B_SPLINE_CURVE_WITH_KNOTS('',3,(#9849,#9850,#9851,#9852,#9853,#9854,
#9855,#9856,#9857,#9858,#9859,#9860,#9861),.UNSPECIFIED.,.F.,.F.,(4,1,1,
1,1,1,1,1,1,1,4),(0.,0.033455400319306,0.0914009591913904,0.166208261662181,
0.254721425508344,0.355085905441286,0.466043004984406,0.586666084398837,
0.71623605306739,0.854173815728353,1.),.UNSPECIFIED.);
#206=B_SPLINE_CURVE_WITH_KNOTS('',3,(#9869,#9870,#9871,#9872,#9873,#9874,
#9875,#9876,#9877,#9878,#9879,#9880,#9881),.UNSPECIFIED.,.F.,.F.,(4,1,1,
1,1,1,1,1,1,1,4),(0.,0.033455400319306,0.0914009591913904,0.166208261662181,
0.254721425508344,0.355085905441286,0.466043004984406,0.586666084398837,
0.71623605306739,0.854173815728353,1.),.UNSPECIFIED.);
#207=B_SPLINE_CURVE_WITH_KNOTS('',3,(#9882,#9883,#9884,#9885,#9886,#9887,
#9888,#9889,#9890,#9891,#9892,#9893,#9894),.UNSPECIFIED.,.F.,.F.,(4,1,1,
1,1,1,1,1,1,1,4),(0.,0.033455400319306,0.0914009591913904,0.166208261662181,
0.254721425508344,0.355085905441286,0.466043004984406,0.586666084398837,
0.71623605306739,0.854173815728353,1.),.UNSPECIFIED.);
#208=B_SPLINE_CURVE_WITH_KNOTS('',3,(#9902,#9903,#9904,#9905,#9906,#9907,
#9908,#9909,#9910,#9911,#9912,#9913,#9914),.UNSPECIFIED.,.F.,.F.,(4,1,1,
1,1,1,1,1,1,1,4),(0.,0.033455400319306,0.0914009591913904,0.166208261662181,
0.254721425508344,0.355085905441286,0.466043004984406,0.586666084398837,
0.71623605306739,0.854173815728353,1.),.UNSPECIFIED.);
#209=B_SPLINE_CURVE_WITH_KNOTS('',3,(#9918,#9919,#9920,#9921,#9922,#9923,
#9924,#9925,#9926,#9927,#9928,#9929,#9930),.UNSPECIFIED.,.F.,.F.,(4,1,1,
1,1,1,1,1,1,1,4),(0.,0.033455400319306,0.0914009591913904,0.166208261662181,
0.254721425508344,0.355085905441286,0.466043004984406,0.586666084398837,
0.71623605306739,0.854173815728353,1.),.UNSPECIFIED.);
#210=B_SPLINE_CURVE_WITH_KNOTS('',3,(#9938,#9939,#9940,#9941,#9942,#9943,
#9944,#9945,#9946,#9947,#9948,#9949,#9950),.UNSPECIFIED.,.F.,.F.,(4,1,1,
1,1,1,1,1,1,1,4),(0.,0.033455400319306,0.0914009591913904,0.166208261662181,
0.254721425508344,0.355085905441286,0.466043004984406,0.586666084398837,
0.71623605306739,0.854173815728353,1.),.UNSPECIFIED.);
#211=B_SPLINE_CURVE_WITH_KNOTS('',3,(#9951,#9952,#9953,#9954,#9955,#9956,
#9957,#9958,#9959,#9960,#9961,#9962,#9963),.UNSPECIFIED.,.F.,.F.,(4,1,1,
1,1,1,1,1,1,1,4),(0.,0.033455400319306,0.0914009591913904,0.166208261662181,
0.254721425508344,0.355085905441286,0.466043004984406,0.586666084398837,
0.71623605306739,0.854173815728353,1.),.UNSPECIFIED.);
#212=B_SPLINE_CURVE_WITH_KNOTS('',3,(#9980,#9981,#9982,#9983,#9984,#9985,
#9986,#9987,#9988,#9989,#9990,#9991,#9992),.UNSPECIFIED.,.F.,.F.,(4,1,1,
1,1,1,1,1,1,1,4),(0.,0.033455400319306,0.0914009591913904,0.166208261662181,
0.254721425508344,0.355085905441286,0.466043004984406,0.586666084398837,
0.71623605306739,0.854173815728353,1.),.UNSPECIFIED.);
#213=B_SPLINE_CURVE_WITH_KNOTS('',3,(#9993,#9994,#9995,#9996,#9997,#9998,
#9999,#10000,#10001,#10002,#10003,#10004,#10005),.UNSPECIFIED.,.F.,.F.,
(4,1,1,1,1,1,1,1,1,1,4),(0.,0.033455400319306,0.0914009591913904,0.166208261662181,
0.254721425508344,0.355085905441286,0.466043004984406,0.586666084398837,
0.71623605306739,0.854173815728353,1.),.UNSPECIFIED.);
#214=B_SPLINE_CURVE_WITH_KNOTS('',3,(#10013,#10014,#10015,#10016,#10017,
#10018,#10019,#10020,#10021,#10022,#10023,#10024,#10025),.UNSPECIFIED.,
 .F.,.F.,(4,1,1,1,1,1,1,1,1,1,4),(0.,0.033455400319306,0.0914009591913904,
0.166208261662181,0.254721425508344,0.355085905441286,0.466043004984406,
0.586666084398837,0.71623605306739,0.854173815728353,1.),.UNSPECIFIED.);
#215=B_SPLINE_CURVE_WITH_KNOTS('',3,(#10026,#10027,#10028,#10029,#10030,
#10031,#10032,#10033,#10034,#10035,#10036,#10037,#10038),.UNSPECIFIED.,
 .F.,.F.,(4,1,1,1,1,1,1,1,1,1,4),(0.,0.033455400319306,0.0914009591913904,
0.166208261662181,0.254721425508344,0.355085905441286,0.466043004984406,
0.586666084398837,0.71623605306739,0.854173815728353,1.),.UNSPECIFIED.);
#216=B_SPLINE_CURVE_WITH_KNOTS('',3,(#10046,#10047,#10048,#10049,#10050,
#10051,#10052,#10053,#10054,#10055,#10056,#10057,#10058),.UNSPECIFIED.,
 .F.,.F.,(4,1,1,1,1,1,1,1,1,1,4),(0.,0.033455400319306,0.0914009591913904,
0.166208261662181,0.254721425508344,0.355085905441286,0.466043004984406,
0.586666084398837,0.71623605306739,0.854173815728353,1.),.UNSPECIFIED.);
#217=B_SPLINE_CURVE_WITH_KNOTS('',3,(#10059,#10060,#10061,#10062,#10063,
#10064,#10065,#10066,#10067,#10068,#10069,#10070,#10071),.UNSPECIFIED.,
 .F.,.F.,(4,1,1,1,1,1,1,1,1,1,4),(0.,0.033455400319306,0.0914009591913904,
0.166208261662181,0.254721425508344,0.355085905441286,0.466043004984406,
0.586666084398837,0.71623605306739,0.854173815728353,1.),.UNSPECIFIED.);
#218=B_SPLINE_CURVE_WITH_KNOTS('',3,(#10079,#10080,#10081,#10082,#10083,
#10084,#10085,#10086,#10087,#10088,#10089,#10090,#10091),.UNSPECIFIED.,
 .F.,.F.,(4,1,1,1,1,1,1,1,1,1,4),(0.,0.033455400319306,0.0914009591913904,
0.166208261662181,0.254721425508344,0.355085905441286,0.466043004984406,
0.586666084398837,0.71623605306739,0.854173815728353,1.),.UNSPECIFIED.);
#219=B_SPLINE_CURVE_WITH_KNOTS('',3,(#10092,#10093,#10094,#10095,#10096,
#10097,#10098,#10099,#10100,#10101,#10102,#10103,#10104),.UNSPECIFIED.,
 .F.,.F.,(4,1,1,1,1,1,1,1,1,1,4),(0.,0.033455400319306,0.0914009591913904,
0.166208261662181,0.254721425508344,0.355085905441286,0.466043004984406,
0.586666084398837,0.71623605306739,0.854173815728353,1.),.UNSPECIFIED.);
#220=B_SPLINE_CURVE_WITH_KNOTS('',3,(#10112,#10113,#10114,#10115,#10116,
#10117,#10118,#10119,#10120,#10121,#10122,#10123,#10124),.UNSPECIFIED.,
 .F.,.F.,(4,1,1,1,1,1,1,1,1,1,4),(0.,0.033455400319306,0.0914009591913904,
0.166208261662181,0.254721425508344,0.355085905441286,0.466043004984406,
0.586666084398837,0.71623605306739,0.854173815728353,1.),.UNSPECIFIED.);
#221=B_SPLINE_CURVE_WITH_KNOTS('',3,(#10125,#10126,#10127,#10128,#10129,
#10130,#10131,#10132,#10133,#10134,#10135,#10136,#10137),.UNSPECIFIED.,
 .F.,.F.,(4,1,1,1,1,1,1,1,1,1,4),(0.,0.033455400319306,0.0914009591913904,
0.166208261662181,0.254721425508344,0.355085905441286,0.466043004984406,
0.586666084398837,0.71623605306739,0.854173815728353,1.),.UNSPECIFIED.);
#222=B_SPLINE_CURVE_WITH_KNOTS('',3,(#10145,#10146,#10147,#10148,#10149,
#10150,#10151,#10152,#10153,#10154,#10155,#10156,#10157),.UNSPECIFIED.,
 .F.,.F.,(4,1,1,1,1,1,1,1,1,1,4),(0.,0.033455400319306,0.0914009591913904,
0.166208261662181,0.254721425508344,0.355085905441286,0.466043004984406,
0.586666084398837,0.71623605306739,0.854173815728353,1.),.UNSPECIFIED.);
#223=B_SPLINE_CURVE_WITH_KNOTS('',3,(#10158,#10159,#10160,#10161,#10162,
#10163,#10164,#10165,#10166,#10167,#10168,#10169,#10170),.UNSPECIFIED.,
 .F.,.F.,(4,1,1,1,1,1,1,1,1,1,4),(0.,0.033455400319306,0.0914009591913904,
0.166208261662181,0.254721425508344,0.355085905441286,0.466043004984406,
0.586666084398837,0.71623605306739,0.854173815728353,1.),.UNSPECIFIED.);
#224=B_SPLINE_CURVE_WITH_KNOTS('',3,(#10178,#10179,#10180,#10181,#10182,
#10183,#10184,#10185,#10186,#10187,#10188,#10189,#10190),.UNSPECIFIED.,
 .F.,.F.,(4,1,1,1,1,1,1,1,1,1,4),(0.,0.033455400319306,0.0914009591913904,
0.166208261662181,0.254721425508344,0.355085905441286,0.466043004984406,
0.586666084398837,0.71623605306739,0.854173815728353,1.),.UNSPECIFIED.);
#225=B_SPLINE_CURVE_WITH_KNOTS('',3,(#10191,#10192,#10193,#10194,#10195,
#10196,#10197,#10198,#10199,#10200,#10201,#10202,#10203),.UNSPECIFIED.,
 .F.,.F.,(4,1,1,1,1,1,1,1,1,1,4),(0.,0.033455400319306,0.0914009591913904,
0.166208261662181,0.254721425508344,0.355085905441286,0.466043004984406,
0.586666084398837,0.71623605306739,0.854173815728353,1.),.UNSPECIFIED.);
#226=B_SPLINE_CURVE_WITH_KNOTS('',3,(#10211,#10212,#10213,#10214,#10215,
#10216,#10217,#10218,#10219,#10220,#10221,#10222,#10223),.UNSPECIFIED.,
 .F.,.F.,(4,1,1,1,1,1,1,1,1,1,4),(0.,0.033455400319306,0.0914009591913904,
0.166208261662181,0.254721425508344,0.355085905441286,0.466043004984406,
0.586666084398837,0.71623605306739,0.854173815728353,1.),.UNSPECIFIED.);
#227=B_SPLINE_CURVE_WITH_KNOTS('',3,(#10224,#10225,#10226,#10227,#10228,
#10229,#10230,#10231,#10232,#10233,#10234,#10235,#10236),.UNSPECIFIED.,
 .F.,.F.,(4,1,1,1,1,1,1,1,1,1,4),(0.,0.033455400319306,0.0914009591913904,
0.166208261662181,0.254721425508344,0.355085905441286,0.466043004984406,
0.586666084398837,0.71623605306739,0.854173815728353,1.),.UNSPECIFIED.);
#228=B_SPLINE_CURVE_WITH_KNOTS('',3,(#10244,#10245,#10246,#10247,#10248,
#10249,#10250,#10251,#10252,#10253,#10254,#10255,#10256),.UNSPECIFIED.,
 .F.,.F.,(4,1,1,1,1,1,1,1,1,1,4),(0.,0.033455400319306,0.0914009591913904,
0.166208261662181,0.254721425508344,0.355085905441286,0.466043004984406,
0.586666084398837,0.71623605306739,0.854173815728353,1.),.UNSPECIFIED.);
#229=B_SPLINE_CURVE_WITH_KNOTS('',3,(#10257,#10258,#10259,#10260,#10261,
#10262,#10263,#10264,#10265,#10266,#10267,#10268,#10269),.UNSPECIFIED.,
 .F.,.F.,(4,1,1,1,1,1,1,1,1,1,4),(0.,0.033455400319306,0.0914009591913904,
0.166208261662181,0.254721425508344,0.355085905441286,0.466043004984406,
0.586666084398837,0.71623605306739,0.854173815728353,1.),.UNSPECIFIED.);
#230=B_SPLINE_CURVE_WITH_KNOTS('',3,(#10277,#10278,#10279,#10280,#10281,
#10282,#10283,#10284,#10285,#10286,#10287,#10288,#10289),.UNSPECIFIED.,
 .F.,.F.,(4,1,1,1,1,1,1,1,1,1,4),(0.,0.033455400319306,0.0914009591913904,
0.166208261662181,0.254721425508344,0.355085905441286,0.466043004984406,
0.586666084398837,0.71623605306739,0.854173815728353,1.),.UNSPECIFIED.);
#231=B_SPLINE_CURVE_WITH_KNOTS('',3,(#10290,#10291,#10292,#10293,#10294,
#10295,#10296,#10297,#10298,#10299,#10300,#10301,#10302),.UNSPECIFIED.,
 .F.,.F.,(4,1,1,1,1,1,1,1,1,1,4),(0.,0.033455400319306,0.0914009591913904,
0.166208261662181,0.254721425508344,0.355085905441286,0.466043004984406,
0.586666084398837,0.71623605306739,0.854173815728353,1.),.UNSPECIFIED.);
#232=B_SPLINE_CURVE_WITH_KNOTS('',3,(#10310,#10311,#10312,#10313,#10314,
#10315,#10316,#10317,#10318,#10319,#10320,#10321,#10322),.UNSPECIFIED.,
 .F.,.F.,(4,1,1,1,1,1,1,1,1,1,4),(0.,0.033455400319306,0.0914009591913904,
0.166208261662181,0.254721425508344,0.355085905441286,0.466043004984406,
0.586666084398837,0.71623605306739,0.854173815728353,1.),.UNSPECIFIED.);
#233=B_SPLINE_CURVE_WITH_KNOTS('',3,(#10323,#10324,#10325,#10326,#10327,
#10328,#10329,#10330,#10331,#10332,#10333,#10334,#10335),.UNSPECIFIED.,
 .F.,.F.,(4,1,1,1,1,1,1,1,1,1,4),(0.,0.033455400319306,0.0914009591913904,
0.166208261662181,0.254721425508344,0.355085905441286,0.466043004984406,
0.586666084398837,0.71623605306739,0.854173815728353,1.),.UNSPECIFIED.);
#234=B_SPLINE_CURVE_WITH_KNOTS('',3,(#10343,#10344,#10345,#10346,#10347,
#10348,#10349,#10350,#10351,#10352,#10353,#10354,#10355),.UNSPECIFIED.,
 .F.,.F.,(4,1,1,1,1,1,1,1,1,1,4),(0.,0.033455400319306,0.0914009591913904,
0.166208261662181,0.254721425508344,0.355085905441286,0.466043004984406,
0.586666084398837,0.71623605306739,0.854173815728353,1.),.UNSPECIFIED.);
#235=B_SPLINE_CURVE_WITH_KNOTS('',3,(#10356,#10357,#10358,#10359,#10360,
#10361,#10362,#10363,#10364,#10365,#10366,#10367,#10368),.UNSPECIFIED.,
 .F.,.F.,(4,1,1,1,1,1,1,1,1,1,4),(0.,0.033455400319306,0.0914009591913904,
0.166208261662181,0.254721425508344,0.355085905441286,0.466043004984406,
0.586666084398837,0.71623605306739,0.854173815728353,1.),.UNSPECIFIED.);
#236=B_SPLINE_CURVE_WITH_KNOTS('',3,(#10376,#10377,#10378,#10379,#10380,
#10381,#10382,#10383,#10384,#10385,#10386,#10387,#10388),.UNSPECIFIED.,
 .F.,.F.,(4,1,1,1,1,1,1,1,1,1,4),(0.,0.033455400319306,0.0914009591913904,
0.166208261662181,0.254721425508344,0.355085905441286,0.466043004984406,
0.586666084398837,0.71623605306739,0.854173815728353,1.),.UNSPECIFIED.);
#237=B_SPLINE_CURVE_WITH_KNOTS('',3,(#10389,#10390,#10391,#10392,#10393,
#10394,#10395,#10396,#10397,#10398,#10399,#10400,#10401),.UNSPECIFIED.,
 .F.,.F.,(4,1,1,1,1,1,1,1,1,1,4),(0.,0.033455400319306,0.0914009591913904,
0.166208261662181,0.254721425508344,0.355085905441286,0.466043004984406,
0.586666084398837,0.71623605306739,0.854173815728353,1.),.UNSPECIFIED.);
#238=B_SPLINE_CURVE_WITH_KNOTS('',3,(#10409,#10410,#10411,#10412,#10413,
#10414,#10415,#10416,#10417,#10418,#10419,#10420,#10421),.UNSPECIFIED.,
 .F.,.F.,(4,1,1,1,1,1,1,1,1,1,4),(0.,0.033455400319306,0.0914009591913904,
0.166208261662181,0.254721425508344,0.355085905441286,0.466043004984406,
0.586666084398837,0.71623605306739,0.854173815728353,1.),.UNSPECIFIED.);
#239=B_SPLINE_CURVE_WITH_KNOTS('',3,(#10422,#10423,#10424,#10425,#10426,
#10427,#10428,#10429,#10430,#10431,#10432,#10433,#10434),.UNSPECIFIED.,
 .F.,.F.,(4,1,1,1,1,1,1,1,1,1,4),(0.,0.033455400319306,0.0914009591913904,
0.166208261662181,0.254721425508344,0.355085905441286,0.466043004984406,
0.586666084398837,0.71623605306739,0.854173815728353,1.),.UNSPECIFIED.);
#240=B_SPLINE_CURVE_WITH_KNOTS('',3,(#10442,#10443,#10444,#10445,#10446,
#10447,#10448,#10449,#10450,#10451,#10452,#10453,#10454),.UNSPECIFIED.,
 .F.,.F.,(4,1,1,1,1,1,1,1,1,1,4),(0.,0.033455400319306,0.0914009591913904,
0.166208261662181,0.254721425508344,0.355085905441286,0.466043004984406,
0.586666084398837,0.71623605306739,0.854173815728353,1.),.UNSPECIFIED.);
#241=B_SPLINE_CURVE_WITH_KNOTS('',3,(#10455,#10456,#10457,#10458,#10459,
#10460,#10461,#10462,#10463,#10464,#10465,#10466,#10467),.UNSPECIFIED.,
 .F.,.F.,(4,1,1,1,1,1,1,1,1,1,4),(0.,0.033455400319306,0.0914009591913904,
0.166208261662181,0.254721425508344,0.355085905441286,0.466043004984406,
0.586666084398837,0.71623605306739,0.854173815728353,1.),.UNSPECIFIED.);
#242=B_SPLINE_CURVE_WITH_KNOTS('',3,(#10475,#10476,#10477,#10478,#10479,
#10480,#10481,#10482,#10483,#10484,#10485,#10486,#10487),.UNSPECIFIED.,
 .F.,.F.,(4,1,1,1,1,1,1,1,1,1,4),(0.,0.033455400319306,0.0914009591913904,
0.166208261662181,0.254721425508344,0.355085905441286,0.466043004984406,
0.586666084398837,0.71623605306739,0.854173815728353,1.),.UNSPECIFIED.);
#243=B_SPLINE_CURVE_WITH_KNOTS('',3,(#10488,#10489,#10490,#10491,#10492,
#10493,#10494,#10495,#10496,#10497,#10498,#10499,#10500),.UNSPECIFIED.,
 .F.,.F.,(4,1,1,1,1,1,1,1,1,1,4),(0.,0.033455400319306,0.0914009591913904,
0.166208261662181,0.254721425508344,0.355085905441286,0.466043004984406,
0.586666084398837,0.71623605306739,0.854173815728353,1.),.UNSPECIFIED.);
#244=B_SPLINE_CURVE_WITH_KNOTS('',3,(#10508,#10509,#10510,#10511,#10512,
#10513,#10514,#10515,#10516,#10517,#10518,#10519,#10520),.UNSPECIFIED.,
 .F.,.F.,(4,1,1,1,1,1,1,1,1,1,4),(0.,0.033455400319306,0.0914009591913904,
0.166208261662181,0.254721425508344,0.355085905441286,0.466043004984406,
0.586666084398837,0.71623605306739,0.854173815728353,1.),.UNSPECIFIED.);
#245=B_SPLINE_CURVE_WITH_KNOTS('',3,(#10521,#10522,#10523,#10524,#10525,
#10526,#10527,#10528,#10529,#10530,#10531,#10532,#10533),.UNSPECIFIED.,
 .F.,.F.,(4,1,1,1,1,1,1,1,1,1,4),(0.,0.033455400319306,0.0914009591913904,
0.166208261662181,0.254721425508344,0.355085905441286,0.466043004984406,
0.586666084398837,0.71623605306739,0.854173815728353,1.),.UNSPECIFIED.);
#246=B_SPLINE_CURVE_WITH_KNOTS('',3,(#10541,#10542,#10543,#10544,#10545,
#10546,#10547,#10548,#10549,#10550,#10551,#10552,#10553),.UNSPECIFIED.,
 .F.,.F.,(4,1,1,1,1,1,1,1,1,1,4),(0.,0.033455400319306,0.0914009591913904,
0.166208261662181,0.254721425508344,0.355085905441286,0.466043004984406,
0.586666084398837,0.71623605306739,0.854173815728353,1.),.UNSPECIFIED.);
#247=B_SPLINE_CURVE_WITH_KNOTS('',3,(#10554,#10555,#10556,#10557,#10558,
#10559,#10560,#10561,#10562,#10563,#10564,#10565,#10566),.UNSPECIFIED.,
 .F.,.F.,(4,1,1,1,1,1,1,1,1,1,4),(0.,0.033455400319306,0.0914009591913904,
0.166208261662181,0.254721425508344,0.355085905441286,0.466043004984406,
0.586666084398837,0.71623605306739,0.854173815728353,1.),.UNSPECIFIED.);
#248=B_SPLINE_CURVE_WITH_KNOTS('',3,(#10574,#10575,#10576,#10577,#10578,
#10579,#10580,#10581,#10582,#10583,#10584,#10585,#10586),.UNSPECIFIED.,
 .F.,.F.,(4,1,1,1,1,1,1,1,1,1,4),(0.,0.033455400319306,0.0914009591913904,
0.166208261662181,0.254721425508344,0.355085905441286,0.466043004984406,
0.586666084398837,0.71623605306739,0.854173815728353,1.),.UNSPECIFIED.);
#249=B_SPLINE_CURVE_WITH_KNOTS('',3,(#10587,#10588,#10589,#10590,#10591,
#10592,#10593,#10594,#10595,#10596,#10597,#10598,#10599),.UNSPECIFIED.,
 .F.,.F.,(4,1,1,1,1,1,1,1,1,1,4),(0.,0.033455400319306,0.0914009591913904,
0.166208261662181,0.254721425508344,0.355085905441286,0.466043004984406,
0.586666084398837,0.71623605306739,0.854173815728353,1.),.UNSPECIFIED.);
#250=B_SPLINE_CURVE_WITH_KNOTS('',3,(#10607,#10608,#10609,#10610,#10611,
#10612,#10613,#10614,#10615,#10616,#10617,#10618,#10619),.UNSPECIFIED.,
 .F.,.F.,(4,1,1,1,1,1,1,1,1,1,4),(0.,0.033455400319306,0.0914009591913904,
0.166208261662181,0.254721425508344,0.355085905441286,0.466043004984406,
0.586666084398837,0.71623605306739,0.854173815728353,1.),.UNSPECIFIED.);
#251=B_SPLINE_CURVE_WITH_KNOTS('',3,(#10620,#10621,#10622,#10623,#10624,
#10625,#10626,#10627,#10628,#10629,#10630,#10631,#10632),.UNSPECIFIED.,
 .F.,.F.,(4,1,1,1,1,1,1,1,1,1,4),(0.,0.033455400319306,0.0914009591913904,
0.166208261662181,0.254721425508344,0.355085905441286,0.466043004984406,
0.586666084398837,0.71623605306739,0.854173815728353,1.),.UNSPECIFIED.);
#252=B_SPLINE_CURVE_WITH_KNOTS('',3,(#10640,#10641,#10642,#10643,#10644,
#10645,#10646,#10647,#10648,#10649,#10650,#10651,#10652),.UNSPECIFIED.,
 .F.,.F.,(4,1,1,1,1,1,1,1,1,1,4),(0.,0.033455400319306,0.0914009591913904,
0.166208261662181,0.254721425508344,0.355085905441286,0.466043004984406,
0.586666084398837,0.71623605306739,0.854173815728353,1.),.UNSPECIFIED.);
#253=B_SPLINE_CURVE_WITH_KNOTS('',3,(#10653,#10654,#10655,#10656,#10657,
#10658,#10659,#10660,#10661,#10662,#10663,#10664,#10665),.UNSPECIFIED.,
 .F.,.F.,(4,1,1,1,1,1,1,1,1,1,4),(0.,0.033455400319306,0.0914009591913904,
0.166208261662181,0.254721425508344,0.355085905441286,0.466043004984406,
0.586666084398837,0.71623605306739,0.854173815728353,1.),.UNSPECIFIED.);
#254=B_SPLINE_CURVE_WITH_KNOTS('',3,(#10673,#10674,#10675,#10676,#10677,
#10678,#10679,#10680,#10681,#10682,#10683,#10684,#10685),.UNSPECIFIED.,
 .F.,.F.,(4,1,1,1,1,1,1,1,1,1,4),(0.,0.033455400319306,0.0914009591913904,
0.166208261662181,0.254721425508344,0.355085905441286,0.466043004984406,
0.586666084398837,0.71623605306739,0.854173815728353,1.),.UNSPECIFIED.);
#255=B_SPLINE_CURVE_WITH_KNOTS('',3,(#10686,#10687,#10688,#10689,#10690,
#10691,#10692,#10693,#10694,#10695,#10696,#10697,#10698),.UNSPECIFIED.,
 .F.,.F.,(4,1,1,1,1,1,1,1,1,1,4),(0.,0.033455400319306,0.0914009591913904,
0.166208261662181,0.254721425508344,0.355085905441286,0.466043004984406,
0.586666084398837,0.71623605306739,0.854173815728353,1.),.UNSPECIFIED.);
#256=B_SPLINE_CURVE_WITH_KNOTS('',3,(#10706,#10707,#10708,#10709,#10710,
#10711,#10712,#10713,#10714,#10715,#10716,#10717,#10718),.UNSPECIFIED.,
 .F.,.F.,(4,1,1,1,1,1,1,1,1,1,4),(0.,0.033455400319306,0.0914009591913904,
0.166208261662181,0.254721425508344,0.355085905441286,0.466043004984406,
0.586666084398837,0.71623605306739,0.854173815728353,1.),.UNSPECIFIED.);
#257=B_SPLINE_CURVE_WITH_KNOTS('',3,(#10719,#10720,#10721,#10722,#10723,
#10724,#10725,#10726,#10727,#10728,#10729,#10730,#10731),.UNSPECIFIED.,
 .F.,.F.,(4,1,1,1,1,1,1,1,1,1,4),(0.,0.033455400319306,0.0914009591913904,
0.166208261662181,0.254721425508344,0.355085905441286,0.466043004984406,
0.586666084398837,0.71623605306739,0.854173815728353,1.),.UNSPECIFIED.);
#258=B_SPLINE_CURVE_WITH_KNOTS('',3,(#10739,#10740,#10741,#10742,#10743,
#10744,#10745,#10746,#10747,#10748,#10749,#10750,#10751),.UNSPECIFIED.,
 .F.,.F.,(4,1,1,1,1,1,1,1,1,1,4),(0.,0.033455400319306,0.0914009591913904,
0.166208261662181,0.254721425508344,0.355085905441286,0.466043004984406,
0.586666084398837,0.71623605306739,0.854173815728353,1.),.UNSPECIFIED.);
#259=B_SPLINE_CURVE_WITH_KNOTS('',3,(#10752,#10753,#10754,#10755,#10756,
#10757,#10758,#10759,#10760,#10761,#10762,#10763,#10764),.UNSPECIFIED.,
 .F.,.F.,(4,1,1,1,1,1,1,1,1,1,4),(0.,0.033455400319306,0.0914009591913904,
0.166208261662181,0.254721425508344,0.355085905441286,0.466043004984406,
0.586666084398837,0.71623605306739,0.854173815728353,1.),.UNSPECIFIED.);
#260=B_SPLINE_CURVE_WITH_KNOTS('',3,(#10772,#10773,#10774,#10775,#10776,
#10777,#10778,#10779,#10780,#10781,#10782,#10783,#10784),.UNSPECIFIED.,
 .F.,.F.,(4,1,1,1,1,1,1,1,1,1,4),(0.,0.033455400319306,0.0914009591913904,
0.166208261662181,0.254721425508344,0.355085905441286,0.466043004984406,
0.586666084398837,0.71623605306739,0.854173815728353,1.),.UNSPECIFIED.);
#261=B_SPLINE_CURVE_WITH_KNOTS('',3,(#10785,#10786,#10787,#10788,#10789,
#10790,#10791,#10792,#10793,#10794,#10795,#10796,#10797),.UNSPECIFIED.,
 .F.,.F.,(4,1,1,1,1,1,1,1,1,1,4),(0.,0.033455400319306,0.0914009591913904,
0.166208261662181,0.254721425508344,0.355085905441286,0.466043004984406,
0.586666084398837,0.71623605306739,0.854173815728353,1.),.UNSPECIFIED.);
#262=B_SPLINE_CURVE_WITH_KNOTS('',3,(#10805,#10806,#10807,#10808,#10809,
#10810,#10811,#10812,#10813,#10814,#10815,#10816,#10817),.UNSPECIFIED.,
 .F.,.F.,(4,1,1,1,1,1,1,1,1,1,4),(0.,0.033455400319306,0.0914009591913904,
0.166208261662181,0.254721425508344,0.355085905441286,0.466043004984406,
0.586666084398837,0.71623605306739,0.854173815728353,1.),.UNSPECIFIED.);
#263=B_SPLINE_CURVE_WITH_KNOTS('',3,(#10818,#10819,#10820,#10821,#10822,
#10823,#10824,#10825,#10826,#10827,#10828,#10829,#10830),.UNSPECIFIED.,
 .F.,.F.,(4,1,1,1,1,1,1,1,1,1,4),(0.,0.033455400319306,0.0914009591913904,
0.166208261662181,0.254721425508344,0.355085905441286,0.466043004984406,
0.586666084398837,0.71623605306739,0.854173815728353,1.),.UNSPECIFIED.);
#264=B_SPLINE_CURVE_WITH_KNOTS('',3,(#10838,#10839,#10840,#10841,#10842,
#10843,#10844,#10845,#10846,#10847,#10848,#10849,#10850),.UNSPECIFIED.,
 .F.,.F.,(4,1,1,1,1,1,1,1,1,1,4),(0.,0.033455400319306,0.0914009591913904,
0.166208261662181,0.254721425508344,0.355085905441286,0.466043004984406,
0.586666084398837,0.71623605306739,0.854173815728353,1.),.UNSPECIFIED.);
#265=B_SPLINE_CURVE_WITH_KNOTS('',3,(#10851,#10852,#10853,#10854,#10855,
#10856,#10857,#10858,#10859,#10860,#10861,#10862,#10863),.UNSPECIFIED.,
 .F.,.F.,(4,1,1,1,1,1,1,1,1,1,4),(0.,0.033455400319306,0.0914009591913904,
0.166208261662181,0.254721425508344,0.355085905441286,0.466043004984406,
0.586666084398837,0.71623605306739,0.854173815728353,1.),.UNSPECIFIED.);
#266=B_SPLINE_CURVE_WITH_KNOTS('',3,(#10871,#10872,#10873,#10874,#10875,
#10876,#10877,#10878,#10879,#10880,#10881,#10882,#10883),.UNSPECIFIED.,
 .F.,.F.,(4,1,1,1,1,1,1,1,1,1,4),(0.,0.033455400319306,0.0914009591913904,
0.166208261662181,0.254721425508344,0.355085905441286,0.466043004984406,
0.586666084398837,0.71623605306739,0.854173815728353,1.),.UNSPECIFIED.);
#267=B_SPLINE_CURVE_WITH_KNOTS('',3,(#10884,#10885,#10886,#10887,#10888,
#10889,#10890,#10891,#10892,#10893,#10894,#10895,#10896),.UNSPECIFIED.,
 .F.,.F.,(4,1,1,1,1,1,1,1,1,1,4),(0.,0.033455400319306,0.0914009591913904,
0.166208261662181,0.254721425508344,0.355085905441286,0.466043004984406,
0.586666084398837,0.71623605306739,0.854173815728353,1.),.UNSPECIFIED.);
#268=B_SPLINE_CURVE_WITH_KNOTS('',3,(#10904,#10905,#10906,#10907,#10908,
#10909,#10910,#10911,#10912,#10913,#10914,#10915,#10916),.UNSPECIFIED.,
 .F.,.F.,(4,1,1,1,1,1,1,1,1,1,4),(0.,0.033455400319306,0.0914009591913904,
0.166208261662181,0.254721425508344,0.355085905441286,0.466043004984406,
0.586666084398837,0.71623605306739,0.854173815728353,1.),.UNSPECIFIED.);
#269=B_SPLINE_CURVE_WITH_KNOTS('',3,(#10917,#10918,#10919,#10920,#10921,
#10922,#10923,#10924,#10925,#10926,#10927,#10928,#10929),.UNSPECIFIED.,
 .F.,.F.,(4,1,1,1,1,1,1,1,1,1,4),(0.,0.033455400319306,0.0914009591913904,
0.166208261662181,0.254721425508344,0.355085905441286,0.466043004984406,
0.586666084398837,0.71623605306739,0.854173815728353,1.),.UNSPECIFIED.);
#270=B_SPLINE_CURVE_WITH_KNOTS('',3,(#10937,#10938,#10939,#10940,#10941,
#10942,#10943,#10944,#10945,#10946,#10947,#10948,#10949),.UNSPECIFIED.,
 .F.,.F.,(4,1,1,1,1,1,1,1,1,1,4),(0.,0.033455400319306,0.0914009591913904,
0.166208261662181,0.254721425508344,0.355085905441286,0.466043004984406,
0.586666084398837,0.71623605306739,0.854173815728353,1.),.UNSPECIFIED.);
#271=B_SPLINE_CURVE_WITH_KNOTS('',3,(#10950,#10951,#10952,#10953,#10954,
#10955,#10956,#10957,#10958,#10959,#10960,#10961,#10962),.UNSPECIFIED.,
 .F.,.F.,(4,1,1,1,1,1,1,1,1,1,4),(0.,0.033455400319306,0.0914009591913904,
0.166208261662181,0.254721425508344,0.355085905441286,0.466043004984406,
0.586666084398837,0.71623605306739,0.854173815728353,1.),.UNSPECIFIED.);
#272=B_SPLINE_CURVE_WITH_KNOTS('',3,(#10970,#10971,#10972,#10973,#10974,
#10975,#10976,#10977,#10978,#10979,#10980,#10981,#10982),.UNSPECIFIED.,
 .F.,.F.,(4,1,1,1,1,1,1,1,1,1,4),(0.,0.033455400319306,0.0914009591913904,
0.166208261662181,0.254721425508344,0.355085905441286,0.466043004984406,
0.586666084398837,0.71623605306739,0.854173815728353,1.),.UNSPECIFIED.);
#273=B_SPLINE_CURVE_WITH_KNOTS('',3,(#10983,#10984,#10985,#10986,#10987,
#10988,#10989,#10990,#10991,#10992,#10993,#10994,#10995),.UNSPECIFIED.,
 .F.,.F.,(4,1,1,1,1,1,1,1,1,1,4),(0.,0.033455400319306,0.0914009591913904,
0.166208261662181,0.254721425508344,0.355085905441286,0.466043004984406,
0.586666084398837,0.71623605306739,0.854173815728353,1.),.UNSPECIFIED.);
#274=B_SPLINE_CURVE_WITH_KNOTS('',3,(#11003,#11004,#11005,#11006,#11007,
#11008,#11009,#11010,#11011,#11012,#11013,#11014,#11015),.UNSPECIFIED.,
 .F.,.F.,(4,1,1,1,1,1,1,1,1,1,4),(0.,0.033455400319306,0.0914009591913904,
0.166208261662181,0.254721425508344,0.355085905441286,0.466043004984406,
0.586666084398837,0.71623605306739,0.854173815728353,1.),.UNSPECIFIED.);
#275=B_SPLINE_CURVE_WITH_KNOTS('',3,(#11016,#11017,#11018,#11019,#11020,
#11021,#11022,#11023,#11024,#11025,#11026,#11027,#11028),.UNSPECIFIED.,
 .F.,.F.,(4,1,1,1,1,1,1,1,1,1,4),(0.,0.033455400319306,0.0914009591913904,
0.166208261662181,0.254721425508344,0.355085905441286,0.466043004984406,
0.586666084398837,0.71623605306739,0.854173815728353,1.),.UNSPECIFIED.);
#276=B_SPLINE_CURVE_WITH_KNOTS('',3,(#11036,#11037,#11038,#11039,#11040,
#11041,#11042,#11043,#11044,#11045,#11046,#11047,#11048),.UNSPECIFIED.,
 .F.,.F.,(4,1,1,1,1,1,1,1,1,1,4),(0.,0.033455400319306,0.0914009591913904,
0.166208261662181,0.254721425508344,0.355085905441286,0.466043004984406,
0.586666084398837,0.71623605306739,0.854173815728353,1.),.UNSPECIFIED.);
#277=B_SPLINE_CURVE_WITH_KNOTS('',3,(#11049,#11050,#11051,#11052,#11053,
#11054,#11055,#11056,#11057,#11058,#11059,#11060,#11061),.UNSPECIFIED.,
 .F.,.F.,(4,1,1,1,1,1,1,1,1,1,4),(0.,0.033455400319306,0.0914009591913904,
0.166208261662181,0.254721425508344,0.355085905441286,0.466043004984406,
0.586666084398837,0.71623605306739,0.854173815728353,1.),.UNSPECIFIED.);
#278=B_SPLINE_CURVE_WITH_KNOTS('',3,(#11069,#11070,#11071,#11072,#11073,
#11074,#11075,#11076,#11077,#11078,#11079,#11080,#11081),.UNSPECIFIED.,
 .F.,.F.,(4,1,1,1,1,1,1,1,1,1,4),(0.,0.033455400319306,0.0914009591913904,
0.166208261662181,0.254721425508344,0.355085905441286,0.466043004984406,
0.586666084398837,0.71623605306739,0.854173815728353,1.),.UNSPECIFIED.);
#279=B_SPLINE_CURVE_WITH_KNOTS('',3,(#11082,#11083,#11084,#11085,#11086,
#11087,#11088,#11089,#11090,#11091,#11092,#11093,#11094),.UNSPECIFIED.,
 .F.,.F.,(4,1,1,1,1,1,1,1,1,1,4),(0.,0.033455400319306,0.0914009591913904,
0.166208261662181,0.254721425508344,0.355085905441286,0.466043004984406,
0.586666084398837,0.71623605306739,0.854173815728353,1.),.UNSPECIFIED.);
#280=B_SPLINE_CURVE_WITH_KNOTS('',3,(#11102,#11103,#11104,#11105,#11106,
#11107,#11108,#11109,#11110,#11111,#11112,#11113,#11114),.UNSPECIFIED.,
 .F.,.F.,(4,1,1,1,1,1,1,1,1,1,4),(0.,0.033455400319306,0.0914009591913904,
0.166208261662181,0.254721425508344,0.355085905441286,0.466043004984406,
0.586666084398837,0.71623605306739,0.854173815728353,1.),.UNSPECIFIED.);
#281=B_SPLINE_CURVE_WITH_KNOTS('',3,(#11115,#11116,#11117,#11118,#11119,
#11120,#11121,#11122,#11123,#11124,#11125,#11126,#11127),.UNSPECIFIED.,
 .F.,.F.,(4,1,1,1,1,1,1,1,1,1,4),(0.,0.033455400319306,0.0914009591913904,
0.166208261662181,0.254721425508344,0.355085905441286,0.466043004984406,
0.586666084398837,0.71623605306739,0.854173815728353,1.),.UNSPECIFIED.);
#282=B_SPLINE_CURVE_WITH_KNOTS('',3,(#11135,#11136,#11137,#11138,#11139,
#11140,#11141,#11142,#11143,#11144,#11145,#11146,#11147),.UNSPECIFIED.,
 .F.,.F.,(4,1,1,1,1,1,1,1,1,1,4),(0.,0.033455400319306,0.0914009591913904,
0.166208261662181,0.254721425508344,0.355085905441286,0.466043004984406,
0.586666084398837,0.71623605306739,0.854173815728353,1.),.UNSPECIFIED.);
#283=B_SPLINE_CURVE_WITH_KNOTS('',3,(#11148,#11149,#11150,#11151,#11152,
#11153,#11154,#11155,#11156,#11157,#11158,#11159,#11160),.UNSPECIFIED.,
 .F.,.F.,(4,1,1,1,1,1,1,1,1,1,4),(0.,0.033455400319306,0.0914009591913904,
0.166208261662181,0.254721425508344,0.355085905441286,0.466043004984406,
0.586666084398837,0.71623605306739,0.854173815728353,1.),.UNSPECIFIED.);
#284=B_SPLINE_CURVE_WITH_KNOTS('',3,(#11168,#11169,#11170,#11171,#11172,
#11173,#11174,#11175,#11176,#11177,#11178,#11179,#11180),.UNSPECIFIED.,
 .F.,.F.,(4,1,1,1,1,1,1,1,1,1,4),(0.,0.033455400319306,0.0914009591913904,
0.166208261662181,0.254721425508344,0.355085905441286,0.466043004984406,
0.586666084398837,0.71623605306739,0.854173815728353,1.),.UNSPECIFIED.);
#285=B_SPLINE_CURVE_WITH_KNOTS('',3,(#11181,#11182,#11183,#11184,#11185,
#11186,#11187,#11188,#11189,#11190,#11191,#11192,#11193),.UNSPECIFIED.,
 .F.,.F.,(4,1,1,1,1,1,1,1,1,1,4),(0.,0.033455400319306,0.0914009591913904,
0.166208261662181,0.254721425508344,0.355085905441286,0.466043004984406,
0.586666084398837,0.71623605306739,0.854173815728353,1.),.UNSPECIFIED.);
#286=B_SPLINE_CURVE_WITH_KNOTS('',3,(#11201,#11202,#11203,#11204,#11205,
#11206,#11207,#11208,#11209,#11210,#11211,#11212,#11213),.UNSPECIFIED.,
 .F.,.F.,(4,1,1,1,1,1,1,1,1,1,4),(0.,0.033455400319306,0.0914009591913904,
0.166208261662181,0.254721425508344,0.355085905441286,0.466043004984406,
0.586666084398837,0.71623605306739,0.854173815728353,1.),.UNSPECIFIED.);
#287=B_SPLINE_CURVE_WITH_KNOTS('',3,(#11214,#11215,#11216,#11217,#11218,
#11219,#11220,#11221,#11222,#11223,#11224,#11225,#11226),.UNSPECIFIED.,
 .F.,.F.,(4,1,1,1,1,1,1,1,1,1,4),(0.,0.033455400319306,0.0914009591913904,
0.166208261662181,0.254721425508344,0.355085905441286,0.466043004984406,
0.586666084398837,0.71623605306739,0.854173815728353,1.),.UNSPECIFIED.);
#288=B_SPLINE_CURVE_WITH_KNOTS('',3,(#11234,#11235,#11236,#11237,#11238,
#11239,#11240,#11241,#11242,#11243,#11244,#11245,#11246),.UNSPECIFIED.,
 .F.,.F.,(4,1,1,1,1,1,1,1,1,1,4),(0.,0.033455400319306,0.0914009591913904,
0.166208261662181,0.254721425508344,0.355085905441286,0.466043004984406,
0.586666084398837,0.71623605306739,0.854173815728353,1.),.UNSPECIFIED.);
#289=B_SPLINE_CURVE_WITH_KNOTS('',3,(#11247,#11248,#11249,#11250,#11251,
#11252,#11253,#11254,#11255,#11256,#11257,#11258,#11259),.UNSPECIFIED.,
 .F.,.F.,(4,1,1,1,1,1,1,1,1,1,4),(0.,0.033455400319306,0.0914009591913904,
0.166208261662181,0.254721425508344,0.355085905441286,0.466043004984406,
0.586666084398837,0.71623605306739,0.854173815728353,1.),.UNSPECIFIED.);
#290=B_SPLINE_CURVE_WITH_KNOTS('',3,(#11267,#11268,#11269,#11270,#11271,
#11272,#11273,#11274,#11275,#11276,#11277,#11278,#11279),.UNSPECIFIED.,
 .F.,.F.,(4,1,1,1,1,1,1,1,1,1,4),(0.,0.033455400319306,0.0914009591913904,
0.166208261662181,0.254721425508344,0.355085905441286,0.466043004984406,
0.586666084398837,0.71623605306739,0.854173815728353,1.),.UNSPECIFIED.);
#291=B_SPLINE_CURVE_WITH_KNOTS('',3,(#11280,#11281,#11282,#11283,#11284,
#11285,#11286,#11287,#11288,#11289,#11290,#11291,#11292),.UNSPECIFIED.,
 .F.,.F.,(4,1,1,1,1,1,1,1,1,1,4),(0.,0.033455400319306,0.0914009591913904,
0.166208261662181,0.254721425508344,0.355085905441286,0.466043004984406,
0.586666084398837,0.71623605306739,0.854173815728353,1.),.UNSPECIFIED.);
#292=B_SPLINE_CURVE_WITH_KNOTS('',3,(#11300,#11301,#11302,#11303,#11304,
#11305,#11306,#11307,#11308,#11309,#11310,#11311,#11312),.UNSPECIFIED.,
 .F.,.F.,(4,1,1,1,1,1,1,1,1,1,4),(0.,0.033455400319306,0.0914009591913904,
0.166208261662181,0.254721425508344,0.355085905441286,0.466043004984406,
0.586666084398837,0.71623605306739,0.854173815728353,1.),.UNSPECIFIED.);
#293=B_SPLINE_CURVE_WITH_KNOTS('',3,(#11313,#11314,#11315,#11316,#11317,
#11318,#11319,#11320,#11321,#11322,#11323,#11324,#11325),.UNSPECIFIED.,
 .F.,.F.,(4,1,1,1,1,1,1,1,1,1,4),(0.,0.033455400319306,0.0914009591913904,
0.166208261662181,0.254721425508344,0.355085905441286,0.466043004984406,
0.586666084398837,0.71623605306739,0.854173815728353,1.),.UNSPECIFIED.);
#294=B_SPLINE_CURVE_WITH_KNOTS('',3,(#11333,#11334,#11335,#11336,#11337,
#11338,#11339,#11340,#11341,#11342,#11343,#11344,#11345),.UNSPECIFIED.,
 .F.,.F.,(4,1,1,1,1,1,1,1,1,1,4),(0.,0.033455400319306,0.0914009591913904,
0.166208261662181,0.254721425508344,0.355085905441286,0.466043004984406,
0.586666084398837,0.71623605306739,0.854173815728353,1.),.UNSPECIFIED.);
#295=B_SPLINE_CURVE_WITH_KNOTS('',3,(#11346,#11347,#11348,#11349,#11350,
#11351,#11352,#11353,#11354,#11355,#11356,#11357,#11358),.UNSPECIFIED.,
 .F.,.F.,(4,1,1,1,1,1,1,1,1,1,4),(0.,0.033455400319306,0.0914009591913904,
0.166208261662181,0.254721425508344,0.355085905441286,0.466043004984406,
0.586666084398837,0.71623605306739,0.854173815728353,1.),.UNSPECIFIED.);
#296=B_SPLINE_CURVE_WITH_KNOTS('',3,(#11366,#11367,#11368,#11369,#11370,
#11371,#11372,#11373,#11374,#11375,#11376,#11377,#11378),.UNSPECIFIED.,
 .F.,.F.,(4,1,1,1,1,1,1,1,1,1,4),(0.,0.033455400319306,0.0914009591913904,
0.166208261662181,0.254721425508344,0.355085905441286,0.466043004984406,
0.586666084398837,0.71623605306739,0.854173815728353,1.),.UNSPECIFIED.);
#297=B_SPLINE_CURVE_WITH_KNOTS('',3,(#11379,#11380,#11381,#11382,#11383,
#11384,#11385,#11386,#11387,#11388,#11389,#11390,#11391),.UNSPECIFIED.,
 .F.,.F.,(4,1,1,1,1,1,1,1,1,1,4),(0.,0.033455400319306,0.0914009591913904,
0.166208261662181,0.254721425508344,0.355085905441286,0.466043004984406,
0.586666084398837,0.71623605306739,0.854173815728353,1.),.UNSPECIFIED.);
#298=B_SPLINE_CURVE_WITH_KNOTS('',3,(#11399,#11400,#11401,#11402,#11403,
#11404,#11405,#11406,#11407,#11408,#11409,#11410,#11411),.UNSPECIFIED.,
 .F.,.F.,(4,1,1,1,1,1,1,1,1,1,4),(0.,0.033455400319306,0.0914009591913904,
0.166208261662181,0.254721425508344,0.355085905441286,0.466043004984406,
0.586666084398837,0.71623605306739,0.854173815728353,1.),.UNSPECIFIED.);
#299=B_SPLINE_CURVE_WITH_KNOTS('',3,(#11412,#11413,#11414,#11415,#11416,
#11417,#11418,#11419,#11420,#11421,#11422,#11423,#11424),.UNSPECIFIED.,
 .F.,.F.,(4,1,1,1,1,1,1,1,1,1,4),(0.,0.033455400319306,0.0914009591913904,
0.166208261662181,0.254721425508344,0.355085905441286,0.466043004984406,
0.586666084398837,0.71623605306739,0.854173815728353,1.),.UNSPECIFIED.);
#300=B_SPLINE_CURVE_WITH_KNOTS('',3,(#11432,#11433,#11434,#11435,#11436,
#11437,#11438,#11439,#11440,#11441,#11442,#11443,#11444),.UNSPECIFIED.,
 .F.,.F.,(4,1,1,1,1,1,1,1,1,1,4),(0.,0.033455400319306,0.0914009591913904,
0.166208261662181,0.254721425508344,0.355085905441286,0.466043004984406,
0.586666084398837,0.71623605306739,0.854173815728353,1.),.UNSPECIFIED.);
#301=B_SPLINE_CURVE_WITH_KNOTS('',3,(#11445,#11446,#11447,#11448,#11449,
#11450,#11451,#11452,#11453,#11454,#11455,#11456,#11457),.UNSPECIFIED.,
 .F.,.F.,(4,1,1,1,1,1,1,1,1,1,4),(0.,0.033455400319306,0.0914009591913904,
0.166208261662181,0.254721425508344,0.355085905441286,0.466043004984406,
0.586666084398837,0.71623605306739,0.854173815728353,1.),.UNSPECIFIED.);
#302=B_SPLINE_CURVE_WITH_KNOTS('',3,(#11465,#11466,#11467,#11468,#11469,
#11470,#11471,#11472,#11473,#11474,#11475,#11476,#11477),.UNSPECIFIED.,
 .F.,.F.,(4,1,1,1,1,1,1,1,1,1,4),(0.,0.033455400319306,0.0914009591913904,
0.166208261662181,0.254721425508344,0.355085905441286,0.466043004984406,
0.586666084398837,0.71623605306739,0.854173815728353,1.),.UNSPECIFIED.);
#303=B_SPLINE_CURVE_WITH_KNOTS('',3,(#11478,#11479,#11480,#11481,#11482,
#11483,#11484,#11485,#11486,#11487,#11488,#11489,#11490),.UNSPECIFIED.,
 .F.,.F.,(4,1,1,1,1,1,1,1,1,1,4),(0.,0.033455400319306,0.0914009591913904,
0.166208261662181,0.254721425508344,0.355085905441286,0.466043004984406,
0.586666084398837,0.71623605306739,0.854173815728353,1.),.UNSPECIFIED.);
#304=B_SPLINE_CURVE_WITH_KNOTS('',3,(#11498,#11499,#11500,#11501,#11502,
#11503,#11504,#11505,#11506,#11507,#11508,#11509,#11510),.UNSPECIFIED.,
 .F.,.F.,(4,1,1,1,1,1,1,1,1,1,4),(0.,0.033455400319306,0.0914009591913904,
0.166208261662181,0.254721425508344,0.355085905441286,0.466043004984406,
0.586666084398837,0.71623605306739,0.854173815728353,1.),.UNSPECIFIED.);
#305=B_SPLINE_CURVE_WITH_KNOTS('',3,(#11511,#11512,#11513,#11514,#11515,
#11516,#11517,#11518,#11519,#11520,#11521,#11522,#11523),.UNSPECIFIED.,
 .F.,.F.,(4,1,1,1,1,1,1,1,1,1,4),(0.,0.033455400319306,0.0914009591913904,
0.166208261662181,0.254721425508344,0.355085905441286,0.466043004984406,
0.586666084398837,0.71623605306739,0.854173815728353,1.),.UNSPECIFIED.);
#306=B_SPLINE_CURVE_WITH_KNOTS('',3,(#11531,#11532,#11533,#11534,#11535,
#11536,#11537,#11538,#11539,#11540,#11541,#11542,#11543),.UNSPECIFIED.,
 .F.,.F.,(4,1,1,1,1,1,1,1,1,1,4),(0.,0.033455400319306,0.0914009591913904,
0.166208261662181,0.254721425508344,0.355085905441286,0.466043004984406,
0.586666084398837,0.71623605306739,0.854173815728353,1.),.UNSPECIFIED.);
#307=B_SPLINE_CURVE_WITH_KNOTS('',3,(#11544,#11545,#11546,#11547,#11548,
#11549,#11550,#11551,#11552,#11553,#11554,#11555,#11556),.UNSPECIFIED.,
 .F.,.F.,(4,1,1,1,1,1,1,1,1,1,4),(0.,0.033455400319306,0.0914009591913904,
0.166208261662181,0.254721425508344,0.355085905441286,0.466043004984406,
0.586666084398837,0.71623605306739,0.854173815728353,1.),.UNSPECIFIED.);
#308=B_SPLINE_CURVE_WITH_KNOTS('',3,(#11564,#11565,#11566,#11567,#11568,
#11569,#11570,#11571,#11572,#11573,#11574,#11575,#11576),.UNSPECIFIED.,
 .F.,.F.,(4,1,1,1,1,1,1,1,1,1,4),(0.,0.033455400319306,0.0914009591913904,
0.166208261662181,0.254721425508344,0.355085905441286,0.466043004984406,
0.586666084398837,0.71623605306739,0.854173815728353,1.),.UNSPECIFIED.);
#309=B_SPLINE_CURVE_WITH_KNOTS('',3,(#11577,#11578,#11579,#11580,#11581,
#11582,#11583,#11584,#11585,#11586,#11587,#11588,#11589),.UNSPECIFIED.,
 .F.,.F.,(4,1,1,1,1,1,1,1,1,1,4),(0.,0.033455400319306,0.0914009591913904,
0.166208261662181,0.254721425508344,0.355085905441286,0.466043004984406,
0.586666084398837,0.71623605306739,0.854173815728353,1.),.UNSPECIFIED.);
#310=B_SPLINE_CURVE_WITH_KNOTS('',3,(#11597,#11598,#11599,#11600,#11601,
#11602,#11603,#11604,#11605,#11606,#11607,#11608,#11609),.UNSPECIFIED.,
 .F.,.F.,(4,1,1,1,1,1,1,1,1,1,4),(0.,0.033455400319306,0.0914009591913904,
0.166208261662181,0.254721425508344,0.355085905441286,0.466043004984406,
0.586666084398837,0.71623605306739,0.854173815728353,1.),.UNSPECIFIED.);
#311=B_SPLINE_CURVE_WITH_KNOTS('',3,(#11610,#11611,#11612,#11613,#11614,
#11615,#11616,#11617,#11618,#11619,#11620,#11621,#11622),.UNSPECIFIED.,
 .F.,.F.,(4,1,1,1,1,1,1,1,1,1,4),(0.,0.033455400319306,0.0914009591913904,
0.166208261662181,0.254721425508344,0.355085905441286,0.466043004984406,
0.586666084398837,0.71623605306739,0.854173815728353,1.),.UNSPECIFIED.);
#312=PLANE('',#5900);
#313=PLANE('',#6055);
#314=CIRCLE('',#5754,0.0468);
#315=CIRCLE('',#5755,0.0468);
#316=CIRCLE('',#5757,0.0468);
#317=CIRCLE('',#5758,0.0468);
#318=CIRCLE('',#5760,0.0468);
#319=CIRCLE('',#5761,0.0468);
#320=CIRCLE('',#5763,0.0468);
#321=CIRCLE('',#5764,0.0468);
#322=CIRCLE('',#5766,0.0468);
#323=CIRCLE('',#5767,0.0468);
#324=CIRCLE('',#5769,0.0468);
#325=CIRCLE('',#5770,0.0468);
#326=CIRCLE('',#5772,0.0468);
#327=CIRCLE('',#5773,0.0468);
#328=CIRCLE('',#5775,0.0468);
#329=CIRCLE('',#5776,0.0468);
#330=CIRCLE('',#5778,0.0468);
#331=CIRCLE('',#5779,0.0468);
#332=CIRCLE('',#5781,0.0468);
#333=CIRCLE('',#5782,0.0468);
#334=CIRCLE('',#5784,0.0468);
#335=CIRCLE('',#5785,0.0468);
#336=CIRCLE('',#5787,0.0468);
#337=CIRCLE('',#5788,0.0468);
#338=CIRCLE('',#5790,0.0468);
#339=CIRCLE('',#5791,0.0468);
#340=CIRCLE('',#5793,0.0468);
#341=CIRCLE('',#5794,0.0468);
#342=CIRCLE('',#5796,0.0468);
#343=CIRCLE('',#5797,0.0468);
#344=CIRCLE('',#5799,0.0468);
#345=CIRCLE('',#5800,0.0468);
#346=CIRCLE('',#5802,0.0468);
#347=CIRCLE('',#5803,0.0468);
#348=CIRCLE('',#5805,0.0468);
#349=CIRCLE('',#5806,0.0468);
#350=CIRCLE('',#5808,0.0468);
#351=CIRCLE('',#5809,0.0468);
#352=CIRCLE('',#5811,0.0468);
#353=CIRCLE('',#5812,0.0468);
#354=CIRCLE('',#5814,0.0468);
#355=CIRCLE('',#5815,0.0468);
#356=CIRCLE('',#5817,0.0468);
#357=CIRCLE('',#5818,0.0468);
#358=CIRCLE('',#5820,0.0468);
#359=CIRCLE('',#5821,0.0468);
#360=CIRCLE('',#5823,0.0468);
#361=CIRCLE('',#5824,0.0468);
#362=CIRCLE('',#5826,0.0468);
#363=CIRCLE('',#5827,0.0468);
#364=CIRCLE('',#5829,0.0468);
#365=CIRCLE('',#5830,0.0468);
#366=CIRCLE('',#5832,0.0468);
#367=CIRCLE('',#5833,0.0468);
#368=CIRCLE('',#5835,0.0468);
#369=CIRCLE('',#5836,0.0468);
#370=CIRCLE('',#5838,0.0468);
#371=CIRCLE('',#5839,0.0468);
#372=CIRCLE('',#5841,0.0468);
#373=CIRCLE('',#5842,0.0468);
#374=CIRCLE('',#5844,0.0468);
#375=CIRCLE('',#5845,0.0468);
#376=CIRCLE('',#5847,0.0468);
#377=CIRCLE('',#5848,0.0468);
#378=CIRCLE('',#5850,0.0468);
#379=CIRCLE('',#5851,0.0468);
#380=CIRCLE('',#5853,0.0468);
#381=CIRCLE('',#5854,0.0468);
#382=CIRCLE('',#5856,0.0468);
#383=CIRCLE('',#5857,0.0468);
#384=CIRCLE('',#5859,0.0468);
#385=CIRCLE('',#5860,0.0468);
#386=CIRCLE('',#5862,0.0468);
#387=CIRCLE('',#5863,0.0468);
#388=CIRCLE('',#5865,0.0468);
#389=CIRCLE('',#5866,0.0468);
#390=CIRCLE('',#5868,0.0468);
#391=CIRCLE('',#5869,0.0468);
#392=CIRCLE('',#5871,0.0468);
#393=CIRCLE('',#5872,0.0468);
#394=CIRCLE('',#5874,0.0468);
#395=CIRCLE('',#5875,0.0468);
#396=CIRCLE('',#5877,0.0468);
#397=CIRCLE('',#5878,0.0468);
#398=CIRCLE('',#5880,0.0468);
#399=CIRCLE('',#5881,0.0468);
#400=CIRCLE('',#5883,0.0468);
#401=CIRCLE('',#5884,0.0468);
#402=CIRCLE('',#5886,0.0468);
#403=CIRCLE('',#5887,0.0468);
#404=CIRCLE('',#5889,0.0468);
#405=CIRCLE('',#5890,0.0468);
#406=CIRCLE('',#5892,0.0468);
#407=CIRCLE('',#5893,0.0468);
#408=CIRCLE('',#5895,0.0468);
#409=CIRCLE('',#5896,0.0468);
#410=CIRCLE('',#5898,0.0468);
#411=CIRCLE('',#5899,0.0468);
#412=CIRCLE('',#5901,0.040325);
#413=CIRCLE('',#5902,0.00062295561465596);
#414=CIRCLE('',#5903,0.00062295561465596);
#415=CIRCLE('',#5904,0.04275);
#416=CIRCLE('',#5905,0.00062295561465596);
#417=CIRCLE('',#5906,0.00062295561465596);
#418=CIRCLE('',#5907,0.04275);
#419=CIRCLE('',#5908,0.00062295561465596);
#420=CIRCLE('',#5909,0.00062295561465596);
#421=CIRCLE('',#5910,0.04275);
#422=CIRCLE('',#5911,0.00062295561465596);
#423=CIRCLE('',#5912,0.00062295561465596);
#424=CIRCLE('',#5913,0.04275);
#425=CIRCLE('',#5914,0.00062295561465596);
#426=CIRCLE('',#5915,0.00062295561465596);
#427=CIRCLE('',#5916,0.04275);
#428=CIRCLE('',#5917,0.00062295561465596);
#429=CIRCLE('',#5918,0.00062295561465596);
#430=CIRCLE('',#5919,0.04275);
#431=CIRCLE('',#5920,0.00062295561465596);
#432=CIRCLE('',#5921,0.00062295561465596);
#433=CIRCLE('',#5922,0.04275);
#434=CIRCLE('',#5923,0.00062295561465596);
#435=CIRCLE('',#5924,0.00062295561465596);
#436=CIRCLE('',#5925,0.04275);
#437=CIRCLE('',#5926,0.00062295561465596);
#438=CIRCLE('',#5927,0.00062295561465596);
#439=CIRCLE('',#5928,0.04275);
#440=CIRCLE('',#5929,0.00062295561465596);
#441=CIRCLE('',#5930,0.00062295561465596);
#442=CIRCLE('',#5931,0.04275);
#443=CIRCLE('',#5932,0.00062295561465596);
#444=CIRCLE('',#5933,0.00062295561465596);
#445=CIRCLE('',#5934,0.04275);
#446=CIRCLE('',#5935,0.00062295561465596);
#447=CIRCLE('',#5936,0.00062295561465596);
#448=CIRCLE('',#5937,0.04275);
#449=CIRCLE('',#5938,0.00062295561465596);
#450=CIRCLE('',#5939,0.00062295561465596);
#451=CIRCLE('',#5940,0.04275);
#452=CIRCLE('',#5941,0.00062295561465596);
#453=CIRCLE('',#5942,0.00062295561465596);
#454=CIRCLE('',#5943,0.04275);
#455=CIRCLE('',#5944,0.00062295561465596);
#456=CIRCLE('',#5945,0.00062295561465596);
#457=CIRCLE('',#5946,0.04275);
#458=CIRCLE('',#5947,0.00062295561465596);
#459=CIRCLE('',#5948,0.00062295561465596);
#460=CIRCLE('',#5949,0.04275);
#461=CIRCLE('',#5950,0.00062295561465596);
#462=CIRCLE('',#5951,0.00062295561465596);
#463=CIRCLE('',#5952,0.04275);
#464=CIRCLE('',#5953,0.00062295561465596);
#465=CIRCLE('',#5954,0.00062295561465596);
#466=CIRCLE('',#5955,0.04275);
#467=CIRCLE('',#5956,0.00062295561465596);
#468=CIRCLE('',#5957,0.00062295561465596);
#469=CIRCLE('',#5958,0.04275);
#470=CIRCLE('',#5959,0.00062295561465596);
#471=CIRCLE('',#5960,0.00062295561465596);
#472=CIRCLE('',#5961,0.04275);
#473=CIRCLE('',#5962,0.00062295561465596);
#474=CIRCLE('',#5963,0.00062295561465596);
#475=CIRCLE('',#5964,0.04275);
#476=CIRCLE('',#5965,0.00062295561465596);
#477=CIRCLE('',#5966,0.00062295561465596);
#478=CIRCLE('',#5967,0.04275);
#479=CIRCLE('',#5968,0.00062295561465596);
#480=CIRCLE('',#5969,0.00062295561465596);
#481=CIRCLE('',#5970,0.04275);
#482=CIRCLE('',#5971,0.00062295561465596);
#483=CIRCLE('',#5972,0.00062295561465596);
#484=CIRCLE('',#5973,0.04275);
#485=CIRCLE('',#5974,0.00062295561465596);
#486=CIRCLE('',#5975,0.00062295561465596);
#487=CIRCLE('',#5976,0.04275);
#488=CIRCLE('',#5977,0.00062295561465596);
#489=CIRCLE('',#5978,0.00062295561465596);
#490=CIRCLE('',#5979,0.04275);
#491=CIRCLE('',#5980,0.00062295561465596);
#492=CIRCLE('',#5981,0.00062295561465596);
#493=CIRCLE('',#5982,0.04275);
#494=CIRCLE('',#5983,0.00062295561465596);
#495=CIRCLE('',#5984,0.00062295561465596);
#496=CIRCLE('',#5985,0.04275);
#497=CIRCLE('',#5986,0.00062295561465596);
#498=CIRCLE('',#5987,0.00062295561465596);
#499=CIRCLE('',#5988,0.04275);
#500=CIRCLE('',#5989,0.00062295561465596);
#501=CIRCLE('',#5990,0.00062295561465596);
#502=CIRCLE('',#5991,0.04275);
#503=CIRCLE('',#5992,0.00062295561465596);
#504=CIRCLE('',#5993,0.00062295561465596);
#505=CIRCLE('',#5994,0.04275);
#506=CIRCLE('',#5995,0.00062295561465596);
#507=CIRCLE('',#5996,0.00062295561465596);
#508=CIRCLE('',#5997,0.04275);
#509=CIRCLE('',#5998,0.00062295561465596);
#510=CIRCLE('',#5999,0.00062295561465596);
#511=CIRCLE('',#6000,0.04275);
#512=CIRCLE('',#6001,0.00062295561465596);
#513=CIRCLE('',#6002,0.00062295561465596);
#514=CIRCLE('',#6003,0.04275);
#515=CIRCLE('',#6004,0.00062295561465596);
#516=CIRCLE('',#6005,0.00062295561465596);
#517=CIRCLE('',#6006,0.04275);
#518=CIRCLE('',#6007,0.00062295561465596);
#519=CIRCLE('',#6008,0.00062295561465596);
#520=CIRCLE('',#6009,0.04275);
#521=CIRCLE('',#6010,0.00062295561465596);
#522=CIRCLE('',#6011,0.00062295561465596);
#523=CIRCLE('',#6012,0.04275);
#524=CIRCLE('',#6013,0.00062295561465596);
#525=CIRCLE('',#6014,0.00062295561465596);
#526=CIRCLE('',#6015,0.04275);
#527=CIRCLE('',#6016,0.00062295561465596);
#528=CIRCLE('',#6017,0.00062295561465596);
#529=CIRCLE('',#6018,0.04275);
#530=CIRCLE('',#6019,0.00062295561465596);
#531=CIRCLE('',#6020,0.00062295561465596);
#532=CIRCLE('',#6021,0.04275);
#533=CIRCLE('',#6022,0.00062295561465596);
#534=CIRCLE('',#6023,0.00062295561465596);
#535=CIRCLE('',#6024,0.04275);
#536=CIRCLE('',#6025,0.00062295561465596);
#537=CIRCLE('',#6026,0.00062295561465596);
#538=CIRCLE('',#6027,0.04275);
#539=CIRCLE('',#6028,0.00062295561465596);
#540=CIRCLE('',#6029,0.00062295561465596);
#541=CIRCLE('',#6030,0.04275);
#542=CIRCLE('',#6031,0.00062295561465596);
#543=CIRCLE('',#6032,0.00062295561465596);
#544=CIRCLE('',#6033,0.04275);
#545=CIRCLE('',#6034,0.00062295561465596);
#546=CIRCLE('',#6035,0.00062295561465596);
#547=CIRCLE('',#6036,0.04275);
#548=CIRCLE('',#6037,0.00062295561465596);
#549=CIRCLE('',#6038,0.00062295561465596);
#550=CIRCLE('',#6039,0.04275);
#551=CIRCLE('',#6040,0.00062295561465596);
#552=CIRCLE('',#6041,0.00062295561465596);
#553=CIRCLE('',#6042,0.04275);
#554=CIRCLE('',#6043,0.00062295561465596);
#555=CIRCLE('',#6044,0.00062295561465596);
#556=CIRCLE('',#6045,0.04275);
#557=CIRCLE('',#6046,0.00062295561465596);
#558=CIRCLE('',#6047,0.0468);
#559=CIRCLE('',#6048,0.00062295561465596);
#560=CIRCLE('',#6049,0.04275);
#561=CIRCLE('',#6050,0.00062295561465596);
#562=CIRCLE('',#6051,0.00062295561465596);
#563=CIRCLE('',#6052,0.04275);
#564=CIRCLE('',#6054,0.0468);
#565=CIRCLE('',#6056,0.040325);
#566=CIRCLE('',#6057,0.00062295561465596);
#567=CIRCLE('',#6058,0.00062295561465596);
#568=CIRCLE('',#6059,0.04275);
#569=CIRCLE('',#6060,0.00062295561465596);
#570=CIRCLE('',#6061,0.00062295561465596);
#571=CIRCLE('',#6062,0.04275);
#572=CIRCLE('',#6063,0.00062295561465596);
#573=CIRCLE('',#6064,0.00062295561465596);
#574=CIRCLE('',#6065,0.04275);
#575=CIRCLE('',#6066,0.00062295561465596);
#576=CIRCLE('',#6067,0.00062295561465596);
#577=CIRCLE('',#6068,0.04275);
#578=CIRCLE('',#6069,0.00062295561465596);
#579=CIRCLE('',#6070,0.00062295561465596);
#580=CIRCLE('',#6071,0.04275);
#581=CIRCLE('',#6072,0.00062295561465596);
#582=CIRCLE('',#6073,0.00062295561465596);
#583=CIRCLE('',#6074,0.04275);
#584=CIRCLE('',#6075,0.00062295561465596);
#585=CIRCLE('',#6076,0.00062295561465596);
#586=CIRCLE('',#6077,0.04275);
#587=CIRCLE('',#6078,0.00062295561465596);
#588=CIRCLE('',#6079,0.00062295561465596);
#589=CIRCLE('',#6080,0.04275);
#590=CIRCLE('',#6081,0.00062295561465596);
#591=CIRCLE('',#6082,0.00062295561465596);
#592=CIRCLE('',#6083,0.04275);
#593=CIRCLE('',#6084,0.00062295561465596);
#594=CIRCLE('',#6085,0.00062295561465596);
#595=CIRCLE('',#6086,0.04275);
#596=CIRCLE('',#6087,0.00062295561465596);
#597=CIRCLE('',#6088,0.00062295561465596);
#598=CIRCLE('',#6089,0.04275);
#599=CIRCLE('',#6090,0.00062295561465596);
#600=CIRCLE('',#6091,0.00062295561465596);
#601=CIRCLE('',#6092,0.04275);
#602=CIRCLE('',#6093,0.00062295561465596);
#603=CIRCLE('',#6094,0.00062295561465596);
#604=CIRCLE('',#6095,0.04275);
#605=CIRCLE('',#6096,0.00062295561465596);
#606=CIRCLE('',#6097,0.00062295561465596);
#607=CIRCLE('',#6098,0.04275);
#608=CIRCLE('',#6099,0.00062295561465596);
#609=CIRCLE('',#6100,0.00062295561465596);
#610=CIRCLE('',#6101,0.04275);
#611=CIRCLE('',#6102,0.00062295561465596);
#612=CIRCLE('',#6103,0.00062295561465596);
#613=CIRCLE('',#6104,0.04275);
#614=CIRCLE('',#6105,0.00062295561465596);
#615=CIRCLE('',#6106,0.00062295561465596);
#616=CIRCLE('',#6107,0.04275);
#617=CIRCLE('',#6108,0.00062295561465596);
#618=CIRCLE('',#6109,0.00062295561465596);
#619=CIRCLE('',#6110,0.04275);
#620=CIRCLE('',#6111,0.00062295561465596);
#621=CIRCLE('',#6112,0.00062295561465596);
#622=CIRCLE('',#6113,0.04275);
#623=CIRCLE('',#6114,0.00062295561465596);
#624=CIRCLE('',#6115,0.00062295561465596);
#625=CIRCLE('',#6116,0.04275);
#626=CIRCLE('',#6117,0.00062295561465596);
#627=CIRCLE('',#6118,0.00062295561465596);
#628=CIRCLE('',#6119,0.04275);
#629=CIRCLE('',#6120,0.00062295561465596);
#630=CIRCLE('',#6121,0.00062295561465596);
#631=CIRCLE('',#6122,0.04275);
#632=CIRCLE('',#6123,0.00062295561465596);
#633=CIRCLE('',#6124,0.00062295561465596);
#634=CIRCLE('',#6125,0.04275);
#635=CIRCLE('',#6126,0.00062295561465596);
#636=CIRCLE('',#6127,0.00062295561465596);
#637=CIRCLE('',#6128,0.04275);
#638=CIRCLE('',#6129,0.00062295561465596);
#639=CIRCLE('',#6130,0.00062295561465596);
#640=CIRCLE('',#6131,0.04275);
#641=CIRCLE('',#6132,0.00062295561465596);
#642=CIRCLE('',#6133,0.00062295561465596);
#643=CIRCLE('',#6134,0.04275);
#644=CIRCLE('',#6135,0.00062295561465596);
#645=CIRCLE('',#6136,0.00062295561465596);
#646=CIRCLE('',#6137,0.04275);
#647=CIRCLE('',#6138,0.00062295561465596);
#648=CIRCLE('',#6139,0.00062295561465596);
#649=CIRCLE('',#6140,0.04275);
#650=CIRCLE('',#6141,0.00062295561465596);
#651=CIRCLE('',#6142,0.00062295561465596);
#652=CIRCLE('',#6143,0.04275);
#653=CIRCLE('',#6144,0.00062295561465596);
#654=CIRCLE('',#6145,0.00062295561465596);
#655=CIRCLE('',#6146,0.04275);
#656=CIRCLE('',#6147,0.00062295561465596);
#657=CIRCLE('',#6148,0.00062295561465596);
#658=CIRCLE('',#6149,0.04275);
#659=CIRCLE('',#6150,0.00062295561465596);
#660=CIRCLE('',#6151,0.00062295561465596);
#661=CIRCLE('',#6152,0.04275);
#662=CIRCLE('',#6153,0.00062295561465596);
#663=CIRCLE('',#6154,0.00062295561465596);
#664=CIRCLE('',#6155,0.04275);
#665=CIRCLE('',#6156,0.00062295561465596);
#666=CIRCLE('',#6157,0.00062295561465596);
#667=CIRCLE('',#6158,0.04275);
#668=CIRCLE('',#6159,0.00062295561465596);
#669=CIRCLE('',#6160,0.00062295561465596);
#670=CIRCLE('',#6161,0.04275);
#671=CIRCLE('',#6162,0.00062295561465596);
#672=CIRCLE('',#6163,0.00062295561465596);
#673=CIRCLE('',#6164,0.04275);
#674=CIRCLE('',#6165,0.00062295561465596);
#675=CIRCLE('',#6166,0.00062295561465596);
#676=CIRCLE('',#6167,0.04275);
#677=CIRCLE('',#6168,0.00062295561465596);
#678=CIRCLE('',#6169,0.00062295561465596);
#679=CIRCLE('',#6170,0.04275);
#680=CIRCLE('',#6171,0.00062295561465596);
#681=CIRCLE('',#6172,0.00062295561465596);
#682=CIRCLE('',#6173,0.04275);
#683=CIRCLE('',#6174,0.00062295561465596);
#684=CIRCLE('',#6175,0.00062295561465596);
#685=CIRCLE('',#6176,0.04275);
#686=CIRCLE('',#6177,0.00062295561465596);
#687=CIRCLE('',#6178,0.00062295561465596);
#688=CIRCLE('',#6179,0.04275);
#689=CIRCLE('',#6180,0.00062295561465596);
#690=CIRCLE('',#6181,0.00062295561465596);
#691=CIRCLE('',#6182,0.04275);
#692=CIRCLE('',#6183,0.00062295561465596);
#693=CIRCLE('',#6184,0.00062295561465596);
#694=CIRCLE('',#6185,0.04275);
#695=CIRCLE('',#6186,0.00062295561465596);
#696=CIRCLE('',#6187,0.00062295561465596);
#697=CIRCLE('',#6188,0.04275);
#698=CIRCLE('',#6189,0.00062295561465596);
#699=CIRCLE('',#6190,0.00062295561465596);
#700=CIRCLE('',#6191,0.04275);
#701=CIRCLE('',#6192,0.00062295561465596);
#702=CIRCLE('',#6193,0.00062295561465596);
#703=CIRCLE('',#6194,0.04275);
#704=CIRCLE('',#6195,0.00062295561465596);
#705=CIRCLE('',#6196,0.00062295561465596);
#706=CIRCLE('',#6197,0.04275);
#707=CIRCLE('',#6198,0.00062295561465596);
#708=CIRCLE('',#6199,0.00062295561465596);
#709=CIRCLE('',#6200,0.04275);
#710=CIRCLE('',#6201,0.00062295561465596);
#711=CIRCLE('',#6202,0.00062295561465596);
#712=CIRCLE('',#6203,0.04275);
#713=CIRCLE('',#6204,0.00062295561465596);
#714=CIRCLE('',#6205,0.00062295561465596);
#715=CIRCLE('',#6206,0.04275);
#716=ORIENTED_EDGE('',*,*,#2520,.F.);
#717=ORIENTED_EDGE('',*,*,#2521,.F.);
#718=ORIENTED_EDGE('',*,*,#2522,.T.);
#719=ORIENTED_EDGE('',*,*,#2523,.T.);
#720=ORIENTED_EDGE('',*,*,#2524,.F.);
#721=ORIENTED_EDGE('',*,*,#2525,.T.);
#722=ORIENTED_EDGE('',*,*,#2526,.T.);
#723=ORIENTED_EDGE('',*,*,#2527,.F.);
#724=ORIENTED_EDGE('',*,*,#2528,.F.);
#725=ORIENTED_EDGE('',*,*,#2529,.T.);
#726=ORIENTED_EDGE('',*,*,#2530,.T.);
#727=ORIENTED_EDGE('',*,*,#2531,.F.);
#728=ORIENTED_EDGE('',*,*,#2532,.F.);
#729=ORIENTED_EDGE('',*,*,#2533,.T.);
#730=ORIENTED_EDGE('',*,*,#2534,.T.);
#731=ORIENTED_EDGE('',*,*,#2535,.F.);
#732=ORIENTED_EDGE('',*,*,#2536,.F.);
#733=ORIENTED_EDGE('',*,*,#2537,.F.);
#734=ORIENTED_EDGE('',*,*,#2538,.T.);
#735=ORIENTED_EDGE('',*,*,#2539,.T.);
#736=ORIENTED_EDGE('',*,*,#2540,.F.);
#737=ORIENTED_EDGE('',*,*,#2541,.T.);
#738=ORIENTED_EDGE('',*,*,#2542,.T.);
#739=ORIENTED_EDGE('',*,*,#2543,.F.);
#740=ORIENTED_EDGE('',*,*,#2544,.F.);
#741=ORIENTED_EDGE('',*,*,#2545,.T.);
#742=ORIENTED_EDGE('',*,*,#2546,.T.);
#743=ORIENTED_EDGE('',*,*,#2547,.F.);
#744=ORIENTED_EDGE('',*,*,#2548,.F.);
#745=ORIENTED_EDGE('',*,*,#2549,.T.);
#746=ORIENTED_EDGE('',*,*,#2550,.T.);
#747=ORIENTED_EDGE('',*,*,#2551,.F.);
#748=ORIENTED_EDGE('',*,*,#2552,.F.);
#749=ORIENTED_EDGE('',*,*,#2553,.T.);
#750=ORIENTED_EDGE('',*,*,#2554,.T.);
#751=ORIENTED_EDGE('',*,*,#2555,.F.);
#752=ORIENTED_EDGE('',*,*,#2556,.F.);
#753=ORIENTED_EDGE('',*,*,#2557,.T.);
#754=ORIENTED_EDGE('',*,*,#2558,.T.);
#755=ORIENTED_EDGE('',*,*,#2559,.F.);
#756=ORIENTED_EDGE('',*,*,#2560,.F.);
#757=ORIENTED_EDGE('',*,*,#2561,.T.);
#758=ORIENTED_EDGE('',*,*,#2562,.T.);
#759=ORIENTED_EDGE('',*,*,#2563,.F.);
#760=ORIENTED_EDGE('',*,*,#2564,.F.);
#761=ORIENTED_EDGE('',*,*,#2565,.T.);
#762=ORIENTED_EDGE('',*,*,#2566,.T.);
#763=ORIENTED_EDGE('',*,*,#2567,.F.);
#764=ORIENTED_EDGE('',*,*,#2568,.F.);
#765=ORIENTED_EDGE('',*,*,#2569,.T.);
#766=ORIENTED_EDGE('',*,*,#2570,.T.);
#767=ORIENTED_EDGE('',*,*,#2571,.F.);
#768=ORIENTED_EDGE('',*,*,#2572,.F.);
#769=ORIENTED_EDGE('',*,*,#2573,.T.);
#770=ORIENTED_EDGE('',*,*,#2574,.T.);
#771=ORIENTED_EDGE('',*,*,#2575,.F.);
#772=ORIENTED_EDGE('',*,*,#2576,.F.);
#773=ORIENTED_EDGE('',*,*,#2577,.T.);
#774=ORIENTED_EDGE('',*,*,#2578,.T.);
#775=ORIENTED_EDGE('',*,*,#2579,.F.);
#776=ORIENTED_EDGE('',*,*,#2580,.F.);
#777=ORIENTED_EDGE('',*,*,#2581,.T.);
#778=ORIENTED_EDGE('',*,*,#2582,.T.);
#779=ORIENTED_EDGE('',*,*,#2583,.F.);
#780=ORIENTED_EDGE('',*,*,#2584,.F.);
#781=ORIENTED_EDGE('',*,*,#2585,.F.);
#782=ORIENTED_EDGE('',*,*,#2586,.T.);
#783=ORIENTED_EDGE('',*,*,#2587,.T.);
#784=ORIENTED_EDGE('',*,*,#2588,.F.);
#785=ORIENTED_EDGE('',*,*,#2589,.T.);
#786=ORIENTED_EDGE('',*,*,#2590,.T.);
#787=ORIENTED_EDGE('',*,*,#2591,.F.);
#788=ORIENTED_EDGE('',*,*,#2592,.F.);
#789=ORIENTED_EDGE('',*,*,#2593,.T.);
#790=ORIENTED_EDGE('',*,*,#2594,.T.);
#791=ORIENTED_EDGE('',*,*,#2595,.F.);
#792=ORIENTED_EDGE('',*,*,#2596,.F.);
#793=ORIENTED_EDGE('',*,*,#2597,.T.);
#794=ORIENTED_EDGE('',*,*,#2598,.T.);
#795=ORIENTED_EDGE('',*,*,#2599,.F.);
#796=ORIENTED_EDGE('',*,*,#2600,.F.);
#797=ORIENTED_EDGE('',*,*,#2601,.T.);
#798=ORIENTED_EDGE('',*,*,#2602,.T.);
#799=ORIENTED_EDGE('',*,*,#2603,.F.);
#800=ORIENTED_EDGE('',*,*,#2604,.F.);
#801=ORIENTED_EDGE('',*,*,#2605,.T.);
#802=ORIENTED_EDGE('',*,*,#2606,.T.);
#803=ORIENTED_EDGE('',*,*,#2607,.F.);
#804=ORIENTED_EDGE('',*,*,#2608,.F.);
#805=ORIENTED_EDGE('',*,*,#2609,.T.);
#806=ORIENTED_EDGE('',*,*,#2610,.T.);
#807=ORIENTED_EDGE('',*,*,#2611,.F.);
#808=ORIENTED_EDGE('',*,*,#2612,.F.);
#809=ORIENTED_EDGE('',*,*,#2613,.T.);
#810=ORIENTED_EDGE('',*,*,#2614,.T.);
#811=ORIENTED_EDGE('',*,*,#2615,.F.);
#812=ORIENTED_EDGE('',*,*,#2616,.F.);
#813=ORIENTED_EDGE('',*,*,#2617,.T.);
#814=ORIENTED_EDGE('',*,*,#2618,.T.);
#815=ORIENTED_EDGE('',*,*,#2619,.F.);
#816=ORIENTED_EDGE('',*,*,#2620,.F.);
#817=ORIENTED_EDGE('',*,*,#2621,.T.);
#818=ORIENTED_EDGE('',*,*,#2622,.T.);
#819=ORIENTED_EDGE('',*,*,#2623,.F.);
#820=ORIENTED_EDGE('',*,*,#2624,.F.);
#821=ORIENTED_EDGE('',*,*,#2625,.T.);
#822=ORIENTED_EDGE('',*,*,#2626,.T.);
#823=ORIENTED_EDGE('',*,*,#2627,.F.);
#824=ORIENTED_EDGE('',*,*,#2628,.F.);
#825=ORIENTED_EDGE('',*,*,#2629,.T.);
#826=ORIENTED_EDGE('',*,*,#2630,.T.);
#827=ORIENTED_EDGE('',*,*,#2631,.F.);
#828=ORIENTED_EDGE('',*,*,#2632,.F.);
#829=ORIENTED_EDGE('',*,*,#2633,.F.);
#830=ORIENTED_EDGE('',*,*,#2634,.T.);
#831=ORIENTED_EDGE('',*,*,#2635,.T.);
#832=ORIENTED_EDGE('',*,*,#2636,.F.);
#833=ORIENTED_EDGE('',*,*,#2637,.T.);
#834=ORIENTED_EDGE('',*,*,#2638,.T.);
#835=ORIENTED_EDGE('',*,*,#2639,.F.);
#836=ORIENTED_EDGE('',*,*,#2640,.F.);
#837=ORIENTED_EDGE('',*,*,#2641,.F.);
#838=ORIENTED_EDGE('',*,*,#2642,.T.);
#839=ORIENTED_EDGE('',*,*,#2643,.T.);
#840=ORIENTED_EDGE('',*,*,#2644,.F.);
#841=ORIENTED_EDGE('',*,*,#2645,.T.);
#842=ORIENTED_EDGE('',*,*,#2646,.T.);
#843=ORIENTED_EDGE('',*,*,#2647,.F.);
#844=ORIENTED_EDGE('',*,*,#2648,.F.);
#845=ORIENTED_EDGE('',*,*,#2649,.T.);
#846=ORIENTED_EDGE('',*,*,#2650,.T.);
#847=ORIENTED_EDGE('',*,*,#2651,.F.);
#848=ORIENTED_EDGE('',*,*,#2652,.F.);
#849=ORIENTED_EDGE('',*,*,#2653,.T.);
#850=ORIENTED_EDGE('',*,*,#2654,.T.);
#851=ORIENTED_EDGE('',*,*,#2655,.F.);
#852=ORIENTED_EDGE('',*,*,#2656,.F.);
#853=ORIENTED_EDGE('',*,*,#2657,.T.);
#854=ORIENTED_EDGE('',*,*,#2658,.T.);
#855=ORIENTED_EDGE('',*,*,#2659,.F.);
#856=ORIENTED_EDGE('',*,*,#2660,.F.);
#857=ORIENTED_EDGE('',*,*,#2661,.T.);
#858=ORIENTED_EDGE('',*,*,#2662,.T.);
#859=ORIENTED_EDGE('',*,*,#2663,.F.);
#860=ORIENTED_EDGE('',*,*,#2664,.F.);
#861=ORIENTED_EDGE('',*,*,#2665,.T.);
#862=ORIENTED_EDGE('',*,*,#2666,.T.);
#863=ORIENTED_EDGE('',*,*,#2667,.F.);
#864=ORIENTED_EDGE('',*,*,#2668,.F.);
#865=ORIENTED_EDGE('',*,*,#2669,.T.);
#866=ORIENTED_EDGE('',*,*,#2670,.T.);
#867=ORIENTED_EDGE('',*,*,#2671,.F.);
#868=ORIENTED_EDGE('',*,*,#2672,.F.);
#869=ORIENTED_EDGE('',*,*,#2673,.T.);
#870=ORIENTED_EDGE('',*,*,#2674,.T.);
#871=ORIENTED_EDGE('',*,*,#2675,.F.);
#872=ORIENTED_EDGE('',*,*,#2676,.F.);
#873=ORIENTED_EDGE('',*,*,#2677,.T.);
#874=ORIENTED_EDGE('',*,*,#2678,.T.);
#875=ORIENTED_EDGE('',*,*,#2679,.F.);
#876=ORIENTED_EDGE('',*,*,#2680,.F.);
#877=ORIENTED_EDGE('',*,*,#2681,.F.);
#878=ORIENTED_EDGE('',*,*,#2682,.T.);
#879=ORIENTED_EDGE('',*,*,#2683,.T.);
#880=ORIENTED_EDGE('',*,*,#2684,.F.);
#881=ORIENTED_EDGE('',*,*,#2685,.F.);
#882=ORIENTED_EDGE('',*,*,#2686,.T.);
#883=ORIENTED_EDGE('',*,*,#2687,.T.);
#884=ORIENTED_EDGE('',*,*,#2688,.F.);
#885=ORIENTED_EDGE('',*,*,#2689,.F.);
#886=ORIENTED_EDGE('',*,*,#2690,.T.);
#887=ORIENTED_EDGE('',*,*,#2691,.T.);
#888=ORIENTED_EDGE('',*,*,#2692,.F.);
#889=ORIENTED_EDGE('',*,*,#2693,.F.);
#890=ORIENTED_EDGE('',*,*,#2694,.T.);
#891=ORIENTED_EDGE('',*,*,#2695,.T.);
#892=ORIENTED_EDGE('',*,*,#2696,.F.);
#893=ORIENTED_EDGE('',*,*,#2697,.T.);
#894=ORIENTED_EDGE('',*,*,#2698,.T.);
#895=ORIENTED_EDGE('',*,*,#2699,.F.);
#896=ORIENTED_EDGE('',*,*,#2700,.F.);
#897=ORIENTED_EDGE('',*,*,#2701,.T.);
#898=ORIENTED_EDGE('',*,*,#2702,.T.);
#899=ORIENTED_EDGE('',*,*,#2703,.F.);
#900=ORIENTED_EDGE('',*,*,#2704,.F.);
#901=ORIENTED_EDGE('',*,*,#2705,.F.);
#902=ORIENTED_EDGE('',*,*,#2706,.T.);
#903=ORIENTED_EDGE('',*,*,#2707,.T.);
#904=ORIENTED_EDGE('',*,*,#2708,.F.);
#905=ORIENTED_EDGE('',*,*,#2709,.T.);
#906=ORIENTED_EDGE('',*,*,#2710,.T.);
#907=ORIENTED_EDGE('',*,*,#2711,.F.);
#908=ORIENTED_EDGE('',*,*,#2712,.F.);
#909=ORIENTED_EDGE('',*,*,#2713,.T.);
#910=ORIENTED_EDGE('',*,*,#2714,.T.);
#911=ORIENTED_EDGE('',*,*,#2715,.F.);
#912=ORIENTED_EDGE('',*,*,#2716,.F.);
#913=ORIENTED_EDGE('',*,*,#2717,.F.);
#914=ORIENTED_EDGE('',*,*,#2718,.T.);
#915=ORIENTED_EDGE('',*,*,#2524,.T.);
#916=ORIENTED_EDGE('',*,*,#2719,.F.);
#917=ORIENTED_EDGE('',*,*,#2720,.F.);
#918=ORIENTED_EDGE('',*,*,#2721,.T.);
#919=ORIENTED_EDGE('',*,*,#2722,.F.);
#920=ORIENTED_EDGE('',*,*,#2723,.T.);
#921=ORIENTED_EDGE('',*,*,#2528,.T.);
#922=ORIENTED_EDGE('',*,*,#2724,.F.);
#923=ORIENTED_EDGE('',*,*,#2725,.F.);
#924=ORIENTED_EDGE('',*,*,#2726,.T.);
#925=ORIENTED_EDGE('',*,*,#2727,.F.);
#926=ORIENTED_EDGE('',*,*,#2728,.T.);
#927=ORIENTED_EDGE('',*,*,#2532,.T.);
#928=ORIENTED_EDGE('',*,*,#2729,.F.);
#929=ORIENTED_EDGE('',*,*,#2730,.F.);
#930=ORIENTED_EDGE('',*,*,#2731,.T.);
#931=ORIENTED_EDGE('',*,*,#2732,.F.);
#932=ORIENTED_EDGE('',*,*,#2733,.T.);
#933=ORIENTED_EDGE('',*,*,#2544,.T.);
#934=ORIENTED_EDGE('',*,*,#2734,.F.);
#935=ORIENTED_EDGE('',*,*,#2735,.F.);
#936=ORIENTED_EDGE('',*,*,#2736,.T.);
#937=ORIENTED_EDGE('',*,*,#2737,.F.);
#938=ORIENTED_EDGE('',*,*,#2738,.T.);
#939=ORIENTED_EDGE('',*,*,#2548,.T.);
#940=ORIENTED_EDGE('',*,*,#2739,.F.);
#941=ORIENTED_EDGE('',*,*,#2740,.F.);
#942=ORIENTED_EDGE('',*,*,#2741,.T.);
#943=ORIENTED_EDGE('',*,*,#2742,.F.);
#944=ORIENTED_EDGE('',*,*,#2743,.T.);
#945=ORIENTED_EDGE('',*,*,#2537,.T.);
#946=ORIENTED_EDGE('',*,*,#2744,.F.);
#947=ORIENTED_EDGE('',*,*,#2745,.F.);
#948=ORIENTED_EDGE('',*,*,#2746,.T.);
#949=ORIENTED_EDGE('',*,*,#2747,.F.);
#950=ORIENTED_EDGE('',*,*,#2748,.T.);
#951=ORIENTED_EDGE('',*,*,#2540,.T.);
#952=ORIENTED_EDGE('',*,*,#2749,.F.);
#953=ORIENTED_EDGE('',*,*,#2750,.F.);
#954=ORIENTED_EDGE('',*,*,#2751,.T.);
#955=ORIENTED_EDGE('',*,*,#2752,.F.);
#956=ORIENTED_EDGE('',*,*,#2753,.T.);
#957=ORIENTED_EDGE('',*,*,#2552,.T.);
#958=ORIENTED_EDGE('',*,*,#2754,.F.);
#959=ORIENTED_EDGE('',*,*,#2755,.F.);
#960=ORIENTED_EDGE('',*,*,#2756,.T.);
#961=ORIENTED_EDGE('',*,*,#2757,.F.);
#962=ORIENTED_EDGE('',*,*,#2758,.T.);
#963=ORIENTED_EDGE('',*,*,#2556,.T.);
#964=ORIENTED_EDGE('',*,*,#2759,.F.);
#965=ORIENTED_EDGE('',*,*,#2760,.F.);
#966=ORIENTED_EDGE('',*,*,#2761,.T.);
#967=ORIENTED_EDGE('',*,*,#2762,.F.);
#968=ORIENTED_EDGE('',*,*,#2763,.T.);
#969=ORIENTED_EDGE('',*,*,#2560,.T.);
#970=ORIENTED_EDGE('',*,*,#2764,.F.);
#971=ORIENTED_EDGE('',*,*,#2765,.F.);
#972=ORIENTED_EDGE('',*,*,#2766,.T.);
#973=ORIENTED_EDGE('',*,*,#2767,.F.);
#974=ORIENTED_EDGE('',*,*,#2768,.T.);
#975=ORIENTED_EDGE('',*,*,#2564,.T.);
#976=ORIENTED_EDGE('',*,*,#2769,.F.);
#977=ORIENTED_EDGE('',*,*,#2770,.F.);
#978=ORIENTED_EDGE('',*,*,#2771,.T.);
#979=ORIENTED_EDGE('',*,*,#2772,.F.);
#980=ORIENTED_EDGE('',*,*,#2773,.T.);
#981=ORIENTED_EDGE('',*,*,#2568,.T.);
#982=ORIENTED_EDGE('',*,*,#2774,.F.);
#983=ORIENTED_EDGE('',*,*,#2775,.F.);
#984=ORIENTED_EDGE('',*,*,#2776,.T.);
#985=ORIENTED_EDGE('',*,*,#2777,.F.);
#986=ORIENTED_EDGE('',*,*,#2778,.T.);
#987=ORIENTED_EDGE('',*,*,#2572,.T.);
#988=ORIENTED_EDGE('',*,*,#2779,.F.);
#989=ORIENTED_EDGE('',*,*,#2780,.F.);
#990=ORIENTED_EDGE('',*,*,#2781,.T.);
#991=ORIENTED_EDGE('',*,*,#2782,.F.);
#992=ORIENTED_EDGE('',*,*,#2783,.T.);
#993=ORIENTED_EDGE('',*,*,#2576,.T.);
#994=ORIENTED_EDGE('',*,*,#2784,.F.);
#995=ORIENTED_EDGE('',*,*,#2785,.F.);
#996=ORIENTED_EDGE('',*,*,#2786,.T.);
#997=ORIENTED_EDGE('',*,*,#2787,.F.);
#998=ORIENTED_EDGE('',*,*,#2788,.T.);
#999=ORIENTED_EDGE('',*,*,#2580,.T.);
#1000=ORIENTED_EDGE('',*,*,#2789,.F.);
#1001=ORIENTED_EDGE('',*,*,#2790,.F.);
#1002=ORIENTED_EDGE('',*,*,#2791,.T.);
#1003=ORIENTED_EDGE('',*,*,#2792,.F.);
#1004=ORIENTED_EDGE('',*,*,#2793,.T.);
#1005=ORIENTED_EDGE('',*,*,#2592,.T.);
#1006=ORIENTED_EDGE('',*,*,#2794,.F.);
#1007=ORIENTED_EDGE('',*,*,#2795,.F.);
#1008=ORIENTED_EDGE('',*,*,#2796,.T.);
#1009=ORIENTED_EDGE('',*,*,#2797,.F.);
#1010=ORIENTED_EDGE('',*,*,#2798,.T.);
#1011=ORIENTED_EDGE('',*,*,#2596,.T.);
#1012=ORIENTED_EDGE('',*,*,#2799,.F.);
#1013=ORIENTED_EDGE('',*,*,#2800,.F.);
#1014=ORIENTED_EDGE('',*,*,#2801,.T.);
#1015=ORIENTED_EDGE('',*,*,#2802,.F.);
#1016=ORIENTED_EDGE('',*,*,#2803,.T.);
#1017=ORIENTED_EDGE('',*,*,#2585,.T.);
#1018=ORIENTED_EDGE('',*,*,#2804,.F.);
#1019=ORIENTED_EDGE('',*,*,#2805,.F.);
#1020=ORIENTED_EDGE('',*,*,#2806,.T.);
#1021=ORIENTED_EDGE('',*,*,#2807,.F.);
#1022=ORIENTED_EDGE('',*,*,#2808,.T.);
#1023=ORIENTED_EDGE('',*,*,#2588,.T.);
#1024=ORIENTED_EDGE('',*,*,#2809,.F.);
#1025=ORIENTED_EDGE('',*,*,#2810,.F.);
#1026=ORIENTED_EDGE('',*,*,#2811,.T.);
#1027=ORIENTED_EDGE('',*,*,#2812,.F.);
#1028=ORIENTED_EDGE('',*,*,#2813,.T.);
#1029=ORIENTED_EDGE('',*,*,#2600,.T.);
#1030=ORIENTED_EDGE('',*,*,#2814,.F.);
#1031=ORIENTED_EDGE('',*,*,#2815,.F.);
#1032=ORIENTED_EDGE('',*,*,#2816,.T.);
#1033=ORIENTED_EDGE('',*,*,#2817,.F.);
#1034=ORIENTED_EDGE('',*,*,#2818,.T.);
#1035=ORIENTED_EDGE('',*,*,#2604,.T.);
#1036=ORIENTED_EDGE('',*,*,#2819,.F.);
#1037=ORIENTED_EDGE('',*,*,#2820,.F.);
#1038=ORIENTED_EDGE('',*,*,#2821,.T.);
#1039=ORIENTED_EDGE('',*,*,#2822,.F.);
#1040=ORIENTED_EDGE('',*,*,#2823,.T.);
#1041=ORIENTED_EDGE('',*,*,#2608,.T.);
#1042=ORIENTED_EDGE('',*,*,#2824,.F.);
#1043=ORIENTED_EDGE('',*,*,#2825,.F.);
#1044=ORIENTED_EDGE('',*,*,#2826,.T.);
#1045=ORIENTED_EDGE('',*,*,#2827,.F.);
#1046=ORIENTED_EDGE('',*,*,#2828,.T.);
#1047=ORIENTED_EDGE('',*,*,#2612,.T.);
#1048=ORIENTED_EDGE('',*,*,#2829,.F.);
#1049=ORIENTED_EDGE('',*,*,#2830,.F.);
#1050=ORIENTED_EDGE('',*,*,#2831,.T.);
#1051=ORIENTED_EDGE('',*,*,#2832,.F.);
#1052=ORIENTED_EDGE('',*,*,#2833,.T.);
#1053=ORIENTED_EDGE('',*,*,#2616,.T.);
#1054=ORIENTED_EDGE('',*,*,#2834,.F.);
#1055=ORIENTED_EDGE('',*,*,#2835,.F.);
#1056=ORIENTED_EDGE('',*,*,#2836,.T.);
#1057=ORIENTED_EDGE('',*,*,#2837,.F.);
#1058=ORIENTED_EDGE('',*,*,#2838,.T.);
#1059=ORIENTED_EDGE('',*,*,#2620,.T.);
#1060=ORIENTED_EDGE('',*,*,#2839,.F.);
#1061=ORIENTED_EDGE('',*,*,#2840,.F.);
#1062=ORIENTED_EDGE('',*,*,#2841,.T.);
#1063=ORIENTED_EDGE('',*,*,#2842,.F.);
#1064=ORIENTED_EDGE('',*,*,#2843,.T.);
#1065=ORIENTED_EDGE('',*,*,#2624,.T.);
#1066=ORIENTED_EDGE('',*,*,#2844,.F.);
#1067=ORIENTED_EDGE('',*,*,#2845,.F.);
#1068=ORIENTED_EDGE('',*,*,#2846,.T.);
#1069=ORIENTED_EDGE('',*,*,#2847,.F.);
#1070=ORIENTED_EDGE('',*,*,#2848,.T.);
#1071=ORIENTED_EDGE('',*,*,#2628,.T.);
#1072=ORIENTED_EDGE('',*,*,#2849,.F.);
#1073=ORIENTED_EDGE('',*,*,#2850,.F.);
#1074=ORIENTED_EDGE('',*,*,#2851,.T.);
#1075=ORIENTED_EDGE('',*,*,#2852,.F.);
#1076=ORIENTED_EDGE('',*,*,#2853,.T.);
#1077=ORIENTED_EDGE('',*,*,#2644,.T.);
#1078=ORIENTED_EDGE('',*,*,#2854,.F.);
#1079=ORIENTED_EDGE('',*,*,#2855,.F.);
#1080=ORIENTED_EDGE('',*,*,#2856,.T.);
#1081=ORIENTED_EDGE('',*,*,#2857,.F.);
#1082=ORIENTED_EDGE('',*,*,#2858,.T.);
#1083=ORIENTED_EDGE('',*,*,#2641,.T.);
#1084=ORIENTED_EDGE('',*,*,#2859,.F.);
#1085=ORIENTED_EDGE('',*,*,#2860,.F.);
#1086=ORIENTED_EDGE('',*,*,#2861,.T.);
#1087=ORIENTED_EDGE('',*,*,#2862,.F.);
#1088=ORIENTED_EDGE('',*,*,#2863,.T.);
#1089=ORIENTED_EDGE('',*,*,#2633,.T.);
#1090=ORIENTED_EDGE('',*,*,#2864,.F.);
#1091=ORIENTED_EDGE('',*,*,#2865,.F.);
#1092=ORIENTED_EDGE('',*,*,#2866,.T.);
#1093=ORIENTED_EDGE('',*,*,#2867,.F.);
#1094=ORIENTED_EDGE('',*,*,#2868,.T.);
#1095=ORIENTED_EDGE('',*,*,#2636,.T.);
#1096=ORIENTED_EDGE('',*,*,#2869,.F.);
#1097=ORIENTED_EDGE('',*,*,#2870,.F.);
#1098=ORIENTED_EDGE('',*,*,#2871,.T.);
#1099=ORIENTED_EDGE('',*,*,#2872,.F.);
#1100=ORIENTED_EDGE('',*,*,#2873,.T.);
#1101=ORIENTED_EDGE('',*,*,#2648,.T.);
#1102=ORIENTED_EDGE('',*,*,#2874,.F.);
#1103=ORIENTED_EDGE('',*,*,#2875,.F.);
#1104=ORIENTED_EDGE('',*,*,#2876,.T.);
#1105=ORIENTED_EDGE('',*,*,#2877,.F.);
#1106=ORIENTED_EDGE('',*,*,#2878,.T.);
#1107=ORIENTED_EDGE('',*,*,#2652,.T.);
#1108=ORIENTED_EDGE('',*,*,#2879,.F.);
#1109=ORIENTED_EDGE('',*,*,#2880,.F.);
#1110=ORIENTED_EDGE('',*,*,#2881,.T.);
#1111=ORIENTED_EDGE('',*,*,#2882,.F.);
#1112=ORIENTED_EDGE('',*,*,#2883,.T.);
#1113=ORIENTED_EDGE('',*,*,#2656,.T.);
#1114=ORIENTED_EDGE('',*,*,#2884,.F.);
#1115=ORIENTED_EDGE('',*,*,#2885,.F.);
#1116=ORIENTED_EDGE('',*,*,#2886,.T.);
#1117=ORIENTED_EDGE('',*,*,#2887,.F.);
#1118=ORIENTED_EDGE('',*,*,#2888,.T.);
#1119=ORIENTED_EDGE('',*,*,#2660,.T.);
#1120=ORIENTED_EDGE('',*,*,#2889,.F.);
#1121=ORIENTED_EDGE('',*,*,#2890,.F.);
#1122=ORIENTED_EDGE('',*,*,#2891,.T.);
#1123=ORIENTED_EDGE('',*,*,#2892,.F.);
#1124=ORIENTED_EDGE('',*,*,#2893,.T.);
#1125=ORIENTED_EDGE('',*,*,#2664,.T.);
#1126=ORIENTED_EDGE('',*,*,#2894,.F.);
#1127=ORIENTED_EDGE('',*,*,#2895,.F.);
#1128=ORIENTED_EDGE('',*,*,#2896,.T.);
#1129=ORIENTED_EDGE('',*,*,#2897,.F.);
#1130=ORIENTED_EDGE('',*,*,#2898,.T.);
#1131=ORIENTED_EDGE('',*,*,#2668,.T.);
#1132=ORIENTED_EDGE('',*,*,#2899,.F.);
#1133=ORIENTED_EDGE('',*,*,#2900,.F.);
#1134=ORIENTED_EDGE('',*,*,#2901,.T.);
#1135=ORIENTED_EDGE('',*,*,#2902,.F.);
#1136=ORIENTED_EDGE('',*,*,#2903,.T.);
#1137=ORIENTED_EDGE('',*,*,#2672,.T.);
#1138=ORIENTED_EDGE('',*,*,#2904,.F.);
#1139=ORIENTED_EDGE('',*,*,#2905,.F.);
#1140=ORIENTED_EDGE('',*,*,#2906,.T.);
#1141=ORIENTED_EDGE('',*,*,#2907,.F.);
#1142=ORIENTED_EDGE('',*,*,#2908,.T.);
#1143=ORIENTED_EDGE('',*,*,#2676,.T.);
#1144=ORIENTED_EDGE('',*,*,#2909,.F.);
#1145=ORIENTED_EDGE('',*,*,#2910,.F.);
#1146=ORIENTED_EDGE('',*,*,#2911,.T.);
#1147=ORIENTED_EDGE('',*,*,#2912,.F.);
#1148=ORIENTED_EDGE('',*,*,#2913,.T.);
#1149=ORIENTED_EDGE('',*,*,#2696,.T.);
#1150=ORIENTED_EDGE('',*,*,#2914,.F.);
#1151=ORIENTED_EDGE('',*,*,#2915,.F.);
#1152=ORIENTED_EDGE('',*,*,#2916,.T.);
#1153=ORIENTED_EDGE('',*,*,#2917,.F.);
#1154=ORIENTED_EDGE('',*,*,#2918,.T.);
#1155=ORIENTED_EDGE('',*,*,#2700,.T.);
#1156=ORIENTED_EDGE('',*,*,#2919,.F.);
#1157=ORIENTED_EDGE('',*,*,#2920,.F.);
#1158=ORIENTED_EDGE('',*,*,#2921,.T.);
#1159=ORIENTED_EDGE('',*,*,#2922,.F.);
#1160=ORIENTED_EDGE('',*,*,#2923,.T.);
#1161=ORIENTED_EDGE('',*,*,#2708,.T.);
#1162=ORIENTED_EDGE('',*,*,#2924,.F.);
#1163=ORIENTED_EDGE('',*,*,#2925,.F.);
#1164=ORIENTED_EDGE('',*,*,#2926,.T.);
#1165=ORIENTED_EDGE('',*,*,#2927,.F.);
#1166=ORIENTED_EDGE('',*,*,#2928,.T.);
#1167=ORIENTED_EDGE('',*,*,#2705,.T.);
#1168=ORIENTED_EDGE('',*,*,#2929,.F.);
#1169=ORIENTED_EDGE('',*,*,#2930,.F.);
#1170=ORIENTED_EDGE('',*,*,#2931,.T.);
#1171=ORIENTED_EDGE('',*,*,#2932,.F.);
#1172=ORIENTED_EDGE('',*,*,#2933,.T.);
#1173=ORIENTED_EDGE('',*,*,#2693,.T.);
#1174=ORIENTED_EDGE('',*,*,#2934,.F.);
#1175=ORIENTED_EDGE('',*,*,#2935,.F.);
#1176=ORIENTED_EDGE('',*,*,#2936,.T.);
#1177=ORIENTED_EDGE('',*,*,#2937,.F.);
#1178=ORIENTED_EDGE('',*,*,#2938,.T.);
#1179=ORIENTED_EDGE('',*,*,#2689,.T.);
#1180=ORIENTED_EDGE('',*,*,#2939,.F.);
#1181=ORIENTED_EDGE('',*,*,#2940,.F.);
#1182=ORIENTED_EDGE('',*,*,#2941,.T.);
#1183=ORIENTED_EDGE('',*,*,#2942,.F.);
#1184=ORIENTED_EDGE('',*,*,#2943,.T.);
#1185=ORIENTED_EDGE('',*,*,#2685,.T.);
#1186=ORIENTED_EDGE('',*,*,#2944,.F.);
#1187=ORIENTED_EDGE('',*,*,#2945,.F.);
#1188=ORIENTED_EDGE('',*,*,#2946,.T.);
#1189=ORIENTED_EDGE('',*,*,#2947,.F.);
#1190=ORIENTED_EDGE('',*,*,#2948,.T.);
#1191=ORIENTED_EDGE('',*,*,#2681,.T.);
#1192=ORIENTED_EDGE('',*,*,#2949,.F.);
#1193=ORIENTED_EDGE('',*,*,#2950,.F.);
#1194=ORIENTED_EDGE('',*,*,#2951,.T.);
#1195=ORIENTED_EDGE('',*,*,#2952,.F.);
#1196=ORIENTED_EDGE('',*,*,#2953,.T.);
#1197=ORIENTED_EDGE('',*,*,#2712,.T.);
#1198=ORIENTED_EDGE('',*,*,#2954,.F.);
#1199=ORIENTED_EDGE('',*,*,#2955,.F.);
#1200=ORIENTED_EDGE('',*,*,#2956,.T.);
#1201=ORIENTED_EDGE('',*,*,#2957,.F.);
#1202=ORIENTED_EDGE('',*,*,#2958,.T.);
#1203=ORIENTED_EDGE('',*,*,#2959,.T.);
#1204=ORIENTED_EDGE('',*,*,#2960,.F.);
#1205=ORIENTED_EDGE('',*,*,#2961,.F.);
#1206=ORIENTED_EDGE('',*,*,#2962,.T.);
#1207=ORIENTED_EDGE('',*,*,#2963,.F.);
#1208=ORIENTED_EDGE('',*,*,#2964,.T.);
#1209=ORIENTED_EDGE('',*,*,#2521,.T.);
#1210=ORIENTED_EDGE('',*,*,#2965,.F.);
#1211=ORIENTED_EDGE('',*,*,#2966,.F.);
#1212=ORIENTED_EDGE('',*,*,#2967,.T.);
#1213=ORIENTED_EDGE('',*,*,#2959,.F.);
#1214=ORIENTED_EDGE('',*,*,#2968,.T.);
#1215=ORIENTED_EDGE('',*,*,#2969,.T.);
#1216=ORIENTED_EDGE('',*,*,#2970,.F.);
#1217=ORIENTED_EDGE('',*,*,#2971,.T.);
#1218=ORIENTED_EDGE('',*,*,#2972,.F.);
#1219=ORIENTED_EDGE('',*,*,#2973,.T.);
#1220=ORIENTED_EDGE('',*,*,#2523,.F.);
#1221=ORIENTED_EDGE('',*,*,#2974,.F.);
#1222=ORIENTED_EDGE('',*,*,#2975,.F.);
#1223=ORIENTED_EDGE('',*,*,#2976,.F.);
#1224=ORIENTED_EDGE('',*,*,#2977,.F.);
#1225=ORIENTED_EDGE('',*,*,#2978,.T.);
#1226=ORIENTED_EDGE('',*,*,#2969,.F.);
#1227=ORIENTED_EDGE('',*,*,#2979,.F.);
#1228=ORIENTED_EDGE('',*,*,#2980,.F.);
#1229=ORIENTED_EDGE('',*,*,#2981,.F.);
#1230=ORIENTED_EDGE('',*,*,#2982,.F.);
#1231=ORIENTED_EDGE('',*,*,#2983,.T.);
#1232=ORIENTED_EDGE('',*,*,#2714,.F.);
#1233=ORIENTED_EDGE('',*,*,#2984,.F.);
#1234=ORIENTED_EDGE('',*,*,#2985,.F.);
#1235=ORIENTED_EDGE('',*,*,#2986,.F.);
#1236=ORIENTED_EDGE('',*,*,#2987,.F.);
#1237=ORIENTED_EDGE('',*,*,#2988,.T.);
#1238=ORIENTED_EDGE('',*,*,#2683,.F.);
#1239=ORIENTED_EDGE('',*,*,#2989,.F.);
#1240=ORIENTED_EDGE('',*,*,#2990,.F.);
#1241=ORIENTED_EDGE('',*,*,#2991,.F.);
#1242=ORIENTED_EDGE('',*,*,#2992,.F.);
#1243=ORIENTED_EDGE('',*,*,#2993,.T.);
#1244=ORIENTED_EDGE('',*,*,#2687,.F.);
#1245=ORIENTED_EDGE('',*,*,#2994,.F.);
#1246=ORIENTED_EDGE('',*,*,#2995,.F.);
#1247=ORIENTED_EDGE('',*,*,#2996,.F.);
#1248=ORIENTED_EDGE('',*,*,#2997,.F.);
#1249=ORIENTED_EDGE('',*,*,#2998,.T.);
#1250=ORIENTED_EDGE('',*,*,#2691,.F.);
#1251=ORIENTED_EDGE('',*,*,#2999,.F.);
#1252=ORIENTED_EDGE('',*,*,#3000,.F.);
#1253=ORIENTED_EDGE('',*,*,#3001,.F.);
#1254=ORIENTED_EDGE('',*,*,#3002,.F.);
#1255=ORIENTED_EDGE('',*,*,#3003,.T.);
#1256=ORIENTED_EDGE('',*,*,#2695,.F.);
#1257=ORIENTED_EDGE('',*,*,#3004,.F.);
#1258=ORIENTED_EDGE('',*,*,#3005,.F.);
#1259=ORIENTED_EDGE('',*,*,#3006,.F.);
#1260=ORIENTED_EDGE('',*,*,#3007,.F.);
#1261=ORIENTED_EDGE('',*,*,#3008,.T.);
#1262=ORIENTED_EDGE('',*,*,#2707,.F.);
#1263=ORIENTED_EDGE('',*,*,#3009,.F.);
#1264=ORIENTED_EDGE('',*,*,#3010,.F.);
#1265=ORIENTED_EDGE('',*,*,#3011,.F.);
#1266=ORIENTED_EDGE('',*,*,#3012,.F.);
#1267=ORIENTED_EDGE('',*,*,#3013,.T.);
#1268=ORIENTED_EDGE('',*,*,#2710,.F.);
#1269=ORIENTED_EDGE('',*,*,#3014,.F.);
#1270=ORIENTED_EDGE('',*,*,#3015,.F.);
#1271=ORIENTED_EDGE('',*,*,#3016,.F.);
#1272=ORIENTED_EDGE('',*,*,#3017,.F.);
#1273=ORIENTED_EDGE('',*,*,#3018,.T.);
#1274=ORIENTED_EDGE('',*,*,#2702,.F.);
#1275=ORIENTED_EDGE('',*,*,#3019,.F.);
#1276=ORIENTED_EDGE('',*,*,#3020,.F.);
#1277=ORIENTED_EDGE('',*,*,#3021,.F.);
#1278=ORIENTED_EDGE('',*,*,#3022,.F.);
#1279=ORIENTED_EDGE('',*,*,#3023,.T.);
#1280=ORIENTED_EDGE('',*,*,#2698,.F.);
#1281=ORIENTED_EDGE('',*,*,#3024,.F.);
#1282=ORIENTED_EDGE('',*,*,#3025,.F.);
#1283=ORIENTED_EDGE('',*,*,#3026,.F.);
#1284=ORIENTED_EDGE('',*,*,#3027,.F.);
#1285=ORIENTED_EDGE('',*,*,#3028,.T.);
#1286=ORIENTED_EDGE('',*,*,#2678,.F.);
#1287=ORIENTED_EDGE('',*,*,#3029,.F.);
#1288=ORIENTED_EDGE('',*,*,#3030,.F.);
#1289=ORIENTED_EDGE('',*,*,#3031,.F.);
#1290=ORIENTED_EDGE('',*,*,#3032,.F.);
#1291=ORIENTED_EDGE('',*,*,#3033,.T.);
#1292=ORIENTED_EDGE('',*,*,#2674,.F.);
#1293=ORIENTED_EDGE('',*,*,#3034,.F.);
#1294=ORIENTED_EDGE('',*,*,#3035,.F.);
#1295=ORIENTED_EDGE('',*,*,#3036,.F.);
#1296=ORIENTED_EDGE('',*,*,#3037,.F.);
#1297=ORIENTED_EDGE('',*,*,#3038,.T.);
#1298=ORIENTED_EDGE('',*,*,#2670,.F.);
#1299=ORIENTED_EDGE('',*,*,#3039,.F.);
#1300=ORIENTED_EDGE('',*,*,#3040,.F.);
#1301=ORIENTED_EDGE('',*,*,#3041,.F.);
#1302=ORIENTED_EDGE('',*,*,#3042,.F.);
#1303=ORIENTED_EDGE('',*,*,#3043,.T.);
#1304=ORIENTED_EDGE('',*,*,#2666,.F.);
#1305=ORIENTED_EDGE('',*,*,#3044,.F.);
#1306=ORIENTED_EDGE('',*,*,#3045,.F.);
#1307=ORIENTED_EDGE('',*,*,#3046,.F.);
#1308=ORIENTED_EDGE('',*,*,#3047,.F.);
#1309=ORIENTED_EDGE('',*,*,#3048,.T.);
#1310=ORIENTED_EDGE('',*,*,#2662,.F.);
#1311=ORIENTED_EDGE('',*,*,#3049,.F.);
#1312=ORIENTED_EDGE('',*,*,#3050,.F.);
#1313=ORIENTED_EDGE('',*,*,#3051,.F.);
#1314=ORIENTED_EDGE('',*,*,#3052,.F.);
#1315=ORIENTED_EDGE('',*,*,#3053,.T.);
#1316=ORIENTED_EDGE('',*,*,#2658,.F.);
#1317=ORIENTED_EDGE('',*,*,#3054,.F.);
#1318=ORIENTED_EDGE('',*,*,#3055,.F.);
#1319=ORIENTED_EDGE('',*,*,#3056,.F.);
#1320=ORIENTED_EDGE('',*,*,#3057,.F.);
#1321=ORIENTED_EDGE('',*,*,#3058,.T.);
#1322=ORIENTED_EDGE('',*,*,#2654,.F.);
#1323=ORIENTED_EDGE('',*,*,#3059,.F.);
#1324=ORIENTED_EDGE('',*,*,#3060,.F.);
#1325=ORIENTED_EDGE('',*,*,#3061,.F.);
#1326=ORIENTED_EDGE('',*,*,#3062,.F.);
#1327=ORIENTED_EDGE('',*,*,#3063,.T.);
#1328=ORIENTED_EDGE('',*,*,#2650,.F.);
#1329=ORIENTED_EDGE('',*,*,#3064,.F.);
#1330=ORIENTED_EDGE('',*,*,#3065,.F.);
#1331=ORIENTED_EDGE('',*,*,#3066,.F.);
#1332=ORIENTED_EDGE('',*,*,#3067,.F.);
#1333=ORIENTED_EDGE('',*,*,#3068,.T.);
#1334=ORIENTED_EDGE('',*,*,#2638,.F.);
#1335=ORIENTED_EDGE('',*,*,#3069,.F.);
#1336=ORIENTED_EDGE('',*,*,#3070,.F.);
#1337=ORIENTED_EDGE('',*,*,#3071,.F.);
#1338=ORIENTED_EDGE('',*,*,#3072,.F.);
#1339=ORIENTED_EDGE('',*,*,#3073,.T.);
#1340=ORIENTED_EDGE('',*,*,#2635,.F.);
#1341=ORIENTED_EDGE('',*,*,#3074,.F.);
#1342=ORIENTED_EDGE('',*,*,#3075,.F.);
#1343=ORIENTED_EDGE('',*,*,#3076,.F.);
#1344=ORIENTED_EDGE('',*,*,#3077,.F.);
#1345=ORIENTED_EDGE('',*,*,#3078,.T.);
#1346=ORIENTED_EDGE('',*,*,#2643,.F.);
#1347=ORIENTED_EDGE('',*,*,#3079,.F.);
#1348=ORIENTED_EDGE('',*,*,#3080,.F.);
#1349=ORIENTED_EDGE('',*,*,#3081,.F.);
#1350=ORIENTED_EDGE('',*,*,#3082,.F.);
#1351=ORIENTED_EDGE('',*,*,#3083,.T.);
#1352=ORIENTED_EDGE('',*,*,#2646,.F.);
#1353=ORIENTED_EDGE('',*,*,#3084,.F.);
#1354=ORIENTED_EDGE('',*,*,#3085,.F.);
#1355=ORIENTED_EDGE('',*,*,#3086,.F.);
#1356=ORIENTED_EDGE('',*,*,#3087,.F.);
#1357=ORIENTED_EDGE('',*,*,#3088,.T.);
#1358=ORIENTED_EDGE('',*,*,#2630,.F.);
#1359=ORIENTED_EDGE('',*,*,#3089,.F.);
#1360=ORIENTED_EDGE('',*,*,#3090,.F.);
#1361=ORIENTED_EDGE('',*,*,#3091,.F.);
#1362=ORIENTED_EDGE('',*,*,#3092,.F.);
#1363=ORIENTED_EDGE('',*,*,#3093,.T.);
#1364=ORIENTED_EDGE('',*,*,#2626,.F.);
#1365=ORIENTED_EDGE('',*,*,#3094,.F.);
#1366=ORIENTED_EDGE('',*,*,#3095,.F.);
#1367=ORIENTED_EDGE('',*,*,#3096,.F.);
#1368=ORIENTED_EDGE('',*,*,#3097,.F.);
#1369=ORIENTED_EDGE('',*,*,#3098,.T.);
#1370=ORIENTED_EDGE('',*,*,#2622,.F.);
#1371=ORIENTED_EDGE('',*,*,#3099,.F.);
#1372=ORIENTED_EDGE('',*,*,#3100,.F.);
#1373=ORIENTED_EDGE('',*,*,#3101,.F.);
#1374=ORIENTED_EDGE('',*,*,#3102,.F.);
#1375=ORIENTED_EDGE('',*,*,#3103,.T.);
#1376=ORIENTED_EDGE('',*,*,#2618,.F.);
#1377=ORIENTED_EDGE('',*,*,#3104,.F.);
#1378=ORIENTED_EDGE('',*,*,#3105,.F.);
#1379=ORIENTED_EDGE('',*,*,#3106,.F.);
#1380=ORIENTED_EDGE('',*,*,#3107,.F.);
#1381=ORIENTED_EDGE('',*,*,#3108,.T.);
#1382=ORIENTED_EDGE('',*,*,#2614,.F.);
#1383=ORIENTED_EDGE('',*,*,#3109,.F.);
#1384=ORIENTED_EDGE('',*,*,#3110,.F.);
#1385=ORIENTED_EDGE('',*,*,#3111,.F.);
#1386=ORIENTED_EDGE('',*,*,#3112,.F.);
#1387=ORIENTED_EDGE('',*,*,#3113,.T.);
#1388=ORIENTED_EDGE('',*,*,#2610,.F.);
#1389=ORIENTED_EDGE('',*,*,#3114,.F.);
#1390=ORIENTED_EDGE('',*,*,#3115,.F.);
#1391=ORIENTED_EDGE('',*,*,#3116,.F.);
#1392=ORIENTED_EDGE('',*,*,#3117,.F.);
#1393=ORIENTED_EDGE('',*,*,#3118,.T.);
#1394=ORIENTED_EDGE('',*,*,#2606,.F.);
#1395=ORIENTED_EDGE('',*,*,#3119,.F.);
#1396=ORIENTED_EDGE('',*,*,#3120,.F.);
#1397=ORIENTED_EDGE('',*,*,#3121,.F.);
#1398=ORIENTED_EDGE('',*,*,#3122,.F.);
#1399=ORIENTED_EDGE('',*,*,#3123,.T.);
#1400=ORIENTED_EDGE('',*,*,#2602,.F.);
#1401=ORIENTED_EDGE('',*,*,#3124,.F.);
#1402=ORIENTED_EDGE('',*,*,#3125,.F.);
#1403=ORIENTED_EDGE('',*,*,#3126,.F.);
#1404=ORIENTED_EDGE('',*,*,#3127,.F.);
#1405=ORIENTED_EDGE('',*,*,#3128,.T.);
#1406=ORIENTED_EDGE('',*,*,#2590,.F.);
#1407=ORIENTED_EDGE('',*,*,#3129,.F.);
#1408=ORIENTED_EDGE('',*,*,#3130,.F.);
#1409=ORIENTED_EDGE('',*,*,#3131,.F.);
#1410=ORIENTED_EDGE('',*,*,#3132,.F.);
#1411=ORIENTED_EDGE('',*,*,#3133,.T.);
#1412=ORIENTED_EDGE('',*,*,#2587,.F.);
#1413=ORIENTED_EDGE('',*,*,#3134,.F.);
#1414=ORIENTED_EDGE('',*,*,#3135,.F.);
#1415=ORIENTED_EDGE('',*,*,#3136,.F.);
#1416=ORIENTED_EDGE('',*,*,#3137,.F.);
#1417=ORIENTED_EDGE('',*,*,#3138,.T.);
#1418=ORIENTED_EDGE('',*,*,#2598,.F.);
#1419=ORIENTED_EDGE('',*,*,#3139,.F.);
#1420=ORIENTED_EDGE('',*,*,#3140,.F.);
#1421=ORIENTED_EDGE('',*,*,#3141,.F.);
#1422=ORIENTED_EDGE('',*,*,#3142,.F.);
#1423=ORIENTED_EDGE('',*,*,#3143,.T.);
#1424=ORIENTED_EDGE('',*,*,#2594,.F.);
#1425=ORIENTED_EDGE('',*,*,#3144,.F.);
#1426=ORIENTED_EDGE('',*,*,#3145,.F.);
#1427=ORIENTED_EDGE('',*,*,#3146,.F.);
#1428=ORIENTED_EDGE('',*,*,#3147,.F.);
#1429=ORIENTED_EDGE('',*,*,#3148,.T.);
#1430=ORIENTED_EDGE('',*,*,#2582,.F.);
#1431=ORIENTED_EDGE('',*,*,#3149,.F.);
#1432=ORIENTED_EDGE('',*,*,#3150,.F.);
#1433=ORIENTED_EDGE('',*,*,#3151,.F.);
#1434=ORIENTED_EDGE('',*,*,#3152,.F.);
#1435=ORIENTED_EDGE('',*,*,#3153,.T.);
#1436=ORIENTED_EDGE('',*,*,#2578,.F.);
#1437=ORIENTED_EDGE('',*,*,#3154,.F.);
#1438=ORIENTED_EDGE('',*,*,#3155,.F.);
#1439=ORIENTED_EDGE('',*,*,#3156,.F.);
#1440=ORIENTED_EDGE('',*,*,#3157,.F.);
#1441=ORIENTED_EDGE('',*,*,#3158,.T.);
#1442=ORIENTED_EDGE('',*,*,#2574,.F.);
#1443=ORIENTED_EDGE('',*,*,#3159,.F.);
#1444=ORIENTED_EDGE('',*,*,#3160,.F.);
#1445=ORIENTED_EDGE('',*,*,#3161,.F.);
#1446=ORIENTED_EDGE('',*,*,#3162,.F.);
#1447=ORIENTED_EDGE('',*,*,#3163,.T.);
#1448=ORIENTED_EDGE('',*,*,#2570,.F.);
#1449=ORIENTED_EDGE('',*,*,#3164,.F.);
#1450=ORIENTED_EDGE('',*,*,#3165,.F.);
#1451=ORIENTED_EDGE('',*,*,#3166,.F.);
#1452=ORIENTED_EDGE('',*,*,#3167,.F.);
#1453=ORIENTED_EDGE('',*,*,#3168,.T.);
#1454=ORIENTED_EDGE('',*,*,#2566,.F.);
#1455=ORIENTED_EDGE('',*,*,#3169,.F.);
#1456=ORIENTED_EDGE('',*,*,#3170,.F.);
#1457=ORIENTED_EDGE('',*,*,#3171,.F.);
#1458=ORIENTED_EDGE('',*,*,#3172,.F.);
#1459=ORIENTED_EDGE('',*,*,#3173,.T.);
#1460=ORIENTED_EDGE('',*,*,#2562,.F.);
#1461=ORIENTED_EDGE('',*,*,#3174,.F.);
#1462=ORIENTED_EDGE('',*,*,#3175,.F.);
#1463=ORIENTED_EDGE('',*,*,#3176,.F.);
#1464=ORIENTED_EDGE('',*,*,#3177,.F.);
#1465=ORIENTED_EDGE('',*,*,#3178,.T.);
#1466=ORIENTED_EDGE('',*,*,#2558,.F.);
#1467=ORIENTED_EDGE('',*,*,#3179,.F.);
#1468=ORIENTED_EDGE('',*,*,#3180,.F.);
#1469=ORIENTED_EDGE('',*,*,#3181,.F.);
#1470=ORIENTED_EDGE('',*,*,#3182,.F.);
#1471=ORIENTED_EDGE('',*,*,#3183,.T.);
#1472=ORIENTED_EDGE('',*,*,#2554,.F.);
#1473=ORIENTED_EDGE('',*,*,#3184,.F.);
#1474=ORIENTED_EDGE('',*,*,#3185,.F.);
#1475=ORIENTED_EDGE('',*,*,#3186,.F.);
#1476=ORIENTED_EDGE('',*,*,#3187,.F.);
#1477=ORIENTED_EDGE('',*,*,#3188,.T.);
#1478=ORIENTED_EDGE('',*,*,#2542,.F.);
#1479=ORIENTED_EDGE('',*,*,#3189,.F.);
#1480=ORIENTED_EDGE('',*,*,#3190,.F.);
#1481=ORIENTED_EDGE('',*,*,#3191,.F.);
#1482=ORIENTED_EDGE('',*,*,#3192,.F.);
#1483=ORIENTED_EDGE('',*,*,#3193,.T.);
#1484=ORIENTED_EDGE('',*,*,#2539,.F.);
#1485=ORIENTED_EDGE('',*,*,#3194,.F.);
#1486=ORIENTED_EDGE('',*,*,#3195,.F.);
#1487=ORIENTED_EDGE('',*,*,#3196,.F.);
#1488=ORIENTED_EDGE('',*,*,#3197,.F.);
#1489=ORIENTED_EDGE('',*,*,#3198,.T.);
#1490=ORIENTED_EDGE('',*,*,#2550,.F.);
#1491=ORIENTED_EDGE('',*,*,#3199,.F.);
#1492=ORIENTED_EDGE('',*,*,#3200,.F.);
#1493=ORIENTED_EDGE('',*,*,#3201,.F.);
#1494=ORIENTED_EDGE('',*,*,#3202,.F.);
#1495=ORIENTED_EDGE('',*,*,#3203,.T.);
#1496=ORIENTED_EDGE('',*,*,#2546,.F.);
#1497=ORIENTED_EDGE('',*,*,#3204,.F.);
#1498=ORIENTED_EDGE('',*,*,#3205,.F.);
#1499=ORIENTED_EDGE('',*,*,#3206,.F.);
#1500=ORIENTED_EDGE('',*,*,#3207,.F.);
#1501=ORIENTED_EDGE('',*,*,#3208,.T.);
#1502=ORIENTED_EDGE('',*,*,#2534,.F.);
#1503=ORIENTED_EDGE('',*,*,#3209,.F.);
#1504=ORIENTED_EDGE('',*,*,#3210,.F.);
#1505=ORIENTED_EDGE('',*,*,#3211,.F.);
#1506=ORIENTED_EDGE('',*,*,#3212,.F.);
#1507=ORIENTED_EDGE('',*,*,#3213,.T.);
#1508=ORIENTED_EDGE('',*,*,#2530,.F.);
#1509=ORIENTED_EDGE('',*,*,#3214,.F.);
#1510=ORIENTED_EDGE('',*,*,#3215,.F.);
#1511=ORIENTED_EDGE('',*,*,#3216,.F.);
#1512=ORIENTED_EDGE('',*,*,#3217,.F.);
#1513=ORIENTED_EDGE('',*,*,#3218,.T.);
#1514=ORIENTED_EDGE('',*,*,#2526,.F.);
#1515=ORIENTED_EDGE('',*,*,#3219,.F.);
#1516=ORIENTED_EDGE('',*,*,#3220,.F.);
#1517=ORIENTED_EDGE('',*,*,#3221,.F.);
#1518=ORIENTED_EDGE('',*,*,#2974,.T.);
#1519=ORIENTED_EDGE('',*,*,#2522,.F.);
#1520=ORIENTED_EDGE('',*,*,#2964,.F.);
#1521=ORIENTED_EDGE('',*,*,#3222,.F.);
#1522=ORIENTED_EDGE('',*,*,#2962,.F.);
#1523=ORIENTED_EDGE('',*,*,#3223,.F.);
#1524=ORIENTED_EDGE('',*,*,#2976,.T.);
#1525=ORIENTED_EDGE('',*,*,#3224,.F.);
#1526=ORIENTED_EDGE('',*,*,#2960,.T.);
#1527=ORIENTED_EDGE('',*,*,#2970,.T.);
#1528=ORIENTED_EDGE('',*,*,#2978,.F.);
#1529=ORIENTED_EDGE('',*,*,#3225,.F.);
#1530=ORIENTED_EDGE('',*,*,#2963,.T.);
#1531=ORIENTED_EDGE('',*,*,#3224,.T.);
#1532=ORIENTED_EDGE('',*,*,#2975,.T.);
#1533=ORIENTED_EDGE('',*,*,#3222,.T.);
#1534=ORIENTED_EDGE('',*,*,#2961,.T.);
#1535=ORIENTED_EDGE('',*,*,#3225,.T.);
#1536=ORIENTED_EDGE('',*,*,#2977,.T.);
#1537=ORIENTED_EDGE('',*,*,#3223,.T.);
#1538=ORIENTED_EDGE('',*,*,#2979,.T.);
#1539=ORIENTED_EDGE('',*,*,#2968,.F.);
#1540=ORIENTED_EDGE('',*,*,#2958,.F.);
#1541=ORIENTED_EDGE('',*,*,#3226,.F.);
#1542=ORIENTED_EDGE('',*,*,#2956,.F.);
#1543=ORIENTED_EDGE('',*,*,#3227,.F.);
#1544=ORIENTED_EDGE('',*,*,#2981,.T.);
#1545=ORIENTED_EDGE('',*,*,#3228,.F.);
#1546=ORIENTED_EDGE('',*,*,#2954,.T.);
#1547=ORIENTED_EDGE('',*,*,#2715,.T.);
#1548=ORIENTED_EDGE('',*,*,#2983,.F.);
#1549=ORIENTED_EDGE('',*,*,#3229,.F.);
#1550=ORIENTED_EDGE('',*,*,#2957,.T.);
#1551=ORIENTED_EDGE('',*,*,#3228,.T.);
#1552=ORIENTED_EDGE('',*,*,#2980,.T.);
#1553=ORIENTED_EDGE('',*,*,#3226,.T.);
#1554=ORIENTED_EDGE('',*,*,#2955,.T.);
#1555=ORIENTED_EDGE('',*,*,#3229,.T.);
#1556=ORIENTED_EDGE('',*,*,#2982,.T.);
#1557=ORIENTED_EDGE('',*,*,#3227,.T.);
#1558=ORIENTED_EDGE('',*,*,#3009,.T.);
#1559=ORIENTED_EDGE('',*,*,#2706,.F.);
#1560=ORIENTED_EDGE('',*,*,#2928,.F.);
#1561=ORIENTED_EDGE('',*,*,#3230,.F.);
#1562=ORIENTED_EDGE('',*,*,#2926,.F.);
#1563=ORIENTED_EDGE('',*,*,#3231,.F.);
#1564=ORIENTED_EDGE('',*,*,#3011,.T.);
#1565=ORIENTED_EDGE('',*,*,#3232,.F.);
#1566=ORIENTED_EDGE('',*,*,#2924,.T.);
#1567=ORIENTED_EDGE('',*,*,#2711,.T.);
#1568=ORIENTED_EDGE('',*,*,#3013,.F.);
#1569=ORIENTED_EDGE('',*,*,#3233,.F.);
#1570=ORIENTED_EDGE('',*,*,#2927,.T.);
#1571=ORIENTED_EDGE('',*,*,#3232,.T.);
#1572=ORIENTED_EDGE('',*,*,#3010,.T.);
#1573=ORIENTED_EDGE('',*,*,#3230,.T.);
#1574=ORIENTED_EDGE('',*,*,#2925,.T.);
#1575=ORIENTED_EDGE('',*,*,#3233,.T.);
#1576=ORIENTED_EDGE('',*,*,#3012,.T.);
#1577=ORIENTED_EDGE('',*,*,#3231,.T.);
#1578=ORIENTED_EDGE('',*,*,#3004,.T.);
#1579=ORIENTED_EDGE('',*,*,#2694,.F.);
#1580=ORIENTED_EDGE('',*,*,#2933,.F.);
#1581=ORIENTED_EDGE('',*,*,#3234,.F.);
#1582=ORIENTED_EDGE('',*,*,#2931,.F.);
#1583=ORIENTED_EDGE('',*,*,#3235,.F.);
#1584=ORIENTED_EDGE('',*,*,#3006,.T.);
#1585=ORIENTED_EDGE('',*,*,#3236,.F.);
#1586=ORIENTED_EDGE('',*,*,#2929,.T.);
#1587=ORIENTED_EDGE('',*,*,#2704,.T.);
#1588=ORIENTED_EDGE('',*,*,#3008,.F.);
#1589=ORIENTED_EDGE('',*,*,#3237,.F.);
#1590=ORIENTED_EDGE('',*,*,#2932,.T.);
#1591=ORIENTED_EDGE('',*,*,#3236,.T.);
#1592=ORIENTED_EDGE('',*,*,#3005,.T.);
#1593=ORIENTED_EDGE('',*,*,#3234,.T.);
#1594=ORIENTED_EDGE('',*,*,#2930,.T.);
#1595=ORIENTED_EDGE('',*,*,#3237,.T.);
#1596=ORIENTED_EDGE('',*,*,#3007,.T.);
#1597=ORIENTED_EDGE('',*,*,#3235,.T.);
#1598=ORIENTED_EDGE('',*,*,#3014,.T.);
#1599=ORIENTED_EDGE('',*,*,#2709,.F.);
#1600=ORIENTED_EDGE('',*,*,#2923,.F.);
#1601=ORIENTED_EDGE('',*,*,#3238,.F.);
#1602=ORIENTED_EDGE('',*,*,#2921,.F.);
#1603=ORIENTED_EDGE('',*,*,#3239,.F.);
#1604=ORIENTED_EDGE('',*,*,#3016,.T.);
#1605=ORIENTED_EDGE('',*,*,#3240,.F.);
#1606=ORIENTED_EDGE('',*,*,#2919,.T.);
#1607=ORIENTED_EDGE('',*,*,#2703,.T.);
#1608=ORIENTED_EDGE('',*,*,#3018,.F.);
#1609=ORIENTED_EDGE('',*,*,#3241,.F.);
#1610=ORIENTED_EDGE('',*,*,#2922,.T.);
#1611=ORIENTED_EDGE('',*,*,#3240,.T.);
#1612=ORIENTED_EDGE('',*,*,#3015,.T.);
#1613=ORIENTED_EDGE('',*,*,#3238,.T.);
#1614=ORIENTED_EDGE('',*,*,#2920,.T.);
#1615=ORIENTED_EDGE('',*,*,#3241,.T.);
#1616=ORIENTED_EDGE('',*,*,#3017,.T.);
#1617=ORIENTED_EDGE('',*,*,#3239,.T.);
#1618=ORIENTED_EDGE('',*,*,#3019,.T.);
#1619=ORIENTED_EDGE('',*,*,#2701,.F.);
#1620=ORIENTED_EDGE('',*,*,#2918,.F.);
#1621=ORIENTED_EDGE('',*,*,#3242,.F.);
#1622=ORIENTED_EDGE('',*,*,#2916,.F.);
#1623=ORIENTED_EDGE('',*,*,#3243,.F.);
#1624=ORIENTED_EDGE('',*,*,#3021,.T.);
#1625=ORIENTED_EDGE('',*,*,#3244,.F.);
#1626=ORIENTED_EDGE('',*,*,#2914,.T.);
#1627=ORIENTED_EDGE('',*,*,#2699,.T.);
#1628=ORIENTED_EDGE('',*,*,#3023,.F.);
#1629=ORIENTED_EDGE('',*,*,#3245,.F.);
#1630=ORIENTED_EDGE('',*,*,#2917,.T.);
#1631=ORIENTED_EDGE('',*,*,#3244,.T.);
#1632=ORIENTED_EDGE('',*,*,#3020,.T.);
#1633=ORIENTED_EDGE('',*,*,#3242,.T.);
#1634=ORIENTED_EDGE('',*,*,#2915,.T.);
#1635=ORIENTED_EDGE('',*,*,#3245,.T.);
#1636=ORIENTED_EDGE('',*,*,#3022,.T.);
#1637=ORIENTED_EDGE('',*,*,#3243,.T.);
#1638=ORIENTED_EDGE('',*,*,#2999,.T.);
#1639=ORIENTED_EDGE('',*,*,#2690,.F.);
#1640=ORIENTED_EDGE('',*,*,#2938,.F.);
#1641=ORIENTED_EDGE('',*,*,#3246,.F.);
#1642=ORIENTED_EDGE('',*,*,#2936,.F.);
#1643=ORIENTED_EDGE('',*,*,#3247,.F.);
#1644=ORIENTED_EDGE('',*,*,#3001,.T.);
#1645=ORIENTED_EDGE('',*,*,#3248,.F.);
#1646=ORIENTED_EDGE('',*,*,#2934,.T.);
#1647=ORIENTED_EDGE('',*,*,#2692,.T.);
#1648=ORIENTED_EDGE('',*,*,#3003,.F.);
#1649=ORIENTED_EDGE('',*,*,#3249,.F.);
#1650=ORIENTED_EDGE('',*,*,#2937,.T.);
#1651=ORIENTED_EDGE('',*,*,#3248,.T.);
#1652=ORIENTED_EDGE('',*,*,#3000,.T.);
#1653=ORIENTED_EDGE('',*,*,#3246,.T.);
#1654=ORIENTED_EDGE('',*,*,#2935,.T.);
#1655=ORIENTED_EDGE('',*,*,#3249,.T.);
#1656=ORIENTED_EDGE('',*,*,#3002,.T.);
#1657=ORIENTED_EDGE('',*,*,#3247,.T.);
#1658=ORIENTED_EDGE('',*,*,#2994,.T.);
#1659=ORIENTED_EDGE('',*,*,#2686,.F.);
#1660=ORIENTED_EDGE('',*,*,#2943,.F.);
#1661=ORIENTED_EDGE('',*,*,#3250,.F.);
#1662=ORIENTED_EDGE('',*,*,#2941,.F.);
#1663=ORIENTED_EDGE('',*,*,#3251,.F.);
#1664=ORIENTED_EDGE('',*,*,#2996,.T.);
#1665=ORIENTED_EDGE('',*,*,#3252,.F.);
#1666=ORIENTED_EDGE('',*,*,#2939,.T.);
#1667=ORIENTED_EDGE('',*,*,#2688,.T.);
#1668=ORIENTED_EDGE('',*,*,#2998,.F.);
#1669=ORIENTED_EDGE('',*,*,#3253,.F.);
#1670=ORIENTED_EDGE('',*,*,#2942,.T.);
#1671=ORIENTED_EDGE('',*,*,#3252,.T.);
#1672=ORIENTED_EDGE('',*,*,#2995,.T.);
#1673=ORIENTED_EDGE('',*,*,#3250,.T.);
#1674=ORIENTED_EDGE('',*,*,#2940,.T.);
#1675=ORIENTED_EDGE('',*,*,#3253,.T.);
#1676=ORIENTED_EDGE('',*,*,#2997,.T.);
#1677=ORIENTED_EDGE('',*,*,#3251,.T.);
#1678=ORIENTED_EDGE('',*,*,#2989,.T.);
#1679=ORIENTED_EDGE('',*,*,#2682,.F.);
#1680=ORIENTED_EDGE('',*,*,#2948,.F.);
#1681=ORIENTED_EDGE('',*,*,#3254,.F.);
#1682=ORIENTED_EDGE('',*,*,#2946,.F.);
#1683=ORIENTED_EDGE('',*,*,#3255,.F.);
#1684=ORIENTED_EDGE('',*,*,#2991,.T.);
#1685=ORIENTED_EDGE('',*,*,#3256,.F.);
#1686=ORIENTED_EDGE('',*,*,#2944,.T.);
#1687=ORIENTED_EDGE('',*,*,#2684,.T.);
#1688=ORIENTED_EDGE('',*,*,#2993,.F.);
#1689=ORIENTED_EDGE('',*,*,#3257,.F.);
#1690=ORIENTED_EDGE('',*,*,#2947,.T.);
#1691=ORIENTED_EDGE('',*,*,#3256,.T.);
#1692=ORIENTED_EDGE('',*,*,#2990,.T.);
#1693=ORIENTED_EDGE('',*,*,#3254,.T.);
#1694=ORIENTED_EDGE('',*,*,#2945,.T.);
#1695=ORIENTED_EDGE('',*,*,#3257,.T.);
#1696=ORIENTED_EDGE('',*,*,#2992,.T.);
#1697=ORIENTED_EDGE('',*,*,#3255,.T.);
#1698=ORIENTED_EDGE('',*,*,#2984,.T.);
#1699=ORIENTED_EDGE('',*,*,#2713,.F.);
#1700=ORIENTED_EDGE('',*,*,#2953,.F.);
#1701=ORIENTED_EDGE('',*,*,#3258,.F.);
#1702=ORIENTED_EDGE('',*,*,#2951,.F.);
#1703=ORIENTED_EDGE('',*,*,#3259,.F.);
#1704=ORIENTED_EDGE('',*,*,#2986,.T.);
#1705=ORIENTED_EDGE('',*,*,#3260,.F.);
#1706=ORIENTED_EDGE('',*,*,#2949,.T.);
#1707=ORIENTED_EDGE('',*,*,#2680,.T.);
#1708=ORIENTED_EDGE('',*,*,#2988,.F.);
#1709=ORIENTED_EDGE('',*,*,#3261,.F.);
#1710=ORIENTED_EDGE('',*,*,#2952,.T.);
#1711=ORIENTED_EDGE('',*,*,#3260,.T.);
#1712=ORIENTED_EDGE('',*,*,#2985,.T.);
#1713=ORIENTED_EDGE('',*,*,#3258,.T.);
#1714=ORIENTED_EDGE('',*,*,#2950,.T.);
#1715=ORIENTED_EDGE('',*,*,#3261,.T.);
#1716=ORIENTED_EDGE('',*,*,#2987,.T.);
#1717=ORIENTED_EDGE('',*,*,#3259,.T.);
#1718=ORIENTED_EDGE('',*,*,#3024,.T.);
#1719=ORIENTED_EDGE('',*,*,#2697,.F.);
#1720=ORIENTED_EDGE('',*,*,#2913,.F.);
#1721=ORIENTED_EDGE('',*,*,#3262,.F.);
#1722=ORIENTED_EDGE('',*,*,#2911,.F.);
#1723=ORIENTED_EDGE('',*,*,#3263,.F.);
#1724=ORIENTED_EDGE('',*,*,#3026,.T.);
#1725=ORIENTED_EDGE('',*,*,#3264,.F.);
#1726=ORIENTED_EDGE('',*,*,#2909,.T.);
#1727=ORIENTED_EDGE('',*,*,#2679,.T.);
#1728=ORIENTED_EDGE('',*,*,#3028,.F.);
#1729=ORIENTED_EDGE('',*,*,#3265,.F.);
#1730=ORIENTED_EDGE('',*,*,#2912,.T.);
#1731=ORIENTED_EDGE('',*,*,#3264,.T.);
#1732=ORIENTED_EDGE('',*,*,#3025,.T.);
#1733=ORIENTED_EDGE('',*,*,#3262,.T.);
#1734=ORIENTED_EDGE('',*,*,#2910,.T.);
#1735=ORIENTED_EDGE('',*,*,#3265,.T.);
#1736=ORIENTED_EDGE('',*,*,#3027,.T.);
#1737=ORIENTED_EDGE('',*,*,#3263,.T.);
#1738=ORIENTED_EDGE('',*,*,#3029,.T.);
#1739=ORIENTED_EDGE('',*,*,#2677,.F.);
#1740=ORIENTED_EDGE('',*,*,#2908,.F.);
#1741=ORIENTED_EDGE('',*,*,#3266,.F.);
#1742=ORIENTED_EDGE('',*,*,#2906,.F.);
#1743=ORIENTED_EDGE('',*,*,#3267,.F.);
#1744=ORIENTED_EDGE('',*,*,#3031,.T.);
#1745=ORIENTED_EDGE('',*,*,#3268,.F.);
#1746=ORIENTED_EDGE('',*,*,#2904,.T.);
#1747=ORIENTED_EDGE('',*,*,#2675,.T.);
#1748=ORIENTED_EDGE('',*,*,#3033,.F.);
#1749=ORIENTED_EDGE('',*,*,#3269,.F.);
#1750=ORIENTED_EDGE('',*,*,#2907,.T.);
#1751=ORIENTED_EDGE('',*,*,#3268,.T.);
#1752=ORIENTED_EDGE('',*,*,#3030,.T.);
#1753=ORIENTED_EDGE('',*,*,#3266,.T.);
#1754=ORIENTED_EDGE('',*,*,#2905,.T.);
#1755=ORIENTED_EDGE('',*,*,#3269,.T.);
#1756=ORIENTED_EDGE('',*,*,#3032,.T.);
#1757=ORIENTED_EDGE('',*,*,#3267,.T.);
#1758=ORIENTED_EDGE('',*,*,#3034,.T.);
#1759=ORIENTED_EDGE('',*,*,#2673,.F.);
#1760=ORIENTED_EDGE('',*,*,#2903,.F.);
#1761=ORIENTED_EDGE('',*,*,#3270,.F.);
#1762=ORIENTED_EDGE('',*,*,#2901,.F.);
#1763=ORIENTED_EDGE('',*,*,#3271,.F.);
#1764=ORIENTED_EDGE('',*,*,#3036,.T.);
#1765=ORIENTED_EDGE('',*,*,#3272,.F.);
#1766=ORIENTED_EDGE('',*,*,#2899,.T.);
#1767=ORIENTED_EDGE('',*,*,#2671,.T.);
#1768=ORIENTED_EDGE('',*,*,#3038,.F.);
#1769=ORIENTED_EDGE('',*,*,#3273,.F.);
#1770=ORIENTED_EDGE('',*,*,#2902,.T.);
#1771=ORIENTED_EDGE('',*,*,#3272,.T.);
#1772=ORIENTED_EDGE('',*,*,#3035,.T.);
#1773=ORIENTED_EDGE('',*,*,#3270,.T.);
#1774=ORIENTED_EDGE('',*,*,#2900,.T.);
#1775=ORIENTED_EDGE('',*,*,#3273,.T.);
#1776=ORIENTED_EDGE('',*,*,#3037,.T.);
#1777=ORIENTED_EDGE('',*,*,#3271,.T.);
#1778=ORIENTED_EDGE('',*,*,#3039,.T.);
#1779=ORIENTED_EDGE('',*,*,#2669,.F.);
#1780=ORIENTED_EDGE('',*,*,#2898,.F.);
#1781=ORIENTED_EDGE('',*,*,#3274,.F.);
#1782=ORIENTED_EDGE('',*,*,#2896,.F.);
#1783=ORIENTED_EDGE('',*,*,#3275,.F.);
#1784=ORIENTED_EDGE('',*,*,#3041,.T.);
#1785=ORIENTED_EDGE('',*,*,#3276,.F.);
#1786=ORIENTED_EDGE('',*,*,#2894,.T.);
#1787=ORIENTED_EDGE('',*,*,#2667,.T.);
#1788=ORIENTED_EDGE('',*,*,#3043,.F.);
#1789=ORIENTED_EDGE('',*,*,#3277,.F.);
#1790=ORIENTED_EDGE('',*,*,#2897,.T.);
#1791=ORIENTED_EDGE('',*,*,#3276,.T.);
#1792=ORIENTED_EDGE('',*,*,#3040,.T.);
#1793=ORIENTED_EDGE('',*,*,#3274,.T.);
#1794=ORIENTED_EDGE('',*,*,#2895,.T.);
#1795=ORIENTED_EDGE('',*,*,#3277,.T.);
#1796=ORIENTED_EDGE('',*,*,#3042,.T.);
#1797=ORIENTED_EDGE('',*,*,#3275,.T.);
#1798=ORIENTED_EDGE('',*,*,#3044,.T.);
#1799=ORIENTED_EDGE('',*,*,#2665,.F.);
#1800=ORIENTED_EDGE('',*,*,#2893,.F.);
#1801=ORIENTED_EDGE('',*,*,#3278,.F.);
#1802=ORIENTED_EDGE('',*,*,#2891,.F.);
#1803=ORIENTED_EDGE('',*,*,#3279,.F.);
#1804=ORIENTED_EDGE('',*,*,#3046,.T.);
#1805=ORIENTED_EDGE('',*,*,#3280,.F.);
#1806=ORIENTED_EDGE('',*,*,#2889,.T.);
#1807=ORIENTED_EDGE('',*,*,#2663,.T.);
#1808=ORIENTED_EDGE('',*,*,#3048,.F.);
#1809=ORIENTED_EDGE('',*,*,#3281,.F.);
#1810=ORIENTED_EDGE('',*,*,#2892,.T.);
#1811=ORIENTED_EDGE('',*,*,#3280,.T.);
#1812=ORIENTED_EDGE('',*,*,#3045,.T.);
#1813=ORIENTED_EDGE('',*,*,#3278,.T.);
#1814=ORIENTED_EDGE('',*,*,#2890,.T.);
#1815=ORIENTED_EDGE('',*,*,#3281,.T.);
#1816=ORIENTED_EDGE('',*,*,#3047,.T.);
#1817=ORIENTED_EDGE('',*,*,#3279,.T.);
#1818=ORIENTED_EDGE('',*,*,#3049,.T.);
#1819=ORIENTED_EDGE('',*,*,#2661,.F.);
#1820=ORIENTED_EDGE('',*,*,#2888,.F.);
#1821=ORIENTED_EDGE('',*,*,#3282,.F.);
#1822=ORIENTED_EDGE('',*,*,#2886,.F.);
#1823=ORIENTED_EDGE('',*,*,#3283,.F.);
#1824=ORIENTED_EDGE('',*,*,#3051,.T.);
#1825=ORIENTED_EDGE('',*,*,#3284,.F.);
#1826=ORIENTED_EDGE('',*,*,#2884,.T.);
#1827=ORIENTED_EDGE('',*,*,#2659,.T.);
#1828=ORIENTED_EDGE('',*,*,#3053,.F.);
#1829=ORIENTED_EDGE('',*,*,#3285,.F.);
#1830=ORIENTED_EDGE('',*,*,#2887,.T.);
#1831=ORIENTED_EDGE('',*,*,#3284,.T.);
#1832=ORIENTED_EDGE('',*,*,#3050,.T.);
#1833=ORIENTED_EDGE('',*,*,#3282,.T.);
#1834=ORIENTED_EDGE('',*,*,#2885,.T.);
#1835=ORIENTED_EDGE('',*,*,#3285,.T.);
#1836=ORIENTED_EDGE('',*,*,#3052,.T.);
#1837=ORIENTED_EDGE('',*,*,#3283,.T.);
#1838=ORIENTED_EDGE('',*,*,#3054,.T.);
#1839=ORIENTED_EDGE('',*,*,#2657,.F.);
#1840=ORIENTED_EDGE('',*,*,#2883,.F.);
#1841=ORIENTED_EDGE('',*,*,#3286,.F.);
#1842=ORIENTED_EDGE('',*,*,#2881,.F.);
#1843=ORIENTED_EDGE('',*,*,#3287,.F.);
#1844=ORIENTED_EDGE('',*,*,#3056,.T.);
#1845=ORIENTED_EDGE('',*,*,#3288,.F.);
#1846=ORIENTED_EDGE('',*,*,#2879,.T.);
#1847=ORIENTED_EDGE('',*,*,#2655,.T.);
#1848=ORIENTED_EDGE('',*,*,#3058,.F.);
#1849=ORIENTED_EDGE('',*,*,#3289,.F.);
#1850=ORIENTED_EDGE('',*,*,#2882,.T.);
#1851=ORIENTED_EDGE('',*,*,#3288,.T.);
#1852=ORIENTED_EDGE('',*,*,#3055,.T.);
#1853=ORIENTED_EDGE('',*,*,#3286,.T.);
#1854=ORIENTED_EDGE('',*,*,#2880,.T.);
#1855=ORIENTED_EDGE('',*,*,#3289,.T.);
#1856=ORIENTED_EDGE('',*,*,#3057,.T.);
#1857=ORIENTED_EDGE('',*,*,#3287,.T.);
#1858=ORIENTED_EDGE('',*,*,#3059,.T.);
#1859=ORIENTED_EDGE('',*,*,#2653,.F.);
#1860=ORIENTED_EDGE('',*,*,#2878,.F.);
#1861=ORIENTED_EDGE('',*,*,#3290,.F.);
#1862=ORIENTED_EDGE('',*,*,#2876,.F.);
#1863=ORIENTED_EDGE('',*,*,#3291,.F.);
#1864=ORIENTED_EDGE('',*,*,#3061,.T.);
#1865=ORIENTED_EDGE('',*,*,#3292,.F.);
#1866=ORIENTED_EDGE('',*,*,#2874,.T.);
#1867=ORIENTED_EDGE('',*,*,#2651,.T.);
#1868=ORIENTED_EDGE('',*,*,#3063,.F.);
#1869=ORIENTED_EDGE('',*,*,#3293,.F.);
#1870=ORIENTED_EDGE('',*,*,#2877,.T.);
#1871=ORIENTED_EDGE('',*,*,#3292,.T.);
#1872=ORIENTED_EDGE('',*,*,#3060,.T.);
#1873=ORIENTED_EDGE('',*,*,#3290,.T.);
#1874=ORIENTED_EDGE('',*,*,#2875,.T.);
#1875=ORIENTED_EDGE('',*,*,#3293,.T.);
#1876=ORIENTED_EDGE('',*,*,#3062,.T.);
#1877=ORIENTED_EDGE('',*,*,#3291,.T.);
#1878=ORIENTED_EDGE('',*,*,#3079,.T.);
#1879=ORIENTED_EDGE('',*,*,#2642,.F.);
#1880=ORIENTED_EDGE('',*,*,#2858,.F.);
#1881=ORIENTED_EDGE('',*,*,#3294,.F.);
#1882=ORIENTED_EDGE('',*,*,#2856,.F.);
#1883=ORIENTED_EDGE('',*,*,#3295,.F.);
#1884=ORIENTED_EDGE('',*,*,#3081,.T.);
#1885=ORIENTED_EDGE('',*,*,#3296,.F.);
#1886=ORIENTED_EDGE('',*,*,#2854,.T.);
#1887=ORIENTED_EDGE('',*,*,#2647,.T.);
#1888=ORIENTED_EDGE('',*,*,#3083,.F.);
#1889=ORIENTED_EDGE('',*,*,#3297,.F.);
#1890=ORIENTED_EDGE('',*,*,#2857,.T.);
#1891=ORIENTED_EDGE('',*,*,#3296,.T.);
#1892=ORIENTED_EDGE('',*,*,#3080,.T.);
#1893=ORIENTED_EDGE('',*,*,#3294,.T.);
#1894=ORIENTED_EDGE('',*,*,#2855,.T.);
#1895=ORIENTED_EDGE('',*,*,#3297,.T.);
#1896=ORIENTED_EDGE('',*,*,#3082,.T.);
#1897=ORIENTED_EDGE('',*,*,#3295,.T.);
#1898=ORIENTED_EDGE('',*,*,#3074,.T.);
#1899=ORIENTED_EDGE('',*,*,#2634,.F.);
#1900=ORIENTED_EDGE('',*,*,#2863,.F.);
#1901=ORIENTED_EDGE('',*,*,#3298,.F.);
#1902=ORIENTED_EDGE('',*,*,#2861,.F.);
#1903=ORIENTED_EDGE('',*,*,#3299,.F.);
#1904=ORIENTED_EDGE('',*,*,#3076,.T.);
#1905=ORIENTED_EDGE('',*,*,#3300,.F.);
#1906=ORIENTED_EDGE('',*,*,#2859,.T.);
#1907=ORIENTED_EDGE('',*,*,#2640,.T.);
#1908=ORIENTED_EDGE('',*,*,#3078,.F.);
#1909=ORIENTED_EDGE('',*,*,#3301,.F.);
#1910=ORIENTED_EDGE('',*,*,#2862,.T.);
#1911=ORIENTED_EDGE('',*,*,#3300,.T.);
#1912=ORIENTED_EDGE('',*,*,#3075,.T.);
#1913=ORIENTED_EDGE('',*,*,#3298,.T.);
#1914=ORIENTED_EDGE('',*,*,#2860,.T.);
#1915=ORIENTED_EDGE('',*,*,#3301,.T.);
#1916=ORIENTED_EDGE('',*,*,#3077,.T.);
#1917=ORIENTED_EDGE('',*,*,#3299,.T.);
#1918=ORIENTED_EDGE('',*,*,#3064,.T.);
#1919=ORIENTED_EDGE('',*,*,#2649,.F.);
#1920=ORIENTED_EDGE('',*,*,#2873,.F.);
#1921=ORIENTED_EDGE('',*,*,#3302,.F.);
#1922=ORIENTED_EDGE('',*,*,#2871,.F.);
#1923=ORIENTED_EDGE('',*,*,#3303,.F.);
#1924=ORIENTED_EDGE('',*,*,#3066,.T.);
#1925=ORIENTED_EDGE('',*,*,#3304,.F.);
#1926=ORIENTED_EDGE('',*,*,#2869,.T.);
#1927=ORIENTED_EDGE('',*,*,#2639,.T.);
#1928=ORIENTED_EDGE('',*,*,#3068,.F.);
#1929=ORIENTED_EDGE('',*,*,#3305,.F.);
#1930=ORIENTED_EDGE('',*,*,#2872,.T.);
#1931=ORIENTED_EDGE('',*,*,#3304,.T.);
#1932=ORIENTED_EDGE('',*,*,#3065,.T.);
#1933=ORIENTED_EDGE('',*,*,#3302,.T.);
#1934=ORIENTED_EDGE('',*,*,#2870,.T.);
#1935=ORIENTED_EDGE('',*,*,#3305,.T.);
#1936=ORIENTED_EDGE('',*,*,#3067,.T.);
#1937=ORIENTED_EDGE('',*,*,#3303,.T.);
#1938=ORIENTED_EDGE('',*,*,#3069,.T.);
#1939=ORIENTED_EDGE('',*,*,#2637,.F.);
#1940=ORIENTED_EDGE('',*,*,#2868,.F.);
#1941=ORIENTED_EDGE('',*,*,#3306,.F.);
#1942=ORIENTED_EDGE('',*,*,#2866,.F.);
#1943=ORIENTED_EDGE('',*,*,#3307,.F.);
#1944=ORIENTED_EDGE('',*,*,#3071,.T.);
#1945=ORIENTED_EDGE('',*,*,#3308,.F.);
#1946=ORIENTED_EDGE('',*,*,#2864,.T.);
#1947=ORIENTED_EDGE('',*,*,#2632,.T.);
#1948=ORIENTED_EDGE('',*,*,#3073,.F.);
#1949=ORIENTED_EDGE('',*,*,#3309,.F.);
#1950=ORIENTED_EDGE('',*,*,#2867,.T.);
#1951=ORIENTED_EDGE('',*,*,#3308,.T.);
#1952=ORIENTED_EDGE('',*,*,#3070,.T.);
#1953=ORIENTED_EDGE('',*,*,#3306,.T.);
#1954=ORIENTED_EDGE('',*,*,#2865,.T.);
#1955=ORIENTED_EDGE('',*,*,#3309,.T.);
#1956=ORIENTED_EDGE('',*,*,#3072,.T.);
#1957=ORIENTED_EDGE('',*,*,#3307,.T.);
#1958=ORIENTED_EDGE('',*,*,#3084,.T.);
#1959=ORIENTED_EDGE('',*,*,#2645,.F.);
#1960=ORIENTED_EDGE('',*,*,#2853,.F.);
#1961=ORIENTED_EDGE('',*,*,#3310,.F.);
#1962=ORIENTED_EDGE('',*,*,#2851,.F.);
#1963=ORIENTED_EDGE('',*,*,#3311,.F.);
#1964=ORIENTED_EDGE('',*,*,#3086,.T.);
#1965=ORIENTED_EDGE('',*,*,#3312,.F.);
#1966=ORIENTED_EDGE('',*,*,#2849,.T.);
#1967=ORIENTED_EDGE('',*,*,#2631,.T.);
#1968=ORIENTED_EDGE('',*,*,#3088,.F.);
#1969=ORIENTED_EDGE('',*,*,#3313,.F.);
#1970=ORIENTED_EDGE('',*,*,#2852,.T.);
#1971=ORIENTED_EDGE('',*,*,#3312,.T.);
#1972=ORIENTED_EDGE('',*,*,#3085,.T.);
#1973=ORIENTED_EDGE('',*,*,#3310,.T.);
#1974=ORIENTED_EDGE('',*,*,#2850,.T.);
#1975=ORIENTED_EDGE('',*,*,#3313,.T.);
#1976=ORIENTED_EDGE('',*,*,#3087,.T.);
#1977=ORIENTED_EDGE('',*,*,#3311,.T.);
#1978=ORIENTED_EDGE('',*,*,#3089,.T.);
#1979=ORIENTED_EDGE('',*,*,#2629,.F.);
#1980=ORIENTED_EDGE('',*,*,#2848,.F.);
#1981=ORIENTED_EDGE('',*,*,#3314,.F.);
#1982=ORIENTED_EDGE('',*,*,#2846,.F.);
#1983=ORIENTED_EDGE('',*,*,#3315,.F.);
#1984=ORIENTED_EDGE('',*,*,#3091,.T.);
#1985=ORIENTED_EDGE('',*,*,#3316,.F.);
#1986=ORIENTED_EDGE('',*,*,#2844,.T.);
#1987=ORIENTED_EDGE('',*,*,#2627,.T.);
#1988=ORIENTED_EDGE('',*,*,#3093,.F.);
#1989=ORIENTED_EDGE('',*,*,#3317,.F.);
#1990=ORIENTED_EDGE('',*,*,#2847,.T.);
#1991=ORIENTED_EDGE('',*,*,#3316,.T.);
#1992=ORIENTED_EDGE('',*,*,#3090,.T.);
#1993=ORIENTED_EDGE('',*,*,#3314,.T.);
#1994=ORIENTED_EDGE('',*,*,#2845,.T.);
#1995=ORIENTED_EDGE('',*,*,#3317,.T.);
#1996=ORIENTED_EDGE('',*,*,#3092,.T.);
#1997=ORIENTED_EDGE('',*,*,#3315,.T.);
#1998=ORIENTED_EDGE('',*,*,#3094,.T.);
#1999=ORIENTED_EDGE('',*,*,#2625,.F.);
#2000=ORIENTED_EDGE('',*,*,#2843,.F.);
#2001=ORIENTED_EDGE('',*,*,#3318,.F.);
#2002=ORIENTED_EDGE('',*,*,#2841,.F.);
#2003=ORIENTED_EDGE('',*,*,#3319,.F.);
#2004=ORIENTED_EDGE('',*,*,#3096,.T.);
#2005=ORIENTED_EDGE('',*,*,#3320,.F.);
#2006=ORIENTED_EDGE('',*,*,#2839,.T.);
#2007=ORIENTED_EDGE('',*,*,#2623,.T.);
#2008=ORIENTED_EDGE('',*,*,#3098,.F.);
#2009=ORIENTED_EDGE('',*,*,#3321,.F.);
#2010=ORIENTED_EDGE('',*,*,#2842,.T.);
#2011=ORIENTED_EDGE('',*,*,#3320,.T.);
#2012=ORIENTED_EDGE('',*,*,#3095,.T.);
#2013=ORIENTED_EDGE('',*,*,#3318,.T.);
#2014=ORIENTED_EDGE('',*,*,#2840,.T.);
#2015=ORIENTED_EDGE('',*,*,#3321,.T.);
#2016=ORIENTED_EDGE('',*,*,#3097,.T.);
#2017=ORIENTED_EDGE('',*,*,#3319,.T.);
#2018=ORIENTED_EDGE('',*,*,#3099,.T.);
#2019=ORIENTED_EDGE('',*,*,#2621,.F.);
#2020=ORIENTED_EDGE('',*,*,#2838,.F.);
#2021=ORIENTED_EDGE('',*,*,#3322,.F.);
#2022=ORIENTED_EDGE('',*,*,#2836,.F.);
#2023=ORIENTED_EDGE('',*,*,#3323,.F.);
#2024=ORIENTED_EDGE('',*,*,#3101,.T.);
#2025=ORIENTED_EDGE('',*,*,#3324,.F.);
#2026=ORIENTED_EDGE('',*,*,#2834,.T.);
#2027=ORIENTED_EDGE('',*,*,#2619,.T.);
#2028=ORIENTED_EDGE('',*,*,#3103,.F.);
#2029=ORIENTED_EDGE('',*,*,#3325,.F.);
#2030=ORIENTED_EDGE('',*,*,#2837,.T.);
#2031=ORIENTED_EDGE('',*,*,#3324,.T.);
#2032=ORIENTED_EDGE('',*,*,#3100,.T.);
#2033=ORIENTED_EDGE('',*,*,#3322,.T.);
#2034=ORIENTED_EDGE('',*,*,#2835,.T.);
#2035=ORIENTED_EDGE('',*,*,#3325,.T.);
#2036=ORIENTED_EDGE('',*,*,#3102,.T.);
#2037=ORIENTED_EDGE('',*,*,#3323,.T.);
#2038=ORIENTED_EDGE('',*,*,#3104,.T.);
#2039=ORIENTED_EDGE('',*,*,#2617,.F.);
#2040=ORIENTED_EDGE('',*,*,#2833,.F.);
#2041=ORIENTED_EDGE('',*,*,#3326,.F.);
#2042=ORIENTED_EDGE('',*,*,#2831,.F.);
#2043=ORIENTED_EDGE('',*,*,#3327,.F.);
#2044=ORIENTED_EDGE('',*,*,#3106,.T.);
#2045=ORIENTED_EDGE('',*,*,#3328,.F.);
#2046=ORIENTED_EDGE('',*,*,#2829,.T.);
#2047=ORIENTED_EDGE('',*,*,#2615,.T.);
#2048=ORIENTED_EDGE('',*,*,#3108,.F.);
#2049=ORIENTED_EDGE('',*,*,#3329,.F.);
#2050=ORIENTED_EDGE('',*,*,#2832,.T.);
#2051=ORIENTED_EDGE('',*,*,#3328,.T.);
#2052=ORIENTED_EDGE('',*,*,#3105,.T.);
#2053=ORIENTED_EDGE('',*,*,#3326,.T.);
#2054=ORIENTED_EDGE('',*,*,#2830,.T.);
#2055=ORIENTED_EDGE('',*,*,#3329,.T.);
#2056=ORIENTED_EDGE('',*,*,#3107,.T.);
#2057=ORIENTED_EDGE('',*,*,#3327,.T.);
#2058=ORIENTED_EDGE('',*,*,#3109,.T.);
#2059=ORIENTED_EDGE('',*,*,#2613,.F.);
#2060=ORIENTED_EDGE('',*,*,#2828,.F.);
#2061=ORIENTED_EDGE('',*,*,#3330,.F.);
#2062=ORIENTED_EDGE('',*,*,#2826,.F.);
#2063=ORIENTED_EDGE('',*,*,#3331,.F.);
#2064=ORIENTED_EDGE('',*,*,#3111,.T.);
#2065=ORIENTED_EDGE('',*,*,#3332,.F.);
#2066=ORIENTED_EDGE('',*,*,#2824,.T.);
#2067=ORIENTED_EDGE('',*,*,#2611,.T.);
#2068=ORIENTED_EDGE('',*,*,#3113,.F.);
#2069=ORIENTED_EDGE('',*,*,#3333,.F.);
#2070=ORIENTED_EDGE('',*,*,#2827,.T.);
#2071=ORIENTED_EDGE('',*,*,#3332,.T.);
#2072=ORIENTED_EDGE('',*,*,#3110,.T.);
#2073=ORIENTED_EDGE('',*,*,#3330,.T.);
#2074=ORIENTED_EDGE('',*,*,#2825,.T.);
#2075=ORIENTED_EDGE('',*,*,#3333,.T.);
#2076=ORIENTED_EDGE('',*,*,#3112,.T.);
#2077=ORIENTED_EDGE('',*,*,#3331,.T.);
#2078=ORIENTED_EDGE('',*,*,#3114,.T.);
#2079=ORIENTED_EDGE('',*,*,#2609,.F.);
#2080=ORIENTED_EDGE('',*,*,#2823,.F.);
#2081=ORIENTED_EDGE('',*,*,#3334,.F.);
#2082=ORIENTED_EDGE('',*,*,#2821,.F.);
#2083=ORIENTED_EDGE('',*,*,#3335,.F.);
#2084=ORIENTED_EDGE('',*,*,#3116,.T.);
#2085=ORIENTED_EDGE('',*,*,#3336,.F.);
#2086=ORIENTED_EDGE('',*,*,#2819,.T.);
#2087=ORIENTED_EDGE('',*,*,#2607,.T.);
#2088=ORIENTED_EDGE('',*,*,#3118,.F.);
#2089=ORIENTED_EDGE('',*,*,#3337,.F.);
#2090=ORIENTED_EDGE('',*,*,#2822,.T.);
#2091=ORIENTED_EDGE('',*,*,#3336,.T.);
#2092=ORIENTED_EDGE('',*,*,#3115,.T.);
#2093=ORIENTED_EDGE('',*,*,#3334,.T.);
#2094=ORIENTED_EDGE('',*,*,#2820,.T.);
#2095=ORIENTED_EDGE('',*,*,#3337,.T.);
#2096=ORIENTED_EDGE('',*,*,#3117,.T.);
#2097=ORIENTED_EDGE('',*,*,#3335,.T.);
#2098=ORIENTED_EDGE('',*,*,#3119,.T.);
#2099=ORIENTED_EDGE('',*,*,#2605,.F.);
#2100=ORIENTED_EDGE('',*,*,#2818,.F.);
#2101=ORIENTED_EDGE('',*,*,#3338,.F.);
#2102=ORIENTED_EDGE('',*,*,#2816,.F.);
#2103=ORIENTED_EDGE('',*,*,#3339,.F.);
#2104=ORIENTED_EDGE('',*,*,#3121,.T.);
#2105=ORIENTED_EDGE('',*,*,#3340,.F.);
#2106=ORIENTED_EDGE('',*,*,#2814,.T.);
#2107=ORIENTED_EDGE('',*,*,#2603,.T.);
#2108=ORIENTED_EDGE('',*,*,#3123,.F.);
#2109=ORIENTED_EDGE('',*,*,#3341,.F.);
#2110=ORIENTED_EDGE('',*,*,#2817,.T.);
#2111=ORIENTED_EDGE('',*,*,#3340,.T.);
#2112=ORIENTED_EDGE('',*,*,#3120,.T.);
#2113=ORIENTED_EDGE('',*,*,#3338,.T.);
#2114=ORIENTED_EDGE('',*,*,#2815,.T.);
#2115=ORIENTED_EDGE('',*,*,#3341,.T.);
#2116=ORIENTED_EDGE('',*,*,#3122,.T.);
#2117=ORIENTED_EDGE('',*,*,#3339,.T.);
#2118=ORIENTED_EDGE('',*,*,#3134,.T.);
#2119=ORIENTED_EDGE('',*,*,#2586,.F.);
#2120=ORIENTED_EDGE('',*,*,#2803,.F.);
#2121=ORIENTED_EDGE('',*,*,#3342,.F.);
#2122=ORIENTED_EDGE('',*,*,#2801,.F.);
#2123=ORIENTED_EDGE('',*,*,#3343,.F.);
#2124=ORIENTED_EDGE('',*,*,#3136,.T.);
#2125=ORIENTED_EDGE('',*,*,#3344,.F.);
#2126=ORIENTED_EDGE('',*,*,#2799,.T.);
#2127=ORIENTED_EDGE('',*,*,#2599,.T.);
#2128=ORIENTED_EDGE('',*,*,#3138,.F.);
#2129=ORIENTED_EDGE('',*,*,#3345,.F.);
#2130=ORIENTED_EDGE('',*,*,#2802,.T.);
#2131=ORIENTED_EDGE('',*,*,#3344,.T.);
#2132=ORIENTED_EDGE('',*,*,#3135,.T.);
#2133=ORIENTED_EDGE('',*,*,#3342,.T.);
#2134=ORIENTED_EDGE('',*,*,#2800,.T.);
#2135=ORIENTED_EDGE('',*,*,#3345,.T.);
#2136=ORIENTED_EDGE('',*,*,#3137,.T.);
#2137=ORIENTED_EDGE('',*,*,#3343,.T.);
#2138=ORIENTED_EDGE('',*,*,#3139,.T.);
#2139=ORIENTED_EDGE('',*,*,#2597,.F.);
#2140=ORIENTED_EDGE('',*,*,#2798,.F.);
#2141=ORIENTED_EDGE('',*,*,#3346,.F.);
#2142=ORIENTED_EDGE('',*,*,#2796,.F.);
#2143=ORIENTED_EDGE('',*,*,#3347,.F.);
#2144=ORIENTED_EDGE('',*,*,#3141,.T.);
#2145=ORIENTED_EDGE('',*,*,#3348,.F.);
#2146=ORIENTED_EDGE('',*,*,#2794,.T.);
#2147=ORIENTED_EDGE('',*,*,#2595,.T.);
#2148=ORIENTED_EDGE('',*,*,#3143,.F.);
#2149=ORIENTED_EDGE('',*,*,#3349,.F.);
#2150=ORIENTED_EDGE('',*,*,#2797,.T.);
#2151=ORIENTED_EDGE('',*,*,#3348,.T.);
#2152=ORIENTED_EDGE('',*,*,#3140,.T.);
#2153=ORIENTED_EDGE('',*,*,#3346,.T.);
#2154=ORIENTED_EDGE('',*,*,#2795,.T.);
#2155=ORIENTED_EDGE('',*,*,#3349,.T.);
#2156=ORIENTED_EDGE('',*,*,#3142,.T.);
#2157=ORIENTED_EDGE('',*,*,#3347,.T.);
#2158=ORIENTED_EDGE('',*,*,#3124,.T.);
#2159=ORIENTED_EDGE('',*,*,#2601,.F.);
#2160=ORIENTED_EDGE('',*,*,#2813,.F.);
#2161=ORIENTED_EDGE('',*,*,#3350,.F.);
#2162=ORIENTED_EDGE('',*,*,#2811,.F.);
#2163=ORIENTED_EDGE('',*,*,#3351,.F.);
#2164=ORIENTED_EDGE('',*,*,#3126,.T.);
#2165=ORIENTED_EDGE('',*,*,#3352,.F.);
#2166=ORIENTED_EDGE('',*,*,#2809,.T.);
#2167=ORIENTED_EDGE('',*,*,#2591,.T.);
#2168=ORIENTED_EDGE('',*,*,#3128,.F.);
#2169=ORIENTED_EDGE('',*,*,#3353,.F.);
#2170=ORIENTED_EDGE('',*,*,#2812,.T.);
#2171=ORIENTED_EDGE('',*,*,#3352,.T.);
#2172=ORIENTED_EDGE('',*,*,#3125,.T.);
#2173=ORIENTED_EDGE('',*,*,#3350,.T.);
#2174=ORIENTED_EDGE('',*,*,#2810,.T.);
#2175=ORIENTED_EDGE('',*,*,#3353,.T.);
#2176=ORIENTED_EDGE('',*,*,#3127,.T.);
#2177=ORIENTED_EDGE('',*,*,#3351,.T.);
#2178=ORIENTED_EDGE('',*,*,#3129,.T.);
#2179=ORIENTED_EDGE('',*,*,#2589,.F.);
#2180=ORIENTED_EDGE('',*,*,#2808,.F.);
#2181=ORIENTED_EDGE('',*,*,#3354,.F.);
#2182=ORIENTED_EDGE('',*,*,#2806,.F.);
#2183=ORIENTED_EDGE('',*,*,#3355,.F.);
#2184=ORIENTED_EDGE('',*,*,#3131,.T.);
#2185=ORIENTED_EDGE('',*,*,#3356,.F.);
#2186=ORIENTED_EDGE('',*,*,#2804,.T.);
#2187=ORIENTED_EDGE('',*,*,#2584,.T.);
#2188=ORIENTED_EDGE('',*,*,#3133,.F.);
#2189=ORIENTED_EDGE('',*,*,#3357,.F.);
#2190=ORIENTED_EDGE('',*,*,#2807,.T.);
#2191=ORIENTED_EDGE('',*,*,#3356,.T.);
#2192=ORIENTED_EDGE('',*,*,#3130,.T.);
#2193=ORIENTED_EDGE('',*,*,#3354,.T.);
#2194=ORIENTED_EDGE('',*,*,#2805,.T.);
#2195=ORIENTED_EDGE('',*,*,#3357,.T.);
#2196=ORIENTED_EDGE('',*,*,#3132,.T.);
#2197=ORIENTED_EDGE('',*,*,#3355,.T.);
#2198=ORIENTED_EDGE('',*,*,#3144,.T.);
#2199=ORIENTED_EDGE('',*,*,#2593,.F.);
#2200=ORIENTED_EDGE('',*,*,#2793,.F.);
#2201=ORIENTED_EDGE('',*,*,#3358,.F.);
#2202=ORIENTED_EDGE('',*,*,#2791,.F.);
#2203=ORIENTED_EDGE('',*,*,#3359,.F.);
#2204=ORIENTED_EDGE('',*,*,#3146,.T.);
#2205=ORIENTED_EDGE('',*,*,#3360,.F.);
#2206=ORIENTED_EDGE('',*,*,#2789,.T.);
#2207=ORIENTED_EDGE('',*,*,#2583,.T.);
#2208=ORIENTED_EDGE('',*,*,#3148,.F.);
#2209=ORIENTED_EDGE('',*,*,#3361,.F.);
#2210=ORIENTED_EDGE('',*,*,#2792,.T.);
#2211=ORIENTED_EDGE('',*,*,#3360,.T.);
#2212=ORIENTED_EDGE('',*,*,#3145,.T.);
#2213=ORIENTED_EDGE('',*,*,#3358,.T.);
#2214=ORIENTED_EDGE('',*,*,#2790,.T.);
#2215=ORIENTED_EDGE('',*,*,#3361,.T.);
#2216=ORIENTED_EDGE('',*,*,#3147,.T.);
#2217=ORIENTED_EDGE('',*,*,#3359,.T.);
#2218=ORIENTED_EDGE('',*,*,#3149,.T.);
#2219=ORIENTED_EDGE('',*,*,#2581,.F.);
#2220=ORIENTED_EDGE('',*,*,#2788,.F.);
#2221=ORIENTED_EDGE('',*,*,#3362,.F.);
#2222=ORIENTED_EDGE('',*,*,#2786,.F.);
#2223=ORIENTED_EDGE('',*,*,#3363,.F.);
#2224=ORIENTED_EDGE('',*,*,#3151,.T.);
#2225=ORIENTED_EDGE('',*,*,#3364,.F.);
#2226=ORIENTED_EDGE('',*,*,#2784,.T.);
#2227=ORIENTED_EDGE('',*,*,#2579,.T.);
#2228=ORIENTED_EDGE('',*,*,#3153,.F.);
#2229=ORIENTED_EDGE('',*,*,#3365,.F.);
#2230=ORIENTED_EDGE('',*,*,#2787,.T.);
#2231=ORIENTED_EDGE('',*,*,#3364,.T.);
#2232=ORIENTED_EDGE('',*,*,#3150,.T.);
#2233=ORIENTED_EDGE('',*,*,#3362,.T.);
#2234=ORIENTED_EDGE('',*,*,#2785,.T.);
#2235=ORIENTED_EDGE('',*,*,#3365,.T.);
#2236=ORIENTED_EDGE('',*,*,#3152,.T.);
#2237=ORIENTED_EDGE('',*,*,#3363,.T.);
#2238=ORIENTED_EDGE('',*,*,#3154,.T.);
#2239=ORIENTED_EDGE('',*,*,#2577,.F.);
#2240=ORIENTED_EDGE('',*,*,#2783,.F.);
#2241=ORIENTED_EDGE('',*,*,#3366,.F.);
#2242=ORIENTED_EDGE('',*,*,#2781,.F.);
#2243=ORIENTED_EDGE('',*,*,#3367,.F.);
#2244=ORIENTED_EDGE('',*,*,#3156,.T.);
#2245=ORIENTED_EDGE('',*,*,#3368,.F.);
#2246=ORIENTED_EDGE('',*,*,#2779,.T.);
#2247=ORIENTED_EDGE('',*,*,#2575,.T.);
#2248=ORIENTED_EDGE('',*,*,#3158,.F.);
#2249=ORIENTED_EDGE('',*,*,#3369,.F.);
#2250=ORIENTED_EDGE('',*,*,#2782,.T.);
#2251=ORIENTED_EDGE('',*,*,#3368,.T.);
#2252=ORIENTED_EDGE('',*,*,#3155,.T.);
#2253=ORIENTED_EDGE('',*,*,#3366,.T.);
#2254=ORIENTED_EDGE('',*,*,#2780,.T.);
#2255=ORIENTED_EDGE('',*,*,#3369,.T.);
#2256=ORIENTED_EDGE('',*,*,#3157,.T.);
#2257=ORIENTED_EDGE('',*,*,#3367,.T.);
#2258=ORIENTED_EDGE('',*,*,#3159,.T.);
#2259=ORIENTED_EDGE('',*,*,#2573,.F.);
#2260=ORIENTED_EDGE('',*,*,#2778,.F.);
#2261=ORIENTED_EDGE('',*,*,#3370,.F.);
#2262=ORIENTED_EDGE('',*,*,#2776,.F.);
#2263=ORIENTED_EDGE('',*,*,#3371,.F.);
#2264=ORIENTED_EDGE('',*,*,#3161,.T.);
#2265=ORIENTED_EDGE('',*,*,#3372,.F.);
#2266=ORIENTED_EDGE('',*,*,#2774,.T.);
#2267=ORIENTED_EDGE('',*,*,#2571,.T.);
#2268=ORIENTED_EDGE('',*,*,#3163,.F.);
#2269=ORIENTED_EDGE('',*,*,#3373,.F.);
#2270=ORIENTED_EDGE('',*,*,#2777,.T.);
#2271=ORIENTED_EDGE('',*,*,#3372,.T.);
#2272=ORIENTED_EDGE('',*,*,#3160,.T.);
#2273=ORIENTED_EDGE('',*,*,#3370,.T.);
#2274=ORIENTED_EDGE('',*,*,#2775,.T.);
#2275=ORIENTED_EDGE('',*,*,#3373,.T.);
#2276=ORIENTED_EDGE('',*,*,#3162,.T.);
#2277=ORIENTED_EDGE('',*,*,#3371,.T.);
#2278=ORIENTED_EDGE('',*,*,#3164,.T.);
#2279=ORIENTED_EDGE('',*,*,#2569,.F.);
#2280=ORIENTED_EDGE('',*,*,#2773,.F.);
#2281=ORIENTED_EDGE('',*,*,#3374,.F.);
#2282=ORIENTED_EDGE('',*,*,#2771,.F.);
#2283=ORIENTED_EDGE('',*,*,#3375,.F.);
#2284=ORIENTED_EDGE('',*,*,#3166,.T.);
#2285=ORIENTED_EDGE('',*,*,#3376,.F.);
#2286=ORIENTED_EDGE('',*,*,#2769,.T.);
#2287=ORIENTED_EDGE('',*,*,#2567,.T.);
#2288=ORIENTED_EDGE('',*,*,#3168,.F.);
#2289=ORIENTED_EDGE('',*,*,#3377,.F.);
#2290=ORIENTED_EDGE('',*,*,#2772,.T.);
#2291=ORIENTED_EDGE('',*,*,#3376,.T.);
#2292=ORIENTED_EDGE('',*,*,#3165,.T.);
#2293=ORIENTED_EDGE('',*,*,#3374,.T.);
#2294=ORIENTED_EDGE('',*,*,#2770,.T.);
#2295=ORIENTED_EDGE('',*,*,#3377,.T.);
#2296=ORIENTED_EDGE('',*,*,#3167,.T.);
#2297=ORIENTED_EDGE('',*,*,#3375,.T.);
#2298=ORIENTED_EDGE('',*,*,#3169,.T.);
#2299=ORIENTED_EDGE('',*,*,#2565,.F.);
#2300=ORIENTED_EDGE('',*,*,#2768,.F.);
#2301=ORIENTED_EDGE('',*,*,#3378,.F.);
#2302=ORIENTED_EDGE('',*,*,#2766,.F.);
#2303=ORIENTED_EDGE('',*,*,#3379,.F.);
#2304=ORIENTED_EDGE('',*,*,#3171,.T.);
#2305=ORIENTED_EDGE('',*,*,#3380,.F.);
#2306=ORIENTED_EDGE('',*,*,#2764,.T.);
#2307=ORIENTED_EDGE('',*,*,#2563,.T.);
#2308=ORIENTED_EDGE('',*,*,#3173,.F.);
#2309=ORIENTED_EDGE('',*,*,#3381,.F.);
#2310=ORIENTED_EDGE('',*,*,#2767,.T.);
#2311=ORIENTED_EDGE('',*,*,#3380,.T.);
#2312=ORIENTED_EDGE('',*,*,#3170,.T.);
#2313=ORIENTED_EDGE('',*,*,#3378,.T.);
#2314=ORIENTED_EDGE('',*,*,#2765,.T.);
#2315=ORIENTED_EDGE('',*,*,#3381,.T.);
#2316=ORIENTED_EDGE('',*,*,#3172,.T.);
#2317=ORIENTED_EDGE('',*,*,#3379,.T.);
#2318=ORIENTED_EDGE('',*,*,#3174,.T.);
#2319=ORIENTED_EDGE('',*,*,#2561,.F.);
#2320=ORIENTED_EDGE('',*,*,#2763,.F.);
#2321=ORIENTED_EDGE('',*,*,#3382,.F.);
#2322=ORIENTED_EDGE('',*,*,#2761,.F.);
#2323=ORIENTED_EDGE('',*,*,#3383,.F.);
#2324=ORIENTED_EDGE('',*,*,#3176,.T.);
#2325=ORIENTED_EDGE('',*,*,#3384,.F.);
#2326=ORIENTED_EDGE('',*,*,#2759,.T.);
#2327=ORIENTED_EDGE('',*,*,#2559,.T.);
#2328=ORIENTED_EDGE('',*,*,#3178,.F.);
#2329=ORIENTED_EDGE('',*,*,#3385,.F.);
#2330=ORIENTED_EDGE('',*,*,#2762,.T.);
#2331=ORIENTED_EDGE('',*,*,#3384,.T.);
#2332=ORIENTED_EDGE('',*,*,#3175,.T.);
#2333=ORIENTED_EDGE('',*,*,#3382,.T.);
#2334=ORIENTED_EDGE('',*,*,#2760,.T.);
#2335=ORIENTED_EDGE('',*,*,#3385,.T.);
#2336=ORIENTED_EDGE('',*,*,#3177,.T.);
#2337=ORIENTED_EDGE('',*,*,#3383,.T.);
#2338=ORIENTED_EDGE('',*,*,#3179,.T.);
#2339=ORIENTED_EDGE('',*,*,#2557,.F.);
#2340=ORIENTED_EDGE('',*,*,#2758,.F.);
#2341=ORIENTED_EDGE('',*,*,#3386,.F.);
#2342=ORIENTED_EDGE('',*,*,#2756,.F.);
#2343=ORIENTED_EDGE('',*,*,#3387,.F.);
#2344=ORIENTED_EDGE('',*,*,#3181,.T.);
#2345=ORIENTED_EDGE('',*,*,#3388,.F.);
#2346=ORIENTED_EDGE('',*,*,#2754,.T.);
#2347=ORIENTED_EDGE('',*,*,#2555,.T.);
#2348=ORIENTED_EDGE('',*,*,#3183,.F.);
#2349=ORIENTED_EDGE('',*,*,#3389,.F.);
#2350=ORIENTED_EDGE('',*,*,#2757,.T.);
#2351=ORIENTED_EDGE('',*,*,#3388,.T.);
#2352=ORIENTED_EDGE('',*,*,#3180,.T.);
#2353=ORIENTED_EDGE('',*,*,#3386,.T.);
#2354=ORIENTED_EDGE('',*,*,#2755,.T.);
#2355=ORIENTED_EDGE('',*,*,#3389,.T.);
#2356=ORIENTED_EDGE('',*,*,#3182,.T.);
#2357=ORIENTED_EDGE('',*,*,#3387,.T.);
#2358=ORIENTED_EDGE('',*,*,#3194,.T.);
#2359=ORIENTED_EDGE('',*,*,#2538,.F.);
#2360=ORIENTED_EDGE('',*,*,#2743,.F.);
#2361=ORIENTED_EDGE('',*,*,#3390,.F.);
#2362=ORIENTED_EDGE('',*,*,#2741,.F.);
#2363=ORIENTED_EDGE('',*,*,#3391,.F.);
#2364=ORIENTED_EDGE('',*,*,#3196,.T.);
#2365=ORIENTED_EDGE('',*,*,#3392,.F.);
#2366=ORIENTED_EDGE('',*,*,#2739,.T.);
#2367=ORIENTED_EDGE('',*,*,#2551,.T.);
#2368=ORIENTED_EDGE('',*,*,#3198,.F.);
#2369=ORIENTED_EDGE('',*,*,#3393,.F.);
#2370=ORIENTED_EDGE('',*,*,#2742,.T.);
#2371=ORIENTED_EDGE('',*,*,#3392,.T.);
#2372=ORIENTED_EDGE('',*,*,#3195,.T.);
#2373=ORIENTED_EDGE('',*,*,#3390,.T.);
#2374=ORIENTED_EDGE('',*,*,#2740,.T.);
#2375=ORIENTED_EDGE('',*,*,#3393,.T.);
#2376=ORIENTED_EDGE('',*,*,#3197,.T.);
#2377=ORIENTED_EDGE('',*,*,#3391,.T.);
#2378=ORIENTED_EDGE('',*,*,#3199,.T.);
#2379=ORIENTED_EDGE('',*,*,#2549,.F.);
#2380=ORIENTED_EDGE('',*,*,#2738,.F.);
#2381=ORIENTED_EDGE('',*,*,#3394,.F.);
#2382=ORIENTED_EDGE('',*,*,#2736,.F.);
#2383=ORIENTED_EDGE('',*,*,#3395,.F.);
#2384=ORIENTED_EDGE('',*,*,#3201,.T.);
#2385=ORIENTED_EDGE('',*,*,#3396,.F.);
#2386=ORIENTED_EDGE('',*,*,#2734,.T.);
#2387=ORIENTED_EDGE('',*,*,#2547,.T.);
#2388=ORIENTED_EDGE('',*,*,#3203,.F.);
#2389=ORIENTED_EDGE('',*,*,#3397,.F.);
#2390=ORIENTED_EDGE('',*,*,#2737,.T.);
#2391=ORIENTED_EDGE('',*,*,#3396,.T.);
#2392=ORIENTED_EDGE('',*,*,#3200,.T.);
#2393=ORIENTED_EDGE('',*,*,#3394,.T.);
#2394=ORIENTED_EDGE('',*,*,#2735,.T.);
#2395=ORIENTED_EDGE('',*,*,#3397,.T.);
#2396=ORIENTED_EDGE('',*,*,#3202,.T.);
#2397=ORIENTED_EDGE('',*,*,#3395,.T.);
#2398=ORIENTED_EDGE('',*,*,#3184,.T.);
#2399=ORIENTED_EDGE('',*,*,#2553,.F.);
#2400=ORIENTED_EDGE('',*,*,#2753,.F.);
#2401=ORIENTED_EDGE('',*,*,#3398,.F.);
#2402=ORIENTED_EDGE('',*,*,#2751,.F.);
#2403=ORIENTED_EDGE('',*,*,#3399,.F.);
#2404=ORIENTED_EDGE('',*,*,#3186,.T.);
#2405=ORIENTED_EDGE('',*,*,#3400,.F.);
#2406=ORIENTED_EDGE('',*,*,#2749,.T.);
#2407=ORIENTED_EDGE('',*,*,#2543,.T.);
#2408=ORIENTED_EDGE('',*,*,#3188,.F.);
#2409=ORIENTED_EDGE('',*,*,#3401,.F.);
#2410=ORIENTED_EDGE('',*,*,#2752,.T.);
#2411=ORIENTED_EDGE('',*,*,#3400,.T.);
#2412=ORIENTED_EDGE('',*,*,#3185,.T.);
#2413=ORIENTED_EDGE('',*,*,#3398,.T.);
#2414=ORIENTED_EDGE('',*,*,#2750,.T.);
#2415=ORIENTED_EDGE('',*,*,#3401,.T.);
#2416=ORIENTED_EDGE('',*,*,#3187,.T.);
#2417=ORIENTED_EDGE('',*,*,#3399,.T.);
#2418=ORIENTED_EDGE('',*,*,#3189,.T.);
#2419=ORIENTED_EDGE('',*,*,#2541,.F.);
#2420=ORIENTED_EDGE('',*,*,#2748,.F.);
#2421=ORIENTED_EDGE('',*,*,#3402,.F.);
#2422=ORIENTED_EDGE('',*,*,#2746,.F.);
#2423=ORIENTED_EDGE('',*,*,#3403,.F.);
#2424=ORIENTED_EDGE('',*,*,#3191,.T.);
#2425=ORIENTED_EDGE('',*,*,#3404,.F.);
#2426=ORIENTED_EDGE('',*,*,#2744,.T.);
#2427=ORIENTED_EDGE('',*,*,#2536,.T.);
#2428=ORIENTED_EDGE('',*,*,#3193,.F.);
#2429=ORIENTED_EDGE('',*,*,#3405,.F.);
#2430=ORIENTED_EDGE('',*,*,#2747,.T.);
#2431=ORIENTED_EDGE('',*,*,#3404,.T.);
#2432=ORIENTED_EDGE('',*,*,#3190,.T.);
#2433=ORIENTED_EDGE('',*,*,#3402,.T.);
#2434=ORIENTED_EDGE('',*,*,#2745,.T.);
#2435=ORIENTED_EDGE('',*,*,#3405,.T.);
#2436=ORIENTED_EDGE('',*,*,#3192,.T.);
#2437=ORIENTED_EDGE('',*,*,#3403,.T.);
#2438=ORIENTED_EDGE('',*,*,#3204,.T.);
#2439=ORIENTED_EDGE('',*,*,#2545,.F.);
#2440=ORIENTED_EDGE('',*,*,#2733,.F.);
#2441=ORIENTED_EDGE('',*,*,#3406,.F.);
#2442=ORIENTED_EDGE('',*,*,#2731,.F.);
#2443=ORIENTED_EDGE('',*,*,#3407,.F.);
#2444=ORIENTED_EDGE('',*,*,#3206,.T.);
#2445=ORIENTED_EDGE('',*,*,#3408,.F.);
#2446=ORIENTED_EDGE('',*,*,#2729,.T.);
#2447=ORIENTED_EDGE('',*,*,#2535,.T.);
#2448=ORIENTED_EDGE('',*,*,#3208,.F.);
#2449=ORIENTED_EDGE('',*,*,#3409,.F.);
#2450=ORIENTED_EDGE('',*,*,#2732,.T.);
#2451=ORIENTED_EDGE('',*,*,#3408,.T.);
#2452=ORIENTED_EDGE('',*,*,#3205,.T.);
#2453=ORIENTED_EDGE('',*,*,#3406,.T.);
#2454=ORIENTED_EDGE('',*,*,#2730,.T.);
#2455=ORIENTED_EDGE('',*,*,#3409,.T.);
#2456=ORIENTED_EDGE('',*,*,#3207,.T.);
#2457=ORIENTED_EDGE('',*,*,#3407,.T.);
#2458=ORIENTED_EDGE('',*,*,#3209,.T.);
#2459=ORIENTED_EDGE('',*,*,#2533,.F.);
#2460=ORIENTED_EDGE('',*,*,#2728,.F.);
#2461=ORIENTED_EDGE('',*,*,#3410,.F.);
#2462=ORIENTED_EDGE('',*,*,#2726,.F.);
#2463=ORIENTED_EDGE('',*,*,#3411,.F.);
#2464=ORIENTED_EDGE('',*,*,#3211,.T.);
#2465=ORIENTED_EDGE('',*,*,#3412,.F.);
#2466=ORIENTED_EDGE('',*,*,#2724,.T.);
#2467=ORIENTED_EDGE('',*,*,#2531,.T.);
#2468=ORIENTED_EDGE('',*,*,#3213,.F.);
#2469=ORIENTED_EDGE('',*,*,#3413,.F.);
#2470=ORIENTED_EDGE('',*,*,#2727,.T.);
#2471=ORIENTED_EDGE('',*,*,#3412,.T.);
#2472=ORIENTED_EDGE('',*,*,#3210,.T.);
#2473=ORIENTED_EDGE('',*,*,#3410,.T.);
#2474=ORIENTED_EDGE('',*,*,#2725,.T.);
#2475=ORIENTED_EDGE('',*,*,#3413,.T.);
#2476=ORIENTED_EDGE('',*,*,#3212,.T.);
#2477=ORIENTED_EDGE('',*,*,#3411,.T.);
#2478=ORIENTED_EDGE('',*,*,#3214,.T.);
#2479=ORIENTED_EDGE('',*,*,#2529,.F.);
#2480=ORIENTED_EDGE('',*,*,#2723,.F.);
#2481=ORIENTED_EDGE('',*,*,#3414,.F.);
#2482=ORIENTED_EDGE('',*,*,#2721,.F.);
#2483=ORIENTED_EDGE('',*,*,#3415,.F.);
#2484=ORIENTED_EDGE('',*,*,#3216,.T.);
#2485=ORIENTED_EDGE('',*,*,#3416,.F.);
#2486=ORIENTED_EDGE('',*,*,#2719,.T.);
#2487=ORIENTED_EDGE('',*,*,#2527,.T.);
#2488=ORIENTED_EDGE('',*,*,#3218,.F.);
#2489=ORIENTED_EDGE('',*,*,#3417,.F.);
#2490=ORIENTED_EDGE('',*,*,#2722,.T.);
#2491=ORIENTED_EDGE('',*,*,#3416,.T.);
#2492=ORIENTED_EDGE('',*,*,#3215,.T.);
#2493=ORIENTED_EDGE('',*,*,#3414,.T.);
#2494=ORIENTED_EDGE('',*,*,#2720,.T.);
#2495=ORIENTED_EDGE('',*,*,#3417,.T.);
#2496=ORIENTED_EDGE('',*,*,#3217,.T.);
#2497=ORIENTED_EDGE('',*,*,#3415,.T.);
#2498=ORIENTED_EDGE('',*,*,#3219,.T.);
#2499=ORIENTED_EDGE('',*,*,#2525,.F.);
#2500=ORIENTED_EDGE('',*,*,#2718,.F.);
#2501=ORIENTED_EDGE('',*,*,#3418,.F.);
#2502=ORIENTED_EDGE('',*,*,#2967,.F.);
#2503=ORIENTED_EDGE('',*,*,#3419,.F.);
#2504=ORIENTED_EDGE('',*,*,#3221,.T.);
#2505=ORIENTED_EDGE('',*,*,#3420,.F.);
#2506=ORIENTED_EDGE('',*,*,#2965,.T.);
#2507=ORIENTED_EDGE('',*,*,#2520,.T.);
#2508=ORIENTED_EDGE('',*,*,#2973,.F.);
#2509=ORIENTED_EDGE('',*,*,#3421,.F.);
#2510=ORIENTED_EDGE('',*,*,#2717,.T.);
#2511=ORIENTED_EDGE('',*,*,#3420,.T.);
#2512=ORIENTED_EDGE('',*,*,#3220,.T.);
#2513=ORIENTED_EDGE('',*,*,#3418,.T.);
#2514=ORIENTED_EDGE('',*,*,#2966,.T.);
#2515=ORIENTED_EDGE('',*,*,#3421,.T.);
#2516=ORIENTED_EDGE('',*,*,#2972,.T.);
#2517=ORIENTED_EDGE('',*,*,#3419,.T.);
#2518=ORIENTED_EDGE('',*,*,#2716,.T.);
#2519=ORIENTED_EDGE('',*,*,#2971,.F.);
#2520=EDGE_CURVE('',#3422,#3423,#4024,.T.);
#2521=EDGE_CURVE('',#3424,#3422,#314,.T.);
#2522=EDGE_CURVE('',#3424,#3425,#4025,.T.);
#2523=EDGE_CURVE('',#3425,#3423,#315,.T.);
#2524=EDGE_CURVE('',#3426,#3427,#316,.T.);
#2525=EDGE_CURVE('',#3426,#3428,#4026,.T.);
#2526=EDGE_CURVE('',#3428,#3429,#317,.T.);
#2527=EDGE_CURVE('',#3427,#3429,#4027,.T.);
#2528=EDGE_CURVE('',#3430,#3431,#318,.T.);
#2529=EDGE_CURVE('',#3430,#3432,#4028,.T.);
#2530=EDGE_CURVE('',#3432,#3433,#319,.T.);
#2531=EDGE_CURVE('',#3431,#3433,#4029,.T.);
#2532=EDGE_CURVE('',#3434,#3435,#320,.T.);
#2533=EDGE_CURVE('',#3434,#3436,#4030,.T.);
#2534=EDGE_CURVE('',#3436,#3437,#321,.T.);
#2535=EDGE_CURVE('',#3435,#3437,#4031,.T.);
#2536=EDGE_CURVE('',#3438,#3439,#4032,.T.);
#2537=EDGE_CURVE('',#3440,#3438,#322,.T.);
#2538=EDGE_CURVE('',#3440,#3441,#4033,.T.);
#2539=EDGE_CURVE('',#3441,#3439,#323,.T.);
#2540=EDGE_CURVE('',#3442,#3443,#324,.T.);
#2541=EDGE_CURVE('',#3442,#3444,#4034,.T.);
#2542=EDGE_CURVE('',#3444,#3445,#325,.T.);
#2543=EDGE_CURVE('',#3443,#3445,#4035,.T.);
#2544=EDGE_CURVE('',#3446,#3447,#326,.T.);
#2545=EDGE_CURVE('',#3446,#3448,#4036,.T.);
#2546=EDGE_CURVE('',#3448,#3449,#327,.T.);
#2547=EDGE_CURVE('',#3447,#3449,#4037,.T.);
#2548=EDGE_CURVE('',#3450,#3451,#328,.T.);
#2549=EDGE_CURVE('',#3450,#3452,#4038,.T.);
#2550=EDGE_CURVE('',#3452,#3453,#329,.T.);
#2551=EDGE_CURVE('',#3451,#3453,#4039,.T.);
#2552=EDGE_CURVE('',#3454,#3455,#330,.T.);
#2553=EDGE_CURVE('',#3454,#3456,#4040,.T.);
#2554=EDGE_CURVE('',#3456,#3457,#331,.T.);
#2555=EDGE_CURVE('',#3455,#3457,#4041,.T.);
#2556=EDGE_CURVE('',#3458,#3459,#332,.T.);
#2557=EDGE_CURVE('',#3458,#3460,#4042,.T.);
#2558=EDGE_CURVE('',#3460,#3461,#333,.T.);
#2559=EDGE_CURVE('',#3459,#3461,#4043,.T.);
#2560=EDGE_CURVE('',#3462,#3463,#334,.T.);
#2561=EDGE_CURVE('',#3462,#3464,#4044,.T.);
#2562=EDGE_CURVE('',#3464,#3465,#335,.T.);
#2563=EDGE_CURVE('',#3463,#3465,#4045,.T.);
#2564=EDGE_CURVE('',#3466,#3467,#336,.T.);
#2565=EDGE_CURVE('',#3466,#3468,#4046,.T.);
#2566=EDGE_CURVE('',#3468,#3469,#337,.T.);
#2567=EDGE_CURVE('',#3467,#3469,#4047,.T.);
#2568=EDGE_CURVE('',#3470,#3471,#338,.T.);
#2569=EDGE_CURVE('',#3470,#3472,#4048,.T.);
#2570=EDGE_CURVE('',#3472,#3473,#339,.T.);
#2571=EDGE_CURVE('',#3471,#3473,#4049,.T.);
#2572=EDGE_CURVE('',#3474,#3475,#340,.T.);
#2573=EDGE_CURVE('',#3474,#3476,#4050,.T.);
#2574=EDGE_CURVE('',#3476,#3477,#341,.T.);
#2575=EDGE_CURVE('',#3475,#3477,#4051,.T.);
#2576=EDGE_CURVE('',#3478,#3479,#342,.T.);
#2577=EDGE_CURVE('',#3478,#3480,#4052,.T.);
#2578=EDGE_CURVE('',#3480,#3481,#343,.T.);
#2579=EDGE_CURVE('',#3479,#3481,#4053,.T.);
#2580=EDGE_CURVE('',#3482,#3483,#344,.T.);
#2581=EDGE_CURVE('',#3482,#3484,#4054,.T.);
#2582=EDGE_CURVE('',#3484,#3485,#345,.T.);
#2583=EDGE_CURVE('',#3483,#3485,#4055,.T.);
#2584=EDGE_CURVE('',#3486,#3487,#4056,.T.);
#2585=EDGE_CURVE('',#3488,#3486,#346,.T.);
#2586=EDGE_CURVE('',#3488,#3489,#4057,.T.);
#2587=EDGE_CURVE('',#3489,#3487,#347,.T.);
#2588=EDGE_CURVE('',#3490,#3491,#348,.T.);
#2589=EDGE_CURVE('',#3490,#3492,#4058,.T.);
#2590=EDGE_CURVE('',#3492,#3493,#349,.T.);
#2591=EDGE_CURVE('',#3491,#3493,#4059,.T.);
#2592=EDGE_CURVE('',#3494,#3495,#350,.T.);
#2593=EDGE_CURVE('',#3494,#3496,#4060,.T.);
#2594=EDGE_CURVE('',#3496,#3497,#351,.T.);
#2595=EDGE_CURVE('',#3495,#3497,#4061,.T.);
#2596=EDGE_CURVE('',#3498,#3499,#352,.T.);
#2597=EDGE_CURVE('',#3498,#3500,#4062,.T.);
#2598=EDGE_CURVE('',#3500,#3501,#353,.T.);
#2599=EDGE_CURVE('',#3499,#3501,#4063,.T.);
#2600=EDGE_CURVE('',#3502,#3503,#354,.T.);
#2601=EDGE_CURVE('',#3502,#3504,#4064,.T.);
#2602=EDGE_CURVE('',#3504,#3505,#355,.T.);
#2603=EDGE_CURVE('',#3503,#3505,#4065,.T.);
#2604=EDGE_CURVE('',#3506,#3507,#356,.T.);
#2605=EDGE_CURVE('',#3506,#3508,#4066,.T.);
#2606=EDGE_CURVE('',#3508,#3509,#357,.T.);
#2607=EDGE_CURVE('',#3507,#3509,#4067,.T.);
#2608=EDGE_CURVE('',#3510,#3511,#358,.T.);
#2609=EDGE_CURVE('',#3510,#3512,#4068,.T.);
#2610=EDGE_CURVE('',#3512,#3513,#359,.T.);
#2611=EDGE_CURVE('',#3511,#3513,#4069,.T.);
#2612=EDGE_CURVE('',#3514,#3515,#360,.T.);
#2613=EDGE_CURVE('',#3514,#3516,#4070,.T.);
#2614=EDGE_CURVE('',#3516,#3517,#361,.T.);
#2615=EDGE_CURVE('',#3515,#3517,#4071,.T.);
#2616=EDGE_CURVE('',#3518,#3519,#362,.T.);
#2617=EDGE_CURVE('',#3518,#3520,#4072,.T.);
#2618=EDGE_CURVE('',#3520,#3521,#363,.T.);
#2619=EDGE_CURVE('',#3519,#3521,#4073,.T.);
#2620=EDGE_CURVE('',#3522,#3523,#364,.T.);
#2621=EDGE_CURVE('',#3522,#3524,#4074,.T.);
#2622=EDGE_CURVE('',#3524,#3525,#365,.T.);
#2623=EDGE_CURVE('',#3523,#3525,#4075,.T.);
#2624=EDGE_CURVE('',#3526,#3527,#366,.T.);
#2625=EDGE_CURVE('',#3526,#3528,#4076,.T.);
#2626=EDGE_CURVE('',#3528,#3529,#367,.T.);
#2627=EDGE_CURVE('',#3527,#3529,#4077,.T.);
#2628=EDGE_CURVE('',#3530,#3531,#368,.T.);
#2629=EDGE_CURVE('',#3530,#3532,#4078,.T.);
#2630=EDGE_CURVE('',#3532,#3533,#369,.T.);
#2631=EDGE_CURVE('',#3531,#3533,#4079,.T.);
#2632=EDGE_CURVE('',#3534,#3535,#4080,.T.);
#2633=EDGE_CURVE('',#3536,#3534,#370,.T.);
#2634=EDGE_CURVE('',#3536,#3537,#4081,.T.);
#2635=EDGE_CURVE('',#3537,#3535,#371,.T.);
#2636=EDGE_CURVE('',#3538,#3539,#372,.T.);
#2637=EDGE_CURVE('',#3538,#3540,#4082,.T.);
#2638=EDGE_CURVE('',#3540,#3541,#373,.T.);
#2639=EDGE_CURVE('',#3539,#3541,#4083,.T.);
#2640=EDGE_CURVE('',#3542,#3543,#4084,.T.);
#2641=EDGE_CURVE('',#3544,#3542,#374,.T.);
#2642=EDGE_CURVE('',#3544,#3545,#4085,.T.);
#2643=EDGE_CURVE('',#3545,#3543,#375,.T.);
#2644=EDGE_CURVE('',#3546,#3547,#376,.T.);
#2645=EDGE_CURVE('',#3546,#3548,#4086,.T.);
#2646=EDGE_CURVE('',#3548,#3549,#377,.T.);
#2647=EDGE_CURVE('',#3547,#3549,#4087,.T.);
#2648=EDGE_CURVE('',#3550,#3551,#378,.T.);
#2649=EDGE_CURVE('',#3550,#3552,#4088,.T.);
#2650=EDGE_CURVE('',#3552,#3553,#379,.T.);
#2651=EDGE_CURVE('',#3551,#3553,#4089,.T.);
#2652=EDGE_CURVE('',#3554,#3555,#380,.T.);
#2653=EDGE_CURVE('',#3554,#3556,#4090,.T.);
#2654=EDGE_CURVE('',#3556,#3557,#381,.T.);
#2655=EDGE_CURVE('',#3555,#3557,#4091,.T.);
#2656=EDGE_CURVE('',#3558,#3559,#382,.T.);
#2657=EDGE_CURVE('',#3558,#3560,#4092,.T.);
#2658=EDGE_CURVE('',#3560,#3561,#383,.T.);
#2659=EDGE_CURVE('',#3559,#3561,#4093,.T.);
#2660=EDGE_CURVE('',#3562,#3563,#384,.T.);
#2661=EDGE_CURVE('',#3562,#3564,#4094,.T.);
#2662=EDGE_CURVE('',#3564,#3565,#385,.T.);
#2663=EDGE_CURVE('',#3563,#3565,#4095,.T.);
#2664=EDGE_CURVE('',#3566,#3567,#386,.T.);
#2665=EDGE_CURVE('',#3566,#3568,#4096,.T.);
#2666=EDGE_CURVE('',#3568,#3569,#387,.T.);
#2667=EDGE_CURVE('',#3567,#3569,#4097,.T.);
#2668=EDGE_CURVE('',#3570,#3571,#388,.T.);
#2669=EDGE_CURVE('',#3570,#3572,#4098,.T.);
#2670=EDGE_CURVE('',#3572,#3573,#389,.T.);
#2671=EDGE_CURVE('',#3571,#3573,#4099,.T.);
#2672=EDGE_CURVE('',#3574,#3575,#390,.T.);
#2673=EDGE_CURVE('',#3574,#3576,#4100,.T.);
#2674=EDGE_CURVE('',#3576,#3577,#391,.T.);
#2675=EDGE_CURVE('',#3575,#3577,#4101,.T.);
#2676=EDGE_CURVE('',#3578,#3579,#392,.T.);
#2677=EDGE_CURVE('',#3578,#3580,#4102,.T.);
#2678=EDGE_CURVE('',#3580,#3581,#393,.T.);
#2679=EDGE_CURVE('',#3579,#3581,#4103,.T.);
#2680=EDGE_CURVE('',#3582,#3583,#4104,.T.);
#2681=EDGE_CURVE('',#3584,#3582,#394,.T.);
#2682=EDGE_CURVE('',#3584,#3585,#4105,.T.);
#2683=EDGE_CURVE('',#3585,#3583,#395,.T.);
#2684=EDGE_CURVE('',#3586,#3587,#4106,.T.);
#2685=EDGE_CURVE('',#3588,#3586,#396,.T.);
#2686=EDGE_CURVE('',#3588,#3589,#4107,.T.);
#2687=EDGE_CURVE('',#3589,#3587,#397,.T.);
#2688=EDGE_CURVE('',#3590,#3591,#4108,.T.);
#2689=EDGE_CURVE('',#3592,#3590,#398,.T.);
#2690=EDGE_CURVE('',#3592,#3593,#4109,.T.);
#2691=EDGE_CURVE('',#3593,#3591,#399,.T.);
#2692=EDGE_CURVE('',#3594,#3595,#4110,.T.);
#2693=EDGE_CURVE('',#3596,#3594,#400,.T.);
#2694=EDGE_CURVE('',#3596,#3597,#4111,.T.);
#2695=EDGE_CURVE('',#3597,#3595,#401,.T.);
#2696=EDGE_CURVE('',#3598,#3599,#402,.T.);
#2697=EDGE_CURVE('',#3598,#3600,#4112,.T.);
#2698=EDGE_CURVE('',#3600,#3601,#403,.T.);
#2699=EDGE_CURVE('',#3599,#3601,#4113,.T.);
#2700=EDGE_CURVE('',#3602,#3603,#404,.T.);
#2701=EDGE_CURVE('',#3602,#3604,#4114,.T.);
#2702=EDGE_CURVE('',#3604,#3605,#405,.T.);
#2703=EDGE_CURVE('',#3603,#3605,#4115,.T.);
#2704=EDGE_CURVE('',#3606,#3607,#4116,.T.);
#2705=EDGE_CURVE('',#3608,#3606,#406,.T.);
#2706=EDGE_CURVE('',#3608,#3609,#4117,.T.);
#2707=EDGE_CURVE('',#3609,#3607,#407,.T.);
#2708=EDGE_CURVE('',#3610,#3611,#408,.T.);
#2709=EDGE_CURVE('',#3610,#3612,#4118,.T.);
#2710=EDGE_CURVE('',#3612,#3613,#409,.T.);
#2711=EDGE_CURVE('',#3611,#3613,#4119,.T.);
#2712=EDGE_CURVE('',#3614,#3615,#410,.T.);
#2713=EDGE_CURVE('',#3614,#3616,#4120,.T.);
#2714=EDGE_CURVE('',#3616,#3617,#411,.T.);
#2715=EDGE_CURVE('',#3615,#3617,#4121,.T.);
#2716=EDGE_CURVE('',#3618,#3618,#412,.T.);
#2717=EDGE_CURVE('',#3619,#3620,#413,.T.);
#2718=EDGE_CURVE('',#3619,#3426,#112,.T.);
#2719=EDGE_CURVE('',#3621,#3427,#113,.T.);
#2720=EDGE_CURVE('',#3622,#3621,#414,.T.);
#2721=EDGE_CURVE('',#3622,#3623,#415,.T.);
#2722=EDGE_CURVE('',#3624,#3623,#416,.T.);
#2723=EDGE_CURVE('',#3624,#3430,#114,.T.);
#2724=EDGE_CURVE('',#3625,#3431,#115,.T.);
#2725=EDGE_CURVE('',#3626,#3625,#417,.T.);
#2726=EDGE_CURVE('',#3626,#3627,#418,.T.);
#2727=EDGE_CURVE('',#3628,#3627,#419,.T.);
#2728=EDGE_CURVE('',#3628,#3434,#116,.T.);
#2729=EDGE_CURVE('',#3629,#3435,#117,.T.);
#2730=EDGE_CURVE('',#3630,#3629,#420,.T.);
#2731=EDGE_CURVE('',#3630,#3631,#421,.T.);
#2732=EDGE_CURVE('',#3632,#3631,#422,.T.);
#2733=EDGE_CURVE('',#3632,#3446,#118,.T.);
#2734=EDGE_CURVE('',#3633,#3447,#119,.T.);
#2735=EDGE_CURVE('',#3634,#3633,#423,.T.);
#2736=EDGE_CURVE('',#3634,#3635,#424,.T.);
#2737=EDGE_CURVE('',#3636,#3635,#425,.T.);
#2738=EDGE_CURVE('',#3636,#3450,#120,.T.);
#2739=EDGE_CURVE('',#3637,#3451,#121,.T.);
#2740=EDGE_CURVE('',#3638,#3637,#426,.T.);
#2741=EDGE_CURVE('',#3638,#3639,#427,.T.);
#2742=EDGE_CURVE('',#3640,#3639,#428,.T.);
#2743=EDGE_CURVE('',#3640,#3440,#122,.T.);
#2744=EDGE_CURVE('',#3641,#3438,#123,.T.);
#2745=EDGE_CURVE('',#3642,#3641,#429,.T.);
#2746=EDGE_CURVE('',#3642,#3643,#430,.T.);
#2747=EDGE_CURVE('',#3644,#3643,#431,.T.);
#2748=EDGE_CURVE('',#3644,#3442,#124,.T.);
#2749=EDGE_CURVE('',#3645,#3443,#125,.T.);
#2750=EDGE_CURVE('',#3646,#3645,#432,.T.);
#2751=EDGE_CURVE('',#3646,#3647,#433,.T.);
#2752=EDGE_CURVE('',#3648,#3647,#434,.T.);
#2753=EDGE_CURVE('',#3648,#3454,#126,.T.);
#2754=EDGE_CURVE('',#3649,#3455,#127,.T.);
#2755=EDGE_CURVE('',#3650,#3649,#435,.T.);
#2756=EDGE_CURVE('',#3650,#3651,#436,.T.);
#2757=EDGE_CURVE('',#3652,#3651,#437,.T.);
#2758=EDGE_CURVE('',#3652,#3458,#128,.T.);
#2759=EDGE_CURVE('',#3653,#3459,#129,.T.);
#2760=EDGE_CURVE('',#3654,#3653,#438,.T.);
#2761=EDGE_CURVE('',#3654,#3655,#439,.T.);
#2762=EDGE_CURVE('',#3656,#3655,#440,.T.);
#2763=EDGE_CURVE('',#3656,#3462,#130,.T.);
#2764=EDGE_CURVE('',#3657,#3463,#131,.T.);
#2765=EDGE_CURVE('',#3658,#3657,#441,.T.);
#2766=EDGE_CURVE('',#3658,#3659,#442,.T.);
#2767=EDGE_CURVE('',#3660,#3659,#443,.T.);
#2768=EDGE_CURVE('',#3660,#3466,#132,.T.);
#2769=EDGE_CURVE('',#3661,#3467,#133,.T.);
#2770=EDGE_CURVE('',#3662,#3661,#444,.T.);
#2771=EDGE_CURVE('',#3662,#3663,#445,.T.);
#2772=EDGE_CURVE('',#3664,#3663,#446,.T.);
#2773=EDGE_CURVE('',#3664,#3470,#134,.T.);
#2774=EDGE_CURVE('',#3665,#3471,#135,.T.);
#2775=EDGE_CURVE('',#3666,#3665,#447,.T.);
#2776=EDGE_CURVE('',#3666,#3667,#448,.T.);
#2777=EDGE_CURVE('',#3668,#3667,#449,.T.);
#2778=EDGE_CURVE('',#3668,#3474,#136,.T.);
#2779=EDGE_CURVE('',#3669,#3475,#137,.T.);
#2780=EDGE_CURVE('',#3670,#3669,#450,.T.);
#2781=EDGE_CURVE('',#3670,#3671,#451,.T.);
#2782=EDGE_CURVE('',#3672,#3671,#452,.T.);
#2783=EDGE_CURVE('',#3672,#3478,#138,.T.);
#2784=EDGE_CURVE('',#3673,#3479,#139,.T.);
#2785=EDGE_CURVE('',#3674,#3673,#453,.T.);
#2786=EDGE_CURVE('',#3674,#3675,#454,.T.);
#2787=EDGE_CURVE('',#3676,#3675,#455,.T.);
#2788=EDGE_CURVE('',#3676,#3482,#140,.T.);
#2789=EDGE_CURVE('',#3677,#3483,#141,.T.);
#2790=EDGE_CURVE('',#3678,#3677,#456,.T.);
#2791=EDGE_CURVE('',#3678,#3679,#457,.T.);
#2792=EDGE_CURVE('',#3680,#3679,#458,.T.);
#2793=EDGE_CURVE('',#3680,#3494,#142,.T.);
#2794=EDGE_CURVE('',#3681,#3495,#143,.T.);
#2795=EDGE_CURVE('',#3682,#3681,#459,.T.);
#2796=EDGE_CURVE('',#3682,#3683,#460,.T.);
#2797=EDGE_CURVE('',#3684,#3683,#461,.T.);
#2798=EDGE_CURVE('',#3684,#3498,#144,.T.);
#2799=EDGE_CURVE('',#3685,#3499,#145,.T.);
#2800=EDGE_CURVE('',#3686,#3685,#462,.T.);
#2801=EDGE_CURVE('',#3686,#3687,#463,.T.);
#2802=EDGE_CURVE('',#3688,#3687,#464,.T.);
#2803=EDGE_CURVE('',#3688,#3488,#146,.T.);
#2804=EDGE_CURVE('',#3689,#3486,#147,.T.);
#2805=EDGE_CURVE('',#3690,#3689,#465,.T.);
#2806=EDGE_CURVE('',#3690,#3691,#466,.T.);
#2807=EDGE_CURVE('',#3692,#3691,#467,.T.);
#2808=EDGE_CURVE('',#3692,#3490,#148,.T.);
#2809=EDGE_CURVE('',#3693,#3491,#149,.T.);
#2810=EDGE_CURVE('',#3694,#3693,#468,.T.);
#2811=EDGE_CURVE('',#3694,#3695,#469,.T.);
#2812=EDGE_CURVE('',#3696,#3695,#470,.T.);
#2813=EDGE_CURVE('',#3696,#3502,#150,.T.);
#2814=EDGE_CURVE('',#3697,#3503,#151,.T.);
#2815=EDGE_CURVE('',#3698,#3697,#471,.T.);
#2816=EDGE_CURVE('',#3698,#3699,#472,.T.);
#2817=EDGE_CURVE('',#3700,#3699,#473,.T.);
#2818=EDGE_CURVE('',#3700,#3506,#152,.T.);
#2819=EDGE_CURVE('',#3701,#3507,#153,.T.);
#2820=EDGE_CURVE('',#3702,#3701,#474,.T.);
#2821=EDGE_CURVE('',#3702,#3703,#475,.T.);
#2822=EDGE_CURVE('',#3704,#3703,#476,.T.);
#2823=EDGE_CURVE('',#3704,#3510,#154,.T.);
#2824=EDGE_CURVE('',#3705,#3511,#155,.T.);
#2825=EDGE_CURVE('',#3706,#3705,#477,.T.);
#2826=EDGE_CURVE('',#3706,#3707,#478,.T.);
#2827=EDGE_CURVE('',#3708,#3707,#479,.T.);
#2828=EDGE_CURVE('',#3708,#3514,#156,.T.);
#2829=EDGE_CURVE('',#3709,#3515,#157,.T.);
#2830=EDGE_CURVE('',#3710,#3709,#480,.T.);
#2831=EDGE_CURVE('',#3710,#3711,#481,.T.);
#2832=EDGE_CURVE('',#3712,#3711,#482,.T.);
#2833=EDGE_CURVE('',#3712,#3518,#158,.T.);
#2834=EDGE_CURVE('',#3713,#3519,#159,.T.);
#2835=EDGE_CURVE('',#3714,#3713,#483,.T.);
#2836=EDGE_CURVE('',#3714,#3715,#484,.T.);
#2837=EDGE_CURVE('',#3716,#3715,#485,.T.);
#2838=EDGE_CURVE('',#3716,#3522,#160,.T.);
#2839=EDGE_CURVE('',#3717,#3523,#161,.T.);
#2840=EDGE_CURVE('',#3718,#3717,#486,.T.);
#2841=EDGE_CURVE('',#3718,#3719,#487,.T.);
#2842=EDGE_CURVE('',#3720,#3719,#488,.T.);
#2843=EDGE_CURVE('',#3720,#3526,#162,.T.);
#2844=EDGE_CURVE('',#3721,#3527,#163,.T.);
#2845=EDGE_CURVE('',#3722,#3721,#489,.T.);
#2846=EDGE_CURVE('',#3722,#3723,#490,.T.);
#2847=EDGE_CURVE('',#3724,#3723,#491,.T.);
#2848=EDGE_CURVE('',#3724,#3530,#164,.T.);
#2849=EDGE_CURVE('',#3725,#3531,#165,.T.);
#2850=EDGE_CURVE('',#3726,#3725,#492,.T.);
#2851=EDGE_CURVE('',#3726,#3727,#493,.T.);
#2852=EDGE_CURVE('',#3728,#3727,#494,.T.);
#2853=EDGE_CURVE('',#3728,#3546,#166,.T.);
#2854=EDGE_CURVE('',#3729,#3547,#167,.T.);
#2855=EDGE_CURVE('',#3730,#3729,#495,.T.);
#2856=EDGE_CURVE('',#3730,#3731,#496,.T.);
#2857=EDGE_CURVE('',#3732,#3731,#497,.T.);
#2858=EDGE_CURVE('',#3732,#3544,#168,.T.);
#2859=EDGE_CURVE('',#3733,#3542,#169,.T.);
#2860=EDGE_CURVE('',#3734,#3733,#498,.T.);
#2861=EDGE_CURVE('',#3734,#3735,#499,.T.);
#2862=EDGE_CURVE('',#3736,#3735,#500,.T.);
#2863=EDGE_CURVE('',#3736,#3536,#170,.T.);
#2864=EDGE_CURVE('',#3737,#3534,#171,.T.);
#2865=EDGE_CURVE('',#3738,#3737,#501,.T.);
#2866=EDGE_CURVE('',#3738,#3739,#502,.T.);
#2867=EDGE_CURVE('',#3740,#3739,#503,.T.);
#2868=EDGE_CURVE('',#3740,#3538,#172,.T.);
#2869=EDGE_CURVE('',#3741,#3539,#173,.T.);
#2870=EDGE_CURVE('',#3742,#3741,#504,.T.);
#2871=EDGE_CURVE('',#3742,#3743,#505,.T.);
#2872=EDGE_CURVE('',#3744,#3743,#506,.T.);
#2873=EDGE_CURVE('',#3744,#3550,#174,.T.);
#2874=EDGE_CURVE('',#3745,#3551,#175,.T.);
#2875=EDGE_CURVE('',#3746,#3745,#507,.T.);
#2876=EDGE_CURVE('',#3746,#3747,#508,.T.);
#2877=EDGE_CURVE('',#3748,#3747,#509,.T.);
#2878=EDGE_CURVE('',#3748,#3554,#176,.T.);
#2879=EDGE_CURVE('',#3749,#3555,#177,.T.);
#2880=EDGE_CURVE('',#3750,#3749,#510,.T.);
#2881=EDGE_CURVE('',#3750,#3751,#511,.T.);
#2882=EDGE_CURVE('',#3752,#3751,#512,.T.);
#2883=EDGE_CURVE('',#3752,#3558,#178,.T.);
#2884=EDGE_CURVE('',#3753,#3559,#179,.T.);
#2885=EDGE_CURVE('',#3754,#3753,#513,.T.);
#2886=EDGE_CURVE('',#3754,#3755,#514,.T.);
#2887=EDGE_CURVE('',#3756,#3755,#515,.T.);
#2888=EDGE_CURVE('',#3756,#3562,#180,.T.);
#2889=EDGE_CURVE('',#3757,#3563,#181,.T.);
#2890=EDGE_CURVE('',#3758,#3757,#516,.T.);
#2891=EDGE_CURVE('',#3758,#3759,#517,.T.);
#2892=EDGE_CURVE('',#3760,#3759,#518,.T.);
#2893=EDGE_CURVE('',#3760,#3566,#182,.T.);
#2894=EDGE_CURVE('',#3761,#3567,#183,.T.);
#2895=EDGE_CURVE('',#3762,#3761,#519,.T.);
#2896=EDGE_CURVE('',#3762,#3763,#520,.T.);
#2897=EDGE_CURVE('',#3764,#3763,#521,.T.);
#2898=EDGE_CURVE('',#3764,#3570,#184,.T.);
#2899=EDGE_CURVE('',#3765,#3571,#185,.T.);
#2900=EDGE_CURVE('',#3766,#3765,#522,.T.);
#2901=EDGE_CURVE('',#3766,#3767,#523,.T.);
#2902=EDGE_CURVE('',#3768,#3767,#524,.T.);
#2903=EDGE_CURVE('',#3768,#3574,#186,.T.);
#2904=EDGE_CURVE('',#3769,#3575,#187,.T.);
#2905=EDGE_CURVE('',#3770,#3769,#525,.T.);
#2906=EDGE_CURVE('',#3770,#3771,#526,.T.);
#2907=EDGE_CURVE('',#3772,#3771,#527,.T.);
#2908=EDGE_CURVE('',#3772,#3578,#188,.T.);
#2909=EDGE_CURVE('',#3773,#3579,#189,.T.);
#2910=EDGE_CURVE('',#3774,#3773,#528,.T.);
#2911=EDGE_CURVE('',#3774,#3775,#529,.T.);
#2912=EDGE_CURVE('',#3776,#3775,#530,.T.);
#2913=EDGE_CURVE('',#3776,#3598,#190,.T.);
#2914=EDGE_CURVE('',#3777,#3599,#191,.T.);
#2915=EDGE_CURVE('',#3778,#3777,#531,.T.);
#2916=EDGE_CURVE('',#3778,#3779,#532,.T.);
#2917=EDGE_CURVE('',#3780,#3779,#533,.T.);
#2918=EDGE_CURVE('',#3780,#3602,#192,.T.);
#2919=EDGE_CURVE('',#3781,#3603,#193,.T.);
#2920=EDGE_CURVE('',#3782,#3781,#534,.T.);
#2921=EDGE_CURVE('',#3782,#3783,#535,.T.);
#2922=EDGE_CURVE('',#3784,#3783,#536,.T.);
#2923=EDGE_CURVE('',#3784,#3610,#194,.T.);
#2924=EDGE_CURVE('',#3785,#3611,#195,.T.);
#2925=EDGE_CURVE('',#3786,#3785,#537,.T.);
#2926=EDGE_CURVE('',#3786,#3787,#538,.T.);
#2927=EDGE_CURVE('',#3788,#3787,#539,.T.);
#2928=EDGE_CURVE('',#3788,#3608,#196,.T.);
#2929=EDGE_CURVE('',#3789,#3606,#197,.T.);
#2930=EDGE_CURVE('',#3790,#3789,#540,.T.);
#2931=EDGE_CURVE('',#3790,#3791,#541,.T.);
#2932=EDGE_CURVE('',#3792,#3791,#542,.T.);
#2933=EDGE_CURVE('',#3792,#3596,#198,.T.);
#2934=EDGE_CURVE('',#3793,#3594,#199,.T.);
#2935=EDGE_CURVE('',#3794,#3793,#543,.T.);
#2936=EDGE_CURVE('',#3794,#3795,#544,.T.);
#2937=EDGE_CURVE('',#3796,#3795,#545,.T.);
#2938=EDGE_CURVE('',#3796,#3592,#200,.T.);
#2939=EDGE_CURVE('',#3797,#3590,#201,.T.);
#2940=EDGE_CURVE('',#3798,#3797,#546,.T.);
#2941=EDGE_CURVE('',#3798,#3799,#547,.T.);
#2942=EDGE_CURVE('',#3800,#3799,#548,.T.);
#2943=EDGE_CURVE('',#3800,#3588,#202,.T.);
#2944=EDGE_CURVE('',#3801,#3586,#203,.T.);
#2945=EDGE_CURVE('',#3802,#3801,#549,.T.);
#2946=EDGE_CURVE('',#3802,#3803,#550,.T.);
#2947=EDGE_CURVE('',#3804,#3803,#551,.T.);
#2948=EDGE_CURVE('',#3804,#3584,#204,.T.);
#2949=EDGE_CURVE('',#3805,#3582,#205,.T.);
#2950=EDGE_CURVE('',#3806,#3805,#552,.T.);
#2951=EDGE_CURVE('',#3806,#3807,#553,.T.);
#2952=EDGE_CURVE('',#3808,#3807,#554,.T.);
#2953=EDGE_CURVE('',#3808,#3614,#206,.T.);
#2954=EDGE_CURVE('',#3809,#3615,#207,.T.);
#2955=EDGE_CURVE('',#3810,#3809,#555,.T.);
#2956=EDGE_CURVE('',#3810,#3811,#556,.T.);
#2957=EDGE_CURVE('',#3812,#3811,#557,.T.);
#2958=EDGE_CURVE('',#3812,#3813,#208,.T.);
#2959=EDGE_CURVE('',#3813,#3814,#558,.T.);
#2960=EDGE_CURVE('',#3815,#3814,#209,.T.);
#2961=EDGE_CURVE('',#3816,#3815,#559,.T.);
#2962=EDGE_CURVE('',#3816,#3817,#560,.T.);
#2963=EDGE_CURVE('',#3818,#3817,#561,.T.);
#2964=EDGE_CURVE('',#3818,#3424,#210,.T.);
#2965=EDGE_CURVE('',#3819,#3422,#211,.T.);
#2966=EDGE_CURVE('',#3820,#3819,#562,.T.);
#2967=EDGE_CURVE('',#3820,#3620,#563,.T.);
#2968=EDGE_CURVE('',#3813,#3821,#4122,.T.);
#2969=EDGE_CURVE('',#3821,#3822,#564,.T.);
#2970=EDGE_CURVE('',#3814,#3822,#4123,.T.);
#2971=EDGE_CURVE('',#3823,#3823,#565,.T.);
#2972=EDGE_CURVE('',#3824,#3825,#566,.F.);
#2973=EDGE_CURVE('',#3824,#3423,#212,.T.);
#2974=EDGE_CURVE('',#3826,#3425,#213,.T.);
#2975=EDGE_CURVE('',#3827,#3826,#567,.F.);
#2976=EDGE_CURVE('',#3828,#3827,#568,.T.);
#2977=EDGE_CURVE('',#3829,#3828,#569,.F.);
#2978=EDGE_CURVE('',#3829,#3822,#214,.T.);
#2979=EDGE_CURVE('',#3830,#3821,#215,.T.);
#2980=EDGE_CURVE('',#3831,#3830,#570,.F.);
#2981=EDGE_CURVE('',#3832,#3831,#571,.T.);
#2982=EDGE_CURVE('',#3833,#3832,#572,.F.);
#2983=EDGE_CURVE('',#3833,#3617,#216,.T.);
#2984=EDGE_CURVE('',#3834,#3616,#217,.T.);
#2985=EDGE_CURVE('',#3835,#3834,#573,.F.);
#2986=EDGE_CURVE('',#3836,#3835,#574,.T.);
#2987=EDGE_CURVE('',#3837,#3836,#575,.F.);
#2988=EDGE_CURVE('',#3837,#3583,#218,.T.);
#2989=EDGE_CURVE('',#3838,#3585,#219,.T.);
#2990=EDGE_CURVE('',#3839,#3838,#576,.F.);
#2991=EDGE_CURVE('',#3840,#3839,#577,.T.);
#2992=EDGE_CURVE('',#3841,#3840,#578,.F.);
#2993=EDGE_CURVE('',#3841,#3587,#220,.T.);
#2994=EDGE_CURVE('',#3842,#3589,#221,.T.);
#2995=EDGE_CURVE('',#3843,#3842,#579,.F.);
#2996=EDGE_CURVE('',#3844,#3843,#580,.T.);
#2997=EDGE_CURVE('',#3845,#3844,#581,.F.);
#2998=EDGE_CURVE('',#3845,#3591,#222,.T.);
#2999=EDGE_CURVE('',#3846,#3593,#223,.T.);
#3000=EDGE_CURVE('',#3847,#3846,#582,.F.);
#3001=EDGE_CURVE('',#3848,#3847,#583,.T.);
#3002=EDGE_CURVE('',#3849,#3848,#584,.F.);
#3003=EDGE_CURVE('',#3849,#3595,#224,.T.);
#3004=EDGE_CURVE('',#3850,#3597,#225,.T.);
#3005=EDGE_CURVE('',#3851,#3850,#585,.F.);
#3006=EDGE_CURVE('',#3852,#3851,#586,.T.);
#3007=EDGE_CURVE('',#3853,#3852,#587,.F.);
#3008=EDGE_CURVE('',#3853,#3607,#226,.T.);
#3009=EDGE_CURVE('',#3854,#3609,#227,.T.);
#3010=EDGE_CURVE('',#3855,#3854,#588,.F.);
#3011=EDGE_CURVE('',#3856,#3855,#589,.T.);
#3012=EDGE_CURVE('',#3857,#3856,#590,.F.);
#3013=EDGE_CURVE('',#3857,#3613,#228,.T.);
#3014=EDGE_CURVE('',#3858,#3612,#229,.T.);
#3015=EDGE_CURVE('',#3859,#3858,#591,.F.);
#3016=EDGE_CURVE('',#3860,#3859,#592,.T.);
#3017=EDGE_CURVE('',#3861,#3860,#593,.F.);
#3018=EDGE_CURVE('',#3861,#3605,#230,.T.);
#3019=EDGE_CURVE('',#3862,#3604,#231,.T.);
#3020=EDGE_CURVE('',#3863,#3862,#594,.F.);
#3021=EDGE_CURVE('',#3864,#3863,#595,.T.);
#3022=EDGE_CURVE('',#3865,#3864,#596,.F.);
#3023=EDGE_CURVE('',#3865,#3601,#232,.T.);
#3024=EDGE_CURVE('',#3866,#3600,#233,.T.);
#3025=EDGE_CURVE('',#3867,#3866,#597,.F.);
#3026=EDGE_CURVE('',#3868,#3867,#598,.T.);
#3027=EDGE_CURVE('',#3869,#3868,#599,.F.);
#3028=EDGE_CURVE('',#3869,#3581,#234,.T.);
#3029=EDGE_CURVE('',#3870,#3580,#235,.T.);
#3030=EDGE_CURVE('',#3871,#3870,#600,.F.);
#3031=EDGE_CURVE('',#3872,#3871,#601,.T.);
#3032=EDGE_CURVE('',#3873,#3872,#602,.F.);
#3033=EDGE_CURVE('',#3873,#3577,#236,.T.);
#3034=EDGE_CURVE('',#3874,#3576,#237,.T.);
#3035=EDGE_CURVE('',#3875,#3874,#603,.F.);
#3036=EDGE_CURVE('',#3876,#3875,#604,.T.);
#3037=EDGE_CURVE('',#3877,#3876,#605,.F.);
#3038=EDGE_CURVE('',#3877,#3573,#238,.T.);
#3039=EDGE_CURVE('',#3878,#3572,#239,.T.);
#3040=EDGE_CURVE('',#3879,#3878,#606,.F.);
#3041=EDGE_CURVE('',#3880,#3879,#607,.T.);
#3042=EDGE_CURVE('',#3881,#3880,#608,.F.);
#3043=EDGE_CURVE('',#3881,#3569,#240,.T.);
#3044=EDGE_CURVE('',#3882,#3568,#241,.T.);
#3045=EDGE_CURVE('',#3883,#3882,#609,.F.);
#3046=EDGE_CURVE('',#3884,#3883,#610,.T.);
#3047=EDGE_CURVE('',#3885,#3884,#611,.F.);
#3048=EDGE_CURVE('',#3885,#3565,#242,.T.);
#3049=EDGE_CURVE('',#3886,#3564,#243,.T.);
#3050=EDGE_CURVE('',#3887,#3886,#612,.F.);
#3051=EDGE_CURVE('',#3888,#3887,#613,.T.);
#3052=EDGE_CURVE('',#3889,#3888,#614,.F.);
#3053=EDGE_CURVE('',#3889,#3561,#244,.T.);
#3054=EDGE_CURVE('',#3890,#3560,#245,.T.);
#3055=EDGE_CURVE('',#3891,#3890,#615,.F.);
#3056=EDGE_CURVE('',#3892,#3891,#616,.T.);
#3057=EDGE_CURVE('',#3893,#3892,#617,.F.);
#3058=EDGE_CURVE('',#3893,#3557,#246,.T.);
#3059=EDGE_CURVE('',#3894,#3556,#247,.T.);
#3060=EDGE_CURVE('',#3895,#3894,#618,.F.);
#3061=EDGE_CURVE('',#3896,#3895,#619,.T.);
#3062=EDGE_CURVE('',#3897,#3896,#620,.F.);
#3063=EDGE_CURVE('',#3897,#3553,#248,.T.);
#3064=EDGE_CURVE('',#3898,#3552,#249,.T.);
#3065=EDGE_CURVE('',#3899,#3898,#621,.F.);
#3066=EDGE_CURVE('',#3900,#3899,#622,.T.);
#3067=EDGE_CURVE('',#3901,#3900,#623,.F.);
#3068=EDGE_CURVE('',#3901,#3541,#250,.T.);
#3069=EDGE_CURVE('',#3902,#3540,#251,.T.);
#3070=EDGE_CURVE('',#3903,#3902,#624,.F.);
#3071=EDGE_CURVE('',#3904,#3903,#625,.T.);
#3072=EDGE_CURVE('',#3905,#3904,#626,.F.);
#3073=EDGE_CURVE('',#3905,#3535,#252,.T.);
#3074=EDGE_CURVE('',#3906,#3537,#253,.T.);
#3075=EDGE_CURVE('',#3907,#3906,#627,.F.);
#3076=EDGE_CURVE('',#3908,#3907,#628,.T.);
#3077=EDGE_CURVE('',#3909,#3908,#629,.F.);
#3078=EDGE_CURVE('',#3909,#3543,#254,.T.);
#3079=EDGE_CURVE('',#3910,#3545,#255,.T.);
#3080=EDGE_CURVE('',#3911,#3910,#630,.F.);
#3081=EDGE_CURVE('',#3912,#3911,#631,.T.);
#3082=EDGE_CURVE('',#3913,#3912,#632,.F.);
#3083=EDGE_CURVE('',#3913,#3549,#256,.T.);
#3084=EDGE_CURVE('',#3914,#3548,#257,.T.);
#3085=EDGE_CURVE('',#3915,#3914,#633,.F.);
#3086=EDGE_CURVE('',#3916,#3915,#634,.T.);
#3087=EDGE_CURVE('',#3917,#3916,#635,.F.);
#3088=EDGE_CURVE('',#3917,#3533,#258,.T.);
#3089=EDGE_CURVE('',#3918,#3532,#259,.T.);
#3090=EDGE_CURVE('',#3919,#3918,#636,.F.);
#3091=EDGE_CURVE('',#3920,#3919,#637,.T.);
#3092=EDGE_CURVE('',#3921,#3920,#638,.F.);
#3093=EDGE_CURVE('',#3921,#3529,#260,.T.);
#3094=EDGE_CURVE('',#3922,#3528,#261,.T.);
#3095=EDGE_CURVE('',#3923,#3922,#639,.F.);
#3096=EDGE_CURVE('',#3924,#3923,#640,.T.);
#3097=EDGE_CURVE('',#3925,#3924,#641,.F.);
#3098=EDGE_CURVE('',#3925,#3525,#262,.T.);
#3099=EDGE_CURVE('',#3926,#3524,#263,.T.);
#3100=EDGE_CURVE('',#3927,#3926,#642,.F.);
#3101=EDGE_CURVE('',#3928,#3927,#643,.T.);
#3102=EDGE_CURVE('',#3929,#3928,#644,.F.);
#3103=EDGE_CURVE('',#3929,#3521,#264,.T.);
#3104=EDGE_CURVE('',#3930,#3520,#265,.T.);
#3105=EDGE_CURVE('',#3931,#3930,#645,.F.);
#3106=EDGE_CURVE('',#3932,#3931,#646,.T.);
#3107=EDGE_CURVE('',#3933,#3932,#647,.F.);
#3108=EDGE_CURVE('',#3933,#3517,#266,.T.);
#3109=EDGE_CURVE('',#3934,#3516,#267,.T.);
#3110=EDGE_CURVE('',#3935,#3934,#648,.F.);
#3111=EDGE_CURVE('',#3936,#3935,#649,.T.);
#3112=EDGE_CURVE('',#3937,#3936,#650,.F.);
#3113=EDGE_CURVE('',#3937,#3513,#268,.T.);
#3114=EDGE_CURVE('',#3938,#3512,#269,.T.);
#3115=EDGE_CURVE('',#3939,#3938,#651,.F.);
#3116=EDGE_CURVE('',#3940,#3939,#652,.T.);
#3117=EDGE_CURVE('',#3941,#3940,#653,.F.);
#3118=EDGE_CURVE('',#3941,#3509,#270,.T.);
#3119=EDGE_CURVE('',#3942,#3508,#271,.T.);
#3120=EDGE_CURVE('',#3943,#3942,#654,.F.);
#3121=EDGE_CURVE('',#3944,#3943,#655,.T.);
#3122=EDGE_CURVE('',#3945,#3944,#656,.F.);
#3123=EDGE_CURVE('',#3945,#3505,#272,.T.);
#3124=EDGE_CURVE('',#3946,#3504,#273,.T.);
#3125=EDGE_CURVE('',#3947,#3946,#657,.F.);
#3126=EDGE_CURVE('',#3948,#3947,#658,.T.);
#3127=EDGE_CURVE('',#3949,#3948,#659,.F.);
#3128=EDGE_CURVE('',#3949,#3493,#274,.T.);
#3129=EDGE_CURVE('',#3950,#3492,#275,.T.);
#3130=EDGE_CURVE('',#3951,#3950,#660,.F.);
#3131=EDGE_CURVE('',#3952,#3951,#661,.T.);
#3132=EDGE_CURVE('',#3953,#3952,#662,.F.);
#3133=EDGE_CURVE('',#3953,#3487,#276,.T.);
#3134=EDGE_CURVE('',#3954,#3489,#277,.T.);
#3135=EDGE_CURVE('',#3955,#3954,#663,.F.);
#3136=EDGE_CURVE('',#3956,#3955,#664,.T.);
#3137=EDGE_CURVE('',#3957,#3956,#665,.F.);
#3138=EDGE_CURVE('',#3957,#3501,#278,.T.);
#3139=EDGE_CURVE('',#3958,#3500,#279,.T.);
#3140=EDGE_CURVE('',#3959,#3958,#666,.F.);
#3141=EDGE_CURVE('',#3960,#3959,#667,.T.);
#3142=EDGE_CURVE('',#3961,#3960,#668,.F.);
#3143=EDGE_CURVE('',#3961,#3497,#280,.T.);
#3144=EDGE_CURVE('',#3962,#3496,#281,.T.);
#3145=EDGE_CURVE('',#3963,#3962,#669,.F.);
#3146=EDGE_CURVE('',#3964,#3963,#670,.T.);
#3147=EDGE_CURVE('',#3965,#3964,#671,.F.);
#3148=EDGE_CURVE('',#3965,#3485,#282,.T.);
#3149=EDGE_CURVE('',#3966,#3484,#283,.T.);
#3150=EDGE_CURVE('',#3967,#3966,#672,.F.);
#3151=EDGE_CURVE('',#3968,#3967,#673,.T.);
#3152=EDGE_CURVE('',#3969,#3968,#674,.F.);
#3153=EDGE_CURVE('',#3969,#3481,#284,.T.);
#3154=EDGE_CURVE('',#3970,#3480,#285,.T.);
#3155=EDGE_CURVE('',#3971,#3970,#675,.F.);
#3156=EDGE_CURVE('',#3972,#3971,#676,.T.);
#3157=EDGE_CURVE('',#3973,#3972,#677,.F.);
#3158=EDGE_CURVE('',#3973,#3477,#286,.T.);
#3159=EDGE_CURVE('',#3974,#3476,#287,.T.);
#3160=EDGE_CURVE('',#3975,#3974,#678,.F.);
#3161=EDGE_CURVE('',#3976,#3975,#679,.T.);
#3162=EDGE_CURVE('',#3977,#3976,#680,.F.);
#3163=EDGE_CURVE('',#3977,#3473,#288,.T.);
#3164=EDGE_CURVE('',#3978,#3472,#289,.T.);
#3165=EDGE_CURVE('',#3979,#3978,#681,.F.);
#3166=EDGE_CURVE('',#3980,#3979,#682,.T.);
#3167=EDGE_CURVE('',#3981,#3980,#683,.F.);
#3168=EDGE_CURVE('',#3981,#3469,#290,.T.);
#3169=EDGE_CURVE('',#3982,#3468,#291,.T.);
#3170=EDGE_CURVE('',#3983,#3982,#684,.F.);
#3171=EDGE_CURVE('',#3984,#3983,#685,.T.);
#3172=EDGE_CURVE('',#3985,#3984,#686,.F.);
#3173=EDGE_CURVE('',#3985,#3465,#292,.T.);
#3174=EDGE_CURVE('',#3986,#3464,#293,.T.);
#3175=EDGE_CURVE('',#3987,#3986,#687,.F.);
#3176=EDGE_CURVE('',#3988,#3987,#688,.T.);
#3177=EDGE_CURVE('',#3989,#3988,#689,.F.);
#3178=EDGE_CURVE('',#3989,#3461,#294,.T.);
#3179=EDGE_CURVE('',#3990,#3460,#295,.T.);
#3180=EDGE_CURVE('',#3991,#3990,#690,.F.);
#3181=EDGE_CURVE('',#3992,#3991,#691,.T.);
#3182=EDGE_CURVE('',#3993,#3992,#692,.F.);
#3183=EDGE_CURVE('',#3993,#3457,#296,.T.);
#3184=EDGE_CURVE('',#3994,#3456,#297,.T.);
#3185=EDGE_CURVE('',#3995,#3994,#693,.F.);
#3186=EDGE_CURVE('',#3996,#3995,#694,.T.);
#3187=EDGE_CURVE('',#3997,#3996,#695,.F.);
#3188=EDGE_CURVE('',#3997,#3445,#298,.T.);
#3189=EDGE_CURVE('',#3998,#3444,#299,.T.);
#3190=EDGE_CURVE('',#3999,#3998,#696,.F.);
#3191=EDGE_CURVE('',#4000,#3999,#697,.T.);
#3192=EDGE_CURVE('',#4001,#4000,#698,.F.);
#3193=EDGE_CURVE('',#4001,#3439,#300,.T.);
#3194=EDGE_CURVE('',#4002,#3441,#301,.T.);
#3195=EDGE_CURVE('',#4003,#4002,#699,.F.);
#3196=EDGE_CURVE('',#4004,#4003,#700,.T.);
#3197=EDGE_CURVE('',#4005,#4004,#701,.F.);
#3198=EDGE_CURVE('',#4005,#3453,#302,.T.);
#3199=EDGE_CURVE('',#4006,#3452,#303,.T.);
#3200=EDGE_CURVE('',#4007,#4006,#702,.F.);
#3201=EDGE_CURVE('',#4008,#4007,#703,.T.);
#3202=EDGE_CURVE('',#4009,#4008,#704,.F.);
#3203=EDGE_CURVE('',#4009,#3449,#304,.T.);
#3204=EDGE_CURVE('',#4010,#3448,#305,.T.);
#3205=EDGE_CURVE('',#4011,#4010,#705,.F.);
#3206=EDGE_CURVE('',#4012,#4011,#706,.T.);
#3207=EDGE_CURVE('',#4013,#4012,#707,.F.);
#3208=EDGE_CURVE('',#4013,#3437,#306,.T.);
#3209=EDGE_CURVE('',#4014,#3436,#307,.T.);
#3210=EDGE_CURVE('',#4015,#4014,#708,.F.);
#3211=EDGE_CURVE('',#4016,#4015,#709,.T.);
#3212=EDGE_CURVE('',#4017,#4016,#710,.F.);
#3213=EDGE_CURVE('',#4017,#3433,#308,.T.);
#3214=EDGE_CURVE('',#4018,#3432,#309,.T.);
#3215=EDGE_CURVE('',#4019,#4018,#711,.F.);
#3216=EDGE_CURVE('',#4020,#4019,#712,.T.);
#3217=EDGE_CURVE('',#4021,#4020,#713,.F.);
#3218=EDGE_CURVE('',#4021,#3429,#310,.T.);
#3219=EDGE_CURVE('',#4022,#3428,#311,.T.);
#3220=EDGE_CURVE('',#4023,#4022,#714,.F.);
#3221=EDGE_CURVE('',#3825,#4023,#715,.T.);
#3222=EDGE_CURVE('',#3826,#3818,#4124,.F.);
#3223=EDGE_CURVE('',#3828,#3816,#4125,.F.);
#3224=EDGE_CURVE('',#3817,#3827,#4126,.T.);
#3225=EDGE_CURVE('',#3815,#3829,#4127,.T.);
#3226=EDGE_CURVE('',#3830,#3812,#4128,.F.);
#3227=EDGE_CURVE('',#3832,#3810,#4129,.F.);
#3228=EDGE_CURVE('',#3811,#3831,#4130,.T.);
#3229=EDGE_CURVE('',#3809,#3833,#4131,.T.);
#3230=EDGE_CURVE('',#3854,#3788,#4132,.F.);
#3231=EDGE_CURVE('',#3856,#3786,#4133,.F.);
#3232=EDGE_CURVE('',#3787,#3855,#4134,.T.);
#3233=EDGE_CURVE('',#3785,#3857,#4135,.T.);
#3234=EDGE_CURVE('',#3850,#3792,#4136,.F.);
#3235=EDGE_CURVE('',#3852,#3790,#4137,.F.);
#3236=EDGE_CURVE('',#3791,#3851,#4138,.T.);
#3237=EDGE_CURVE('',#3789,#3853,#4139,.T.);
#3238=EDGE_CURVE('',#3858,#3784,#4140,.F.);
#3239=EDGE_CURVE('',#3860,#3782,#4141,.F.);
#3240=EDGE_CURVE('',#3783,#3859,#4142,.T.);
#3241=EDGE_CURVE('',#3781,#3861,#4143,.T.);
#3242=EDGE_CURVE('',#3862,#3780,#4144,.F.);
#3243=EDGE_CURVE('',#3864,#3778,#4145,.F.);
#3244=EDGE_CURVE('',#3779,#3863,#4146,.T.);
#3245=EDGE_CURVE('',#3777,#3865,#4147,.T.);
#3246=EDGE_CURVE('',#3846,#3796,#4148,.F.);
#3247=EDGE_CURVE('',#3848,#3794,#4149,.F.);
#3248=EDGE_CURVE('',#3795,#3847,#4150,.T.);
#3249=EDGE_CURVE('',#3793,#3849,#4151,.T.);
#3250=EDGE_CURVE('',#3842,#3800,#4152,.F.);
#3251=EDGE_CURVE('',#3844,#3798,#4153,.F.);
#3252=EDGE_CURVE('',#3799,#3843,#4154,.T.);
#3253=EDGE_CURVE('',#3797,#3845,#4155,.T.);
#3254=EDGE_CURVE('',#3838,#3804,#4156,.F.);
#3255=EDGE_CURVE('',#3840,#3802,#4157,.F.);
#3256=EDGE_CURVE('',#3803,#3839,#4158,.T.);
#3257=EDGE_CURVE('',#3801,#3841,#4159,.T.);
#3258=EDGE_CURVE('',#3834,#3808,#4160,.F.);
#3259=EDGE_CURVE('',#3836,#3806,#4161,.F.);
#3260=EDGE_CURVE('',#3807,#3835,#4162,.T.);
#3261=EDGE_CURVE('',#3805,#3837,#4163,.T.);
#3262=EDGE_CURVE('',#3866,#3776,#4164,.F.);
#3263=EDGE_CURVE('',#3868,#3774,#4165,.F.);
#3264=EDGE_CURVE('',#3775,#3867,#4166,.T.);
#3265=EDGE_CURVE('',#3773,#3869,#4167,.T.);
#3266=EDGE_CURVE('',#3870,#3772,#4168,.F.);
#3267=EDGE_CURVE('',#3872,#3770,#4169,.F.);
#3268=EDGE_CURVE('',#3771,#3871,#4170,.T.);
#3269=EDGE_CURVE('',#3769,#3873,#4171,.T.);
#3270=EDGE_CURVE('',#3874,#3768,#4172,.F.);
#3271=EDGE_CURVE('',#3876,#3766,#4173,.F.);
#3272=EDGE_CURVE('',#3767,#3875,#4174,.T.);
#3273=EDGE_CURVE('',#3765,#3877,#4175,.T.);
#3274=EDGE_CURVE('',#3878,#3764,#4176,.F.);
#3275=EDGE_CURVE('',#3880,#3762,#4177,.F.);
#3276=EDGE_CURVE('',#3763,#3879,#4178,.T.);
#3277=EDGE_CURVE('',#3761,#3881,#4179,.T.);
#3278=EDGE_CURVE('',#3882,#3760,#4180,.F.);
#3279=EDGE_CURVE('',#3884,#3758,#4181,.F.);
#3280=EDGE_CURVE('',#3759,#3883,#4182,.T.);
#3281=EDGE_CURVE('',#3757,#3885,#4183,.T.);
#3282=EDGE_CURVE('',#3886,#3756,#4184,.F.);
#3283=EDGE_CURVE('',#3888,#3754,#4185,.F.);
#3284=EDGE_CURVE('',#3755,#3887,#4186,.T.);
#3285=EDGE_CURVE('',#3753,#3889,#4187,.T.);
#3286=EDGE_CURVE('',#3890,#3752,#4188,.F.);
#3287=EDGE_CURVE('',#3892,#3750,#4189,.F.);
#3288=EDGE_CURVE('',#3751,#3891,#4190,.T.);
#3289=EDGE_CURVE('',#3749,#3893,#4191,.T.);
#3290=EDGE_CURVE('',#3894,#3748,#4192,.F.);
#3291=EDGE_CURVE('',#3896,#3746,#4193,.F.);
#3292=EDGE_CURVE('',#3747,#3895,#4194,.T.);
#3293=EDGE_CURVE('',#3745,#3897,#4195,.T.);
#3294=EDGE_CURVE('',#3910,#3732,#4196,.F.);
#3295=EDGE_CURVE('',#3912,#3730,#4197,.F.);
#3296=EDGE_CURVE('',#3731,#3911,#4198,.T.);
#3297=EDGE_CURVE('',#3729,#3913,#4199,.T.);
#3298=EDGE_CURVE('',#3906,#3736,#4200,.F.);
#3299=EDGE_CURVE('',#3908,#3734,#4201,.F.);
#3300=EDGE_CURVE('',#3735,#3907,#4202,.T.);
#3301=EDGE_CURVE('',#3733,#3909,#4203,.T.);
#3302=EDGE_CURVE('',#3898,#3744,#4204,.F.);
#3303=EDGE_CURVE('',#3900,#3742,#4205,.F.);
#3304=EDGE_CURVE('',#3743,#3899,#4206,.T.);
#3305=EDGE_CURVE('',#3741,#3901,#4207,.T.);
#3306=EDGE_CURVE('',#3902,#3740,#4208,.F.);
#3307=EDGE_CURVE('',#3904,#3738,#4209,.F.);
#3308=EDGE_CURVE('',#3739,#3903,#4210,.T.);
#3309=EDGE_CURVE('',#3737,#3905,#4211,.T.);
#3310=EDGE_CURVE('',#3914,#3728,#4212,.F.);
#3311=EDGE_CURVE('',#3916,#3726,#4213,.F.);
#3312=EDGE_CURVE('',#3727,#3915,#4214,.T.);
#3313=EDGE_CURVE('',#3725,#3917,#4215,.T.);
#3314=EDGE_CURVE('',#3918,#3724,#4216,.F.);
#3315=EDGE_CURVE('',#3920,#3722,#4217,.F.);
#3316=EDGE_CURVE('',#3723,#3919,#4218,.T.);
#3317=EDGE_CURVE('',#3721,#3921,#4219,.T.);
#3318=EDGE_CURVE('',#3922,#3720,#4220,.F.);
#3319=EDGE_CURVE('',#3924,#3718,#4221,.F.);
#3320=EDGE_CURVE('',#3719,#3923,#4222,.T.);
#3321=EDGE_CURVE('',#3717,#3925,#4223,.T.);
#3322=EDGE_CURVE('',#3926,#3716,#4224,.F.);
#3323=EDGE_CURVE('',#3928,#3714,#4225,.F.);
#3324=EDGE_CURVE('',#3715,#3927,#4226,.T.);
#3325=EDGE_CURVE('',#3713,#3929,#4227,.T.);
#3326=EDGE_CURVE('',#3930,#3712,#4228,.F.);
#3327=EDGE_CURVE('',#3932,#3710,#4229,.F.);
#3328=EDGE_CURVE('',#3711,#3931,#4230,.T.);
#3329=EDGE_CURVE('',#3709,#3933,#4231,.T.);
#3330=EDGE_CURVE('',#3934,#3708,#4232,.F.);
#3331=EDGE_CURVE('',#3936,#3706,#4233,.F.);
#3332=EDGE_CURVE('',#3707,#3935,#4234,.T.);
#3333=EDGE_CURVE('',#3705,#3937,#4235,.T.);
#3334=EDGE_CURVE('',#3938,#3704,#4236,.F.);
#3335=EDGE_CURVE('',#3940,#3702,#4237,.F.);
#3336=EDGE_CURVE('',#3703,#3939,#4238,.T.);
#3337=EDGE_CURVE('',#3701,#3941,#4239,.T.);
#3338=EDGE_CURVE('',#3942,#3700,#4240,.F.);
#3339=EDGE_CURVE('',#3944,#3698,#4241,.F.);
#3340=EDGE_CURVE('',#3699,#3943,#4242,.T.);
#3341=EDGE_CURVE('',#3697,#3945,#4243,.T.);
#3342=EDGE_CURVE('',#3954,#3688,#4244,.F.);
#3343=EDGE_CURVE('',#3956,#3686,#4245,.F.);
#3344=EDGE_CURVE('',#3687,#3955,#4246,.T.);
#3345=EDGE_CURVE('',#3685,#3957,#4247,.T.);
#3346=EDGE_CURVE('',#3958,#3684,#4248,.F.);
#3347=EDGE_CURVE('',#3960,#3682,#4249,.F.);
#3348=EDGE_CURVE('',#3683,#3959,#4250,.T.);
#3349=EDGE_CURVE('',#3681,#3961,#4251,.T.);
#3350=EDGE_CURVE('',#3946,#3696,#4252,.F.);
#3351=EDGE_CURVE('',#3948,#3694,#4253,.F.);
#3352=EDGE_CURVE('',#3695,#3947,#4254,.T.);
#3353=EDGE_CURVE('',#3693,#3949,#4255,.T.);
#3354=EDGE_CURVE('',#3950,#3692,#4256,.F.);
#3355=EDGE_CURVE('',#3952,#3690,#4257,.F.);
#3356=EDGE_CURVE('',#3691,#3951,#4258,.T.);
#3357=EDGE_CURVE('',#3689,#3953,#4259,.T.);
#3358=EDGE_CURVE('',#3962,#3680,#4260,.F.);
#3359=EDGE_CURVE('',#3964,#3678,#4261,.F.);
#3360=EDGE_CURVE('',#3679,#3963,#4262,.T.);
#3361=EDGE_CURVE('',#3677,#3965,#4263,.T.);
#3362=EDGE_CURVE('',#3966,#3676,#4264,.F.);
#3363=EDGE_CURVE('',#3968,#3674,#4265,.F.);
#3364=EDGE_CURVE('',#3675,#3967,#4266,.T.);
#3365=EDGE_CURVE('',#3673,#3969,#4267,.T.);
#3366=EDGE_CURVE('',#3970,#3672,#4268,.F.);
#3367=EDGE_CURVE('',#3972,#3670,#4269,.F.);
#3368=EDGE_CURVE('',#3671,#3971,#4270,.T.);
#3369=EDGE_CURVE('',#3669,#3973,#4271,.T.);
#3370=EDGE_CURVE('',#3974,#3668,#4272,.F.);
#3371=EDGE_CURVE('',#3976,#3666,#4273,.F.);
#3372=EDGE_CURVE('',#3667,#3975,#4274,.T.);
#3373=EDGE_CURVE('',#3665,#3977,#4275,.T.);
#3374=EDGE_CURVE('',#3978,#3664,#4276,.F.);
#3375=EDGE_CURVE('',#3980,#3662,#4277,.F.);
#3376=EDGE_CURVE('',#3663,#3979,#4278,.T.);
#3377=EDGE_CURVE('',#3661,#3981,#4279,.T.);
#3378=EDGE_CURVE('',#3982,#3660,#4280,.F.);
#3379=EDGE_CURVE('',#3984,#3658,#4281,.F.);
#3380=EDGE_CURVE('',#3659,#3983,#4282,.T.);
#3381=EDGE_CURVE('',#3657,#3985,#4283,.T.);
#3382=EDGE_CURVE('',#3986,#3656,#4284,.F.);
#3383=EDGE_CURVE('',#3988,#3654,#4285,.F.);
#3384=EDGE_CURVE('',#3655,#3987,#4286,.T.);
#3385=EDGE_CURVE('',#3653,#3989,#4287,.T.);
#3386=EDGE_CURVE('',#3990,#3652,#4288,.F.);
#3387=EDGE_CURVE('',#3992,#3650,#4289,.F.);
#3388=EDGE_CURVE('',#3651,#3991,#4290,.T.);
#3389=EDGE_CURVE('',#3649,#3993,#4291,.T.);
#3390=EDGE_CURVE('',#4002,#3640,#4292,.F.);
#3391=EDGE_CURVE('',#4004,#3638,#4293,.F.);
#3392=EDGE_CURVE('',#3639,#4003,#4294,.T.);
#3393=EDGE_CURVE('',#3637,#4005,#4295,.T.);
#3394=EDGE_CURVE('',#4006,#3636,#4296,.F.);
#3395=EDGE_CURVE('',#4008,#3634,#4297,.F.);
#3396=EDGE_CURVE('',#3635,#4007,#4298,.T.);
#3397=EDGE_CURVE('',#3633,#4009,#4299,.T.);
#3398=EDGE_CURVE('',#3994,#3648,#4300,.F.);
#3399=EDGE_CURVE('',#3996,#3646,#4301,.F.);
#3400=EDGE_CURVE('',#3647,#3995,#4302,.T.);
#3401=EDGE_CURVE('',#3645,#3997,#4303,.T.);
#3402=EDGE_CURVE('',#3998,#3644,#4304,.F.);
#3403=EDGE_CURVE('',#4000,#3642,#4305,.F.);
#3404=EDGE_CURVE('',#3643,#3999,#4306,.T.);
#3405=EDGE_CURVE('',#3641,#4001,#4307,.T.);
#3406=EDGE_CURVE('',#4010,#3632,#4308,.F.);
#3407=EDGE_CURVE('',#4012,#3630,#4309,.F.);
#3408=EDGE_CURVE('',#3631,#4011,#4310,.T.);
#3409=EDGE_CURVE('',#3629,#4013,#4311,.T.);
#3410=EDGE_CURVE('',#4014,#3628,#4312,.F.);
#3411=EDGE_CURVE('',#4016,#3626,#4313,.F.);
#3412=EDGE_CURVE('',#3627,#4015,#4314,.T.);
#3413=EDGE_CURVE('',#3625,#4017,#4315,.T.);
#3414=EDGE_CURVE('',#4018,#3624,#4316,.F.);
#3415=EDGE_CURVE('',#4020,#3622,#4317,.F.);
#3416=EDGE_CURVE('',#3623,#4019,#4318,.T.);
#3417=EDGE_CURVE('',#3621,#4021,#4319,.T.);
#3418=EDGE_CURVE('',#4022,#3619,#4320,.F.);
#3419=EDGE_CURVE('',#3825,#3820,#4321,.F.);
#3420=EDGE_CURVE('',#3620,#4023,#4322,.T.);
#3421=EDGE_CURVE('',#3819,#3824,#4323,.T.);
#3422=VERTEX_POINT('',#7873);
#3423=VERTEX_POINT('',#7874);
#3424=VERTEX_POINT('',#7876);
#3425=VERTEX_POINT('',#7878);
#3426=VERTEX_POINT('',#7882);
#3427=VERTEX_POINT('',#7883);
#3428=VERTEX_POINT('',#7885);
#3429=VERTEX_POINT('',#7887);
#3430=VERTEX_POINT('',#7891);
#3431=VERTEX_POINT('',#7892);
#3432=VERTEX_POINT('',#7894);
#3433=VERTEX_POINT('',#7896);
#3434=VERTEX_POINT('',#7900);
#3435=VERTEX_POINT('',#7901);
#3436=VERTEX_POINT('',#7903);
#3437=VERTEX_POINT('',#7905);
#3438=VERTEX_POINT('',#7909);
#3439=VERTEX_POINT('',#7910);
#3440=VERTEX_POINT('',#7912);
#3441=VERTEX_POINT('',#7914);
#3442=VERTEX_POINT('',#7918);
#3443=VERTEX_POINT('',#7919);
#3444=VERTEX_POINT('',#7921);
#3445=VERTEX_POINT('',#7923);
#3446=VERTEX_POINT('',#7927);
#3447=VERTEX_POINT('',#7928);
#3448=VERTEX_POINT('',#7930);
#3449=VERTEX_POINT('',#7932);
#3450=VERTEX_POINT('',#7936);
#3451=VERTEX_POINT('',#7937);
#3452=VERTEX_POINT('',#7939);
#3453=VERTEX_POINT('',#7941);
#3454=VERTEX_POINT('',#7945);
#3455=VERTEX_POINT('',#7946);
#3456=VERTEX_POINT('',#7948);
#3457=VERTEX_POINT('',#7950);
#3458=VERTEX_POINT('',#7954);
#3459=VERTEX_POINT('',#7955);
#3460=VERTEX_POINT('',#7957);
#3461=VERTEX_POINT('',#7959);
#3462=VERTEX_POINT('',#7963);
#3463=VERTEX_POINT('',#7964);
#3464=VERTEX_POINT('',#7966);
#3465=VERTEX_POINT('',#7968);
#3466=VERTEX_POINT('',#7972);
#3467=VERTEX_POINT('',#7973);
#3468=VERTEX_POINT('',#7975);
#3469=VERTEX_POINT('',#7977);
#3470=VERTEX_POINT('',#7981);
#3471=VERTEX_POINT('',#7982);
#3472=VERTEX_POINT('',#7984);
#3473=VERTEX_POINT('',#7986);
#3474=VERTEX_POINT('',#7990);
#3475=VERTEX_POINT('',#7991);
#3476=VERTEX_POINT('',#7993);
#3477=VERTEX_POINT('',#7995);
#3478=VERTEX_POINT('',#7999);
#3479=VERTEX_POINT('',#8000);
#3480=VERTEX_POINT('',#8002);
#3481=VERTEX_POINT('',#8004);
#3482=VERTEX_POINT('',#8008);
#3483=VERTEX_POINT('',#8009);
#3484=VERTEX_POINT('',#8011);
#3485=VERTEX_POINT('',#8013);
#3486=VERTEX_POINT('',#8017);
#3487=VERTEX_POINT('',#8018);
#3488=VERTEX_POINT('',#8020);
#3489=VERTEX_POINT('',#8022);
#3490=VERTEX_POINT('',#8026);
#3491=VERTEX_POINT('',#8027);
#3492=VERTEX_POINT('',#8029);
#3493=VERTEX_POINT('',#8031);
#3494=VERTEX_POINT('',#8035);
#3495=VERTEX_POINT('',#8036);
#3496=VERTEX_POINT('',#8038);
#3497=VERTEX_POINT('',#8040);
#3498=VERTEX_POINT('',#8044);
#3499=VERTEX_POINT('',#8045);
#3500=VERTEX_POINT('',#8047);
#3501=VERTEX_POINT('',#8049);
#3502=VERTEX_POINT('',#8053);
#3503=VERTEX_POINT('',#8054);
#3504=VERTEX_POINT('',#8056);
#3505=VERTEX_POINT('',#8058);
#3506=VERTEX_POINT('',#8062);
#3507=VERTEX_POINT('',#8063);
#3508=VERTEX_POINT('',#8065);
#3509=VERTEX_POINT('',#8067);
#3510=VERTEX_POINT('',#8071);
#3511=VERTEX_POINT('',#8072);
#3512=VERTEX_POINT('',#8074);
#3513=VERTEX_POINT('',#8076);
#3514=VERTEX_POINT('',#8080);
#3515=VERTEX_POINT('',#8081);
#3516=VERTEX_POINT('',#8083);
#3517=VERTEX_POINT('',#8085);
#3518=VERTEX_POINT('',#8089);
#3519=VERTEX_POINT('',#8090);
#3520=VERTEX_POINT('',#8092);
#3521=VERTEX_POINT('',#8094);
#3522=VERTEX_POINT('',#8098);
#3523=VERTEX_POINT('',#8099);
#3524=VERTEX_POINT('',#8101);
#3525=VERTEX_POINT('',#8103);
#3526=VERTEX_POINT('',#8107);
#3527=VERTEX_POINT('',#8108);
#3528=VERTEX_POINT('',#8110);
#3529=VERTEX_POINT('',#8112);
#3530=VERTEX_POINT('',#8116);
#3531=VERTEX_POINT('',#8117);
#3532=VERTEX_POINT('',#8119);
#3533=VERTEX_POINT('',#8121);
#3534=VERTEX_POINT('',#8125);
#3535=VERTEX_POINT('',#8126);
#3536=VERTEX_POINT('',#8128);
#3537=VERTEX_POINT('',#8130);
#3538=VERTEX_POINT('',#8134);
#3539=VERTEX_POINT('',#8135);
#3540=VERTEX_POINT('',#8137);
#3541=VERTEX_POINT('',#8139);
#3542=VERTEX_POINT('',#8143);
#3543=VERTEX_POINT('',#8144);
#3544=VERTEX_POINT('',#8146);
#3545=VERTEX_POINT('',#8148);
#3546=VERTEX_POINT('',#8152);
#3547=VERTEX_POINT('',#8153);
#3548=VERTEX_POINT('',#8155);
#3549=VERTEX_POINT('',#8157);
#3550=VERTEX_POINT('',#8161);
#3551=VERTEX_POINT('',#8162);
#3552=VERTEX_POINT('',#8164);
#3553=VERTEX_POINT('',#8166);
#3554=VERTEX_POINT('',#8170);
#3555=VERTEX_POINT('',#8171);
#3556=VERTEX_POINT('',#8173);
#3557=VERTEX_POINT('',#8175);
#3558=VERTEX_POINT('',#8179);
#3559=VERTEX_POINT('',#8180);
#3560=VERTEX_POINT('',#8182);
#3561=VERTEX_POINT('',#8184);
#3562=VERTEX_POINT('',#8188);
#3563=VERTEX_POINT('',#8189);
#3564=VERTEX_POINT('',#8191);
#3565=VERTEX_POINT('',#8193);
#3566=VERTEX_POINT('',#8197);
#3567=VERTEX_POINT('',#8198);
#3568=VERTEX_POINT('',#8200);
#3569=VERTEX_POINT('',#8202);
#3570=VERTEX_POINT('',#8206);
#3571=VERTEX_POINT('',#8207);
#3572=VERTEX_POINT('',#8209);
#3573=VERTEX_POINT('',#8211);
#3574=VERTEX_POINT('',#8215);
#3575=VERTEX_POINT('',#8216);
#3576=VERTEX_POINT('',#8218);
#3577=VERTEX_POINT('',#8220);
#3578=VERTEX_POINT('',#8224);
#3579=VERTEX_POINT('',#8225);
#3580=VERTEX_POINT('',#8227);
#3581=VERTEX_POINT('',#8229);
#3582=VERTEX_POINT('',#8233);
#3583=VERTEX_POINT('',#8234);
#3584=VERTEX_POINT('',#8236);
#3585=VERTEX_POINT('',#8238);
#3586=VERTEX_POINT('',#8242);
#3587=VERTEX_POINT('',#8243);
#3588=VERTEX_POINT('',#8245);
#3589=VERTEX_POINT('',#8247);
#3590=VERTEX_POINT('',#8251);
#3591=VERTEX_POINT('',#8252);
#3592=VERTEX_POINT('',#8254);
#3593=VERTEX_POINT('',#8256);
#3594=VERTEX_POINT('',#8260);
#3595=VERTEX_POINT('',#8261);
#3596=VERTEX_POINT('',#8263);
#3597=VERTEX_POINT('',#8265);
#3598=VERTEX_POINT('',#8269);
#3599=VERTEX_POINT('',#8270);
#3600=VERTEX_POINT('',#8272);
#3601=VERTEX_POINT('',#8274);
#3602=VERTEX_POINT('',#8278);
#3603=VERTEX_POINT('',#8279);
#3604=VERTEX_POINT('',#8281);
#3605=VERTEX_POINT('',#8283);
#3606=VERTEX_POINT('',#8287);
#3607=VERTEX_POINT('',#8288);
#3608=VERTEX_POINT('',#8290);
#3609=VERTEX_POINT('',#8292);
#3610=VERTEX_POINT('',#8296);
#3611=VERTEX_POINT('',#8297);
#3612=VERTEX_POINT('',#8299);
#3613=VERTEX_POINT('',#8301);
#3614=VERTEX_POINT('',#8305);
#3615=VERTEX_POINT('',#8306);
#3616=VERTEX_POINT('',#8308);
#3617=VERTEX_POINT('',#8310);
#3618=VERTEX_POINT('',#8314);
#3619=VERTEX_POINT('',#8316);
#3620=VERTEX_POINT('',#8317);
#3621=VERTEX_POINT('',#8344);
#3622=VERTEX_POINT('',#8346);
#3623=VERTEX_POINT('',#8348);
#3624=VERTEX_POINT('',#8350);
#3625=VERTEX_POINT('',#8377);
#3626=VERTEX_POINT('',#8379);
#3627=VERTEX_POINT('',#8381);
#3628=VERTEX_POINT('',#8383);
#3629=VERTEX_POINT('',#8410);
#3630=VERTEX_POINT('',#8412);
#3631=VERTEX_POINT('',#8414);
#3632=VERTEX_POINT('',#8416);
#3633=VERTEX_POINT('',#8443);
#3634=VERTEX_POINT('',#8445);
#3635=VERTEX_POINT('',#8447);
#3636=VERTEX_POINT('',#8449);
#3637=VERTEX_POINT('',#8476);
#3638=VERTEX_POINT('',#8478);
#3639=VERTEX_POINT('',#8480);
#3640=VERTEX_POINT('',#8482);
#3641=VERTEX_POINT('',#8509);
#3642=VERTEX_POINT('',#8511);
#3643=VERTEX_POINT('',#8513);
#3644=VERTEX_POINT('',#8515);
#3645=VERTEX_POINT('',#8542);
#3646=VERTEX_POINT('',#8544);
#3647=VERTEX_POINT('',#8546);
#3648=VERTEX_POINT('',#8548);
#3649=VERTEX_POINT('',#8575);
#3650=VERTEX_POINT('',#8577);
#3651=VERTEX_POINT('',#8579);
#3652=VERTEX_POINT('',#8581);
#3653=VERTEX_POINT('',#8608);
#3654=VERTEX_POINT('',#8610);
#3655=VERTEX_POINT('',#8612);
#3656=VERTEX_POINT('',#8614);
#3657=VERTEX_POINT('',#8641);
#3658=VERTEX_POINT('',#8643);
#3659=VERTEX_POINT('',#8645);
#3660=VERTEX_POINT('',#8647);
#3661=VERTEX_POINT('',#8674);
#3662=VERTEX_POINT('',#8676);
#3663=VERTEX_POINT('',#8678);
#3664=VERTEX_POINT('',#8680);
#3665=VERTEX_POINT('',#8707);
#3666=VERTEX_POINT('',#8709);
#3667=VERTEX_POINT('',#8711);
#3668=VERTEX_POINT('',#8713);
#3669=VERTEX_POINT('',#8740);
#3670=VERTEX_POINT('',#8742);
#3671=VERTEX_POINT('',#8744);
#3672=VERTEX_POINT('',#8746);
#3673=VERTEX_POINT('',#8773);
#3674=VERTEX_POINT('',#8775);
#3675=VERTEX_POINT('',#8777);
#3676=VERTEX_POINT('',#8779);
#3677=VERTEX_POINT('',#8806);
#3678=VERTEX_POINT('',#8808);
#3679=VERTEX_POINT('',#8810);
#3680=VERTEX_POINT('',#8812);
#3681=VERTEX_POINT('',#8839);
#3682=VERTEX_POINT('',#8841);
#3683=VERTEX_POINT('',#8843);
#3684=VERTEX_POINT('',#8845);
#3685=VERTEX_POINT('',#8872);
#3686=VERTEX_POINT('',#8874);
#3687=VERTEX_POINT('',#8876);
#3688=VERTEX_POINT('',#8878);
#3689=VERTEX_POINT('',#8905);
#3690=VERTEX_POINT('',#8907);
#3691=VERTEX_POINT('',#8909);
#3692=VERTEX_POINT('',#8911);
#3693=VERTEX_POINT('',#8938);
#3694=VERTEX_POINT('',#8940);
#3695=VERTEX_POINT('',#8942);
#3696=VERTEX_POINT('',#8944);
#3697=VERTEX_POINT('',#8971);
#3698=VERTEX_POINT('',#8973);
#3699=VERTEX_POINT('',#8975);
#3700=VERTEX_POINT('',#8977);
#3701=VERTEX_POINT('',#9004);
#3702=VERTEX_POINT('',#9006);
#3703=VERTEX_POINT('',#9008);
#3704=VERTEX_POINT('',#9010);
#3705=VERTEX_POINT('',#9037);
#3706=VERTEX_POINT('',#9039);
#3707=VERTEX_POINT('',#9041);
#3708=VERTEX_POINT('',#9043);
#3709=VERTEX_POINT('',#9070);
#3710=VERTEX_POINT('',#9072);
#3711=VERTEX_POINT('',#9074);
#3712=VERTEX_POINT('',#9076);
#3713=VERTEX_POINT('',#9103);
#3714=VERTEX_POINT('',#9105);
#3715=VERTEX_POINT('',#9107);
#3716=VERTEX_POINT('',#9109);
#3717=VERTEX_POINT('',#9136);
#3718=VERTEX_POINT('',#9138);
#3719=VERTEX_POINT('',#9140);
#3720=VERTEX_POINT('',#9142);
#3721=VERTEX_POINT('',#9169);
#3722=VERTEX_POINT('',#9171);
#3723=VERTEX_POINT('',#9173);
#3724=VERTEX_POINT('',#9175);
#3725=VERTEX_POINT('',#9202);
#3726=VERTEX_POINT('',#9204);
#3727=VERTEX_POINT('',#9206);
#3728=VERTEX_POINT('',#9208);
#3729=VERTEX_POINT('',#9235);
#3730=VERTEX_POINT('',#9237);
#3731=VERTEX_POINT('',#9239);
#3732=VERTEX_POINT('',#9241);
#3733=VERTEX_POINT('',#9268);
#3734=VERTEX_POINT('',#9270);
#3735=VERTEX_POINT('',#9272);
#3736=VERTEX_POINT('',#9274);
#3737=VERTEX_POINT('',#9301);
#3738=VERTEX_POINT('',#9303);
#3739=VERTEX_POINT('',#9305);
#3740=VERTEX_POINT('',#9307);
#3741=VERTEX_POINT('',#9334);
#3742=VERTEX_POINT('',#9336);
#3743=VERTEX_POINT('',#9338);
#3744=VERTEX_POINT('',#9340);
#3745=VERTEX_POINT('',#9367);
#3746=VERTEX_POINT('',#9369);
#3747=VERTEX_POINT('',#9371);
#3748=VERTEX_POINT('',#9373);
#3749=VERTEX_POINT('',#9400);
#3750=VERTEX_POINT('',#9402);
#3751=VERTEX_POINT('',#9404);
#3752=VERTEX_POINT('',#9406);
#3753=VERTEX_POINT('',#9433);
#3754=VERTEX_POINT('',#9435);
#3755=VERTEX_POINT('',#9437);
#3756=VERTEX_POINT('',#9439);
#3757=VERTEX_POINT('',#9466);
#3758=VERTEX_POINT('',#9468);
#3759=VERTEX_POINT('',#9470);
#3760=VERTEX_POINT('',#9472);
#3761=VERTEX_POINT('',#9499);
#3762=VERTEX_POINT('',#9501);
#3763=VERTEX_POINT('',#9503);
#3764=VERTEX_POINT('',#9505);
#3765=VERTEX_POINT('',#9532);
#3766=VERTEX_POINT('',#9534);
#3767=VERTEX_POINT('',#9536);
#3768=VERTEX_POINT('',#9538);
#3769=VERTEX_POINT('',#9565);
#3770=VERTEX_POINT('',#9567);
#3771=VERTEX_POINT('',#9569);
#3772=VERTEX_POINT('',#9571);
#3773=VERTEX_POINT('',#9598);
#3774=VERTEX_POINT('',#9600);
#3775=VERTEX_POINT('',#9602);
#3776=VERTEX_POINT('',#9604);
#3777=VERTEX_POINT('',#9631);
#3778=VERTEX_POINT('',#9633);
#3779=VERTEX_POINT('',#9635);
#3780=VERTEX_POINT('',#9637);
#3781=VERTEX_POINT('',#9664);
#3782=VERTEX_POINT('',#9666);
#3783=VERTEX_POINT('',#9668);
#3784=VERTEX_POINT('',#9670);
#3785=VERTEX_POINT('',#9697);
#3786=VERTEX_POINT('',#9699);
#3787=VERTEX_POINT('',#9701);
#3788=VERTEX_POINT('',#9703);
#3789=VERTEX_POINT('',#9730);
#3790=VERTEX_POINT('',#9732);
#3791=VERTEX_POINT('',#9734);
#3792=VERTEX_POINT('',#9736);
#3793=VERTEX_POINT('',#9763);
#3794=VERTEX_POINT('',#9765);
#3795=VERTEX_POINT('',#9767);
#3796=VERTEX_POINT('',#9769);
#3797=VERTEX_POINT('',#9796);
#3798=VERTEX_POINT('',#9798);
#3799=VERTEX_POINT('',#9800);
#3800=VERTEX_POINT('',#9802);
#3801=VERTEX_POINT('',#9829);
#3802=VERTEX_POINT('',#9831);
#3803=VERTEX_POINT('',#9833);
#3804=VERTEX_POINT('',#9835);
#3805=VERTEX_POINT('',#9862);
#3806=VERTEX_POINT('',#9864);
#3807=VERTEX_POINT('',#9866);
#3808=VERTEX_POINT('',#9868);
#3809=VERTEX_POINT('',#9895);
#3810=VERTEX_POINT('',#9897);
#3811=VERTEX_POINT('',#9899);
#3812=VERTEX_POINT('',#9901);
#3813=VERTEX_POINT('',#9915);
#3814=VERTEX_POINT('',#9917);
#3815=VERTEX_POINT('',#9931);
#3816=VERTEX_POINT('',#9933);
#3817=VERTEX_POINT('',#9935);
#3818=VERTEX_POINT('',#9937);
#3819=VERTEX_POINT('',#9964);
#3820=VERTEX_POINT('',#9966);
#3821=VERTEX_POINT('',#9970);
#3822=VERTEX_POINT('',#9972);
#3823=VERTEX_POINT('',#9976);
#3824=VERTEX_POINT('',#9978);
#3825=VERTEX_POINT('',#9979);
#3826=VERTEX_POINT('',#10006);
#3827=VERTEX_POINT('',#10008);
#3828=VERTEX_POINT('',#10010);
#3829=VERTEX_POINT('',#10012);
#3830=VERTEX_POINT('',#10039);
#3831=VERTEX_POINT('',#10041);
#3832=VERTEX_POINT('',#10043);
#3833=VERTEX_POINT('',#10045);
#3834=VERTEX_POINT('',#10072);
#3835=VERTEX_POINT('',#10074);
#3836=VERTEX_POINT('',#10076);
#3837=VERTEX_POINT('',#10078);
#3838=VERTEX_POINT('',#10105);
#3839=VERTEX_POINT('',#10107);
#3840=VERTEX_POINT('',#10109);
#3841=VERTEX_POINT('',#10111);
#3842=VERTEX_POINT('',#10138);
#3843=VERTEX_POINT('',#10140);
#3844=VERTEX_POINT('',#10142);
#3845=VERTEX_POINT('',#10144);
#3846=VERTEX_POINT('',#10171);
#3847=VERTEX_POINT('',#10173);
#3848=VERTEX_POINT('',#10175);
#3849=VERTEX_POINT('',#10177);
#3850=VERTEX_POINT('',#10204);
#3851=VERTEX_POINT('',#10206);
#3852=VERTEX_POINT('',#10208);
#3853=VERTEX_POINT('',#10210);
#3854=VERTEX_POINT('',#10237);
#3855=VERTEX_POINT('',#10239);
#3856=VERTEX_POINT('',#10241);
#3857=VERTEX_POINT('',#10243);
#3858=VERTEX_POINT('',#10270);
#3859=VERTEX_POINT('',#10272);
#3860=VERTEX_POINT('',#10274);
#3861=VERTEX_POINT('',#10276);
#3862=VERTEX_POINT('',#10303);
#3863=VERTEX_POINT('',#10305);
#3864=VERTEX_POINT('',#10307);
#3865=VERTEX_POINT('',#10309);
#3866=VERTEX_POINT('',#10336);
#3867=VERTEX_POINT('',#10338);
#3868=VERTEX_POINT('',#10340);
#3869=VERTEX_POINT('',#10342);
#3870=VERTEX_POINT('',#10369);
#3871=VERTEX_POINT('',#10371);
#3872=VERTEX_POINT('',#10373);
#3873=VERTEX_POINT('',#10375);
#3874=VERTEX_POINT('',#10402);
#3875=VERTEX_POINT('',#10404);
#3876=VERTEX_POINT('',#10406);
#3877=VERTEX_POINT('',#10408);
#3878=VERTEX_POINT('',#10435);
#3879=VERTEX_POINT('',#10437);
#3880=VERTEX_POINT('',#10439);
#3881=VERTEX_POINT('',#10441);
#3882=VERTEX_POINT('',#10468);
#3883=VERTEX_POINT('',#10470);
#3884=VERTEX_POINT('',#10472);
#3885=VERTEX_POINT('',#10474);
#3886=VERTEX_POINT('',#10501);
#3887=VERTEX_POINT('',#10503);
#3888=VERTEX_POINT('',#10505);
#3889=VERTEX_POINT('',#10507);
#3890=VERTEX_POINT('',#10534);
#3891=VERTEX_POINT('',#10536);
#3892=VERTEX_POINT('',#10538);
#3893=VERTEX_POINT('',#10540);
#3894=VERTEX_POINT('',#10567);
#3895=VERTEX_POINT('',#10569);
#3896=VERTEX_POINT('',#10571);
#3897=VERTEX_POINT('',#10573);
#3898=VERTEX_POINT('',#10600);
#3899=VERTEX_POINT('',#10602);
#3900=VERTEX_POINT('',#10604);
#3901=VERTEX_POINT('',#10606);
#3902=VERTEX_POINT('',#10633);
#3903=VERTEX_POINT('',#10635);
#3904=VERTEX_POINT('',#10637);
#3905=VERTEX_POINT('',#10639);
#3906=VERTEX_POINT('',#10666);
#3907=VERTEX_POINT('',#10668);
#3908=VERTEX_POINT('',#10670);
#3909=VERTEX_POINT('',#10672);
#3910=VERTEX_POINT('',#10699);
#3911=VERTEX_POINT('',#10701);
#3912=VERTEX_POINT('',#10703);
#3913=VERTEX_POINT('',#10705);
#3914=VERTEX_POINT('',#10732);
#3915=VERTEX_POINT('',#10734);
#3916=VERTEX_POINT('',#10736);
#3917=VERTEX_POINT('',#10738);
#3918=VERTEX_POINT('',#10765);
#3919=VERTEX_POINT('',#10767);
#3920=VERTEX_POINT('',#10769);
#3921=VERTEX_POINT('',#10771);
#3922=VERTEX_POINT('',#10798);
#3923=VERTEX_POINT('',#10800);
#3924=VERTEX_POINT('',#10802);
#3925=VERTEX_POINT('',#10804);
#3926=VERTEX_POINT('',#10831);
#3927=VERTEX_POINT('',#10833);
#3928=VERTEX_POINT('',#10835);
#3929=VERTEX_POINT('',#10837);
#3930=VERTEX_POINT('',#10864);
#3931=VERTEX_POINT('',#10866);
#3932=VERTEX_POINT('',#10868);
#3933=VERTEX_POINT('',#10870);
#3934=VERTEX_POINT('',#10897);
#3935=VERTEX_POINT('',#10899);
#3936=VERTEX_POINT('',#10901);
#3937=VERTEX_POINT('',#10903);
#3938=VERTEX_POINT('',#10930);
#3939=VERTEX_POINT('',#10932);
#3940=VERTEX_POINT('',#10934);
#3941=VERTEX_POINT('',#10936);
#3942=VERTEX_POINT('',#10963);
#3943=VERTEX_POINT('',#10965);
#3944=VERTEX_POINT('',#10967);
#3945=VERTEX_POINT('',#10969);
#3946=VERTEX_POINT('',#10996);
#3947=VERTEX_POINT('',#10998);
#3948=VERTEX_POINT('',#11000);
#3949=VERTEX_POINT('',#11002);
#3950=VERTEX_POINT('',#11029);
#3951=VERTEX_POINT('',#11031);
#3952=VERTEX_POINT('',#11033);
#3953=VERTEX_POINT('',#11035);
#3954=VERTEX_POINT('',#11062);
#3955=VERTEX_POINT('',#11064);
#3956=VERTEX_POINT('',#11066);
#3957=VERTEX_POINT('',#11068);
#3958=VERTEX_POINT('',#11095);
#3959=VERTEX_POINT('',#11097);
#3960=VERTEX_POINT('',#11099);
#3961=VERTEX_POINT('',#11101);
#3962=VERTEX_POINT('',#11128);
#3963=VERTEX_POINT('',#11130);
#3964=VERTEX_POINT('',#11132);
#3965=VERTEX_POINT('',#11134);
#3966=VERTEX_POINT('',#11161);
#3967=VERTEX_POINT('',#11163);
#3968=VERTEX_POINT('',#11165);
#3969=VERTEX_POINT('',#11167);
#3970=VERTEX_POINT('',#11194);
#3971=VERTEX_POINT('',#11196);
#3972=VERTEX_POINT('',#11198);
#3973=VERTEX_POINT('',#11200);
#3974=VERTEX_POINT('',#11227);
#3975=VERTEX_POINT('',#11229);
#3976=VERTEX_POINT('',#11231);
#3977=VERTEX_POINT('',#11233);
#3978=VERTEX_POINT('',#11260);
#3979=VERTEX_POINT('',#11262);
#3980=VERTEX_POINT('',#11264);
#3981=VERTEX_POINT('',#11266);
#3982=VERTEX_POINT('',#11293);
#3983=VERTEX_POINT('',#11295);
#3984=VERTEX_POINT('',#11297);
#3985=VERTEX_POINT('',#11299);
#3986=VERTEX_POINT('',#11326);
#3987=VERTEX_POINT('',#11328);
#3988=VERTEX_POINT('',#11330);
#3989=VERTEX_POINT('',#11332);
#3990=VERTEX_POINT('',#11359);
#3991=VERTEX_POINT('',#11361);
#3992=VERTEX_POINT('',#11363);
#3993=VERTEX_POINT('',#11365);
#3994=VERTEX_POINT('',#11392);
#3995=VERTEX_POINT('',#11394);
#3996=VERTEX_POINT('',#11396);
#3997=VERTEX_POINT('',#11398);
#3998=VERTEX_POINT('',#11425);
#3999=VERTEX_POINT('',#11427);
#4000=VERTEX_POINT('',#11429);
#4001=VERTEX_POINT('',#11431);
#4002=VERTEX_POINT('',#11458);
#4003=VERTEX_POINT('',#11460);
#4004=VERTEX_POINT('',#11462);
#4005=VERTEX_POINT('',#11464);
#4006=VERTEX_POINT('',#11491);
#4007=VERTEX_POINT('',#11493);
#4008=VERTEX_POINT('',#11495);
#4009=VERTEX_POINT('',#11497);
#4010=VERTEX_POINT('',#11524);
#4011=VERTEX_POINT('',#11526);
#4012=VERTEX_POINT('',#11528);
#4013=VERTEX_POINT('',#11530);
#4014=VERTEX_POINT('',#11557);
#4015=VERTEX_POINT('',#11559);
#4016=VERTEX_POINT('',#11561);
#4017=VERTEX_POINT('',#11563);
#4018=VERTEX_POINT('',#11590);
#4019=VERTEX_POINT('',#11592);
#4020=VERTEX_POINT('',#11594);
#4021=VERTEX_POINT('',#11596);
#4022=VERTEX_POINT('',#11623);
#4023=VERTEX_POINT('',#11625);
#4024=LINE('',#7872,#4324);
#4025=LINE('',#7877,#4325);
#4026=LINE('',#7884,#4326);
#4027=LINE('',#7888,#4327);
#4028=LINE('',#7893,#4328);
#4029=LINE('',#7897,#4329);
#4030=LINE('',#7902,#4330);
#4031=LINE('',#7906,#4331);
#4032=LINE('',#7908,#4332);
#4033=LINE('',#7913,#4333);
#4034=LINE('',#7920,#4334);
#4035=LINE('',#7924,#4335);
#4036=LINE('',#7929,#4336);
#4037=LINE('',#7933,#4337);
#4038=LINE('',#7938,#4338);
#4039=LINE('',#7942,#4339);
#4040=LINE('',#7947,#4340);
#4041=LINE('',#7951,#4341);
#4042=LINE('',#7956,#4342);
#4043=LINE('',#7960,#4343);
#4044=LINE('',#7965,#4344);
#4045=LINE('',#7969,#4345);
#4046=LINE('',#7974,#4346);
#4047=LINE('',#7978,#4347);
#4048=LINE('',#7983,#4348);
#4049=LINE('',#7987,#4349);
#4050=LINE('',#7992,#4350);
#4051=LINE('',#7996,#4351);
#4052=LINE('',#8001,#4352);
#4053=LINE('',#8005,#4353);
#4054=LINE('',#8010,#4354);
#4055=LINE('',#8014,#4355);
#4056=LINE('',#8016,#4356);
#4057=LINE('',#8021,#4357);
#4058=LINE('',#8028,#4358);
#4059=LINE('',#8032,#4359);
#4060=LINE('',#8037,#4360);
#4061=LINE('',#8041,#4361);
#4062=LINE('',#8046,#4362);
#4063=LINE('',#8050,#4363);
#4064=LINE('',#8055,#4364);
#4065=LINE('',#8059,#4365);
#4066=LINE('',#8064,#4366);
#4067=LINE('',#8068,#4367);
#4068=LINE('',#8073,#4368);
#4069=LINE('',#8077,#4369);
#4070=LINE('',#8082,#4370);
#4071=LINE('',#8086,#4371);
#4072=LINE('',#8091,#4372);
#4073=LINE('',#8095,#4373);
#4074=LINE('',#8100,#4374);
#4075=LINE('',#8104,#4375);
#4076=LINE('',#8109,#4376);
#4077=LINE('',#8113,#4377);
#4078=LINE('',#8118,#4378);
#4079=LINE('',#8122,#4379);
#4080=LINE('',#8124,#4380);
#4081=LINE('',#8129,#4381);
#4082=LINE('',#8136,#4382);
#4083=LINE('',#8140,#4383);
#4084=LINE('',#8142,#4384);
#4085=LINE('',#8147,#4385);
#4086=LINE('',#8154,#4386);
#4087=LINE('',#8158,#4387);
#4088=LINE('',#8163,#4388);
#4089=LINE('',#8167,#4389);
#4090=LINE('',#8172,#4390);
#4091=LINE('',#8176,#4391);
#4092=LINE('',#8181,#4392);
#4093=LINE('',#8185,#4393);
#4094=LINE('',#8190,#4394);
#4095=LINE('',#8194,#4395);
#4096=LINE('',#8199,#4396);
#4097=LINE('',#8203,#4397);
#4098=LINE('',#8208,#4398);
#4099=LINE('',#8212,#4399);
#4100=LINE('',#8217,#4400);
#4101=LINE('',#8221,#4401);
#4102=LINE('',#8226,#4402);
#4103=LINE('',#8230,#4403);
#4104=LINE('',#8232,#4404);
#4105=LINE('',#8237,#4405);
#4106=LINE('',#8241,#4406);
#4107=LINE('',#8246,#4407);
#4108=LINE('',#8250,#4408);
#4109=LINE('',#8255,#4409);
#4110=LINE('',#8259,#4410);
#4111=LINE('',#8264,#4411);
#4112=LINE('',#8271,#4412);
#4113=LINE('',#8275,#4413);
#4114=LINE('',#8280,#4414);
#4115=LINE('',#8284,#4415);
#4116=LINE('',#8286,#4416);
#4117=LINE('',#8291,#4417);
#4118=LINE('',#8298,#4418);
#4119=LINE('',#8302,#4419);
#4120=LINE('',#8307,#4420);
#4121=LINE('',#8311,#4421);
#4122=LINE('',#9969,#4422);
#4123=LINE('',#9973,#4423);
#4124=LINE('',#11635,#4424);
#4125=LINE('',#11637,#4425);
#4126=LINE('',#11638,#4426);
#4127=LINE('',#11647,#4427);
#4128=LINE('',#11658,#4428);
#4129=LINE('',#11660,#4429);
#4130=LINE('',#11661,#4430);
#4131=LINE('',#11670,#4431);
#4132=LINE('',#11681,#4432);
#4133=LINE('',#11683,#4433);
#4134=LINE('',#11684,#4434);
#4135=LINE('',#11693,#4435);
#4136=LINE('',#11704,#4436);
#4137=LINE('',#11706,#4437);
#4138=LINE('',#11707,#4438);
#4139=LINE('',#11716,#4439);
#4140=LINE('',#11727,#4440);
#4141=LINE('',#11729,#4441);
#4142=LINE('',#11730,#4442);
#4143=LINE('',#11739,#4443);
#4144=LINE('',#11750,#4444);
#4145=LINE('',#11752,#4445);
#4146=LINE('',#11753,#4446);
#4147=LINE('',#11762,#4447);
#4148=LINE('',#11773,#4448);
#4149=LINE('',#11775,#4449);
#4150=LINE('',#11776,#4450);
#4151=LINE('',#11785,#4451);
#4152=LINE('',#11796,#4452);
#4153=LINE('',#11798,#4453);
#4154=LINE('',#11799,#4454);
#4155=LINE('',#11808,#4455);
#4156=LINE('',#11819,#4456);
#4157=LINE('',#11821,#4457);
#4158=LINE('',#11822,#4458);
#4159=LINE('',#11831,#4459);
#4160=LINE('',#11842,#4460);
#4161=LINE('',#11844,#4461);
#4162=LINE('',#11845,#4462);
#4163=LINE('',#11854,#4463);
#4164=LINE('',#11865,#4464);
#4165=LINE('',#11867,#4465);
#4166=LINE('',#11868,#4466);
#4167=LINE('',#11877,#4467);
#4168=LINE('',#11888,#4468);
#4169=LINE('',#11890,#4469);
#4170=LINE('',#11891,#4470);
#4171=LINE('',#11900,#4471);
#4172=LINE('',#11911,#4472);
#4173=LINE('',#11913,#4473);
#4174=LINE('',#11914,#4474);
#4175=LINE('',#11923,#4475);
#4176=LINE('',#11934,#4476);
#4177=LINE('',#11936,#4477);
#4178=LINE('',#11937,#4478);
#4179=LINE('',#11946,#4479);
#4180=LINE('',#11957,#4480);
#4181=LINE('',#11959,#4481);
#4182=LINE('',#11960,#4482);
#4183=LINE('',#11969,#4483);
#4184=LINE('',#11980,#4484);
#4185=LINE('',#11982,#4485);
#4186=LINE('',#11983,#4486);
#4187=LINE('',#11992,#4487);
#4188=LINE('',#12003,#4488);
#4189=LINE('',#12005,#4489);
#4190=LINE('',#12006,#4490);
#4191=LINE('',#12015,#4491);
#4192=LINE('',#12026,#4492);
#4193=LINE('',#12028,#4493);
#4194=LINE('',#12029,#4494);
#4195=LINE('',#12038,#4495);
#4196=LINE('',#12049,#4496);
#4197=LINE('',#12051,#4497);
#4198=LINE('',#12052,#4498);
#4199=LINE('',#12061,#4499);
#4200=LINE('',#12072,#4500);
#4201=LINE('',#12074,#4501);
#4202=LINE('',#12075,#4502);
#4203=LINE('',#12084,#4503);
#4204=LINE('',#12095,#4504);
#4205=LINE('',#12097,#4505);
#4206=LINE('',#12098,#4506);
#4207=LINE('',#12107,#4507);
#4208=LINE('',#12118,#4508);
#4209=LINE('',#12120,#4509);
#4210=LINE('',#12121,#4510);
#4211=LINE('',#12130,#4511);
#4212=LINE('',#12141,#4512);
#4213=LINE('',#12143,#4513);
#4214=LINE('',#12144,#4514);
#4215=LINE('',#12153,#4515);
#4216=LINE('',#12164,#4516);
#4217=LINE('',#12166,#4517);
#4218=LINE('',#12167,#4518);
#4219=LINE('',#12176,#4519);
#4220=LINE('',#12187,#4520);
#4221=LINE('',#12189,#4521);
#4222=LINE('',#12190,#4522);
#4223=LINE('',#12199,#4523);
#4224=LINE('',#12210,#4524);
#4225=LINE('',#12212,#4525);
#4226=LINE('',#12213,#4526);
#4227=LINE('',#12222,#4527);
#4228=LINE('',#12233,#4528);
#4229=LINE('',#12235,#4529);
#4230=LINE('',#12236,#4530);
#4231=LINE('',#12245,#4531);
#4232=LINE('',#12256,#4532);
#4233=LINE('',#12258,#4533);
#4234=LINE('',#12259,#4534);
#4235=LINE('',#12268,#4535);
#4236=LINE('',#12279,#4536);
#4237=LINE('',#12281,#4537);
#4238=LINE('',#12282,#4538);
#4239=LINE('',#12291,#4539);
#4240=LINE('',#12302,#4540);
#4241=LINE('',#12304,#4541);
#4242=LINE('',#12305,#4542);
#4243=LINE('',#12314,#4543);
#4244=LINE('',#12325,#4544);
#4245=LINE('',#12327,#4545);
#4246=LINE('',#12328,#4546);
#4247=LINE('',#12337,#4547);
#4248=LINE('',#12348,#4548);
#4249=LINE('',#12350,#4549);
#4250=LINE('',#12351,#4550);
#4251=LINE('',#12360,#4551);
#4252=LINE('',#12371,#4552);
#4253=LINE('',#12373,#4553);
#4254=LINE('',#12374,#4554);
#4255=LINE('',#12383,#4555);
#4256=LINE('',#12394,#4556);
#4257=LINE('',#12396,#4557);
#4258=LINE('',#12397,#4558);
#4259=LINE('',#12406,#4559);
#4260=LINE('',#12417,#4560);
#4261=LINE('',#12419,#4561);
#4262=LINE('',#12420,#4562);
#4263=LINE('',#12429,#4563);
#4264=LINE('',#12440,#4564);
#4265=LINE('',#12442,#4565);
#4266=LINE('',#12443,#4566);
#4267=LINE('',#12452,#4567);
#4268=LINE('',#12463,#4568);
#4269=LINE('',#12465,#4569);
#4270=LINE('',#12466,#4570);
#4271=LINE('',#12475,#4571);
#4272=LINE('',#12486,#4572);
#4273=LINE('',#12488,#4573);
#4274=LINE('',#12489,#4574);
#4275=LINE('',#12498,#4575);
#4276=LINE('',#12509,#4576);
#4277=LINE('',#12511,#4577);
#4278=LINE('',#12512,#4578);
#4279=LINE('',#12521,#4579);
#4280=LINE('',#12532,#4580);
#4281=LINE('',#12534,#4581);
#4282=LINE('',#12535,#4582);
#4283=LINE('',#12544,#4583);
#4284=LINE('',#12555,#4584);
#4285=LINE('',#12557,#4585);
#4286=LINE('',#12558,#4586);
#4287=LINE('',#12567,#4587);
#4288=LINE('',#12578,#4588);
#4289=LINE('',#12580,#4589);
#4290=LINE('',#12581,#4590);
#4291=LINE('',#12590,#4591);
#4292=LINE('',#12601,#4592);
#4293=LINE('',#12603,#4593);
#4294=LINE('',#12604,#4594);
#4295=LINE('',#12613,#4595);
#4296=LINE('',#12624,#4596);
#4297=LINE('',#12626,#4597);
#4298=LINE('',#12627,#4598);
#4299=LINE('',#12636,#4599);
#4300=LINE('',#12647,#4600);
#4301=LINE('',#12649,#4601);
#4302=LINE('',#12650,#4602);
#4303=LINE('',#12659,#4603);
#4304=LINE('',#12670,#4604);
#4305=LINE('',#12672,#4605);
#4306=LINE('',#12673,#4606);
#4307=LINE('',#12682,#4607);
#4308=LINE('',#12693,#4608);
#4309=LINE('',#12695,#4609);
#4310=LINE('',#12696,#4610);
#4311=LINE('',#12705,#4611);
#4312=LINE('',#12716,#4612);
#4313=LINE('',#12718,#4613);
#4314=LINE('',#12719,#4614);
#4315=LINE('',#12728,#4615);
#4316=LINE('',#12739,#4616);
#4317=LINE('',#12741,#4617);
#4318=LINE('',#12742,#4618);
#4319=LINE('',#12751,#4619);
#4320=LINE('',#12762,#4620);
#4321=LINE('',#12764,#4621);
#4322=LINE('',#12765,#4622);
#4323=LINE('',#12774,#4623);
#4324=VECTOR('',#6362,1.);
#4325=VECTOR('',#6365,1.);
#4326=VECTOR('',#6372,1.);
#4327=VECTOR('',#6375,1.);
#4328=VECTOR('',#6380,1.);
#4329=VECTOR('',#6383,1.);
#4330=VECTOR('',#6388,1.);
#4331=VECTOR('',#6391,1.);
#4332=VECTOR('',#6394,1.);
#4333=VECTOR('',#6397,1.);
#4334=VECTOR('',#6404,1.);
#4335=VECTOR('',#6407,1.);
#4336=VECTOR('',#6412,1.);
#4337=VECTOR('',#6415,1.);
#4338=VECTOR('',#6420,1.);
#4339=VECTOR('',#6423,1.);
#4340=VECTOR('',#6428,1.);
#4341=VECTOR('',#6431,1.);
#4342=VECTOR('',#6436,1.);
#4343=VECTOR('',#6439,1.);
#4344=VECTOR('',#6444,1.);
#4345=VECTOR('',#6447,1.);
#4346=VECTOR('',#6452,1.);
#4347=VECTOR('',#6455,1.);
#4348=VECTOR('',#6460,1.);
#4349=VECTOR('',#6463,1.);
#4350=VECTOR('',#6468,1.);
#4351=VECTOR('',#6471,1.);
#4352=VECTOR('',#6476,1.);
#4353=VECTOR('',#6479,1.);
#4354=VECTOR('',#6484,1.);
#4355=VECTOR('',#6487,1.);
#4356=VECTOR('',#6490,1.);
#4357=VECTOR('',#6493,1.);
#4358=VECTOR('',#6500,1.);
#4359=VECTOR('',#6503,1.);
#4360=VECTOR('',#6508,1.);
#4361=VECTOR('',#6511,1.);
#4362=VECTOR('',#6516,1.);
#4363=VECTOR('',#6519,1.);
#4364=VECTOR('',#6524,1.);
#4365=VECTOR('',#6527,1.);
#4366=VECTOR('',#6532,1.);
#4367=VECTOR('',#6535,1.);
#4368=VECTOR('',#6540,1.);
#4369=VECTOR('',#6543,1.);
#4370=VECTOR('',#6548,1.);
#4371=VECTOR('',#6551,1.);
#4372=VECTOR('',#6556,1.);
#4373=VECTOR('',#6559,1.);
#4374=VECTOR('',#6564,1.);
#4375=VECTOR('',#6567,1.);
#4376=VECTOR('',#6572,1.);
#4377=VECTOR('',#6575,1.);
#4378=VECTOR('',#6580,1.);
#4379=VECTOR('',#6583,1.);
#4380=VECTOR('',#6586,1.);
#4381=VECTOR('',#6589,1.);
#4382=VECTOR('',#6596,1.);
#4383=VECTOR('',#6599,1.);
#4384=VECTOR('',#6602,1.);
#4385=VECTOR('',#6605,1.);
#4386=VECTOR('',#6612,1.);
#4387=VECTOR('',#6615,1.);
#4388=VECTOR('',#6620,1.);
#4389=VECTOR('',#6623,1.);
#4390=VECTOR('',#6628,1.);
#4391=VECTOR('',#6631,1.);
#4392=VECTOR('',#6636,1.);
#4393=VECTOR('',#6639,1.);
#4394=VECTOR('',#6644,1.);
#4395=VECTOR('',#6647,1.);
#4396=VECTOR('',#6652,1.);
#4397=VECTOR('',#6655,1.);
#4398=VECTOR('',#6660,1.);
#4399=VECTOR('',#6663,1.);
#4400=VECTOR('',#6668,1.);
#4401=VECTOR('',#6671,1.);
#4402=VECTOR('',#6676,1.);
#4403=VECTOR('',#6679,1.);
#4404=VECTOR('',#6682,1.);
#4405=VECTOR('',#6685,1.);
#4406=VECTOR('',#6690,1.);
#4407=VECTOR('',#6693,1.);
#4408=VECTOR('',#6698,1.);
#4409=VECTOR('',#6701,1.);
#4410=VECTOR('',#6706,1.);
#4411=VECTOR('',#6709,1.);
#4412=VECTOR('',#6716,1.);
#4413=VECTOR('',#6719,1.);
#4414=VECTOR('',#6724,1.);
#4415=VECTOR('',#6727,1.);
#4416=VECTOR('',#6730,1.);
#4417=VECTOR('',#6733,1.);
#4418=VECTOR('',#6740,1.);
#4419=VECTOR('',#6743,1.);
#4420=VECTOR('',#6748,1.);
#4421=VECTOR('',#6751,1.);
#4422=VECTOR('',#7060,1.);
#4423=VECTOR('',#7063,1.);
#4424=VECTOR('',#7368,1.);
#4425=VECTOR('',#7371,1.);
#4426=VECTOR('',#7372,1.);
#4427=VECTOR('',#7373,1.);
#4428=VECTOR('',#7378,1.);
#4429=VECTOR('',#7381,1.);
#4430=VECTOR('',#7382,1.);
#4431=VECTOR('',#7383,1.);
#4432=VECTOR('',#7388,1.);
#4433=VECTOR('',#7391,1.);
#4434=VECTOR('',#7392,1.);
#4435=VECTOR('',#7393,1.);
#4436=VECTOR('',#7398,1.);
#4437=VECTOR('',#7401,1.);
#4438=VECTOR('',#7402,1.);
#4439=VECTOR('',#7403,1.);
#4440=VECTOR('',#7408,1.);
#4441=VECTOR('',#7411,1.);
#4442=VECTOR('',#7412,1.);
#4443=VECTOR('',#7413,1.);
#4444=VECTOR('',#7418,1.);
#4445=VECTOR('',#7421,1.);
#4446=VECTOR('',#7422,1.);
#4447=VECTOR('',#7423,1.);
#4448=VECTOR('',#7428,1.);
#4449=VECTOR('',#7431,1.);
#4450=VECTOR('',#7432,1.);
#4451=VECTOR('',#7433,1.);
#4452=VECTOR('',#7438,1.);
#4453=VECTOR('',#7441,1.);
#4454=VECTOR('',#7442,1.);
#4455=VECTOR('',#7443,1.);
#4456=VECTOR('',#7448,1.);
#4457=VECTOR('',#7451,1.);
#4458=VECTOR('',#7452,1.);
#4459=VECTOR('',#7453,1.);
#4460=VECTOR('',#7458,1.);
#4461=VECTOR('',#7461,1.);
#4462=VECTOR('',#7462,1.);
#4463=VECTOR('',#7463,1.);
#4464=VECTOR('',#7468,1.);
#4465=VECTOR('',#7471,1.);
#4466=VECTOR('',#7472,1.);
#4467=VECTOR('',#7473,1.);
#4468=VECTOR('',#7478,1.);
#4469=VECTOR('',#7481,1.);
#4470=VECTOR('',#7482,1.);
#4471=VECTOR('',#7483,1.);
#4472=VECTOR('',#7488,1.);
#4473=VECTOR('',#7491,1.);
#4474=VECTOR('',#7492,1.);
#4475=VECTOR('',#7493,1.);
#4476=VECTOR('',#7498,1.);
#4477=VECTOR('',#7501,1.);
#4478=VECTOR('',#7502,1.);
#4479=VECTOR('',#7503,1.);
#4480=VECTOR('',#7508,1.);
#4481=VECTOR('',#7511,1.);
#4482=VECTOR('',#7512,1.);
#4483=VECTOR('',#7513,1.);
#4484=VECTOR('',#7518,1.);
#4485=VECTOR('',#7521,1.);
#4486=VECTOR('',#7522,1.);
#4487=VECTOR('',#7523,1.);
#4488=VECTOR('',#7528,1.);
#4489=VECTOR('',#7531,1.);
#4490=VECTOR('',#7532,1.);
#4491=VECTOR('',#7533,1.);
#4492=VECTOR('',#7538,1.);
#4493=VECTOR('',#7541,1.);
#4494=VECTOR('',#7542,1.);
#4495=VECTOR('',#7543,1.);
#4496=VECTOR('',#7548,1.);
#4497=VECTOR('',#7551,1.);
#4498=VECTOR('',#7552,1.);
#4499=VECTOR('',#7553,1.);
#4500=VECTOR('',#7558,1.);
#4501=VECTOR('',#7561,1.);
#4502=VECTOR('',#7562,1.);
#4503=VECTOR('',#7563,1.);
#4504=VECTOR('',#7568,1.);
#4505=VECTOR('',#7571,1.);
#4506=VECTOR('',#7572,1.);
#4507=VECTOR('',#7573,1.);
#4508=VECTOR('',#7578,1.);
#4509=VECTOR('',#7581,1.);
#4510=VECTOR('',#7582,1.);
#4511=VECTOR('',#7583,1.);
#4512=VECTOR('',#7588,1.);
#4513=VECTOR('',#7591,1.);
#4514=VECTOR('',#7592,1.);
#4515=VECTOR('',#7593,1.);
#4516=VECTOR('',#7598,1.);
#4517=VECTOR('',#7601,1.);
#4518=VECTOR('',#7602,1.);
#4519=VECTOR('',#7603,1.);
#4520=VECTOR('',#7608,1.);
#4521=VECTOR('',#7611,1.);
#4522=VECTOR('',#7612,1.);
#4523=VECTOR('',#7613,1.);
#4524=VECTOR('',#7618,1.);
#4525=VECTOR('',#7621,1.);
#4526=VECTOR('',#7622,1.);
#4527=VECTOR('',#7623,1.);
#4528=VECTOR('',#7628,1.);
#4529=VECTOR('',#7631,1.);
#4530=VECTOR('',#7632,1.);
#4531=VECTOR('',#7633,1.);
#4532=VECTOR('',#7638,1.);
#4533=VECTOR('',#7641,1.);
#4534=VECTOR('',#7642,1.);
#4535=VECTOR('',#7643,1.);
#4536=VECTOR('',#7648,1.);
#4537=VECTOR('',#7651,1.);
#4538=VECTOR('',#7652,1.);
#4539=VECTOR('',#7653,1.);
#4540=VECTOR('',#7658,1.);
#4541=VECTOR('',#7661,1.);
#4542=VECTOR('',#7662,1.);
#4543=VECTOR('',#7663,1.);
#4544=VECTOR('',#7668,1.);
#4545=VECTOR('',#7671,1.);
#4546=VECTOR('',#7672,1.);
#4547=VECTOR('',#7673,1.);
#4548=VECTOR('',#7678,1.);
#4549=VECTOR('',#7681,1.);
#4550=VECTOR('',#7682,1.);
#4551=VECTOR('',#7683,1.);
#4552=VECTOR('',#7688,1.);
#4553=VECTOR('',#7691,1.);
#4554=VECTOR('',#7692,1.);
#4555=VECTOR('',#7693,1.);
#4556=VECTOR('',#7698,1.);
#4557=VECTOR('',#7701,1.);
#4558=VECTOR('',#7702,1.);
#4559=VECTOR('',#7703,1.);
#4560=VECTOR('',#7708,1.);
#4561=VECTOR('',#7711,1.);
#4562=VECTOR('',#7712,1.);
#4563=VECTOR('',#7713,1.);
#4564=VECTOR('',#7718,1.);
#4565=VECTOR('',#7721,1.);
#4566=VECTOR('',#7722,1.);
#4567=VECTOR('',#7723,1.);
#4568=VECTOR('',#7728,1.);
#4569=VECTOR('',#7731,1.);
#4570=VECTOR('',#7732,1.);
#4571=VECTOR('',#7733,1.);
#4572=VECTOR('',#7738,1.);
#4573=VECTOR('',#7741,1.);
#4574=VECTOR('',#7742,1.);
#4575=VECTOR('',#7743,1.);
#4576=VECTOR('',#7748,1.);
#4577=VECTOR('',#7751,1.);
#4578=VECTOR('',#7752,1.);
#4579=VECTOR('',#7753,1.);
#4580=VECTOR('',#7758,1.);
#4581=VECTOR('',#7761,1.);
#4582=VECTOR('',#7762,1.);
#4583=VECTOR('',#7763,1.);
#4584=VECTOR('',#7768,1.);
#4585=VECTOR('',#7771,1.);
#4586=VECTOR('',#7772,1.);
#4587=VECTOR('',#7773,1.);
#4588=VECTOR('',#7778,1.);
#4589=VECTOR('',#7781,1.);
#4590=VECTOR('',#7782,1.);
#4591=VECTOR('',#7783,1.);
#4592=VECTOR('',#7788,1.);
#4593=VECTOR('',#7791,1.);
#4594=VECTOR('',#7792,1.);
#4595=VECTOR('',#7793,1.);
#4596=VECTOR('',#7798,1.);
#4597=VECTOR('',#7801,1.);
#4598=VECTOR('',#7802,1.);
#4599=VECTOR('',#7803,1.);
#4600=VECTOR('',#7808,1.);
#4601=VECTOR('',#7811,1.);
#4602=VECTOR('',#7812,1.);
#4603=VECTOR('',#7813,1.);
#4604=VECTOR('',#7818,1.);
#4605=VECTOR('',#7821,1.);
#4606=VECTOR('',#7822,1.);
#4607=VECTOR('',#7823,1.);
#4608=VECTOR('',#7828,1.);
#4609=VECTOR('',#7831,1.);
#4610=VECTOR('',#7832,1.);
#4611=VECTOR('',#7833,1.);
#4612=VECTOR('',#7838,1.);
#4613=VECTOR('',#7841,1.);
#4614=VECTOR('',#7842,1.);
#4615=VECTOR('',#7843,1.);
#4616=VECTOR('',#7848,1.);
#4617=VECTOR('',#7851,1.);
#4618=VECTOR('',#7852,1.);
#4619=VECTOR('',#7853,1.);
#4620=VECTOR('',#7858,1.);
#4621=VECTOR('',#7861,1.);
#4622=VECTOR('',#7862,1.);
#4623=VECTOR('',#7863,1.);
#4624=EDGE_LOOP('',(#716,#717,#718,#719));
#4625=EDGE_LOOP('',(#720,#721,#722,#723));
#4626=EDGE_LOOP('',(#724,#725,#726,#727));
#4627=EDGE_LOOP('',(#728,#729,#730,#731));
#4628=EDGE_LOOP('',(#732,#733,#734,#735));
#4629=EDGE_LOOP('',(#736,#737,#738,#739));
#4630=EDGE_LOOP('',(#740,#741,#742,#743));
#4631=EDGE_LOOP('',(#744,#745,#746,#747));
#4632=EDGE_LOOP('',(#748,#749,#750,#751));
#4633=EDGE_LOOP('',(#752,#753,#754,#755));
#4634=EDGE_LOOP('',(#756,#757,#758,#759));
#4635=EDGE_LOOP('',(#760,#761,#762,#763));
#4636=EDGE_LOOP('',(#764,#765,#766,#767));
#4637=EDGE_LOOP('',(#768,#769,#770,#771));
#4638=EDGE_LOOP('',(#772,#773,#774,#775));
#4639=EDGE_LOOP('',(#776,#777,#778,#779));
#4640=EDGE_LOOP('',(#780,#781,#782,#783));
#4641=EDGE_LOOP('',(#784,#785,#786,#787));
#4642=EDGE_LOOP('',(#788,#789,#790,#791));
#4643=EDGE_LOOP('',(#792,#793,#794,#795));
#4644=EDGE_LOOP('',(#796,#797,#798,#799));
#4645=EDGE_LOOP('',(#800,#801,#802,#803));
#4646=EDGE_LOOP('',(#804,#805,#806,#807));
#4647=EDGE_LOOP('',(#808,#809,#810,#811));
#4648=EDGE_LOOP('',(#812,#813,#814,#815));
#4649=EDGE_LOOP('',(#816,#817,#818,#819));
#4650=EDGE_LOOP('',(#820,#821,#822,#823));
#4651=EDGE_LOOP('',(#824,#825,#826,#827));
#4652=EDGE_LOOP('',(#828,#829,#830,#831));
#4653=EDGE_LOOP('',(#832,#833,#834,#835));
#4654=EDGE_LOOP('',(#836,#837,#838,#839));
#4655=EDGE_LOOP('',(#840,#841,#842,#843));
#4656=EDGE_LOOP('',(#844,#845,#846,#847));
#4657=EDGE_LOOP('',(#848,#849,#850,#851));
#4658=EDGE_LOOP('',(#852,#853,#854,#855));
#4659=EDGE_LOOP('',(#856,#857,#858,#859));
#4660=EDGE_LOOP('',(#860,#861,#862,#863));
#4661=EDGE_LOOP('',(#864,#865,#866,#867));
#4662=EDGE_LOOP('',(#868,#869,#870,#871));
#4663=EDGE_LOOP('',(#872,#873,#874,#875));
#4664=EDGE_LOOP('',(#876,#877,#878,#879));
#4665=EDGE_LOOP('',(#880,#881,#882,#883));
#4666=EDGE_LOOP('',(#884,#885,#886,#887));
#4667=EDGE_LOOP('',(#888,#889,#890,#891));
#4668=EDGE_LOOP('',(#892,#893,#894,#895));
#4669=EDGE_LOOP('',(#896,#897,#898,#899));
#4670=EDGE_LOOP('',(#900,#901,#902,#903));
#4671=EDGE_LOOP('',(#904,#905,#906,#907));
#4672=EDGE_LOOP('',(#908,#909,#910,#911));
#4673=EDGE_LOOP('',(#912));
#4674=EDGE_LOOP('',(#913,#914,#915,#916,#917,#918,#919,#920,#921,#922,#923,
#924,#925,#926,#927,#928,#929,#930,#931,#932,#933,#934,#935,#936,#937,#938,
#939,#940,#941,#942,#943,#944,#945,#946,#947,#948,#949,#950,#951,#952,#953,
#954,#955,#956,#957,#958,#959,#960,#961,#962,#963,#964,#965,#966,#967,#968,
#969,#970,#971,#972,#973,#974,#975,#976,#977,#978,#979,#980,#981,#982,#983,
#984,#985,#986,#987,#988,#989,#990,#991,#992,#993,#994,#995,#996,#997,#998,
#999,#1000,#1001,#1002,#1003,#1004,#1005,#1006,#1007,#1008,#1009,#1010,
#1011,#1012,#1013,#1014,#1015,#1016,#1017,#1018,#1019,#1020,#1021,#1022,
#1023,#1024,#1025,#1026,#1027,#1028,#1029,#1030,#1031,#1032,#1033,#1034,
#1035,#1036,#1037,#1038,#1039,#1040,#1041,#1042,#1043,#1044,#1045,#1046,
#1047,#1048,#1049,#1050,#1051,#1052,#1053,#1054,#1055,#1056,#1057,#1058,
#1059,#1060,#1061,#1062,#1063,#1064,#1065,#1066,#1067,#1068,#1069,#1070,
#1071,#1072,#1073,#1074,#1075,#1076,#1077,#1078,#1079,#1080,#1081,#1082,
#1083,#1084,#1085,#1086,#1087,#1088,#1089,#1090,#1091,#1092,#1093,#1094,
#1095,#1096,#1097,#1098,#1099,#1100,#1101,#1102,#1103,#1104,#1105,#1106,
#1107,#1108,#1109,#1110,#1111,#1112,#1113,#1114,#1115,#1116,#1117,#1118,
#1119,#1120,#1121,#1122,#1123,#1124,#1125,#1126,#1127,#1128,#1129,#1130,
#1131,#1132,#1133,#1134,#1135,#1136,#1137,#1138,#1139,#1140,#1141,#1142,
#1143,#1144,#1145,#1146,#1147,#1148,#1149,#1150,#1151,#1152,#1153,#1154,
#1155,#1156,#1157,#1158,#1159,#1160,#1161,#1162,#1163,#1164,#1165,#1166,
#1167,#1168,#1169,#1170,#1171,#1172,#1173,#1174,#1175,#1176,#1177,#1178,
#1179,#1180,#1181,#1182,#1183,#1184,#1185,#1186,#1187,#1188,#1189,#1190,
#1191,#1192,#1193,#1194,#1195,#1196,#1197,#1198,#1199,#1200,#1201,#1202,
#1203,#1204,#1205,#1206,#1207,#1208,#1209,#1210,#1211,#1212));
#4675=EDGE_LOOP('',(#1213,#1214,#1215,#1216));
#4676=EDGE_LOOP('',(#1217));
#4677=EDGE_LOOP('',(#1218,#1219,#1220,#1221,#1222,#1223,#1224,#1225,#1226,
#1227,#1228,#1229,#1230,#1231,#1232,#1233,#1234,#1235,#1236,#1237,#1238,
#1239,#1240,#1241,#1242,#1243,#1244,#1245,#1246,#1247,#1248,#1249,#1250,
#1251,#1252,#1253,#1254,#1255,#1256,#1257,#1258,#1259,#1260,#1261,#1262,
#1263,#1264,#1265,#1266,#1267,#1268,#1269,#1270,#1271,#1272,#1273,#1274,
#1275,#1276,#1277,#1278,#1279,#1280,#1281,#1282,#1283,#1284,#1285,#1286,
#1287,#1288,#1289,#1290,#1291,#1292,#1293,#1294,#1295,#1296,#1297,#1298,
#1299,#1300,#1301,#1302,#1303,#1304,#1305,#1306,#1307,#1308,#1309,#1310,
#1311,#1312,#1313,#1314,#1315,#1316,#1317,#1318,#1319,#1320,#1321,#1322,
#1323,#1324,#1325,#1326,#1327,#1328,#1329,#1330,#1331,#1332,#1333,#1334,
#1335,#1336,#1337,#1338,#1339,#1340,#1341,#1342,#1343,#1344,#1345,#1346,
#1347,#1348,#1349,#1350,#1351,#1352,#1353,#1354,#1355,#1356,#1357,#1358,
#1359,#1360,#1361,#1362,#1363,#1364,#1365,#1366,#1367,#1368,#1369,#1370,
#1371,#1372,#1373,#1374,#1375,#1376,#1377,#1378,#1379,#1380,#1381,#1382,
#1383,#1384,#1385,#1386,#1387,#1388,#1389,#1390,#1391,#1392,#1393,#1394,
#1395,#1396,#1397,#1398,#1399,#1400,#1401,#1402,#1403,#1404,#1405,#1406,
#1407,#1408,#1409,#1410,#1411,#1412,#1413,#1414,#1415,#1416,#1417,#1418,
#1419,#1420,#1421,#1422,#1423,#1424,#1425,#1426,#1427,#1428,#1429,#1430,
#1431,#1432,#1433,#1434,#1435,#1436,#1437,#1438,#1439,#1440,#1441,#1442,
#1443,#1444,#1445,#1446,#1447,#1448,#1449,#1450,#1451,#1452,#1453,#1454,
#1455,#1456,#1457,#1458,#1459,#1460,#1461,#1462,#1463,#1464,#1465,#1466,
#1467,#1468,#1469,#1470,#1471,#1472,#1473,#1474,#1475,#1476,#1477,#1478,
#1479,#1480,#1481,#1482,#1483,#1484,#1485,#1486,#1487,#1488,#1489,#1490,
#1491,#1492,#1493,#1494,#1495,#1496,#1497,#1498,#1499,#1500,#1501,#1502,
#1503,#1504,#1505,#1506,#1507,#1508,#1509,#1510,#1511,#1512,#1513,#1514,
#1515,#1516,#1517));
#4678=EDGE_LOOP('',(#1518,#1519,#1520,#1521));
#4679=EDGE_LOOP('',(#1522,#1523,#1524,#1525));
#4680=EDGE_LOOP('',(#1526,#1527,#1528,#1529));
#4681=EDGE_LOOP('',(#1530,#1531,#1532,#1533));
#4682=EDGE_LOOP('',(#1534,#1535,#1536,#1537));
#4683=EDGE_LOOP('',(#1538,#1539,#1540,#1541));
#4684=EDGE_LOOP('',(#1542,#1543,#1544,#1545));
#4685=EDGE_LOOP('',(#1546,#1547,#1548,#1549));
#4686=EDGE_LOOP('',(#1550,#1551,#1552,#1553));
#4687=EDGE_LOOP('',(#1554,#1555,#1556,#1557));
#4688=EDGE_LOOP('',(#1558,#1559,#1560,#1561));
#4689=EDGE_LOOP('',(#1562,#1563,#1564,#1565));
#4690=EDGE_LOOP('',(#1566,#1567,#1568,#1569));
#4691=EDGE_LOOP('',(#1570,#1571,#1572,#1573));
#4692=EDGE_LOOP('',(#1574,#1575,#1576,#1577));
#4693=EDGE_LOOP('',(#1578,#1579,#1580,#1581));
#4694=EDGE_LOOP('',(#1582,#1583,#1584,#1585));
#4695=EDGE_LOOP('',(#1586,#1587,#1588,#1589));
#4696=EDGE_LOOP('',(#1590,#1591,#1592,#1593));
#4697=EDGE_LOOP('',(#1594,#1595,#1596,#1597));
#4698=EDGE_LOOP('',(#1598,#1599,#1600,#1601));
#4699=EDGE_LOOP('',(#1602,#1603,#1604,#1605));
#4700=EDGE_LOOP('',(#1606,#1607,#1608,#1609));
#4701=EDGE_LOOP('',(#1610,#1611,#1612,#1613));
#4702=EDGE_LOOP('',(#1614,#1615,#1616,#1617));
#4703=EDGE_LOOP('',(#1618,#1619,#1620,#1621));
#4704=EDGE_LOOP('',(#1622,#1623,#1624,#1625));
#4705=EDGE_LOOP('',(#1626,#1627,#1628,#1629));
#4706=EDGE_LOOP('',(#1630,#1631,#1632,#1633));
#4707=EDGE_LOOP('',(#1634,#1635,#1636,#1637));
#4708=EDGE_LOOP('',(#1638,#1639,#1640,#1641));
#4709=EDGE_LOOP('',(#1642,#1643,#1644,#1645));
#4710=EDGE_LOOP('',(#1646,#1647,#1648,#1649));
#4711=EDGE_LOOP('',(#1650,#1651,#1652,#1653));
#4712=EDGE_LOOP('',(#1654,#1655,#1656,#1657));
#4713=EDGE_LOOP('',(#1658,#1659,#1660,#1661));
#4714=EDGE_LOOP('',(#1662,#1663,#1664,#1665));
#4715=EDGE_LOOP('',(#1666,#1667,#1668,#1669));
#4716=EDGE_LOOP('',(#1670,#1671,#1672,#1673));
#4717=EDGE_LOOP('',(#1674,#1675,#1676,#1677));
#4718=EDGE_LOOP('',(#1678,#1679,#1680,#1681));
#4719=EDGE_LOOP('',(#1682,#1683,#1684,#1685));
#4720=EDGE_LOOP('',(#1686,#1687,#1688,#1689));
#4721=EDGE_LOOP('',(#1690,#1691,#1692,#1693));
#4722=EDGE_LOOP('',(#1694,#1695,#1696,#1697));
#4723=EDGE_LOOP('',(#1698,#1699,#1700,#1701));
#4724=EDGE_LOOP('',(#1702,#1703,#1704,#1705));
#4725=EDGE_LOOP('',(#1706,#1707,#1708,#1709));
#4726=EDGE_LOOP('',(#1710,#1711,#1712,#1713));
#4727=EDGE_LOOP('',(#1714,#1715,#1716,#1717));
#4728=EDGE_LOOP('',(#1718,#1719,#1720,#1721));
#4729=EDGE_LOOP('',(#1722,#1723,#1724,#1725));
#4730=EDGE_LOOP('',(#1726,#1727,#1728,#1729));
#4731=EDGE_LOOP('',(#1730,#1731,#1732,#1733));
#4732=EDGE_LOOP('',(#1734,#1735,#1736,#1737));
#4733=EDGE_LOOP('',(#1738,#1739,#1740,#1741));
#4734=EDGE_LOOP('',(#1742,#1743,#1744,#1745));
#4735=EDGE_LOOP('',(#1746,#1747,#1748,#1749));
#4736=EDGE_LOOP('',(#1750,#1751,#1752,#1753));
#4737=EDGE_LOOP('',(#1754,#1755,#1756,#1757));
#4738=EDGE_LOOP('',(#1758,#1759,#1760,#1761));
#4739=EDGE_LOOP('',(#1762,#1763,#1764,#1765));
#4740=EDGE_LOOP('',(#1766,#1767,#1768,#1769));
#4741=EDGE_LOOP('',(#1770,#1771,#1772,#1773));
#4742=EDGE_LOOP('',(#1774,#1775,#1776,#1777));
#4743=EDGE_LOOP('',(#1778,#1779,#1780,#1781));
#4744=EDGE_LOOP('',(#1782,#1783,#1784,#1785));
#4745=EDGE_LOOP('',(#1786,#1787,#1788,#1789));
#4746=EDGE_LOOP('',(#1790,#1791,#1792,#1793));
#4747=EDGE_LOOP('',(#1794,#1795,#1796,#1797));
#4748=EDGE_LOOP('',(#1798,#1799,#1800,#1801));
#4749=EDGE_LOOP('',(#1802,#1803,#1804,#1805));
#4750=EDGE_LOOP('',(#1806,#1807,#1808,#1809));
#4751=EDGE_LOOP('',(#1810,#1811,#1812,#1813));
#4752=EDGE_LOOP('',(#1814,#1815,#1816,#1817));
#4753=EDGE_LOOP('',(#1818,#1819,#1820,#1821));
#4754=EDGE_LOOP('',(#1822,#1823,#1824,#1825));
#4755=EDGE_LOOP('',(#1826,#1827,#1828,#1829));
#4756=EDGE_LOOP('',(#1830,#1831,#1832,#1833));
#4757=EDGE_LOOP('',(#1834,#1835,#1836,#1837));
#4758=EDGE_LOOP('',(#1838,#1839,#1840,#1841));
#4759=EDGE_LOOP('',(#1842,#1843,#1844,#1845));
#4760=EDGE_LOOP('',(#1846,#1847,#1848,#1849));
#4761=EDGE_LOOP('',(#1850,#1851,#1852,#1853));
#4762=EDGE_LOOP('',(#1854,#1855,#1856,#1857));
#4763=EDGE_LOOP('',(#1858,#1859,#1860,#1861));
#4764=EDGE_LOOP('',(#1862,#1863,#1864,#1865));
#4765=EDGE_LOOP('',(#1866,#1867,#1868,#1869));
#4766=EDGE_LOOP('',(#1870,#1871,#1872,#1873));
#4767=EDGE_LOOP('',(#1874,#1875,#1876,#1877));
#4768=EDGE_LOOP('',(#1878,#1879,#1880,#1881));
#4769=EDGE_LOOP('',(#1882,#1883,#1884,#1885));
#4770=EDGE_LOOP('',(#1886,#1887,#1888,#1889));
#4771=EDGE_LOOP('',(#1890,#1891,#1892,#1893));
#4772=EDGE_LOOP('',(#1894,#1895,#1896,#1897));
#4773=EDGE_LOOP('',(#1898,#1899,#1900,#1901));
#4774=EDGE_LOOP('',(#1902,#1903,#1904,#1905));
#4775=EDGE_LOOP('',(#1906,#1907,#1908,#1909));
#4776=EDGE_LOOP('',(#1910,#1911,#1912,#1913));
#4777=EDGE_LOOP('',(#1914,#1915,#1916,#1917));
#4778=EDGE_LOOP('',(#1918,#1919,#1920,#1921));
#4779=EDGE_LOOP('',(#1922,#1923,#1924,#1925));
#4780=EDGE_LOOP('',(#1926,#1927,#1928,#1929));
#4781=EDGE_LOOP('',(#1930,#1931,#1932,#1933));
#4782=EDGE_LOOP('',(#1934,#1935,#1936,#1937));
#4783=EDGE_LOOP('',(#1938,#1939,#1940,#1941));
#4784=EDGE_LOOP('',(#1942,#1943,#1944,#1945));
#4785=EDGE_LOOP('',(#1946,#1947,#1948,#1949));
#4786=EDGE_LOOP('',(#1950,#1951,#1952,#1953));
#4787=EDGE_LOOP('',(#1954,#1955,#1956,#1957));
#4788=EDGE_LOOP('',(#1958,#1959,#1960,#1961));
#4789=EDGE_LOOP('',(#1962,#1963,#1964,#1965));
#4790=EDGE_LOOP('',(#1966,#1967,#1968,#1969));
#4791=EDGE_LOOP('',(#1970,#1971,#1972,#1973));
#4792=EDGE_LOOP('',(#1974,#1975,#1976,#1977));
#4793=EDGE_LOOP('',(#1978,#1979,#1980,#1981));
#4794=EDGE_LOOP('',(#1982,#1983,#1984,#1985));
#4795=EDGE_LOOP('',(#1986,#1987,#1988,#1989));
#4796=EDGE_LOOP('',(#1990,#1991,#1992,#1993));
#4797=EDGE_LOOP('',(#1994,#1995,#1996,#1997));
#4798=EDGE_LOOP('',(#1998,#1999,#2000,#2001));
#4799=EDGE_LOOP('',(#2002,#2003,#2004,#2005));
#4800=EDGE_LOOP('',(#2006,#2007,#2008,#2009));
#4801=EDGE_LOOP('',(#2010,#2011,#2012,#2013));
#4802=EDGE_LOOP('',(#2014,#2015,#2016,#2017));
#4803=EDGE_LOOP('',(#2018,#2019,#2020,#2021));
#4804=EDGE_LOOP('',(#2022,#2023,#2024,#2025));
#4805=EDGE_LOOP('',(#2026,#2027,#2028,#2029));
#4806=EDGE_LOOP('',(#2030,#2031,#2032,#2033));
#4807=EDGE_LOOP('',(#2034,#2035,#2036,#2037));
#4808=EDGE_LOOP('',(#2038,#2039,#2040,#2041));
#4809=EDGE_LOOP('',(#2042,#2043,#2044,#2045));
#4810=EDGE_LOOP('',(#2046,#2047,#2048,#2049));
#4811=EDGE_LOOP('',(#2050,#2051,#2052,#2053));
#4812=EDGE_LOOP('',(#2054,#2055,#2056,#2057));
#4813=EDGE_LOOP('',(#2058,#2059,#2060,#2061));
#4814=EDGE_LOOP('',(#2062,#2063,#2064,#2065));
#4815=EDGE_LOOP('',(#2066,#2067,#2068,#2069));
#4816=EDGE_LOOP('',(#2070,#2071,#2072,#2073));
#4817=EDGE_LOOP('',(#2074,#2075,#2076,#2077));
#4818=EDGE_LOOP('',(#2078,#2079,#2080,#2081));
#4819=EDGE_LOOP('',(#2082,#2083,#2084,#2085));
#4820=EDGE_LOOP('',(#2086,#2087,#2088,#2089));
#4821=EDGE_LOOP('',(#2090,#2091,#2092,#2093));
#4822=EDGE_LOOP('',(#2094,#2095,#2096,#2097));
#4823=EDGE_LOOP('',(#2098,#2099,#2100,#2101));
#4824=EDGE_LOOP('',(#2102,#2103,#2104,#2105));
#4825=EDGE_LOOP('',(#2106,#2107,#2108,#2109));
#4826=EDGE_LOOP('',(#2110,#2111,#2112,#2113));
#4827=EDGE_LOOP('',(#2114,#2115,#2116,#2117));
#4828=EDGE_LOOP('',(#2118,#2119,#2120,#2121));
#4829=EDGE_LOOP('',(#2122,#2123,#2124,#2125));
#4830=EDGE_LOOP('',(#2126,#2127,#2128,#2129));
#4831=EDGE_LOOP('',(#2130,#2131,#2132,#2133));
#4832=EDGE_LOOP('',(#2134,#2135,#2136,#2137));
#4833=EDGE_LOOP('',(#2138,#2139,#2140,#2141));
#4834=EDGE_LOOP('',(#2142,#2143,#2144,#2145));
#4835=EDGE_LOOP('',(#2146,#2147,#2148,#2149));
#4836=EDGE_LOOP('',(#2150,#2151,#2152,#2153));
#4837=EDGE_LOOP('',(#2154,#2155,#2156,#2157));
#4838=EDGE_LOOP('',(#2158,#2159,#2160,#2161));
#4839=EDGE_LOOP('',(#2162,#2163,#2164,#2165));
#4840=EDGE_LOOP('',(#2166,#2167,#2168,#2169));
#4841=EDGE_LOOP('',(#2170,#2171,#2172,#2173));
#4842=EDGE_LOOP('',(#2174,#2175,#2176,#2177));
#4843=EDGE_LOOP('',(#2178,#2179,#2180,#2181));
#4844=EDGE_LOOP('',(#2182,#2183,#2184,#2185));
#4845=EDGE_LOOP('',(#2186,#2187,#2188,#2189));
#4846=EDGE_LOOP('',(#2190,#2191,#2192,#2193));
#4847=EDGE_LOOP('',(#2194,#2195,#2196,#2197));
#4848=EDGE_LOOP('',(#2198,#2199,#2200,#2201));
#4849=EDGE_LOOP('',(#2202,#2203,#2204,#2205));
#4850=EDGE_LOOP('',(#2206,#2207,#2208,#2209));
#4851=EDGE_LOOP('',(#2210,#2211,#2212,#2213));
#4852=EDGE_LOOP('',(#2214,#2215,#2216,#2217));
#4853=EDGE_LOOP('',(#2218,#2219,#2220,#2221));
#4854=EDGE_LOOP('',(#2222,#2223,#2224,#2225));
#4855=EDGE_LOOP('',(#2226,#2227,#2228,#2229));
#4856=EDGE_LOOP('',(#2230,#2231,#2232,#2233));
#4857=EDGE_LOOP('',(#2234,#2235,#2236,#2237));
#4858=EDGE_LOOP('',(#2238,#2239,#2240,#2241));
#4859=EDGE_LOOP('',(#2242,#2243,#2244,#2245));
#4860=EDGE_LOOP('',(#2246,#2247,#2248,#2249));
#4861=EDGE_LOOP('',(#2250,#2251,#2252,#2253));
#4862=EDGE_LOOP('',(#2254,#2255,#2256,#2257));
#4863=EDGE_LOOP('',(#2258,#2259,#2260,#2261));
#4864=EDGE_LOOP('',(#2262,#2263,#2264,#2265));
#4865=EDGE_LOOP('',(#2266,#2267,#2268,#2269));
#4866=EDGE_LOOP('',(#2270,#2271,#2272,#2273));
#4867=EDGE_LOOP('',(#2274,#2275,#2276,#2277));
#4868=EDGE_LOOP('',(#2278,#2279,#2280,#2281));
#4869=EDGE_LOOP('',(#2282,#2283,#2284,#2285));
#4870=EDGE_LOOP('',(#2286,#2287,#2288,#2289));
#4871=EDGE_LOOP('',(#2290,#2291,#2292,#2293));
#4872=EDGE_LOOP('',(#2294,#2295,#2296,#2297));
#4873=EDGE_LOOP('',(#2298,#2299,#2300,#2301));
#4874=EDGE_LOOP('',(#2302,#2303,#2304,#2305));
#4875=EDGE_LOOP('',(#2306,#2307,#2308,#2309));
#4876=EDGE_LOOP('',(#2310,#2311,#2312,#2313));
#4877=EDGE_LOOP('',(#2314,#2315,#2316,#2317));
#4878=EDGE_LOOP('',(#2318,#2319,#2320,#2321));
#4879=EDGE_LOOP('',(#2322,#2323,#2324,#2325));
#4880=EDGE_LOOP('',(#2326,#2327,#2328,#2329));
#4881=EDGE_LOOP('',(#2330,#2331,#2332,#2333));
#4882=EDGE_LOOP('',(#2334,#2335,#2336,#2337));
#4883=EDGE_LOOP('',(#2338,#2339,#2340,#2341));
#4884=EDGE_LOOP('',(#2342,#2343,#2344,#2345));
#4885=EDGE_LOOP('',(#2346,#2347,#2348,#2349));
#4886=EDGE_LOOP('',(#2350,#2351,#2352,#2353));
#4887=EDGE_LOOP('',(#2354,#2355,#2356,#2357));
#4888=EDGE_LOOP('',(#2358,#2359,#2360,#2361));
#4889=EDGE_LOOP('',(#2362,#2363,#2364,#2365));
#4890=EDGE_LOOP('',(#2366,#2367,#2368,#2369));
#4891=EDGE_LOOP('',(#2370,#2371,#2372,#2373));
#4892=EDGE_LOOP('',(#2374,#2375,#2376,#2377));
#4893=EDGE_LOOP('',(#2378,#2379,#2380,#2381));
#4894=EDGE_LOOP('',(#2382,#2383,#2384,#2385));
#4895=EDGE_LOOP('',(#2386,#2387,#2388,#2389));
#4896=EDGE_LOOP('',(#2390,#2391,#2392,#2393));
#4897=EDGE_LOOP('',(#2394,#2395,#2396,#2397));
#4898=EDGE_LOOP('',(#2398,#2399,#2400,#2401));
#4899=EDGE_LOOP('',(#2402,#2403,#2404,#2405));
#4900=EDGE_LOOP('',(#2406,#2407,#2408,#2409));
#4901=EDGE_LOOP('',(#2410,#2411,#2412,#2413));
#4902=EDGE_LOOP('',(#2414,#2415,#2416,#2417));
#4903=EDGE_LOOP('',(#2418,#2419,#2420,#2421));
#4904=EDGE_LOOP('',(#2422,#2423,#2424,#2425));
#4905=EDGE_LOOP('',(#2426,#2427,#2428,#2429));
#4906=EDGE_LOOP('',(#2430,#2431,#2432,#2433));
#4907=EDGE_LOOP('',(#2434,#2435,#2436,#2437));
#4908=EDGE_LOOP('',(#2438,#2439,#2440,#2441));
#4909=EDGE_LOOP('',(#2442,#2443,#2444,#2445));
#4910=EDGE_LOOP('',(#2446,#2447,#2448,#2449));
#4911=EDGE_LOOP('',(#2450,#2451,#2452,#2453));
#4912=EDGE_LOOP('',(#2454,#2455,#2456,#2457));
#4913=EDGE_LOOP('',(#2458,#2459,#2460,#2461));
#4914=EDGE_LOOP('',(#2462,#2463,#2464,#2465));
#4915=EDGE_LOOP('',(#2466,#2467,#2468,#2469));
#4916=EDGE_LOOP('',(#2470,#2471,#2472,#2473));
#4917=EDGE_LOOP('',(#2474,#2475,#2476,#2477));
#4918=EDGE_LOOP('',(#2478,#2479,#2480,#2481));
#4919=EDGE_LOOP('',(#2482,#2483,#2484,#2485));
#4920=EDGE_LOOP('',(#2486,#2487,#2488,#2489));
#4921=EDGE_LOOP('',(#2490,#2491,#2492,#2493));
#4922=EDGE_LOOP('',(#2494,#2495,#2496,#2497));
#4923=EDGE_LOOP('',(#2498,#2499,#2500,#2501));
#4924=EDGE_LOOP('',(#2502,#2503,#2504,#2505));
#4925=EDGE_LOOP('',(#2506,#2507,#2508,#2509));
#4926=EDGE_LOOP('',(#2510,#2511,#2512,#2513));
#4927=EDGE_LOOP('',(#2514,#2515,#2516,#2517));
#4928=EDGE_LOOP('',(#2518));
#4929=EDGE_LOOP('',(#2519));
#4930=FACE_BOUND('',#4624,.T.);
#4931=FACE_BOUND('',#4625,.T.);
#4932=FACE_BOUND('',#4626,.T.);
#4933=FACE_BOUND('',#4627,.T.);
#4934=FACE_BOUND('',#4628,.T.);
#4935=FACE_BOUND('',#4629,.T.);
#4936=FACE_BOUND('',#4630,.T.);
#4937=FACE_BOUND('',#4631,.T.);
#4938=FACE_BOUND('',#4632,.T.);
#4939=FACE_BOUND('',#4633,.T.);
#4940=FACE_BOUND('',#4634,.T.);
#4941=FACE_BOUND('',#4635,.T.);
#4942=FACE_BOUND('',#4636,.T.);
#4943=FACE_BOUND('',#4637,.T.);
#4944=FACE_BOUND('',#4638,.T.);
#4945=FACE_BOUND('',#4639,.T.);
#4946=FACE_BOUND('',#4640,.T.);
#4947=FACE_BOUND('',#4641,.T.);
#4948=FACE_BOUND('',#4642,.T.);
#4949=FACE_BOUND('',#4643,.T.);
#4950=FACE_BOUND('',#4644,.T.);
#4951=FACE_BOUND('',#4645,.T.);
#4952=FACE_BOUND('',#4646,.T.);
#4953=FACE_BOUND('',#4647,.T.);
#4954=FACE_BOUND('',#4648,.T.);
#4955=FACE_BOUND('',#4649,.T.);
#4956=FACE_BOUND('',#4650,.T.);
#4957=FACE_BOUND('',#4651,.T.);
#4958=FACE_BOUND('',#4652,.T.);
#4959=FACE_BOUND('',#4653,.T.);
#4960=FACE_BOUND('',#4654,.T.);
#4961=FACE_BOUND('',#4655,.T.);
#4962=FACE_BOUND('',#4656,.T.);
#4963=FACE_BOUND('',#4657,.T.);
#4964=FACE_BOUND('',#4658,.T.);
#4965=FACE_BOUND('',#4659,.T.);
#4966=FACE_BOUND('',#4660,.T.);
#4967=FACE_BOUND('',#4661,.T.);
#4968=FACE_BOUND('',#4662,.T.);
#4969=FACE_BOUND('',#4663,.T.);
#4970=FACE_BOUND('',#4664,.T.);
#4971=FACE_BOUND('',#4665,.T.);
#4972=FACE_BOUND('',#4666,.T.);
#4973=FACE_BOUND('',#4667,.T.);
#4974=FACE_BOUND('',#4668,.T.);
#4975=FACE_BOUND('',#4669,.T.);
#4976=FACE_BOUND('',#4670,.T.);
#4977=FACE_BOUND('',#4671,.T.);
#4978=FACE_BOUND('',#4672,.T.);
#4979=FACE_BOUND('',#4673,.T.);
#4980=FACE_BOUND('',#4674,.T.);
#4981=FACE_BOUND('',#4675,.T.);
#4982=FACE_BOUND('',#4676,.T.);
#4983=FACE_BOUND('',#4677,.T.);
#4984=FACE_BOUND('',#4678,.T.);
#4985=FACE_BOUND('',#4679,.T.);
#4986=FACE_BOUND('',#4680,.T.);
#4987=FACE_BOUND('',#4681,.T.);
#4988=FACE_BOUND('',#4682,.T.);
#4989=FACE_BOUND('',#4683,.T.);
#4990=FACE_BOUND('',#4684,.T.);
#4991=FACE_BOUND('',#4685,.T.);
#4992=FACE_BOUND('',#4686,.T.);
#4993=FACE_BOUND('',#4687,.T.);
#4994=FACE_BOUND('',#4688,.T.);
#4995=FACE_BOUND('',#4689,.T.);
#4996=FACE_BOUND('',#4690,.T.);
#4997=FACE_BOUND('',#4691,.T.);
#4998=FACE_BOUND('',#4692,.T.);
#4999=FACE_BOUND('',#4693,.T.);
#5000=FACE_BOUND('',#4694,.T.);
#5001=FACE_BOUND('',#4695,.T.);
#5002=FACE_BOUND('',#4696,.T.);
#5003=FACE_BOUND('',#4697,.T.);
#5004=FACE_BOUND('',#4698,.T.);
#5005=FACE_BOUND('',#4699,.T.);
#5006=FACE_BOUND('',#4700,.T.);
#5007=FACE_BOUND('',#4701,.T.);
#5008=FACE_BOUND('',#4702,.T.);
#5009=FACE_BOUND('',#4703,.T.);
#5010=FACE_BOUND('',#4704,.T.);
#5011=FACE_BOUND('',#4705,.T.);
#5012=FACE_BOUND('',#4706,.T.);
#5013=FACE_BOUND('',#4707,.T.);
#5014=FACE_BOUND('',#4708,.T.);
#5015=FACE_BOUND('',#4709,.T.);
#5016=FACE_BOUND('',#4710,.T.);
#5017=FACE_BOUND('',#4711,.T.);
#5018=FACE_BOUND('',#4712,.T.);
#5019=FACE_BOUND('',#4713,.T.);
#5020=FACE_BOUND('',#4714,.T.);
#5021=FACE_BOUND('',#4715,.T.);
#5022=FACE_BOUND('',#4716,.T.);
#5023=FACE_BOUND('',#4717,.T.);
#5024=FACE_BOUND('',#4718,.T.);
#5025=FACE_BOUND('',#4719,.T.);
#5026=FACE_BOUND('',#4720,.T.);
#5027=FACE_BOUND('',#4721,.T.);
#5028=FACE_BOUND('',#4722,.T.);
#5029=FACE_BOUND('',#4723,.T.);
#5030=FACE_BOUND('',#4724,.T.);
#5031=FACE_BOUND('',#4725,.T.);
#5032=FACE_BOUND('',#4726,.T.);
#5033=FACE_BOUND('',#4727,.T.);
#5034=FACE_BOUND('',#4728,.T.);
#5035=FACE_BOUND('',#4729,.T.);
#5036=FACE_BOUND('',#4730,.T.);
#5037=FACE_BOUND('',#4731,.T.);
#5038=FACE_BOUND('',#4732,.T.);
#5039=FACE_BOUND('',#4733,.T.);
#5040=FACE_BOUND('',#4734,.T.);
#5041=FACE_BOUND('',#4735,.T.);
#5042=FACE_BOUND('',#4736,.T.);
#5043=FACE_BOUND('',#4737,.T.);
#5044=FACE_BOUND('',#4738,.T.);
#5045=FACE_BOUND('',#4739,.T.);
#5046=FACE_BOUND('',#4740,.T.);
#5047=FACE_BOUND('',#4741,.T.);
#5048=FACE_BOUND('',#4742,.T.);
#5049=FACE_BOUND('',#4743,.T.);
#5050=FACE_BOUND('',#4744,.T.);
#5051=FACE_BOUND('',#4745,.T.);
#5052=FACE_BOUND('',#4746,.T.);
#5053=FACE_BOUND('',#4747,.T.);
#5054=FACE_BOUND('',#4748,.T.);
#5055=FACE_BOUND('',#4749,.T.);
#5056=FACE_BOUND('',#4750,.T.);
#5057=FACE_BOUND('',#4751,.T.);
#5058=FACE_BOUND('',#4752,.T.);
#5059=FACE_BOUND('',#4753,.T.);
#5060=FACE_BOUND('',#4754,.T.);
#5061=FACE_BOUND('',#4755,.T.);
#5062=FACE_BOUND('',#4756,.T.);
#5063=FACE_BOUND('',#4757,.T.);
#5064=FACE_BOUND('',#4758,.T.);
#5065=FACE_BOUND('',#4759,.T.);
#5066=FACE_BOUND('',#4760,.T.);
#5067=FACE_BOUND('',#4761,.T.);
#5068=FACE_BOUND('',#4762,.T.);
#5069=FACE_BOUND('',#4763,.T.);
#5070=FACE_BOUND('',#4764,.T.);
#5071=FACE_BOUND('',#4765,.T.);
#5072=FACE_BOUND('',#4766,.T.);
#5073=FACE_BOUND('',#4767,.T.);
#5074=FACE_BOUND('',#4768,.T.);
#5075=FACE_BOUND('',#4769,.T.);
#5076=FACE_BOUND('',#4770,.T.);
#5077=FACE_BOUND('',#4771,.T.);
#5078=FACE_BOUND('',#4772,.T.);
#5079=FACE_BOUND('',#4773,.T.);
#5080=FACE_BOUND('',#4774,.T.);
#5081=FACE_BOUND('',#4775,.T.);
#5082=FACE_BOUND('',#4776,.T.);
#5083=FACE_BOUND('',#4777,.T.);
#5084=FACE_BOUND('',#4778,.T.);
#5085=FACE_BOUND('',#4779,.T.);
#5086=FACE_BOUND('',#4780,.T.);
#5087=FACE_BOUND('',#4781,.T.);
#5088=FACE_BOUND('',#4782,.T.);
#5089=FACE_BOUND('',#4783,.T.);
#5090=FACE_BOUND('',#4784,.T.);
#5091=FACE_BOUND('',#4785,.T.);
#5092=FACE_BOUND('',#4786,.T.);
#5093=FACE_BOUND('',#4787,.T.);
#5094=FACE_BOUND('',#4788,.T.);
#5095=FACE_BOUND('',#4789,.T.);
#5096=FACE_BOUND('',#4790,.T.);
#5097=FACE_BOUND('',#4791,.T.);
#5098=FACE_BOUND('',#4792,.T.);
#5099=FACE_BOUND('',#4793,.T.);
#5100=FACE_BOUND('',#4794,.T.);
#5101=FACE_BOUND('',#4795,.T.);
#5102=FACE_BOUND('',#4796,.T.);
#5103=FACE_BOUND('',#4797,.T.);
#5104=FACE_BOUND('',#4798,.T.);
#5105=FACE_BOUND('',#4799,.T.);
#5106=FACE_BOUND('',#4800,.T.);
#5107=FACE_BOUND('',#4801,.T.);
#5108=FACE_BOUND('',#4802,.T.);
#5109=FACE_BOUND('',#4803,.T.);
#5110=FACE_BOUND('',#4804,.T.);
#5111=FACE_BOUND('',#4805,.T.);
#5112=FACE_BOUND('',#4806,.T.);
#5113=FACE_BOUND('',#4807,.T.);
#5114=FACE_BOUND('',#4808,.T.);
#5115=FACE_BOUND('',#4809,.T.);
#5116=FACE_BOUND('',#4810,.T.);
#5117=FACE_BOUND('',#4811,.T.);
#5118=FACE_BOUND('',#4812,.T.);
#5119=FACE_BOUND('',#4813,.T.);
#5120=FACE_BOUND('',#4814,.T.);
#5121=FACE_BOUND('',#4815,.T.);
#5122=FACE_BOUND('',#4816,.T.);
#5123=FACE_BOUND('',#4817,.T.);
#5124=FACE_BOUND('',#4818,.T.);
#5125=FACE_BOUND('',#4819,.T.);
#5126=FACE_BOUND('',#4820,.T.);
#5127=FACE_BOUND('',#4821,.T.);
#5128=FACE_BOUND('',#4822,.T.);
#5129=FACE_BOUND('',#4823,.T.);
#5130=FACE_BOUND('',#4824,.T.);
#5131=FACE_BOUND('',#4825,.T.);
#5132=FACE_BOUND('',#4826,.T.);
#5133=FACE_BOUND('',#4827,.T.);
#5134=FACE_BOUND('',#4828,.T.);
#5135=FACE_BOUND('',#4829,.T.);
#5136=FACE_BOUND('',#4830,.T.);
#5137=FACE_BOUND('',#4831,.T.);
#5138=FACE_BOUND('',#4832,.T.);
#5139=FACE_BOUND('',#4833,.T.);
#5140=FACE_BOUND('',#4834,.T.);
#5141=FACE_BOUND('',#4835,.T.);
#5142=FACE_BOUND('',#4836,.T.);
#5143=FACE_BOUND('',#4837,.T.);
#5144=FACE_BOUND('',#4838,.T.);
#5145=FACE_BOUND('',#4839,.T.);
#5146=FACE_BOUND('',#4840,.T.);
#5147=FACE_BOUND('',#4841,.T.);
#5148=FACE_BOUND('',#4842,.T.);
#5149=FACE_BOUND('',#4843,.T.);
#5150=FACE_BOUND('',#4844,.T.);
#5151=FACE_BOUND('',#4845,.T.);
#5152=FACE_BOUND('',#4846,.T.);
#5153=FACE_BOUND('',#4847,.T.);
#5154=FACE_BOUND('',#4848,.T.);
#5155=FACE_BOUND('',#4849,.T.);
#5156=FACE_BOUND('',#4850,.T.);
#5157=FACE_BOUND('',#4851,.T.);
#5158=FACE_BOUND('',#4852,.T.);
#5159=FACE_BOUND('',#4853,.T.);
#5160=FACE_BOUND('',#4854,.T.);
#5161=FACE_BOUND('',#4855,.T.);
#5162=FACE_BOUND('',#4856,.T.);
#5163=FACE_BOUND('',#4857,.T.);
#5164=FACE_BOUND('',#4858,.T.);
#5165=FACE_BOUND('',#4859,.T.);
#5166=FACE_BOUND('',#4860,.T.);
#5167=FACE_BOUND('',#4861,.T.);
#5168=FACE_BOUND('',#4862,.T.);
#5169=FACE_BOUND('',#4863,.T.);
#5170=FACE_BOUND('',#4864,.T.);
#5171=FACE_BOUND('',#4865,.T.);
#5172=FACE_BOUND('',#4866,.T.);
#5173=FACE_BOUND('',#4867,.T.);
#5174=FACE_BOUND('',#4868,.T.);
#5175=FACE_BOUND('',#4869,.T.);
#5176=FACE_BOUND('',#4870,.T.);
#5177=FACE_BOUND('',#4871,.T.);
#5178=FACE_BOUND('',#4872,.T.);
#5179=FACE_BOUND('',#4873,.T.);
#5180=FACE_BOUND('',#4874,.T.);
#5181=FACE_BOUND('',#4875,.T.);
#5182=FACE_BOUND('',#4876,.T.);
#5183=FACE_BOUND('',#4877,.T.);
#5184=FACE_BOUND('',#4878,.T.);
#5185=FACE_BOUND('',#4879,.T.);
#5186=FACE_BOUND('',#4880,.T.);
#5187=FACE_BOUND('',#4881,.T.);
#5188=FACE_BOUND('',#4882,.T.);
#5189=FACE_BOUND('',#4883,.T.);
#5190=FACE_BOUND('',#4884,.T.);
#5191=FACE_BOUND('',#4885,.T.);
#5192=FACE_BOUND('',#4886,.T.);
#5193=FACE_BOUND('',#4887,.T.);
#5194=FACE_BOUND('',#4888,.T.);
#5195=FACE_BOUND('',#4889,.T.);
#5196=FACE_BOUND('',#4890,.T.);
#5197=FACE_BOUND('',#4891,.T.);
#5198=FACE_BOUND('',#4892,.T.);
#5199=FACE_BOUND('',#4893,.T.);
#5200=FACE_BOUND('',#4894,.T.);
#5201=FACE_BOUND('',#4895,.T.);
#5202=FACE_BOUND('',#4896,.T.);
#5203=FACE_BOUND('',#4897,.T.);
#5204=FACE_BOUND('',#4898,.T.);
#5205=FACE_BOUND('',#4899,.T.);
#5206=FACE_BOUND('',#4900,.T.);
#5207=FACE_BOUND('',#4901,.T.);
#5208=FACE_BOUND('',#4902,.T.);
#5209=FACE_BOUND('',#4903,.T.);
#5210=FACE_BOUND('',#4904,.T.);
#5211=FACE_BOUND('',#4905,.T.);
#5212=FACE_BOUND('',#4906,.T.);
#5213=FACE_BOUND('',#4907,.T.);
#5214=FACE_BOUND('',#4908,.T.);
#5215=FACE_BOUND('',#4909,.T.);
#5216=FACE_BOUND('',#4910,.T.);
#5217=FACE_BOUND('',#4911,.T.);
#5218=FACE_BOUND('',#4912,.T.);
#5219=FACE_BOUND('',#4913,.T.);
#5220=FACE_BOUND('',#4914,.T.);
#5221=FACE_BOUND('',#4915,.T.);
#5222=FACE_BOUND('',#4916,.T.);
#5223=FACE_BOUND('',#4917,.T.);
#5224=FACE_BOUND('',#4918,.T.);
#5225=FACE_BOUND('',#4919,.T.);
#5226=FACE_BOUND('',#4920,.T.);
#5227=FACE_BOUND('',#4921,.T.);
#5228=FACE_BOUND('',#4922,.T.);
#5229=FACE_BOUND('',#4923,.T.);
#5230=FACE_BOUND('',#4924,.T.);
#5231=FACE_BOUND('',#4925,.T.);
#5232=FACE_BOUND('',#4926,.T.);
#5233=FACE_BOUND('',#4927,.T.);
#5234=FACE_BOUND('',#4928,.T.);
#5235=FACE_BOUND('',#4929,.T.);
#5236=CYLINDRICAL_SURFACE('',#5753,0.0468);
#5237=CYLINDRICAL_SURFACE('',#5756,0.0468);
#5238=CYLINDRICAL_SURFACE('',#5759,0.0468);
#5239=CYLINDRICAL_SURFACE('',#5762,0.0468);
#5240=CYLINDRICAL_SURFACE('',#5765,0.0468);
#5241=CYLINDRICAL_SURFACE('',#5768,0.0468);
#5242=CYLINDRICAL_SURFACE('',#5771,0.0468);
#5243=CYLINDRICAL_SURFACE('',#5774,0.0468);
#5244=CYLINDRICAL_SURFACE('',#5777,0.0468);
#5245=CYLINDRICAL_SURFACE('',#5780,0.0468);
#5246=CYLINDRICAL_SURFACE('',#5783,0.0468);
#5247=CYLINDRICAL_SURFACE('',#5786,0.0468);
#5248=CYLINDRICAL_SURFACE('',#5789,0.0468);
#5249=CYLINDRICAL_SURFACE('',#5792,0.0468);
#5250=CYLINDRICAL_SURFACE('',#5795,0.0468);
#5251=CYLINDRICAL_SURFACE('',#5798,0.0468);
#5252=CYLINDRICAL_SURFACE('',#5801,0.0468);
#5253=CYLINDRICAL_SURFACE('',#5804,0.0468);
#5254=CYLINDRICAL_SURFACE('',#5807,0.0468);
#5255=CYLINDRICAL_SURFACE('',#5810,0.0468);
#5256=CYLINDRICAL_SURFACE('',#5813,0.0468);
#5257=CYLINDRICAL_SURFACE('',#5816,0.0468);
#5258=CYLINDRICAL_SURFACE('',#5819,0.0468);
#5259=CYLINDRICAL_SURFACE('',#5822,0.0468);
#5260=CYLINDRICAL_SURFACE('',#5825,0.0468);
#5261=CYLINDRICAL_SURFACE('',#5828,0.0468);
#5262=CYLINDRICAL_SURFACE('',#5831,0.0468);
#5263=CYLINDRICAL_SURFACE('',#5834,0.0468);
#5264=CYLINDRICAL_SURFACE('',#5837,0.0468);
#5265=CYLINDRICAL_SURFACE('',#5840,0.0468);
#5266=CYLINDRICAL_SURFACE('',#5843,0.0468);
#5267=CYLINDRICAL_SURFACE('',#5846,0.0468);
#5268=CYLINDRICAL_SURFACE('',#5849,0.0468);
#5269=CYLINDRICAL_SURFACE('',#5852,0.0468);
#5270=CYLINDRICAL_SURFACE('',#5855,0.0468);
#5271=CYLINDRICAL_SURFACE('',#5858,0.0468);
#5272=CYLINDRICAL_SURFACE('',#5861,0.0468);
#5273=CYLINDRICAL_SURFACE('',#5864,0.0468);
#5274=CYLINDRICAL_SURFACE('',#5867,0.0468);
#5275=CYLINDRICAL_SURFACE('',#5870,0.0468);
#5276=CYLINDRICAL_SURFACE('',#5873,0.0468);
#5277=CYLINDRICAL_SURFACE('',#5876,0.0468);
#5278=CYLINDRICAL_SURFACE('',#5879,0.0468);
#5279=CYLINDRICAL_SURFACE('',#5882,0.0468);
#5280=CYLINDRICAL_SURFACE('',#5885,0.0468);
#5281=CYLINDRICAL_SURFACE('',#5888,0.0468);
#5282=CYLINDRICAL_SURFACE('',#5891,0.0468);
#5283=CYLINDRICAL_SURFACE('',#5894,0.0468);
#5284=CYLINDRICAL_SURFACE('',#5897,0.0468);
#5285=CYLINDRICAL_SURFACE('',#6053,0.0468);
#5286=CYLINDRICAL_SURFACE('',#6207,0.04275);
#5287=CYLINDRICAL_SURFACE('',#6208,0.00062295561465596);
#5288=CYLINDRICAL_SURFACE('',#6209,0.00062295561465596);
#5289=CYLINDRICAL_SURFACE('',#6210,0.04275);
#5290=CYLINDRICAL_SURFACE('',#6211,0.00062295561465596);
#5291=CYLINDRICAL_SURFACE('',#6212,0.00062295561465596);
#5292=CYLINDRICAL_SURFACE('',#6213,0.04275);
#5293=CYLINDRICAL_SURFACE('',#6214,0.00062295561465596);
#5294=CYLINDRICAL_SURFACE('',#6215,0.00062295561465596);
#5295=CYLINDRICAL_SURFACE('',#6216,0.04275);
#5296=CYLINDRICAL_SURFACE('',#6217,0.00062295561465596);
#5297=CYLINDRICAL_SURFACE('',#6218,0.00062295561465596);
#5298=CYLINDRICAL_SURFACE('',#6219,0.04275);
#5299=CYLINDRICAL_SURFACE('',#6220,0.00062295561465596);
#5300=CYLINDRICAL_SURFACE('',#6221,0.00062295561465596);
#5301=CYLINDRICAL_SURFACE('',#6222,0.04275);
#5302=CYLINDRICAL_SURFACE('',#6223,0.00062295561465596);
#5303=CYLINDRICAL_SURFACE('',#6224,0.00062295561465596);
#5304=CYLINDRICAL_SURFACE('',#6225,0.04275);
#5305=CYLINDRICAL_SURFACE('',#6226,0.00062295561465596);
#5306=CYLINDRICAL_SURFACE('',#6227,0.00062295561465596);
#5307=CYLINDRICAL_SURFACE('',#6228,0.04275);
#5308=CYLINDRICAL_SURFACE('',#6229,0.00062295561465596);
#5309=CYLINDRICAL_SURFACE('',#6230,0.00062295561465596);
#5310=CYLINDRICAL_SURFACE('',#6231,0.04275);
#5311=CYLINDRICAL_SURFACE('',#6232,0.00062295561465596);
#5312=CYLINDRICAL_SURFACE('',#6233,0.00062295561465596);
#5313=CYLINDRICAL_SURFACE('',#6234,0.04275);
#5314=CYLINDRICAL_SURFACE('',#6235,0.00062295561465596);
#5315=CYLINDRICAL_SURFACE('',#6236,0.00062295561465596);
#5316=CYLINDRICAL_SURFACE('',#6237,0.04275);
#5317=CYLINDRICAL_SURFACE('',#6238,0.00062295561465596);
#5318=CYLINDRICAL_SURFACE('',#6239,0.00062295561465596);
#5319=CYLINDRICAL_SURFACE('',#6240,0.04275);
#5320=CYLINDRICAL_SURFACE('',#6241,0.00062295561465596);
#5321=CYLINDRICAL_SURFACE('',#6242,0.00062295561465596);
#5322=CYLINDRICAL_SURFACE('',#6243,0.04275);
#5323=CYLINDRICAL_SURFACE('',#6244,0.00062295561465596);
#5324=CYLINDRICAL_SURFACE('',#6245,0.00062295561465596);
#5325=CYLINDRICAL_SURFACE('',#6246,0.04275);
#5326=CYLINDRICAL_SURFACE('',#6247,0.00062295561465596);
#5327=CYLINDRICAL_SURFACE('',#6248,0.00062295561465596);
#5328=CYLINDRICAL_SURFACE('',#6249,0.04275);
#5329=CYLINDRICAL_SURFACE('',#6250,0.00062295561465596);
#5330=CYLINDRICAL_SURFACE('',#6251,0.00062295561465596);
#5331=CYLINDRICAL_SURFACE('',#6252,0.04275);
#5332=CYLINDRICAL_SURFACE('',#6253,0.00062295561465596);
#5333=CYLINDRICAL_SURFACE('',#6254,0.00062295561465596);
#5334=CYLINDRICAL_SURFACE('',#6255,0.04275);
#5335=CYLINDRICAL_SURFACE('',#6256,0.00062295561465596);
#5336=CYLINDRICAL_SURFACE('',#6257,0.00062295561465596);
#5337=CYLINDRICAL_SURFACE('',#6258,0.04275);
#5338=CYLINDRICAL_SURFACE('',#6259,0.00062295561465596);
#5339=CYLINDRICAL_SURFACE('',#6260,0.00062295561465596);
#5340=CYLINDRICAL_SURFACE('',#6261,0.04275);
#5341=CYLINDRICAL_SURFACE('',#6262,0.00062295561465596);
#5342=CYLINDRICAL_SURFACE('',#6263,0.00062295561465596);
#5343=CYLINDRICAL_SURFACE('',#6264,0.04275);
#5344=CYLINDRICAL_SURFACE('',#6265,0.00062295561465596);
#5345=CYLINDRICAL_SURFACE('',#6266,0.00062295561465596);
#5346=CYLINDRICAL_SURFACE('',#6267,0.04275);
#5347=CYLINDRICAL_SURFACE('',#6268,0.00062295561465596);
#5348=CYLINDRICAL_SURFACE('',#6269,0.00062295561465596);
#5349=CYLINDRICAL_SURFACE('',#6270,0.04275);
#5350=CYLINDRICAL_SURFACE('',#6271,0.00062295561465596);
#5351=CYLINDRICAL_SURFACE('',#6272,0.00062295561465596);
#5352=CYLINDRICAL_SURFACE('',#6273,0.04275);
#5353=CYLINDRICAL_SURFACE('',#6274,0.00062295561465596);
#5354=CYLINDRICAL_SURFACE('',#6275,0.00062295561465596);
#5355=CYLINDRICAL_SURFACE('',#6276,0.04275);
#5356=CYLINDRICAL_SURFACE('',#6277,0.00062295561465596);
#5357=CYLINDRICAL_SURFACE('',#6278,0.00062295561465596);
#5358=CYLINDRICAL_SURFACE('',#6279,0.04275);
#5359=CYLINDRICAL_SURFACE('',#6280,0.00062295561465596);
#5360=CYLINDRICAL_SURFACE('',#6281,0.00062295561465596);
#5361=CYLINDRICAL_SURFACE('',#6282,0.04275);
#5362=CYLINDRICAL_SURFACE('',#6283,0.00062295561465596);
#5363=CYLINDRICAL_SURFACE('',#6284,0.00062295561465596);
#5364=CYLINDRICAL_SURFACE('',#6285,0.04275);
#5365=CYLINDRICAL_SURFACE('',#6286,0.00062295561465596);
#5366=CYLINDRICAL_SURFACE('',#6287,0.00062295561465596);
#5367=CYLINDRICAL_SURFACE('',#6288,0.04275);
#5368=CYLINDRICAL_SURFACE('',#6289,0.00062295561465596);
#5369=CYLINDRICAL_SURFACE('',#6290,0.00062295561465596);
#5370=CYLINDRICAL_SURFACE('',#6291,0.04275);
#5371=CYLINDRICAL_SURFACE('',#6292,0.00062295561465596);
#5372=CYLINDRICAL_SURFACE('',#6293,0.00062295561465596);
#5373=CYLINDRICAL_SURFACE('',#6294,0.04275);
#5374=CYLINDRICAL_SURFACE('',#6295,0.00062295561465596);
#5375=CYLINDRICAL_SURFACE('',#6296,0.00062295561465596);
#5376=CYLINDRICAL_SURFACE('',#6297,0.04275);
#5377=CYLINDRICAL_SURFACE('',#6298,0.00062295561465596);
#5378=CYLINDRICAL_SURFACE('',#6299,0.00062295561465596);
#5379=CYLINDRICAL_SURFACE('',#6300,0.04275);
#5380=CYLINDRICAL_SURFACE('',#6301,0.00062295561465596);
#5381=CYLINDRICAL_SURFACE('',#6302,0.00062295561465596);
#5382=CYLINDRICAL_SURFACE('',#6303,0.04275);
#5383=CYLINDRICAL_SURFACE('',#6304,0.00062295561465596);
#5384=CYLINDRICAL_SURFACE('',#6305,0.00062295561465596);
#5385=CYLINDRICAL_SURFACE('',#6306,0.04275);
#5386=CYLINDRICAL_SURFACE('',#6307,0.00062295561465596);
#5387=CYLINDRICAL_SURFACE('',#6308,0.00062295561465596);
#5388=CYLINDRICAL_SURFACE('',#6309,0.04275);
#5389=CYLINDRICAL_SURFACE('',#6310,0.00062295561465596);
#5390=CYLINDRICAL_SURFACE('',#6311,0.00062295561465596);
#5391=CYLINDRICAL_SURFACE('',#6312,0.04275);
#5392=CYLINDRICAL_SURFACE('',#6313,0.00062295561465596);
#5393=CYLINDRICAL_SURFACE('',#6314,0.00062295561465596);
#5394=CYLINDRICAL_SURFACE('',#6315,0.04275);
#5395=CYLINDRICAL_SURFACE('',#6316,0.00062295561465596);
#5396=CYLINDRICAL_SURFACE('',#6317,0.00062295561465596);
#5397=CYLINDRICAL_SURFACE('',#6318,0.04275);
#5398=CYLINDRICAL_SURFACE('',#6319,0.00062295561465596);
#5399=CYLINDRICAL_SURFACE('',#6320,0.00062295561465596);
#5400=CYLINDRICAL_SURFACE('',#6321,0.04275);
#5401=CYLINDRICAL_SURFACE('',#6322,0.00062295561465596);
#5402=CYLINDRICAL_SURFACE('',#6323,0.00062295561465596);
#5403=CYLINDRICAL_SURFACE('',#6324,0.04275);
#5404=CYLINDRICAL_SURFACE('',#6325,0.00062295561465596);
#5405=CYLINDRICAL_SURFACE('',#6326,0.00062295561465596);
#5406=CYLINDRICAL_SURFACE('',#6327,0.04275);
#5407=CYLINDRICAL_SURFACE('',#6328,0.00062295561465596);
#5408=CYLINDRICAL_SURFACE('',#6329,0.00062295561465596);
#5409=CYLINDRICAL_SURFACE('',#6330,0.04275);
#5410=CYLINDRICAL_SURFACE('',#6331,0.00062295561465596);
#5411=CYLINDRICAL_SURFACE('',#6332,0.00062295561465596);
#5412=CYLINDRICAL_SURFACE('',#6333,0.04275);
#5413=CYLINDRICAL_SURFACE('',#6334,0.00062295561465596);
#5414=CYLINDRICAL_SURFACE('',#6335,0.00062295561465596);
#5415=CYLINDRICAL_SURFACE('',#6336,0.04275);
#5416=CYLINDRICAL_SURFACE('',#6337,0.00062295561465596);
#5417=CYLINDRICAL_SURFACE('',#6338,0.00062295561465596);
#5418=CYLINDRICAL_SURFACE('',#6339,0.04275);
#5419=CYLINDRICAL_SURFACE('',#6340,0.00062295561465596);
#5420=CYLINDRICAL_SURFACE('',#6341,0.00062295561465596);
#5421=CYLINDRICAL_SURFACE('',#6342,0.04275);
#5422=CYLINDRICAL_SURFACE('',#6343,0.00062295561465596);
#5423=CYLINDRICAL_SURFACE('',#6344,0.00062295561465596);
#5424=CYLINDRICAL_SURFACE('',#6345,0.04275);
#5425=CYLINDRICAL_SURFACE('',#6346,0.00062295561465596);
#5426=CYLINDRICAL_SURFACE('',#6347,0.00062295561465596);
#5427=CYLINDRICAL_SURFACE('',#6348,0.04275);
#5428=CYLINDRICAL_SURFACE('',#6349,0.00062295561465596);
#5429=CYLINDRICAL_SURFACE('',#6350,0.00062295561465596);
#5430=CYLINDRICAL_SURFACE('',#6351,0.04275);
#5431=CYLINDRICAL_SURFACE('',#6352,0.00062295561465596);
#5432=CYLINDRICAL_SURFACE('',#6353,0.00062295561465596);
#5433=CYLINDRICAL_SURFACE('',#6354,0.04275);
#5434=CYLINDRICAL_SURFACE('',#6355,0.00062295561465596);
#5435=CYLINDRICAL_SURFACE('',#6356,0.00062295561465596);
#5436=CYLINDRICAL_SURFACE('',#6357,0.040325);
#5437=ADVANCED_FACE('',(#4930),#5236,.T.);
#5438=ADVANCED_FACE('',(#4931),#5237,.T.);
#5439=ADVANCED_FACE('',(#4932),#5238,.T.);
#5440=ADVANCED_FACE('',(#4933),#5239,.T.);
#5441=ADVANCED_FACE('',(#4934),#5240,.T.);
#5442=ADVANCED_FACE('',(#4935),#5241,.T.);
#5443=ADVANCED_FACE('',(#4936),#5242,.T.);
#5444=ADVANCED_FACE('',(#4937),#5243,.T.);
#5445=ADVANCED_FACE('',(#4938),#5244,.T.);
#5446=ADVANCED_FACE('',(#4939),#5245,.T.);
#5447=ADVANCED_FACE('',(#4940),#5246,.T.);
#5448=ADVANCED_FACE('',(#4941),#5247,.T.);
#5449=ADVANCED_FACE('',(#4942),#5248,.T.);
#5450=ADVANCED_FACE('',(#4943),#5249,.T.);
#5451=ADVANCED_FACE('',(#4944),#5250,.T.);
#5452=ADVANCED_FACE('',(#4945),#5251,.T.);
#5453=ADVANCED_FACE('',(#4946),#5252,.T.);
#5454=ADVANCED_FACE('',(#4947),#5253,.T.);
#5455=ADVANCED_FACE('',(#4948),#5254,.T.);
#5456=ADVANCED_FACE('',(#4949),#5255,.T.);
#5457=ADVANCED_FACE('',(#4950),#5256,.T.);
#5458=ADVANCED_FACE('',(#4951),#5257,.T.);
#5459=ADVANCED_FACE('',(#4952),#5258,.T.);
#5460=ADVANCED_FACE('',(#4953),#5259,.T.);
#5461=ADVANCED_FACE('',(#4954),#5260,.T.);
#5462=ADVANCED_FACE('',(#4955),#5261,.T.);
#5463=ADVANCED_FACE('',(#4956),#5262,.T.);
#5464=ADVANCED_FACE('',(#4957),#5263,.T.);
#5465=ADVANCED_FACE('',(#4958),#5264,.T.);
#5466=ADVANCED_FACE('',(#4959),#5265,.T.);
#5467=ADVANCED_FACE('',(#4960),#5266,.T.);
#5468=ADVANCED_FACE('',(#4961),#5267,.T.);
#5469=ADVANCED_FACE('',(#4962),#5268,.T.);
#5470=ADVANCED_FACE('',(#4963),#5269,.T.);
#5471=ADVANCED_FACE('',(#4964),#5270,.T.);
#5472=ADVANCED_FACE('',(#4965),#5271,.T.);
#5473=ADVANCED_FACE('',(#4966),#5272,.T.);
#5474=ADVANCED_FACE('',(#4967),#5273,.T.);
#5475=ADVANCED_FACE('',(#4968),#5274,.T.);
#5476=ADVANCED_FACE('',(#4969),#5275,.T.);
#5477=ADVANCED_FACE('',(#4970),#5276,.T.);
#5478=ADVANCED_FACE('',(#4971),#5277,.T.);
#5479=ADVANCED_FACE('',(#4972),#5278,.T.);
#5480=ADVANCED_FACE('',(#4973),#5279,.T.);
#5481=ADVANCED_FACE('',(#4974),#5280,.T.);
#5482=ADVANCED_FACE('',(#4975),#5281,.T.);
#5483=ADVANCED_FACE('',(#4976),#5282,.T.);
#5484=ADVANCED_FACE('',(#4977),#5283,.T.);
#5485=ADVANCED_FACE('',(#4978),#5284,.T.);
#5486=ADVANCED_FACE('',(#4979,#4980),#312,.T.);
#5487=ADVANCED_FACE('',(#4981),#5285,.T.);
#5488=ADVANCED_FACE('',(#4982,#4983),#313,.F.);
#5489=ADVANCED_FACE('',(#4984),#12,.F.);
#5490=ADVANCED_FACE('',(#4985),#5286,.T.);
#5491=ADVANCED_FACE('',(#4986),#13,.T.);
#5492=ADVANCED_FACE('',(#4987),#5287,.F.);
#5493=ADVANCED_FACE('',(#4988),#5288,.F.);
#5494=ADVANCED_FACE('',(#4989),#14,.F.);
#5495=ADVANCED_FACE('',(#4990),#5289,.T.);
#5496=ADVANCED_FACE('',(#4991),#15,.T.);
#5497=ADVANCED_FACE('',(#4992),#5290,.F.);
#5498=ADVANCED_FACE('',(#4993),#5291,.F.);
#5499=ADVANCED_FACE('',(#4994),#16,.F.);
#5500=ADVANCED_FACE('',(#4995),#5292,.T.);
#5501=ADVANCED_FACE('',(#4996),#17,.T.);
#5502=ADVANCED_FACE('',(#4997),#5293,.F.);
#5503=ADVANCED_FACE('',(#4998),#5294,.F.);
#5504=ADVANCED_FACE('',(#4999),#18,.F.);
#5505=ADVANCED_FACE('',(#5000),#5295,.T.);
#5506=ADVANCED_FACE('',(#5001),#19,.T.);
#5507=ADVANCED_FACE('',(#5002),#5296,.F.);
#5508=ADVANCED_FACE('',(#5003),#5297,.F.);
#5509=ADVANCED_FACE('',(#5004),#20,.F.);
#5510=ADVANCED_FACE('',(#5005),#5298,.T.);
#5511=ADVANCED_FACE('',(#5006),#21,.T.);
#5512=ADVANCED_FACE('',(#5007),#5299,.F.);
#5513=ADVANCED_FACE('',(#5008),#5300,.F.);
#5514=ADVANCED_FACE('',(#5009),#22,.F.);
#5515=ADVANCED_FACE('',(#5010),#5301,.T.);
#5516=ADVANCED_FACE('',(#5011),#23,.T.);
#5517=ADVANCED_FACE('',(#5012),#5302,.F.);
#5518=ADVANCED_FACE('',(#5013),#5303,.F.);
#5519=ADVANCED_FACE('',(#5014),#24,.F.);
#5520=ADVANCED_FACE('',(#5015),#5304,.T.);
#5521=ADVANCED_FACE('',(#5016),#25,.T.);
#5522=ADVANCED_FACE('',(#5017),#5305,.F.);
#5523=ADVANCED_FACE('',(#5018),#5306,.F.);
#5524=ADVANCED_FACE('',(#5019),#26,.F.);
#5525=ADVANCED_FACE('',(#5020),#5307,.T.);
#5526=ADVANCED_FACE('',(#5021),#27,.T.);
#5527=ADVANCED_FACE('',(#5022),#5308,.F.);
#5528=ADVANCED_FACE('',(#5023),#5309,.F.);
#5529=ADVANCED_FACE('',(#5024),#28,.F.);
#5530=ADVANCED_FACE('',(#5025),#5310,.T.);
#5531=ADVANCED_FACE('',(#5026),#29,.T.);
#5532=ADVANCED_FACE('',(#5027),#5311,.F.);
#5533=ADVANCED_FACE('',(#5028),#5312,.F.);
#5534=ADVANCED_FACE('',(#5029),#30,.F.);
#5535=ADVANCED_FACE('',(#5030),#5313,.T.);
#5536=ADVANCED_FACE('',(#5031),#31,.T.);
#5537=ADVANCED_FACE('',(#5032),#5314,.F.);
#5538=ADVANCED_FACE('',(#5033),#5315,.F.);
#5539=ADVANCED_FACE('',(#5034),#32,.F.);
#5540=ADVANCED_FACE('',(#5035),#5316,.T.);
#5541=ADVANCED_FACE('',(#5036),#33,.T.);
#5542=ADVANCED_FACE('',(#5037),#5317,.F.);
#5543=ADVANCED_FACE('',(#5038),#5318,.F.);
#5544=ADVANCED_FACE('',(#5039),#34,.F.);
#5545=ADVANCED_FACE('',(#5040),#5319,.T.);
#5546=ADVANCED_FACE('',(#5041),#35,.T.);
#5547=ADVANCED_FACE('',(#5042),#5320,.F.);
#5548=ADVANCED_FACE('',(#5043),#5321,.F.);
#5549=ADVANCED_FACE('',(#5044),#36,.F.);
#5550=ADVANCED_FACE('',(#5045),#5322,.T.);
#5551=ADVANCED_FACE('',(#5046),#37,.T.);
#5552=ADVANCED_FACE('',(#5047),#5323,.F.);
#5553=ADVANCED_FACE('',(#5048),#5324,.F.);
#5554=ADVANCED_FACE('',(#5049),#38,.F.);
#5555=ADVANCED_FACE('',(#5050),#5325,.T.);
#5556=ADVANCED_FACE('',(#5051),#39,.T.);
#5557=ADVANCED_FACE('',(#5052),#5326,.F.);
#5558=ADVANCED_FACE('',(#5053),#5327,.F.);
#5559=ADVANCED_FACE('',(#5054),#40,.F.);
#5560=ADVANCED_FACE('',(#5055),#5328,.T.);
#5561=ADVANCED_FACE('',(#5056),#41,.T.);
#5562=ADVANCED_FACE('',(#5057),#5329,.F.);
#5563=ADVANCED_FACE('',(#5058),#5330,.F.);
#5564=ADVANCED_FACE('',(#5059),#42,.F.);
#5565=ADVANCED_FACE('',(#5060),#5331,.T.);
#5566=ADVANCED_FACE('',(#5061),#43,.T.);
#5567=ADVANCED_FACE('',(#5062),#5332,.F.);
#5568=ADVANCED_FACE('',(#5063),#5333,.F.);
#5569=ADVANCED_FACE('',(#5064),#44,.F.);
#5570=ADVANCED_FACE('',(#5065),#5334,.T.);
#5571=ADVANCED_FACE('',(#5066),#45,.T.);
#5572=ADVANCED_FACE('',(#5067),#5335,.F.);
#5573=ADVANCED_FACE('',(#5068),#5336,.F.);
#5574=ADVANCED_FACE('',(#5069),#46,.F.);
#5575=ADVANCED_FACE('',(#5070),#5337,.T.);
#5576=ADVANCED_FACE('',(#5071),#47,.T.);
#5577=ADVANCED_FACE('',(#5072),#5338,.F.);
#5578=ADVANCED_FACE('',(#5073),#5339,.F.);
#5579=ADVANCED_FACE('',(#5074),#48,.F.);
#5580=ADVANCED_FACE('',(#5075),#5340,.T.);
#5581=ADVANCED_FACE('',(#5076),#49,.T.);
#5582=ADVANCED_FACE('',(#5077),#5341,.F.);
#5583=ADVANCED_FACE('',(#5078),#5342,.F.);
#5584=ADVANCED_FACE('',(#5079),#50,.F.);
#5585=ADVANCED_FACE('',(#5080),#5343,.T.);
#5586=ADVANCED_FACE('',(#5081),#51,.T.);
#5587=ADVANCED_FACE('',(#5082),#5344,.F.);
#5588=ADVANCED_FACE('',(#5083),#5345,.F.);
#5589=ADVANCED_FACE('',(#5084),#52,.F.);
#5590=ADVANCED_FACE('',(#5085),#5346,.T.);
#5591=ADVANCED_FACE('',(#5086),#53,.T.);
#5592=ADVANCED_FACE('',(#5087),#5347,.F.);
#5593=ADVANCED_FACE('',(#5088),#5348,.F.);
#5594=ADVANCED_FACE('',(#5089),#54,.F.);
#5595=ADVANCED_FACE('',(#5090),#5349,.T.);
#5596=ADVANCED_FACE('',(#5091),#55,.T.);
#5597=ADVANCED_FACE('',(#5092),#5350,.F.);
#5598=ADVANCED_FACE('',(#5093),#5351,.F.);
#5599=ADVANCED_FACE('',(#5094),#56,.F.);
#5600=ADVANCED_FACE('',(#5095),#5352,.T.);
#5601=ADVANCED_FACE('',(#5096),#57,.T.);
#5602=ADVANCED_FACE('',(#5097),#5353,.F.);
#5603=ADVANCED_FACE('',(#5098),#5354,.F.);
#5604=ADVANCED_FACE('',(#5099),#58,.F.);
#5605=ADVANCED_FACE('',(#5100),#5355,.T.);
#5606=ADVANCED_FACE('',(#5101),#59,.T.);
#5607=ADVANCED_FACE('',(#5102),#5356,.F.);
#5608=ADVANCED_FACE('',(#5103),#5357,.F.);
#5609=ADVANCED_FACE('',(#5104),#60,.F.);
#5610=ADVANCED_FACE('',(#5105),#5358,.T.);
#5611=ADVANCED_FACE('',(#5106),#61,.T.);
#5612=ADVANCED_FACE('',(#5107),#5359,.F.);
#5613=ADVANCED_FACE('',(#5108),#5360,.F.);
#5614=ADVANCED_FACE('',(#5109),#62,.F.);
#5615=ADVANCED_FACE('',(#5110),#5361,.T.);
#5616=ADVANCED_FACE('',(#5111),#63,.T.);
#5617=ADVANCED_FACE('',(#5112),#5362,.F.);
#5618=ADVANCED_FACE('',(#5113),#5363,.F.);
#5619=ADVANCED_FACE('',(#5114),#64,.F.);
#5620=ADVANCED_FACE('',(#5115),#5364,.T.);
#5621=ADVANCED_FACE('',(#5116),#65,.T.);
#5622=ADVANCED_FACE('',(#5117),#5365,.F.);
#5623=ADVANCED_FACE('',(#5118),#5366,.F.);
#5624=ADVANCED_FACE('',(#5119),#66,.F.);
#5625=ADVANCED_FACE('',(#5120),#5367,.T.);
#5626=ADVANCED_FACE('',(#5121),#67,.T.);
#5627=ADVANCED_FACE('',(#5122),#5368,.F.);
#5628=ADVANCED_FACE('',(#5123),#5369,.F.);
#5629=ADVANCED_FACE('',(#5124),#68,.F.);
#5630=ADVANCED_FACE('',(#5125),#5370,.T.);
#5631=ADVANCED_FACE('',(#5126),#69,.T.);
#5632=ADVANCED_FACE('',(#5127),#5371,.F.);
#5633=ADVANCED_FACE('',(#5128),#5372,.F.);
#5634=ADVANCED_FACE('',(#5129),#70,.F.);
#5635=ADVANCED_FACE('',(#5130),#5373,.T.);
#5636=ADVANCED_FACE('',(#5131),#71,.T.);
#5637=ADVANCED_FACE('',(#5132),#5374,.F.);
#5638=ADVANCED_FACE('',(#5133),#5375,.F.);
#5639=ADVANCED_FACE('',(#5134),#72,.F.);
#5640=ADVANCED_FACE('',(#5135),#5376,.T.);
#5641=ADVANCED_FACE('',(#5136),#73,.T.);
#5642=ADVANCED_FACE('',(#5137),#5377,.F.);
#5643=ADVANCED_FACE('',(#5138),#5378,.F.);
#5644=ADVANCED_FACE('',(#5139),#74,.F.);
#5645=ADVANCED_FACE('',(#5140),#5379,.T.);
#5646=ADVANCED_FACE('',(#5141),#75,.T.);
#5647=ADVANCED_FACE('',(#5142),#5380,.F.);
#5648=ADVANCED_FACE('',(#5143),#5381,.F.);
#5649=ADVANCED_FACE('',(#5144),#76,.F.);
#5650=ADVANCED_FACE('',(#5145),#5382,.T.);
#5651=ADVANCED_FACE('',(#5146),#77,.T.);
#5652=ADVANCED_FACE('',(#5147),#5383,.F.);
#5653=ADVANCED_FACE('',(#5148),#5384,.F.);
#5654=ADVANCED_FACE('',(#5149),#78,.F.);
#5655=ADVANCED_FACE('',(#5150),#5385,.T.);
#5656=ADVANCED_FACE('',(#5151),#79,.T.);
#5657=ADVANCED_FACE('',(#5152),#5386,.F.);
#5658=ADVANCED_FACE('',(#5153),#5387,.F.);
#5659=ADVANCED_FACE('',(#5154),#80,.F.);
#5660=ADVANCED_FACE('',(#5155),#5388,.T.);
#5661=ADVANCED_FACE('',(#5156),#81,.T.);
#5662=ADVANCED_FACE('',(#5157),#5389,.F.);
#5663=ADVANCED_FACE('',(#5158),#5390,.F.);
#5664=ADVANCED_FACE('',(#5159),#82,.F.);
#5665=ADVANCED_FACE('',(#5160),#5391,.T.);
#5666=ADVANCED_FACE('',(#5161),#83,.T.);
#5667=ADVANCED_FACE('',(#5162),#5392,.F.);
#5668=ADVANCED_FACE('',(#5163),#5393,.F.);
#5669=ADVANCED_FACE('',(#5164),#84,.F.);
#5670=ADVANCED_FACE('',(#5165),#5394,.T.);
#5671=ADVANCED_FACE('',(#5166),#85,.T.);
#5672=ADVANCED_FACE('',(#5167),#5395,.F.);
#5673=ADVANCED_FACE('',(#5168),#5396,.F.);
#5674=ADVANCED_FACE('',(#5169),#86,.F.);
#5675=ADVANCED_FACE('',(#5170),#5397,.T.);
#5676=ADVANCED_FACE('',(#5171),#87,.T.);
#5677=ADVANCED_FACE('',(#5172),#5398,.F.);
#5678=ADVANCED_FACE('',(#5173),#5399,.F.);
#5679=ADVANCED_FACE('',(#5174),#88,.F.);
#5680=ADVANCED_FACE('',(#5175),#5400,.T.);
#5681=ADVANCED_FACE('',(#5176),#89,.T.);
#5682=ADVANCED_FACE('',(#5177),#5401,.F.);
#5683=ADVANCED_FACE('',(#5178),#5402,.F.);
#5684=ADVANCED_FACE('',(#5179),#90,.F.);
#5685=ADVANCED_FACE('',(#5180),#5403,.T.);
#5686=ADVANCED_FACE('',(#5181),#91,.T.);
#5687=ADVANCED_FACE('',(#5182),#5404,.F.);
#5688=ADVANCED_FACE('',(#5183),#5405,.F.);
#5689=ADVANCED_FACE('',(#5184),#92,.F.);
#5690=ADVANCED_FACE('',(#5185),#5406,.T.);
#5691=ADVANCED_FACE('',(#5186),#93,.T.);
#5692=ADVANCED_FACE('',(#5187),#5407,.F.);
#5693=ADVANCED_FACE('',(#5188),#5408,.F.);
#5694=ADVANCED_FACE('',(#5189),#94,.F.);
#5695=ADVANCED_FACE('',(#5190),#5409,.T.);
#5696=ADVANCED_FACE('',(#5191),#95,.T.);
#5697=ADVANCED_FACE('',(#5192),#5410,.F.);
#5698=ADVANCED_FACE('',(#5193),#5411,.F.);
#5699=ADVANCED_FACE('',(#5194),#96,.F.);
#5700=ADVANCED_FACE('',(#5195),#5412,.T.);
#5701=ADVANCED_FACE('',(#5196),#97,.T.);
#5702=ADVANCED_FACE('',(#5197),#5413,.F.);
#5703=ADVANCED_FACE('',(#5198),#5414,.F.);
#5704=ADVANCED_FACE('',(#5199),#98,.F.);
#5705=ADVANCED_FACE('',(#5200),#5415,.T.);
#5706=ADVANCED_FACE('',(#5201),#99,.T.);
#5707=ADVANCED_FACE('',(#5202),#5416,.F.);
#5708=ADVANCED_FACE('',(#5203),#5417,.F.);
#5709=ADVANCED_FACE('',(#5204),#100,.F.);
#5710=ADVANCED_FACE('',(#5205),#5418,.T.);
#5711=ADVANCED_FACE('',(#5206),#101,.T.);
#5712=ADVANCED_FACE('',(#5207),#5419,.F.);
#5713=ADVANCED_FACE('',(#5208),#5420,.F.);
#5714=ADVANCED_FACE('',(#5209),#102,.F.);
#5715=ADVANCED_FACE('',(#5210),#5421,.T.);
#5716=ADVANCED_FACE('',(#5211),#103,.T.);
#5717=ADVANCED_FACE('',(#5212),#5422,.F.);
#5718=ADVANCED_FACE('',(#5213),#5423,.F.);
#5719=ADVANCED_FACE('',(#5214),#104,.F.);
#5720=ADVANCED_FACE('',(#5215),#5424,.T.);
#5721=ADVANCED_FACE('',(#5216),#105,.T.);
#5722=ADVANCED_FACE('',(#5217),#5425,.F.);
#5723=ADVANCED_FACE('',(#5218),#5426,.F.);
#5724=ADVANCED_FACE('',(#5219),#106,.F.);
#5725=ADVANCED_FACE('',(#5220),#5427,.T.);
#5726=ADVANCED_FACE('',(#5221),#107,.T.);
#5727=ADVANCED_FACE('',(#5222),#5428,.F.);
#5728=ADVANCED_FACE('',(#5223),#5429,.F.);
#5729=ADVANCED_FACE('',(#5224),#108,.F.);
#5730=ADVANCED_FACE('',(#5225),#5430,.T.);
#5731=ADVANCED_FACE('',(#5226),#109,.T.);
#5732=ADVANCED_FACE('',(#5227),#5431,.F.);
#5733=ADVANCED_FACE('',(#5228),#5432,.F.);
#5734=ADVANCED_FACE('',(#5229),#110,.F.);
#5735=ADVANCED_FACE('',(#5230),#5433,.T.);
#5736=ADVANCED_FACE('',(#5231),#111,.T.);
#5737=ADVANCED_FACE('',(#5232),#5434,.F.);
#5738=ADVANCED_FACE('',(#5233),#5435,.F.);
#5739=ADVANCED_FACE('',(#5234,#5235),#5436,.F.);
#5740=CLOSED_SHELL('',(#5437,#5438,#5439,#5440,#5441,#5442,#5443,#5444,
#5445,#5446,#5447,#5448,#5449,#5450,#5451,#5452,#5453,#5454,#5455,#5456,
#5457,#5458,#5459,#5460,#5461,#5462,#5463,#5464,#5465,#5466,#5467,#5468,
#5469,#5470,#5471,#5472,#5473,#5474,#5475,#5476,#5477,#5478,#5479,#5480,
#5481,#5482,#5483,#5484,#5485,#5486,#5487,#5488,#5489,#5490,#5491,#5492,
#5493,#5494,#5495,#5496,#5497,#5498,#5499,#5500,#5501,#5502,#5503,#5504,
#5505,#5506,#5507,#5508,#5509,#5510,#5511,#5512,#5513,#5514,#5515,#5516,
#5517,#5518,#5519,#5520,#5521,#5522,#5523,#5524,#5525,#5526,#5527,#5528,
#5529,#5530,#5531,#5532,#5533,#5534,#5535,#5536,#5537,#5538,#5539,#5540,
#5541,#5542,#5543,#5544,#5545,#5546,#5547,#5548,#5549,#5550,#5551,#5552,
#5553,#5554,#5555,#5556,#5557,#5558,#5559,#5560,#5561,#5562,#5563,#5564,
#5565,#5566,#5567,#5568,#5569,#5570,#5571,#5572,#5573,#5574,#5575,#5576,
#5577,#5578,#5579,#5580,#5581,#5582,#5583,#5584,#5585,#5586,#5587,#5588,
#5589,#5590,#5591,#5592,#5593,#5594,#5595,#5596,#5597,#5598,#5599,#5600,
#5601,#5602,#5603,#5604,#5605,#5606,#5607,#5608,#5609,#5610,#5611,#5612,
#5613,#5614,#5615,#5616,#5617,#5618,#5619,#5620,#5621,#5622,#5623,#5624,
#5625,#5626,#5627,#5628,#5629,#5630,#5631,#5632,#5633,#5634,#5635,#5636,
#5637,#5638,#5639,#5640,#5641,#5642,#5643,#5644,#5645,#5646,#5647,#5648,
#5649,#5650,#5651,#5652,#5653,#5654,#5655,#5656,#5657,#5658,#5659,#5660,
#5661,#5662,#5663,#5664,#5665,#5666,#5667,#5668,#5669,#5670,#5671,#5672,
#5673,#5674,#5675,#5676,#5677,#5678,#5679,#5680,#5681,#5682,#5683,#5684,
#5685,#5686,#5687,#5688,#5689,#5690,#5691,#5692,#5693,#5694,#5695,#5696,
#5697,#5698,#5699,#5700,#5701,#5702,#5703,#5704,#5705,#5706,#5707,#5708,
#5709,#5710,#5711,#5712,#5713,#5714,#5715,#5716,#5717,#5718,#5719,#5720,
#5721,#5722,#5723,#5724,#5725,#5726,#5727,#5728,#5729,#5730,#5731,#5732,
#5733,#5734,#5735,#5736,#5737,#5738,#5739));
#5741=STYLED_ITEM('',(#5742),#5749);
#5742=PRESENTATION_STYLE_ASSIGNMENT((#5743));
#5743=SURFACE_STYLE_USAGE(.BOTH.,#5744);
#5744=SURFACE_SIDE_STYLE('',(#5745));
#5745=SURFACE_STYLE_FILL_AREA(#5746);
#5746=FILL_AREA_STYLE('',(#5747));
#5747=FILL_AREA_STYLE_COLOUR('',#5748);
#5748=COLOUR_RGB('',0.615686274509804,0.811764705882353,0.929411764705882);
#5749=MANIFOLD_SOLID_BREP('driving gears',#5740);
#5750=SHAPE_DEFINITION_REPRESENTATION(#12784,#5751);
#5751=SHAPE_REPRESENTATION('driving gears',(#5752),#12779);
#5752=AXIS2_PLACEMENT_3D('',#7870,#6358,#6359);
#5753=AXIS2_PLACEMENT_3D('',#7871,#6360,#6361);
#5754=AXIS2_PLACEMENT_3D('',#7875,#6363,#6364);
#5755=AXIS2_PLACEMENT_3D('',#7879,#6366,#6367);
#5756=AXIS2_PLACEMENT_3D('',#7880,#6368,#6369);
#5757=AXIS2_PLACEMENT_3D('',#7881,#6370,#6371);
#5758=AXIS2_PLACEMENT_3D('',#7886,#6373,#6374);
#5759=AXIS2_PLACEMENT_3D('',#7889,#6376,#6377);
#5760=AXIS2_PLACEMENT_3D('',#7890,#6378,#6379);
#5761=AXIS2_PLACEMENT_3D('',#7895,#6381,#6382);
#5762=AXIS2_PLACEMENT_3D('',#7898,#6384,#6385);
#5763=AXIS2_PLACEMENT_3D('',#7899,#6386,#6387);
#5764=AXIS2_PLACEMENT_3D('',#7904,#6389,#6390);
#5765=AXIS2_PLACEMENT_3D('',#7907,#6392,#6393);
#5766=AXIS2_PLACEMENT_3D('',#7911,#6395,#6396);
#5767=AXIS2_PLACEMENT_3D('',#7915,#6398,#6399);
#5768=AXIS2_PLACEMENT_3D('',#7916,#6400,#6401);
#5769=AXIS2_PLACEMENT_3D('',#7917,#6402,#6403);
#5770=AXIS2_PLACEMENT_3D('',#7922,#6405,#6406);
#5771=AXIS2_PLACEMENT_3D('',#7925,#6408,#6409);
#5772=AXIS2_PLACEMENT_3D('',#7926,#6410,#6411);
#5773=AXIS2_PLACEMENT_3D('',#7931,#6413,#6414);
#5774=AXIS2_PLACEMENT_3D('',#7934,#6416,#6417);
#5775=AXIS2_PLACEMENT_3D('',#7935,#6418,#6419);
#5776=AXIS2_PLACEMENT_3D('',#7940,#6421,#6422);
#5777=AXIS2_PLACEMENT_3D('',#7943,#6424,#6425);
#5778=AXIS2_PLACEMENT_3D('',#7944,#6426,#6427);
#5779=AXIS2_PLACEMENT_3D('',#7949,#6429,#6430);
#5780=AXIS2_PLACEMENT_3D('',#7952,#6432,#6433);
#5781=AXIS2_PLACEMENT_3D('',#7953,#6434,#6435);
#5782=AXIS2_PLACEMENT_3D('',#7958,#6437,#6438);
#5783=AXIS2_PLACEMENT_3D('',#7961,#6440,#6441);
#5784=AXIS2_PLACEMENT_3D('',#7962,#6442,#6443);
#5785=AXIS2_PLACEMENT_3D('',#7967,#6445,#6446);
#5786=AXIS2_PLACEMENT_3D('',#7970,#6448,#6449);
#5787=AXIS2_PLACEMENT_3D('',#7971,#6450,#6451);
#5788=AXIS2_PLACEMENT_3D('',#7976,#6453,#6454);
#5789=AXIS2_PLACEMENT_3D('',#7979,#6456,#6457);
#5790=AXIS2_PLACEMENT_3D('',#7980,#6458,#6459);
#5791=AXIS2_PLACEMENT_3D('',#7985,#6461,#6462);
#5792=AXIS2_PLACEMENT_3D('',#7988,#6464,#6465);
#5793=AXIS2_PLACEMENT_3D('',#7989,#6466,#6467);
#5794=AXIS2_PLACEMENT_3D('',#7994,#6469,#6470);
#5795=AXIS2_PLACEMENT_3D('',#7997,#6472,#6473);
#5796=AXIS2_PLACEMENT_3D('',#7998,#6474,#6475);
#5797=AXIS2_PLACEMENT_3D('',#8003,#6477,#6478);
#5798=AXIS2_PLACEMENT_3D('',#8006,#6480,#6481);
#5799=AXIS2_PLACEMENT_3D('',#8007,#6482,#6483);
#5800=AXIS2_PLACEMENT_3D('',#8012,#6485,#6486);
#5801=AXIS2_PLACEMENT_3D('',#8015,#6488,#6489);
#5802=AXIS2_PLACEMENT_3D('',#8019,#6491,#6492);
#5803=AXIS2_PLACEMENT_3D('',#8023,#6494,#6495);
#5804=AXIS2_PLACEMENT_3D('',#8024,#6496,#6497);
#5805=AXIS2_PLACEMENT_3D('',#8025,#6498,#6499);
#5806=AXIS2_PLACEMENT_3D('',#8030,#6501,#6502);
#5807=AXIS2_PLACEMENT_3D('',#8033,#6504,#6505);
#5808=AXIS2_PLACEMENT_3D('',#8034,#6506,#6507);
#5809=AXIS2_PLACEMENT_3D('',#8039,#6509,#6510);
#5810=AXIS2_PLACEMENT_3D('',#8042,#6512,#6513);
#5811=AXIS2_PLACEMENT_3D('',#8043,#6514,#6515);
#5812=AXIS2_PLACEMENT_3D('',#8048,#6517,#6518);
#5813=AXIS2_PLACEMENT_3D('',#8051,#6520,#6521);
#5814=AXIS2_PLACEMENT_3D('',#8052,#6522,#6523);
#5815=AXIS2_PLACEMENT_3D('',#8057,#6525,#6526);
#5816=AXIS2_PLACEMENT_3D('',#8060,#6528,#6529);
#5817=AXIS2_PLACEMENT_3D('',#8061,#6530,#6531);
#5818=AXIS2_PLACEMENT_3D('',#8066,#6533,#6534);
#5819=AXIS2_PLACEMENT_3D('',#8069,#6536,#6537);
#5820=AXIS2_PLACEMENT_3D('',#8070,#6538,#6539);
#5821=AXIS2_PLACEMENT_3D('',#8075,#6541,#6542);
#5822=AXIS2_PLACEMENT_3D('',#8078,#6544,#6545);
#5823=AXIS2_PLACEMENT_3D('',#8079,#6546,#6547);
#5824=AXIS2_PLACEMENT_3D('',#8084,#6549,#6550);
#5825=AXIS2_PLACEMENT_3D('',#8087,#6552,#6553);
#5826=AXIS2_PLACEMENT_3D('',#8088,#6554,#6555);
#5827=AXIS2_PLACEMENT_3D('',#8093,#6557,#6558);
#5828=AXIS2_PLACEMENT_3D('',#8096,#6560,#6561);
#5829=AXIS2_PLACEMENT_3D('',#8097,#6562,#6563);
#5830=AXIS2_PLACEMENT_3D('',#8102,#6565,#6566);
#5831=AXIS2_PLACEMENT_3D('',#8105,#6568,#6569);
#5832=AXIS2_PLACEMENT_3D('',#8106,#6570,#6571);
#5833=AXIS2_PLACEMENT_3D('',#8111,#6573,#6574);
#5834=AXIS2_PLACEMENT_3D('',#8114,#6576,#6577);
#5835=AXIS2_PLACEMENT_3D('',#8115,#6578,#6579);
#5836=AXIS2_PLACEMENT_3D('',#8120,#6581,#6582);
#5837=AXIS2_PLACEMENT_3D('',#8123,#6584,#6585);
#5838=AXIS2_PLACEMENT_3D('',#8127,#6587,#6588);
#5839=AXIS2_PLACEMENT_3D('',#8131,#6590,#6591);
#5840=AXIS2_PLACEMENT_3D('',#8132,#6592,#6593);
#5841=AXIS2_PLACEMENT_3D('',#8133,#6594,#6595);
#5842=AXIS2_PLACEMENT_3D('',#8138,#6597,#6598);
#5843=AXIS2_PLACEMENT_3D('',#8141,#6600,#6601);
#5844=AXIS2_PLACEMENT_3D('',#8145,#6603,#6604);
#5845=AXIS2_PLACEMENT_3D('',#8149,#6606,#6607);
#5846=AXIS2_PLACEMENT_3D('',#8150,#6608,#6609);
#5847=AXIS2_PLACEMENT_3D('',#8151,#6610,#6611);
#5848=AXIS2_PLACEMENT_3D('',#8156,#6613,#6614);
#5849=AXIS2_PLACEMENT_3D('',#8159,#6616,#6617);
#5850=AXIS2_PLACEMENT_3D('',#8160,#6618,#6619);
#5851=AXIS2_PLACEMENT_3D('',#8165,#6621,#6622);
#5852=AXIS2_PLACEMENT_3D('',#8168,#6624,#6625);
#5853=AXIS2_PLACEMENT_3D('',#8169,#6626,#6627);
#5854=AXIS2_PLACEMENT_3D('',#8174,#6629,#6630);
#5855=AXIS2_PLACEMENT_3D('',#8177,#6632,#6633);
#5856=AXIS2_PLACEMENT_3D('',#8178,#6634,#6635);
#5857=AXIS2_PLACEMENT_3D('',#8183,#6637,#6638);
#5858=AXIS2_PLACEMENT_3D('',#8186,#6640,#6641);
#5859=AXIS2_PLACEMENT_3D('',#8187,#6642,#6643);
#5860=AXIS2_PLACEMENT_3D('',#8192,#6645,#6646);
#5861=AXIS2_PLACEMENT_3D('',#8195,#6648,#6649);
#5862=AXIS2_PLACEMENT_3D('',#8196,#6650,#6651);
#5863=AXIS2_PLACEMENT_3D('',#8201,#6653,#6654);
#5864=AXIS2_PLACEMENT_3D('',#8204,#6656,#6657);
#5865=AXIS2_PLACEMENT_3D('',#8205,#6658,#6659);
#5866=AXIS2_PLACEMENT_3D('',#8210,#6661,#6662);
#5867=AXIS2_PLACEMENT_3D('',#8213,#6664,#6665);
#5868=AXIS2_PLACEMENT_3D('',#8214,#6666,#6667);
#5869=AXIS2_PLACEMENT_3D('',#8219,#6669,#6670);
#5870=AXIS2_PLACEMENT_3D('',#8222,#6672,#6673);
#5871=AXIS2_PLACEMENT_3D('',#8223,#6674,#6675);
#5872=AXIS2_PLACEMENT_3D('',#8228,#6677,#6678);
#5873=AXIS2_PLACEMENT_3D('',#8231,#6680,#6681);
#5874=AXIS2_PLACEMENT_3D('',#8235,#6683,#6684);
#5875=AXIS2_PLACEMENT_3D('',#8239,#6686,#6687);
#5876=AXIS2_PLACEMENT_3D('',#8240,#6688,#6689);
#5877=AXIS2_PLACEMENT_3D('',#8244,#6691,#6692);
#5878=AXIS2_PLACEMENT_3D('',#8248,#6694,#6695);
#5879=AXIS2_PLACEMENT_3D('',#8249,#6696,#6697);
#5880=AXIS2_PLACEMENT_3D('',#8253,#6699,#6700);
#5881=AXIS2_PLACEMENT_3D('',#8257,#6702,#6703);
#5882=AXIS2_PLACEMENT_3D('',#8258,#6704,#6705);
#5883=AXIS2_PLACEMENT_3D('',#8262,#6707,#6708);
#5884=AXIS2_PLACEMENT_3D('',#8266,#6710,#6711);
#5885=AXIS2_PLACEMENT_3D('',#8267,#6712,#6713);
#5886=AXIS2_PLACEMENT_3D('',#8268,#6714,#6715);
#5887=AXIS2_PLACEMENT_3D('',#8273,#6717,#6718);
#5888=AXIS2_PLACEMENT_3D('',#8276,#6720,#6721);
#5889=AXIS2_PLACEMENT_3D('',#8277,#6722,#6723);
#5890=AXIS2_PLACEMENT_3D('',#8282,#6725,#6726);
#5891=AXIS2_PLACEMENT_3D('',#8285,#6728,#6729);
#5892=AXIS2_PLACEMENT_3D('',#8289,#6731,#6732);
#5893=AXIS2_PLACEMENT_3D('',#8293,#6734,#6735);
#5894=AXIS2_PLACEMENT_3D('',#8294,#6736,#6737);
#5895=AXIS2_PLACEMENT_3D('',#8295,#6738,#6739);
#5896=AXIS2_PLACEMENT_3D('',#8300,#6741,#6742);
#5897=AXIS2_PLACEMENT_3D('',#8303,#6744,#6745);
#5898=AXIS2_PLACEMENT_3D('',#8304,#6746,#6747);
#5899=AXIS2_PLACEMENT_3D('',#8309,#6749,#6750);
#5900=AXIS2_PLACEMENT_3D('',#8312,#6752,#6753);
#5901=AXIS2_PLACEMENT_3D('',#8313,#6754,#6755);
#5902=AXIS2_PLACEMENT_3D('',#8315,#6756,#6757);
#5903=AXIS2_PLACEMENT_3D('',#8345,#6758,#6759);
#5904=AXIS2_PLACEMENT_3D('',#8347,#6760,#6761);
#5905=AXIS2_PLACEMENT_3D('',#8349,#6762,#6763);
#5906=AXIS2_PLACEMENT_3D('',#8378,#6764,#6765);
#5907=AXIS2_PLACEMENT_3D('',#8380,#6766,#6767);
#5908=AXIS2_PLACEMENT_3D('',#8382,#6768,#6769);
#5909=AXIS2_PLACEMENT_3D('',#8411,#6770,#6771);
#5910=AXIS2_PLACEMENT_3D('',#8413,#6772,#6773);
#5911=AXIS2_PLACEMENT_3D('',#8415,#6774,#6775);
#5912=AXIS2_PLACEMENT_3D('',#8444,#6776,#6777);
#5913=AXIS2_PLACEMENT_3D('',#8446,#6778,#6779);
#5914=AXIS2_PLACEMENT_3D('',#8448,#6780,#6781);
#5915=AXIS2_PLACEMENT_3D('',#8477,#6782,#6783);
#5916=AXIS2_PLACEMENT_3D('',#8479,#6784,#6785);
#5917=AXIS2_PLACEMENT_3D('',#8481,#6786,#6787);
#5918=AXIS2_PLACEMENT_3D('',#8510,#6788,#6789);
#5919=AXIS2_PLACEMENT_3D('',#8512,#6790,#6791);
#5920=AXIS2_PLACEMENT_3D('',#8514,#6792,#6793);
#5921=AXIS2_PLACEMENT_3D('',#8543,#6794,#6795);
#5922=AXIS2_PLACEMENT_3D('',#8545,#6796,#6797);
#5923=AXIS2_PLACEMENT_3D('',#8547,#6798,#6799);
#5924=AXIS2_PLACEMENT_3D('',#8576,#6800,#6801);
#5925=AXIS2_PLACEMENT_3D('',#8578,#6802,#6803);
#5926=AXIS2_PLACEMENT_3D('',#8580,#6804,#6805);
#5927=AXIS2_PLACEMENT_3D('',#8609,#6806,#6807);
#5928=AXIS2_PLACEMENT_3D('',#8611,#6808,#6809);
#5929=AXIS2_PLACEMENT_3D('',#8613,#6810,#6811);
#5930=AXIS2_PLACEMENT_3D('',#8642,#6812,#6813);
#5931=AXIS2_PLACEMENT_3D('',#8644,#6814,#6815);
#5932=AXIS2_PLACEMENT_3D('',#8646,#6816,#6817);
#5933=AXIS2_PLACEMENT_3D('',#8675,#6818,#6819);
#5934=AXIS2_PLACEMENT_3D('',#8677,#6820,#6821);
#5935=AXIS2_PLACEMENT_3D('',#8679,#6822,#6823);
#5936=AXIS2_PLACEMENT_3D('',#8708,#6824,#6825);
#5937=AXIS2_PLACEMENT_3D('',#8710,#6826,#6827);
#5938=AXIS2_PLACEMENT_3D('',#8712,#6828,#6829);
#5939=AXIS2_PLACEMENT_3D('',#8741,#6830,#6831);
#5940=AXIS2_PLACEMENT_3D('',#8743,#6832,#6833);
#5941=AXIS2_PLACEMENT_3D('',#8745,#6834,#6835);
#5942=AXIS2_PLACEMENT_3D('',#8774,#6836,#6837);
#5943=AXIS2_PLACEMENT_3D('',#8776,#6838,#6839);
#5944=AXIS2_PLACEMENT_3D('',#8778,#6840,#6841);
#5945=AXIS2_PLACEMENT_3D('',#8807,#6842,#6843);
#5946=AXIS2_PLACEMENT_3D('',#8809,#6844,#6845);
#5947=AXIS2_PLACEMENT_3D('',#8811,#6846,#6847);
#5948=AXIS2_PLACEMENT_3D('',#8840,#6848,#6849);
#5949=AXIS2_PLACEMENT_3D('',#8842,#6850,#6851);
#5950=AXIS2_PLACEMENT_3D('',#8844,#6852,#6853);
#5951=AXIS2_PLACEMENT_3D('',#8873,#6854,#6855);
#5952=AXIS2_PLACEMENT_3D('',#8875,#6856,#6857);
#5953=AXIS2_PLACEMENT_3D('',#8877,#6858,#6859);
#5954=AXIS2_PLACEMENT_3D('',#8906,#6860,#6861);
#5955=AXIS2_PLACEMENT_3D('',#8908,#6862,#6863);
#5956=AXIS2_PLACEMENT_3D('',#8910,#6864,#6865);
#5957=AXIS2_PLACEMENT_3D('',#8939,#6866,#6867);
#5958=AXIS2_PLACEMENT_3D('',#8941,#6868,#6869);
#5959=AXIS2_PLACEMENT_3D('',#8943,#6870,#6871);
#5960=AXIS2_PLACEMENT_3D('',#8972,#6872,#6873);
#5961=AXIS2_PLACEMENT_3D('',#8974,#6874,#6875);
#5962=AXIS2_PLACEMENT_3D('',#8976,#6876,#6877);
#5963=AXIS2_PLACEMENT_3D('',#9005,#6878,#6879);
#5964=AXIS2_PLACEMENT_3D('',#9007,#6880,#6881);
#5965=AXIS2_PLACEMENT_3D('',#9009,#6882,#6883);
#5966=AXIS2_PLACEMENT_3D('',#9038,#6884,#6885);
#5967=AXIS2_PLACEMENT_3D('',#9040,#6886,#6887);
#5968=AXIS2_PLACEMENT_3D('',#9042,#6888,#6889);
#5969=AXIS2_PLACEMENT_3D('',#9071,#6890,#6891);
#5970=AXIS2_PLACEMENT_3D('',#9073,#6892,#6893);
#5971=AXIS2_PLACEMENT_3D('',#9075,#6894,#6895);
#5972=AXIS2_PLACEMENT_3D('',#9104,#6896,#6897);
#5973=AXIS2_PLACEMENT_3D('',#9106,#6898,#6899);
#5974=AXIS2_PLACEMENT_3D('',#9108,#6900,#6901);
#5975=AXIS2_PLACEMENT_3D('',#9137,#6902,#6903);
#5976=AXIS2_PLACEMENT_3D('',#9139,#6904,#6905);
#5977=AXIS2_PLACEMENT_3D('',#9141,#6906,#6907);
#5978=AXIS2_PLACEMENT_3D('',#9170,#6908,#6909);
#5979=AXIS2_PLACEMENT_3D('',#9172,#6910,#6911);
#5980=AXIS2_PLACEMENT_3D('',#9174,#6912,#6913);
#5981=AXIS2_PLACEMENT_3D('',#9203,#6914,#6915);
#5982=AXIS2_PLACEMENT_3D('',#9205,#6916,#6917);
#5983=AXIS2_PLACEMENT_3D('',#9207,#6918,#6919);
#5984=AXIS2_PLACEMENT_3D('',#9236,#6920,#6921);
#5985=AXIS2_PLACEMENT_3D('',#9238,#6922,#6923);
#5986=AXIS2_PLACEMENT_3D('',#9240,#6924,#6925);
#5987=AXIS2_PLACEMENT_3D('',#9269,#6926,#6927);
#5988=AXIS2_PLACEMENT_3D('',#9271,#6928,#6929);
#5989=AXIS2_PLACEMENT_3D('',#9273,#6930,#6931);
#5990=AXIS2_PLACEMENT_3D('',#9302,#6932,#6933);
#5991=AXIS2_PLACEMENT_3D('',#9304,#6934,#6935);
#5992=AXIS2_PLACEMENT_3D('',#9306,#6936,#6937);
#5993=AXIS2_PLACEMENT_3D('',#9335,#6938,#6939);
#5994=AXIS2_PLACEMENT_3D('',#9337,#6940,#6941);
#5995=AXIS2_PLACEMENT_3D('',#9339,#6942,#6943);
#5996=AXIS2_PLACEMENT_3D('',#9368,#6944,#6945);
#5997=AXIS2_PLACEMENT_3D('',#9370,#6946,#6947);
#5998=AXIS2_PLACEMENT_3D('',#9372,#6948,#6949);
#5999=AXIS2_PLACEMENT_3D('',#9401,#6950,#6951);
#6000=AXIS2_PLACEMENT_3D('',#9403,#6952,#6953);
#6001=AXIS2_PLACEMENT_3D('',#9405,#6954,#6955);
#6002=AXIS2_PLACEMENT_3D('',#9434,#6956,#6957);
#6003=AXIS2_PLACEMENT_3D('',#9436,#6958,#6959);
#6004=AXIS2_PLACEMENT_3D('',#9438,#6960,#6961);
#6005=AXIS2_PLACEMENT_3D('',#9467,#6962,#6963);
#6006=AXIS2_PLACEMENT_3D('',#9469,#6964,#6965);
#6007=AXIS2_PLACEMENT_3D('',#9471,#6966,#6967);
#6008=AXIS2_PLACEMENT_3D('',#9500,#6968,#6969);
#6009=AXIS2_PLACEMENT_3D('',#9502,#6970,#6971);
#6010=AXIS2_PLACEMENT_3D('',#9504,#6972,#6973);
#6011=AXIS2_PLACEMENT_3D('',#9533,#6974,#6975);
#6012=AXIS2_PLACEMENT_3D('',#9535,#6976,#6977);
#6013=AXIS2_PLACEMENT_3D('',#9537,#6978,#6979);
#6014=AXIS2_PLACEMENT_3D('',#9566,#6980,#6981);
#6015=AXIS2_PLACEMENT_3D('',#9568,#6982,#6983);
#6016=AXIS2_PLACEMENT_3D('',#9570,#6984,#6985);
#6017=AXIS2_PLACEMENT_3D('',#9599,#6986,#6987);
#6018=AXIS2_PLACEMENT_3D('',#9601,#6988,#6989);
#6019=AXIS2_PLACEMENT_3D('',#9603,#6990,#6991);
#6020=AXIS2_PLACEMENT_3D('',#9632,#6992,#6993);
#6021=AXIS2_PLACEMENT_3D('',#9634,#6994,#6995);
#6022=AXIS2_PLACEMENT_3D('',#9636,#6996,#6997);
#6023=AXIS2_PLACEMENT_3D('',#9665,#6998,#6999);
#6024=AXIS2_PLACEMENT_3D('',#9667,#7000,#7001);
#6025=AXIS2_PLACEMENT_3D('',#9669,#7002,#7003);
#6026=AXIS2_PLACEMENT_3D('',#9698,#7004,#7005);
#6027=AXIS2_PLACEMENT_3D('',#9700,#7006,#7007);
#6028=AXIS2_PLACEMENT_3D('',#9702,#7008,#7009);
#6029=AXIS2_PLACEMENT_3D('',#9731,#7010,#7011);
#6030=AXIS2_PLACEMENT_3D('',#9733,#7012,#7013);
#6031=AXIS2_PLACEMENT_3D('',#9735,#7014,#7015);
#6032=AXIS2_PLACEMENT_3D('',#9764,#7016,#7017);
#6033=AXIS2_PLACEMENT_3D('',#9766,#7018,#7019);
#6034=AXIS2_PLACEMENT_3D('',#9768,#7020,#7021);
#6035=AXIS2_PLACEMENT_3D('',#9797,#7022,#7023);
#6036=AXIS2_PLACEMENT_3D('',#9799,#7024,#7025);
#6037=AXIS2_PLACEMENT_3D('',#9801,#7026,#7027);
#6038=AXIS2_PLACEMENT_3D('',#9830,#7028,#7029);
#6039=AXIS2_PLACEMENT_3D('',#9832,#7030,#7031);
#6040=AXIS2_PLACEMENT_3D('',#9834,#7032,#7033);
#6041=AXIS2_PLACEMENT_3D('',#9863,#7034,#7035);
#6042=AXIS2_PLACEMENT_3D('',#9865,#7036,#7037);
#6043=AXIS2_PLACEMENT_3D('',#9867,#7038,#7039);
#6044=AXIS2_PLACEMENT_3D('',#9896,#7040,#7041);
#6045=AXIS2_PLACEMENT_3D('',#9898,#7042,#7043);
#6046=AXIS2_PLACEMENT_3D('',#9900,#7044,#7045);
#6047=AXIS2_PLACEMENT_3D('',#9916,#7046,#7047);
#6048=AXIS2_PLACEMENT_3D('',#9932,#7048,#7049);
#6049=AXIS2_PLACEMENT_3D('',#9934,#7050,#7051);
#6050=AXIS2_PLACEMENT_3D('',#9936,#7052,#7053);
#6051=AXIS2_PLACEMENT_3D('',#9965,#7054,#7055);
#6052=AXIS2_PLACEMENT_3D('',#9967,#7056,#7057);
#6053=AXIS2_PLACEMENT_3D('',#9968,#7058,#7059);
#6054=AXIS2_PLACEMENT_3D('',#9971,#7061,#7062);
#6055=AXIS2_PLACEMENT_3D('',#9974,#7064,#7065);
#6056=AXIS2_PLACEMENT_3D('',#9975,#7066,#7067);
#6057=AXIS2_PLACEMENT_3D('',#9977,#7068,#7069);
#6058=AXIS2_PLACEMENT_3D('',#10007,#7070,#7071);
#6059=AXIS2_PLACEMENT_3D('',#10009,#7072,#7073);
#6060=AXIS2_PLACEMENT_3D('',#10011,#7074,#7075);
#6061=AXIS2_PLACEMENT_3D('',#10040,#7076,#7077);
#6062=AXIS2_PLACEMENT_3D('',#10042,#7078,#7079);
#6063=AXIS2_PLACEMENT_3D('',#10044,#7080,#7081);
#6064=AXIS2_PLACEMENT_3D('',#10073,#7082,#7083);
#6065=AXIS2_PLACEMENT_3D('',#10075,#7084,#7085);
#6066=AXIS2_PLACEMENT_3D('',#10077,#7086,#7087);
#6067=AXIS2_PLACEMENT_3D('',#10106,#7088,#7089);
#6068=AXIS2_PLACEMENT_3D('',#10108,#7090,#7091);
#6069=AXIS2_PLACEMENT_3D('',#10110,#7092,#7093);
#6070=AXIS2_PLACEMENT_3D('',#10139,#7094,#7095);
#6071=AXIS2_PLACEMENT_3D('',#10141,#7096,#7097);
#6072=AXIS2_PLACEMENT_3D('',#10143,#7098,#7099);
#6073=AXIS2_PLACEMENT_3D('',#10172,#7100,#7101);
#6074=AXIS2_PLACEMENT_3D('',#10174,#7102,#7103);
#6075=AXIS2_PLACEMENT_3D('',#10176,#7104,#7105);
#6076=AXIS2_PLACEMENT_3D('',#10205,#7106,#7107);
#6077=AXIS2_PLACEMENT_3D('',#10207,#7108,#7109);
#6078=AXIS2_PLACEMENT_3D('',#10209,#7110,#7111);
#6079=AXIS2_PLACEMENT_3D('',#10238,#7112,#7113);
#6080=AXIS2_PLACEMENT_3D('',#10240,#7114,#7115);
#6081=AXIS2_PLACEMENT_3D('',#10242,#7116,#7117);
#6082=AXIS2_PLACEMENT_3D('',#10271,#7118,#7119);
#6083=AXIS2_PLACEMENT_3D('',#10273,#7120,#7121);
#6084=AXIS2_PLACEMENT_3D('',#10275,#7122,#7123);
#6085=AXIS2_PLACEMENT_3D('',#10304,#7124,#7125);
#6086=AXIS2_PLACEMENT_3D('',#10306,#7126,#7127);
#6087=AXIS2_PLACEMENT_3D('',#10308,#7128,#7129);
#6088=AXIS2_PLACEMENT_3D('',#10337,#7130,#7131);
#6089=AXIS2_PLACEMENT_3D('',#10339,#7132,#7133);
#6090=AXIS2_PLACEMENT_3D('',#10341,#7134,#7135);
#6091=AXIS2_PLACEMENT_3D('',#10370,#7136,#7137);
#6092=AXIS2_PLACEMENT_3D('',#10372,#7138,#7139);
#6093=AXIS2_PLACEMENT_3D('',#10374,#7140,#7141);
#6094=AXIS2_PLACEMENT_3D('',#10403,#7142,#7143);
#6095=AXIS2_PLACEMENT_3D('',#10405,#7144,#7145);
#6096=AXIS2_PLACEMENT_3D('',#10407,#7146,#7147);
#6097=AXIS2_PLACEMENT_3D('',#10436,#7148,#7149);
#6098=AXIS2_PLACEMENT_3D('',#10438,#7150,#7151);
#6099=AXIS2_PLACEMENT_3D('',#10440,#7152,#7153);
#6100=AXIS2_PLACEMENT_3D('',#10469,#7154,#7155);
#6101=AXIS2_PLACEMENT_3D('',#10471,#7156,#7157);
#6102=AXIS2_PLACEMENT_3D('',#10473,#7158,#7159);
#6103=AXIS2_PLACEMENT_3D('',#10502,#7160,#7161);
#6104=AXIS2_PLACEMENT_3D('',#10504,#7162,#7163);
#6105=AXIS2_PLACEMENT_3D('',#10506,#7164,#7165);
#6106=AXIS2_PLACEMENT_3D('',#10535,#7166,#7167);
#6107=AXIS2_PLACEMENT_3D('',#10537,#7168,#7169);
#6108=AXIS2_PLACEMENT_3D('',#10539,#7170,#7171);
#6109=AXIS2_PLACEMENT_3D('',#10568,#7172,#7173);
#6110=AXIS2_PLACEMENT_3D('',#10570,#7174,#7175);
#6111=AXIS2_PLACEMENT_3D('',#10572,#7176,#7177);
#6112=AXIS2_PLACEMENT_3D('',#10601,#7178,#7179);
#6113=AXIS2_PLACEMENT_3D('',#10603,#7180,#7181);
#6114=AXIS2_PLACEMENT_3D('',#10605,#7182,#7183);
#6115=AXIS2_PLACEMENT_3D('',#10634,#7184,#7185);
#6116=AXIS2_PLACEMENT_3D('',#10636,#7186,#7187);
#6117=AXIS2_PLACEMENT_3D('',#10638,#7188,#7189);
#6118=AXIS2_PLACEMENT_3D('',#10667,#7190,#7191);
#6119=AXIS2_PLACEMENT_3D('',#10669,#7192,#7193);
#6120=AXIS2_PLACEMENT_3D('',#10671,#7194,#7195);
#6121=AXIS2_PLACEMENT_3D('',#10700,#7196,#7197);
#6122=AXIS2_PLACEMENT_3D('',#10702,#7198,#7199);
#6123=AXIS2_PLACEMENT_3D('',#10704,#7200,#7201);
#6124=AXIS2_PLACEMENT_3D('',#10733,#7202,#7203);
#6125=AXIS2_PLACEMENT_3D('',#10735,#7204,#7205);
#6126=AXIS2_PLACEMENT_3D('',#10737,#7206,#7207);
#6127=AXIS2_PLACEMENT_3D('',#10766,#7208,#7209);
#6128=AXIS2_PLACEMENT_3D('',#10768,#7210,#7211);
#6129=AXIS2_PLACEMENT_3D('',#10770,#7212,#7213);
#6130=AXIS2_PLACEMENT_3D('',#10799,#7214,#7215);
#6131=AXIS2_PLACEMENT_3D('',#10801,#7216,#7217);
#6132=AXIS2_PLACEMENT_3D('',#10803,#7218,#7219);
#6133=AXIS2_PLACEMENT_3D('',#10832,#7220,#7221);
#6134=AXIS2_PLACEMENT_3D('',#10834,#7222,#7223);
#6135=AXIS2_PLACEMENT_3D('',#10836,#7224,#7225);
#6136=AXIS2_PLACEMENT_3D('',#10865,#7226,#7227);
#6137=AXIS2_PLACEMENT_3D('',#10867,#7228,#7229);
#6138=AXIS2_PLACEMENT_3D('',#10869,#7230,#7231);
#6139=AXIS2_PLACEMENT_3D('',#10898,#7232,#7233);
#6140=AXIS2_PLACEMENT_3D('',#10900,#7234,#7235);
#6141=AXIS2_PLACEMENT_3D('',#10902,#7236,#7237);
#6142=AXIS2_PLACEMENT_3D('',#10931,#7238,#7239);
#6143=AXIS2_PLACEMENT_3D('',#10933,#7240,#7241);
#6144=AXIS2_PLACEMENT_3D('',#10935,#7242,#7243);
#6145=AXIS2_PLACEMENT_3D('',#10964,#7244,#7245);
#6146=AXIS2_PLACEMENT_3D('',#10966,#7246,#7247);
#6147=AXIS2_PLACEMENT_3D('',#10968,#7248,#7249);
#6148=AXIS2_PLACEMENT_3D('',#10997,#7250,#7251);
#6149=AXIS2_PLACEMENT_3D('',#10999,#7252,#7253);
#6150=AXIS2_PLACEMENT_3D('',#11001,#7254,#7255);
#6151=AXIS2_PLACEMENT_3D('',#11030,#7256,#7257);
#6152=AXIS2_PLACEMENT_3D('',#11032,#7258,#7259);
#6153=AXIS2_PLACEMENT_3D('',#11034,#7260,#7261);
#6154=AXIS2_PLACEMENT_3D('',#11063,#7262,#7263);
#6155=AXIS2_PLACEMENT_3D('',#11065,#7264,#7265);
#6156=AXIS2_PLACEMENT_3D('',#11067,#7266,#7267);
#6157=AXIS2_PLACEMENT_3D('',#11096,#7268,#7269);
#6158=AXIS2_PLACEMENT_3D('',#11098,#7270,#7271);
#6159=AXIS2_PLACEMENT_3D('',#11100,#7272,#7273);
#6160=AXIS2_PLACEMENT_3D('',#11129,#7274,#7275);
#6161=AXIS2_PLACEMENT_3D('',#11131,#7276,#7277);
#6162=AXIS2_PLACEMENT_3D('',#11133,#7278,#7279);
#6163=AXIS2_PLACEMENT_3D('',#11162,#7280,#7281);
#6164=AXIS2_PLACEMENT_3D('',#11164,#7282,#7283);
#6165=AXIS2_PLACEMENT_3D('',#11166,#7284,#7285);
#6166=AXIS2_PLACEMENT_3D('',#11195,#7286,#7287);
#6167=AXIS2_PLACEMENT_3D('',#11197,#7288,#7289);
#6168=AXIS2_PLACEMENT_3D('',#11199,#7290,#7291);
#6169=AXIS2_PLACEMENT_3D('',#11228,#7292,#7293);
#6170=AXIS2_PLACEMENT_3D('',#11230,#7294,#7295);
#6171=AXIS2_PLACEMENT_3D('',#11232,#7296,#7297);
#6172=AXIS2_PLACEMENT_3D('',#11261,#7298,#7299);
#6173=AXIS2_PLACEMENT_3D('',#11263,#7300,#7301);
#6174=AXIS2_PLACEMENT_3D('',#11265,#7302,#7303);
#6175=AXIS2_PLACEMENT_3D('',#11294,#7304,#7305);
#6176=AXIS2_PLACEMENT_3D('',#11296,#7306,#7307);
#6177=AXIS2_PLACEMENT_3D('',#11298,#7308,#7309);
#6178=AXIS2_PLACEMENT_3D('',#11327,#7310,#7311);
#6179=AXIS2_PLACEMENT_3D('',#11329,#7312,#7313);
#6180=AXIS2_PLACEMENT_3D('',#11331,#7314,#7315);
#6181=AXIS2_PLACEMENT_3D('',#11360,#7316,#7317);
#6182=AXIS2_PLACEMENT_3D('',#11362,#7318,#7319);
#6183=AXIS2_PLACEMENT_3D('',#11364,#7320,#7321);
#6184=AXIS2_PLACEMENT_3D('',#11393,#7322,#7323);
#6185=AXIS2_PLACEMENT_3D('',#11395,#7324,#7325);
#6186=AXIS2_PLACEMENT_3D('',#11397,#7326,#7327);
#6187=AXIS2_PLACEMENT_3D('',#11426,#7328,#7329);
#6188=AXIS2_PLACEMENT_3D('',#11428,#7330,#7331);
#6189=AXIS2_PLACEMENT_3D('',#11430,#7332,#7333);
#6190=AXIS2_PLACEMENT_3D('',#11459,#7334,#7335);
#6191=AXIS2_PLACEMENT_3D('',#11461,#7336,#7337);
#6192=AXIS2_PLACEMENT_3D('',#11463,#7338,#7339);
#6193=AXIS2_PLACEMENT_3D('',#11492,#7340,#7341);
#6194=AXIS2_PLACEMENT_3D('',#11494,#7342,#7343);
#6195=AXIS2_PLACEMENT_3D('',#11496,#7344,#7345);
#6196=AXIS2_PLACEMENT_3D('',#11525,#7346,#7347);
#6197=AXIS2_PLACEMENT_3D('',#11527,#7348,#7349);
#6198=AXIS2_PLACEMENT_3D('',#11529,#7350,#7351);
#6199=AXIS2_PLACEMENT_3D('',#11558,#7352,#7353);
#6200=AXIS2_PLACEMENT_3D('',#11560,#7354,#7355);
#6201=AXIS2_PLACEMENT_3D('',#11562,#7356,#7357);
#6202=AXIS2_PLACEMENT_3D('',#11591,#7358,#7359);
#6203=AXIS2_PLACEMENT_3D('',#11593,#7360,#7361);
#6204=AXIS2_PLACEMENT_3D('',#11595,#7362,#7363);
#6205=AXIS2_PLACEMENT_3D('',#11624,#7364,#7365);
#6206=AXIS2_PLACEMENT_3D('',#11626,#7366,#7367);
#6207=AXIS2_PLACEMENT_3D('',#11636,#7369,#7370);
#6208=AXIS2_PLACEMENT_3D('',#11648,#7374,#7375);
#6209=AXIS2_PLACEMENT_3D('',#11649,#7376,#7377);
#6210=AXIS2_PLACEMENT_3D('',#11659,#7379,#7380);
#6211=AXIS2_PLACEMENT_3D('',#11671,#7384,#7385);
#6212=AXIS2_PLACEMENT_3D('',#11672,#7386,#7387);
#6213=AXIS2_PLACEMENT_3D('',#11682,#7389,#7390);
#6214=AXIS2_PLACEMENT_3D('',#11694,#7394,#7395);
#6215=AXIS2_PLACEMENT_3D('',#11695,#7396,#7397);
#6216=AXIS2_PLACEMENT_3D('',#11705,#7399,#7400);
#6217=AXIS2_PLACEMENT_3D('',#11717,#7404,#7405);
#6218=AXIS2_PLACEMENT_3D('',#11718,#7406,#7407);
#6219=AXIS2_PLACEMENT_3D('',#11728,#7409,#7410);
#6220=AXIS2_PLACEMENT_3D('',#11740,#7414,#7415);
#6221=AXIS2_PLACEMENT_3D('',#11741,#7416,#7417);
#6222=AXIS2_PLACEMENT_3D('',#11751,#7419,#7420);
#6223=AXIS2_PLACEMENT_3D('',#11763,#7424,#7425);
#6224=AXIS2_PLACEMENT_3D('',#11764,#7426,#7427);
#6225=AXIS2_PLACEMENT_3D('',#11774,#7429,#7430);
#6226=AXIS2_PLACEMENT_3D('',#11786,#7434,#7435);
#6227=AXIS2_PLACEMENT_3D('',#11787,#7436,#7437);
#6228=AXIS2_PLACEMENT_3D('',#11797,#7439,#7440);
#6229=AXIS2_PLACEMENT_3D('',#11809,#7444,#7445);
#6230=AXIS2_PLACEMENT_3D('',#11810,#7446,#7447);
#6231=AXIS2_PLACEMENT_3D('',#11820,#7449,#7450);
#6232=AXIS2_PLACEMENT_3D('',#11832,#7454,#7455);
#6233=AXIS2_PLACEMENT_3D('',#11833,#7456,#7457);
#6234=AXIS2_PLACEMENT_3D('',#11843,#7459,#7460);
#6235=AXIS2_PLACEMENT_3D('',#11855,#7464,#7465);
#6236=AXIS2_PLACEMENT_3D('',#11856,#7466,#7467);
#6237=AXIS2_PLACEMENT_3D('',#11866,#7469,#7470);
#6238=AXIS2_PLACEMENT_3D('',#11878,#7474,#7475);
#6239=AXIS2_PLACEMENT_3D('',#11879,#7476,#7477);
#6240=AXIS2_PLACEMENT_3D('',#11889,#7479,#7480);
#6241=AXIS2_PLACEMENT_3D('',#11901,#7484,#7485);
#6242=AXIS2_PLACEMENT_3D('',#11902,#7486,#7487);
#6243=AXIS2_PLACEMENT_3D('',#11912,#7489,#7490);
#6244=AXIS2_PLACEMENT_3D('',#11924,#7494,#7495);
#6245=AXIS2_PLACEMENT_3D('',#11925,#7496,#7497);
#6246=AXIS2_PLACEMENT_3D('',#11935,#7499,#7500);
#6247=AXIS2_PLACEMENT_3D('',#11947,#7504,#7505);
#6248=AXIS2_PLACEMENT_3D('',#11948,#7506,#7507);
#6249=AXIS2_PLACEMENT_3D('',#11958,#7509,#7510);
#6250=AXIS2_PLACEMENT_3D('',#11970,#7514,#7515);
#6251=AXIS2_PLACEMENT_3D('',#11971,#7516,#7517);
#6252=AXIS2_PLACEMENT_3D('',#11981,#7519,#7520);
#6253=AXIS2_PLACEMENT_3D('',#11993,#7524,#7525);
#6254=AXIS2_PLACEMENT_3D('',#11994,#7526,#7527);
#6255=AXIS2_PLACEMENT_3D('',#12004,#7529,#7530);
#6256=AXIS2_PLACEMENT_3D('',#12016,#7534,#7535);
#6257=AXIS2_PLACEMENT_3D('',#12017,#7536,#7537);
#6258=AXIS2_PLACEMENT_3D('',#12027,#7539,#7540);
#6259=AXIS2_PLACEMENT_3D('',#12039,#7544,#7545);
#6260=AXIS2_PLACEMENT_3D('',#12040,#7546,#7547);
#6261=AXIS2_PLACEMENT_3D('',#12050,#7549,#7550);
#6262=AXIS2_PLACEMENT_3D('',#12062,#7554,#7555);
#6263=AXIS2_PLACEMENT_3D('',#12063,#7556,#7557);
#6264=AXIS2_PLACEMENT_3D('',#12073,#7559,#7560);
#6265=AXIS2_PLACEMENT_3D('',#12085,#7564,#7565);
#6266=AXIS2_PLACEMENT_3D('',#12086,#7566,#7567);
#6267=AXIS2_PLACEMENT_3D('',#12096,#7569,#7570);
#6268=AXIS2_PLACEMENT_3D('',#12108,#7574,#7575);
#6269=AXIS2_PLACEMENT_3D('',#12109,#7576,#7577);
#6270=AXIS2_PLACEMENT_3D('',#12119,#7579,#7580);
#6271=AXIS2_PLACEMENT_3D('',#12131,#7584,#7585);
#6272=AXIS2_PLACEMENT_3D('',#12132,#7586,#7587);
#6273=AXIS2_PLACEMENT_3D('',#12142,#7589,#7590);
#6274=AXIS2_PLACEMENT_3D('',#12154,#7594,#7595);
#6275=AXIS2_PLACEMENT_3D('',#12155,#7596,#7597);
#6276=AXIS2_PLACEMENT_3D('',#12165,#7599,#7600);
#6277=AXIS2_PLACEMENT_3D('',#12177,#7604,#7605);
#6278=AXIS2_PLACEMENT_3D('',#12178,#7606,#7607);
#6279=AXIS2_PLACEMENT_3D('',#12188,#7609,#7610);
#6280=AXIS2_PLACEMENT_3D('',#12200,#7614,#7615);
#6281=AXIS2_PLACEMENT_3D('',#12201,#7616,#7617);
#6282=AXIS2_PLACEMENT_3D('',#12211,#7619,#7620);
#6283=AXIS2_PLACEMENT_3D('',#12223,#7624,#7625);
#6284=AXIS2_PLACEMENT_3D('',#12224,#7626,#7627);
#6285=AXIS2_PLACEMENT_3D('',#12234,#7629,#7630);
#6286=AXIS2_PLACEMENT_3D('',#12246,#7634,#7635);
#6287=AXIS2_PLACEMENT_3D('',#12247,#7636,#7637);
#6288=AXIS2_PLACEMENT_3D('',#12257,#7639,#7640);
#6289=AXIS2_PLACEMENT_3D('',#12269,#7644,#7645);
#6290=AXIS2_PLACEMENT_3D('',#12270,#7646,#7647);
#6291=AXIS2_PLACEMENT_3D('',#12280,#7649,#7650);
#6292=AXIS2_PLACEMENT_3D('',#12292,#7654,#7655);
#6293=AXIS2_PLACEMENT_3D('',#12293,#7656,#7657);
#6294=AXIS2_PLACEMENT_3D('',#12303,#7659,#7660);
#6295=AXIS2_PLACEMENT_3D('',#12315,#7664,#7665);
#6296=AXIS2_PLACEMENT_3D('',#12316,#7666,#7667);
#6297=AXIS2_PLACEMENT_3D('',#12326,#7669,#7670);
#6298=AXIS2_PLACEMENT_3D('',#12338,#7674,#7675);
#6299=AXIS2_PLACEMENT_3D('',#12339,#7676,#7677);
#6300=AXIS2_PLACEMENT_3D('',#12349,#7679,#7680);
#6301=AXIS2_PLACEMENT_3D('',#12361,#7684,#7685);
#6302=AXIS2_PLACEMENT_3D('',#12362,#7686,#7687);
#6303=AXIS2_PLACEMENT_3D('',#12372,#7689,#7690);
#6304=AXIS2_PLACEMENT_3D('',#12384,#7694,#7695);
#6305=AXIS2_PLACEMENT_3D('',#12385,#7696,#7697);
#6306=AXIS2_PLACEMENT_3D('',#12395,#7699,#7700);
#6307=AXIS2_PLACEMENT_3D('',#12407,#7704,#7705);
#6308=AXIS2_PLACEMENT_3D('',#12408,#7706,#7707);
#6309=AXIS2_PLACEMENT_3D('',#12418,#7709,#7710);
#6310=AXIS2_PLACEMENT_3D('',#12430,#7714,#7715);
#6311=AXIS2_PLACEMENT_3D('',#12431,#7716,#7717);
#6312=AXIS2_PLACEMENT_3D('',#12441,#7719,#7720);
#6313=AXIS2_PLACEMENT_3D('',#12453,#7724,#7725);
#6314=AXIS2_PLACEMENT_3D('',#12454,#7726,#7727);
#6315=AXIS2_PLACEMENT_3D('',#12464,#7729,#7730);
#6316=AXIS2_PLACEMENT_3D('',#12476,#7734,#7735);
#6317=AXIS2_PLACEMENT_3D('',#12477,#7736,#7737);
#6318=AXIS2_PLACEMENT_3D('',#12487,#7739,#7740);
#6319=AXIS2_PLACEMENT_3D('',#12499,#7744,#7745);
#6320=AXIS2_PLACEMENT_3D('',#12500,#7746,#7747);
#6321=AXIS2_PLACEMENT_3D('',#12510,#7749,#7750);
#6322=AXIS2_PLACEMENT_3D('',#12522,#7754,#7755);
#6323=AXIS2_PLACEMENT_3D('',#12523,#7756,#7757);
#6324=AXIS2_PLACEMENT_3D('',#12533,#7759,#7760);
#6325=AXIS2_PLACEMENT_3D('',#12545,#7764,#7765);
#6326=AXIS2_PLACEMENT_3D('',#12546,#7766,#7767);
#6327=AXIS2_PLACEMENT_3D('',#12556,#7769,#7770);
#6328=AXIS2_PLACEMENT_3D('',#12568,#7774,#7775);
#6329=AXIS2_PLACEMENT_3D('',#12569,#7776,#7777);
#6330=AXIS2_PLACEMENT_3D('',#12579,#7779,#7780);
#6331=AXIS2_PLACEMENT_3D('',#12591,#7784,#7785);
#6332=AXIS2_PLACEMENT_3D('',#12592,#7786,#7787);
#6333=AXIS2_PLACEMENT_3D('',#12602,#7789,#7790);
#6334=AXIS2_PLACEMENT_3D('',#12614,#7794,#7795);
#6335=AXIS2_PLACEMENT_3D('',#12615,#7796,#7797);
#6336=AXIS2_PLACEMENT_3D('',#12625,#7799,#7800);
#6337=AXIS2_PLACEMENT_3D('',#12637,#7804,#7805);
#6338=AXIS2_PLACEMENT_3D('',#12638,#7806,#7807);
#6339=AXIS2_PLACEMENT_3D('',#12648,#7809,#7810);
#6340=AXIS2_PLACEMENT_3D('',#12660,#7814,#7815);
#6341=AXIS2_PLACEMENT_3D('',#12661,#7816,#7817);
#6342=AXIS2_PLACEMENT_3D('',#12671,#7819,#7820);
#6343=AXIS2_PLACEMENT_3D('',#12683,#7824,#7825);
#6344=AXIS2_PLACEMENT_3D('',#12684,#7826,#7827);
#6345=AXIS2_PLACEMENT_3D('',#12694,#7829,#7830);
#6346=AXIS2_PLACEMENT_3D('',#12706,#7834,#7835);
#6347=AXIS2_PLACEMENT_3D('',#12707,#7836,#7837);
#6348=AXIS2_PLACEMENT_3D('',#12717,#7839,#7840);
#6349=AXIS2_PLACEMENT_3D('',#12729,#7844,#7845);
#6350=AXIS2_PLACEMENT_3D('',#12730,#7846,#7847);
#6351=AXIS2_PLACEMENT_3D('',#12740,#7849,#7850);
#6352=AXIS2_PLACEMENT_3D('',#12752,#7854,#7855);
#6353=AXIS2_PLACEMENT_3D('',#12753,#7856,#7857);
#6354=AXIS2_PLACEMENT_3D('',#12763,#7859,#7860);
#6355=AXIS2_PLACEMENT_3D('',#12775,#7864,#7865);
#6356=AXIS2_PLACEMENT_3D('',#12776,#7866,#7867);
#6357=AXIS2_PLACEMENT_3D('',#12777,#7868,#7869);
#6358=DIRECTION('',(0.,0.,1.));
#6359=DIRECTION('',(1.,0.,0.));
#6360=DIRECTION('',(0.,1.,0.));
#6361=DIRECTION('',(0.,0.,1.));
#6362=DIRECTION('',(0.,1.,0.));
#6363=DIRECTION('',(0.,-1.,0.));
#6364=DIRECTION('',(1.,0.,0.));
#6365=DIRECTION('',(0.,1.,0.));
#6366=DIRECTION('',(0.,-1.,0.));
#6367=DIRECTION('',(1.,0.,0.));
#6368=DIRECTION('',(0.,1.,0.));
#6369=DIRECTION('',(0.,0.,1.));
#6370=DIRECTION('',(0.,-1.,0.));
#6371=DIRECTION('',(1.,0.,0.));
#6372=DIRECTION('',(0.,1.,0.));
#6373=DIRECTION('',(0.,-1.,0.));
#6374=DIRECTION('',(1.,0.,0.));
#6375=DIRECTION('',(0.,1.,0.));
#6376=DIRECTION('',(0.,1.,0.));
#6377=DIRECTION('',(0.,0.,1.));
#6378=DIRECTION('',(0.,-1.,0.));
#6379=DIRECTION('',(1.,0.,0.));
#6380=DIRECTION('',(0.,1.,0.));
#6381=DIRECTION('',(0.,-1.,0.));
#6382=DIRECTION('',(1.,0.,0.));
#6383=DIRECTION('',(0.,1.,0.));
#6384=DIRECTION('',(0.,1.,0.));
#6385=DIRECTION('',(0.,0.,1.));
#6386=DIRECTION('',(0.,-1.,0.));
#6387=DIRECTION('',(1.,0.,0.));
#6388=DIRECTION('',(0.,1.,0.));
#6389=DIRECTION('',(0.,-1.,0.));
#6390=DIRECTION('',(1.,0.,0.));
#6391=DIRECTION('',(0.,1.,0.));
#6392=DIRECTION('',(0.,1.,0.));
#6393=DIRECTION('',(0.,0.,1.));
#6394=DIRECTION('',(0.,1.,0.));
#6395=DIRECTION('',(0.,-1.,0.));
#6396=DIRECTION('',(1.,0.,0.));
#6397=DIRECTION('',(0.,1.,0.));
#6398=DIRECTION('',(0.,-1.,0.));
#6399=DIRECTION('',(1.,0.,0.));
#6400=DIRECTION('',(0.,1.,0.));
#6401=DIRECTION('',(0.,0.,1.));
#6402=DIRECTION('',(0.,-1.,0.));
#6403=DIRECTION('',(1.,0.,0.));
#6404=DIRECTION('',(0.,1.,0.));
#6405=DIRECTION('',(0.,-1.,0.));
#6406=DIRECTION('',(1.,0.,0.));
#6407=DIRECTION('',(0.,1.,0.));
#6408=DIRECTION('',(0.,1.,0.));
#6409=DIRECTION('',(0.,0.,1.));
#6410=DIRECTION('',(0.,-1.,0.));
#6411=DIRECTION('',(1.,0.,0.));
#6412=DIRECTION('',(0.,1.,0.));
#6413=DIRECTION('',(0.,-1.,0.));
#6414=DIRECTION('',(1.,0.,0.));
#6415=DIRECTION('',(0.,1.,0.));
#6416=DIRECTION('',(0.,1.,0.));
#6417=DIRECTION('',(0.,0.,1.));
#6418=DIRECTION('',(0.,-1.,0.));
#6419=DIRECTION('',(1.,0.,0.));
#6420=DIRECTION('',(0.,1.,0.));
#6421=DIRECTION('',(0.,-1.,0.));
#6422=DIRECTION('',(1.,0.,0.));
#6423=DIRECTION('',(0.,1.,0.));
#6424=DIRECTION('',(0.,1.,0.));
#6425=DIRECTION('',(0.,0.,1.));
#6426=DIRECTION('',(0.,-1.,0.));
#6427=DIRECTION('',(1.,0.,0.));
#6428=DIRECTION('',(0.,1.,0.));
#6429=DIRECTION('',(0.,-1.,0.));
#6430=DIRECTION('',(1.,0.,0.));
#6431=DIRECTION('',(0.,1.,0.));
#6432=DIRECTION('',(0.,1.,0.));
#6433=DIRECTION('',(0.,0.,1.));
#6434=DIRECTION('',(0.,-1.,0.));
#6435=DIRECTION('',(1.,0.,0.));
#6436=DIRECTION('',(0.,1.,0.));
#6437=DIRECTION('',(0.,-1.,0.));
#6438=DIRECTION('',(1.,0.,0.));
#6439=DIRECTION('',(0.,1.,0.));
#6440=DIRECTION('',(0.,1.,0.));
#6441=DIRECTION('',(0.,0.,1.));
#6442=DIRECTION('',(0.,-1.,0.));
#6443=DIRECTION('',(1.,0.,0.));
#6444=DIRECTION('',(0.,1.,0.));
#6445=DIRECTION('',(0.,-1.,0.));
#6446=DIRECTION('',(1.,0.,0.));
#6447=DIRECTION('',(0.,1.,0.));
#6448=DIRECTION('',(0.,1.,0.));
#6449=DIRECTION('',(0.,0.,1.));
#6450=DIRECTION('',(0.,-1.,0.));
#6451=DIRECTION('',(1.,0.,0.));
#6452=DIRECTION('',(0.,1.,0.));
#6453=DIRECTION('',(0.,-1.,0.));
#6454=DIRECTION('',(1.,0.,0.));
#6455=DIRECTION('',(0.,1.,0.));
#6456=DIRECTION('',(0.,1.,0.));
#6457=DIRECTION('',(0.,0.,1.));
#6458=DIRECTION('',(0.,-1.,0.));
#6459=DIRECTION('',(1.,0.,0.));
#6460=DIRECTION('',(0.,1.,0.));
#6461=DIRECTION('',(0.,-1.,0.));
#6462=DIRECTION('',(1.,0.,0.));
#6463=DIRECTION('',(0.,1.,0.));
#6464=DIRECTION('',(0.,1.,0.));
#6465=DIRECTION('',(0.,0.,1.));
#6466=DIRECTION('',(0.,-1.,0.));
#6467=DIRECTION('',(1.,0.,0.));
#6468=DIRECTION('',(0.,1.,0.));
#6469=DIRECTION('',(0.,-1.,0.));
#6470=DIRECTION('',(1.,0.,0.));
#6471=DIRECTION('',(0.,1.,0.));
#6472=DIRECTION('',(0.,1.,0.));
#6473=DIRECTION('',(0.,0.,1.));
#6474=DIRECTION('',(0.,-1.,0.));
#6475=DIRECTION('',(1.,0.,0.));
#6476=DIRECTION('',(0.,1.,0.));
#6477=DIRECTION('',(0.,-1.,0.));
#6478=DIRECTION('',(1.,0.,0.));
#6479=DIRECTION('',(0.,1.,0.));
#6480=DIRECTION('',(0.,1.,0.));
#6481=DIRECTION('',(0.,0.,1.));
#6482=DIRECTION('',(0.,-1.,0.));
#6483=DIRECTION('',(1.,0.,0.));
#6484=DIRECTION('',(0.,1.,0.));
#6485=DIRECTION('',(0.,-1.,0.));
#6486=DIRECTION('',(1.,0.,0.));
#6487=DIRECTION('',(0.,1.,0.));
#6488=DIRECTION('',(0.,1.,0.));
#6489=DIRECTION('',(0.,0.,1.));
#6490=DIRECTION('',(0.,1.,0.));
#6491=DIRECTION('',(0.,-1.,0.));
#6492=DIRECTION('',(1.,0.,0.));
#6493=DIRECTION('',(0.,1.,0.));
#6494=DIRECTION('',(0.,-1.,0.));
#6495=DIRECTION('',(1.,0.,0.));
#6496=DIRECTION('',(0.,1.,0.));
#6497=DIRECTION('',(0.,0.,1.));
#6498=DIRECTION('',(0.,-1.,0.));
#6499=DIRECTION('',(1.,0.,0.));
#6500=DIRECTION('',(0.,1.,0.));
#6501=DIRECTION('',(0.,-1.,0.));
#6502=DIRECTION('',(1.,0.,0.));
#6503=DIRECTION('',(0.,1.,0.));
#6504=DIRECTION('',(0.,1.,0.));
#6505=DIRECTION('',(0.,0.,1.));
#6506=DIRECTION('',(0.,-1.,0.));
#6507=DIRECTION('',(1.,0.,0.));
#6508=DIRECTION('',(0.,1.,0.));
#6509=DIRECTION('',(0.,-1.,0.));
#6510=DIRECTION('',(1.,0.,0.));
#6511=DIRECTION('',(0.,1.,0.));
#6512=DIRECTION('',(0.,1.,0.));
#6513=DIRECTION('',(0.,0.,1.));
#6514=DIRECTION('',(0.,-1.,0.));
#6515=DIRECTION('',(1.,0.,0.));
#6516=DIRECTION('',(0.,1.,0.));
#6517=DIRECTION('',(0.,-1.,0.));
#6518=DIRECTION('',(1.,0.,0.));
#6519=DIRECTION('',(0.,1.,0.));
#6520=DIRECTION('',(0.,1.,0.));
#6521=DIRECTION('',(0.,0.,1.));
#6522=DIRECTION('',(0.,-1.,0.));
#6523=DIRECTION('',(1.,0.,0.));
#6524=DIRECTION('',(0.,1.,0.));
#6525=DIRECTION('',(0.,-1.,0.));
#6526=DIRECTION('',(1.,0.,0.));
#6527=DIRECTION('',(0.,1.,0.));
#6528=DIRECTION('',(0.,1.,0.));
#6529=DIRECTION('',(0.,0.,1.));
#6530=DIRECTION('',(0.,-1.,0.));
#6531=DIRECTION('',(1.,0.,0.));
#6532=DIRECTION('',(0.,1.,0.));
#6533=DIRECTION('',(0.,-1.,0.));
#6534=DIRECTION('',(1.,0.,0.));
#6535=DIRECTION('',(0.,1.,0.));
#6536=DIRECTION('',(0.,1.,0.));
#6537=DIRECTION('',(0.,0.,1.));
#6538=DIRECTION('',(0.,-1.,0.));
#6539=DIRECTION('',(1.,0.,0.));
#6540=DIRECTION('',(0.,1.,0.));
#6541=DIRECTION('',(0.,-1.,0.));
#6542=DIRECTION('',(1.,0.,0.));
#6543=DIRECTION('',(0.,1.,0.));
#6544=DIRECTION('',(0.,1.,0.));
#6545=DIRECTION('',(0.,0.,1.));
#6546=DIRECTION('',(0.,-1.,0.));
#6547=DIRECTION('',(1.,0.,0.));
#6548=DIRECTION('',(0.,1.,0.));
#6549=DIRECTION('',(0.,-1.,0.));
#6550=DIRECTION('',(1.,0.,0.));
#6551=DIRECTION('',(0.,1.,0.));
#6552=DIRECTION('',(0.,1.,0.));
#6553=DIRECTION('',(0.,0.,1.));
#6554=DIRECTION('',(0.,-1.,0.));
#6555=DIRECTION('',(1.,0.,0.));
#6556=DIRECTION('',(0.,1.,0.));
#6557=DIRECTION('',(0.,-1.,0.));
#6558=DIRECTION('',(1.,0.,0.));
#6559=DIRECTION('',(0.,1.,0.));
#6560=DIRECTION('',(0.,1.,0.));
#6561=DIRECTION('',(0.,0.,1.));
#6562=DIRECTION('',(0.,-1.,0.));
#6563=DIRECTION('',(1.,0.,0.));
#6564=DIRECTION('',(0.,1.,0.));
#6565=DIRECTION('',(0.,-1.,0.));
#6566=DIRECTION('',(1.,0.,0.));
#6567=DIRECTION('',(0.,1.,0.));
#6568=DIRECTION('',(0.,1.,0.));
#6569=DIRECTION('',(0.,0.,1.));
#6570=DIRECTION('',(0.,-1.,0.));
#6571=DIRECTION('',(1.,0.,0.));
#6572=DIRECTION('',(0.,1.,0.));
#6573=DIRECTION('',(0.,-1.,0.));
#6574=DIRECTION('',(1.,0.,0.));
#6575=DIRECTION('',(0.,1.,0.));
#6576=DIRECTION('',(0.,1.,0.));
#6577=DIRECTION('',(0.,0.,1.));
#6578=DIRECTION('',(0.,-1.,0.));
#6579=DIRECTION('',(1.,0.,0.));
#6580=DIRECTION('',(0.,1.,0.));
#6581=DIRECTION('',(0.,-1.,0.));
#6582=DIRECTION('',(1.,0.,0.));
#6583=DIRECTION('',(0.,1.,0.));
#6584=DIRECTION('',(0.,1.,0.));
#6585=DIRECTION('',(0.,0.,1.));
#6586=DIRECTION('',(0.,1.,0.));
#6587=DIRECTION('',(0.,-1.,0.));
#6588=DIRECTION('',(1.,0.,0.));
#6589=DIRECTION('',(0.,1.,0.));
#6590=DIRECTION('',(0.,-1.,0.));
#6591=DIRECTION('',(1.,0.,0.));
#6592=DIRECTION('',(0.,1.,0.));
#6593=DIRECTION('',(0.,0.,1.));
#6594=DIRECTION('',(0.,-1.,0.));
#6595=DIRECTION('',(1.,0.,0.));
#6596=DIRECTION('',(0.,1.,0.));
#6597=DIRECTION('',(0.,-1.,0.));
#6598=DIRECTION('',(1.,0.,0.));
#6599=DIRECTION('',(0.,1.,0.));
#6600=DIRECTION('',(0.,1.,0.));
#6601=DIRECTION('',(0.,0.,1.));
#6602=DIRECTION('',(0.,1.,0.));
#6603=DIRECTION('',(0.,-1.,0.));
#6604=DIRECTION('',(1.,0.,0.));
#6605=DIRECTION('',(0.,1.,0.));
#6606=DIRECTION('',(0.,-1.,0.));
#6607=DIRECTION('',(1.,0.,0.));
#6608=DIRECTION('',(0.,1.,0.));
#6609=DIRECTION('',(0.,0.,1.));
#6610=DIRECTION('',(0.,-1.,0.));
#6611=DIRECTION('',(1.,0.,0.));
#6612=DIRECTION('',(0.,1.,0.));
#6613=DIRECTION('',(0.,-1.,0.));
#6614=DIRECTION('',(1.,0.,0.));
#6615=DIRECTION('',(0.,1.,0.));
#6616=DIRECTION('',(0.,1.,0.));
#6617=DIRECTION('',(0.,0.,1.));
#6618=DIRECTION('',(0.,-1.,0.));
#6619=DIRECTION('',(1.,0.,0.));
#6620=DIRECTION('',(0.,1.,0.));
#6621=DIRECTION('',(0.,-1.,0.));
#6622=DIRECTION('',(1.,0.,0.));
#6623=DIRECTION('',(0.,1.,0.));
#6624=DIRECTION('',(0.,1.,0.));
#6625=DIRECTION('',(0.,0.,1.));
#6626=DIRECTION('',(0.,-1.,0.));
#6627=DIRECTION('',(1.,0.,0.));
#6628=DIRECTION('',(0.,1.,0.));
#6629=DIRECTION('',(0.,-1.,0.));
#6630=DIRECTION('',(1.,0.,0.));
#6631=DIRECTION('',(0.,1.,0.));
#6632=DIRECTION('',(0.,1.,0.));
#6633=DIRECTION('',(0.,0.,1.));
#6634=DIRECTION('',(0.,-1.,0.));
#6635=DIRECTION('',(1.,0.,0.));
#6636=DIRECTION('',(0.,1.,0.));
#6637=DIRECTION('',(0.,-1.,0.));
#6638=DIRECTION('',(1.,0.,0.));
#6639=DIRECTION('',(0.,1.,0.));
#6640=DIRECTION('',(0.,1.,0.));
#6641=DIRECTION('',(0.,0.,1.));
#6642=DIRECTION('',(0.,-1.,0.));
#6643=DIRECTION('',(1.,0.,0.));
#6644=DIRECTION('',(0.,1.,0.));
#6645=DIRECTION('',(0.,-1.,0.));
#6646=DIRECTION('',(1.,0.,0.));
#6647=DIRECTION('',(0.,1.,0.));
#6648=DIRECTION('',(0.,1.,0.));
#6649=DIRECTION('',(0.,0.,1.));
#6650=DIRECTION('',(0.,-1.,0.));
#6651=DIRECTION('',(1.,0.,0.));
#6652=DIRECTION('',(0.,1.,0.));
#6653=DIRECTION('',(0.,-1.,0.));
#6654=DIRECTION('',(1.,0.,0.));
#6655=DIRECTION('',(0.,1.,0.));
#6656=DIRECTION('',(0.,1.,0.));
#6657=DIRECTION('',(0.,0.,1.));
#6658=DIRECTION('',(0.,-1.,0.));
#6659=DIRECTION('',(1.,0.,0.));
#6660=DIRECTION('',(0.,1.,0.));
#6661=DIRECTION('',(0.,-1.,0.));
#6662=DIRECTION('',(1.,0.,0.));
#6663=DIRECTION('',(0.,1.,0.));
#6664=DIRECTION('',(0.,1.,0.));
#6665=DIRECTION('',(0.,0.,1.));
#6666=DIRECTION('',(0.,-1.,0.));
#6667=DIRECTION('',(1.,0.,0.));
#6668=DIRECTION('',(0.,1.,0.));
#6669=DIRECTION('',(0.,-1.,0.));
#6670=DIRECTION('',(1.,0.,0.));
#6671=DIRECTION('',(0.,1.,0.));
#6672=DIRECTION('',(0.,1.,0.));
#6673=DIRECTION('',(0.,0.,1.));
#6674=DIRECTION('',(0.,-1.,0.));
#6675=DIRECTION('',(1.,0.,0.));
#6676=DIRECTION('',(0.,1.,0.));
#6677=DIRECTION('',(0.,-1.,0.));
#6678=DIRECTION('',(1.,0.,0.));
#6679=DIRECTION('',(0.,1.,0.));
#6680=DIRECTION('',(0.,1.,0.));
#6681=DIRECTION('',(0.,0.,1.));
#6682=DIRECTION('',(0.,1.,0.));
#6683=DIRECTION('',(0.,-1.,0.));
#6684=DIRECTION('',(1.,0.,0.));
#6685=DIRECTION('',(0.,1.,0.));
#6686=DIRECTION('',(0.,-1.,0.));
#6687=DIRECTION('',(1.,0.,0.));
#6688=DIRECTION('',(0.,1.,0.));
#6689=DIRECTION('',(0.,0.,1.));
#6690=DIRECTION('',(0.,1.,0.));
#6691=DIRECTION('',(0.,-1.,0.));
#6692=DIRECTION('',(1.,0.,0.));
#6693=DIRECTION('',(0.,1.,0.));
#6694=DIRECTION('',(0.,-1.,0.));
#6695=DIRECTION('',(1.,0.,0.));
#6696=DIRECTION('',(0.,1.,0.));
#6697=DIRECTION('',(0.,0.,1.));
#6698=DIRECTION('',(0.,1.,0.));
#6699=DIRECTION('',(0.,-1.,0.));
#6700=DIRECTION('',(1.,0.,0.));
#6701=DIRECTION('',(0.,1.,0.));
#6702=DIRECTION('',(0.,-1.,0.));
#6703=DIRECTION('',(1.,0.,0.));
#6704=DIRECTION('',(0.,1.,0.));
#6705=DIRECTION('',(0.,0.,1.));
#6706=DIRECTION('',(0.,1.,0.));
#6707=DIRECTION('',(0.,-1.,0.));
#6708=DIRECTION('',(1.,0.,0.));
#6709=DIRECTION('',(0.,1.,0.));
#6710=DIRECTION('',(0.,-1.,0.));
#6711=DIRECTION('',(1.,0.,0.));
#6712=DIRECTION('',(0.,1.,0.));
#6713=DIRECTION('',(0.,0.,1.));
#6714=DIRECTION('',(0.,-1.,0.));
#6715=DIRECTION('',(1.,0.,0.));
#6716=DIRECTION('',(0.,1.,0.));
#6717=DIRECTION('',(0.,-1.,0.));
#6718=DIRECTION('',(1.,0.,0.));
#6719=DIRECTION('',(0.,1.,0.));
#6720=DIRECTION('',(0.,1.,0.));
#6721=DIRECTION('',(0.,0.,1.));
#6722=DIRECTION('',(0.,-1.,0.));
#6723=DIRECTION('',(1.,0.,0.));
#6724=DIRECTION('',(0.,1.,0.));
#6725=DIRECTION('',(0.,-1.,0.));
#6726=DIRECTION('',(1.,0.,0.));
#6727=DIRECTION('',(0.,1.,0.));
#6728=DIRECTION('',(0.,1.,0.));
#6729=DIRECTION('',(0.,0.,1.));
#6730=DIRECTION('',(0.,1.,0.));
#6731=DIRECTION('',(0.,-1.,0.));
#6732=DIRECTION('',(1.,0.,0.));
#6733=DIRECTION('',(0.,1.,0.));
#6734=DIRECTION('',(0.,-1.,0.));
#6735=DIRECTION('',(1.,0.,0.));
#6736=DIRECTION('',(0.,1.,0.));
#6737=DIRECTION('',(0.,0.,1.));
#6738=DIRECTION('',(0.,-1.,0.));
#6739=DIRECTION('',(1.,0.,0.));
#6740=DIRECTION('',(0.,1.,0.));
#6741=DIRECTION('',(0.,-1.,0.));
#6742=DIRECTION('',(1.,0.,0.));
#6743=DIRECTION('',(0.,1.,0.));
#6744=DIRECTION('',(0.,1.,0.));
#6745=DIRECTION('',(0.,0.,1.));
#6746=DIRECTION('',(0.,-1.,0.));
#6747=DIRECTION('',(1.,0.,0.));
#6748=DIRECTION('',(0.,1.,0.));
#6749=DIRECTION('',(0.,-1.,0.));
#6750=DIRECTION('',(1.,0.,0.));
#6751=DIRECTION('',(0.,1.,0.));
#6752=DIRECTION('',(0.,-1.,0.));
#6753=DIRECTION('',(1.,0.,0.));
#6754=DIRECTION('',(0.,-1.,0.));
#6755=DIRECTION('',(0.,0.,-1.));
#6756=DIRECTION('',(0.,-1.,0.));
#6757=DIRECTION('',(0.125333233564304,0.,-0.992114701314478));
#6758=DIRECTION('',(0.,-1.,0.));
#6759=DIRECTION('',(0.248689887164855,0.,-0.968583161128631));
#6760=DIRECTION('',(0.,-1.,0.));
#6761=DIRECTION('',(0.968583161128631,0.,0.248689887164855));
#6762=DIRECTION('',(0.,-1.,0.));
#6763=DIRECTION('',(0.248689887164855,0.,-0.968583161128631));
#6764=DIRECTION('',(0.,-1.,0.));
#6765=DIRECTION('',(0.368124552684678,0.,-0.929776485888251));
#6766=DIRECTION('',(0.,-1.,0.));
#6767=DIRECTION('',(0.929776485888251,0.,0.368124552684678));
#6768=DIRECTION('',(0.,-1.,0.));
#6769=DIRECTION('',(0.368124552684678,0.,-0.929776485888251));
#6770=DIRECTION('',(0.,-1.,0.));
#6771=DIRECTION('',(0.481753674101715,0.,-0.876306680043864));
#6772=DIRECTION('',(0.,-1.,0.));
#6773=DIRECTION('',(0.876306680043864,0.,0.481753674101715));
#6774=DIRECTION('',(0.,-1.,0.));
#6775=DIRECTION('',(0.481753674101715,0.,-0.876306680043864));
#6776=DIRECTION('',(0.,-1.,0.));
#6777=DIRECTION('',(0.587785252292473,0.,-0.809016994374948));
#6778=DIRECTION('',(0.,-1.,0.));
#6779=DIRECTION('',(0.809016994374948,0.,0.587785252292473));
#6780=DIRECTION('',(0.,-1.,0.));
#6781=DIRECTION('',(0.587785252292473,0.,-0.809016994374948));
#6782=DIRECTION('',(0.,-1.,0.));
#6783=DIRECTION('',(0.684547105928689,0.,-0.728968627421412));
#6784=DIRECTION('',(0.,-1.,0.));
#6785=DIRECTION('',(0.728968627421412,0.,0.684547105928689));
#6786=DIRECTION('',(0.,-1.,0.));
#6787=DIRECTION('',(0.684547105928689,0.,-0.728968627421412));
#6788=DIRECTION('',(0.,-1.,0.));
#6789=DIRECTION('',(0.770513242775789,0.,-0.63742398974869));
#6790=DIRECTION('',(0.,-1.,0.));
#6791=DIRECTION('',(0.63742398974869,0.,0.770513242775789));
#6792=DIRECTION('',(0.,-1.,0.));
#6793=DIRECTION('',(0.770513242775789,0.,-0.63742398974869));
#6794=DIRECTION('',(0.,-1.,0.));
#6795=DIRECTION('',(0.844327925502015,0.,-0.535826794978997));
#6796=DIRECTION('',(0.,-1.,0.));
#6797=DIRECTION('',(0.535826794978997,0.,0.844327925502015));
#6798=DIRECTION('',(0.,-1.,0.));
#6799=DIRECTION('',(0.844327925502015,0.,-0.535826794978997));
#6800=DIRECTION('',(0.,-1.,0.));
#6801=DIRECTION('',(0.90482705246602,0.,-0.425779291565072));
#6802=DIRECTION('',(0.,-1.,0.));
#6803=DIRECTION('',(0.425779291565072,0.,0.90482705246602));
#6804=DIRECTION('',(0.,-1.,0.));
#6805=DIRECTION('',(0.90482705246602,0.,-0.425779291565072));
#6806=DIRECTION('',(0.,-1.,0.));
#6807=DIRECTION('',(0.951056516295154,0.,-0.309016994374948));
#6808=DIRECTION('',(0.,-1.,0.));
#6809=DIRECTION('',(0.309016994374948,0.,0.951056516295154));
#6810=DIRECTION('',(0.,-1.,0.));
#6811=DIRECTION('',(0.951056516295154,0.,-0.309016994374948));
#6812=DIRECTION('',(0.,-1.,0.));
#6813=DIRECTION('',(0.982287250728689,0.,-0.187381314585725));
#6814=DIRECTION('',(0.,-1.,0.));
#6815=DIRECTION('',(0.187381314585725,0.,0.982287250728689));
#6816=DIRECTION('',(0.,-1.,0.));
#6817=DIRECTION('',(0.982287250728689,0.,-0.187381314585725));
#6818=DIRECTION('',(0.,-1.,0.));
#6819=DIRECTION('',(0.998026728428272,0.,-0.0627905195293133));
#6820=DIRECTION('',(0.,-1.,0.));
#6821=DIRECTION('',(0.0627905195293133,0.,0.998026728428272));
#6822=DIRECTION('',(0.,-1.,0.));
#6823=DIRECTION('',(0.998026728428272,0.,-0.0627905195293133));
#6824=DIRECTION('',(0.,-1.,0.));
#6825=DIRECTION('',(0.998026728428272,0.,0.0627905195293134));
#6826=DIRECTION('',(0.,-1.,0.));
#6827=DIRECTION('',(-0.0627905195293134,0.,0.998026728428272));
#6828=DIRECTION('',(0.,-1.,0.));
#6829=DIRECTION('',(0.998026728428272,0.,0.0627905195293134));
#6830=DIRECTION('',(0.,-1.,0.));
#6831=DIRECTION('',(0.982287250728689,0.,0.187381314585725));
#6832=DIRECTION('',(0.,-1.,0.));
#6833=DIRECTION('',(-0.187381314585725,0.,0.982287250728689));
#6834=DIRECTION('',(0.,-1.,0.));
#6835=DIRECTION('',(0.982287250728689,0.,0.187381314585725));
#6836=DIRECTION('',(0.,-1.,0.));
#6837=DIRECTION('',(0.951056516295154,0.,0.309016994374948));
#6838=DIRECTION('',(0.,-1.,0.));
#6839=DIRECTION('',(-0.309016994374948,0.,0.951056516295154));
#6840=DIRECTION('',(0.,-1.,0.));
#6841=DIRECTION('',(0.951056516295154,0.,0.309016994374948));
#6842=DIRECTION('',(0.,-1.,0.));
#6843=DIRECTION('',(0.904827052466019,0.,0.425779291565072));
#6844=DIRECTION('',(0.,-1.,0.));
#6845=DIRECTION('',(-0.425779291565072,0.,0.904827052466019));
#6846=DIRECTION('',(0.,-1.,0.));
#6847=DIRECTION('',(0.904827052466019,0.,0.425779291565072));
#6848=DIRECTION('',(0.,-1.,0.));
#6849=DIRECTION('',(0.844327925502015,0.,0.535826794978997));
#6850=DIRECTION('',(0.,-1.,0.));
#6851=DIRECTION('',(-0.535826794978997,0.,0.844327925502015));
#6852=DIRECTION('',(0.,-1.,0.));
#6853=DIRECTION('',(0.844327925502015,0.,0.535826794978997));
#6854=DIRECTION('',(0.,-1.,0.));
#6855=DIRECTION('',(0.770513242775789,0.,0.63742398974869));
#6856=DIRECTION('',(0.,-1.,0.));
#6857=DIRECTION('',(-0.63742398974869,0.,0.770513242775789));
#6858=DIRECTION('',(0.,-1.,0.));
#6859=DIRECTION('',(0.770513242775789,0.,0.63742398974869));
#6860=DIRECTION('',(0.,-1.,0.));
#6861=DIRECTION('',(0.684547105928689,0.,0.728968627421412));
#6862=DIRECTION('',(0.,-1.,0.));
#6863=DIRECTION('',(-0.728968627421412,0.,0.684547105928689));
#6864=DIRECTION('',(0.,-1.,0.));
#6865=DIRECTION('',(0.684547105928689,0.,0.728968627421412));
#6866=DIRECTION('',(0.,-1.,0.));
#6867=DIRECTION('',(0.587785252292473,0.,0.809016994374947));
#6868=DIRECTION('',(0.,-1.,0.));
#6869=DIRECTION('',(-0.809016994374947,0.,0.587785252292473));
#6870=DIRECTION('',(0.,-1.,0.));
#6871=DIRECTION('',(0.587785252292473,0.,0.809016994374947));
#6872=DIRECTION('',(0.,-1.,0.));
#6873=DIRECTION('',(0.481753674101715,0.,0.876306680043864));
#6874=DIRECTION('',(0.,-1.,0.));
#6875=DIRECTION('',(-0.876306680043864,0.,0.481753674101715));
#6876=DIRECTION('',(0.,-1.,0.));
#6877=DIRECTION('',(0.481753674101715,0.,0.876306680043864));
#6878=DIRECTION('',(0.,-1.,0.));
#6879=DIRECTION('',(0.368124552684678,0.,0.929776485888252));
#6880=DIRECTION('',(0.,-1.,0.));
#6881=DIRECTION('',(-0.929776485888252,0.,0.368124552684678));
#6882=DIRECTION('',(0.,-1.,0.));
#6883=DIRECTION('',(0.368124552684678,0.,0.929776485888252));
#6884=DIRECTION('',(0.,-1.,0.));
#6885=DIRECTION('',(0.248689887164855,0.,0.968583161128631));
#6886=DIRECTION('',(0.,-1.,0.));
#6887=DIRECTION('',(-0.968583161128631,0.,0.248689887164855));
#6888=DIRECTION('',(0.,-1.,0.));
#6889=DIRECTION('',(0.248689887164855,0.,0.968583161128631));
#6890=DIRECTION('',(0.,-1.,0.));
#6891=DIRECTION('',(0.125333233564304,0.,0.992114701314478));
#6892=DIRECTION('',(0.,-1.,0.));
#6893=DIRECTION('',(-0.992114701314478,0.,0.125333233564304));
#6894=DIRECTION('',(0.,-1.,0.));
#6895=DIRECTION('',(0.125333233564304,0.,0.992114701314478));
#6896=DIRECTION('',(0.,-1.,0.));
#6897=DIRECTION('',(1.22464679914735E-16,0.,1.));
#6898=DIRECTION('',(0.,-1.,0.));
#6899=DIRECTION('',(-1.,0.,1.22464679914735E-16));
#6900=DIRECTION('',(0.,-1.,0.));
#6901=DIRECTION('',(1.22464679914735E-16,0.,1.));
#6902=DIRECTION('',(0.,-1.,0.));
#6903=DIRECTION('',(-0.125333233564304,0.,0.992114701314478));
#6904=DIRECTION('',(0.,-1.,0.));
#6905=DIRECTION('',(-0.992114701314478,0.,-0.125333233564304));
#6906=DIRECTION('',(0.,-1.,0.));
#6907=DIRECTION('',(-0.125333233564304,0.,0.992114701314478));
#6908=DIRECTION('',(0.,-1.,0.));
#6909=DIRECTION('',(-0.248689887164855,0.,0.968583161128631));
#6910=DIRECTION('',(0.,-1.,0.));
#6911=DIRECTION('',(-0.968583161128631,0.,-0.248689887164855));
#6912=DIRECTION('',(0.,-1.,0.));
#6913=DIRECTION('',(-0.248689887164855,0.,0.968583161128631));
#6914=DIRECTION('',(0.,-1.,0.));
#6915=DIRECTION('',(-0.368124552684678,0.,0.929776485888251));
#6916=DIRECTION('',(0.,-1.,0.));
#6917=DIRECTION('',(-0.929776485888251,0.,-0.368124552684678));
#6918=DIRECTION('',(0.,-1.,0.));
#6919=DIRECTION('',(-0.368124552684678,0.,0.929776485888251));
#6920=DIRECTION('',(0.,-1.,0.));
#6921=DIRECTION('',(-0.481753674101715,0.,0.876306680043864));
#6922=DIRECTION('',(0.,-1.,0.));
#6923=DIRECTION('',(-0.876306680043864,0.,-0.481753674101715));
#6924=DIRECTION('',(0.,-1.,0.));
#6925=DIRECTION('',(-0.481753674101715,0.,0.876306680043864));
#6926=DIRECTION('',(0.,-1.,0.));
#6927=DIRECTION('',(-0.587785252292473,0.,0.809016994374948));
#6928=DIRECTION('',(0.,-1.,0.));
#6929=DIRECTION('',(-0.809016994374948,0.,-0.587785252292473));
#6930=DIRECTION('',(0.,-1.,0.));
#6931=DIRECTION('',(-0.587785252292473,0.,0.809016994374948));
#6932=DIRECTION('',(0.,-1.,0.));
#6933=DIRECTION('',(-0.684547105928689,0.,0.728968627421412));
#6934=DIRECTION('',(0.,-1.,0.));
#6935=DIRECTION('',(-0.728968627421412,0.,-0.684547105928689));
#6936=DIRECTION('',(0.,-1.,0.));
#6937=DIRECTION('',(-0.684547105928689,0.,0.728968627421412));
#6938=DIRECTION('',(0.,-1.,0.));
#6939=DIRECTION('',(-0.770513242775789,0.,0.63742398974869));
#6940=DIRECTION('',(0.,-1.,0.));
#6941=DIRECTION('',(-0.63742398974869,0.,-0.770513242775789));
#6942=DIRECTION('',(0.,-1.,0.));
#6943=DIRECTION('',(-0.770513242775789,0.,0.63742398974869));
#6944=DIRECTION('',(0.,-1.,0.));
#6945=DIRECTION('',(-0.844327925502015,0.,0.535826794978997));
#6946=DIRECTION('',(0.,-1.,0.));
#6947=DIRECTION('',(-0.535826794978997,0.,-0.844327925502015));
#6948=DIRECTION('',(0.,-1.,0.));
#6949=DIRECTION('',(-0.844327925502015,0.,0.535826794978997));
#6950=DIRECTION('',(0.,-1.,0.));
#6951=DIRECTION('',(-0.90482705246602,0.,0.425779291565072));
#6952=DIRECTION('',(0.,-1.,0.));
#6953=DIRECTION('',(-0.425779291565072,0.,-0.90482705246602));
#6954=DIRECTION('',(0.,-1.,0.));
#6955=DIRECTION('',(-0.90482705246602,0.,0.425779291565072));
#6956=DIRECTION('',(0.,-1.,0.));
#6957=DIRECTION('',(-0.951056516295154,0.,0.309016994374948));
#6958=DIRECTION('',(0.,-1.,0.));
#6959=DIRECTION('',(-0.309016994374948,0.,-0.951056516295154));
#6960=DIRECTION('',(0.,-1.,0.));
#6961=DIRECTION('',(-0.951056516295154,0.,0.309016994374948));
#6962=DIRECTION('',(0.,-1.,0.));
#6963=DIRECTION('',(-0.982287250728689,0.,0.187381314585725));
#6964=DIRECTION('',(0.,-1.,0.));
#6965=DIRECTION('',(-0.187381314585725,0.,-0.982287250728689));
#6966=DIRECTION('',(0.,-1.,0.));
#6967=DIRECTION('',(-0.982287250728689,0.,0.187381314585725));
#6968=DIRECTION('',(0.,-1.,0.));
#6969=DIRECTION('',(-0.998026728428272,0.,0.0627905195293132));
#6970=DIRECTION('',(0.,-1.,0.));
#6971=DIRECTION('',(-0.0627905195293132,0.,-0.998026728428272));
#6972=DIRECTION('',(0.,-1.,0.));
#6973=DIRECTION('',(-0.998026728428272,0.,0.0627905195293132));
#6974=DIRECTION('',(0.,-1.,0.));
#6975=DIRECTION('',(-0.998026728428272,0.,-0.0627905195293137));
#6976=DIRECTION('',(0.,-1.,0.));
#6977=DIRECTION('',(0.0627905195293137,0.,-0.998026728428272));
#6978=DIRECTION('',(0.,-1.,0.));
#6979=DIRECTION('',(-0.998026728428272,0.,-0.0627905195293137));
#6980=DIRECTION('',(0.,-1.,0.));
#6981=DIRECTION('',(-0.982287250728689,0.,-0.187381314585725));
#6982=DIRECTION('',(0.,-1.,0.));
#6983=DIRECTION('',(0.187381314585725,0.,-0.982287250728689));
#6984=DIRECTION('',(0.,-1.,0.));
#6985=DIRECTION('',(-0.982287250728689,0.,-0.187381314585725));
#6986=DIRECTION('',(0.,-1.,0.));
#6987=DIRECTION('',(-0.951056516295154,0.,-0.309016994374948));
#6988=DIRECTION('',(0.,-1.,0.));
#6989=DIRECTION('',(0.309016994374948,0.,-0.951056516295154));
#6990=DIRECTION('',(0.,-1.,0.));
#6991=DIRECTION('',(-0.951056516295154,0.,-0.309016994374948));
#6992=DIRECTION('',(0.,-1.,0.));
#6993=DIRECTION('',(-0.90482705246602,0.,-0.425779291565072));
#6994=DIRECTION('',(0.,-1.,0.));
#6995=DIRECTION('',(0.425779291565072,0.,-0.90482705246602));
#6996=DIRECTION('',(0.,-1.,0.));
#6997=DIRECTION('',(-0.90482705246602,0.,-0.425779291565072));
#6998=DIRECTION('',(0.,-1.,0.));
#6999=DIRECTION('',(-0.844327925502015,0.,-0.535826794978997));
#7000=DIRECTION('',(0.,-1.,0.));
#7001=DIRECTION('',(0.535826794978997,0.,-0.844327925502015));
#7002=DIRECTION('',(0.,-1.,0.));
#7003=DIRECTION('',(-0.844327925502015,0.,-0.535826794978997));
#7004=DIRECTION('',(0.,-1.,0.));
#7005=DIRECTION('',(-0.770513242775789,0.,-0.63742398974869));
#7006=DIRECTION('',(0.,-1.,0.));
#7007=DIRECTION('',(0.63742398974869,0.,-0.770513242775789));
#7008=DIRECTION('',(0.,-1.,0.));
#7009=DIRECTION('',(-0.770513242775789,0.,-0.63742398974869));
#7010=DIRECTION('',(0.,-1.,0.));
#7011=DIRECTION('',(-0.684547105928688,0.,-0.728968627421412));
#7012=DIRECTION('',(0.,-1.,0.));
#7013=DIRECTION('',(0.728968627421412,0.,-0.684547105928688));
#7014=DIRECTION('',(0.,-1.,0.));
#7015=DIRECTION('',(-0.684547105928688,0.,-0.728968627421412));
#7016=DIRECTION('',(0.,-1.,0.));
#7017=DIRECTION('',(-0.587785252292473,0.,-0.809016994374947));
#7018=DIRECTION('',(0.,-1.,0.));
#7019=DIRECTION('',(0.809016994374947,0.,-0.587785252292473));
#7020=DIRECTION('',(0.,-1.,0.));
#7021=DIRECTION('',(-0.587785252292473,0.,-0.809016994374947));
#7022=DIRECTION('',(0.,-1.,0.));
#7023=DIRECTION('',(-0.481753674101715,0.,-0.876306680043864));
#7024=DIRECTION('',(0.,-1.,0.));
#7025=DIRECTION('',(0.876306680043864,0.,-0.481753674101715));
#7026=DIRECTION('',(0.,-1.,0.));
#7027=DIRECTION('',(-0.481753674101715,0.,-0.876306680043864));
#7028=DIRECTION('',(0.,-1.,0.));
#7029=DIRECTION('',(-0.368124552684678,0.,-0.929776485888251));
#7030=DIRECTION('',(0.,-1.,0.));
#7031=DIRECTION('',(0.929776485888251,0.,-0.368124552684678));
#7032=DIRECTION('',(0.,-1.,0.));
#7033=DIRECTION('',(-0.368124552684678,0.,-0.929776485888251));
#7034=DIRECTION('',(0.,-1.,0.));
#7035=DIRECTION('',(-0.248689887164854,0.,-0.968583161128631));
#7036=DIRECTION('',(0.,-1.,0.));
#7037=DIRECTION('',(0.968583161128631,0.,-0.248689887164854));
#7038=DIRECTION('',(0.,-1.,0.));
#7039=DIRECTION('',(-0.248689887164854,0.,-0.968583161128631));
#7040=DIRECTION('',(0.,-1.,0.));
#7041=DIRECTION('',(-0.125333233564304,0.,-0.992114701314478));
#7042=DIRECTION('',(0.,-1.,0.));
#7043=DIRECTION('',(0.992114701314478,0.,-0.125333233564304));
#7044=DIRECTION('',(0.,-1.,0.));
#7045=DIRECTION('',(-0.125333233564304,0.,-0.992114701314478));
#7046=DIRECTION('',(0.,-1.,0.));
#7047=DIRECTION('',(1.,0.,0.));
#7048=DIRECTION('',(0.,-1.,0.));
#7049=DIRECTION('',(0.,0.,-1.));
#7050=DIRECTION('',(0.,-1.,0.));
#7051=DIRECTION('',(1.,0.,0.));
#7052=DIRECTION('',(0.,-1.,0.));
#7053=DIRECTION('',(0.,0.,-1.));
#7054=DIRECTION('',(0.,-1.,0.));
#7055=DIRECTION('',(0.125333233564304,0.,-0.992114701314478));
#7056=DIRECTION('',(0.,-1.,0.));
#7057=DIRECTION('',(0.992114701314478,0.,0.125333233564304));
#7058=DIRECTION('',(0.,1.,0.));
#7059=DIRECTION('',(0.,0.,1.));
#7060=DIRECTION('',(0.,1.,0.));
#7061=DIRECTION('',(0.,-1.,0.));
#7062=DIRECTION('',(1.,0.,0.));
#7063=DIRECTION('',(0.,1.,0.));
#7064=DIRECTION('',(0.,-1.,0.));
#7065=DIRECTION('',(1.,0.,0.));
#7066=DIRECTION('',(0.,-1.,0.));
#7067=DIRECTION('',(0.,0.,-1.));
#7068=DIRECTION('',(0.,-1.,0.));
#7069=DIRECTION('',(0.125333233564304,0.,-0.992114701314478));
#7070=DIRECTION('',(0.,-1.,0.));
#7071=DIRECTION('',(0.,0.,-1.));
#7072=DIRECTION('',(0.,-1.,0.));
#7073=DIRECTION('',(1.,0.,0.));
#7074=DIRECTION('',(0.,-1.,0.));
#7075=DIRECTION('',(0.,0.,-1.));
#7076=DIRECTION('',(0.,-1.,0.));
#7077=DIRECTION('',(-0.125333233564304,0.,-0.992114701314478));
#7078=DIRECTION('',(0.,-1.,0.));
#7079=DIRECTION('',(0.992114701314478,0.,-0.125333233564304));
#7080=DIRECTION('',(0.,-1.,0.));
#7081=DIRECTION('',(-0.125333233564304,0.,-0.992114701314478));
#7082=DIRECTION('',(0.,-1.,0.));
#7083=DIRECTION('',(-0.248689887164854,0.,-0.968583161128631));
#7084=DIRECTION('',(0.,-1.,0.));
#7085=DIRECTION('',(0.968583161128631,0.,-0.248689887164854));
#7086=DIRECTION('',(0.,-1.,0.));
#7087=DIRECTION('',(-0.248689887164854,0.,-0.968583161128631));
#7088=DIRECTION('',(0.,-1.,0.));
#7089=DIRECTION('',(-0.368124552684678,0.,-0.929776485888251));
#7090=DIRECTION('',(0.,-1.,0.));
#7091=DIRECTION('',(0.929776485888251,0.,-0.368124552684678));
#7092=DIRECTION('',(0.,-1.,0.));
#7093=DIRECTION('',(-0.368124552684678,0.,-0.929776485888251));
#7094=DIRECTION('',(0.,-1.,0.));
#7095=DIRECTION('',(-0.481753674101715,0.,-0.876306680043864));
#7096=DIRECTION('',(0.,-1.,0.));
#7097=DIRECTION('',(0.876306680043864,0.,-0.481753674101715));
#7098=DIRECTION('',(0.,-1.,0.));
#7099=DIRECTION('',(-0.481753674101715,0.,-0.876306680043864));
#7100=DIRECTION('',(0.,-1.,0.));
#7101=DIRECTION('',(-0.587785252292473,0.,-0.809016994374947));
#7102=DIRECTION('',(0.,-1.,0.));
#7103=DIRECTION('',(0.809016994374947,0.,-0.587785252292473));
#7104=DIRECTION('',(0.,-1.,0.));
#7105=DIRECTION('',(-0.587785252292473,0.,-0.809016994374947));
#7106=DIRECTION('',(0.,-1.,0.));
#7107=DIRECTION('',(-0.684547105928688,0.,-0.728968627421412));
#7108=DIRECTION('',(0.,-1.,0.));
#7109=DIRECTION('',(0.728968627421412,0.,-0.684547105928688));
#7110=DIRECTION('',(0.,-1.,0.));
#7111=DIRECTION('',(-0.684547105928688,0.,-0.728968627421412));
#7112=DIRECTION('',(0.,-1.,0.));
#7113=DIRECTION('',(-0.770513242775789,0.,-0.63742398974869));
#7114=DIRECTION('',(0.,-1.,0.));
#7115=DIRECTION('',(0.63742398974869,0.,-0.770513242775789));
#7116=DIRECTION('',(0.,-1.,0.));
#7117=DIRECTION('',(-0.770513242775789,0.,-0.63742398974869));
#7118=DIRECTION('',(0.,-1.,0.));
#7119=DIRECTION('',(-0.844327925502015,0.,-0.535826794978997));
#7120=DIRECTION('',(0.,-1.,0.));
#7121=DIRECTION('',(0.535826794978997,0.,-0.844327925502015));
#7122=DIRECTION('',(0.,-1.,0.));
#7123=DIRECTION('',(-0.844327925502015,0.,-0.535826794978997));
#7124=DIRECTION('',(0.,-1.,0.));
#7125=DIRECTION('',(-0.90482705246602,0.,-0.425779291565072));
#7126=DIRECTION('',(0.,-1.,0.));
#7127=DIRECTION('',(0.425779291565072,0.,-0.90482705246602));
#7128=DIRECTION('',(0.,-1.,0.));
#7129=DIRECTION('',(-0.90482705246602,0.,-0.425779291565072));
#7130=DIRECTION('',(0.,-1.,0.));
#7131=DIRECTION('',(-0.951056516295154,0.,-0.309016994374948));
#7132=DIRECTION('',(0.,-1.,0.));
#7133=DIRECTION('',(0.309016994374948,0.,-0.951056516295154));
#7134=DIRECTION('',(0.,-1.,0.));
#7135=DIRECTION('',(-0.951056516295154,0.,-0.309016994374948));
#7136=DIRECTION('',(0.,-1.,0.));
#7137=DIRECTION('',(-0.982287250728689,0.,-0.187381314585725));
#7138=DIRECTION('',(0.,-1.,0.));
#7139=DIRECTION('',(0.187381314585725,0.,-0.982287250728689));
#7140=DIRECTION('',(0.,-1.,0.));
#7141=DIRECTION('',(-0.982287250728689,0.,-0.187381314585725));
#7142=DIRECTION('',(0.,-1.,0.));
#7143=DIRECTION('',(-0.998026728428272,0.,-0.0627905195293137));
#7144=DIRECTION('',(0.,-1.,0.));
#7145=DIRECTION('',(0.0627905195293137,0.,-0.998026728428272));
#7146=DIRECTION('',(0.,-1.,0.));
#7147=DIRECTION('',(-0.998026728428272,0.,-0.0627905195293137));
#7148=DIRECTION('',(0.,-1.,0.));
#7149=DIRECTION('',(-0.998026728428272,0.,0.0627905195293132));
#7150=DIRECTION('',(0.,-1.,0.));
#7151=DIRECTION('',(-0.0627905195293132,0.,-0.998026728428272));
#7152=DIRECTION('',(0.,-1.,0.));
#7153=DIRECTION('',(-0.998026728428272,0.,0.0627905195293132));
#7154=DIRECTION('',(0.,-1.,0.));
#7155=DIRECTION('',(-0.982287250728689,0.,0.187381314585725));
#7156=DIRECTION('',(0.,-1.,0.));
#7157=DIRECTION('',(-0.187381314585725,0.,-0.982287250728689));
#7158=DIRECTION('',(0.,-1.,0.));
#7159=DIRECTION('',(-0.982287250728689,0.,0.187381314585725));
#7160=DIRECTION('',(0.,-1.,0.));
#7161=DIRECTION('',(-0.951056516295154,0.,0.309016994374948));
#7162=DIRECTION('',(0.,-1.,0.));
#7163=DIRECTION('',(-0.309016994374948,0.,-0.951056516295154));
#7164=DIRECTION('',(0.,-1.,0.));
#7165=DIRECTION('',(-0.951056516295154,0.,0.309016994374948));
#7166=DIRECTION('',(0.,-1.,0.));
#7167=DIRECTION('',(-0.90482705246602,0.,0.425779291565072));
#7168=DIRECTION('',(0.,-1.,0.));
#7169=DIRECTION('',(-0.425779291565072,0.,-0.90482705246602));
#7170=DIRECTION('',(0.,-1.,0.));
#7171=DIRECTION('',(-0.90482705246602,0.,0.425779291565072));
#7172=DIRECTION('',(0.,-1.,0.));
#7173=DIRECTION('',(-0.844327925502015,0.,0.535826794978997));
#7174=DIRECTION('',(0.,-1.,0.));
#7175=DIRECTION('',(-0.535826794978997,0.,-0.844327925502015));
#7176=DIRECTION('',(0.,-1.,0.));
#7177=DIRECTION('',(-0.844327925502015,0.,0.535826794978997));
#7178=DIRECTION('',(0.,-1.,0.));
#7179=DIRECTION('',(-0.770513242775789,0.,0.63742398974869));
#7180=DIRECTION('',(0.,-1.,0.));
#7181=DIRECTION('',(-0.63742398974869,0.,-0.770513242775789));
#7182=DIRECTION('',(0.,-1.,0.));
#7183=DIRECTION('',(-0.770513242775789,0.,0.63742398974869));
#7184=DIRECTION('',(0.,-1.,0.));
#7185=DIRECTION('',(-0.684547105928689,0.,0.728968627421412));
#7186=DIRECTION('',(0.,-1.,0.));
#7187=DIRECTION('',(-0.728968627421412,0.,-0.684547105928689));
#7188=DIRECTION('',(0.,-1.,0.));
#7189=DIRECTION('',(-0.684547105928689,0.,0.728968627421412));
#7190=DIRECTION('',(0.,-1.,0.));
#7191=DIRECTION('',(-0.587785252292473,0.,0.809016994374948));
#7192=DIRECTION('',(0.,-1.,0.));
#7193=DIRECTION('',(-0.809016994374948,0.,-0.587785252292473));
#7194=DIRECTION('',(0.,-1.,0.));
#7195=DIRECTION('',(-0.587785252292473,0.,0.809016994374948));
#7196=DIRECTION('',(0.,-1.,0.));
#7197=DIRECTION('',(-0.481753674101715,0.,0.876306680043864));
#7198=DIRECTION('',(0.,-1.,0.));
#7199=DIRECTION('',(-0.876306680043864,0.,-0.481753674101715));
#7200=DIRECTION('',(0.,-1.,0.));
#7201=DIRECTION('',(-0.481753674101715,0.,0.876306680043864));
#7202=DIRECTION('',(0.,-1.,0.));
#7203=DIRECTION('',(-0.368124552684678,0.,0.929776485888251));
#7204=DIRECTION('',(0.,-1.,0.));
#7205=DIRECTION('',(-0.929776485888251,0.,-0.368124552684678));
#7206=DIRECTION('',(0.,-1.,0.));
#7207=DIRECTION('',(-0.368124552684678,0.,0.929776485888251));
#7208=DIRECTION('',(0.,-1.,0.));
#7209=DIRECTION('',(-0.248689887164855,0.,0.968583161128631));
#7210=DIRECTION('',(0.,-1.,0.));
#7211=DIRECTION('',(-0.968583161128631,0.,-0.248689887164855));
#7212=DIRECTION('',(0.,-1.,0.));
#7213=DIRECTION('',(-0.248689887164855,0.,0.968583161128631));
#7214=DIRECTION('',(0.,-1.,0.));
#7215=DIRECTION('',(-0.125333233564304,0.,0.992114701314478));
#7216=DIRECTION('',(0.,-1.,0.));
#7217=DIRECTION('',(-0.992114701314478,0.,-0.125333233564304));
#7218=DIRECTION('',(0.,-1.,0.));
#7219=DIRECTION('',(-0.125333233564304,0.,0.992114701314478));
#7220=DIRECTION('',(0.,-1.,0.));
#7221=DIRECTION('',(1.22464679914735E-16,0.,1.));
#7222=DIRECTION('',(0.,-1.,0.));
#7223=DIRECTION('',(-1.,0.,1.22464679914735E-16));
#7224=DIRECTION('',(0.,-1.,0.));
#7225=DIRECTION('',(1.22464679914735E-16,0.,1.));
#7226=DIRECTION('',(0.,-1.,0.));
#7227=DIRECTION('',(0.125333233564304,0.,0.992114701314478));
#7228=DIRECTION('',(0.,-1.,0.));
#7229=DIRECTION('',(-0.992114701314478,0.,0.125333233564304));
#7230=DIRECTION('',(0.,-1.,0.));
#7231=DIRECTION('',(0.125333233564304,0.,0.992114701314478));
#7232=DIRECTION('',(0.,-1.,0.));
#7233=DIRECTION('',(0.248689887164855,0.,0.968583161128631));
#7234=DIRECTION('',(0.,-1.,0.));
#7235=DIRECTION('',(-0.968583161128631,0.,0.248689887164855));
#7236=DIRECTION('',(0.,-1.,0.));
#7237=DIRECTION('',(0.248689887164855,0.,0.968583161128631));
#7238=DIRECTION('',(0.,-1.,0.));
#7239=DIRECTION('',(0.368124552684678,0.,0.929776485888252));
#7240=DIRECTION('',(0.,-1.,0.));
#7241=DIRECTION('',(-0.929776485888252,0.,0.368124552684678));
#7242=DIRECTION('',(0.,-1.,0.));
#7243=DIRECTION('',(0.368124552684678,0.,0.929776485888252));
#7244=DIRECTION('',(0.,-1.,0.));
#7245=DIRECTION('',(0.481753674101715,0.,0.876306680043864));
#7246=DIRECTION('',(0.,-1.,0.));
#7247=DIRECTION('',(-0.876306680043864,0.,0.481753674101715));
#7248=DIRECTION('',(0.,-1.,0.));
#7249=DIRECTION('',(0.481753674101715,0.,0.876306680043864));
#7250=DIRECTION('',(0.,-1.,0.));
#7251=DIRECTION('',(0.587785252292473,0.,0.809016994374947));
#7252=DIRECTION('',(0.,-1.,0.));
#7253=DIRECTION('',(-0.809016994374947,0.,0.587785252292473));
#7254=DIRECTION('',(0.,-1.,0.));
#7255=DIRECTION('',(0.587785252292473,0.,0.809016994374947));
#7256=DIRECTION('',(0.,-1.,0.));
#7257=DIRECTION('',(0.684547105928689,0.,0.728968627421412));
#7258=DIRECTION('',(0.,-1.,0.));
#7259=DIRECTION('',(-0.728968627421412,0.,0.684547105928689));
#7260=DIRECTION('',(0.,-1.,0.));
#7261=DIRECTION('',(0.684547105928689,0.,0.728968627421412));
#7262=DIRECTION('',(0.,-1.,0.));
#7263=DIRECTION('',(0.770513242775789,0.,0.63742398974869));
#7264=DIRECTION('',(0.,-1.,0.));
#7265=DIRECTION('',(-0.63742398974869,0.,0.770513242775789));
#7266=DIRECTION('',(0.,-1.,0.));
#7267=DIRECTION('',(0.770513242775789,0.,0.63742398974869));
#7268=DIRECTION('',(0.,-1.,0.));
#7269=DIRECTION('',(0.844327925502015,0.,0.535826794978997));
#7270=DIRECTION('',(0.,-1.,0.));
#7271=DIRECTION('',(-0.535826794978997,0.,0.844327925502015));
#7272=DIRECTION('',(0.,-1.,0.));
#7273=DIRECTION('',(0.844327925502015,0.,0.535826794978997));
#7274=DIRECTION('',(0.,-1.,0.));
#7275=DIRECTION('',(0.904827052466019,0.,0.425779291565072));
#7276=DIRECTION('',(0.,-1.,0.));
#7277=DIRECTION('',(-0.425779291565072,0.,0.904827052466019));
#7278=DIRECTION('',(0.,-1.,0.));
#7279=DIRECTION('',(0.904827052466019,0.,0.425779291565072));
#7280=DIRECTION('',(0.,-1.,0.));
#7281=DIRECTION('',(0.951056516295154,0.,0.309016994374948));
#7282=DIRECTION('',(0.,-1.,0.));
#7283=DIRECTION('',(-0.309016994374948,0.,0.951056516295154));
#7284=DIRECTION('',(0.,-1.,0.));
#7285=DIRECTION('',(0.951056516295154,0.,0.309016994374948));
#7286=DIRECTION('',(0.,-1.,0.));
#7287=DIRECTION('',(0.982287250728689,0.,0.187381314585725));
#7288=DIRECTION('',(0.,-1.,0.));
#7289=DIRECTION('',(-0.187381314585725,0.,0.982287250728689));
#7290=DIRECTION('',(0.,-1.,0.));
#7291=DIRECTION('',(0.982287250728689,0.,0.187381314585725));
#7292=DIRECTION('',(0.,-1.,0.));
#7293=DIRECTION('',(0.998026728428272,0.,0.0627905195293134));
#7294=DIRECTION('',(0.,-1.,0.));
#7295=DIRECTION('',(-0.0627905195293134,0.,0.998026728428272));
#7296=DIRECTION('',(0.,-1.,0.));
#7297=DIRECTION('',(0.998026728428272,0.,0.0627905195293134));
#7298=DIRECTION('',(0.,-1.,0.));
#7299=DIRECTION('',(0.998026728428272,0.,-0.0627905195293133));
#7300=DIRECTION('',(0.,-1.,0.));
#7301=DIRECTION('',(0.0627905195293133,0.,0.998026728428272));
#7302=DIRECTION('',(0.,-1.,0.));
#7303=DIRECTION('',(0.998026728428272,0.,-0.0627905195293133));
#7304=DIRECTION('',(0.,-1.,0.));
#7305=DIRECTION('',(0.982287250728689,0.,-0.187381314585725));
#7306=DIRECTION('',(0.,-1.,0.));
#7307=DIRECTION('',(0.187381314585725,0.,0.982287250728689));
#7308=DIRECTION('',(0.,-1.,0.));
#7309=DIRECTION('',(0.982287250728689,0.,-0.187381314585725));
#7310=DIRECTION('',(0.,-1.,0.));
#7311=DIRECTION('',(0.951056516295154,0.,-0.309016994374948));
#7312=DIRECTION('',(0.,-1.,0.));
#7313=DIRECTION('',(0.309016994374948,0.,0.951056516295154));
#7314=DIRECTION('',(0.,-1.,0.));
#7315=DIRECTION('',(0.951056516295154,0.,-0.309016994374948));
#7316=DIRECTION('',(0.,-1.,0.));
#7317=DIRECTION('',(0.90482705246602,0.,-0.425779291565072));
#7318=DIRECTION('',(0.,-1.,0.));
#7319=DIRECTION('',(0.425779291565072,0.,0.90482705246602));
#7320=DIRECTION('',(0.,-1.,0.));
#7321=DIRECTION('',(0.90482705246602,0.,-0.425779291565072));
#7322=DIRECTION('',(0.,-1.,0.));
#7323=DIRECTION('',(0.844327925502015,0.,-0.535826794978997));
#7324=DIRECTION('',(0.,-1.,0.));
#7325=DIRECTION('',(0.535826794978997,0.,0.844327925502015));
#7326=DIRECTION('',(0.,-1.,0.));
#7327=DIRECTION('',(0.844327925502015,0.,-0.535826794978997));
#7328=DIRECTION('',(0.,-1.,0.));
#7329=DIRECTION('',(0.770513242775789,0.,-0.63742398974869));
#7330=DIRECTION('',(0.,-1.,0.));
#7331=DIRECTION('',(0.63742398974869,0.,0.770513242775789));
#7332=DIRECTION('',(0.,-1.,0.));
#7333=DIRECTION('',(0.770513242775789,0.,-0.63742398974869));
#7334=DIRECTION('',(0.,-1.,0.));
#7335=DIRECTION('',(0.684547105928689,0.,-0.728968627421412));
#7336=DIRECTION('',(0.,-1.,0.));
#7337=DIRECTION('',(0.728968627421412,0.,0.684547105928689));
#7338=DIRECTION('',(0.,-1.,0.));
#7339=DIRECTION('',(0.684547105928689,0.,-0.728968627421412));
#7340=DIRECTION('',(0.,-1.,0.));
#7341=DIRECTION('',(0.587785252292473,0.,-0.809016994374948));
#7342=DIRECTION('',(0.,-1.,0.));
#7343=DIRECTION('',(0.809016994374948,0.,0.587785252292473));
#7344=DIRECTION('',(0.,-1.,0.));
#7345=DIRECTION('',(0.587785252292473,0.,-0.809016994374948));
#7346=DIRECTION('',(0.,-1.,0.));
#7347=DIRECTION('',(0.481753674101715,0.,-0.876306680043864));
#7348=DIRECTION('',(0.,-1.,0.));
#7349=DIRECTION('',(0.876306680043864,0.,0.481753674101715));
#7350=DIRECTION('',(0.,-1.,0.));
#7351=DIRECTION('',(0.481753674101715,0.,-0.876306680043864));
#7352=DIRECTION('',(0.,-1.,0.));
#7353=DIRECTION('',(0.368124552684678,0.,-0.929776485888251));
#7354=DIRECTION('',(0.,-1.,0.));
#7355=DIRECTION('',(0.929776485888251,0.,0.368124552684678));
#7356=DIRECTION('',(0.,-1.,0.));
#7357=DIRECTION('',(0.368124552684678,0.,-0.929776485888251));
#7358=DIRECTION('',(0.,-1.,0.));
#7359=DIRECTION('',(0.248689887164855,0.,-0.968583161128631));
#7360=DIRECTION('',(0.,-1.,0.));
#7361=DIRECTION('',(0.968583161128631,0.,0.248689887164855));
#7362=DIRECTION('',(0.,-1.,0.));
#7363=DIRECTION('',(0.248689887164855,0.,-0.968583161128631));
#7364=DIRECTION('',(0.,-1.,0.));
#7365=DIRECTION('',(0.125333233564304,0.,-0.992114701314478));
#7366=DIRECTION('',(0.,-1.,0.));
#7367=DIRECTION('',(0.992114701314478,0.,0.125333233564304));
#7368=DIRECTION('',(0.,1.,0.));
#7369=DIRECTION('',(0.,1.,0.));
#7370=DIRECTION('',(0.,0.,1.));
#7371=DIRECTION('',(0.,1.,0.));
#7372=DIRECTION('',(0.,1.,0.));
#7373=DIRECTION('',(0.,1.,0.));
#7374=DIRECTION('',(0.,1.,0.));
#7375=DIRECTION('',(0.,0.,1.));
#7376=DIRECTION('',(0.,1.,0.));
#7377=DIRECTION('',(0.,0.,1.));
#7378=DIRECTION('',(0.,1.,0.));
#7379=DIRECTION('',(0.,1.,0.));
#7380=DIRECTION('',(0.125333233564304,0.,0.992114701314478));
#7381=DIRECTION('',(0.,1.,0.));
#7382=DIRECTION('',(0.,1.,0.));
#7383=DIRECTION('',(0.,1.,0.));
#7384=DIRECTION('',(0.,1.,0.));
#7385=DIRECTION('',(0.125333233564304,0.,0.992114701314478));
#7386=DIRECTION('',(0.,1.,0.));
#7387=DIRECTION('',(0.125333233564304,0.,0.992114701314478));
#7388=DIRECTION('',(0.,1.,0.));
#7389=DIRECTION('',(0.,1.,0.));
#7390=DIRECTION('',(0.770513242775789,0.,0.63742398974869));
#7391=DIRECTION('',(0.,1.,0.));
#7392=DIRECTION('',(0.,1.,0.));
#7393=DIRECTION('',(0.,1.,0.));
#7394=DIRECTION('',(0.,1.,0.));
#7395=DIRECTION('',(0.770513242775789,0.,0.63742398974869));
#7396=DIRECTION('',(0.,1.,0.));
#7397=DIRECTION('',(0.770513242775789,0.,0.63742398974869));
#7398=DIRECTION('',(0.,1.,0.));
#7399=DIRECTION('',(0.,1.,0.));
#7400=DIRECTION('',(0.684547105928688,0.,0.728968627421412));
#7401=DIRECTION('',(0.,1.,0.));
#7402=DIRECTION('',(0.,1.,0.));
#7403=DIRECTION('',(0.,1.,0.));
#7404=DIRECTION('',(0.,1.,0.));
#7405=DIRECTION('',(0.684547105928688,0.,0.728968627421412));
#7406=DIRECTION('',(0.,1.,0.));
#7407=DIRECTION('',(0.684547105928688,0.,0.728968627421412));
#7408=DIRECTION('',(0.,1.,0.));
#7409=DIRECTION('',(0.,1.,0.));
#7410=DIRECTION('',(0.844327925502015,0.,0.535826794978997));
#7411=DIRECTION('',(0.,1.,0.));
#7412=DIRECTION('',(0.,1.,0.));
#7413=DIRECTION('',(0.,1.,0.));
#7414=DIRECTION('',(0.,1.,0.));
#7415=DIRECTION('',(0.844327925502015,0.,0.535826794978997));
#7416=DIRECTION('',(0.,1.,0.));
#7417=DIRECTION('',(0.844327925502015,0.,0.535826794978997));
#7418=DIRECTION('',(0.,1.,0.));
#7419=DIRECTION('',(0.,1.,0.));
#7420=DIRECTION('',(0.90482705246602,0.,0.425779291565072));
#7421=DIRECTION('',(0.,1.,0.));
#7422=DIRECTION('',(0.,1.,0.));
#7423=DIRECTION('',(0.,1.,0.));
#7424=DIRECTION('',(0.,1.,0.));
#7425=DIRECTION('',(0.90482705246602,0.,0.425779291565072));
#7426=DIRECTION('',(0.,1.,0.));
#7427=DIRECTION('',(0.90482705246602,0.,0.425779291565072));
#7428=DIRECTION('',(0.,1.,0.));
#7429=DIRECTION('',(0.,1.,0.));
#7430=DIRECTION('',(0.587785252292473,0.,0.809016994374947));
#7431=DIRECTION('',(0.,1.,0.));
#7432=DIRECTION('',(0.,1.,0.));
#7433=DIRECTION('',(0.,1.,0.));
#7434=DIRECTION('',(0.,1.,0.));
#7435=DIRECTION('',(0.587785252292473,0.,0.809016994374947));
#7436=DIRECTION('',(0.,1.,0.));
#7437=DIRECTION('',(0.587785252292473,0.,0.809016994374947));
#7438=DIRECTION('',(0.,1.,0.));
#7439=DIRECTION('',(0.,1.,0.));
#7440=DIRECTION('',(0.481753674101715,0.,0.876306680043864));
#7441=DIRECTION('',(0.,1.,0.));
#7442=DIRECTION('',(0.,1.,0.));
#7443=DIRECTION('',(0.,1.,0.));
#7444=DIRECTION('',(0.,1.,0.));
#7445=DIRECTION('',(0.481753674101715,0.,0.876306680043864));
#7446=DIRECTION('',(0.,1.,0.));
#7447=DIRECTION('',(0.481753674101715,0.,0.876306680043864));
#7448=DIRECTION('',(0.,1.,0.));
#7449=DIRECTION('',(0.,1.,0.));
#7450=DIRECTION('',(0.368124552684678,0.,0.929776485888251));
#7451=DIRECTION('',(0.,1.,0.));
#7452=DIRECTION('',(0.,1.,0.));
#7453=DIRECTION('',(0.,1.,0.));
#7454=DIRECTION('',(0.,1.,0.));
#7455=DIRECTION('',(0.368124552684678,0.,0.929776485888251));
#7456=DIRECTION('',(0.,1.,0.));
#7457=DIRECTION('',(0.368124552684678,0.,0.929776485888251));
#7458=DIRECTION('',(0.,1.,0.));
#7459=DIRECTION('',(0.,1.,0.));
#7460=DIRECTION('',(0.248689887164854,0.,0.968583161128631));
#7461=DIRECTION('',(0.,1.,0.));
#7462=DIRECTION('',(0.,1.,0.));
#7463=DIRECTION('',(0.,1.,0.));
#7464=DIRECTION('',(0.,1.,0.));
#7465=DIRECTION('',(0.248689887164854,0.,0.968583161128631));
#7466=DIRECTION('',(0.,1.,0.));
#7467=DIRECTION('',(0.248689887164854,0.,0.968583161128631));
#7468=DIRECTION('',(0.,1.,0.));
#7469=DIRECTION('',(0.,1.,0.));
#7470=DIRECTION('',(0.951056516295154,0.,0.309016994374948));
#7471=DIRECTION('',(0.,1.,0.));
#7472=DIRECTION('',(0.,1.,0.));
#7473=DIRECTION('',(0.,1.,0.));
#7474=DIRECTION('',(0.,1.,0.));
#7475=DIRECTION('',(0.951056516295154,0.,0.309016994374948));
#7476=DIRECTION('',(0.,1.,0.));
#7477=DIRECTION('',(0.951056516295154,0.,0.309016994374948));
#7478=DIRECTION('',(0.,1.,0.));
#7479=DIRECTION('',(0.,1.,0.));
#7480=DIRECTION('',(0.982287250728689,0.,0.187381314585725));
#7481=DIRECTION('',(0.,1.,0.));
#7482=DIRECTION('',(0.,1.,0.));
#7483=DIRECTION('',(0.,1.,0.));
#7484=DIRECTION('',(0.,1.,0.));
#7485=DIRECTION('',(0.982287250728689,0.,0.187381314585725));
#7486=DIRECTION('',(0.,1.,0.));
#7487=DIRECTION('',(0.982287250728689,0.,0.187381314585725));
#7488=DIRECTION('',(0.,1.,0.));
#7489=DIRECTION('',(0.,1.,0.));
#7490=DIRECTION('',(0.998026728428272,0.,0.0627905195293137));
#7491=DIRECTION('',(0.,1.,0.));
#7492=DIRECTION('',(0.,1.,0.));
#7493=DIRECTION('',(0.,1.,0.));
#7494=DIRECTION('',(0.,1.,0.));
#7495=DIRECTION('',(0.998026728428272,0.,0.0627905195293137));
#7496=DIRECTION('',(0.,1.,0.));
#7497=DIRECTION('',(0.998026728428272,0.,0.0627905195293137));
#7498=DIRECTION('',(0.,1.,0.));
#7499=DIRECTION('',(0.,1.,0.));
#7500=DIRECTION('',(0.998026728428272,0.,-0.0627905195293132));
#7501=DIRECTION('',(0.,1.,0.));
#7502=DIRECTION('',(0.,1.,0.));
#7503=DIRECTION('',(0.,1.,0.));
#7504=DIRECTION('',(0.,1.,0.));
#7505=DIRECTION('',(0.998026728428272,0.,-0.0627905195293132));
#7506=DIRECTION('',(0.,1.,0.));
#7507=DIRECTION('',(0.998026728428272,0.,-0.0627905195293132));
#7508=DIRECTION('',(0.,1.,0.));
#7509=DIRECTION('',(0.,1.,0.));
#7510=DIRECTION('',(0.982287250728689,0.,-0.187381314585725));
#7511=DIRECTION('',(0.,1.,0.));
#7512=DIRECTION('',(0.,1.,0.));
#7513=DIRECTION('',(0.,1.,0.));
#7514=DIRECTION('',(0.,1.,0.));
#7515=DIRECTION('',(0.982287250728689,0.,-0.187381314585725));
#7516=DIRECTION('',(0.,1.,0.));
#7517=DIRECTION('',(0.982287250728689,0.,-0.187381314585725));
#7518=DIRECTION('',(0.,1.,0.));
#7519=DIRECTION('',(0.,1.,0.));
#7520=DIRECTION('',(0.951056516295154,0.,-0.309016994374948));
#7521=DIRECTION('',(0.,1.,0.));
#7522=DIRECTION('',(0.,1.,0.));
#7523=DIRECTION('',(0.,1.,0.));
#7524=DIRECTION('',(0.,1.,0.));
#7525=DIRECTION('',(0.951056516295154,0.,-0.309016994374948));
#7526=DIRECTION('',(0.,1.,0.));
#7527=DIRECTION('',(0.951056516295154,0.,-0.309016994374948));
#7528=DIRECTION('',(0.,1.,0.));
#7529=DIRECTION('',(0.,1.,0.));
#7530=DIRECTION('',(0.90482705246602,0.,-0.425779291565072));
#7531=DIRECTION('',(0.,1.,0.));
#7532=DIRECTION('',(0.,1.,0.));
#7533=DIRECTION('',(0.,1.,0.));
#7534=DIRECTION('',(0.,1.,0.));
#7535=DIRECTION('',(0.90482705246602,0.,-0.425779291565072));
#7536=DIRECTION('',(0.,1.,0.));
#7537=DIRECTION('',(0.90482705246602,0.,-0.425779291565072));
#7538=DIRECTION('',(0.,1.,0.));
#7539=DIRECTION('',(0.,1.,0.));
#7540=DIRECTION('',(0.844327925502015,0.,-0.535826794978997));
#7541=DIRECTION('',(0.,1.,0.));
#7542=DIRECTION('',(0.,1.,0.));
#7543=DIRECTION('',(0.,1.,0.));
#7544=DIRECTION('',(0.,1.,0.));
#7545=DIRECTION('',(0.844327925502015,0.,-0.535826794978997));
#7546=DIRECTION('',(0.,1.,0.));
#7547=DIRECTION('',(0.844327925502015,0.,-0.535826794978997));
#7548=DIRECTION('',(0.,1.,0.));
#7549=DIRECTION('',(0.,1.,0.));
#7550=DIRECTION('',(0.481753674101715,0.,-0.876306680043864));
#7551=DIRECTION('',(0.,1.,0.));
#7552=DIRECTION('',(0.,1.,0.));
#7553=DIRECTION('',(0.,1.,0.));
#7554=DIRECTION('',(0.,1.,0.));
#7555=DIRECTION('',(0.481753674101715,0.,-0.876306680043864));
#7556=DIRECTION('',(0.,1.,0.));
#7557=DIRECTION('',(0.481753674101715,0.,-0.876306680043864));
#7558=DIRECTION('',(0.,1.,0.));
#7559=DIRECTION('',(0.,1.,0.));
#7560=DIRECTION('',(0.587785252292473,0.,-0.809016994374948));
#7561=DIRECTION('',(0.,1.,0.));
#7562=DIRECTION('',(0.,1.,0.));
#7563=DIRECTION('',(0.,1.,0.));
#7564=DIRECTION('',(0.,1.,0.));
#7565=DIRECTION('',(0.587785252292473,0.,-0.809016994374948));
#7566=DIRECTION('',(0.,1.,0.));
#7567=DIRECTION('',(0.587785252292473,0.,-0.809016994374948));
#7568=DIRECTION('',(0.,1.,0.));
#7569=DIRECTION('',(0.,1.,0.));
#7570=DIRECTION('',(0.770513242775789,0.,-0.63742398974869));
#7571=DIRECTION('',(0.,1.,0.));
#7572=DIRECTION('',(0.,1.,0.));
#7573=DIRECTION('',(0.,1.,0.));
#7574=DIRECTION('',(0.,1.,0.));
#7575=DIRECTION('',(0.770513242775789,0.,-0.63742398974869));
#7576=DIRECTION('',(0.,1.,0.));
#7577=DIRECTION('',(0.770513242775789,0.,-0.63742398974869));
#7578=DIRECTION('',(0.,1.,0.));
#7579=DIRECTION('',(0.,1.,0.));
#7580=DIRECTION('',(0.684547105928689,0.,-0.728968627421412));
#7581=DIRECTION('',(0.,1.,0.));
#7582=DIRECTION('',(0.,1.,0.));
#7583=DIRECTION('',(0.,1.,0.));
#7584=DIRECTION('',(0.,1.,0.));
#7585=DIRECTION('',(0.684547105928689,0.,-0.728968627421412));
#7586=DIRECTION('',(0.,1.,0.));
#7587=DIRECTION('',(0.684547105928689,0.,-0.728968627421412));
#7588=DIRECTION('',(0.,1.,0.));
#7589=DIRECTION('',(0.,1.,0.));
#7590=DIRECTION('',(0.368124552684678,0.,-0.929776485888251));
#7591=DIRECTION('',(0.,1.,0.));
#7592=DIRECTION('',(0.,1.,0.));
#7593=DIRECTION('',(0.,1.,0.));
#7594=DIRECTION('',(0.,1.,0.));
#7595=DIRECTION('',(0.368124552684678,0.,-0.929776485888251));
#7596=DIRECTION('',(0.,1.,0.));
#7597=DIRECTION('',(0.368124552684678,0.,-0.929776485888251));
#7598=DIRECTION('',(0.,1.,0.));
#7599=DIRECTION('',(0.,1.,0.));
#7600=DIRECTION('',(0.248689887164855,0.,-0.968583161128631));
#7601=DIRECTION('',(0.,1.,0.));
#7602=DIRECTION('',(0.,1.,0.));
#7603=DIRECTION('',(0.,1.,0.));
#7604=DIRECTION('',(0.,1.,0.));
#7605=DIRECTION('',(0.248689887164855,0.,-0.968583161128631));
#7606=DIRECTION('',(0.,1.,0.));
#7607=DIRECTION('',(0.248689887164855,0.,-0.968583161128631));
#7608=DIRECTION('',(0.,1.,0.));
#7609=DIRECTION('',(0.,1.,0.));
#7610=DIRECTION('',(0.125333233564304,0.,-0.992114701314478));
#7611=DIRECTION('',(0.,1.,0.));
#7612=DIRECTION('',(0.,1.,0.));
#7613=DIRECTION('',(0.,1.,0.));
#7614=DIRECTION('',(0.,1.,0.));
#7615=DIRECTION('',(0.125333233564304,0.,-0.992114701314478));
#7616=DIRECTION('',(0.,1.,0.));
#7617=DIRECTION('',(0.125333233564304,0.,-0.992114701314478));
#7618=DIRECTION('',(0.,1.,0.));
#7619=DIRECTION('',(0.,1.,0.));
#7620=DIRECTION('',(-1.22464679914735E-16,0.,-1.));
#7621=DIRECTION('',(0.,1.,0.));
#7622=DIRECTION('',(0.,1.,0.));
#7623=DIRECTION('',(0.,1.,0.));
#7624=DIRECTION('',(0.,1.,0.));
#7625=DIRECTION('',(-1.22464679914735E-16,0.,-1.));
#7626=DIRECTION('',(0.,1.,0.));
#7627=DIRECTION('',(-1.22464679914735E-16,0.,-1.));
#7628=DIRECTION('',(0.,1.,0.));
#7629=DIRECTION('',(0.,1.,0.));
#7630=DIRECTION('',(-0.125333233564304,0.,-0.992114701314478));
#7631=DIRECTION('',(0.,1.,0.));
#7632=DIRECTION('',(0.,1.,0.));
#7633=DIRECTION('',(0.,1.,0.));
#7634=DIRECTION('',(0.,1.,0.));
#7635=DIRECTION('',(-0.125333233564304,0.,-0.992114701314478));
#7636=DIRECTION('',(0.,1.,0.));
#7637=DIRECTION('',(-0.125333233564304,0.,-0.992114701314478));
#7638=DIRECTION('',(0.,1.,0.));
#7639=DIRECTION('',(0.,1.,0.));
#7640=DIRECTION('',(-0.248689887164855,0.,-0.968583161128631));
#7641=DIRECTION('',(0.,1.,0.));
#7642=DIRECTION('',(0.,1.,0.));
#7643=DIRECTION('',(0.,1.,0.));
#7644=DIRECTION('',(0.,1.,0.));
#7645=DIRECTION('',(-0.248689887164855,0.,-0.968583161128631));
#7646=DIRECTION('',(0.,1.,0.));
#7647=DIRECTION('',(-0.248689887164855,0.,-0.968583161128631));
#7648=DIRECTION('',(0.,1.,0.));
#7649=DIRECTION('',(0.,1.,0.));
#7650=DIRECTION('',(-0.368124552684678,0.,-0.929776485888252));
#7651=DIRECTION('',(0.,1.,0.));
#7652=DIRECTION('',(0.,1.,0.));
#7653=DIRECTION('',(0.,1.,0.));
#7654=DIRECTION('',(0.,1.,0.));
#7655=DIRECTION('',(-0.368124552684678,0.,-0.929776485888252));
#7656=DIRECTION('',(0.,1.,0.));
#7657=DIRECTION('',(-0.368124552684678,0.,-0.929776485888252));
#7658=DIRECTION('',(0.,1.,0.));
#7659=DIRECTION('',(0.,1.,0.));
#7660=DIRECTION('',(-0.481753674101715,0.,-0.876306680043864));
#7661=DIRECTION('',(0.,1.,0.));
#7662=DIRECTION('',(0.,1.,0.));
#7663=DIRECTION('',(0.,1.,0.));
#7664=DIRECTION('',(0.,1.,0.));
#7665=DIRECTION('',(-0.481753674101715,0.,-0.876306680043864));
#7666=DIRECTION('',(0.,1.,0.));
#7667=DIRECTION('',(-0.481753674101715,0.,-0.876306680043864));
#7668=DIRECTION('',(0.,1.,0.));
#7669=DIRECTION('',(0.,1.,0.));
#7670=DIRECTION('',(-0.770513242775789,0.,-0.63742398974869));
#7671=DIRECTION('',(0.,1.,0.));
#7672=DIRECTION('',(0.,1.,0.));
#7673=DIRECTION('',(0.,1.,0.));
#7674=DIRECTION('',(0.,1.,0.));
#7675=DIRECTION('',(-0.770513242775789,0.,-0.63742398974869));
#7676=DIRECTION('',(0.,1.,0.));
#7677=DIRECTION('',(-0.770513242775789,0.,-0.63742398974869));
#7678=DIRECTION('',(0.,1.,0.));
#7679=DIRECTION('',(0.,1.,0.));
#7680=DIRECTION('',(-0.844327925502015,0.,-0.535826794978997));
#7681=DIRECTION('',(0.,1.,0.));
#7682=DIRECTION('',(0.,1.,0.));
#7683=DIRECTION('',(0.,1.,0.));
#7684=DIRECTION('',(0.,1.,0.));
#7685=DIRECTION('',(-0.844327925502015,0.,-0.535826794978997));
#7686=DIRECTION('',(0.,1.,0.));
#7687=DIRECTION('',(-0.844327925502015,0.,-0.535826794978997));
#7688=DIRECTION('',(0.,1.,0.));
#7689=DIRECTION('',(0.,1.,0.));
#7690=DIRECTION('',(-0.587785252292473,0.,-0.809016994374947));
#7691=DIRECTION('',(0.,1.,0.));
#7692=DIRECTION('',(0.,1.,0.));
#7693=DIRECTION('',(0.,1.,0.));
#7694=DIRECTION('',(0.,1.,0.));
#7695=DIRECTION('',(-0.587785252292473,0.,-0.809016994374947));
#7696=DIRECTION('',(0.,1.,0.));
#7697=DIRECTION('',(-0.587785252292473,0.,-0.809016994374947));
#7698=DIRECTION('',(0.,1.,0.));
#7699=DIRECTION('',(0.,1.,0.));
#7700=DIRECTION('',(-0.684547105928689,0.,-0.728968627421412));
#7701=DIRECTION('',(0.,1.,0.));
#7702=DIRECTION('',(0.,1.,0.));
#7703=DIRECTION('',(0.,1.,0.));
#7704=DIRECTION('',(0.,1.,0.));
#7705=DIRECTION('',(-0.684547105928689,0.,-0.728968627421412));
#7706=DIRECTION('',(0.,1.,0.));
#7707=DIRECTION('',(-0.684547105928689,0.,-0.728968627421412));
#7708=DIRECTION('',(0.,1.,0.));
#7709=DIRECTION('',(0.,1.,0.));
#7710=DIRECTION('',(-0.904827052466019,0.,-0.425779291565072));
#7711=DIRECTION('',(0.,1.,0.));
#7712=DIRECTION('',(0.,1.,0.));
#7713=DIRECTION('',(0.,1.,0.));
#7714=DIRECTION('',(0.,1.,0.));
#7715=DIRECTION('',(-0.904827052466019,0.,-0.425779291565072));
#7716=DIRECTION('',(0.,1.,0.));
#7717=DIRECTION('',(-0.904827052466019,0.,-0.425779291565072));
#7718=DIRECTION('',(0.,1.,0.));
#7719=DIRECTION('',(0.,1.,0.));
#7720=DIRECTION('',(-0.951056516295154,0.,-0.309016994374948));
#7721=DIRECTION('',(0.,1.,0.));
#7722=DIRECTION('',(0.,1.,0.));
#7723=DIRECTION('',(0.,1.,0.));
#7724=DIRECTION('',(0.,1.,0.));
#7725=DIRECTION('',(-0.951056516295154,0.,-0.309016994374948));
#7726=DIRECTION('',(0.,1.,0.));
#7727=DIRECTION('',(-0.951056516295154,0.,-0.309016994374948));
#7728=DIRECTION('',(0.,1.,0.));
#7729=DIRECTION('',(0.,1.,0.));
#7730=DIRECTION('',(-0.982287250728689,0.,-0.187381314585725));
#7731=DIRECTION('',(0.,1.,0.));
#7732=DIRECTION('',(0.,1.,0.));
#7733=DIRECTION('',(0.,1.,0.));
#7734=DIRECTION('',(0.,1.,0.));
#7735=DIRECTION('',(-0.982287250728689,0.,-0.187381314585725));
#7736=DIRECTION('',(0.,1.,0.));
#7737=DIRECTION('',(-0.982287250728689,0.,-0.187381314585725));
#7738=DIRECTION('',(0.,1.,0.));
#7739=DIRECTION('',(0.,1.,0.));
#7740=DIRECTION('',(-0.998026728428272,0.,-0.0627905195293134));
#7741=DIRECTION('',(0.,1.,0.));
#7742=DIRECTION('',(0.,1.,0.));
#7743=DIRECTION('',(0.,1.,0.));
#7744=DIRECTION('',(0.,1.,0.));
#7745=DIRECTION('',(-0.998026728428272,0.,-0.0627905195293134));
#7746=DIRECTION('',(0.,1.,0.));
#7747=DIRECTION('',(-0.998026728428272,0.,-0.0627905195293134));
#7748=DIRECTION('',(0.,1.,0.));
#7749=DIRECTION('',(0.,1.,0.));
#7750=DIRECTION('',(-0.998026728428272,0.,0.0627905195293133));
#7751=DIRECTION('',(0.,1.,0.));
#7752=DIRECTION('',(0.,1.,0.));
#7753=DIRECTION('',(0.,1.,0.));
#7754=DIRECTION('',(0.,1.,0.));
#7755=DIRECTION('',(-0.998026728428272,0.,0.0627905195293133));
#7756=DIRECTION('',(0.,1.,0.));
#7757=DIRECTION('',(-0.998026728428272,0.,0.0627905195293133));
#7758=DIRECTION('',(0.,1.,0.));
#7759=DIRECTION('',(0.,1.,0.));
#7760=DIRECTION('',(-0.982287250728689,0.,0.187381314585725));
#7761=DIRECTION('',(0.,1.,0.));
#7762=DIRECTION('',(0.,1.,0.));
#7763=DIRECTION('',(0.,1.,0.));
#7764=DIRECTION('',(0.,1.,0.));
#7765=DIRECTION('',(-0.982287250728689,0.,0.187381314585725));
#7766=DIRECTION('',(0.,1.,0.));
#7767=DIRECTION('',(-0.982287250728689,0.,0.187381314585725));
#7768=DIRECTION('',(0.,1.,0.));
#7769=DIRECTION('',(0.,1.,0.));
#7770=DIRECTION('',(-0.951056516295154,0.,0.309016994374948));
#7771=DIRECTION('',(0.,1.,0.));
#7772=DIRECTION('',(0.,1.,0.));
#7773=DIRECTION('',(0.,1.,0.));
#7774=DIRECTION('',(0.,1.,0.));
#7775=DIRECTION('',(-0.951056516295154,0.,0.309016994374948));
#7776=DIRECTION('',(0.,1.,0.));
#7777=DIRECTION('',(-0.951056516295154,0.,0.309016994374948));
#7778=DIRECTION('',(0.,1.,0.));
#7779=DIRECTION('',(0.,1.,0.));
#7780=DIRECTION('',(-0.90482705246602,0.,0.425779291565072));
#7781=DIRECTION('',(0.,1.,0.));
#7782=DIRECTION('',(0.,1.,0.));
#7783=DIRECTION('',(0.,1.,0.));
#7784=DIRECTION('',(0.,1.,0.));
#7785=DIRECTION('',(-0.90482705246602,0.,0.425779291565072));
#7786=DIRECTION('',(0.,1.,0.));
#7787=DIRECTION('',(-0.90482705246602,0.,0.425779291565072));
#7788=DIRECTION('',(0.,1.,0.));
#7789=DIRECTION('',(0.,1.,0.));
#7790=DIRECTION('',(-0.684547105928689,0.,0.728968627421412));
#7791=DIRECTION('',(0.,1.,0.));
#7792=DIRECTION('',(0.,1.,0.));
#7793=DIRECTION('',(0.,1.,0.));
#7794=DIRECTION('',(0.,1.,0.));
#7795=DIRECTION('',(-0.684547105928689,0.,0.728968627421412));
#7796=DIRECTION('',(0.,1.,0.));
#7797=DIRECTION('',(-0.684547105928689,0.,0.728968627421412));
#7798=DIRECTION('',(0.,1.,0.));
#7799=DIRECTION('',(0.,1.,0.));
#7800=DIRECTION('',(-0.587785252292473,0.,0.809016994374948));
#7801=DIRECTION('',(0.,1.,0.));
#7802=DIRECTION('',(0.,1.,0.));
#7803=DIRECTION('',(0.,1.,0.));
#7804=DIRECTION('',(0.,1.,0.));
#7805=DIRECTION('',(-0.587785252292473,0.,0.809016994374948));
#7806=DIRECTION('',(0.,1.,0.));
#7807=DIRECTION('',(-0.587785252292473,0.,0.809016994374948));
#7808=DIRECTION('',(0.,1.,0.));
#7809=DIRECTION('',(0.,1.,0.));
#7810=DIRECTION('',(-0.844327925502015,0.,0.535826794978997));
#7811=DIRECTION('',(0.,1.,0.));
#7812=DIRECTION('',(0.,1.,0.));
#7813=DIRECTION('',(0.,1.,0.));
#7814=DIRECTION('',(0.,1.,0.));
#7815=DIRECTION('',(-0.844327925502015,0.,0.535826794978997));
#7816=DIRECTION('',(0.,1.,0.));
#7817=DIRECTION('',(-0.844327925502015,0.,0.535826794978997));
#7818=DIRECTION('',(0.,1.,0.));
#7819=DIRECTION('',(0.,1.,0.));
#7820=DIRECTION('',(-0.770513242775789,0.,0.63742398974869));
#7821=DIRECTION('',(0.,1.,0.));
#7822=DIRECTION('',(0.,1.,0.));
#7823=DIRECTION('',(0.,1.,0.));
#7824=DIRECTION('',(0.,1.,0.));
#7825=DIRECTION('',(-0.770513242775789,0.,0.63742398974869));
#7826=DIRECTION('',(0.,1.,0.));
#7827=DIRECTION('',(-0.770513242775789,0.,0.63742398974869));
#7828=DIRECTION('',(0.,1.,0.));
#7829=DIRECTION('',(0.,1.,0.));
#7830=DIRECTION('',(-0.481753674101715,0.,0.876306680043864));
#7831=DIRECTION('',(0.,1.,0.));
#7832=DIRECTION('',(0.,1.,0.));
#7833=DIRECTION('',(0.,1.,0.));
#7834=DIRECTION('',(0.,1.,0.));
#7835=DIRECTION('',(-0.481753674101715,0.,0.876306680043864));
#7836=DIRECTION('',(0.,1.,0.));
#7837=DIRECTION('',(-0.481753674101715,0.,0.876306680043864));
#7838=DIRECTION('',(0.,1.,0.));
#7839=DIRECTION('',(0.,1.,0.));
#7840=DIRECTION('',(-0.368124552684678,0.,0.929776485888251));
#7841=DIRECTION('',(0.,1.,0.));
#7842=DIRECTION('',(0.,1.,0.));
#7843=DIRECTION('',(0.,1.,0.));
#7844=DIRECTION('',(0.,1.,0.));
#7845=DIRECTION('',(-0.368124552684678,0.,0.929776485888251));
#7846=DIRECTION('',(0.,1.,0.));
#7847=DIRECTION('',(-0.368124552684678,0.,0.929776485888251));
#7848=DIRECTION('',(0.,1.,0.));
#7849=DIRECTION('',(0.,1.,0.));
#7850=DIRECTION('',(-0.248689887164855,0.,0.968583161128631));
#7851=DIRECTION('',(0.,1.,0.));
#7852=DIRECTION('',(0.,1.,0.));
#7853=DIRECTION('',(0.,1.,0.));
#7854=DIRECTION('',(0.,1.,0.));
#7855=DIRECTION('',(-0.248689887164855,0.,0.968583161128631));
#7856=DIRECTION('',(0.,1.,0.));
#7857=DIRECTION('',(-0.248689887164855,0.,0.968583161128631));
#7858=DIRECTION('',(0.,1.,0.));
#7859=DIRECTION('',(0.,1.,0.));
#7860=DIRECTION('',(-0.125333233564304,0.,0.992114701314478));
#7861=DIRECTION('',(0.,1.,0.));
#7862=DIRECTION('',(0.,1.,0.));
#7863=DIRECTION('',(0.,1.,0.));
#7864=DIRECTION('',(0.,1.,0.));
#7865=DIRECTION('',(-0.125333233564304,0.,0.992114701314478));
#7866=DIRECTION('',(0.,1.,0.));
#7867=DIRECTION('',(-0.125333233564304,0.,0.992114701314478));
#7868=DIRECTION('',(0.,-1.,0.));
#7869=DIRECTION('',(0.,0.,-1.));
#7870=CARTESIAN_POINT('',(0.,0.,0.));
#7871=CARTESIAN_POINT('',(0.,-0.005,0.));
#7872=CARTESIAN_POINT('',(0.0466588335547119,-0.005,0.00363225154879099));
#7873=CARTESIAN_POINT('',(0.0466588335547119,-0.005,0.00363225154879099));
#7874=CARTESIAN_POINT('',(0.0466588335547119,0.,0.00363225154879099));
#7875=CARTESIAN_POINT('',(0.,-0.005,0.));
#7876=CARTESIAN_POINT('',(0.0467461565475438,-0.005,0.00224429232332287));
#7877=CARTESIAN_POINT('',(0.0467461565475438,-0.005,0.00224429232332287));
#7878=CARTESIAN_POINT('',(0.0467461565475438,0.,0.00224429232332287));
#7879=CARTESIAN_POINT('',(0.,0.,0.));
#7880=CARTESIAN_POINT('',(0.,-0.005,0.));
#7881=CARTESIAN_POINT('',(0.,-0.005,0.));
#7882=CARTESIAN_POINT('',(0.0460962647268207,-0.005,0.00808544236482269));
#7883=CARTESIAN_POINT('',(0.045835672884086,-0.005,0.00945151264417852));
#7884=CARTESIAN_POINT('',(0.0460962647268207,-0.005,0.00808544236482269));
#7885=CARTESIAN_POINT('',(0.0460962647268207,0.,0.00808544236482269));
#7886=CARTESIAN_POINT('',(0.,0.,0.));
#7887=CARTESIAN_POINT('',(0.045835672884086,0.,0.00945151264417852));
#7888=CARTESIAN_POINT('',(0.045835672884086,-0.005,0.00945151264417852));
#7889=CARTESIAN_POINT('',(0.,-0.005,0.));
#7890=CARTESIAN_POINT('',(0.,-0.005,0.));
#7891=CARTESIAN_POINT('',(0.0447194072747817,-0.005,0.0137990801502201));
#7892=CARTESIAN_POINT('',(0.0442896562711742,-0.005,0.0151217177391074));
#7893=CARTESIAN_POINT('',(0.0447194072747817,-0.005,0.0137990801502201));
#7894=CARTESIAN_POINT('',(0.0447194072747817,0.,0.0137990801502201));
#7895=CARTESIAN_POINT('',(0.,0.,0.));
#7896=CARTESIAN_POINT('',(0.0442896562711742,0.,0.0151217177391074));
#7897=CARTESIAN_POINT('',(0.0442896562711742,-0.005,0.0151217177391074));
#7898=CARTESIAN_POINT('',(0.,-0.005,0.));
#7899=CARTESIAN_POINT('',(0.,-0.005,0.));
#7900=CARTESIAN_POINT('',(0.0426372980559404,-0.005,0.0192950981984776));
#7901=CARTESIAN_POINT('',(0.0420451653215079,-0.005,0.0205534443120142));
#7902=CARTESIAN_POINT('',(0.0426372980559404,-0.005,0.0192950981984776));
#7903=CARTESIAN_POINT('',(0.0426372980559404,0.,0.0192950981984776));
#7904=CARTESIAN_POINT('',(0.,0.,0.));
#7905=CARTESIAN_POINT('',(0.0420451653215079,0.,0.0205534443120142));
#7906=CARTESIAN_POINT('',(0.0420451653215079,-0.005,0.0205534443120142));
#7907=CARTESIAN_POINT('',(0.,-0.005,0.));
#7908=CARTESIAN_POINT('',(0.0315263785677325,-0.005,0.0345879669018579));
#7909=CARTESIAN_POINT('',(0.0315263785677325,-0.005,0.0345879669018579));
#7910=CARTESIAN_POINT('',(0.0315263785677325,0.,0.0345879669018579));
#7911=CARTESIAN_POINT('',(0.,-0.005,0.));
#7912=CARTESIAN_POINT('',(0.0325401577609008,-0.005,0.0336359648723756));
#7913=CARTESIAN_POINT('',(0.0325401577609008,-0.005,0.0336359648723756));
#7914=CARTESIAN_POINT('',(0.0325401577609008,0.,0.0336359648723756));
#7915=CARTESIAN_POINT('',(0.,0.,0.));
#7916=CARTESIAN_POINT('',(0.,-0.005,0.));
#7917=CARTESIAN_POINT('',(0.,-0.005,0.));
#7918=CARTESIAN_POINT('',(0.0280678646561719,-0.005,0.0374490984356475));
#7919=CARTESIAN_POINT('',(0.0269427619220282,-0.005,0.0382665334203781));
#7920=CARTESIAN_POINT('',(0.0280678646561719,-0.005,0.0374490984356475));
#7921=CARTESIAN_POINT('',(0.0280678646561719,0.,0.0374490984356475));
#7922=CARTESIAN_POINT('',(0.,0.,0.));
#7923=CARTESIAN_POINT('',(0.0269427619220282,0.,0.0382665334203781));
#7924=CARTESIAN_POINT('',(0.0269427619220282,-0.005,0.0382665334203781));
#7925=CARTESIAN_POINT('',(0.,-0.005,0.));
#7926=CARTESIAN_POINT('',(0.,-0.005,0.));
#7927=CARTESIAN_POINT('',(0.0398827731764698,-0.005,0.0244868210218122));
#7928=CARTESIAN_POINT('',(0.0391375969981571,-0.005,0.0256610307900881));
#7929=CARTESIAN_POINT('',(0.0398827731764698,-0.005,0.0244868210218122));
#7930=CARTESIAN_POINT('',(0.0398827731764698,0.,0.0244868210218122));
#7931=CARTESIAN_POINT('',(0.,0.,0.));
#7932=CARTESIAN_POINT('',(0.0391375969981571,0.,0.0256610307900881));
#7933=CARTESIAN_POINT('',(0.0391375969981571,-0.005,0.0256610307900881));
#7934=CARTESIAN_POINT('',(0.,-0.005,0.));
#7935=CARTESIAN_POINT('',(0.,-0.005,0.));
#7936=CARTESIAN_POINT('',(0.0364992731391923,-0.005,0.029292372049915));
#7937=CARTESIAN_POINT('',(0.0356128053904781,-0.005,0.0303639274834454));
#7938=CARTESIAN_POINT('',(0.0364992731391923,-0.005,0.029292372049915));
#7939=CARTESIAN_POINT('',(0.0364992731391923,0.,0.029292372049915));
#7940=CARTESIAN_POINT('',(0.,0.,0.));
#7941=CARTESIAN_POINT('',(0.0356128053904781,0.,0.0303639274834454));
#7942=CARTESIAN_POINT('',(0.0356128053904781,-0.005,0.0303639274834454));
#7943=CARTESIAN_POINT('',(0.,-0.005,0.));
#7944=CARTESIAN_POINT('',(0.,-0.005,0.));
#7945=CARTESIAN_POINT('',(0.0231529245588856,-0.005,0.0406716373455821));
#7946=CARTESIAN_POINT('',(0.0219342418259875,-0.005,0.0413416138475399));
#7947=CARTESIAN_POINT('',(0.0231529245588856,-0.005,0.0406716373455821));
#7948=CARTESIAN_POINT('',(0.0231529245588856,0.,0.0406716373455821));
#7949=CARTESIAN_POINT('',(0.,0.,0.));
#7950=CARTESIAN_POINT('',(0.0219342418259875,0.,0.0413416138475399));
#7951=CARTESIAN_POINT('',(0.0219342418259875,-0.005,0.0413416138475399));
#7952=CARTESIAN_POINT('',(0.,-0.005,0.));
#7953=CARTESIAN_POINT('',(0.,-0.005,0.));
#7954=CARTESIAN_POINT('',(0.0178728490104188,-0.005,0.0432527602385185));
#7955=CARTESIAN_POINT('',(0.0165798056334702,-0.005,0.0437647123280429));
#7956=CARTESIAN_POINT('',(0.0178728490104188,-0.005,0.0432527602385185));
#7957=CARTESIAN_POINT('',(0.0178728490104188,0.,0.0432527602385185));
#7958=CARTESIAN_POINT('',(0.,0.,0.));
#7959=CARTESIAN_POINT('',(0.0165798056334702,0.,0.0437647123280429));
#7960=CARTESIAN_POINT('',(0.0165798056334702,-0.005,0.0437647123280429));
#7961=CARTESIAN_POINT('',(0.,-0.005,0.));
#7962=CARTESIAN_POINT('',(0.,-0.005,0.));
#7963=CARTESIAN_POINT('',(0.0123109079563354,-0.005,0.0451517612645469));
#7964=CARTESIAN_POINT('',(0.0109638960018172,-0.005,0.0454976151513608));
#7965=CARTESIAN_POINT('',(0.0123109079563354,-0.005,0.0451517612645469));
#7966=CARTESIAN_POINT('',(0.0123109079563354,0.,0.0451517612645469));
#7967=CARTESIAN_POINT('',(0.,0.,0.));
#7968=CARTESIAN_POINT('',(0.0109638960018172,0.,0.0454976151513608));
#7969=CARTESIAN_POINT('',(0.0109638960018172,-0.005,0.0454976151513608));
#7970=CARTESIAN_POINT('',(0.,-0.005,0.));
#7971=CARTESIAN_POINT('',(0.,-0.005,0.));
#7972=CARTESIAN_POINT('',(0.00655481652960051,-0.005,0.0463386920430786));
#7973=CARTESIAN_POINT('',(0.0051750791807015,-0.005,0.0465129934047839));
#7974=CARTESIAN_POINT('',(0.00655481652960051,-0.005,0.0463386920430786));
#7975=CARTESIAN_POINT('',(0.00655481652960051,0.,0.0463386920430786));
#7976=CARTESIAN_POINT('',(0.,0.,0.));
#7977=CARTESIAN_POINT('',(0.0051750791807015,0.,0.0465129934047839));
#7978=CARTESIAN_POINT('',(0.0051750791807015,-0.005,0.0465129934047839));
#7979=CARTESIAN_POINT('',(0.,-0.005,0.));
#7980=CARTESIAN_POINT('',(0.,-0.005,0.));
#7981=CARTESIAN_POINT('',(0.000695351730536277,-0.005,0.0467948339666981));
#7982=CARTESIAN_POINT('',(-0.000695351730536282,-0.005,0.0467948339666981));
#7983=CARTESIAN_POINT('',(0.000695351730536277,-0.005,0.0467948339666981));
#7984=CARTESIAN_POINT('',(0.000695351730536277,0.,0.0467948339666981));
#7985=CARTESIAN_POINT('',(0.,0.,0.));
#7986=CARTESIAN_POINT('',(-0.000695351730536282,0.,0.0467948339666981));
#7987=CARTESIAN_POINT('',(-0.000695351730536282,-0.005,0.0467948339666981));
#7988=CARTESIAN_POINT('',(0.,-0.005,0.));
#7989=CARTESIAN_POINT('',(0.,-0.005,0.));
#7990=CARTESIAN_POINT('',(-0.0051750791807015,-0.005,0.0465129934047839));
#7991=CARTESIAN_POINT('',(-0.00655481652960051,-0.005,0.0463386920430786));
#7992=CARTESIAN_POINT('',(-0.0051750791807015,-0.005,0.0465129934047839));
#7993=CARTESIAN_POINT('',(-0.0051750791807015,0.,0.0465129934047839));
#7994=CARTESIAN_POINT('',(0.,0.,0.));
#7995=CARTESIAN_POINT('',(-0.00655481652960051,0.,0.0463386920430786));
#7996=CARTESIAN_POINT('',(-0.00655481652960051,-0.005,0.0463386920430786));
#7997=CARTESIAN_POINT('',(0.,-0.005,0.));
#7998=CARTESIAN_POINT('',(0.,-0.005,0.));
#7999=CARTESIAN_POINT('',(-0.0109638960018172,-0.005,0.0454976151513608));
#8000=CARTESIAN_POINT('',(-0.0123109079563353,-0.005,0.0451517612645469));
#8001=CARTESIAN_POINT('',(-0.0109638960018172,-0.005,0.0454976151513608));
#8002=CARTESIAN_POINT('',(-0.0109638960018172,0.,0.0454976151513608));
#8003=CARTESIAN_POINT('',(0.,0.,0.));
#8004=CARTESIAN_POINT('',(-0.0123109079563353,0.,0.0451517612645469));
#8005=CARTESIAN_POINT('',(-0.0123109079563353,-0.005,0.0451517612645469));
#8006=CARTESIAN_POINT('',(0.,-0.005,0.));
#8007=CARTESIAN_POINT('',(0.,-0.005,0.));
#8008=CARTESIAN_POINT('',(-0.0165798056334702,-0.005,0.0437647123280429));
#8009=CARTESIAN_POINT('',(-0.0178728490104188,-0.005,0.0432527602385185));
#8010=CARTESIAN_POINT('',(-0.0165798056334702,-0.005,0.0437647123280429));
#8011=CARTESIAN_POINT('',(-0.0165798056334702,0.,0.0437647123280429));
#8012=CARTESIAN_POINT('',(0.,0.,0.));
#8013=CARTESIAN_POINT('',(-0.0178728490104188,0.,0.0432527602385185));
#8014=CARTESIAN_POINT('',(-0.0178728490104188,-0.005,0.0432527602385185));
#8015=CARTESIAN_POINT('',(0.,-0.005,0.));
#8016=CARTESIAN_POINT('',(-0.0325401577609008,-0.005,0.0336359648723756));
#8017=CARTESIAN_POINT('',(-0.0325401577609008,-0.005,0.0336359648723756));
#8018=CARTESIAN_POINT('',(-0.0325401577609008,0.,0.0336359648723756));
#8019=CARTESIAN_POINT('',(0.,-0.005,0.));
#8020=CARTESIAN_POINT('',(-0.0315263785677325,-0.005,0.0345879669018579));
#8021=CARTESIAN_POINT('',(-0.0315263785677325,-0.005,0.0345879669018579));
#8022=CARTESIAN_POINT('',(-0.0315263785677325,0.,0.0345879669018579));
#8023=CARTESIAN_POINT('',(0.,0.,0.));
#8024=CARTESIAN_POINT('',(0.,-0.005,0.));
#8025=CARTESIAN_POINT('',(0.,-0.005,0.));
#8026=CARTESIAN_POINT('',(-0.0356128053904781,-0.005,0.0303639274834454));
#8027=CARTESIAN_POINT('',(-0.0364992731391923,-0.005,0.029292372049915));
#8028=CARTESIAN_POINT('',(-0.0356128053904781,-0.005,0.0303639274834454));
#8029=CARTESIAN_POINT('',(-0.0356128053904781,0.,0.0303639274834454));
#8030=CARTESIAN_POINT('',(0.,0.,0.));
#8031=CARTESIAN_POINT('',(-0.0364992731391923,0.,0.029292372049915));
#8032=CARTESIAN_POINT('',(-0.0364992731391923,-0.005,0.029292372049915));
#8033=CARTESIAN_POINT('',(0.,-0.005,0.));
#8034=CARTESIAN_POINT('',(0.,-0.005,0.));
#8035=CARTESIAN_POINT('',(-0.0219342418259875,-0.005,0.0413416138475399));
#8036=CARTESIAN_POINT('',(-0.0231529245588856,-0.005,0.0406716373455821));
#8037=CARTESIAN_POINT('',(-0.0219342418259875,-0.005,0.0413416138475399));
#8038=CARTESIAN_POINT('',(-0.0219342418259875,0.,0.0413416138475399));
#8039=CARTESIAN_POINT('',(0.,0.,0.));
#8040=CARTESIAN_POINT('',(-0.0231529245588856,0.,0.0406716373455821));
#8041=CARTESIAN_POINT('',(-0.0231529245588856,-0.005,0.0406716373455821));
#8042=CARTESIAN_POINT('',(0.,-0.005,0.));
#8043=CARTESIAN_POINT('',(0.,-0.005,0.));
#8044=CARTESIAN_POINT('',(-0.0269427619220282,-0.005,0.0382665334203781));
#8045=CARTESIAN_POINT('',(-0.0280678646561719,-0.005,0.0374490984356475));
#8046=CARTESIAN_POINT('',(-0.0269427619220282,-0.005,0.0382665334203781));
#8047=CARTESIAN_POINT('',(-0.0269427619220282,0.,0.0382665334203781));
#8048=CARTESIAN_POINT('',(0.,0.,0.));
#8049=CARTESIAN_POINT('',(-0.0280678646561719,0.,0.0374490984356475));
#8050=CARTESIAN_POINT('',(-0.0280678646561719,-0.005,0.0374490984356475));
#8051=CARTESIAN_POINT('',(0.,-0.005,0.));
#8052=CARTESIAN_POINT('',(0.,-0.005,0.));
#8053=CARTESIAN_POINT('',(-0.0391375969981571,-0.005,0.0256610307900881));
#8054=CARTESIAN_POINT('',(-0.0398827731764698,-0.005,0.0244868210218122));
#8055=CARTESIAN_POINT('',(-0.0391375969981571,-0.005,0.0256610307900881));
#8056=CARTESIAN_POINT('',(-0.0391375969981571,0.,0.0256610307900881));
#8057=CARTESIAN_POINT('',(0.,0.,0.));
#8058=CARTESIAN_POINT('',(-0.0398827731764698,0.,0.0244868210218122));
#8059=CARTESIAN_POINT('',(-0.0398827731764698,-0.005,0.0244868210218122));
#8060=CARTESIAN_POINT('',(0.,-0.005,0.));
#8061=CARTESIAN_POINT('',(0.,-0.005,0.));
#8062=CARTESIAN_POINT('',(-0.0420451653215079,-0.005,0.0205534443120142));
#8063=CARTESIAN_POINT('',(-0.0426372980559405,-0.005,0.0192950981984776));
#8064=CARTESIAN_POINT('',(-0.0420451653215079,-0.005,0.0205534443120142));
#8065=CARTESIAN_POINT('',(-0.0420451653215079,0.,0.0205534443120142));
#8066=CARTESIAN_POINT('',(0.,0.,0.));
#8067=CARTESIAN_POINT('',(-0.0426372980559405,0.,0.0192950981984776));
#8068=CARTESIAN_POINT('',(-0.0426372980559405,-0.005,0.0192950981984776));
#8069=CARTESIAN_POINT('',(0.,-0.005,0.));
#8070=CARTESIAN_POINT('',(0.,-0.005,0.));
#8071=CARTESIAN_POINT('',(-0.0442896562711742,-0.005,0.0151217177391073));
#8072=CARTESIAN_POINT('',(-0.0447194072747817,-0.005,0.0137990801502201));
#8073=CARTESIAN_POINT('',(-0.0442896562711742,-0.005,0.0151217177391073));
#8074=CARTESIAN_POINT('',(-0.0442896562711742,0.,0.0151217177391073));
#8075=CARTESIAN_POINT('',(0.,0.,0.));
#8076=CARTESIAN_POINT('',(-0.0447194072747817,0.,0.0137990801502201));
#8077=CARTESIAN_POINT('',(-0.0447194072747817,-0.005,0.0137990801502201));
#8078=CARTESIAN_POINT('',(0.,-0.005,0.));
#8079=CARTESIAN_POINT('',(0.,-0.005,0.));
#8080=CARTESIAN_POINT('',(-0.045835672884086,-0.005,0.00945151264417853));
#8081=CARTESIAN_POINT('',(-0.0460962647268207,-0.005,0.00808544236482268));
#8082=CARTESIAN_POINT('',(-0.045835672884086,-0.005,0.00945151264417853));
#8083=CARTESIAN_POINT('',(-0.045835672884086,0.,0.00945151264417853));
#8084=CARTESIAN_POINT('',(0.,0.,0.));
#8085=CARTESIAN_POINT('',(-0.0460962647268207,0.,0.00808544236482268));
#8086=CARTESIAN_POINT('',(-0.0460962647268207,-0.005,0.00808544236482268));
#8087=CARTESIAN_POINT('',(0.,-0.005,0.));
#8088=CARTESIAN_POINT('',(0.,-0.005,0.));
#8089=CARTESIAN_POINT('',(-0.0466588335547119,-0.005,0.00363225154879098));
#8090=CARTESIAN_POINT('',(-0.0467461565475438,-0.005,0.00224429232332288));
#8091=CARTESIAN_POINT('',(-0.0466588335547119,-0.005,0.00363225154879098));
#8092=CARTESIAN_POINT('',(-0.0466588335547119,0.,0.00363225154879098));
#8093=CARTESIAN_POINT('',(0.,0.,0.));
#8094=CARTESIAN_POINT('',(-0.0467461565475438,0.,0.00224429232332288));
#8095=CARTESIAN_POINT('',(-0.0467461565475438,-0.005,0.00224429232332288));
#8096=CARTESIAN_POINT('',(0.,-0.005,0.));
#8097=CARTESIAN_POINT('',(0.,-0.005,0.));
#8098=CARTESIAN_POINT('',(-0.0467461565475438,-0.005,-0.00224429232332287));
#8099=CARTESIAN_POINT('',(-0.0466588335547119,-0.005,-0.00363225154879099));
#8100=CARTESIAN_POINT('',(-0.0467461565475438,-0.005,-0.00224429232332287));
#8101=CARTESIAN_POINT('',(-0.0467461565475438,0.,-0.00224429232332287));
#8102=CARTESIAN_POINT('',(0.,0.,0.));
#8103=CARTESIAN_POINT('',(-0.0466588335547119,0.,-0.00363225154879099));
#8104=CARTESIAN_POINT('',(-0.0466588335547119,-0.005,-0.00363225154879099));
#8105=CARTESIAN_POINT('',(0.,-0.005,0.));
#8106=CARTESIAN_POINT('',(0.,-0.005,0.));
#8107=CARTESIAN_POINT('',(-0.0460962647268207,-0.005,-0.00808544236482269));
#8108=CARTESIAN_POINT('',(-0.045835672884086,-0.005,-0.00945151264417853));
#8109=CARTESIAN_POINT('',(-0.0460962647268207,-0.005,-0.00808544236482269));
#8110=CARTESIAN_POINT('',(-0.0460962647268207,0.,-0.00808544236482269));
#8111=CARTESIAN_POINT('',(0.,0.,0.));
#8112=CARTESIAN_POINT('',(-0.045835672884086,0.,-0.00945151264417853));
#8113=CARTESIAN_POINT('',(-0.045835672884086,-0.005,-0.00945151264417853));
#8114=CARTESIAN_POINT('',(0.,-0.005,0.));
#8115=CARTESIAN_POINT('',(0.,-0.005,0.));
#8116=CARTESIAN_POINT('',(-0.0447194072747817,-0.005,-0.0137990801502201));
#8117=CARTESIAN_POINT('',(-0.0442896562711742,-0.005,-0.0151217177391074));
#8118=CARTESIAN_POINT('',(-0.0447194072747817,-0.005,-0.0137990801502201));
#8119=CARTESIAN_POINT('',(-0.0447194072747817,0.,-0.0137990801502201));
#8120=CARTESIAN_POINT('',(0.,0.,0.));
#8121=CARTESIAN_POINT('',(-0.0442896562711742,0.,-0.0151217177391074));
#8122=CARTESIAN_POINT('',(-0.0442896562711742,-0.005,-0.0151217177391074));
#8123=CARTESIAN_POINT('',(0.,-0.005,0.));
#8124=CARTESIAN_POINT('',(-0.0356128053904781,-0.005,-0.0303639274834454));
#8125=CARTESIAN_POINT('',(-0.0356128053904781,-0.005,-0.0303639274834454));
#8126=CARTESIAN_POINT('',(-0.0356128053904781,0.,-0.0303639274834454));
#8127=CARTESIAN_POINT('',(0.,-0.005,0.));
#8128=CARTESIAN_POINT('',(-0.0364992731391923,-0.005,-0.029292372049915));
#8129=CARTESIAN_POINT('',(-0.0364992731391923,-0.005,-0.029292372049915));
#8130=CARTESIAN_POINT('',(-0.0364992731391923,0.,-0.029292372049915));
#8131=CARTESIAN_POINT('',(0.,0.,0.));
#8132=CARTESIAN_POINT('',(0.,-0.005,0.));
#8133=CARTESIAN_POINT('',(0.,-0.005,0.));
#8134=CARTESIAN_POINT('',(-0.0325401577609008,-0.005,-0.0336359648723756));
#8135=CARTESIAN_POINT('',(-0.0315263785677325,-0.005,-0.0345879669018579));
#8136=CARTESIAN_POINT('',(-0.0325401577609008,-0.005,-0.0336359648723756));
#8137=CARTESIAN_POINT('',(-0.0325401577609008,0.,-0.0336359648723756));
#8138=CARTESIAN_POINT('',(0.,0.,0.));
#8139=CARTESIAN_POINT('',(-0.0315263785677325,0.,-0.0345879669018579));
#8140=CARTESIAN_POINT('',(-0.0315263785677325,-0.005,-0.0345879669018579));
#8141=CARTESIAN_POINT('',(0.,-0.005,0.));
#8142=CARTESIAN_POINT('',(-0.0391375969981571,-0.005,-0.0256610307900881));
#8143=CARTESIAN_POINT('',(-0.0391375969981571,-0.005,-0.0256610307900881));
#8144=CARTESIAN_POINT('',(-0.0391375969981571,0.,-0.0256610307900881));
#8145=CARTESIAN_POINT('',(0.,-0.005,0.));
#8146=CARTESIAN_POINT('',(-0.0398827731764697,-0.005,-0.0244868210218122));
#8147=CARTESIAN_POINT('',(-0.0398827731764697,-0.005,-0.0244868210218122));
#8148=CARTESIAN_POINT('',(-0.0398827731764697,0.,-0.0244868210218122));
#8149=CARTESIAN_POINT('',(0.,0.,0.));
#8150=CARTESIAN_POINT('',(0.,-0.005,0.));
#8151=CARTESIAN_POINT('',(0.,-0.005,0.));
#8152=CARTESIAN_POINT('',(-0.0426372980559405,-0.005,-0.0192950981984776));
#8153=CARTESIAN_POINT('',(-0.0420451653215079,-0.005,-0.0205534443120142));
#8154=CARTESIAN_POINT('',(-0.0426372980559405,-0.005,-0.0192950981984776));
#8155=CARTESIAN_POINT('',(-0.0426372980559405,0.,-0.0192950981984776));
#8156=CARTESIAN_POINT('',(0.,0.,0.));
#8157=CARTESIAN_POINT('',(-0.0420451653215079,0.,-0.0205534443120142));
#8158=CARTESIAN_POINT('',(-0.0420451653215079,-0.005,-0.0205534443120142));
#8159=CARTESIAN_POINT('',(0.,-0.005,0.));
#8160=CARTESIAN_POINT('',(0.,-0.005,0.));
#8161=CARTESIAN_POINT('',(-0.0280678646561719,-0.005,-0.0374490984356475));
#8162=CARTESIAN_POINT('',(-0.0269427619220282,-0.005,-0.0382665334203781));
#8163=CARTESIAN_POINT('',(-0.0280678646561719,-0.005,-0.0374490984356475));
#8164=CARTESIAN_POINT('',(-0.0280678646561719,0.,-0.0374490984356475));
#8165=CARTESIAN_POINT('',(0.,0.,0.));
#8166=CARTESIAN_POINT('',(-0.0269427619220282,0.,-0.0382665334203781));
#8167=CARTESIAN_POINT('',(-0.0269427619220282,-0.005,-0.0382665334203781));
#8168=CARTESIAN_POINT('',(0.,-0.005,0.));
#8169=CARTESIAN_POINT('',(0.,-0.005,0.));
#8170=CARTESIAN_POINT('',(-0.0231529245588856,-0.005,-0.0406716373455821));
#8171=CARTESIAN_POINT('',(-0.0219342418259875,-0.005,-0.0413416138475399));
#8172=CARTESIAN_POINT('',(-0.0231529245588856,-0.005,-0.0406716373455821));
#8173=CARTESIAN_POINT('',(-0.0231529245588856,0.,-0.0406716373455821));
#8174=CARTESIAN_POINT('',(0.,0.,0.));
#8175=CARTESIAN_POINT('',(-0.0219342418259875,0.,-0.0413416138475399));
#8176=CARTESIAN_POINT('',(-0.0219342418259875,-0.005,-0.0413416138475399));
#8177=CARTESIAN_POINT('',(0.,-0.005,0.));
#8178=CARTESIAN_POINT('',(0.,-0.005,0.));
#8179=CARTESIAN_POINT('',(-0.0178728490104188,-0.005,-0.0432527602385185));
#8180=CARTESIAN_POINT('',(-0.0165798056334702,-0.005,-0.0437647123280429));
#8181=CARTESIAN_POINT('',(-0.0178728490104188,-0.005,-0.0432527602385185));
#8182=CARTESIAN_POINT('',(-0.0178728490104188,0.,-0.0432527602385185));
#8183=CARTESIAN_POINT('',(0.,0.,0.));
#8184=CARTESIAN_POINT('',(-0.0165798056334702,0.,-0.0437647123280429));
#8185=CARTESIAN_POINT('',(-0.0165798056334702,-0.005,-0.0437647123280429));
#8186=CARTESIAN_POINT('',(0.,-0.005,0.));
#8187=CARTESIAN_POINT('',(0.,-0.005,0.));
#8188=CARTESIAN_POINT('',(-0.0123109079563354,-0.005,-0.0451517612645469));
#8189=CARTESIAN_POINT('',(-0.0109638960018172,-0.005,-0.0454976151513608));
#8190=CARTESIAN_POINT('',(-0.0123109079563354,-0.005,-0.0451517612645469));
#8191=CARTESIAN_POINT('',(-0.0123109079563354,0.,-0.0451517612645469));
#8192=CARTESIAN_POINT('',(0.,0.,0.));
#8193=CARTESIAN_POINT('',(-0.0109638960018172,0.,-0.0454976151513608));
#8194=CARTESIAN_POINT('',(-0.0109638960018172,-0.005,-0.0454976151513608));
#8195=CARTESIAN_POINT('',(0.,-0.005,0.));
#8196=CARTESIAN_POINT('',(0.,-0.005,0.));
#8197=CARTESIAN_POINT('',(-0.00655481652960051,-0.005,-0.0463386920430786));
#8198=CARTESIAN_POINT('',(-0.00517507918070149,-0.005,-0.0465129934047839));
#8199=CARTESIAN_POINT('',(-0.00655481652960051,-0.005,-0.0463386920430786));
#8200=CARTESIAN_POINT('',(-0.00655481652960051,0.,-0.0463386920430786));
#8201=CARTESIAN_POINT('',(0.,0.,0.));
#8202=CARTESIAN_POINT('',(-0.00517507918070149,0.,-0.0465129934047839));
#8203=CARTESIAN_POINT('',(-0.00517507918070149,-0.005,-0.0465129934047839));
#8204=CARTESIAN_POINT('',(0.,-0.005,0.));
#8205=CARTESIAN_POINT('',(0.,-0.005,0.));
#8206=CARTESIAN_POINT('',(-0.000695351730536272,-0.005,-0.0467948339666981));
#8207=CARTESIAN_POINT('',(0.000695351730536297,-0.005,-0.0467948339666981));
#8208=CARTESIAN_POINT('',(-0.000695351730536272,-0.005,-0.0467948339666981));
#8209=CARTESIAN_POINT('',(-0.000695351730536272,0.,-0.0467948339666981));
#8210=CARTESIAN_POINT('',(0.,0.,0.));
#8211=CARTESIAN_POINT('',(0.000695351730536297,0.,-0.0467948339666981));
#8212=CARTESIAN_POINT('',(0.000695351730536297,-0.005,-0.0467948339666981));
#8213=CARTESIAN_POINT('',(0.,-0.005,0.));
#8214=CARTESIAN_POINT('',(0.,-0.005,0.));
#8215=CARTESIAN_POINT('',(0.00517507918070152,-0.005,-0.0465129934047839));
#8216=CARTESIAN_POINT('',(0.00655481652960054,-0.005,-0.0463386920430786));
#8217=CARTESIAN_POINT('',(0.00517507918070152,-0.005,-0.0465129934047839));
#8218=CARTESIAN_POINT('',(0.00517507918070152,0.,-0.0465129934047839));
#8219=CARTESIAN_POINT('',(0.,0.,0.));
#8220=CARTESIAN_POINT('',(0.00655481652960054,0.,-0.0463386920430786));
#8221=CARTESIAN_POINT('',(0.00655481652960054,-0.005,-0.0463386920430786));
#8222=CARTESIAN_POINT('',(0.,-0.005,0.));
#8223=CARTESIAN_POINT('',(0.,-0.005,0.));
#8224=CARTESIAN_POINT('',(0.0109638960018172,-0.005,-0.0454976151513608));
#8225=CARTESIAN_POINT('',(0.0123109079563353,-0.005,-0.0451517612645469));
#8226=CARTESIAN_POINT('',(0.0109638960018172,-0.005,-0.0454976151513608));
#8227=CARTESIAN_POINT('',(0.0109638960018172,0.,-0.0454976151513608));
#8228=CARTESIAN_POINT('',(0.,0.,0.));
#8229=CARTESIAN_POINT('',(0.0123109079563353,0.,-0.0451517612645469));
#8230=CARTESIAN_POINT('',(0.0123109079563353,-0.005,-0.0451517612645469));
#8231=CARTESIAN_POINT('',(0.,-0.005,0.));
#8232=CARTESIAN_POINT('',(0.0447194072747817,-0.005,-0.0137990801502201));
#8233=CARTESIAN_POINT('',(0.0447194072747817,-0.005,-0.0137990801502201));
#8234=CARTESIAN_POINT('',(0.0447194072747817,0.,-0.0137990801502201));
#8235=CARTESIAN_POINT('',(0.,-0.005,0.));
#8236=CARTESIAN_POINT('',(0.0442896562711742,-0.005,-0.0151217177391074));
#8237=CARTESIAN_POINT('',(0.0442896562711742,-0.005,-0.0151217177391074));
#8238=CARTESIAN_POINT('',(0.0442896562711742,0.,-0.0151217177391074));
#8239=CARTESIAN_POINT('',(0.,0.,0.));
#8240=CARTESIAN_POINT('',(0.,-0.005,0.));
#8241=CARTESIAN_POINT('',(0.0426372980559405,-0.005,-0.0192950981984776));
#8242=CARTESIAN_POINT('',(0.0426372980559405,-0.005,-0.0192950981984776));
#8243=CARTESIAN_POINT('',(0.0426372980559405,0.,-0.0192950981984776));
#8244=CARTESIAN_POINT('',(0.,-0.005,0.));
#8245=CARTESIAN_POINT('',(0.0420451653215079,-0.005,-0.0205534443120142));
#8246=CARTESIAN_POINT('',(0.0420451653215079,-0.005,-0.0205534443120142));
#8247=CARTESIAN_POINT('',(0.0420451653215079,0.,-0.0205534443120142));
#8248=CARTESIAN_POINT('',(0.,0.,0.));
#8249=CARTESIAN_POINT('',(0.,-0.005,0.));
#8250=CARTESIAN_POINT('',(0.0398827731764698,-0.005,-0.0244868210218122));
#8251=CARTESIAN_POINT('',(0.0398827731764698,-0.005,-0.0244868210218122));
#8252=CARTESIAN_POINT('',(0.0398827731764698,0.,-0.0244868210218122));
#8253=CARTESIAN_POINT('',(0.,-0.005,0.));
#8254=CARTESIAN_POINT('',(0.0391375969981571,-0.005,-0.0256610307900881));
#8255=CARTESIAN_POINT('',(0.0391375969981571,-0.005,-0.0256610307900881));
#8256=CARTESIAN_POINT('',(0.0391375969981571,0.,-0.0256610307900881));
#8257=CARTESIAN_POINT('',(0.,0.,0.));
#8258=CARTESIAN_POINT('',(0.,-0.005,0.));
#8259=CARTESIAN_POINT('',(0.0364992731391923,-0.005,-0.029292372049915));
#8260=CARTESIAN_POINT('',(0.0364992731391923,-0.005,-0.029292372049915));
#8261=CARTESIAN_POINT('',(0.0364992731391923,0.,-0.029292372049915));
#8262=CARTESIAN_POINT('',(0.,-0.005,0.));
#8263=CARTESIAN_POINT('',(0.0356128053904781,-0.005,-0.0303639274834454));
#8264=CARTESIAN_POINT('',(0.0356128053904781,-0.005,-0.0303639274834454));
#8265=CARTESIAN_POINT('',(0.0356128053904781,0.,-0.0303639274834454));
#8266=CARTESIAN_POINT('',(0.,0.,0.));
#8267=CARTESIAN_POINT('',(0.,-0.005,0.));
#8268=CARTESIAN_POINT('',(0.,-0.005,0.));
#8269=CARTESIAN_POINT('',(0.0165798056334702,-0.005,-0.0437647123280429));
#8270=CARTESIAN_POINT('',(0.0178728490104188,-0.005,-0.0432527602385185));
#8271=CARTESIAN_POINT('',(0.0165798056334702,-0.005,-0.0437647123280429));
#8272=CARTESIAN_POINT('',(0.0165798056334702,0.,-0.0437647123280429));
#8273=CARTESIAN_POINT('',(0.,0.,0.));
#8274=CARTESIAN_POINT('',(0.0178728490104188,0.,-0.0432527602385185));
#8275=CARTESIAN_POINT('',(0.0178728490104188,-0.005,-0.0432527602385185));
#8276=CARTESIAN_POINT('',(0.,-0.005,0.));
#8277=CARTESIAN_POINT('',(0.,-0.005,0.));
#8278=CARTESIAN_POINT('',(0.0219342418259875,-0.005,-0.0413416138475399));
#8279=CARTESIAN_POINT('',(0.0231529245588856,-0.005,-0.0406716373455821));
#8280=CARTESIAN_POINT('',(0.0219342418259875,-0.005,-0.0413416138475399));
#8281=CARTESIAN_POINT('',(0.0219342418259875,0.,-0.0413416138475399));
#8282=CARTESIAN_POINT('',(0.,0.,0.));
#8283=CARTESIAN_POINT('',(0.0231529245588856,0.,-0.0406716373455821));
#8284=CARTESIAN_POINT('',(0.0231529245588856,-0.005,-0.0406716373455821));
#8285=CARTESIAN_POINT('',(0.,-0.005,0.));
#8286=CARTESIAN_POINT('',(0.0325401577609008,-0.005,-0.0336359648723756));
#8287=CARTESIAN_POINT('',(0.0325401577609008,-0.005,-0.0336359648723756));
#8288=CARTESIAN_POINT('',(0.0325401577609008,0.,-0.0336359648723756));
#8289=CARTESIAN_POINT('',(0.,-0.005,0.));
#8290=CARTESIAN_POINT('',(0.0315263785677325,-0.005,-0.0345879669018579));
#8291=CARTESIAN_POINT('',(0.0315263785677325,-0.005,-0.0345879669018579));
#8292=CARTESIAN_POINT('',(0.0315263785677325,0.,-0.0345879669018579));
#8293=CARTESIAN_POINT('',(0.,0.,0.));
#8294=CARTESIAN_POINT('',(0.,-0.005,0.));
#8295=CARTESIAN_POINT('',(0.,-0.005,0.));
#8296=CARTESIAN_POINT('',(0.0269427619220282,-0.005,-0.0382665334203781));
#8297=CARTESIAN_POINT('',(0.0280678646561719,-0.005,-0.0374490984356475));
#8298=CARTESIAN_POINT('',(0.0269427619220282,-0.005,-0.0382665334203781));
#8299=CARTESIAN_POINT('',(0.0269427619220282,0.,-0.0382665334203781));
#8300=CARTESIAN_POINT('',(0.,0.,0.));
#8301=CARTESIAN_POINT('',(0.0280678646561719,0.,-0.0374490984356475));
#8302=CARTESIAN_POINT('',(0.0280678646561719,-0.005,-0.0374490984356475));
#8303=CARTESIAN_POINT('',(0.,-0.005,0.));
#8304=CARTESIAN_POINT('',(0.,-0.005,0.));
#8305=CARTESIAN_POINT('',(0.045835672884086,-0.005,-0.00945151264417851));
#8306=CARTESIAN_POINT('',(0.0460962647268207,-0.005,-0.00808544236482267));
#8307=CARTESIAN_POINT('',(0.045835672884086,-0.005,-0.00945151264417851));
#8308=CARTESIAN_POINT('',(0.045835672884086,0.,-0.00945151264417851));
#8309=CARTESIAN_POINT('',(0.,0.,0.));
#8310=CARTESIAN_POINT('',(0.0460962647268207,0.,-0.00808544236482267));
#8311=CARTESIAN_POINT('',(0.0460962647268207,-0.005,-0.00808544236482267));
#8312=CARTESIAN_POINT('',(0.,-0.005,0.));
#8313=CARTESIAN_POINT('',(0.,-0.005,2.46919410878085E-18));
#8314=CARTESIAN_POINT('',(0.,-0.005,-0.040325));
#8315=CARTESIAN_POINT('',(0.0429997185856449,-0.005,0.00567780594122886));
#8316=CARTESIAN_POINT('',(0.0427828566696397,-0.005,0.00626179618705313));
#8317=CARTESIAN_POINT('',(0.0423821236871202,-0.005,0.00559625694278292));
#8318=CARTESIAN_POINT('',(0.0418595052687645,-0.005,0.00599181252312215));
#8319=CARTESIAN_POINT('',(0.041874715080993,-0.005,0.00599432008199969));
#8320=CARTESIAN_POINT('',(0.041916268654214,-0.005,0.00600117079322861));
#8321=CARTESIAN_POINT('',(0.0420788697445063,-0.005,0.00603678536723283));
#8322=CARTESIAN_POINT('',(0.0423295445591643,-0.005,0.00610575014065266));
#8323=CARTESIAN_POINT('',(0.0426824251971377,-0.005,0.00622140803345085));
#8324=CARTESIAN_POINT('',(0.0431260625021943,-0.005,0.00639212032602323));
#8325=CARTESIAN_POINT('',(0.0436579073556491,-0.005,0.00662784497202638));
#8326=CARTESIAN_POINT('',(0.0442715222345959,-0.005,0.00693717871671124));
#8327=CARTESIAN_POINT('',(0.0449610383313216,-0.005,0.00733021013141877));
#8328=CARTESIAN_POINT('',(0.0457186196346954,-0.005,0.00780944021894704));
#8329=CARTESIAN_POINT('',(0.0462519028880718,-0.005,0.00819659525462715));
#8330=CARTESIAN_POINT('',(0.0465259569489083,-0.005,0.00839555408003492));
#8331=CARTESIAN_POINT('',(0.0411257170146574,-0.005,0.00983846526081611));
#8332=CARTESIAN_POINT('',(0.0411407818344123,-0.005,0.00984173289685783));
#8333=CARTESIAN_POINT('',(0.0411819392847046,-0.005,0.0098506601572));
#8334=CARTESIAN_POINT('',(0.0413462325541625,-0.005,0.00987740401736585));
#8335=CARTESIAN_POINT('',(0.0416046917288021,-0.005,0.00990556174670076));
#8336=CARTESIAN_POINT('',(0.0419753683583658,-0.005,0.00992792978457468));
#8337=CARTESIAN_POINT('',(0.0424506952792112,-0.005,0.00993251929356697));
#8338=CARTESIAN_POINT('',(0.0430319681479608,-0.005,0.00990913320934464));
#8339=CARTESIAN_POINT('',(0.0437163661801891,-0.005,0.00984740867007782));
#8340=CARTESIAN_POINT('',(0.0445021465472964,-0.005,0.00973580510714342));
#8341=CARTESIAN_POINT('',(0.0453829441909263,-0.005,0.00956911251885623));
#8342=CARTESIAN_POINT('',(0.0460212996945631,-0.005,0.00940545952939105));
#8343=CARTESIAN_POINT('',(0.0463493503447969,-0.005,0.0093213583204238));
#8344=CARTESIAN_POINT('',(0.0420836150509198,-0.005,0.00992734911993708));
#8345=CARTESIAN_POINT('',(0.04207026701309,-0.005,0.0105501617143164));
#8346=CARTESIAN_POINT('',(0.0414660216100623,-0.005,0.0103986322097594));
#8347=CARTESIAN_POINT('',(0.,-0.005,0.));
#8348=CARTESIAN_POINT('',(0.0413465310044248,-0.005,0.0108640173922972));
#8349=CARTESIAN_POINT('',(0.0419490351830389,-0.005,0.0110223285181978));
#8350=CARTESIAN_POINT('',(0.0416606899021357,-0.005,0.0115745338213344));
#8351=CARTESIAN_POINT('',(0.0407784573284581,-0.005,0.011190952442446));
#8352=CARTESIAN_POINT('',(0.0407932329263117,-0.005,0.0111953465234213));
#8353=CARTESIAN_POINT('',(0.0408336002154059,-0.005,0.0112073512584439));
#8354=CARTESIAN_POINT('',(0.0409904554578127,-0.005,0.0112630643213219));
#8355=CARTESIAN_POINT('',(0.0412305100486294,-0.005,0.0113629031719988));
#8356=CARTESIAN_POINT('',(0.0415661123396805,-0.005,0.0115218767391864));
#8357=CARTESIAN_POINT('',(0.0419848555084413,-0.005,0.011746845412315));
#8358=CARTESIAN_POINT('',(0.042482962474258,-0.005,0.0120473691343149));
#8359=CARTESIAN_POINT('',(0.0430529690181344,-0.005,0.012431170026971));
#8360=CARTESIAN_POINT('',(0.0436877881763914,-0.005,0.0129075215535781));
#8361=CARTESIAN_POINT('',(0.0443793322684183,-0.005,0.0134779228831668));
#8362=CARTESIAN_POINT('',(0.0448598870315454,-0.005,0.0139288632003043));
#8363=CARTESIAN_POINT('',(0.0451068439413216,-0.005,0.0141606012575637));
#8364=CARTESIAN_POINT('',(0.0395683417878924,-0.005,0.014915305119725));
#8365=CARTESIAN_POINT('',(0.0395828782736527,-0.005,0.0149204351120535));
#8366=CARTESIAN_POINT('',(0.0396225923027507,-0.005,0.0149344503746118));
#8367=CARTESIAN_POINT('',(0.0397822381762344,-0.005,0.0149815747581662));
#8368=CARTESIAN_POINT('',(0.0400351302238165,-0.005,0.0150419039794969));
#8369=CARTESIAN_POINT('',(0.0404000804989252,-0.005,0.0151105537393012));
#8370=CARTESIAN_POINT('',(0.040871084107024,-0.005,0.0151746813186339));
#8371=CARTESIAN_POINT('',(0.0414507045191417,-0.005,0.0152243324488944));
#8372=CARTESIAN_POINT('',(0.0421374420045626,-0.005,0.0152488724444802));
#8373=CARTESIAN_POINT('',(0.0429310138941939,-0.005,0.0152366333032548));
#8374=CARTESIAN_POINT('',(0.0438257583064236,-0.005,0.0151816483526069));
#8375=CARTESIAN_POINT('',(0.0444795913445987,-0.005,0.0150992929752788));
#8376=CARTESIAN_POINT('',(0.044815595893938,-0.005,0.0150569705782307));
#8377=CARTESIAN_POINT('',(0.0405075464105533,-0.005,0.0151235445613781));
#8378=CARTESIAN_POINT('',(0.0404162445096305,-0.005,0.0157397731396827));
#8379=CARTESIAN_POINT('',(0.0398357554448716,-0.005,0.015513706460301));
#8380=CARTESIAN_POINT('',(0.,-0.005,0.));
#8381=CARTESIAN_POINT('',(0.0396588788285693,-0.005,0.0159604457976856));
#8382=CARTESIAN_POINT('',(0.0402367904364574,-0.005,0.0161930223900149));
#8383=CARTESIAN_POINT('',(0.0398815091679851,-0.005,0.016704734142962));
#8384=CARTESIAN_POINT('',(0.0390543087562123,-0.005,0.0162136043566014));
#8385=CARTESIAN_POINT('',(0.0390684171196864,-0.005,0.0162198156623927));
#8386=CARTESIAN_POINT('',(0.0391069615083905,-0.005,0.0162367850993664));
#8387=CARTESIAN_POINT('',(0.0392555972020382,-0.005,0.0163117180228353));
#8388=CARTESIAN_POINT('',(0.0394812457647149,-0.005,0.0164408564324532));
#8389=CARTESIAN_POINT('',(0.0397942770602346,-0.005,0.0166406385659094));
#8390=CARTESIAN_POINT('',(0.0401815222627833,-0.005,0.0169163157292293));
#8391=CARTESIAN_POINT('',(0.0406380358965562,-0.005,0.0172768990886059));
#8392=CARTESIAN_POINT('',(0.0411554447616599,-0.005,0.0177291143598844));
#8393=CARTESIAN_POINT('',(0.0417255555040998,-0.005,0.0182812736502578));
#8394=CARTESIAN_POINT('',(0.0423401563213402,-0.005,0.0189338506521981));
#8395=CARTESIAN_POINT('',(0.0427604039585339,-0.005,0.0194414646526131));
#8396=CARTESIAN_POINT('',(0.0429763690592578,-0.005,0.0197023272941275));
#8397=CARTESIAN_POINT('',(0.0373869501741507,-0.005,0.0197569217069244));
#8398=CARTESIAN_POINT('',(0.0374007290768522,-0.005,0.0197638331524961));
#8399=CARTESIAN_POINT('',(0.0374383733707931,-0.005,0.0197827153882077));
#8400=CARTESIAN_POINT('',(0.0375908541375099,-0.005,0.0198494771154713));
#8401=CARTESIAN_POINT('',(0.0378341907993738,-0.005,0.0199410264009386));
#8402=CARTESIAN_POINT('',(0.0381876592361782,-0.005,0.0200548752349517));
#8403=CARTESIAN_POINT('',(0.0386469115232667,-0.005,0.0201775295543909));
#8404=CARTESIAN_POINT('',(0.0392157385186051,-0.005,0.0202994348711498));
#8405=CARTESIAN_POINT('',(0.0398939851968364,-0.005,0.0204098523911981));
#8406=CARTESIAN_POINT('',(0.0406828335062354,-0.005,0.0204971706902502));
#8407=CARTESIAN_POINT('',(0.0415774140331895,-0.005,0.0205547605227597));
#8408=CARTESIAN_POINT('',(0.0422364132683102,-0.005,0.0205550015510658));
#8409=CARTESIAN_POINT('',(0.0425750727242924,-0.005,0.0205551254154206));
#8410=CARTESIAN_POINT('',(0.0382926495652571,-0.005,0.0200812326707187));
#8411=CARTESIAN_POINT('',(0.03812483368676,-0.005,0.0206811589401515));
#8412=CARTESIAN_POINT('',(0.0375772556195884,-0.005,0.0203841202925245));
#8413=CARTESIAN_POINT('',(0.,-0.005,0.));
#8414=CARTESIAN_POINT('',(0.0373457824425213,-0.005,0.0208051684385363));
#8415=CARTESIAN_POINT('',(0.0378899874683994,-0.005,0.0211083426254988));
#8416=CARTESIAN_POINT('',(0.0374733732101968,-0.005,0.0215714908282305));
#8417=CARTESIAN_POINT('',(0.0367142504049678,-0.005,0.0209805580445156));
#8418=CARTESIAN_POINT('',(0.0367274690367425,-0.005,0.02098848861912));
#8419=CARTESIAN_POINT('',(0.0367635826570213,-0.005,0.0210101551398866));
#8420=CARTESIAN_POINT('',(0.0369016547282305,-0.005,0.0211031261869806));
#8421=CARTESIAN_POINT('',(0.0371093386501377,-0.005,0.0212595275656762));
#8422=CARTESIAN_POINT('',(0.0373948622595999,-0.005,0.0214969675818124));
#8423=CARTESIAN_POINT('',(0.0377445024077633,-0.005,0.0218190056417765));
#8424=CARTESIAN_POINT('',(0.0381522232167796,-0.005,0.0222339620235502));
#8425=CARTESIAN_POINT('',(0.0386088745562231,-0.005,0.0227474599684829));
#8426=CARTESIAN_POINT('',(0.03910528589587,-0.005,0.0233667191407694));
#8427=CARTESIAN_POINT('',(0.0396332508162911,-0.005,0.0240911802859101));
#8428=CARTESIAN_POINT('',(0.0399865637712691,-0.005,0.0246474625935822));
#8429=CARTESIAN_POINT('',(0.0401681311642911,-0.005,0.0249333358596631));
#8430=CARTESIAN_POINT('',(0.0346159440222812,-0.005,0.0242869598365926));
#8431=CARTESIAN_POINT('',(0.0346287480403972,-0.005,0.0242955437377823));
#8432=CARTESIAN_POINT('',(0.0346637289261779,-0.005,0.0243189951625103));
#8433=CARTESIAN_POINT('',(0.034806639873349,-0.005,0.0244043413611627));
#8434=CARTESIAN_POINT('',(0.0350365835849749,-0.005,0.0245256669238457));
#8435=CARTESIAN_POINT('',(0.0353729957750748,-0.005,0.0246829193679452));
#8436=CARTESIAN_POINT('',(0.0358132540582417,-0.005,0.0248621660956032));
#8437=CARTESIAN_POINT('',(0.0363623168952834,-0.005,0.0250544030791925));
#8438=CARTESIAN_POINT('',(0.0370213764110446,-0.005,0.0252489567734521));
#8439=CARTESIAN_POINT('',(0.0377930605311369,-0.005,0.0254344554510442));
#8440=CARTESIAN_POINT('',(0.0386733691035088,-0.005,0.0256037118406499));
#8441=CARTESIAN_POINT('',(0.03932714172397,-0.005,0.0256865454734299));
#8442=CARTESIAN_POINT('',(0.0396631152246691,-0.005,0.0257291136457726));
#8443=CARTESIAN_POINT('',(0.0354738547613968,-0.005,0.024722227744895));
#8444=CARTESIAN_POINT('',(0.0352321714619775,-0.005,0.0252963905098086));
#8445=CARTESIAN_POINT('',(0.0347261400256199,-0.005,0.0249330643708518));
#8446=CARTESIAN_POINT('',(0.,-0.005,0.));
#8447=CARTESIAN_POINT('',(0.0344437207580658,-0.005,0.025321781144706));
#8448=CARTESIAN_POINT('',(0.0349456367635834,-0.005,0.0256907716882658));
#8449=CARTESIAN_POINT('',(0.0344742597713754,-0.005,0.0260980522169539));
#8450=CARTESIAN_POINT('',(0.0337951863928069,-0.005,0.0254166357988898));
#8451=CARTESIAN_POINT('',(0.0338073068271626,-0.005,0.0254261605724083));
#8452=CARTESIAN_POINT('',(0.0338404201456511,-0.005,0.0254521824829925));
#8453=CARTESIAN_POINT('',(0.0339657511153786,-0.005,0.0255617254447606));
#8454=CARTESIAN_POINT('',(0.0341521950970036,-0.005,0.0257429232493624));
#8455=CARTESIAN_POINT('',(0.0344057081425235,-0.005,0.0260142765772842));
#8456=CARTESIAN_POINT('',(0.0347122292023,-0.005,0.0263775968013106));
#8457=CARTESIAN_POINT('',(0.0350647271858411,-0.005,0.0268403820954581));
#8458=CARTESIAN_POINT('',(0.0354534193352109,-0.005,0.0274070645447045));
#8459=CARTESIAN_POINT('',(0.0358683025686967,-0.005,0.0280836575118297));
#8460=CARTESIAN_POINT('',(0.0363013052701127,-0.005,0.0288685776151399));
#8461=CARTESIAN_POINT('',(0.0365821115865161,-0.005,0.0294647553257699));
#8462=CARTESIAN_POINT('',(0.0367264178455851,-0.005,0.0297711308242389));
#8463=CARTESIAN_POINT('',(0.0312990237546176,-0.005,0.0284339781013112));
#8464=CARTESIAN_POINT('',(0.0313106509611338,-0.005,0.0284440990848692));
#8465=CARTESIAN_POINT('',(0.0313424167692889,-0.005,0.0284717498556365));
#8466=CARTESIAN_POINT('',(0.0314735041059066,-0.005,0.0285743345651415));
#8467=CARTESIAN_POINT('',(0.0316864285176005,-0.005,0.0287235230284405));
#8468=CARTESIAN_POINT('',(0.0320004790397951,-0.005,0.0289216991176449));
#8469=CARTESIAN_POINT('',(0.0324148001829172,-0.005,0.0291547114255497));
#8470=CARTESIAN_POINT('',(0.0329354398127278,-0.005,0.0294142483839014));
#8471=CARTESIAN_POINT('',(0.0335649184037522,-0.005,0.0296898700243931));
#8472=CARTESIAN_POINT('',(0.0343072684149822,-0.005,0.0299706236555679));
#8473=CARTESIAN_POINT('',(0.0351594220407149,-0.005,0.0302488773278969));
#8474=CARTESIAN_POINT('',(0.0357976576617471,-0.005,0.0304129972292795));
#8475=CARTESIAN_POINT('',(0.0361256467043561,-0.005,0.0304973383841033));
#8476=CARTESIAN_POINT('',(0.0320956160768954,-0.005,0.0289733385191914));
#8477=CARTESIAN_POINT('',(0.0317838768465606,-0.005,0.0295126828897948));
#8478=CARTESIAN_POINT('',(0.0313273724590568,-0.005,0.02908879912976));
#8479=CARTESIAN_POINT('',(0.,-0.005,0.));
#8480=CARTESIAN_POINT('',(0.0309984610215741,-0.005,0.0294390542357249));
#8481=CARTESIAN_POINT('',(0.0314501724914941,-0.005,0.0298680419345859));
#8482=CARTESIAN_POINT('',(0.0309314666620349,-0.005,0.0302130317319951));
#8483=CARTESIAN_POINT('',(0.0303431521029656,-0.005,0.0294518780235533));
#8484=CARTESIAN_POINT('',(0.0303539831934122,-0.005,0.0294628467846176));
#8485=CARTESIAN_POINT('',(0.0303835739932969,-0.005,0.0294928137039448));
#8486=CARTESIAN_POINT('',(0.0304941873172809,-0.005,0.0296172010224421));
#8487=CARTESIAN_POINT('',(0.0306564510256572,-0.005,0.0298203376553291));
#8488=CARTESIAN_POINT('',(0.0308739554550655,-0.005,0.0301213248909568));
#8489=CARTESIAN_POINT('',(0.0311325234062359,-0.005,0.0305201975020756));
#8490=CARTESIAN_POINT('',(0.0314242394605292,-0.005,0.0310235133080536));
#8491=CARTESIAN_POINT('',(0.0317388425124363,-0.005,0.0316344433408694));
#8492=CARTESIAN_POINT('',(0.0320656546833298,-0.005,0.0323576998275646));
#8493=CARTESIAN_POINT('',(0.032396866454476,-0.005,0.0331907002301264));
#8494=CARTESIAN_POINT('',(0.0326007376489495,-0.005,0.0338173712650787));
#8495=CARTESIAN_POINT('',(0.0327055069781556,-0.005,0.0341394172713049));
#8496=CARTESIAN_POINT('',(0.0274884991852132,-0.005,0.0321325755457371));
#8497=CARTESIAN_POINT('',(0.027498766212137,-0.005,0.0321440739977066));
#8498=CARTESIAN_POINT('',(0.027526815976896,-0.005,0.0321754880453404));
#8499=CARTESIAN_POINT('',(0.0276440123773541,-0.005,0.032293693443548));
#8500=CARTESIAN_POINT('',(0.0278365595439485,-0.005,0.0324683920162758));
#8501=CARTESIAN_POINT('',(0.0281232956338982,-0.005,0.0327043663952737));
#8502=CARTESIAN_POINT('',(0.0285051455450451,-0.005,0.0329874695401347));
#8503=CARTESIAN_POINT('',(0.0289891511696474,-0.005,0.0333102134203758));
#8504=CARTESIAN_POINT('',(0.0295791215825224,-0.005,0.0336625562891808));
#8505=CARTESIAN_POINT('',(0.0302804301817545,-0.005,0.0340341372214607));
#8506=CARTESIAN_POINT('',(0.0310909898891182,-0.005,0.0344169999498796));
#8507=CARTESIAN_POINT('',(0.0317036231537144,-0.005,0.0346598178509794));
#8508=CARTESIAN_POINT('',(0.0320184551551001,-0.005,0.0347846018778898));
#8509=CARTESIAN_POINT('',(0.0282112103538698,-0.005,0.0327675224372065));
#8510=CARTESIAN_POINT('',(0.0278343315065057,-0.005,0.0332635426305867));
#8511=CARTESIAN_POINT('',(0.0274345535147492,-0.005,0.0327857861495856));
#8512=CARTESIAN_POINT('',(0.,-0.005,0.));
#8513=CARTESIAN_POINT('',(0.0270643370371891,-0.005,0.0330920558554079));
#8514=CARTESIAN_POINT('',(0.0274587202117917,-0.005,0.033574275317294));
#8515=CARTESIAN_POINT('',(0.0269008658458717,-0.005,0.0338515336882324));
#8516=CARTESIAN_POINT('',(0.02641258817834,-0.005,0.0330226465380862));
#8517=CARTESIAN_POINT('',(0.026421959112111,-0.005,0.0330348863027821));
#8518=CARTESIAN_POINT('',(0.0264475607288011,-0.005,0.0330683256346329));
#8519=CARTESIAN_POINT('',(0.0265417119688452,-0.005,0.0332055956475414));
#8520=CARTESIAN_POINT('',(0.02667723640836,-0.005,0.0334274675226651));
#8521=CARTESIAN_POINT('',(0.0268553020468743,-0.005,0.0337533419174916));
#8522=CARTESIAN_POINT('',(0.0270618391183874,-0.005,0.0341814764563505));
#8523=CARTESIAN_POINT('',(0.027288172706994,-0.005,0.0347173851832324));
#8524=CARTESIAN_POINT('',(0.0275237251833751,-0.005,0.0353629280680482));
#8525=CARTESIAN_POINT('',(0.0277573122685131,-0.005,0.0361214418874659));
#8526=CARTESIAN_POINT('',(0.0279815097019022,-0.005,0.0369893856753207));
#8527=CARTESIAN_POINT('',(0.0281052306039223,-0.005,0.0376366670580187));
#8528=CARTESIAN_POINT('',(0.0281688107283577,-0.005,0.0379693047141032));
#8529=CARTESIAN_POINT('',(0.0232444645628246,-0.005,0.0353244230787363));
#8530=CARTESIAN_POINT('',(0.0232532094930081,-0.005,0.0353371176616612));
#8531=CARTESIAN_POINT('',(0.0232771008528247,-0.005,0.0353717995678644));
#8532=CARTESIAN_POINT('',(0.0233785580598782,-0.005,0.0355037614850324));
#8533=CARTESIAN_POINT('',(0.0235476913975338,-0.005,0.0357012150663372));
#8534=CARTESIAN_POINT('',(0.0238025910558123,-0.005,0.0359712662782075));
#8535=CARTESIAN_POINT('',(0.024145947733779,-0.005,0.0362999955543129));
#8536=CARTESIAN_POINT('',(0.0245856862953422,-0.005,0.036680856492654));
#8537=CARTESIAN_POINT('',(0.0251268443442254,-0.005,0.0371043639322516));
#8538=CARTESIAN_POINT('',(0.0257760514759084,-0.005,0.0375609121123629));
#8539=CARTESIAN_POINT('',(0.0265322342541131,-0.005,0.0380423459229335));
#8540=CARTESIAN_POINT('',(0.027109603569721,-0.005,0.0383600324403978));
#8541=CARTESIAN_POINT('',(0.0274063134411503,-0.005,0.038523291420748));
#8542=CARTESIAN_POINT('',(0.0238818969910035,-0.005,0.0360449429520179));
#8543=CARTESIAN_POINT('',(0.0234458221311695,-0.005,0.036489816433417));
#8544=CARTESIAN_POINT('',(0.0231090752729061,-0.005,0.035965721736553));
#8545=CARTESIAN_POINT('',(0.,-0.005,0.));
#8546=CARTESIAN_POINT('',(0.0227033922902764,-0.005,0.0362231759860151));
#8547=CARTESIAN_POINT('',(0.0230342275113048,-0.005,0.0367510223219486));
#8548=CARTESIAN_POINT('',(0.0224460223055206,-0.005,0.0369561767362804));
#8549=CARTESIAN_POINT('',(0.0220654819600267,-0.005,0.0360726281899406));
#8550=CARTESIAN_POINT('',(0.0220732449518986,-0.005,0.0360859459298671));
#8551=CARTESIAN_POINT('',(0.0220944536326051,-0.005,0.0361223303160026));
#8552=CARTESIAN_POINT('',(0.0221706579674106,-0.005,0.0362703181932176));
#8553=CARTESIAN_POINT('',(0.0222773058366944,-0.005,0.0365074262585674));
#8554=CARTESIAN_POINT('',(0.022413124482824,-0.005,0.0368530485787184));
#8555=CARTESIAN_POINT('',(0.0225643734616828,-0.005,0.0373036931078845));
#8556=CARTESIAN_POINT('',(0.0227217551687053,-0.005,0.037863743154911));
#8557=CARTESIAN_POINT('',(0.0228745422662955,-0.005,0.0385337182948046));
#8558=CARTESIAN_POINT('',(0.0230112204578073,-0.005,0.0393155272308984));
#8559=CARTESIAN_POINT('',(0.0231248678259858,-0.005,0.0402047264120272));
#8560=CARTESIAN_POINT('',(0.0231664872830202,-0.005,0.0408624101283988));
#8561=CARTESIAN_POINT('',(0.0231878755061416,-0.005,0.0412003935397968));
#8562=CARTESIAN_POINT('',(0.0186338508487101,-0.005,0.0379591833579964));
#8563=CARTESIAN_POINT('',(0.0186409357693805,-0.005,0.0379728738707204));
#8564=CARTESIAN_POINT('',(0.0186602919432383,-0.005,0.0380102766811142));
#8565=CARTESIAN_POINT('',(0.0187444099161242,-0.005,0.0381539139989788));
#8566=CARTESIAN_POINT('',(0.0188874620910711,-0.005,0.0383710086279304));
#8567=CARTESIAN_POINT('',(0.0191065053977975,-0.005,0.0386708778037412));
#8568=CARTESIAN_POINT('',(0.0194059539026613,-0.005,0.0390400489540332));
#8569=CARTESIAN_POINT('',(0.0197944904613824,-0.005,0.0394730205459615));
#8570=CARTESIAN_POINT('',(0.0202783017605707,-0.005,0.0399610135910382));
#8571=CARTESIAN_POINT('',(0.0208651690404204,-0.005,0.0404953289814518));
#8572=CARTESIAN_POINT('',(0.0215550494353321,-0.005,0.0410677413753868));
#8573=CARTESIAN_POINT('',(0.022088049342941,-0.005,0.0414552864030585));
#8574=CARTESIAN_POINT('',(0.0223619577924954,-0.005,0.0416544456452023));
#8575=CARTESIAN_POINT('',(0.0191759518462352,-0.005,0.0387539131842707));
#8576=CARTESIAN_POINT('',(0.0186875581349696,-0.005,0.0391406240331327));
#8577=CARTESIAN_POINT('',(0.0184191531093168,-0.005,0.0385784564068541));
#8578=CARTESIAN_POINT('',(0.,-0.005,0.));
#8579=CARTESIAN_POINT('',(0.0179844014845968,-0.005,0.0387830349926463));
#8580=CARTESIAN_POINT('',(0.0182464712829842,-0.005,0.0393481837505894));
#8581=CARTESIAN_POINT('',(0.0176371915848078,-0.005,0.0394779988006473));
#8582=CARTESIAN_POINT('',(0.0173703899099238,-0.005,0.0385537229464961));
#8583=CARTESIAN_POINT('',(0.0173764225328773,-0.005,0.0385679086329389));
#8584=CARTESIAN_POINT('',(0.0173929038040361,-0.005,0.0386066642698549));
#8585=CARTESIAN_POINT('',(0.0174499594457209,-0.005,0.038763036154149));
#8586=CARTESIAN_POINT('',(0.0175260488441667,-0.005,0.0390116410738928));
#8587=CARTESIAN_POINT('',(0.017617478556728,-0.005,0.0393715606489148));
#8588=CARTESIAN_POINT('',(0.0177110541561841,-0.005,0.039837608234961));
#8589=CARTESIAN_POINT('',(0.0177970019780875,-0.005,0.0404129672783329));
#8590=CARTESIAN_POINT('',(0.0178646141530873,-0.005,0.0410968087651245));
#8591=CARTESIAN_POINT('',(0.0179022279542452,-0.005,0.041889583223942));
#8592=CARTESIAN_POINT('',(0.0179035329703271,-0.005,0.0427860145960765));
#8593=CARTESIAN_POINT('',(0.0178623946186763,-0.005,0.0434437285810333));
#8594=CARTESIAN_POINT('',(0.0178412536354285,-0.005,0.0437817275474457));
#8595=CARTESIAN_POINT('',(0.0137293701753885,-0.005,0.0399953046399839));
#8596=CARTESIAN_POINT('',(0.0137346833531144,-0.005,0.0400097751749431));
#8597=CARTESIAN_POINT('',(0.0137491990825889,-0.005,0.0400493090248643));
#8598=CARTESIAN_POINT('',(0.0138146512306254,-0.005,0.0402023564971177));
#8599=CARTESIAN_POINT('',(0.0139293662246092,-0.005,0.0404356684617315));
#8600=CARTESIAN_POINT('',(0.0141090987359863,-0.005,0.0407606264854471));
#8601=CARTESIAN_POINT('',(0.0143599165859436,-0.005,0.0411644174603536));
#8602=CARTESIAN_POINT('',(0.0146911236881911,-0.005,0.0416426714852196));
#8603=CARTESIAN_POINT('',(0.0151099582444816,-0.005,0.0421874541939417));
#8604=CARTESIAN_POINT('',(0.0156252304249171,-0.005,0.0427911103217662));
#8605=CARTESIAN_POINT('',(0.0162379286105935,-0.005,0.0434454740136706));
#8606=CARTESIAN_POINT('',(0.0167181533832617,-0.005,0.0438967657349552));
#8607=CARTESIAN_POINT('',(0.0169649407110668,-0.005,0.0441286843786719));
#8608=CARTESIAN_POINT('',(0.0141675904856935,-0.005,0.040851711055142));
#8609=CARTESIAN_POINT('',(0.0136345801835751,-0.005,0.0411741606103704));
#8610=CARTESIAN_POINT('',(0.0134387498981249,-0.005,0.0405827857739663));
#8611=CARTESIAN_POINT('',(0.,-0.005,0.));
#8612=CARTESIAN_POINT('',(0.0129817859241445,-0.005,0.0407312623695815));
#8613=CARTESIAN_POINT('',(0.0131709573026172,-0.005,0.0413248008160178));
#8614=CARTESIAN_POINT('',(0.012550211816855,-0.005,0.0413772292409146));
#8615=CARTESIAN_POINT('',(0.0124013564343734,-0.005,0.0404268024613077));
#8616=CARTESIAN_POINT('',(0.0124055635503408,-0.005,0.0404416323775173));
#8617=CARTESIAN_POINT('',(0.0124170574924603,-0.005,0.0404821480656681));
#8618=CARTESIAN_POINT('',(0.0124540646394716,-0.005,0.040644437879014));
#8619=CARTESIAN_POINT('',(0.0124983955918124,-0.005,0.0409006190050581));
#8620=CARTESIAN_POINT('',(0.0125439944696208,-0.005,0.0412691596882475));
#8621=CARTESIAN_POINT('',(0.0125784209465716,-0.005,0.0417432604823386));
#8622=CARTESIAN_POINT('',(0.0125915794348615,-0.005,0.042324854766239));
#8623=CARTESIAN_POINT('',(0.0125729504028817,-0.005,0.0430117780111748));
#8624=CARTESIAN_POINT('',(0.012510906621572,-0.005,0.04380301546592));
#8625=CARTESIAN_POINT('',(0.0123998487046742,-0.005,0.0446925417708196));
#8626=CARTESIAN_POINT('',(0.0122766013207185,-0.005,0.0453399134819194));
#8627=CARTESIAN_POINT('',(0.0122132645370362,-0.005,0.0456725975577351));
#8628=CARTESIAN_POINT('',(0.0086083691328729,-0.005,0.0414006760757619));
#8629=CARTESIAN_POINT('',(0.00861182677566756,-0.005,0.0414156984239757));
#8630=CARTESIAN_POINT('',(0.00862127313903361,-0.005,0.0414567398409947));
#8631=CARTESIAN_POINT('',(0.00866702724274689,-0.005,0.0416167838175735));
#8632=CARTESIAN_POINT('',(0.00875159593178517,-0.005,0.0418626336487937));
#8633=CARTESIAN_POINT('',(0.00888918315874165,-0.005,0.0422075557382596));
#8634=CARTESIAN_POINT('',(0.00908741480646723,-0.005,0.0426395985128932));
#8635=CARTESIAN_POINT('',(0.00935606911838509,-0.005,0.0431555926190298));
#8636=CARTESIAN_POINT('',(0.00970332166062537,-0.005,0.0437485734426432));
#8637=CARTESIAN_POINT('',(0.0101388725915527,-0.005,0.0444120502901362));
#8638=CARTESIAN_POINT('',(0.0106647259515975,-0.005,0.0451380455736908));
#8639=CARTESIAN_POINT('',(0.0110846021577876,-0.005,0.0456459668485549));
#8640=CARTESIAN_POINT('',(0.0113003763802603,-0.005,0.0459069873982917));
#8641=CARTESIAN_POINT('',(0.00893579775988409,-0.005,0.0423052530390444));
#8642=CARTESIAN_POINT('',(0.00836657675778216,-0.005,0.0425583560785312));
#8643=CARTESIAN_POINT('',(0.00824640957311953,-0.005,0.0419471003664421));
#8644=CARTESIAN_POINT('',(0.,-0.005,0.));
#8645=CARTESIAN_POINT('',(0.00777443984472545,-0.005,0.0420371334072716));
#8646=CARTESIAN_POINT('',(0.00788772945763952,-0.005,0.0426497010863382));
#8647=CARTESIAN_POINT('',(0.00726530771141719,-0.005,0.042623916058494));
#8648=CARTESIAN_POINT('',(0.00723674615964164,-0.005,0.0416623271515031));
#8649=CARTESIAN_POINT('',(0.00723906141989103,-0.005,0.0416775674208422));
#8650=CARTESIAN_POINT('',(0.00724538676663779,-0.005,0.0417192042036227));
#8651=CARTESIAN_POINT('',(0.00726176179416022,-0.005,0.0418848525387166));
#8652=CARTESIAN_POINT('',(0.00727363517479558,-0.005,0.0421445697416682));
#8653=CARTESIAN_POINT('',(0.00727268409630857,-0.005,0.0425159194262954));
#8654=CARTESIAN_POINT('',(0.00724741852464708,-0.005,0.0429905965756946));
#8655=CARTESIAN_POINT('',(0.00718758016210283,-0.005,0.0435692540108389));
#8656=CARTESIAN_POINT('',(0.00708300371410618,-0.005,0.0442484258239981));
#8657=CARTESIAN_POINT('',(0.00692228081782322,-0.005,0.0450256479873474));
#8658=CARTESIAN_POINT('',(0.006700611417638,-0.005,0.0458942408638065));
#8659=CARTESIAN_POINT('',(0.00649719868624681,-0.005,0.0465210608624442));
#8660=CARTESIAN_POINT('',(0.00639266496104425,-0.005,0.0468431834210517));
#8661=CARTESIAN_POINT('',(0.0033516089667414,-0.005,0.0421531341182601));
#8662=CARTESIAN_POINT('',(0.00335315654551251,-0.005,0.0421684713683232));
#8663=CARTESIAN_POINT('',(0.00335738456797687,-0.005,0.0422103731047766));
#8664=CARTESIAN_POINT('',(0.00338271905781918,-0.005,0.0423748895965645));
#8665=CARTESIAN_POINT('',(0.00343580774316689,-0.005,0.0426294000956892));
#8666=CARTESIAN_POINT('',(0.00352907985294298,-0.005,0.042988846623508));
#8667=CARTESIAN_POINT('',(0.0036715990669344,-0.005,0.0434423276252229));
#8668=CARTESIAN_POINT('',(0.00387346374953741,-0.005,0.0439879242773364));
#8669=CARTESIAN_POINT('',(0.00414365789769773,-0.005,0.0446197515540231));
#8670=CARTESIAN_POINT('',(0.00449261868075059,-0.005,0.0453325856949578));
#8671=CARTESIAN_POINT('',(0.00492333419354628,-0.005,0.0461187631908524));
#8672=CARTESIAN_POINT('',(0.00527624013466485,-0.005,0.046675303797374));
#8673=CARTESIAN_POINT('',(0.00545759836341946,-0.005,0.0469613098031354));
#8674=CARTESIAN_POINT('',(0.00356308216541444,-0.005,0.0430916159105878));
#8675=CARTESIAN_POINT('',(0.00296662741856832,-0.005,0.0432713808482039));
#8676=CARTESIAN_POINT('',(0.00292401844297974,-0.005,0.0426498841281557));
#8677=CARTESIAN_POINT('',(0.,-0.005,0.));
#8678=CARTESIAN_POINT('',(0.00244448620472978,-0.005,0.0426800537393627));
#8679=CARTESIAN_POINT('',(0.00248010740721365,-0.005,0.0433019900928306));
#8680=CARTESIAN_POINT('',(0.00186582536328591,-0.005,0.0431983982575378));
#8681=CARTESIAN_POINT('',(0.00195800807494976,-0.005,0.0422408120546515));
#8682=CARTESIAN_POINT('',(0.00195839496644389,-0.005,0.0422562223289685));
#8683=CARTESIAN_POINT('',(0.00195945196332118,-0.005,0.0422983235694416));
#8684=CARTESIAN_POINT('',(0.00195493662738875,-0.005,0.0424647180530856));
#8685=CARTESIAN_POINT('',(0.00193416518601319,-0.005,0.0427238754375064));
#8686=CARTESIAN_POINT('',(0.00188667915030671,-0.005,0.0430921777172115));
#8687=CARTESIAN_POINT('',(0.00180211998319094,-0.005,0.0435599452797144));
#8688=CARTESIAN_POINT('',(0.00167022845653554,-0.005,0.044126540092677));
#8689=CARTESIAN_POINT('',(0.00148135382557784,-0.005,0.0447872495288486));
#8690=CARTESIAN_POINT('',(0.00122448651040727,-0.005,0.0455381991429959));
#8691=CARTESIAN_POINT('',(0.000895701485794412,-0.005,0.0463721603624805));
#8692=CARTESIAN_POINT('',(0.000615331347254648,-0.005,0.0469685433228335));
#8693=CARTESIAN_POINT('',(0.000471249239823729,-0.005,0.0472750242990569));
#8694=CARTESIAN_POINT('',(-0.00195800807494977,-0.005,0.0422408120546515));
#8695=CARTESIAN_POINT('',(-0.00195839496644389,-0.005,0.0422562223289685));
#8696=CARTESIAN_POINT('',(-0.00195945196332119,-0.005,0.0422983235694416));
#8697=CARTESIAN_POINT('',(-0.00195493662738875,-0.005,0.0424647180530856));
#8698=CARTESIAN_POINT('',(-0.0019341651860132,-0.005,0.0427238754375064));
#8699=CARTESIAN_POINT('',(-0.00188667915030671,-0.005,0.0430921777172115));
#8700=CARTESIAN_POINT('',(-0.00180211998319095,-0.005,0.0435599452797144));
#8701=CARTESIAN_POINT('',(-0.00167022845653555,-0.005,0.044126540092677));
#8702=CARTESIAN_POINT('',(-0.00148135382557785,-0.005,0.0447872495288486));
#8703=CARTESIAN_POINT('',(-0.00122448651040727,-0.005,0.0455381991429959));
#8704=CARTESIAN_POINT('',(-0.000895701485794417,-0.005,0.0463721603624805));
#8705=CARTESIAN_POINT('',(-0.000615331347254653,-0.005,0.0469685433228335));
#8706=CARTESIAN_POINT('',(-0.000471249239823734,-0.005,0.0472750242990569));
#8707=CARTESIAN_POINT('',(-0.00186582536328591,-0.005,0.0431983982575378));
#8708=CARTESIAN_POINT('',(-0.00248010740721366,-0.005,0.0433019900928306));
#8709=CARTESIAN_POINT('',(-0.00244448620472979,-0.005,0.0426800537393627));
#8710=CARTESIAN_POINT('',(0.,-0.005,0.));
#8711=CARTESIAN_POINT('',(-0.00292401844297975,-0.005,0.0426498841281557));
#8712=CARTESIAN_POINT('',(-0.00296662741856832,-0.005,0.0432713808482039));
#8713=CARTESIAN_POINT('',(-0.00356308216541444,-0.005,0.0430916159105878));
#8714=CARTESIAN_POINT('',(-0.0033516089667414,-0.005,0.0421531341182601));
#8715=CARTESIAN_POINT('',(-0.00335315654551251,-0.005,0.0421684713683232));
#8716=CARTESIAN_POINT('',(-0.00335738456797688,-0.005,0.0422103731047766));
#8717=CARTESIAN_POINT('',(-0.00338271905781918,-0.005,0.0423748895965645));
#8718=CARTESIAN_POINT('',(-0.00343580774316689,-0.005,0.0426294000956892));
#8719=CARTESIAN_POINT('',(-0.00352907985294298,-0.005,0.042988846623508));
#8720=CARTESIAN_POINT('',(-0.0036715990669344,-0.005,0.0434423276252229));
#8721=CARTESIAN_POINT('',(-0.00387346374953742,-0.005,0.0439879242773364));
#8722=CARTESIAN_POINT('',(-0.00414365789769773,-0.005,0.0446197515540231));
#8723=CARTESIAN_POINT('',(-0.00449261868075059,-0.005,0.0453325856949578));
#8724=CARTESIAN_POINT('',(-0.00492333419354628,-0.005,0.0461187631908524));
#8725=CARTESIAN_POINT('',(-0.00527624013466485,-0.005,0.046675303797374));
#8726=CARTESIAN_POINT('',(-0.00545759836341946,-0.005,0.0469613098031354));
#8727=CARTESIAN_POINT('',(-0.00723674615964165,-0.005,0.0416623271515031));
#8728=CARTESIAN_POINT('',(-0.00723906141989103,-0.005,0.0416775674208422));
#8729=CARTESIAN_POINT('',(-0.0072453867666378,-0.005,0.0417192042036227));
#8730=CARTESIAN_POINT('',(-0.00726176179416023,-0.005,0.0418848525387166));
#8731=CARTESIAN_POINT('',(-0.00727363517479558,-0.005,0.0421445697416682));
#8732=CARTESIAN_POINT('',(-0.00727268409630857,-0.005,0.0425159194262954));
#8733=CARTESIAN_POINT('',(-0.00724741852464709,-0.005,0.0429905965756946));
#8734=CARTESIAN_POINT('',(-0.00718758016210284,-0.005,0.0435692540108389));
#8735=CARTESIAN_POINT('',(-0.00708300371410618,-0.005,0.0442484258239981));
#8736=CARTESIAN_POINT('',(-0.00692228081782322,-0.005,0.0450256479873474));
#8737=CARTESIAN_POINT('',(-0.006700611417638,-0.005,0.0458942408638065));
#8738=CARTESIAN_POINT('',(-0.00649719868624682,-0.005,0.0465210608624442));
#8739=CARTESIAN_POINT('',(-0.00639266496104426,-0.005,0.0468431834210517));
#8740=CARTESIAN_POINT('',(-0.00726530771141719,-0.005,0.042623916058494));
#8741=CARTESIAN_POINT('',(-0.00788772945763952,-0.005,0.0426497010863382));
#8742=CARTESIAN_POINT('',(-0.00777443984472545,-0.005,0.0420371334072716));
#8743=CARTESIAN_POINT('',(0.,-0.005,0.));
#8744=CARTESIAN_POINT('',(-0.00824640957311954,-0.005,0.0419471003664421));
#8745=CARTESIAN_POINT('',(-0.00836657675778216,-0.005,0.0425583560785312));
#8746=CARTESIAN_POINT('',(-0.00893579775988408,-0.005,0.0423052530390444));
#8747=CARTESIAN_POINT('',(-0.0086083691328729,-0.005,0.0414006760757619));
#8748=CARTESIAN_POINT('',(-0.00861182677566756,-0.005,0.0414156984239757));
#8749=CARTESIAN_POINT('',(-0.00862127313903361,-0.005,0.0414567398409947));
#8750=CARTESIAN_POINT('',(-0.0086670272427469,-0.005,0.0416167838175735));
#8751=CARTESIAN_POINT('',(-0.00875159593178518,-0.005,0.0418626336487937));
#8752=CARTESIAN_POINT('',(-0.00888918315874165,-0.005,0.0422075557382596));
#8753=CARTESIAN_POINT('',(-0.00908741480646724,-0.005,0.0426395985128932));
#8754=CARTESIAN_POINT('',(-0.0093560691183851,-0.005,0.0431555926190298));
#8755=CARTESIAN_POINT('',(-0.00970332166062537,-0.005,0.0437485734426432));
#8756=CARTESIAN_POINT('',(-0.0101388725915527,-0.005,0.0444120502901362));
#8757=CARTESIAN_POINT('',(-0.0106647259515975,-0.005,0.0451380455736908));
#8758=CARTESIAN_POINT('',(-0.0110846021577876,-0.005,0.0456459668485549));
#8759=CARTESIAN_POINT('',(-0.0113003763802603,-0.005,0.0459069873982917));
#8760=CARTESIAN_POINT('',(-0.0124013564343734,-0.005,0.0404268024613077));
#8761=CARTESIAN_POINT('',(-0.0124055635503408,-0.005,0.0404416323775173));
#8762=CARTESIAN_POINT('',(-0.0124170574924603,-0.005,0.0404821480656682));
#8763=CARTESIAN_POINT('',(-0.0124540646394716,-0.005,0.040644437879014));
#8764=CARTESIAN_POINT('',(-0.0124983955918124,-0.005,0.0409006190050581));
#8765=CARTESIAN_POINT('',(-0.0125439944696207,-0.005,0.0412691596882475));
#8766=CARTESIAN_POINT('',(-0.0125784209465716,-0.005,0.0417432604823386));
#8767=CARTESIAN_POINT('',(-0.0125915794348615,-0.005,0.042324854766239));
#8768=CARTESIAN_POINT('',(-0.0125729504028817,-0.005,0.0430117780111748));
#8769=CARTESIAN_POINT('',(-0.012510906621572,-0.005,0.04380301546592));
#8770=CARTESIAN_POINT('',(-0.0123998487046742,-0.005,0.0446925417708196));
#8771=CARTESIAN_POINT('',(-0.0122766013207185,-0.005,0.0453399134819194));
#8772=CARTESIAN_POINT('',(-0.0122132645370362,-0.005,0.0456725975577351));
#8773=CARTESIAN_POINT('',(-0.012550211816855,-0.005,0.0413772292409146));
#8774=CARTESIAN_POINT('',(-0.0131709573026172,-0.005,0.0413248008160178));
#8775=CARTESIAN_POINT('',(-0.0129817859241445,-0.005,0.0407312623695815));
#8776=CARTESIAN_POINT('',(0.,-0.005,0.));
#8777=CARTESIAN_POINT('',(-0.0134387498981249,-0.005,0.0405827857739663));
#8778=CARTESIAN_POINT('',(-0.0136345801835751,-0.005,0.0411741606103704));
#8779=CARTESIAN_POINT('',(-0.0141675904856935,-0.005,0.040851711055142));
#8780=CARTESIAN_POINT('',(-0.0137293701753885,-0.005,0.0399953046399839));
#8781=CARTESIAN_POINT('',(-0.0137346833531144,-0.005,0.0400097751749431));
#8782=CARTESIAN_POINT('',(-0.0137491990825888,-0.005,0.0400493090248643));
#8783=CARTESIAN_POINT('',(-0.0138146512306254,-0.005,0.0402023564971177));
#8784=CARTESIAN_POINT('',(-0.0139293662246092,-0.005,0.0404356684617315));
#8785=CARTESIAN_POINT('',(-0.0141090987359863,-0.005,0.0407606264854471));
#8786=CARTESIAN_POINT('',(-0.0143599165859436,-0.005,0.0411644174603536));
#8787=CARTESIAN_POINT('',(-0.0146911236881911,-0.005,0.0416426714852197));
#8788=CARTESIAN_POINT('',(-0.0151099582444816,-0.005,0.0421874541939417));
#8789=CARTESIAN_POINT('',(-0.0156252304249171,-0.005,0.0427911103217662));
#8790=CARTESIAN_POINT('',(-0.0162379286105935,-0.005,0.0434454740136707));
#8791=CARTESIAN_POINT('',(-0.0167181533832617,-0.005,0.0438967657349552));
#8792=CARTESIAN_POINT('',(-0.0169649407110668,-0.005,0.0441286843786719));
#8793=CARTESIAN_POINT('',(-0.0173703899099238,-0.005,0.0385537229464961));
#8794=CARTESIAN_POINT('',(-0.0173764225328773,-0.005,0.0385679086329389));
#8795=CARTESIAN_POINT('',(-0.0173929038040361,-0.005,0.0386066642698549));
#8796=CARTESIAN_POINT('',(-0.0174499594457209,-0.005,0.038763036154149));
#8797=CARTESIAN_POINT('',(-0.0175260488441667,-0.005,0.0390116410738928));
#8798=CARTESIAN_POINT('',(-0.017617478556728,-0.005,0.0393715606489148));
#8799=CARTESIAN_POINT('',(-0.0177110541561841,-0.005,0.039837608234961));
#8800=CARTESIAN_POINT('',(-0.0177970019780875,-0.005,0.0404129672783329));
#8801=CARTESIAN_POINT('',(-0.0178646141530873,-0.005,0.0410968087651245));
#8802=CARTESIAN_POINT('',(-0.0179022279542452,-0.005,0.041889583223942));
#8803=CARTESIAN_POINT('',(-0.0179035329703271,-0.005,0.0427860145960765));
#8804=CARTESIAN_POINT('',(-0.0178623946186763,-0.005,0.0434437285810333));
#8805=CARTESIAN_POINT('',(-0.0178412536354285,-0.005,0.0437817275474457));
#8806=CARTESIAN_POINT('',(-0.0176371915848078,-0.005,0.0394779988006473));
#8807=CARTESIAN_POINT('',(-0.0182464712829842,-0.005,0.0393481837505894));
#8808=CARTESIAN_POINT('',(-0.0179844014845968,-0.005,0.0387830349926463));
#8809=CARTESIAN_POINT('',(0.,-0.005,0.));
#8810=CARTESIAN_POINT('',(-0.0184191531093168,-0.005,0.0385784564068541));
#8811=CARTESIAN_POINT('',(-0.0186875581349696,-0.005,0.0391406240331327));
#8812=CARTESIAN_POINT('',(-0.0191759518462352,-0.005,0.0387539131842707));
#8813=CARTESIAN_POINT('',(-0.0186338508487101,-0.005,0.0379591833579964));
#8814=CARTESIAN_POINT('',(-0.0186409357693805,-0.005,0.0379728738707204));
#8815=CARTESIAN_POINT('',(-0.0186602919432383,-0.005,0.0380102766811142));
#8816=CARTESIAN_POINT('',(-0.0187444099161242,-0.005,0.0381539139989787));
#8817=CARTESIAN_POINT('',(-0.0188874620910711,-0.005,0.0383710086279304));
#8818=CARTESIAN_POINT('',(-0.0191065053977975,-0.005,0.0386708778037412));
#8819=CARTESIAN_POINT('',(-0.0194059539026613,-0.005,0.0390400489540332));
#8820=CARTESIAN_POINT('',(-0.0197944904613824,-0.005,0.0394730205459615));
#8821=CARTESIAN_POINT('',(-0.0202783017605707,-0.005,0.0399610135910382));
#8822=CARTESIAN_POINT('',(-0.0208651690404204,-0.005,0.0404953289814518));
#8823=CARTESIAN_POINT('',(-0.0215550494353321,-0.005,0.0410677413753868));
#8824=CARTESIAN_POINT('',(-0.022088049342941,-0.005,0.0414552864030585));
#8825=CARTESIAN_POINT('',(-0.0223619577924954,-0.005,0.0416544456452023));
#8826=CARTESIAN_POINT('',(-0.0220654819600268,-0.005,0.0360726281899406));
#8827=CARTESIAN_POINT('',(-0.0220732449518986,-0.005,0.0360859459298671));
#8828=CARTESIAN_POINT('',(-0.0220944536326051,-0.005,0.0361223303160026));
#8829=CARTESIAN_POINT('',(-0.0221706579674107,-0.005,0.0362703181932176));
#8830=CARTESIAN_POINT('',(-0.0222773058366944,-0.005,0.0365074262585674));
#8831=CARTESIAN_POINT('',(-0.022413124482824,-0.005,0.0368530485787184));
#8832=CARTESIAN_POINT('',(-0.0225643734616829,-0.005,0.0373036931078845));
#8833=CARTESIAN_POINT('',(-0.0227217551687053,-0.005,0.037863743154911));
#8834=CARTESIAN_POINT('',(-0.0228745422662955,-0.005,0.0385337182948046));
#8835=CARTESIAN_POINT('',(-0.0230112204578073,-0.005,0.0393155272308984));
#8836=CARTESIAN_POINT('',(-0.0231248678259858,-0.005,0.0402047264120272));
#8837=CARTESIAN_POINT('',(-0.0231664872830203,-0.005,0.0408624101283988));
#8838=CARTESIAN_POINT('',(-0.0231878755061417,-0.005,0.0412003935397968));
#8839=CARTESIAN_POINT('',(-0.0224460223055207,-0.005,0.0369561767362804));
#8840=CARTESIAN_POINT('',(-0.0230342275113048,-0.005,0.0367510223219486));
#8841=CARTESIAN_POINT('',(-0.0227033922902764,-0.005,0.0362231759860151));
#8842=CARTESIAN_POINT('',(0.,-0.005,0.));
#8843=CARTESIAN_POINT('',(-0.0231090752729061,-0.005,0.035965721736553));
#8844=CARTESIAN_POINT('',(-0.0234458221311695,-0.005,0.036489816433417));
#8845=CARTESIAN_POINT('',(-0.0238818969910035,-0.005,0.0360449429520178));
#8846=CARTESIAN_POINT('',(-0.0232444645628246,-0.005,0.0353244230787363));
#8847=CARTESIAN_POINT('',(-0.0232532094930081,-0.005,0.0353371176616612));
#8848=CARTESIAN_POINT('',(-0.0232771008528247,-0.005,0.0353717995678644));
#8849=CARTESIAN_POINT('',(-0.0233785580598782,-0.005,0.0355037614850324));
#8850=CARTESIAN_POINT('',(-0.0235476913975339,-0.005,0.0357012150663372));
#8851=CARTESIAN_POINT('',(-0.0238025910558123,-0.005,0.0359712662782075));
#8852=CARTESIAN_POINT('',(-0.024145947733779,-0.005,0.0362999955543129));
#8853=CARTESIAN_POINT('',(-0.0245856862953422,-0.005,0.036680856492654));
#8854=CARTESIAN_POINT('',(-0.0251268443442254,-0.005,0.0371043639322515));
#8855=CARTESIAN_POINT('',(-0.0257760514759084,-0.005,0.0375609121123628));
#8856=CARTESIAN_POINT('',(-0.0265322342541131,-0.005,0.0380423459229335));
#8857=CARTESIAN_POINT('',(-0.027109603569721,-0.005,0.0383600324403978));
#8858=CARTESIAN_POINT('',(-0.0274063134411503,-0.005,0.038523291420748));
#8859=CARTESIAN_POINT('',(-0.02641258817834,-0.005,0.0330226465380862));
#8860=CARTESIAN_POINT('',(-0.026421959112111,-0.005,0.0330348863027821));
#8861=CARTESIAN_POINT('',(-0.0264475607288011,-0.005,0.0330683256346329));
#8862=CARTESIAN_POINT('',(-0.0265417119688452,-0.005,0.0332055956475414));
#8863=CARTESIAN_POINT('',(-0.02667723640836,-0.005,0.0334274675226651));
#8864=CARTESIAN_POINT('',(-0.0268553020468743,-0.005,0.0337533419174916));
#8865=CARTESIAN_POINT('',(-0.0270618391183874,-0.005,0.0341814764563505));
#8866=CARTESIAN_POINT('',(-0.027288172706994,-0.005,0.0347173851832324));
#8867=CARTESIAN_POINT('',(-0.0275237251833751,-0.005,0.0353629280680482));
#8868=CARTESIAN_POINT('',(-0.0277573122685131,-0.005,0.0361214418874659));
#8869=CARTESIAN_POINT('',(-0.0279815097019022,-0.005,0.0369893856753207));
#8870=CARTESIAN_POINT('',(-0.0281052306039223,-0.005,0.0376366670580187));
#8871=CARTESIAN_POINT('',(-0.0281688107283577,-0.005,0.0379693047141032));
#8872=CARTESIAN_POINT('',(-0.0269008658458717,-0.005,0.0338515336882325));
#8873=CARTESIAN_POINT('',(-0.0274587202117917,-0.005,0.033574275317294));
#8874=CARTESIAN_POINT('',(-0.0270643370371891,-0.005,0.0330920558554079));
#8875=CARTESIAN_POINT('',(0.,-0.005,0.));
#8876=CARTESIAN_POINT('',(-0.0274345535147492,-0.005,0.0327857861495856));
#8877=CARTESIAN_POINT('',(-0.0278343315065057,-0.005,0.0332635426305867));
#8878=CARTESIAN_POINT('',(-0.0282112103538698,-0.005,0.0327675224372065));
#8879=CARTESIAN_POINT('',(-0.0274884991852132,-0.005,0.0321325755457371));
#8880=CARTESIAN_POINT('',(-0.027498766212137,-0.005,0.0321440739977066));
#8881=CARTESIAN_POINT('',(-0.027526815976896,-0.005,0.0321754880453404));
#8882=CARTESIAN_POINT('',(-0.0276440123773541,-0.005,0.032293693443548));
#8883=CARTESIAN_POINT('',(-0.0278365595439485,-0.005,0.0324683920162758));
#8884=CARTESIAN_POINT('',(-0.0281232956338982,-0.005,0.0327043663952737));
#8885=CARTESIAN_POINT('',(-0.0285051455450451,-0.005,0.0329874695401347));
#8886=CARTESIAN_POINT('',(-0.0289891511696474,-0.005,0.0333102134203758));
#8887=CARTESIAN_POINT('',(-0.0295791215825224,-0.005,0.0336625562891808));
#8888=CARTESIAN_POINT('',(-0.0302804301817545,-0.005,0.0340341372214607));
#8889=CARTESIAN_POINT('',(-0.0310909898891182,-0.005,0.0344169999498796));
#8890=CARTESIAN_POINT('',(-0.0317036231537144,-0.005,0.0346598178509794));
#8891=CARTESIAN_POINT('',(-0.0320184551551001,-0.005,0.0347846018778898));
#8892=CARTESIAN_POINT('',(-0.0303431521029656,-0.005,0.0294518780235533));
#8893=CARTESIAN_POINT('',(-0.0303539831934122,-0.005,0.0294628467846176));
#8894=CARTESIAN_POINT('',(-0.0303835739932969,-0.005,0.0294928137039447));
#8895=CARTESIAN_POINT('',(-0.030494187317281,-0.005,0.0296172010224421));
#8896=CARTESIAN_POINT('',(-0.0306564510256572,-0.005,0.0298203376553291));
#8897=CARTESIAN_POINT('',(-0.0308739554550655,-0.005,0.0301213248909568));
#8898=CARTESIAN_POINT('',(-0.0311325234062359,-0.005,0.0305201975020755));
#8899=CARTESIAN_POINT('',(-0.0314242394605292,-0.005,0.0310235133080535));
#8900=CARTESIAN_POINT('',(-0.0317388425124363,-0.005,0.0316344433408693));
#8901=CARTESIAN_POINT('',(-0.0320656546833298,-0.005,0.0323576998275646));
#8902=CARTESIAN_POINT('',(-0.032396866454476,-0.005,0.0331907002301264));
#8903=CARTESIAN_POINT('',(-0.0326007376489495,-0.005,0.0338173712650787));
#8904=CARTESIAN_POINT('',(-0.0327055069781556,-0.005,0.0341394172713049));
#8905=CARTESIAN_POINT('',(-0.030931466662035,-0.005,0.0302130317319951));
#8906=CARTESIAN_POINT('',(-0.0314501724914941,-0.005,0.0298680419345859));
#8907=CARTESIAN_POINT('',(-0.0309984610215741,-0.005,0.0294390542357249));
#8908=CARTESIAN_POINT('',(0.,-0.005,0.));
#8909=CARTESIAN_POINT('',(-0.0313273724590568,-0.005,0.02908879912976));
#8910=CARTESIAN_POINT('',(-0.0317838768465606,-0.005,0.0295126828897948));
#8911=CARTESIAN_POINT('',(-0.0320956160768954,-0.005,0.0289733385191913));
#8912=CARTESIAN_POINT('',(-0.0312990237546176,-0.005,0.0284339781013112));
#8913=CARTESIAN_POINT('',(-0.0313106509611338,-0.005,0.0284440990848692));
#8914=CARTESIAN_POINT('',(-0.0313424167692889,-0.005,0.0284717498556365));
#8915=CARTESIAN_POINT('',(-0.0314735041059067,-0.005,0.0285743345651415));
#8916=CARTESIAN_POINT('',(-0.0316864285176005,-0.005,0.0287235230284405));
#8917=CARTESIAN_POINT('',(-0.0320004790397951,-0.005,0.0289216991176449));
#8918=CARTESIAN_POINT('',(-0.0324148001829172,-0.005,0.0291547114255496));
#8919=CARTESIAN_POINT('',(-0.0329354398127278,-0.005,0.0294142483839014));
#8920=CARTESIAN_POINT('',(-0.0335649184037522,-0.005,0.0296898700243931));
#8921=CARTESIAN_POINT('',(-0.0343072684149822,-0.005,0.0299706236555679));
#8922=CARTESIAN_POINT('',(-0.0351594220407149,-0.005,0.0302488773278969));
#8923=CARTESIAN_POINT('',(-0.0357976576617471,-0.005,0.0304129972292795));
#8924=CARTESIAN_POINT('',(-0.0361256467043561,-0.005,0.0304973383841033));
#8925=CARTESIAN_POINT('',(-0.0337951863928069,-0.005,0.0254166357988898));
#8926=CARTESIAN_POINT('',(-0.0338073068271626,-0.005,0.0254261605724083));
#8927=CARTESIAN_POINT('',(-0.0338404201456511,-0.005,0.0254521824829925));
#8928=CARTESIAN_POINT('',(-0.0339657511153786,-0.005,0.0255617254447606));
#8929=CARTESIAN_POINT('',(-0.0341521950970036,-0.005,0.0257429232493624));
#8930=CARTESIAN_POINT('',(-0.0344057081425235,-0.005,0.0260142765772842));
#8931=CARTESIAN_POINT('',(-0.0347122292023,-0.005,0.0263775968013106));
#8932=CARTESIAN_POINT('',(-0.0350647271858411,-0.005,0.0268403820954581));
#8933=CARTESIAN_POINT('',(-0.0354534193352109,-0.005,0.0274070645447045));
#8934=CARTESIAN_POINT('',(-0.0358683025686967,-0.005,0.0280836575118297));
#8935=CARTESIAN_POINT('',(-0.0363013052701127,-0.005,0.0288685776151399));
#8936=CARTESIAN_POINT('',(-0.0365821115865161,-0.005,0.0294647553257699));
#8937=CARTESIAN_POINT('',(-0.0367264178455851,-0.005,0.0297711308242389));
#8938=CARTESIAN_POINT('',(-0.0344742597713754,-0.005,0.0260980522169539));
#8939=CARTESIAN_POINT('',(-0.0349456367635834,-0.005,0.0256907716882658));
#8940=CARTESIAN_POINT('',(-0.0344437207580658,-0.005,0.025321781144706));
#8941=CARTESIAN_POINT('',(0.,-0.005,0.));
#8942=CARTESIAN_POINT('',(-0.0347261400256199,-0.005,0.0249330643708518));
#8943=CARTESIAN_POINT('',(-0.0352321714619775,-0.005,0.0252963905098086));
#8944=CARTESIAN_POINT('',(-0.0354738547613967,-0.005,0.024722227744895));
#8945=CARTESIAN_POINT('',(-0.0346159440222812,-0.005,0.0242869598365926));
#8946=CARTESIAN_POINT('',(-0.0346287480403972,-0.005,0.0242955437377823));
#8947=CARTESIAN_POINT('',(-0.0346637289261779,-0.005,0.0243189951625103));
#8948=CARTESIAN_POINT('',(-0.034806639873349,-0.005,0.0244043413611627));
#8949=CARTESIAN_POINT('',(-0.0350365835849749,-0.005,0.0245256669238457));
#8950=CARTESIAN_POINT('',(-0.0353729957750748,-0.005,0.0246829193679452));
#8951=CARTESIAN_POINT('',(-0.0358132540582417,-0.005,0.0248621660956032));
#8952=CARTESIAN_POINT('',(-0.0363623168952834,-0.005,0.0250544030791925));
#8953=CARTESIAN_POINT('',(-0.0370213764110446,-0.005,0.0252489567734521));
#8954=CARTESIAN_POINT('',(-0.0377930605311369,-0.005,0.0254344554510442));
#8955=CARTESIAN_POINT('',(-0.0386733691035088,-0.005,0.0256037118406499));
#8956=CARTESIAN_POINT('',(-0.03932714172397,-0.005,0.0256865454734299));
#8957=CARTESIAN_POINT('',(-0.0396631152246691,-0.005,0.0257291136457726));
#8958=CARTESIAN_POINT('',(-0.0367142504049678,-0.005,0.0209805580445156));
#8959=CARTESIAN_POINT('',(-0.0367274690367425,-0.005,0.02098848861912));
#8960=CARTESIAN_POINT('',(-0.0367635826570213,-0.005,0.0210101551398866));
#8961=CARTESIAN_POINT('',(-0.0369016547282305,-0.005,0.0211031261869806));
#8962=CARTESIAN_POINT('',(-0.0371093386501377,-0.005,0.0212595275656762));
#8963=CARTESIAN_POINT('',(-0.0373948622595999,-0.005,0.0214969675818124));
#8964=CARTESIAN_POINT('',(-0.0377445024077633,-0.005,0.0218190056417765));
#8965=CARTESIAN_POINT('',(-0.0381522232167797,-0.005,0.0222339620235502));
#8966=CARTESIAN_POINT('',(-0.0386088745562231,-0.005,0.0227474599684829));
#8967=CARTESIAN_POINT('',(-0.03910528589587,-0.005,0.0233667191407694));
#8968=CARTESIAN_POINT('',(-0.0396332508162911,-0.005,0.0240911802859101));
#8969=CARTESIAN_POINT('',(-0.0399865637712691,-0.005,0.0246474625935822));
#8970=CARTESIAN_POINT('',(-0.0401681311642911,-0.005,0.0249333358596631));
#8971=CARTESIAN_POINT('',(-0.0374733732101968,-0.005,0.0215714908282305));
#8972=CARTESIAN_POINT('',(-0.0378899874683995,-0.005,0.0211083426254988));
#8973=CARTESIAN_POINT('',(-0.0373457824425213,-0.005,0.0208051684385363));
#8974=CARTESIAN_POINT('',(0.,-0.005,0.));
#8975=CARTESIAN_POINT('',(-0.0375772556195884,-0.005,0.0203841202925245));
#8976=CARTESIAN_POINT('',(-0.03812483368676,-0.005,0.0206811589401514));
#8977=CARTESIAN_POINT('',(-0.0382926495652571,-0.005,0.0200812326707187));
#8978=CARTESIAN_POINT('',(-0.0373869501741507,-0.005,0.0197569217069244));
#8979=CARTESIAN_POINT('',(-0.0374007290768522,-0.005,0.0197638331524961));
#8980=CARTESIAN_POINT('',(-0.0374383733707931,-0.005,0.0197827153882077));
#8981=CARTESIAN_POINT('',(-0.0375908541375099,-0.005,0.0198494771154713));
#8982=CARTESIAN_POINT('',(-0.0378341907993738,-0.005,0.0199410264009386));
#8983=CARTESIAN_POINT('',(-0.0381876592361782,-0.005,0.0200548752349517));
#8984=CARTESIAN_POINT('',(-0.0386469115232667,-0.005,0.0201775295543909));
#8985=CARTESIAN_POINT('',(-0.0392157385186051,-0.005,0.0202994348711498));
#8986=CARTESIAN_POINT('',(-0.0398939851968364,-0.005,0.0204098523911981));
#8987=CARTESIAN_POINT('',(-0.0406828335062355,-0.005,0.0204971706902502));
#8988=CARTESIAN_POINT('',(-0.0415774140331895,-0.005,0.0205547605227597));
#8989=CARTESIAN_POINT('',(-0.0422364132683102,-0.005,0.0205550015510658));
#8990=CARTESIAN_POINT('',(-0.0425750727242924,-0.005,0.0205551254154206));
#8991=CARTESIAN_POINT('',(-0.0390543087562123,-0.005,0.0162136043566014));
#8992=CARTESIAN_POINT('',(-0.0390684171196864,-0.005,0.0162198156623927));
#8993=CARTESIAN_POINT('',(-0.0391069615083905,-0.005,0.0162367850993664));
#8994=CARTESIAN_POINT('',(-0.0392555972020383,-0.005,0.0163117180228353));
#8995=CARTESIAN_POINT('',(-0.0394812457647149,-0.005,0.0164408564324532));
#8996=CARTESIAN_POINT('',(-0.0397942770602346,-0.005,0.0166406385659094));
#8997=CARTESIAN_POINT('',(-0.0401815222627833,-0.005,0.0169163157292293));
#8998=CARTESIAN_POINT('',(-0.0406380358965562,-0.005,0.0172768990886059));
#8999=CARTESIAN_POINT('',(-0.0411554447616599,-0.005,0.0177291143598844));
#9000=CARTESIAN_POINT('',(-0.0417255555040998,-0.005,0.0182812736502578));
#9001=CARTESIAN_POINT('',(-0.0423401563213402,-0.005,0.0189338506521981));
#9002=CARTESIAN_POINT('',(-0.0427604039585339,-0.005,0.0194414646526131));
#9003=CARTESIAN_POINT('',(-0.0429763690592578,-0.005,0.0197023272941275));
#9004=CARTESIAN_POINT('',(-0.0398815091679851,-0.005,0.016704734142962));
#9005=CARTESIAN_POINT('',(-0.0402367904364574,-0.005,0.0161930223900149));
#9006=CARTESIAN_POINT('',(-0.0396588788285693,-0.005,0.0159604457976855));
#9007=CARTESIAN_POINT('',(0.,-0.005,0.));
#9008=CARTESIAN_POINT('',(-0.0398357554448716,-0.005,0.015513706460301));
#9009=CARTESIAN_POINT('',(-0.0404162445096305,-0.005,0.0157397731396826));
#9010=CARTESIAN_POINT('',(-0.0405075464105533,-0.005,0.0151235445613781));
#9011=CARTESIAN_POINT('',(-0.0395683417878924,-0.005,0.014915305119725));
#9012=CARTESIAN_POINT('',(-0.0395828782736527,-0.005,0.0149204351120535));
#9013=CARTESIAN_POINT('',(-0.0396225923027507,-0.005,0.0149344503746118));
#9014=CARTESIAN_POINT('',(-0.0397822381762344,-0.005,0.0149815747581662));
#9015=CARTESIAN_POINT('',(-0.0400351302238165,-0.005,0.0150419039794969));
#9016=CARTESIAN_POINT('',(-0.0404000804989252,-0.005,0.0151105537393012));
#9017=CARTESIAN_POINT('',(-0.040871084107024,-0.005,0.0151746813186339));
#9018=CARTESIAN_POINT('',(-0.0414507045191417,-0.005,0.0152243324488944));
#9019=CARTESIAN_POINT('',(-0.0421374420045626,-0.005,0.0152488724444802));
#9020=CARTESIAN_POINT('',(-0.042931013894194,-0.005,0.0152366333032548));
#9021=CARTESIAN_POINT('',(-0.0438257583064236,-0.005,0.0151816483526069));
#9022=CARTESIAN_POINT('',(-0.0444795913445988,-0.005,0.0150992929752788));
#9023=CARTESIAN_POINT('',(-0.044815595893938,-0.005,0.0150569705782307));
#9024=CARTESIAN_POINT('',(-0.0407784573284581,-0.005,0.011190952442446));
#9025=CARTESIAN_POINT('',(-0.0407932329263117,-0.005,0.0111953465234213));
#9026=CARTESIAN_POINT('',(-0.0408336002154059,-0.005,0.0112073512584439));
#9027=CARTESIAN_POINT('',(-0.0409904554578127,-0.005,0.0112630643213219));
#9028=CARTESIAN_POINT('',(-0.0412305100486294,-0.005,0.0113629031719988));
#9029=CARTESIAN_POINT('',(-0.0415661123396805,-0.005,0.0115218767391864));
#9030=CARTESIAN_POINT('',(-0.0419848555084413,-0.005,0.011746845412315));
#9031=CARTESIAN_POINT('',(-0.042482962474258,-0.005,0.0120473691343149));
#9032=CARTESIAN_POINT('',(-0.0430529690181344,-0.005,0.012431170026971));
#9033=CARTESIAN_POINT('',(-0.0436877881763914,-0.005,0.0129075215535781));
#9034=CARTESIAN_POINT('',(-0.0443793322684183,-0.005,0.0134779228831668));
#9035=CARTESIAN_POINT('',(-0.0448598870315454,-0.005,0.0139288632003043));
#9036=CARTESIAN_POINT('',(-0.0451068439413216,-0.005,0.0141606012575637));
#9037=CARTESIAN_POINT('',(-0.0416606899021357,-0.005,0.0115745338213345));
#9038=CARTESIAN_POINT('',(-0.0419490351830389,-0.005,0.0110223285181978));
#9039=CARTESIAN_POINT('',(-0.0413465310044248,-0.005,0.0108640173922972));
#9040=CARTESIAN_POINT('',(0.,-0.005,0.));
#9041=CARTESIAN_POINT('',(-0.0414660216100623,-0.005,0.0103986322097594));
#9042=CARTESIAN_POINT('',(-0.04207026701309,-0.005,0.0105501617143164));
#9043=CARTESIAN_POINT('',(-0.0420836150509198,-0.005,0.00992734911993708));
#9044=CARTESIAN_POINT('',(-0.0411257170146574,-0.005,0.00983846526081611));
#9045=CARTESIAN_POINT('',(-0.0411407818344123,-0.005,0.00984173289685784));
#9046=CARTESIAN_POINT('',(-0.0411819392847046,-0.005,0.0098506601572));
#9047=CARTESIAN_POINT('',(-0.0413462325541625,-0.005,0.00987740401736585));
#9048=CARTESIAN_POINT('',(-0.0416046917288021,-0.005,0.00990556174670076));
#9049=CARTESIAN_POINT('',(-0.0419753683583658,-0.005,0.00992792978457468));
#9050=CARTESIAN_POINT('',(-0.0424506952792112,-0.005,0.00993251929356697));
#9051=CARTESIAN_POINT('',(-0.0430319681479608,-0.005,0.00990913320934464));
#9052=CARTESIAN_POINT('',(-0.0437163661801891,-0.005,0.00984740867007782));
#9053=CARTESIAN_POINT('',(-0.0445021465472964,-0.005,0.00973580510714342));
#9054=CARTESIAN_POINT('',(-0.0453829441909263,-0.005,0.00956911251885623));
#9055=CARTESIAN_POINT('',(-0.0460212996945631,-0.005,0.00940545952939106));
#9056=CARTESIAN_POINT('',(-0.0463493503447969,-0.005,0.0093213583204238));
#9057=CARTESIAN_POINT('',(-0.0418595052687645,-0.005,0.00599181252312215));
#9058=CARTESIAN_POINT('',(-0.041874715080993,-0.005,0.00599432008199968));
#9059=CARTESIAN_POINT('',(-0.041916268654214,-0.005,0.0060011707932286));
#9060=CARTESIAN_POINT('',(-0.0420788697445063,-0.005,0.00603678536723282));
#9061=CARTESIAN_POINT('',(-0.0423295445591643,-0.005,0.00610575014065266));
#9062=CARTESIAN_POINT('',(-0.0426824251971377,-0.005,0.00622140803345084));
#9063=CARTESIAN_POINT('',(-0.0431260625021943,-0.005,0.00639212032602322));
#9064=CARTESIAN_POINT('',(-0.0436579073556491,-0.005,0.00662784497202638));
#9065=CARTESIAN_POINT('',(-0.0442715222345959,-0.005,0.00693717871671123));
#9066=CARTESIAN_POINT('',(-0.0449610383313216,-0.005,0.00733021013141876));
#9067=CARTESIAN_POINT('',(-0.0457186196346954,-0.005,0.00780944021894703));
#9068=CARTESIAN_POINT('',(-0.0462519028880718,-0.005,0.00819659525462715));
#9069=CARTESIAN_POINT('',(-0.0465259569489083,-0.005,0.00839555408003491));
#9070=CARTESIAN_POINT('',(-0.0427828566696397,-0.005,0.00626179618705313));
#9071=CARTESIAN_POINT('',(-0.0429997185856449,-0.005,0.00567780594122886));
#9072=CARTESIAN_POINT('',(-0.0423821236871202,-0.005,0.00559625694278292));
#9073=CARTESIAN_POINT('',(0.,-0.005,0.));
#9074=CARTESIAN_POINT('',(-0.0424423438438617,-0.005,0.0051195653174281));
#9075=CARTESIAN_POINT('',(-0.0430608162741937,-0.005,0.00519416793635417));
#9076=CARTESIAN_POINT('',(-0.0429959999424002,-0.005,0.0045745934525637));
#9077=CARTESIAN_POINT('',(-0.0420345151167887,-0.005,0.0046064669275299));
#9078=CARTESIAN_POINT('',(-0.0420498706893314,-0.005,0.00460782067471249));
#9079=CARTESIAN_POINT('',(-0.0420918224832406,-0.005,0.00461151914461002));
#9080=CARTESIAN_POINT('',(-0.0422581721456694,-0.005,0.00461746071473645));
#9081=CARTESIAN_POINT('',(-0.0425181223917863,-0.005,0.00461300288786331));
#9082=CARTESIAN_POINT('',(-0.0428886795839254,-0.005,0.00458873644648764));
#9083=CARTESIAN_POINT('',(-0.0433608336280291,-0.005,0.00453371550584099));
#9084=CARTESIAN_POINT('',(-0.0439345919330349,-0.005,0.00443766101965424));
#9085=CARTESIAN_POINT('',(-0.0446058571462627,-0.005,0.00429064537839156));
#9086=CARTESIAN_POINT('',(-0.0453714537650542,-0.005,0.00408143744860436));
#9087=CARTESIAN_POINT('',(-0.0462244139350814,-0.005,0.00380566606437252));
#9088=CARTESIAN_POINT('',(-0.0468372246565523,-0.005,0.00356329636817569));
#9089=CARTESIAN_POINT('',(-0.0471521478529585,-0.005,0.00343874267359428));
#9090=CARTESIAN_POINT('',(-0.0422804038053261,-0.005,0.000698178140973406));
#9091=CARTESIAN_POINT('',(-0.0422958079641047,-0.005,0.000698759632051716));
#9092=CARTESIAN_POINT('',(-0.0423378924967799,-0.005,0.000700348279678451));
#9093=CARTESIAN_POINT('',(-0.0425036751186307,-0.005,0.000715302701701672));
#9094=CARTESIAN_POINT('',(-0.0427610168655569,-0.005,0.000752305782190093));
#9095=CARTESIAN_POINT('',(-0.0431256107119911,-0.005,0.000822824006538783));
#9096=CARTESIAN_POINT('',(-0.0435871457280266,-0.005,0.000936587683722454));
#9097=CARTESIAN_POINT('',(-0.044144340958072,-0.005,0.0011037957352463));
#9098=CARTESIAN_POINT('',(-0.0447918870988922,-0.005,0.00133378395401924));
#9099=CARTESIAN_POINT('',(-0.0455252260533444,-0.005,0.00163729691663173));
#9100=CARTESIAN_POINT('',(-0.0463368970583538,-0.005,0.00201779801734105));
#9101=CARTESIAN_POINT('',(-0.0469144986065059,-0.005,0.00233506210537587));
#9102=CARTESIAN_POINT('',(-0.0472113278221511,-0.005,0.00249810399940312));
#9103=CARTESIAN_POINT('',(-0.0432303122302237,-0.005,0.000850306286286263));
#9104=CARTESIAN_POINT('',(-0.0433722707393686,-0.005,0.000243740972809853));
#9105=CARTESIAN_POINT('',(-0.0427493249614162,-0.005,0.000240240178239093));
#9106=CARTESIAN_POINT('',(0.,-0.005,0.));
#9107=CARTESIAN_POINT('',(-0.0427493249614162,-0.005,-0.000240240178239082));
#9108=CARTESIAN_POINT('',(-0.0433722707393685,-0.005,-0.000243740972809842));
#9109=CARTESIAN_POINT('',(-0.0432303122302237,-0.005,-0.000850306286286247));
#9110=CARTESIAN_POINT('',(-0.0422804038053261,-0.005,-0.000698178140973396));
#9111=CARTESIAN_POINT('',(-0.0422958079641047,-0.005,-0.000698759632051705));
#9112=CARTESIAN_POINT('',(-0.0423378924967799,-0.005,-0.000700348279678441));
#9113=CARTESIAN_POINT('',(-0.0425036751186307,-0.005,-0.000715302701701661));
#9114=CARTESIAN_POINT('',(-0.0427610168655569,-0.005,-0.000752305782190083));
#9115=CARTESIAN_POINT('',(-0.0431256107119911,-0.005,-0.000822824006538772));
#9116=CARTESIAN_POINT('',(-0.0435871457280266,-0.005,-0.000936587683722443));
#9117=CARTESIAN_POINT('',(-0.044144340958072,-0.005,-0.00110379573524629));
#9118=CARTESIAN_POINT('',(-0.0447918870988922,-0.005,-0.00133378395401923));
#9119=CARTESIAN_POINT('',(-0.0455252260533444,-0.005,-0.00163729691663172));
#9120=CARTESIAN_POINT('',(-0.0463368970583538,-0.005,-0.00201779801734103));
#9121=CARTESIAN_POINT('',(-0.0469144986065059,-0.005,-0.00233506210537586));
#9122=CARTESIAN_POINT('',(-0.0472113278221511,-0.005,-0.0024981039994031));
#9123=CARTESIAN_POINT('',(-0.0420345151167887,-0.005,-0.00460646692752991));
#9124=CARTESIAN_POINT('',(-0.0420498706893314,-0.005,-0.0046078206747125));
#9125=CARTESIAN_POINT('',(-0.0420918224832406,-0.005,-0.00461151914461003));
#9126=CARTESIAN_POINT('',(-0.0422581721456694,-0.005,-0.00461746071473645));
#9127=CARTESIAN_POINT('',(-0.0425181223917863,-0.005,-0.00461300288786332));
#9128=CARTESIAN_POINT('',(-0.0428886795839254,-0.005,-0.00458873644648765));
#9129=CARTESIAN_POINT('',(-0.0433608336280291,-0.005,-0.004533715505841));
#9130=CARTESIAN_POINT('',(-0.0439345919330349,-0.005,-0.00443766101965425));
#9131=CARTESIAN_POINT('',(-0.0446058571462627,-0.005,-0.00429064537839157));
#9132=CARTESIAN_POINT('',(-0.0453714537650542,-0.005,-0.00408143744860437));
#9133=CARTESIAN_POINT('',(-0.0462244139350814,-0.005,-0.00380566606437253));
#9134=CARTESIAN_POINT('',(-0.0468372246565523,-0.005,-0.0035632963681757));
#9135=CARTESIAN_POINT('',(-0.0471521478529585,-0.005,-0.00343874267359429));
#9136=CARTESIAN_POINT('',(-0.0429959999424003,-0.005,-0.00457459345256371));
#9137=CARTESIAN_POINT('',(-0.0430608162741937,-0.005,-0.00519416793635418));
#9138=CARTESIAN_POINT('',(-0.0424423438438617,-0.005,-0.00511956531742811));
#9139=CARTESIAN_POINT('',(0.,-0.005,0.));
#9140=CARTESIAN_POINT('',(-0.0423821236871202,-0.005,-0.00559625694278293));
#9141=CARTESIAN_POINT('',(-0.0429997185856449,-0.005,-0.00567780594122886));
#9142=CARTESIAN_POINT('',(-0.0427828566696397,-0.005,-0.00626179618705313));
#9143=CARTESIAN_POINT('',(-0.0418595052687645,-0.005,-0.00599181252312216));
#9144=CARTESIAN_POINT('',(-0.041874715080993,-0.005,-0.00599432008199969));
#9145=CARTESIAN_POINT('',(-0.041916268654214,-0.005,-0.00600117079322861));
#9146=CARTESIAN_POINT('',(-0.0420788697445063,-0.005,-0.00603678536723283));
#9147=CARTESIAN_POINT('',(-0.0423295445591643,-0.005,-0.00610575014065266));
#9148=CARTESIAN_POINT('',(-0.0426824251971377,-0.005,-0.00622140803345085));
#9149=CARTESIAN_POINT('',(-0.0431260625021943,-0.005,-0.00639212032602323));
#9150=CARTESIAN_POINT('',(-0.0436579073556491,-0.005,-0.00662784497202638));
#9151=CARTESIAN_POINT('',(-0.0442715222345959,-0.005,-0.00693717871671124));
#9152=CARTESIAN_POINT('',(-0.0449610383313216,-0.005,-0.00733021013141877));
#9153=CARTESIAN_POINT('',(-0.0457186196346954,-0.005,-0.00780944021894704));
#9154=CARTESIAN_POINT('',(-0.0462519028880718,-0.005,-0.00819659525462715));
#9155=CARTESIAN_POINT('',(-0.0465259569489083,-0.005,-0.00839555408003492));
#9156=CARTESIAN_POINT('',(-0.0411257170146574,-0.005,-0.00983846526081612));
#9157=CARTESIAN_POINT('',(-0.0411407818344123,-0.005,-0.00984173289685784));
#9158=CARTESIAN_POINT('',(-0.0411819392847046,-0.005,-0.00985066015720001));
#9159=CARTESIAN_POINT('',(-0.0413462325541625,-0.005,-0.00987740401736585));
#9160=CARTESIAN_POINT('',(-0.0416046917288021,-0.005,-0.00990556174670077));
#9161=CARTESIAN_POINT('',(-0.0419753683583658,-0.005,-0.00992792978457469));
#9162=CARTESIAN_POINT('',(-0.0424506952792112,-0.005,-0.00993251929356698));
#9163=CARTESIAN_POINT('',(-0.0430319681479608,-0.005,-0.00990913320934465));
#9164=CARTESIAN_POINT('',(-0.0437163661801891,-0.005,-0.00984740867007783));
#9165=CARTESIAN_POINT('',(-0.0445021465472964,-0.005,-0.00973580510714343));
#9166=CARTESIAN_POINT('',(-0.0453829441909263,-0.005,-0.00956911251885624));
#9167=CARTESIAN_POINT('',(-0.0460212996945631,-0.005,-0.00940545952939107));
#9168=CARTESIAN_POINT('',(-0.0463493503447969,-0.005,-0.00932135832042381));
#9169=CARTESIAN_POINT('',(-0.0420836150509198,-0.005,-0.00992734911993709));
#9170=CARTESIAN_POINT('',(-0.04207026701309,-0.005,-0.0105501617143164));
#9171=CARTESIAN_POINT('',(-0.0414660216100623,-0.005,-0.0103986322097594));
#9172=CARTESIAN_POINT('',(0.,-0.005,0.));
#9173=CARTESIAN_POINT('',(-0.0413465310044248,-0.005,-0.0108640173922972));
#9174=CARTESIAN_POINT('',(-0.0419490351830389,-0.005,-0.0110223285181978));
#9175=CARTESIAN_POINT('',(-0.0416606899021357,-0.005,-0.0115745338213345));
#9176=CARTESIAN_POINT('',(-0.0407784573284581,-0.005,-0.011190952442446));
#9177=CARTESIAN_POINT('',(-0.0407932329263117,-0.005,-0.0111953465234213));
#9178=CARTESIAN_POINT('',(-0.0408336002154059,-0.005,-0.0112073512584439));
#9179=CARTESIAN_POINT('',(-0.0409904554578127,-0.005,-0.011263064321322));
#9180=CARTESIAN_POINT('',(-0.0412305100486294,-0.005,-0.0113629031719988));
#9181=CARTESIAN_POINT('',(-0.0415661123396805,-0.005,-0.0115218767391864));
#9182=CARTESIAN_POINT('',(-0.0419848555084413,-0.005,-0.011746845412315));
#9183=CARTESIAN_POINT('',(-0.042482962474258,-0.005,-0.0120473691343149));
#9184=CARTESIAN_POINT('',(-0.0430529690181344,-0.005,-0.012431170026971));
#9185=CARTESIAN_POINT('',(-0.0436877881763914,-0.005,-0.0129075215535781));
#9186=CARTESIAN_POINT('',(-0.0443793322684183,-0.005,-0.0134779228831668));
#9187=CARTESIAN_POINT('',(-0.0448598870315454,-0.005,-0.0139288632003043));
#9188=CARTESIAN_POINT('',(-0.0451068439413216,-0.005,-0.0141606012575637));
#9189=CARTESIAN_POINT('',(-0.0395683417878924,-0.005,-0.014915305119725));
#9190=CARTESIAN_POINT('',(-0.0395828782736527,-0.005,-0.0149204351120535));
#9191=CARTESIAN_POINT('',(-0.0396225923027507,-0.005,-0.0149344503746118));
#9192=CARTESIAN_POINT('',(-0.0397822381762344,-0.005,-0.0149815747581662));
#9193=CARTESIAN_POINT('',(-0.0400351302238165,-0.005,-0.0150419039794969));
#9194=CARTESIAN_POINT('',(-0.0404000804989252,-0.005,-0.0151105537393012));
#9195=CARTESIAN_POINT('',(-0.040871084107024,-0.005,-0.0151746813186339));
#9196=CARTESIAN_POINT('',(-0.0414507045191417,-0.005,-0.0152243324488944));
#9197=CARTESIAN_POINT('',(-0.0421374420045626,-0.005,-0.0152488724444802));
#9198=CARTESIAN_POINT('',(-0.042931013894194,-0.005,-0.0152366333032548));
#9199=CARTESIAN_POINT('',(-0.0438257583064236,-0.005,-0.0151816483526069));
#9200=CARTESIAN_POINT('',(-0.0444795913445988,-0.005,-0.0150992929752788));
#9201=CARTESIAN_POINT('',(-0.044815595893938,-0.005,-0.0150569705782307));
#9202=CARTESIAN_POINT('',(-0.0405075464105533,-0.005,-0.0151235445613781));
#9203=CARTESIAN_POINT('',(-0.0404162445096305,-0.005,-0.0157397731396827));
#9204=CARTESIAN_POINT('',(-0.0398357554448716,-0.005,-0.015513706460301));
#9205=CARTESIAN_POINT('',(0.,-0.005,0.));
#9206=CARTESIAN_POINT('',(-0.0396588788285693,-0.005,-0.0159604457976855));
#9207=CARTESIAN_POINT('',(-0.0402367904364574,-0.005,-0.0161930223900149));
#9208=CARTESIAN_POINT('',(-0.0398815091679851,-0.005,-0.016704734142962));
#9209=CARTESIAN_POINT('',(-0.0390543087562123,-0.005,-0.0162136043566014));
#9210=CARTESIAN_POINT('',(-0.0390684171196864,-0.005,-0.0162198156623927));
#9211=CARTESIAN_POINT('',(-0.0391069615083905,-0.005,-0.0162367850993664));
#9212=CARTESIAN_POINT('',(-0.0392555972020383,-0.005,-0.0163117180228353));
#9213=CARTESIAN_POINT('',(-0.0394812457647149,-0.005,-0.0164408564324532));
#9214=CARTESIAN_POINT('',(-0.0397942770602346,-0.005,-0.0166406385659094));
#9215=CARTESIAN_POINT('',(-0.0401815222627833,-0.005,-0.0169163157292293));
#9216=CARTESIAN_POINT('',(-0.0406380358965562,-0.005,-0.0172768990886059));
#9217=CARTESIAN_POINT('',(-0.0411554447616599,-0.005,-0.0177291143598844));
#9218=CARTESIAN_POINT('',(-0.0417255555040998,-0.005,-0.0182812736502578));
#9219=CARTESIAN_POINT('',(-0.0423401563213402,-0.005,-0.0189338506521981));
#9220=CARTESIAN_POINT('',(-0.0427604039585339,-0.005,-0.0194414646526131));
#9221=CARTESIAN_POINT('',(-0.0429763690592578,-0.005,-0.0197023272941275));
#9222=CARTESIAN_POINT('',(-0.0373869501741507,-0.005,-0.0197569217069244));
#9223=CARTESIAN_POINT('',(-0.0374007290768522,-0.005,-0.0197638331524961));
#9224=CARTESIAN_POINT('',(-0.0374383733707931,-0.005,-0.0197827153882077));
#9225=CARTESIAN_POINT('',(-0.0375908541375099,-0.005,-0.0198494771154713));
#9226=CARTESIAN_POINT('',(-0.0378341907993738,-0.005,-0.0199410264009386));
#9227=CARTESIAN_POINT('',(-0.0381876592361782,-0.005,-0.0200548752349517));
#9228=CARTESIAN_POINT('',(-0.0386469115232667,-0.005,-0.0201775295543909));
#9229=CARTESIAN_POINT('',(-0.0392157385186051,-0.005,-0.0202994348711498));
#9230=CARTESIAN_POINT('',(-0.0398939851968364,-0.005,-0.0204098523911981));
#9231=CARTESIAN_POINT('',(-0.0406828335062354,-0.005,-0.0204971706902502));
#9232=CARTESIAN_POINT('',(-0.0415774140331895,-0.005,-0.0205547605227597));
#9233=CARTESIAN_POINT('',(-0.0422364132683102,-0.005,-0.0205550015510658));
#9234=CARTESIAN_POINT('',(-0.0425750727242924,-0.005,-0.0205551254154206));
#9235=CARTESIAN_POINT('',(-0.0382926495652571,-0.005,-0.0200812326707187));
#9236=CARTESIAN_POINT('',(-0.03812483368676,-0.005,-0.0206811589401515));
#9237=CARTESIAN_POINT('',(-0.0375772556195884,-0.005,-0.0203841202925245));
#9238=CARTESIAN_POINT('',(0.,-0.005,0.));
#9239=CARTESIAN_POINT('',(-0.0373457824425213,-0.005,-0.0208051684385363));
#9240=CARTESIAN_POINT('',(-0.0378899874683994,-0.005,-0.0211083426254988));
#9241=CARTESIAN_POINT('',(-0.0374733732101968,-0.005,-0.0215714908282305));
#9242=CARTESIAN_POINT('',(-0.0367142504049678,-0.005,-0.0209805580445156));
#9243=CARTESIAN_POINT('',(-0.0367274690367425,-0.005,-0.02098848861912));
#9244=CARTESIAN_POINT('',(-0.0367635826570213,-0.005,-0.0210101551398866));
#9245=CARTESIAN_POINT('',(-0.0369016547282305,-0.005,-0.0211031261869806));
#9246=CARTESIAN_POINT('',(-0.0371093386501377,-0.005,-0.0212595275656762));
#9247=CARTESIAN_POINT('',(-0.0373948622595999,-0.005,-0.0214969675818124));
#9248=CARTESIAN_POINT('',(-0.0377445024077633,-0.005,-0.0218190056417765));
#9249=CARTESIAN_POINT('',(-0.0381522232167796,-0.005,-0.0222339620235502));
#9250=CARTESIAN_POINT('',(-0.0386088745562231,-0.005,-0.0227474599684829));
#9251=CARTESIAN_POINT('',(-0.0391052858958699,-0.005,-0.0233667191407694));
#9252=CARTESIAN_POINT('',(-0.0396332508162911,-0.005,-0.0240911802859101));
#9253=CARTESIAN_POINT('',(-0.0399865637712691,-0.005,-0.0246474625935822));
#9254=CARTESIAN_POINT('',(-0.0401681311642911,-0.005,-0.0249333358596631));
#9255=CARTESIAN_POINT('',(-0.0346159440222812,-0.005,-0.0242869598365926));
#9256=CARTESIAN_POINT('',(-0.0346287480403972,-0.005,-0.0242955437377823));
#9257=CARTESIAN_POINT('',(-0.034663728926178,-0.005,-0.0243189951625103));
#9258=CARTESIAN_POINT('',(-0.034806639873349,-0.005,-0.0244043413611627));
#9259=CARTESIAN_POINT('',(-0.0350365835849749,-0.005,-0.0245256669238457));
#9260=CARTESIAN_POINT('',(-0.0353729957750748,-0.005,-0.0246829193679452));
#9261=CARTESIAN_POINT('',(-0.0358132540582417,-0.005,-0.0248621660956032));
#9262=CARTESIAN_POINT('',(-0.0363623168952834,-0.005,-0.0250544030791925));
#9263=CARTESIAN_POINT('',(-0.0370213764110446,-0.005,-0.0252489567734521));
#9264=CARTESIAN_POINT('',(-0.0377930605311369,-0.005,-0.0254344554510442));
#9265=CARTESIAN_POINT('',(-0.0386733691035088,-0.005,-0.0256037118406499));
#9266=CARTESIAN_POINT('',(-0.03932714172397,-0.005,-0.0256865454734299));
#9267=CARTESIAN_POINT('',(-0.0396631152246691,-0.005,-0.0257291136457726));
#9268=CARTESIAN_POINT('',(-0.0354738547613968,-0.005,-0.0247222277448949));
#9269=CARTESIAN_POINT('',(-0.0352321714619775,-0.005,-0.0252963905098086));
#9270=CARTESIAN_POINT('',(-0.0347261400256199,-0.005,-0.0249330643708518));
#9271=CARTESIAN_POINT('',(0.,-0.005,0.));
#9272=CARTESIAN_POINT('',(-0.0344437207580658,-0.005,-0.025321781144706));
#9273=CARTESIAN_POINT('',(-0.0349456367635834,-0.005,-0.0256907716882658));
#9274=CARTESIAN_POINT('',(-0.0344742597713754,-0.005,-0.0260980522169538));
#9275=CARTESIAN_POINT('',(-0.0337951863928069,-0.005,-0.0254166357988898));
#9276=CARTESIAN_POINT('',(-0.0338073068271626,-0.005,-0.0254261605724083));
#9277=CARTESIAN_POINT('',(-0.0338404201456511,-0.005,-0.0254521824829925));
#9278=CARTESIAN_POINT('',(-0.0339657511153786,-0.005,-0.0255617254447606));
#9279=CARTESIAN_POINT('',(-0.0341521950970036,-0.005,-0.0257429232493624));
#9280=CARTESIAN_POINT('',(-0.0344057081425235,-0.005,-0.0260142765772842));
#9281=CARTESIAN_POINT('',(-0.0347122292023,-0.005,-0.0263775968013106));
#9282=CARTESIAN_POINT('',(-0.0350647271858411,-0.005,-0.0268403820954581));
#9283=CARTESIAN_POINT('',(-0.0354534193352109,-0.005,-0.0274070645447045));
#9284=CARTESIAN_POINT('',(-0.0358683025686967,-0.005,-0.0280836575118297));
#9285=CARTESIAN_POINT('',(-0.0363013052701127,-0.005,-0.0288685776151399));
#9286=CARTESIAN_POINT('',(-0.0365821115865161,-0.005,-0.0294647553257699));
#9287=CARTESIAN_POINT('',(-0.0367264178455851,-0.005,-0.0297711308242389));
#9288=CARTESIAN_POINT('',(-0.0312990237546176,-0.005,-0.0284339781013112));
#9289=CARTESIAN_POINT('',(-0.0313106509611338,-0.005,-0.0284440990848692));
#9290=CARTESIAN_POINT('',(-0.0313424167692889,-0.005,-0.0284717498556365));
#9291=CARTESIAN_POINT('',(-0.0314735041059066,-0.005,-0.0285743345651415));
#9292=CARTESIAN_POINT('',(-0.0316864285176005,-0.005,-0.0287235230284405));
#9293=CARTESIAN_POINT('',(-0.0320004790397951,-0.005,-0.0289216991176449));
#9294=CARTESIAN_POINT('',(-0.0324148001829172,-0.005,-0.0291547114255497));
#9295=CARTESIAN_POINT('',(-0.0329354398127278,-0.005,-0.0294142483839014));
#9296=CARTESIAN_POINT('',(-0.0335649184037522,-0.005,-0.0296898700243931));
#9297=CARTESIAN_POINT('',(-0.0343072684149822,-0.005,-0.0299706236555679));
#9298=CARTESIAN_POINT('',(-0.0351594220407149,-0.005,-0.0302488773278969));
#9299=CARTESIAN_POINT('',(-0.0357976576617471,-0.005,-0.0304129972292795));
#9300=CARTESIAN_POINT('',(-0.0361256467043561,-0.005,-0.0304973383841033));
#9301=CARTESIAN_POINT('',(-0.0320956160768954,-0.005,-0.0289733385191914));
#9302=CARTESIAN_POINT('',(-0.0317838768465606,-0.005,-0.0295126828897948));
#9303=CARTESIAN_POINT('',(-0.0313273724590568,-0.005,-0.02908879912976));
#9304=CARTESIAN_POINT('',(0.,-0.005,0.));
#9305=CARTESIAN_POINT('',(-0.0309984610215741,-0.005,-0.0294390542357249));
#9306=CARTESIAN_POINT('',(-0.0314501724914941,-0.005,-0.0298680419345859));
#9307=CARTESIAN_POINT('',(-0.0309314666620349,-0.005,-0.0302130317319951));
#9308=CARTESIAN_POINT('',(-0.0303431521029656,-0.005,-0.0294518780235533));
#9309=CARTESIAN_POINT('',(-0.0303539831934122,-0.005,-0.0294628467846176));
#9310=CARTESIAN_POINT('',(-0.0303835739932969,-0.005,-0.0294928137039448));
#9311=CARTESIAN_POINT('',(-0.0304941873172809,-0.005,-0.0296172010224421));
#9312=CARTESIAN_POINT('',(-0.0306564510256572,-0.005,-0.0298203376553291));
#9313=CARTESIAN_POINT('',(-0.0308739554550655,-0.005,-0.0301213248909568));
#9314=CARTESIAN_POINT('',(-0.0311325234062359,-0.005,-0.0305201975020756));
#9315=CARTESIAN_POINT('',(-0.0314242394605292,-0.005,-0.0310235133080536));
#9316=CARTESIAN_POINT('',(-0.0317388425124363,-0.005,-0.0316344433408694));
#9317=CARTESIAN_POINT('',(-0.0320656546833298,-0.005,-0.0323576998275646));
#9318=CARTESIAN_POINT('',(-0.032396866454476,-0.005,-0.0331907002301264));
#9319=CARTESIAN_POINT('',(-0.0326007376489495,-0.005,-0.0338173712650787));
#9320=CARTESIAN_POINT('',(-0.0327055069781556,-0.005,-0.0341394172713049));
#9321=CARTESIAN_POINT('',(-0.0274884991852132,-0.005,-0.0321325755457371));
#9322=CARTESIAN_POINT('',(-0.027498766212137,-0.005,-0.0321440739977066));
#9323=CARTESIAN_POINT('',(-0.027526815976896,-0.005,-0.0321754880453404));
#9324=CARTESIAN_POINT('',(-0.027644012377354,-0.005,-0.032293693443548));
#9325=CARTESIAN_POINT('',(-0.0278365595439485,-0.005,-0.0324683920162758));
#9326=CARTESIAN_POINT('',(-0.0281232956338982,-0.005,-0.0327043663952737));
#9327=CARTESIAN_POINT('',(-0.0285051455450451,-0.005,-0.0329874695401347));
#9328=CARTESIAN_POINT('',(-0.0289891511696474,-0.005,-0.0333102134203758));
#9329=CARTESIAN_POINT('',(-0.0295791215825224,-0.005,-0.0336625562891808));
#9330=CARTESIAN_POINT('',(-0.0302804301817545,-0.005,-0.0340341372214607));
#9331=CARTESIAN_POINT('',(-0.0310909898891182,-0.005,-0.0344169999498796));
#9332=CARTESIAN_POINT('',(-0.0317036231537143,-0.005,-0.0346598178509794));
#9333=CARTESIAN_POINT('',(-0.0320184551551001,-0.005,-0.0347846018778898));
#9334=CARTESIAN_POINT('',(-0.0282112103538698,-0.005,-0.0327675224372065));
#9335=CARTESIAN_POINT('',(-0.0278343315065057,-0.005,-0.0332635426305867));
#9336=CARTESIAN_POINT('',(-0.0274345535147491,-0.005,-0.0327857861495857));
#9337=CARTESIAN_POINT('',(0.,-0.005,0.));
#9338=CARTESIAN_POINT('',(-0.0270643370371891,-0.005,-0.0330920558554079));
#9339=CARTESIAN_POINT('',(-0.0274587202117916,-0.005,-0.033574275317294));
#9340=CARTESIAN_POINT('',(-0.0269008658458717,-0.005,-0.0338515336882324));
#9341=CARTESIAN_POINT('',(-0.02641258817834,-0.005,-0.0330226465380862));
#9342=CARTESIAN_POINT('',(-0.026421959112111,-0.005,-0.0330348863027821));
#9343=CARTESIAN_POINT('',(-0.0264475607288011,-0.005,-0.0330683256346329));
#9344=CARTESIAN_POINT('',(-0.0265417119688452,-0.005,-0.0332055956475414));
#9345=CARTESIAN_POINT('',(-0.02667723640836,-0.005,-0.0334274675226651));
#9346=CARTESIAN_POINT('',(-0.0268553020468743,-0.005,-0.0337533419174916));
#9347=CARTESIAN_POINT('',(-0.0270618391183874,-0.005,-0.0341814764563505));
#9348=CARTESIAN_POINT('',(-0.027288172706994,-0.005,-0.0347173851832324));
#9349=CARTESIAN_POINT('',(-0.0275237251833751,-0.005,-0.0353629280680482));
#9350=CARTESIAN_POINT('',(-0.0277573122685131,-0.005,-0.0361214418874659));
#9351=CARTESIAN_POINT('',(-0.0279815097019022,-0.005,-0.0369893856753207));
#9352=CARTESIAN_POINT('',(-0.0281052306039223,-0.005,-0.0376366670580187));
#9353=CARTESIAN_POINT('',(-0.0281688107283577,-0.005,-0.0379693047141032));
#9354=CARTESIAN_POINT('',(-0.0232444645628246,-0.005,-0.0353244230787363));
#9355=CARTESIAN_POINT('',(-0.0232532094930081,-0.005,-0.0353371176616612));
#9356=CARTESIAN_POINT('',(-0.0232771008528247,-0.005,-0.0353717995678644));
#9357=CARTESIAN_POINT('',(-0.0233785580598782,-0.005,-0.0355037614850324));
#9358=CARTESIAN_POINT('',(-0.0235476913975339,-0.005,-0.0357012150663372));
#9359=CARTESIAN_POINT('',(-0.0238025910558123,-0.005,-0.0359712662782075));
#9360=CARTESIAN_POINT('',(-0.024145947733779,-0.005,-0.0362999955543129));
#9361=CARTESIAN_POINT('',(-0.0245856862953423,-0.005,-0.036680856492654));
#9362=CARTESIAN_POINT('',(-0.0251268443442254,-0.005,-0.0371043639322515));
#9363=CARTESIAN_POINT('',(-0.0257760514759084,-0.005,-0.0375609121123628));
#9364=CARTESIAN_POINT('',(-0.0265322342541131,-0.005,-0.0380423459229335));
#9365=CARTESIAN_POINT('',(-0.027109603569721,-0.005,-0.0383600324403978));
#9366=CARTESIAN_POINT('',(-0.0274063134411503,-0.005,-0.038523291420748));
#9367=CARTESIAN_POINT('',(-0.0238818969910035,-0.005,-0.0360449429520179));
#9368=CARTESIAN_POINT('',(-0.0234458221311696,-0.005,-0.036489816433417));
#9369=CARTESIAN_POINT('',(-0.0231090752729061,-0.005,-0.035965721736553));
#9370=CARTESIAN_POINT('',(0.,-0.005,0.));
#9371=CARTESIAN_POINT('',(-0.0227033922902764,-0.005,-0.0362231759860151));
#9372=CARTESIAN_POINT('',(-0.0230342275113048,-0.005,-0.0367510223219485));
#9373=CARTESIAN_POINT('',(-0.0224460223055207,-0.005,-0.0369561767362804));
#9374=CARTESIAN_POINT('',(-0.0220654819600268,-0.005,-0.0360726281899406));
#9375=CARTESIAN_POINT('',(-0.0220732449518986,-0.005,-0.0360859459298671));
#9376=CARTESIAN_POINT('',(-0.0220944536326051,-0.005,-0.0361223303160026));
#9377=CARTESIAN_POINT('',(-0.0221706579674107,-0.005,-0.0362703181932176));
#9378=CARTESIAN_POINT('',(-0.0222773058366945,-0.005,-0.0365074262585674));
#9379=CARTESIAN_POINT('',(-0.022413124482824,-0.005,-0.0368530485787184));
#9380=CARTESIAN_POINT('',(-0.0225643734616829,-0.005,-0.0373036931078845));
#9381=CARTESIAN_POINT('',(-0.0227217551687053,-0.005,-0.037863743154911));
#9382=CARTESIAN_POINT('',(-0.0228745422662955,-0.005,-0.0385337182948046));
#9383=CARTESIAN_POINT('',(-0.0230112204578074,-0.005,-0.0393155272308984));
#9384=CARTESIAN_POINT('',(-0.0231248678259858,-0.005,-0.0402047264120271));
#9385=CARTESIAN_POINT('',(-0.0231664872830203,-0.005,-0.0408624101283987));
#9386=CARTESIAN_POINT('',(-0.0231878755061417,-0.005,-0.0412003935397968));
#9387=CARTESIAN_POINT('',(-0.0186338508487101,-0.005,-0.0379591833579964));
#9388=CARTESIAN_POINT('',(-0.0186409357693804,-0.005,-0.0379728738707204));
#9389=CARTESIAN_POINT('',(-0.0186602919432383,-0.005,-0.0380102766811142));
#9390=CARTESIAN_POINT('',(-0.0187444099161242,-0.005,-0.0381539139989788));
#9391=CARTESIAN_POINT('',(-0.0188874620910711,-0.005,-0.0383710086279304));
#9392=CARTESIAN_POINT('',(-0.0191065053977975,-0.005,-0.0386708778037412));
#9393=CARTESIAN_POINT('',(-0.0194059539026613,-0.005,-0.0390400489540332));
#9394=CARTESIAN_POINT('',(-0.0197944904613824,-0.005,-0.0394730205459615));
#9395=CARTESIAN_POINT('',(-0.0202783017605707,-0.005,-0.0399610135910382));
#9396=CARTESIAN_POINT('',(-0.0208651690404204,-0.005,-0.0404953289814518));
#9397=CARTESIAN_POINT('',(-0.0215550494353321,-0.005,-0.0410677413753868));
#9398=CARTESIAN_POINT('',(-0.0220880493429409,-0.005,-0.0414552864030585));
#9399=CARTESIAN_POINT('',(-0.0223619577924954,-0.005,-0.0416544456452023));
#9400=CARTESIAN_POINT('',(-0.0191759518462352,-0.005,-0.0387539131842708));
#9401=CARTESIAN_POINT('',(-0.0186875581349696,-0.005,-0.0391406240331327));
#9402=CARTESIAN_POINT('',(-0.0184191531093168,-0.005,-0.0385784564068542));
#9403=CARTESIAN_POINT('',(0.,-0.005,0.));
#9404=CARTESIAN_POINT('',(-0.0179844014845968,-0.005,-0.0387830349926463));
#9405=CARTESIAN_POINT('',(-0.0182464712829842,-0.005,-0.0393481837505894));
#9406=CARTESIAN_POINT('',(-0.0176371915848078,-0.005,-0.0394779988006473));
#9407=CARTESIAN_POINT('',(-0.0173703899099238,-0.005,-0.0385537229464961));
#9408=CARTESIAN_POINT('',(-0.0173764225328773,-0.005,-0.0385679086329389));
#9409=CARTESIAN_POINT('',(-0.0173929038040361,-0.005,-0.0386066642698549));
#9410=CARTESIAN_POINT('',(-0.0174499594457209,-0.005,-0.038763036154149));
#9411=CARTESIAN_POINT('',(-0.0175260488441667,-0.005,-0.0390116410738928));
#9412=CARTESIAN_POINT('',(-0.0176174785567279,-0.005,-0.0393715606489148));
#9413=CARTESIAN_POINT('',(-0.0177110541561841,-0.005,-0.039837608234961));
#9414=CARTESIAN_POINT('',(-0.0177970019780874,-0.005,-0.0404129672783329));
#9415=CARTESIAN_POINT('',(-0.0178646141530873,-0.005,-0.0410968087651246));
#9416=CARTESIAN_POINT('',(-0.0179022279542452,-0.005,-0.041889583223942));
#9417=CARTESIAN_POINT('',(-0.0179035329703271,-0.005,-0.0427860145960765));
#9418=CARTESIAN_POINT('',(-0.0178623946186763,-0.005,-0.0434437285810333));
#9419=CARTESIAN_POINT('',(-0.0178412536354284,-0.005,-0.0437817275474457));
#9420=CARTESIAN_POINT('',(-0.0137293701753885,-0.005,-0.0399953046399839));
#9421=CARTESIAN_POINT('',(-0.0137346833531144,-0.005,-0.0400097751749431));
#9422=CARTESIAN_POINT('',(-0.0137491990825889,-0.005,-0.0400493090248643));
#9423=CARTESIAN_POINT('',(-0.0138146512306254,-0.005,-0.0402023564971177));
#9424=CARTESIAN_POINT('',(-0.0139293662246092,-0.005,-0.0404356684617315));
#9425=CARTESIAN_POINT('',(-0.0141090987359863,-0.005,-0.0407606264854471));
#9426=CARTESIAN_POINT('',(-0.0143599165859436,-0.005,-0.0411644174603536));
#9427=CARTESIAN_POINT('',(-0.0146911236881911,-0.005,-0.0416426714852196));
#9428=CARTESIAN_POINT('',(-0.0151099582444816,-0.005,-0.0421874541939417));
#9429=CARTESIAN_POINT('',(-0.0156252304249171,-0.005,-0.0427911103217662));
#9430=CARTESIAN_POINT('',(-0.0162379286105935,-0.005,-0.0434454740136706));
#9431=CARTESIAN_POINT('',(-0.0167181533832617,-0.005,-0.0438967657349552));
#9432=CARTESIAN_POINT('',(-0.0169649407110668,-0.005,-0.0441286843786719));
#9433=CARTESIAN_POINT('',(-0.0141675904856935,-0.005,-0.040851711055142));
#9434=CARTESIAN_POINT('',(-0.0136345801835751,-0.005,-0.0411741606103704));
#9435=CARTESIAN_POINT('',(-0.0134387498981249,-0.005,-0.0405827857739663));
#9436=CARTESIAN_POINT('',(0.,-0.005,0.));
#9437=CARTESIAN_POINT('',(-0.0129817859241445,-0.005,-0.0407312623695815));
#9438=CARTESIAN_POINT('',(-0.0131709573026172,-0.005,-0.0413248008160178));
#9439=CARTESIAN_POINT('',(-0.012550211816855,-0.005,-0.0413772292409146));
#9440=CARTESIAN_POINT('',(-0.0124013564343734,-0.005,-0.0404268024613077));
#9441=CARTESIAN_POINT('',(-0.0124055635503408,-0.005,-0.0404416323775173));
#9442=CARTESIAN_POINT('',(-0.0124170574924603,-0.005,-0.0404821480656681));
#9443=CARTESIAN_POINT('',(-0.0124540646394716,-0.005,-0.040644437879014));
#9444=CARTESIAN_POINT('',(-0.0124983955918124,-0.005,-0.0409006190050581));
#9445=CARTESIAN_POINT('',(-0.0125439944696208,-0.005,-0.0412691596882475));
#9446=CARTESIAN_POINT('',(-0.0125784209465716,-0.005,-0.0417432604823386));
#9447=CARTESIAN_POINT('',(-0.0125915794348615,-0.005,-0.042324854766239));
#9448=CARTESIAN_POINT('',(-0.0125729504028817,-0.005,-0.0430117780111748));
#9449=CARTESIAN_POINT('',(-0.012510906621572,-0.005,-0.04380301546592));
#9450=CARTESIAN_POINT('',(-0.0123998487046742,-0.005,-0.0446925417708196));
#9451=CARTESIAN_POINT('',(-0.0122766013207185,-0.005,-0.0453399134819194));
#9452=CARTESIAN_POINT('',(-0.0122132645370362,-0.005,-0.0456725975577351));
#9453=CARTESIAN_POINT('',(-0.00860836913287291,-0.005,-0.0414006760757619));
#9454=CARTESIAN_POINT('',(-0.00861182677566756,-0.005,-0.0414156984239757));
#9455=CARTESIAN_POINT('',(-0.00862127313903362,-0.005,-0.0414567398409947));
#9456=CARTESIAN_POINT('',(-0.0086670272427469,-0.005,-0.0416167838175735));
#9457=CARTESIAN_POINT('',(-0.00875159593178518,-0.005,-0.0418626336487937));
#9458=CARTESIAN_POINT('',(-0.00888918315874165,-0.005,-0.0422075557382596));
#9459=CARTESIAN_POINT('',(-0.00908741480646724,-0.005,-0.0426395985128932));
#9460=CARTESIAN_POINT('',(-0.0093560691183851,-0.005,-0.0431555926190298));
#9461=CARTESIAN_POINT('',(-0.00970332166062537,-0.005,-0.0437485734426432));
#9462=CARTESIAN_POINT('',(-0.0101388725915527,-0.005,-0.0444120502901362));
#9463=CARTESIAN_POINT('',(-0.0106647259515975,-0.005,-0.0451380455736908));
#9464=CARTESIAN_POINT('',(-0.0110846021577876,-0.005,-0.0456459668485549));
#9465=CARTESIAN_POINT('',(-0.0113003763802603,-0.005,-0.0459069873982917));
#9466=CARTESIAN_POINT('',(-0.00893579775988409,-0.005,-0.0423052530390444));
#9467=CARTESIAN_POINT('',(-0.00836657675778216,-0.005,-0.0425583560785312));
#9468=CARTESIAN_POINT('',(-0.00824640957311954,-0.005,-0.0419471003664421));
#9469=CARTESIAN_POINT('',(0.,-0.005,0.));
#9470=CARTESIAN_POINT('',(-0.00777443984472545,-0.005,-0.0420371334072716));
#9471=CARTESIAN_POINT('',(-0.00788772945763952,-0.005,-0.0426497010863382));
#9472=CARTESIAN_POINT('',(-0.00726530771141719,-0.005,-0.042623916058494));
#9473=CARTESIAN_POINT('',(-0.00723674615964165,-0.005,-0.0416623271515031));
#9474=CARTESIAN_POINT('',(-0.00723906141989103,-0.005,-0.0416775674208422));
#9475=CARTESIAN_POINT('',(-0.0072453867666378,-0.005,-0.0417192042036227));
#9476=CARTESIAN_POINT('',(-0.00726176179416023,-0.005,-0.0418848525387166));
#9477=CARTESIAN_POINT('',(-0.00727363517479558,-0.005,-0.0421445697416682));
#9478=CARTESIAN_POINT('',(-0.00727268409630857,-0.005,-0.0425159194262954));
#9479=CARTESIAN_POINT('',(-0.00724741852464709,-0.005,-0.0429905965756946));
#9480=CARTESIAN_POINT('',(-0.00718758016210284,-0.005,-0.0435692540108389));
#9481=CARTESIAN_POINT('',(-0.00708300371410618,-0.005,-0.0442484258239981));
#9482=CARTESIAN_POINT('',(-0.00692228081782322,-0.005,-0.0450256479873474));
#9483=CARTESIAN_POINT('',(-0.006700611417638,-0.005,-0.0458942408638065));
#9484=CARTESIAN_POINT('',(-0.00649719868624682,-0.005,-0.0465210608624442));
#9485=CARTESIAN_POINT('',(-0.00639266496104426,-0.005,-0.0468431834210517));
#9486=CARTESIAN_POINT('',(-0.00335160896674139,-0.005,-0.0421531341182601));
#9487=CARTESIAN_POINT('',(-0.0033531565455125,-0.005,-0.0421684713683232));
#9488=CARTESIAN_POINT('',(-0.00335738456797687,-0.005,-0.0422103731047766));
#9489=CARTESIAN_POINT('',(-0.00338271905781918,-0.005,-0.0423748895965645));
#9490=CARTESIAN_POINT('',(-0.00343580774316689,-0.005,-0.0426294000956892));
#9491=CARTESIAN_POINT('',(-0.00352907985294298,-0.005,-0.042988846623508));
#9492=CARTESIAN_POINT('',(-0.0036715990669344,-0.005,-0.0434423276252229));
#9493=CARTESIAN_POINT('',(-0.00387346374953741,-0.005,-0.0439879242773364));
#9494=CARTESIAN_POINT('',(-0.00414365789769773,-0.005,-0.0446197515540231));
#9495=CARTESIAN_POINT('',(-0.00449261868075058,-0.005,-0.0453325856949578));
#9496=CARTESIAN_POINT('',(-0.00492333419354627,-0.005,-0.0461187631908524));
#9497=CARTESIAN_POINT('',(-0.00527624013466484,-0.005,-0.046675303797374));
#9498=CARTESIAN_POINT('',(-0.00545759836341945,-0.005,-0.0469613098031354));
#9499=CARTESIAN_POINT('',(-0.00356308216541444,-0.005,-0.0430916159105878));
#9500=CARTESIAN_POINT('',(-0.00296662741856832,-0.005,-0.0432713808482039));
#9501=CARTESIAN_POINT('',(-0.00292401844297974,-0.005,-0.0426498841281557));
#9502=CARTESIAN_POINT('',(0.,-0.005,0.));
#9503=CARTESIAN_POINT('',(-0.00244448620472978,-0.005,-0.0426800537393627));
#9504=CARTESIAN_POINT('',(-0.00248010740721365,-0.005,-0.0433019900928306));
#9505=CARTESIAN_POINT('',(-0.00186582536328591,-0.005,-0.0431983982575378));
#9506=CARTESIAN_POINT('',(-0.00195800807494976,-0.005,-0.0422408120546515));
#9507=CARTESIAN_POINT('',(-0.00195839496644389,-0.005,-0.0422562223289685));
#9508=CARTESIAN_POINT('',(-0.00195945196332118,-0.005,-0.0422983235694416));
#9509=CARTESIAN_POINT('',(-0.00195493662738874,-0.005,-0.0424647180530856));
#9510=CARTESIAN_POINT('',(-0.00193416518601319,-0.005,-0.0427238754375064));
#9511=CARTESIAN_POINT('',(-0.0018866791503067,-0.005,-0.0430921777172115));
#9512=CARTESIAN_POINT('',(-0.00180211998319094,-0.005,-0.0435599452797144));
#9513=CARTESIAN_POINT('',(-0.00167022845653554,-0.005,-0.044126540092677));
#9514=CARTESIAN_POINT('',(-0.00148135382557784,-0.005,-0.0447872495288486));
#9515=CARTESIAN_POINT('',(-0.00122448651040726,-0.005,-0.0455381991429959));
#9516=CARTESIAN_POINT('',(-0.000895701485794408,-0.005,-0.0463721603624805));
#9517=CARTESIAN_POINT('',(-0.000615331347254644,-0.005,-0.0469685433228335));
#9518=CARTESIAN_POINT('',(-0.000471249239823725,-0.005,-0.0472750242990569));
#9519=CARTESIAN_POINT('',(0.00195800807494978,-0.005,-0.0422408120546515));
#9520=CARTESIAN_POINT('',(0.0019583949664439,-0.005,-0.0422562223289685));
#9521=CARTESIAN_POINT('',(0.0019594519633212,-0.005,-0.0422983235694416));
#9522=CARTESIAN_POINT('',(0.00195493662738877,-0.005,-0.0424647180530856));
#9523=CARTESIAN_POINT('',(0.00193416518601321,-0.005,-0.0427238754375064));
#9524=CARTESIAN_POINT('',(0.00188667915030673,-0.005,-0.0430921777172115));
#9525=CARTESIAN_POINT('',(0.00180211998319097,-0.005,-0.0435599452797144));
#9526=CARTESIAN_POINT('',(0.00167022845653557,-0.005,-0.044126540092677));
#9527=CARTESIAN_POINT('',(0.00148135382557786,-0.005,-0.0447872495288486));
#9528=CARTESIAN_POINT('',(0.00122448651040729,-0.005,-0.0455381991429959));
#9529=CARTESIAN_POINT('',(0.000895701485794432,-0.005,-0.0463721603624805));
#9530=CARTESIAN_POINT('',(0.000615331347254668,-0.005,-0.0469685433228335));
#9531=CARTESIAN_POINT('',(0.000471249239823749,-0.005,-0.0472750242990569));
#9532=CARTESIAN_POINT('',(0.00186582536328592,-0.005,-0.0431983982575378));
#9533=CARTESIAN_POINT('',(0.00248010740721367,-0.005,-0.0433019900928306));
#9534=CARTESIAN_POINT('',(0.0024444862047298,-0.005,-0.0426800537393627));
#9535=CARTESIAN_POINT('',(0.,-0.005,0.));
#9536=CARTESIAN_POINT('',(0.00292401844297976,-0.005,-0.0426498841281557));
#9537=CARTESIAN_POINT('',(0.00296662741856834,-0.005,-0.0432713808482039));
#9538=CARTESIAN_POINT('',(0.00356308216541445,-0.005,-0.0430916159105878));
#9539=CARTESIAN_POINT('',(0.00335160896674142,-0.005,-0.0421531341182601));
#9540=CARTESIAN_POINT('',(0.00335315654551253,-0.005,-0.0421684713683232));
#9541=CARTESIAN_POINT('',(0.00335738456797689,-0.005,-0.0422103731047766));
#9542=CARTESIAN_POINT('',(0.0033827190578192,-0.005,-0.0423748895965645));
#9543=CARTESIAN_POINT('',(0.00343580774316691,-0.005,-0.0426294000956892));
#9544=CARTESIAN_POINT('',(0.003529079852943,-0.005,-0.042988846623508));
#9545=CARTESIAN_POINT('',(0.00367159906693442,-0.005,-0.0434423276252229));
#9546=CARTESIAN_POINT('',(0.00387346374953743,-0.005,-0.0439879242773364));
#9547=CARTESIAN_POINT('',(0.00414365789769775,-0.005,-0.0446197515540231));
#9548=CARTESIAN_POINT('',(0.00449261868075061,-0.005,-0.0453325856949578));
#9549=CARTESIAN_POINT('',(0.0049233341935463,-0.005,-0.0461187631908524));
#9550=CARTESIAN_POINT('',(0.00527624013466487,-0.005,-0.046675303797374));
#9551=CARTESIAN_POINT('',(0.00545759836341948,-0.005,-0.0469613098031354));
#9552=CARTESIAN_POINT('',(0.00723674615964167,-0.005,-0.0416623271515031));
#9553=CARTESIAN_POINT('',(0.00723906141989105,-0.005,-0.0416775674208422));
#9554=CARTESIAN_POINT('',(0.00724538676663782,-0.005,-0.0417192042036227));
#9555=CARTESIAN_POINT('',(0.00726176179416025,-0.005,-0.0418848525387166));
#9556=CARTESIAN_POINT('',(0.00727363517479561,-0.005,-0.0421445697416682));
#9557=CARTESIAN_POINT('',(0.00727268409630859,-0.005,-0.0425159194262954));
#9558=CARTESIAN_POINT('',(0.00724741852464711,-0.005,-0.0429905965756946));
#9559=CARTESIAN_POINT('',(0.00718758016210286,-0.005,-0.0435692540108389));
#9560=CARTESIAN_POINT('',(0.00708300371410621,-0.005,-0.0442484258239981));
#9561=CARTESIAN_POINT('',(0.00692228081782325,-0.005,-0.0450256479873474));
#9562=CARTESIAN_POINT('',(0.00670061141763803,-0.005,-0.0458942408638065));
#9563=CARTESIAN_POINT('',(0.00649719868624684,-0.005,-0.0465210608624442));
#9564=CARTESIAN_POINT('',(0.00639266496104428,-0.005,-0.0468431834210517));
#9565=CARTESIAN_POINT('',(0.00726530771141721,-0.005,-0.042623916058494));
#9566=CARTESIAN_POINT('',(0.00788772945763955,-0.005,-0.0426497010863382));
#9567=CARTESIAN_POINT('',(0.00777443984472547,-0.005,-0.0420371334072716));
#9568=CARTESIAN_POINT('',(0.,-0.005,0.));
#9569=CARTESIAN_POINT('',(0.00824640957311956,-0.005,-0.0419471003664421));
#9570=CARTESIAN_POINT('',(0.00836657675778218,-0.005,-0.0425583560785312));
#9571=CARTESIAN_POINT('',(0.0089357977598841,-0.005,-0.0423052530390444));
#9572=CARTESIAN_POINT('',(0.00860836913287293,-0.005,-0.0414006760757619));
#9573=CARTESIAN_POINT('',(0.00861182677566758,-0.005,-0.0414156984239756));
#9574=CARTESIAN_POINT('',(0.00862127313903364,-0.005,-0.0414567398409947));
#9575=CARTESIAN_POINT('',(0.00866702724274692,-0.005,-0.0416167838175735));
#9576=CARTESIAN_POINT('',(0.0087515959317852,-0.005,-0.0418626336487937));
#9577=CARTESIAN_POINT('',(0.00888918315874167,-0.005,-0.0422075557382596));
#9578=CARTESIAN_POINT('',(0.00908741480646726,-0.005,-0.0426395985128932));
#9579=CARTESIAN_POINT('',(0.00935606911838512,-0.005,-0.0431555926190298));
#9580=CARTESIAN_POINT('',(0.0097033216606254,-0.005,-0.0437485734426432));
#9581=CARTESIAN_POINT('',(0.0101388725915527,-0.005,-0.0444120502901362));
#9582=CARTESIAN_POINT('',(0.0106647259515975,-0.005,-0.0451380455736908));
#9583=CARTESIAN_POINT('',(0.0110846021577876,-0.005,-0.0456459668485549));
#9584=CARTESIAN_POINT('',(0.0113003763802603,-0.005,-0.0459069873982917));
#9585=CARTESIAN_POINT('',(0.0124013564343734,-0.005,-0.0404268024613077));
#9586=CARTESIAN_POINT('',(0.0124055635503408,-0.005,-0.0404416323775173));
#9587=CARTESIAN_POINT('',(0.0124170574924603,-0.005,-0.0404821480656682));
#9588=CARTESIAN_POINT('',(0.0124540646394716,-0.005,-0.040644437879014));
#9589=CARTESIAN_POINT('',(0.0124983955918124,-0.005,-0.0409006190050581));
#9590=CARTESIAN_POINT('',(0.0125439944696207,-0.005,-0.0412691596882475));
#9591=CARTESIAN_POINT('',(0.0125784209465716,-0.005,-0.0417432604823386));
#9592=CARTESIAN_POINT('',(0.0125915794348615,-0.005,-0.042324854766239));
#9593=CARTESIAN_POINT('',(0.0125729504028817,-0.005,-0.0430117780111748));
#9594=CARTESIAN_POINT('',(0.012510906621572,-0.005,-0.04380301546592));
#9595=CARTESIAN_POINT('',(0.0123998487046742,-0.005,-0.0446925417708196));
#9596=CARTESIAN_POINT('',(0.0122766013207185,-0.005,-0.0453399134819194));
#9597=CARTESIAN_POINT('',(0.0122132645370362,-0.005,-0.0456725975577351));
#9598=CARTESIAN_POINT('',(0.012550211816855,-0.005,-0.0413772292409146));
#9599=CARTESIAN_POINT('',(0.0131709573026172,-0.005,-0.0413248008160178));
#9600=CARTESIAN_POINT('',(0.0129817859241445,-0.005,-0.0407312623695815));
#9601=CARTESIAN_POINT('',(0.,-0.005,0.));
#9602=CARTESIAN_POINT('',(0.0134387498981249,-0.005,-0.0405827857739663));
#9603=CARTESIAN_POINT('',(0.0136345801835751,-0.005,-0.0411741606103704));
#9604=CARTESIAN_POINT('',(0.0141675904856935,-0.005,-0.040851711055142));
#9605=CARTESIAN_POINT('',(0.0137293701753885,-0.005,-0.0399953046399839));
#9606=CARTESIAN_POINT('',(0.0137346833531144,-0.005,-0.0400097751749431));
#9607=CARTESIAN_POINT('',(0.0137491990825888,-0.005,-0.0400493090248643));
#9608=CARTESIAN_POINT('',(0.0138146512306254,-0.005,-0.0402023564971177));
#9609=CARTESIAN_POINT('',(0.0139293662246092,-0.005,-0.0404356684617315));
#9610=CARTESIAN_POINT('',(0.0141090987359863,-0.005,-0.0407606264854471));
#9611=CARTESIAN_POINT('',(0.0143599165859436,-0.005,-0.0411644174603536));
#9612=CARTESIAN_POINT('',(0.0146911236881911,-0.005,-0.0416426714852197));
#9613=CARTESIAN_POINT('',(0.0151099582444816,-0.005,-0.0421874541939417));
#9614=CARTESIAN_POINT('',(0.0156252304249171,-0.005,-0.0427911103217662));
#9615=CARTESIAN_POINT('',(0.0162379286105934,-0.005,-0.0434454740136707));
#9616=CARTESIAN_POINT('',(0.0167181533832617,-0.005,-0.0438967657349552));
#9617=CARTESIAN_POINT('',(0.0169649407110668,-0.005,-0.0441286843786719));
#9618=CARTESIAN_POINT('',(0.0173703899099238,-0.005,-0.0385537229464961));
#9619=CARTESIAN_POINT('',(0.0173764225328773,-0.005,-0.0385679086329389));
#9620=CARTESIAN_POINT('',(0.0173929038040361,-0.005,-0.0386066642698549));
#9621=CARTESIAN_POINT('',(0.0174499594457209,-0.005,-0.038763036154149));
#9622=CARTESIAN_POINT('',(0.0175260488441667,-0.005,-0.0390116410738928));
#9623=CARTESIAN_POINT('',(0.017617478556728,-0.005,-0.0393715606489148));
#9624=CARTESIAN_POINT('',(0.0177110541561841,-0.005,-0.039837608234961));
#9625=CARTESIAN_POINT('',(0.0177970019780875,-0.005,-0.0404129672783329));
#9626=CARTESIAN_POINT('',(0.0178646141530873,-0.005,-0.0410968087651245));
#9627=CARTESIAN_POINT('',(0.0179022279542452,-0.005,-0.041889583223942));
#9628=CARTESIAN_POINT('',(0.0179035329703271,-0.005,-0.0427860145960765));
#9629=CARTESIAN_POINT('',(0.0178623946186763,-0.005,-0.0434437285810333));
#9630=CARTESIAN_POINT('',(0.0178412536354284,-0.005,-0.0437817275474457));
#9631=CARTESIAN_POINT('',(0.0176371915848078,-0.005,-0.0394779988006473));
#9632=CARTESIAN_POINT('',(0.0182464712829842,-0.005,-0.0393481837505894));
#9633=CARTESIAN_POINT('',(0.0179844014845968,-0.005,-0.0387830349926463));
#9634=CARTESIAN_POINT('',(0.,-0.005,0.));
#9635=CARTESIAN_POINT('',(0.0184191531093168,-0.005,-0.0385784564068541));
#9636=CARTESIAN_POINT('',(0.0186875581349696,-0.005,-0.0391406240331327));
#9637=CARTESIAN_POINT('',(0.0191759518462352,-0.005,-0.0387539131842707));
#9638=CARTESIAN_POINT('',(0.0186338508487101,-0.005,-0.0379591833579964));
#9639=CARTESIAN_POINT('',(0.0186409357693805,-0.005,-0.0379728738707204));
#9640=CARTESIAN_POINT('',(0.0186602919432383,-0.005,-0.0380102766811142));
#9641=CARTESIAN_POINT('',(0.0187444099161242,-0.005,-0.0381539139989788));
#9642=CARTESIAN_POINT('',(0.0188874620910711,-0.005,-0.0383710086279304));
#9643=CARTESIAN_POINT('',(0.0191065053977975,-0.005,-0.0386708778037412));
#9644=CARTESIAN_POINT('',(0.0194059539026613,-0.005,-0.0390400489540332));
#9645=CARTESIAN_POINT('',(0.0197944904613824,-0.005,-0.0394730205459615));
#9646=CARTESIAN_POINT('',(0.0202783017605707,-0.005,-0.0399610135910382));
#9647=CARTESIAN_POINT('',(0.0208651690404204,-0.005,-0.0404953289814518));
#9648=CARTESIAN_POINT('',(0.0215550494353321,-0.005,-0.0410677413753868));
#9649=CARTESIAN_POINT('',(0.022088049342941,-0.005,-0.0414552864030585));
#9650=CARTESIAN_POINT('',(0.0223619577924954,-0.005,-0.0416544456452023));
#9651=CARTESIAN_POINT('',(0.0220654819600268,-0.005,-0.0360726281899406));
#9652=CARTESIAN_POINT('',(0.0220732449518986,-0.005,-0.0360859459298671));
#9653=CARTESIAN_POINT('',(0.0220944536326051,-0.005,-0.0361223303160026));
#9654=CARTESIAN_POINT('',(0.0221706579674106,-0.005,-0.0362703181932176));
#9655=CARTESIAN_POINT('',(0.0222773058366944,-0.005,-0.0365074262585674));
#9656=CARTESIAN_POINT('',(0.022413124482824,-0.005,-0.0368530485787184));
#9657=CARTESIAN_POINT('',(0.0225643734616828,-0.005,-0.0373036931078845));
#9658=CARTESIAN_POINT('',(0.0227217551687053,-0.005,-0.037863743154911));
#9659=CARTESIAN_POINT('',(0.0228745422662955,-0.005,-0.0385337182948046));
#9660=CARTESIAN_POINT('',(0.0230112204578073,-0.005,-0.0393155272308984));
#9661=CARTESIAN_POINT('',(0.0231248678259858,-0.005,-0.0402047264120272));
#9662=CARTESIAN_POINT('',(0.0231664872830203,-0.005,-0.0408624101283988));
#9663=CARTESIAN_POINT('',(0.0231878755061416,-0.005,-0.0412003935397968));
#9664=CARTESIAN_POINT('',(0.0224460223055207,-0.005,-0.0369561767362804));
#9665=CARTESIAN_POINT('',(0.0230342275113048,-0.005,-0.0367510223219486));
#9666=CARTESIAN_POINT('',(0.0227033922902764,-0.005,-0.0362231759860151));
#9667=CARTESIAN_POINT('',(0.,-0.005,0.));
#9668=CARTESIAN_POINT('',(0.0231090752729061,-0.005,-0.035965721736553));
#9669=CARTESIAN_POINT('',(0.0234458221311695,-0.005,-0.036489816433417));
#9670=CARTESIAN_POINT('',(0.0238818969910035,-0.005,-0.0360449429520178));
#9671=CARTESIAN_POINT('',(0.0232444645628246,-0.005,-0.0353244230787363));
#9672=CARTESIAN_POINT('',(0.0232532094930081,-0.005,-0.0353371176616612));
#9673=CARTESIAN_POINT('',(0.0232771008528247,-0.005,-0.0353717995678644));
#9674=CARTESIAN_POINT('',(0.0233785580598782,-0.005,-0.0355037614850324));
#9675=CARTESIAN_POINT('',(0.0235476913975339,-0.005,-0.0357012150663372));
#9676=CARTESIAN_POINT('',(0.0238025910558123,-0.005,-0.0359712662782075));
#9677=CARTESIAN_POINT('',(0.024145947733779,-0.005,-0.0362999955543129));
#9678=CARTESIAN_POINT('',(0.0245856862953422,-0.005,-0.036680856492654));
#9679=CARTESIAN_POINT('',(0.0251268443442254,-0.005,-0.0371043639322515));
#9680=CARTESIAN_POINT('',(0.0257760514759084,-0.005,-0.0375609121123628));
#9681=CARTESIAN_POINT('',(0.0265322342541131,-0.005,-0.0380423459229335));
#9682=CARTESIAN_POINT('',(0.027109603569721,-0.005,-0.0383600324403978));
#9683=CARTESIAN_POINT('',(0.0274063134411503,-0.005,-0.038523291420748));
#9684=CARTESIAN_POINT('',(0.02641258817834,-0.005,-0.0330226465380862));
#9685=CARTESIAN_POINT('',(0.026421959112111,-0.005,-0.0330348863027821));
#9686=CARTESIAN_POINT('',(0.0264475607288011,-0.005,-0.0330683256346329));
#9687=CARTESIAN_POINT('',(0.0265417119688452,-0.005,-0.0332055956475414));
#9688=CARTESIAN_POINT('',(0.02667723640836,-0.005,-0.033427467522665));
#9689=CARTESIAN_POINT('',(0.0268553020468743,-0.005,-0.0337533419174915));
#9690=CARTESIAN_POINT('',(0.0270618391183874,-0.005,-0.0341814764563505));
#9691=CARTESIAN_POINT('',(0.027288172706994,-0.005,-0.0347173851832323));
#9692=CARTESIAN_POINT('',(0.0275237251833751,-0.005,-0.0353629280680482));
#9693=CARTESIAN_POINT('',(0.0277573122685131,-0.005,-0.0361214418874659));
#9694=CARTESIAN_POINT('',(0.0279815097019022,-0.005,-0.0369893856753207));
#9695=CARTESIAN_POINT('',(0.0281052306039223,-0.005,-0.0376366670580187));
#9696=CARTESIAN_POINT('',(0.0281688107283577,-0.005,-0.0379693047141032));
#9697=CARTESIAN_POINT('',(0.0269008658458717,-0.005,-0.0338515336882325));
#9698=CARTESIAN_POINT('',(0.0274587202117917,-0.005,-0.033574275317294));
#9699=CARTESIAN_POINT('',(0.0270643370371891,-0.005,-0.0330920558554079));
#9700=CARTESIAN_POINT('',(0.,-0.005,0.));
#9701=CARTESIAN_POINT('',(0.0274345535147492,-0.005,-0.0327857861495856));
#9702=CARTESIAN_POINT('',(0.0278343315065057,-0.005,-0.0332635426305867));
#9703=CARTESIAN_POINT('',(0.0282112103538698,-0.005,-0.0327675224372065));
#9704=CARTESIAN_POINT('',(0.0274884991852133,-0.005,-0.032132575545737));
#9705=CARTESIAN_POINT('',(0.027498766212137,-0.005,-0.0321440739977066));
#9706=CARTESIAN_POINT('',(0.027526815976896,-0.005,-0.0321754880453404));
#9707=CARTESIAN_POINT('',(0.0276440123773541,-0.005,-0.032293693443548));
#9708=CARTESIAN_POINT('',(0.0278365595439485,-0.005,-0.0324683920162758));
#9709=CARTESIAN_POINT('',(0.0281232956338982,-0.005,-0.0327043663952737));
#9710=CARTESIAN_POINT('',(0.0285051455450451,-0.005,-0.0329874695401347));
#9711=CARTESIAN_POINT('',(0.0289891511696475,-0.005,-0.0333102134203758));
#9712=CARTESIAN_POINT('',(0.0295791215825224,-0.005,-0.0336625562891808));
#9713=CARTESIAN_POINT('',(0.0302804301817545,-0.005,-0.0340341372214607));
#9714=CARTESIAN_POINT('',(0.0310909898891183,-0.005,-0.0344169999498796));
#9715=CARTESIAN_POINT('',(0.0317036231537144,-0.005,-0.0346598178509794));
#9716=CARTESIAN_POINT('',(0.0320184551551001,-0.005,-0.0347846018778898));
#9717=CARTESIAN_POINT('',(0.0303431521029656,-0.005,-0.0294518780235533));
#9718=CARTESIAN_POINT('',(0.0303539831934122,-0.005,-0.0294628467846176));
#9719=CARTESIAN_POINT('',(0.0303835739932969,-0.005,-0.0294928137039447));
#9720=CARTESIAN_POINT('',(0.030494187317281,-0.005,-0.0296172010224421));
#9721=CARTESIAN_POINT('',(0.0306564510256572,-0.005,-0.0298203376553291));
#9722=CARTESIAN_POINT('',(0.0308739554550655,-0.005,-0.0301213248909568));
#9723=CARTESIAN_POINT('',(0.0311325234062359,-0.005,-0.0305201975020755));
#9724=CARTESIAN_POINT('',(0.0314242394605292,-0.005,-0.0310235133080535));
#9725=CARTESIAN_POINT('',(0.0317388425124363,-0.005,-0.0316344433408693));
#9726=CARTESIAN_POINT('',(0.0320656546833298,-0.005,-0.0323576998275646));
#9727=CARTESIAN_POINT('',(0.032396866454476,-0.005,-0.0331907002301264));
#9728=CARTESIAN_POINT('',(0.0326007376489496,-0.005,-0.0338173712650787));
#9729=CARTESIAN_POINT('',(0.0327055069781556,-0.005,-0.0341394172713049));
#9730=CARTESIAN_POINT('',(0.030931466662035,-0.005,-0.0302130317319951));
#9731=CARTESIAN_POINT('',(0.0314501724914941,-0.005,-0.0298680419345859));
#9732=CARTESIAN_POINT('',(0.0309984610215741,-0.005,-0.0294390542357249));
#9733=CARTESIAN_POINT('',(0.,-0.005,0.));
#9734=CARTESIAN_POINT('',(0.0313273724590568,-0.005,-0.02908879912976));
#9735=CARTESIAN_POINT('',(0.0317838768465606,-0.005,-0.0295126828897948));
#9736=CARTESIAN_POINT('',(0.0320956160768954,-0.005,-0.0289733385191913));
#9737=CARTESIAN_POINT('',(0.0312990237546176,-0.005,-0.0284339781013112));
#9738=CARTESIAN_POINT('',(0.0313106509611338,-0.005,-0.0284440990848692));
#9739=CARTESIAN_POINT('',(0.0313424167692889,-0.005,-0.0284717498556365));
#9740=CARTESIAN_POINT('',(0.0314735041059067,-0.005,-0.0285743345651415));
#9741=CARTESIAN_POINT('',(0.0316864285176005,-0.005,-0.0287235230284405));
#9742=CARTESIAN_POINT('',(0.0320004790397951,-0.005,-0.0289216991176449));
#9743=CARTESIAN_POINT('',(0.0324148001829172,-0.005,-0.0291547114255496));
#9744=CARTESIAN_POINT('',(0.0329354398127278,-0.005,-0.0294142483839013));
#9745=CARTESIAN_POINT('',(0.0335649184037523,-0.005,-0.0296898700243931));
#9746=CARTESIAN_POINT('',(0.0343072684149822,-0.005,-0.0299706236555679));
#9747=CARTESIAN_POINT('',(0.0351594220407149,-0.005,-0.0302488773278969));
#9748=CARTESIAN_POINT('',(0.0357976576617471,-0.005,-0.0304129972292795));
#9749=CARTESIAN_POINT('',(0.0361256467043561,-0.005,-0.0304973383841033));
#9750=CARTESIAN_POINT('',(0.0337951863928069,-0.005,-0.0254166357988899));
#9751=CARTESIAN_POINT('',(0.0338073068271626,-0.005,-0.0254261605724083));
#9752=CARTESIAN_POINT('',(0.0338404201456511,-0.005,-0.0254521824829925));
#9753=CARTESIAN_POINT('',(0.0339657511153786,-0.005,-0.0255617254447606));
#9754=CARTESIAN_POINT('',(0.0341521950970036,-0.005,-0.0257429232493624));
#9755=CARTESIAN_POINT('',(0.0344057081425235,-0.005,-0.0260142765772842));
#9756=CARTESIAN_POINT('',(0.0347122292023,-0.005,-0.0263775968013106));
#9757=CARTESIAN_POINT('',(0.0350647271858411,-0.005,-0.0268403820954581));
#9758=CARTESIAN_POINT('',(0.0354534193352109,-0.005,-0.0274070645447045));
#9759=CARTESIAN_POINT('',(0.0358683025686967,-0.005,-0.0280836575118297));
#9760=CARTESIAN_POINT('',(0.0363013052701127,-0.005,-0.0288685776151399));
#9761=CARTESIAN_POINT('',(0.0365821115865161,-0.005,-0.0294647553257699));
#9762=CARTESIAN_POINT('',(0.0367264178455851,-0.005,-0.0297711308242389));
#9763=CARTESIAN_POINT('',(0.0344742597713754,-0.005,-0.0260980522169539));
#9764=CARTESIAN_POINT('',(0.0349456367635834,-0.005,-0.0256907716882659));
#9765=CARTESIAN_POINT('',(0.0344437207580658,-0.005,-0.025321781144706));
#9766=CARTESIAN_POINT('',(0.,-0.005,0.));
#9767=CARTESIAN_POINT('',(0.0347261400256199,-0.005,-0.0249330643708518));
#9768=CARTESIAN_POINT('',(0.0352321714619775,-0.005,-0.0252963905098086));
#9769=CARTESIAN_POINT('',(0.0354738547613967,-0.005,-0.024722227744895));
#9770=CARTESIAN_POINT('',(0.0346159440222812,-0.005,-0.0242869598365926));
#9771=CARTESIAN_POINT('',(0.0346287480403972,-0.005,-0.0242955437377823));
#9772=CARTESIAN_POINT('',(0.0346637289261779,-0.005,-0.0243189951625103));
#9773=CARTESIAN_POINT('',(0.034806639873349,-0.005,-0.0244043413611627));
#9774=CARTESIAN_POINT('',(0.0350365835849749,-0.005,-0.0245256669238457));
#9775=CARTESIAN_POINT('',(0.0353729957750748,-0.005,-0.0246829193679452));
#9776=CARTESIAN_POINT('',(0.0358132540582417,-0.005,-0.0248621660956032));
#9777=CARTESIAN_POINT('',(0.0363623168952834,-0.005,-0.0250544030791925));
#9778=CARTESIAN_POINT('',(0.0370213764110446,-0.005,-0.0252489567734521));
#9779=CARTESIAN_POINT('',(0.0377930605311369,-0.005,-0.0254344554510442));
#9780=CARTESIAN_POINT('',(0.0386733691035088,-0.005,-0.0256037118406499));
#9781=CARTESIAN_POINT('',(0.03932714172397,-0.005,-0.0256865454734299));
#9782=CARTESIAN_POINT('',(0.0396631152246691,-0.005,-0.0257291136457726));
#9783=CARTESIAN_POINT('',(0.0367142504049678,-0.005,-0.0209805580445156));
#9784=CARTESIAN_POINT('',(0.0367274690367425,-0.005,-0.02098848861912));
#9785=CARTESIAN_POINT('',(0.0367635826570213,-0.005,-0.0210101551398866));
#9786=CARTESIAN_POINT('',(0.0369016547282305,-0.005,-0.0211031261869806));
#9787=CARTESIAN_POINT('',(0.0371093386501377,-0.005,-0.0212595275656762));
#9788=CARTESIAN_POINT('',(0.0373948622595999,-0.005,-0.0214969675818124));
#9789=CARTESIAN_POINT('',(0.0377445024077633,-0.005,-0.0218190056417765));
#9790=CARTESIAN_POINT('',(0.0381522232167796,-0.005,-0.0222339620235502));
#9791=CARTESIAN_POINT('',(0.0386088745562231,-0.005,-0.0227474599684829));
#9792=CARTESIAN_POINT('',(0.03910528589587,-0.005,-0.0233667191407694));
#9793=CARTESIAN_POINT('',(0.0396332508162911,-0.005,-0.0240911802859101));
#9794=CARTESIAN_POINT('',(0.0399865637712691,-0.005,-0.0246474625935822));
#9795=CARTESIAN_POINT('',(0.0401681311642911,-0.005,-0.0249333358596631));
#9796=CARTESIAN_POINT('',(0.0374733732101968,-0.005,-0.0215714908282305));
#9797=CARTESIAN_POINT('',(0.0378899874683995,-0.005,-0.0211083426254988));
#9798=CARTESIAN_POINT('',(0.0373457824425213,-0.005,-0.0208051684385363));
#9799=CARTESIAN_POINT('',(0.,-0.005,0.));
#9800=CARTESIAN_POINT('',(0.0375772556195884,-0.005,-0.0203841202925245));
#9801=CARTESIAN_POINT('',(0.03812483368676,-0.005,-0.0206811589401514));
#9802=CARTESIAN_POINT('',(0.0382926495652571,-0.005,-0.0200812326707187));
#9803=CARTESIAN_POINT('',(0.0373869501741507,-0.005,-0.0197569217069244));
#9804=CARTESIAN_POINT('',(0.0374007290768522,-0.005,-0.0197638331524961));
#9805=CARTESIAN_POINT('',(0.0374383733707931,-0.005,-0.0197827153882077));
#9806=CARTESIAN_POINT('',(0.0375908541375099,-0.005,-0.0198494771154713));
#9807=CARTESIAN_POINT('',(0.0378341907993738,-0.005,-0.0199410264009386));
#9808=CARTESIAN_POINT('',(0.0381876592361782,-0.005,-0.0200548752349517));
#9809=CARTESIAN_POINT('',(0.0386469115232667,-0.005,-0.0201775295543909));
#9810=CARTESIAN_POINT('',(0.0392157385186051,-0.005,-0.0202994348711498));
#9811=CARTESIAN_POINT('',(0.0398939851968364,-0.005,-0.0204098523911981));
#9812=CARTESIAN_POINT('',(0.0406828335062354,-0.005,-0.0204971706902502));
#9813=CARTESIAN_POINT('',(0.0415774140331895,-0.005,-0.0205547605227597));
#9814=CARTESIAN_POINT('',(0.0422364132683102,-0.005,-0.0205550015510658));
#9815=CARTESIAN_POINT('',(0.0425750727242924,-0.005,-0.0205551254154206));
#9816=CARTESIAN_POINT('',(0.0390543087562123,-0.005,-0.0162136043566014));
#9817=CARTESIAN_POINT('',(0.0390684171196864,-0.005,-0.0162198156623927));
#9818=CARTESIAN_POINT('',(0.0391069615083905,-0.005,-0.0162367850993664));
#9819=CARTESIAN_POINT('',(0.0392555972020383,-0.005,-0.0163117180228353));
#9820=CARTESIAN_POINT('',(0.0394812457647149,-0.005,-0.0164408564324532));
#9821=CARTESIAN_POINT('',(0.0397942770602346,-0.005,-0.0166406385659094));
#9822=CARTESIAN_POINT('',(0.0401815222627833,-0.005,-0.0169163157292293));
#9823=CARTESIAN_POINT('',(0.0406380358965562,-0.005,-0.0172768990886059));
#9824=CARTESIAN_POINT('',(0.0411554447616599,-0.005,-0.0177291143598844));
#9825=CARTESIAN_POINT('',(0.0417255555040998,-0.005,-0.0182812736502578));
#9826=CARTESIAN_POINT('',(0.0423401563213402,-0.005,-0.0189338506521981));
#9827=CARTESIAN_POINT('',(0.0427604039585339,-0.005,-0.0194414646526131));
#9828=CARTESIAN_POINT('',(0.0429763690592578,-0.005,-0.0197023272941275));
#9829=CARTESIAN_POINT('',(0.0398815091679851,-0.005,-0.016704734142962));
#9830=CARTESIAN_POINT('',(0.0402367904364574,-0.005,-0.0161930223900149));
#9831=CARTESIAN_POINT('',(0.0396588788285693,-0.005,-0.0159604457976855));
#9832=CARTESIAN_POINT('',(0.,-0.005,0.));
#9833=CARTESIAN_POINT('',(0.0398357554448716,-0.005,-0.015513706460301));
#9834=CARTESIAN_POINT('',(0.0404162445096305,-0.005,-0.0157397731396827));
#9835=CARTESIAN_POINT('',(0.0405075464105533,-0.005,-0.0151235445613781));
#9836=CARTESIAN_POINT('',(0.0395683417878924,-0.005,-0.014915305119725));
#9837=CARTESIAN_POINT('',(0.0395828782736527,-0.005,-0.0149204351120535));
#9838=CARTESIAN_POINT('',(0.0396225923027507,-0.005,-0.0149344503746118));
#9839=CARTESIAN_POINT('',(0.0397822381762344,-0.005,-0.0149815747581662));
#9840=CARTESIAN_POINT('',(0.0400351302238165,-0.005,-0.0150419039794969));
#9841=CARTESIAN_POINT('',(0.0404000804989252,-0.005,-0.0151105537393012));
#9842=CARTESIAN_POINT('',(0.040871084107024,-0.005,-0.0151746813186339));
#9843=CARTESIAN_POINT('',(0.0414507045191417,-0.005,-0.0152243324488944));
#9844=CARTESIAN_POINT('',(0.0421374420045626,-0.005,-0.0152488724444802));
#9845=CARTESIAN_POINT('',(0.042931013894194,-0.005,-0.0152366333032548));
#9846=CARTESIAN_POINT('',(0.0438257583064236,-0.005,-0.0151816483526069));
#9847=CARTESIAN_POINT('',(0.0444795913445988,-0.005,-0.0150992929752788));
#9848=CARTESIAN_POINT('',(0.044815595893938,-0.005,-0.0150569705782307));
#9849=CARTESIAN_POINT('',(0.0407784573284581,-0.005,-0.011190952442446));
#9850=CARTESIAN_POINT('',(0.0407932329263117,-0.005,-0.0111953465234213));
#9851=CARTESIAN_POINT('',(0.0408336002154059,-0.005,-0.0112073512584439));
#9852=CARTESIAN_POINT('',(0.0409904554578127,-0.005,-0.0112630643213219));
#9853=CARTESIAN_POINT('',(0.0412305100486294,-0.005,-0.0113629031719988));
#9854=CARTESIAN_POINT('',(0.0415661123396805,-0.005,-0.0115218767391864));
#9855=CARTESIAN_POINT('',(0.0419848555084414,-0.005,-0.011746845412315));
#9856=CARTESIAN_POINT('',(0.042482962474258,-0.005,-0.0120473691343149));
#9857=CARTESIAN_POINT('',(0.0430529690181344,-0.005,-0.012431170026971));
#9858=CARTESIAN_POINT('',(0.0436877881763914,-0.005,-0.012907521553578));
#9859=CARTESIAN_POINT('',(0.0443793322684183,-0.005,-0.0134779228831668));
#9860=CARTESIAN_POINT('',(0.0448598870315454,-0.005,-0.0139288632003043));
#9861=CARTESIAN_POINT('',(0.0451068439413216,-0.005,-0.0141606012575637));
#9862=CARTESIAN_POINT('',(0.0416606899021357,-0.005,-0.0115745338213344));
#9863=CARTESIAN_POINT('',(0.0419490351830389,-0.005,-0.0110223285181978));
#9864=CARTESIAN_POINT('',(0.0413465310044248,-0.005,-0.0108640173922972));
#9865=CARTESIAN_POINT('',(0.,-0.005,0.));
#9866=CARTESIAN_POINT('',(0.0414660216100623,-0.005,-0.0103986322097594));
#9867=CARTESIAN_POINT('',(0.04207026701309,-0.005,-0.0105501617143164));
#9868=CARTESIAN_POINT('',(0.0420836150509198,-0.005,-0.00992734911993706));
#9869=CARTESIAN_POINT('',(0.0411257170146574,-0.005,-0.0098384652608161));
#9870=CARTESIAN_POINT('',(0.0411407818344123,-0.005,-0.00984173289685782));
#9871=CARTESIAN_POINT('',(0.0411819392847046,-0.005,-0.00985066015719999));
#9872=CARTESIAN_POINT('',(0.0413462325541625,-0.005,-0.00987740401736583));
#9873=CARTESIAN_POINT('',(0.0416046917288021,-0.005,-0.00990556174670075));
#9874=CARTESIAN_POINT('',(0.0419753683583658,-0.005,-0.00992792978457467));
#9875=CARTESIAN_POINT('',(0.0424506952792112,-0.005,-0.00993251929356696));
#9876=CARTESIAN_POINT('',(0.0430319681479609,-0.005,-0.00990913320934462));
#9877=CARTESIAN_POINT('',(0.0437163661801891,-0.005,-0.0098474086700778));
#9878=CARTESIAN_POINT('',(0.0445021465472964,-0.005,-0.0097358051071434));
#9879=CARTESIAN_POINT('',(0.0453829441909263,-0.005,-0.00956911251885622));
#9880=CARTESIAN_POINT('',(0.0460212996945631,-0.005,-0.00940545952939104));
#9881=CARTESIAN_POINT('',(0.0463493503447969,-0.005,-0.00932135832042378));
#9882=CARTESIAN_POINT('',(0.0418595052687645,-0.005,-0.00599181252312214));
#9883=CARTESIAN_POINT('',(0.041874715080993,-0.005,-0.00599432008199967));
#9884=CARTESIAN_POINT('',(0.041916268654214,-0.005,-0.00600117079322859));
#9885=CARTESIAN_POINT('',(0.0420788697445063,-0.005,-0.00603678536723281));
#9886=CARTESIAN_POINT('',(0.0423295445591643,-0.005,-0.00610575014065264));
#9887=CARTESIAN_POINT('',(0.0426824251971377,-0.005,-0.00622140803345083));
#9888=CARTESIAN_POINT('',(0.0431260625021943,-0.005,-0.00639212032602321));
#9889=CARTESIAN_POINT('',(0.0436579073556491,-0.005,-0.00662784497202636));
#9890=CARTESIAN_POINT('',(0.0442715222345959,-0.005,-0.00693717871671122));
#9891=CARTESIAN_POINT('',(0.0449610383313216,-0.005,-0.00733021013141875));
#9892=CARTESIAN_POINT('',(0.0457186196346954,-0.005,-0.00780944021894701));
#9893=CARTESIAN_POINT('',(0.0462519028880718,-0.005,-0.00819659525462713));
#9894=CARTESIAN_POINT('',(0.0465259569489083,-0.005,-0.0083955540800349));
#9895=CARTESIAN_POINT('',(0.0427828566696397,-0.005,-0.00626179618705312));
#9896=CARTESIAN_POINT('',(0.0429997185856449,-0.005,-0.00567780594122884));
#9897=CARTESIAN_POINT('',(0.0423821236871202,-0.005,-0.0055962569427829));
#9898=CARTESIAN_POINT('',(0.,-0.005,0.));
#9899=CARTESIAN_POINT('',(0.0424423438438617,-0.005,-0.00511956531742809));
#9900=CARTESIAN_POINT('',(0.0430608162741937,-0.005,-0.00519416793635416));
#9901=CARTESIAN_POINT('',(0.0429959999424002,-0.005,-0.00457459345256369));
#9902=CARTESIAN_POINT('',(0.0420345151167887,-0.005,-0.00460646692752989));
#9903=CARTESIAN_POINT('',(0.0420498706893314,-0.005,-0.00460782067471248));
#9904=CARTESIAN_POINT('',(0.0420918224832406,-0.005,-0.00461151914461001));
#9905=CARTESIAN_POINT('',(0.0422581721456694,-0.005,-0.00461746071473643));
#9906=CARTESIAN_POINT('',(0.0425181223917863,-0.005,-0.00461300288786329));
#9907=CARTESIAN_POINT('',(0.0428886795839254,-0.005,-0.00458873644648763));
#9908=CARTESIAN_POINT('',(0.0433608336280291,-0.005,-0.00453371550584098));
#9909=CARTESIAN_POINT('',(0.0439345919330349,-0.005,-0.00443766101965423));
#9910=CARTESIAN_POINT('',(0.0446058571462627,-0.005,-0.00429064537839155));
#9911=CARTESIAN_POINT('',(0.0453714537650542,-0.005,-0.00408143744860434));
#9912=CARTESIAN_POINT('',(0.0462244139350814,-0.005,-0.0038056660643725));
#9913=CARTESIAN_POINT('',(0.0468372246565523,-0.005,-0.00356329636817568));
#9914=CARTESIAN_POINT('',(0.0471521478529585,-0.005,-0.00343874267359427));
#9915=CARTESIAN_POINT('',(0.0466588335547119,-0.005,-0.00363225154879097));
#9916=CARTESIAN_POINT('',(0.,-0.005,0.));
#9917=CARTESIAN_POINT('',(0.0467461565475438,-0.005,-0.00224429232332287));
#9918=CARTESIAN_POINT('',(0.0422804038053261,-0.005,-0.000698178140973401));
#9919=CARTESIAN_POINT('',(0.0422958079641047,-0.005,-0.000698759632051711));
#9920=CARTESIAN_POINT('',(0.0423378924967799,-0.005,-0.000700348279678446));
#9921=CARTESIAN_POINT('',(0.0425036751186307,-0.005,-0.000715302701701667));
#9922=CARTESIAN_POINT('',(0.0427610168655569,-0.005,-0.000752305782190088));
#9923=CARTESIAN_POINT('',(0.0431256107119911,-0.005,-0.000822824006538778));
#9924=CARTESIAN_POINT('',(0.0435871457280266,-0.005,-0.000936587683722448));
#9925=CARTESIAN_POINT('',(0.044144340958072,-0.005,-0.00110379573524629));
#9926=CARTESIAN_POINT('',(0.0447918870988922,-0.005,-0.00133378395401924));
#9927=CARTESIAN_POINT('',(0.0455252260533444,-0.005,-0.00163729691663172));
#9928=CARTESIAN_POINT('',(0.0463368970583538,-0.005,-0.00201779801734104));
#9929=CARTESIAN_POINT('',(0.0469144986065059,-0.005,-0.00233506210537586));
#9930=CARTESIAN_POINT('',(0.0472113278221511,-0.005,-0.00249810399940311));
#9931=CARTESIAN_POINT('',(0.0432303122302237,-0.005,-0.000850306286286257));
#9932=CARTESIAN_POINT('',(0.0433722707393686,-0.005,-0.000243740972809848));
#9933=CARTESIAN_POINT('',(0.0427493249614162,-0.005,-0.000240240178239088));
#9934=CARTESIAN_POINT('',(0.,-0.005,0.));
#9935=CARTESIAN_POINT('',(0.0427493249614162,-0.005,0.000240240178239088));
#9936=CARTESIAN_POINT('',(0.0433722707393685,-0.005,0.000243740972809848));
#9937=CARTESIAN_POINT('',(0.0432303122302237,-0.005,0.000850306286286253));
#9938=CARTESIAN_POINT('',(0.0422804038053261,-0.005,0.000698178140973401));
#9939=CARTESIAN_POINT('',(0.0422958079641047,-0.005,0.000698759632051711));
#9940=CARTESIAN_POINT('',(0.0423378924967799,-0.005,0.000700348279678446));
#9941=CARTESIAN_POINT('',(0.0425036751186307,-0.005,0.000715302701701667));
#9942=CARTESIAN_POINT('',(0.0427610168655569,-0.005,0.000752305782190088));
#9943=CARTESIAN_POINT('',(0.0431256107119911,-0.005,0.000822824006538778));
#9944=CARTESIAN_POINT('',(0.0435871457280266,-0.005,0.000936587683722448));
#9945=CARTESIAN_POINT('',(0.044144340958072,-0.005,0.00110379573524629));
#9946=CARTESIAN_POINT('',(0.0447918870988922,-0.005,0.00133378395401924));
#9947=CARTESIAN_POINT('',(0.0455252260533444,-0.005,0.00163729691663172));
#9948=CARTESIAN_POINT('',(0.0463368970583538,-0.005,0.00201779801734104));
#9949=CARTESIAN_POINT('',(0.0469144986065059,-0.005,0.00233506210537586));
#9950=CARTESIAN_POINT('',(0.0472113278221511,-0.005,0.00249810399940311));
#9951=CARTESIAN_POINT('',(0.0420345151167887,-0.005,0.00460646692752991));
#9952=CARTESIAN_POINT('',(0.0420498706893314,-0.005,0.0046078206747125));
#9953=CARTESIAN_POINT('',(0.0420918224832406,-0.005,0.00461151914461003));
#9954=CARTESIAN_POINT('',(0.0422581721456694,-0.005,0.00461746071473645));
#9955=CARTESIAN_POINT('',(0.0425181223917863,-0.005,0.00461300288786332));
#9956=CARTESIAN_POINT('',(0.0428886795839254,-0.005,0.00458873644648765));
#9957=CARTESIAN_POINT('',(0.0433608336280291,-0.005,0.004533715505841));
#9958=CARTESIAN_POINT('',(0.0439345919330349,-0.005,0.00443766101965425));
#9959=CARTESIAN_POINT('',(0.0446058571462627,-0.005,0.00429064537839157));
#9960=CARTESIAN_POINT('',(0.0453714537650542,-0.005,0.00408143744860437));
#9961=CARTESIAN_POINT('',(0.0462244139350814,-0.005,0.00380566606437253));
#9962=CARTESIAN_POINT('',(0.0468372246565523,-0.005,0.0035632963681757));
#9963=CARTESIAN_POINT('',(0.0471521478529585,-0.005,0.00343874267359429));
#9964=CARTESIAN_POINT('',(0.0429959999424003,-0.005,0.00457459345256371));
#9965=CARTESIAN_POINT('',(0.0430608162741937,-0.005,0.00519416793635418));
#9966=CARTESIAN_POINT('',(0.0424423438438617,-0.005,0.00511956531742811));
#9967=CARTESIAN_POINT('',(0.,-0.005,0.));
#9968=CARTESIAN_POINT('',(0.,-0.005,0.));
#9969=CARTESIAN_POINT('',(0.0466588335547119,-0.005,-0.00363225154879097));
#9970=CARTESIAN_POINT('',(0.0466588335547119,0.,-0.00363225154879097));
#9971=CARTESIAN_POINT('',(0.,0.,0.));
#9972=CARTESIAN_POINT('',(0.0467461565475438,0.,-0.00224429232332287));
#9973=CARTESIAN_POINT('',(0.0467461565475438,-0.005,-0.00224429232332287));
#9974=CARTESIAN_POINT('',(0.,0.,0.));
#9975=CARTESIAN_POINT('',(0.,0.,2.46919410878085E-18));
#9976=CARTESIAN_POINT('',(0.,0.,-0.040325));
#9977=CARTESIAN_POINT('',(0.0430608162741937,0.,0.00519416793635418));
#9978=CARTESIAN_POINT('',(0.0429959999424003,0.,0.00457459345256371));
#9979=CARTESIAN_POINT('',(0.0424423438438617,0.,0.00511956531742811));
#9980=CARTESIAN_POINT('',(0.0420345151167887,0.,0.00460646692752991));
#9981=CARTESIAN_POINT('',(0.0420498706893314,0.,0.0046078206747125));
#9982=CARTESIAN_POINT('',(0.0420918224832406,0.,0.00461151914461003));
#9983=CARTESIAN_POINT('',(0.0422581721456694,0.,0.00461746071473645));
#9984=CARTESIAN_POINT('',(0.0425181223917863,0.,0.00461300288786332));
#9985=CARTESIAN_POINT('',(0.0428886795839254,0.,0.00458873644648765));
#9986=CARTESIAN_POINT('',(0.0433608336280291,0.,0.004533715505841));
#9987=CARTESIAN_POINT('',(0.0439345919330349,0.,0.00443766101965425));
#9988=CARTESIAN_POINT('',(0.0446058571462627,0.,0.00429064537839157));
#9989=CARTESIAN_POINT('',(0.0453714537650542,0.,0.00408143744860437));
#9990=CARTESIAN_POINT('',(0.0462244139350814,0.,0.00380566606437253));
#9991=CARTESIAN_POINT('',(0.0468372246565523,0.,0.0035632963681757));
#9992=CARTESIAN_POINT('',(0.0471521478529585,0.,0.00343874267359429));
#9993=CARTESIAN_POINT('',(0.0422804038053261,0.,0.000698178140973401));
#9994=CARTESIAN_POINT('',(0.0422958079641047,0.,0.000698759632051711));
#9995=CARTESIAN_POINT('',(0.0423378924967799,0.,0.000700348279678446));
#9996=CARTESIAN_POINT('',(0.0425036751186307,0.,0.000715302701701667));
#9997=CARTESIAN_POINT('',(0.0427610168655569,0.,0.000752305782190088));
#9998=CARTESIAN_POINT('',(0.0431256107119911,0.,0.000822824006538778));
#9999=CARTESIAN_POINT('',(0.0435871457280266,0.,0.000936587683722448));
#10000=CARTESIAN_POINT('',(0.044144340958072,0.,0.00110379573524629));
#10001=CARTESIAN_POINT('',(0.0447918870988922,0.,0.00133378395401924));
#10002=CARTESIAN_POINT('',(0.0455252260533444,0.,0.00163729691663172));
#10003=CARTESIAN_POINT('',(0.0463368970583538,0.,0.00201779801734104));
#10004=CARTESIAN_POINT('',(0.0469144986065059,0.,0.00233506210537586));
#10005=CARTESIAN_POINT('',(0.0472113278221511,0.,0.00249810399940311));
#10006=CARTESIAN_POINT('',(0.0432303122302237,0.,0.000850306286286255));
#10007=CARTESIAN_POINT('',(0.0433722707393685,0.,0.000243740972809848));
#10008=CARTESIAN_POINT('',(0.0427493249614162,0.,0.000240240178239088));
#10009=CARTESIAN_POINT('',(0.,0.,0.));
#10010=CARTESIAN_POINT('',(0.0427493249614162,0.,-0.000240240178239088));
#10011=CARTESIAN_POINT('',(0.0433722707393686,0.,-0.000243740972809848));
#10012=CARTESIAN_POINT('',(0.0432303122302237,0.,-0.00085030628628626));
#10013=CARTESIAN_POINT('',(0.0422804038053261,0.,-0.000698178140973401));
#10014=CARTESIAN_POINT('',(0.0422958079641047,0.,-0.000698759632051711));
#10015=CARTESIAN_POINT('',(0.0423378924967799,0.,-0.000700348279678446));
#10016=CARTESIAN_POINT('',(0.0425036751186307,0.,-0.000715302701701667));
#10017=CARTESIAN_POINT('',(0.0427610168655569,0.,-0.000752305782190088));
#10018=CARTESIAN_POINT('',(0.0431256107119911,0.,-0.000822824006538778));
#10019=CARTESIAN_POINT('',(0.0435871457280266,0.,-0.000936587683722448));
#10020=CARTESIAN_POINT('',(0.044144340958072,0.,-0.00110379573524629));
#10021=CARTESIAN_POINT('',(0.0447918870988922,0.,-0.00133378395401924));
#10022=CARTESIAN_POINT('',(0.0455252260533444,0.,-0.00163729691663172));
#10023=CARTESIAN_POINT('',(0.0463368970583538,0.,-0.00201779801734104));
#10024=CARTESIAN_POINT('',(0.0469144986065059,0.,-0.00233506210537586));
#10025=CARTESIAN_POINT('',(0.0472113278221511,0.,-0.00249810399940311));
#10026=CARTESIAN_POINT('',(0.0420345151167887,0.,-0.00460646692752989));
#10027=CARTESIAN_POINT('',(0.0420498706893314,0.,-0.00460782067471248));
#10028=CARTESIAN_POINT('',(0.0420918224832406,0.,-0.00461151914461001));
#10029=CARTESIAN_POINT('',(0.0422581721456694,0.,-0.00461746071473643));
#10030=CARTESIAN_POINT('',(0.0425181223917863,0.,-0.00461300288786329));
#10031=CARTESIAN_POINT('',(0.0428886795839254,0.,-0.00458873644648763));
#10032=CARTESIAN_POINT('',(0.0433608336280291,0.,-0.00453371550584098));
#10033=CARTESIAN_POINT('',(0.0439345919330349,0.,-0.00443766101965423));
#10034=CARTESIAN_POINT('',(0.0446058571462627,0.,-0.00429064537839155));
#10035=CARTESIAN_POINT('',(0.0453714537650542,0.,-0.00408143744860434));
#10036=CARTESIAN_POINT('',(0.0462244139350814,0.,-0.0038056660643725));
#10037=CARTESIAN_POINT('',(0.0468372246565523,0.,-0.00356329636817568));
#10038=CARTESIAN_POINT('',(0.0471521478529585,0.,-0.00343874267359427));
#10039=CARTESIAN_POINT('',(0.0429959999424003,0.,-0.00457459345256369));
#10040=CARTESIAN_POINT('',(0.0430608162741937,0.,-0.00519416793635416));
#10041=CARTESIAN_POINT('',(0.0424423438438617,0.,-0.00511956531742809));
#10042=CARTESIAN_POINT('',(0.,0.,0.));
#10043=CARTESIAN_POINT('',(0.0423821236871202,0.,-0.0055962569427829));
#10044=CARTESIAN_POINT('',(0.0429997185856449,0.,-0.00567780594122884));
#10045=CARTESIAN_POINT('',(0.0427828566696397,0.,-0.00626179618705312));
#10046=CARTESIAN_POINT('',(0.0418595052687645,0.,-0.00599181252312214));
#10047=CARTESIAN_POINT('',(0.041874715080993,0.,-0.00599432008199967));
#10048=CARTESIAN_POINT('',(0.041916268654214,0.,-0.00600117079322859));
#10049=CARTESIAN_POINT('',(0.0420788697445063,0.,-0.00603678536723281));
#10050=CARTESIAN_POINT('',(0.0423295445591643,0.,-0.00610575014065264));
#10051=CARTESIAN_POINT('',(0.0426824251971377,0.,-0.00622140803345083));
#10052=CARTESIAN_POINT('',(0.0431260625021943,0.,-0.00639212032602321));
#10053=CARTESIAN_POINT('',(0.0436579073556491,0.,-0.00662784497202636));
#10054=CARTESIAN_POINT('',(0.0442715222345959,0.,-0.00693717871671122));
#10055=CARTESIAN_POINT('',(0.0449610383313216,0.,-0.00733021013141875));
#10056=CARTESIAN_POINT('',(0.0457186196346954,0.,-0.00780944021894701));
#10057=CARTESIAN_POINT('',(0.0462519028880718,0.,-0.00819659525462713));
#10058=CARTESIAN_POINT('',(0.0465259569489083,0.,-0.0083955540800349));
#10059=CARTESIAN_POINT('',(0.0411257170146574,0.,-0.0098384652608161));
#10060=CARTESIAN_POINT('',(0.0411407818344123,0.,-0.00984173289685782));
#10061=CARTESIAN_POINT('',(0.0411819392847046,0.,-0.00985066015719999));
#10062=CARTESIAN_POINT('',(0.0413462325541625,0.,-0.00987740401736583));
#10063=CARTESIAN_POINT('',(0.0416046917288021,0.,-0.00990556174670075));
#10064=CARTESIAN_POINT('',(0.0419753683583658,0.,-0.00992792978457467));
#10065=CARTESIAN_POINT('',(0.0424506952792112,0.,-0.00993251929356696));
#10066=CARTESIAN_POINT('',(0.0430319681479609,0.,-0.00990913320934462));
#10067=CARTESIAN_POINT('',(0.0437163661801891,0.,-0.0098474086700778));
#10068=CARTESIAN_POINT('',(0.0445021465472964,0.,-0.0097358051071434));
#10069=CARTESIAN_POINT('',(0.0453829441909263,0.,-0.00956911251885622));
#10070=CARTESIAN_POINT('',(0.0460212996945631,0.,-0.00940545952939104));
#10071=CARTESIAN_POINT('',(0.0463493503447969,0.,-0.00932135832042378));
#10072=CARTESIAN_POINT('',(0.0420836150509198,0.,-0.00992734911993706));
#10073=CARTESIAN_POINT('',(0.04207026701309,0.,-0.0105501617143164));
#10074=CARTESIAN_POINT('',(0.0414660216100623,0.,-0.0103986322097594));
#10075=CARTESIAN_POINT('',(0.,0.,0.));
#10076=CARTESIAN_POINT('',(0.0413465310044248,0.,-0.0108640173922972));
#10077=CARTESIAN_POINT('',(0.0419490351830389,0.,-0.0110223285181978));
#10078=CARTESIAN_POINT('',(0.0416606899021357,0.,-0.0115745338213344));
#10079=CARTESIAN_POINT('',(0.0407784573284581,0.,-0.011190952442446));
#10080=CARTESIAN_POINT('',(0.0407932329263117,0.,-0.0111953465234213));
#10081=CARTESIAN_POINT('',(0.0408336002154059,0.,-0.0112073512584439));
#10082=CARTESIAN_POINT('',(0.0409904554578127,0.,-0.0112630643213219));
#10083=CARTESIAN_POINT('',(0.0412305100486294,0.,-0.0113629031719988));
#10084=CARTESIAN_POINT('',(0.0415661123396805,0.,-0.0115218767391864));
#10085=CARTESIAN_POINT('',(0.0419848555084414,0.,-0.011746845412315));
#10086=CARTESIAN_POINT('',(0.042482962474258,0.,-0.0120473691343149));
#10087=CARTESIAN_POINT('',(0.0430529690181344,0.,-0.012431170026971));
#10088=CARTESIAN_POINT('',(0.0436877881763914,0.,-0.012907521553578));
#10089=CARTESIAN_POINT('',(0.0443793322684183,0.,-0.0134779228831668));
#10090=CARTESIAN_POINT('',(0.0448598870315454,0.,-0.0139288632003043));
#10091=CARTESIAN_POINT('',(0.0451068439413216,0.,-0.0141606012575637));
#10092=CARTESIAN_POINT('',(0.0395683417878924,0.,-0.014915305119725));
#10093=CARTESIAN_POINT('',(0.0395828782736527,0.,-0.0149204351120535));
#10094=CARTESIAN_POINT('',(0.0396225923027507,0.,-0.0149344503746118));
#10095=CARTESIAN_POINT('',(0.0397822381762344,0.,-0.0149815747581662));
#10096=CARTESIAN_POINT('',(0.0400351302238165,0.,-0.0150419039794969));
#10097=CARTESIAN_POINT('',(0.0404000804989252,0.,-0.0151105537393012));
#10098=CARTESIAN_POINT('',(0.040871084107024,0.,-0.0151746813186339));
#10099=CARTESIAN_POINT('',(0.0414507045191417,0.,-0.0152243324488944));
#10100=CARTESIAN_POINT('',(0.0421374420045626,0.,-0.0152488724444802));
#10101=CARTESIAN_POINT('',(0.042931013894194,0.,-0.0152366333032548));
#10102=CARTESIAN_POINT('',(0.0438257583064236,0.,-0.0151816483526069));
#10103=CARTESIAN_POINT('',(0.0444795913445988,0.,-0.0150992929752788));
#10104=CARTESIAN_POINT('',(0.044815595893938,0.,-0.0150569705782307));
#10105=CARTESIAN_POINT('',(0.0405075464105533,0.,-0.0151235445613781));
#10106=CARTESIAN_POINT('',(0.0404162445096305,0.,-0.0157397731396827));
#10107=CARTESIAN_POINT('',(0.0398357554448716,0.,-0.015513706460301));
#10108=CARTESIAN_POINT('',(0.,0.,0.));
#10109=CARTESIAN_POINT('',(0.0396588788285693,0.,-0.0159604457976855));
#10110=CARTESIAN_POINT('',(0.0402367904364574,0.,-0.0161930223900149));
#10111=CARTESIAN_POINT('',(0.0398815091679851,0.,-0.016704734142962));
#10112=CARTESIAN_POINT('',(0.0390543087562123,0.,-0.0162136043566014));
#10113=CARTESIAN_POINT('',(0.0390684171196864,0.,-0.0162198156623927));
#10114=CARTESIAN_POINT('',(0.0391069615083905,0.,-0.0162367850993664));
#10115=CARTESIAN_POINT('',(0.0392555972020383,0.,-0.0163117180228353));
#10116=CARTESIAN_POINT('',(0.0394812457647149,0.,-0.0164408564324532));
#10117=CARTESIAN_POINT('',(0.0397942770602346,0.,-0.0166406385659094));
#10118=CARTESIAN_POINT('',(0.0401815222627833,0.,-0.0169163157292293));
#10119=CARTESIAN_POINT('',(0.0406380358965562,0.,-0.0172768990886059));
#10120=CARTESIAN_POINT('',(0.0411554447616599,0.,-0.0177291143598844));
#10121=CARTESIAN_POINT('',(0.0417255555040998,0.,-0.0182812736502578));
#10122=CARTESIAN_POINT('',(0.0423401563213402,0.,-0.0189338506521981));
#10123=CARTESIAN_POINT('',(0.0427604039585339,0.,-0.0194414646526131));
#10124=CARTESIAN_POINT('',(0.0429763690592578,0.,-0.0197023272941275));
#10125=CARTESIAN_POINT('',(0.0373869501741507,0.,-0.0197569217069244));
#10126=CARTESIAN_POINT('',(0.0374007290768522,0.,-0.0197638331524961));
#10127=CARTESIAN_POINT('',(0.0374383733707931,0.,-0.0197827153882077));
#10128=CARTESIAN_POINT('',(0.0375908541375099,0.,-0.0198494771154713));
#10129=CARTESIAN_POINT('',(0.0378341907993738,0.,-0.0199410264009386));
#10130=CARTESIAN_POINT('',(0.0381876592361782,0.,-0.0200548752349517));
#10131=CARTESIAN_POINT('',(0.0386469115232667,0.,-0.0201775295543909));
#10132=CARTESIAN_POINT('',(0.0392157385186051,0.,-0.0202994348711498));
#10133=CARTESIAN_POINT('',(0.0398939851968364,0.,-0.0204098523911981));
#10134=CARTESIAN_POINT('',(0.0406828335062354,0.,-0.0204971706902502));
#10135=CARTESIAN_POINT('',(0.0415774140331895,0.,-0.0205547605227597));
#10136=CARTESIAN_POINT('',(0.0422364132683102,0.,-0.0205550015510658));
#10137=CARTESIAN_POINT('',(0.0425750727242924,0.,-0.0205551254154206));
#10138=CARTESIAN_POINT('',(0.0382926495652571,0.,-0.0200812326707187));
#10139=CARTESIAN_POINT('',(0.03812483368676,0.,-0.0206811589401514));
#10140=CARTESIAN_POINT('',(0.0375772556195884,0.,-0.0203841202925245));
#10141=CARTESIAN_POINT('',(0.,0.,0.));
#10142=CARTESIAN_POINT('',(0.0373457824425213,0.,-0.0208051684385363));
#10143=CARTESIAN_POINT('',(0.0378899874683995,0.,-0.0211083426254988));
#10144=CARTESIAN_POINT('',(0.0374733732101968,0.,-0.0215714908282305));
#10145=CARTESIAN_POINT('',(0.0367142504049678,0.,-0.0209805580445156));
#10146=CARTESIAN_POINT('',(0.0367274690367425,0.,-0.02098848861912));
#10147=CARTESIAN_POINT('',(0.0367635826570213,0.,-0.0210101551398866));
#10148=CARTESIAN_POINT('',(0.0369016547282305,0.,-0.0211031261869806));
#10149=CARTESIAN_POINT('',(0.0371093386501377,0.,-0.0212595275656762));
#10150=CARTESIAN_POINT('',(0.0373948622595999,0.,-0.0214969675818124));
#10151=CARTESIAN_POINT('',(0.0377445024077633,0.,-0.0218190056417765));
#10152=CARTESIAN_POINT('',(0.0381522232167796,0.,-0.0222339620235502));
#10153=CARTESIAN_POINT('',(0.0386088745562231,0.,-0.0227474599684829));
#10154=CARTESIAN_POINT('',(0.03910528589587,0.,-0.0233667191407694));
#10155=CARTESIAN_POINT('',(0.0396332508162911,0.,-0.0240911802859101));
#10156=CARTESIAN_POINT('',(0.0399865637712691,0.,-0.0246474625935822));
#10157=CARTESIAN_POINT('',(0.0401681311642911,0.,-0.0249333358596631));
#10158=CARTESIAN_POINT('',(0.0346159440222812,0.,-0.0242869598365926));
#10159=CARTESIAN_POINT('',(0.0346287480403972,0.,-0.0242955437377823));
#10160=CARTESIAN_POINT('',(0.0346637289261779,0.,-0.0243189951625103));
#10161=CARTESIAN_POINT('',(0.034806639873349,0.,-0.0244043413611627));
#10162=CARTESIAN_POINT('',(0.0350365835849749,0.,-0.0245256669238457));
#10163=CARTESIAN_POINT('',(0.0353729957750748,0.,-0.0246829193679452));
#10164=CARTESIAN_POINT('',(0.0358132540582417,0.,-0.0248621660956032));
#10165=CARTESIAN_POINT('',(0.0363623168952834,0.,-0.0250544030791925));
#10166=CARTESIAN_POINT('',(0.0370213764110446,0.,-0.0252489567734521));
#10167=CARTESIAN_POINT('',(0.0377930605311369,0.,-0.0254344554510442));
#10168=CARTESIAN_POINT('',(0.0386733691035088,0.,-0.0256037118406499));
#10169=CARTESIAN_POINT('',(0.03932714172397,0.,-0.0256865454734299));
#10170=CARTESIAN_POINT('',(0.0396631152246691,0.,-0.0257291136457726));
#10171=CARTESIAN_POINT('',(0.0354738547613967,0.,-0.024722227744895));
#10172=CARTESIAN_POINT('',(0.0352321714619775,0.,-0.0252963905098086));
#10173=CARTESIAN_POINT('',(0.0347261400256199,0.,-0.0249330643708518));
#10174=CARTESIAN_POINT('',(0.,0.,0.));
#10175=CARTESIAN_POINT('',(0.0344437207580658,0.,-0.025321781144706));
#10176=CARTESIAN_POINT('',(0.0349456367635834,0.,-0.0256907716882659));
#10177=CARTESIAN_POINT('',(0.0344742597713754,0.,-0.0260980522169539));
#10178=CARTESIAN_POINT('',(0.0337951863928069,0.,-0.0254166357988899));
#10179=CARTESIAN_POINT('',(0.0338073068271626,0.,-0.0254261605724083));
#10180=CARTESIAN_POINT('',(0.0338404201456511,0.,-0.0254521824829925));
#10181=CARTESIAN_POINT('',(0.0339657511153786,0.,-0.0255617254447606));
#10182=CARTESIAN_POINT('',(0.0341521950970036,0.,-0.0257429232493624));
#10183=CARTESIAN_POINT('',(0.0344057081425235,0.,-0.0260142765772842));
#10184=CARTESIAN_POINT('',(0.0347122292023,0.,-0.0263775968013106));
#10185=CARTESIAN_POINT('',(0.0350647271858411,0.,-0.0268403820954581));
#10186=CARTESIAN_POINT('',(0.0354534193352109,0.,-0.0274070645447045));
#10187=CARTESIAN_POINT('',(0.0358683025686967,0.,-0.0280836575118297));
#10188=CARTESIAN_POINT('',(0.0363013052701127,0.,-0.0288685776151399));
#10189=CARTESIAN_POINT('',(0.0365821115865161,0.,-0.0294647553257699));
#10190=CARTESIAN_POINT('',(0.0367264178455851,0.,-0.0297711308242389));
#10191=CARTESIAN_POINT('',(0.0312990237546176,0.,-0.0284339781013112));
#10192=CARTESIAN_POINT('',(0.0313106509611338,0.,-0.0284440990848692));
#10193=CARTESIAN_POINT('',(0.0313424167692889,0.,-0.0284717498556365));
#10194=CARTESIAN_POINT('',(0.0314735041059067,0.,-0.0285743345651415));
#10195=CARTESIAN_POINT('',(0.0316864285176005,0.,-0.0287235230284405));
#10196=CARTESIAN_POINT('',(0.0320004790397951,0.,-0.0289216991176449));
#10197=CARTESIAN_POINT('',(0.0324148001829172,0.,-0.0291547114255496));
#10198=CARTESIAN_POINT('',(0.0329354398127278,0.,-0.0294142483839013));
#10199=CARTESIAN_POINT('',(0.0335649184037523,0.,-0.0296898700243931));
#10200=CARTESIAN_POINT('',(0.0343072684149822,0.,-0.0299706236555679));
#10201=CARTESIAN_POINT('',(0.0351594220407149,0.,-0.0302488773278969));
#10202=CARTESIAN_POINT('',(0.0357976576617471,0.,-0.0304129972292795));
#10203=CARTESIAN_POINT('',(0.0361256467043561,0.,-0.0304973383841033));
#10204=CARTESIAN_POINT('',(0.0320956160768954,0.,-0.0289733385191913));
#10205=CARTESIAN_POINT('',(0.0317838768465606,0.,-0.0295126828897948));
#10206=CARTESIAN_POINT('',(0.0313273724590568,0.,-0.02908879912976));
#10207=CARTESIAN_POINT('',(0.,0.,0.));
#10208=CARTESIAN_POINT('',(0.0309984610215741,0.,-0.0294390542357249));
#10209=CARTESIAN_POINT('',(0.0314501724914941,0.,-0.0298680419345859));
#10210=CARTESIAN_POINT('',(0.030931466662035,0.,-0.0302130317319951));
#10211=CARTESIAN_POINT('',(0.0303431521029656,0.,-0.0294518780235533));
#10212=CARTESIAN_POINT('',(0.0303539831934122,0.,-0.0294628467846176));
#10213=CARTESIAN_POINT('',(0.0303835739932969,0.,-0.0294928137039447));
#10214=CARTESIAN_POINT('',(0.030494187317281,0.,-0.0296172010224421));
#10215=CARTESIAN_POINT('',(0.0306564510256572,0.,-0.0298203376553291));
#10216=CARTESIAN_POINT('',(0.0308739554550655,0.,-0.0301213248909568));
#10217=CARTESIAN_POINT('',(0.0311325234062359,0.,-0.0305201975020755));
#10218=CARTESIAN_POINT('',(0.0314242394605292,0.,-0.0310235133080535));
#10219=CARTESIAN_POINT('',(0.0317388425124363,0.,-0.0316344433408693));
#10220=CARTESIAN_POINT('',(0.0320656546833298,0.,-0.0323576998275646));
#10221=CARTESIAN_POINT('',(0.032396866454476,0.,-0.0331907002301264));
#10222=CARTESIAN_POINT('',(0.0326007376489496,0.,-0.0338173712650787));
#10223=CARTESIAN_POINT('',(0.0327055069781556,0.,-0.0341394172713049));
#10224=CARTESIAN_POINT('',(0.0274884991852133,0.,-0.032132575545737));
#10225=CARTESIAN_POINT('',(0.027498766212137,0.,-0.0321440739977066));
#10226=CARTESIAN_POINT('',(0.027526815976896,0.,-0.0321754880453404));
#10227=CARTESIAN_POINT('',(0.0276440123773541,0.,-0.032293693443548));
#10228=CARTESIAN_POINT('',(0.0278365595439485,0.,-0.0324683920162758));
#10229=CARTESIAN_POINT('',(0.0281232956338982,0.,-0.0327043663952737));
#10230=CARTESIAN_POINT('',(0.0285051455450451,0.,-0.0329874695401347));
#10231=CARTESIAN_POINT('',(0.0289891511696475,0.,-0.0333102134203758));
#10232=CARTESIAN_POINT('',(0.0295791215825224,0.,-0.0336625562891808));
#10233=CARTESIAN_POINT('',(0.0302804301817545,0.,-0.0340341372214607));
#10234=CARTESIAN_POINT('',(0.0310909898891183,0.,-0.0344169999498796));
#10235=CARTESIAN_POINT('',(0.0317036231537144,0.,-0.0346598178509794));
#10236=CARTESIAN_POINT('',(0.0320184551551001,0.,-0.0347846018778898));
#10237=CARTESIAN_POINT('',(0.0282112103538698,0.,-0.0327675224372065));
#10238=CARTESIAN_POINT('',(0.0278343315065057,0.,-0.0332635426305867));
#10239=CARTESIAN_POINT('',(0.0274345535147492,0.,-0.0327857861495856));
#10240=CARTESIAN_POINT('',(0.,0.,0.));
#10241=CARTESIAN_POINT('',(0.0270643370371891,0.,-0.0330920558554079));
#10242=CARTESIAN_POINT('',(0.0274587202117917,0.,-0.033574275317294));
#10243=CARTESIAN_POINT('',(0.0269008658458717,0.,-0.0338515336882325));
#10244=CARTESIAN_POINT('',(0.02641258817834,0.,-0.0330226465380862));
#10245=CARTESIAN_POINT('',(0.026421959112111,0.,-0.0330348863027821));
#10246=CARTESIAN_POINT('',(0.0264475607288011,0.,-0.0330683256346329));
#10247=CARTESIAN_POINT('',(0.0265417119688452,0.,-0.0332055956475414));
#10248=CARTESIAN_POINT('',(0.02667723640836,0.,-0.033427467522665));
#10249=CARTESIAN_POINT('',(0.0268553020468743,0.,-0.0337533419174915));
#10250=CARTESIAN_POINT('',(0.0270618391183874,0.,-0.0341814764563505));
#10251=CARTESIAN_POINT('',(0.027288172706994,0.,-0.0347173851832323));
#10252=CARTESIAN_POINT('',(0.0275237251833751,0.,-0.0353629280680482));
#10253=CARTESIAN_POINT('',(0.0277573122685131,0.,-0.0361214418874659));
#10254=CARTESIAN_POINT('',(0.0279815097019022,0.,-0.0369893856753207));
#10255=CARTESIAN_POINT('',(0.0281052306039223,0.,-0.0376366670580187));
#10256=CARTESIAN_POINT('',(0.0281688107283577,0.,-0.0379693047141032));
#10257=CARTESIAN_POINT('',(0.0232444645628246,0.,-0.0353244230787363));
#10258=CARTESIAN_POINT('',(0.0232532094930081,0.,-0.0353371176616612));
#10259=CARTESIAN_POINT('',(0.0232771008528247,0.,-0.0353717995678644));
#10260=CARTESIAN_POINT('',(0.0233785580598782,0.,-0.0355037614850324));
#10261=CARTESIAN_POINT('',(0.0235476913975339,0.,-0.0357012150663372));
#10262=CARTESIAN_POINT('',(0.0238025910558123,0.,-0.0359712662782075));
#10263=CARTESIAN_POINT('',(0.024145947733779,0.,-0.0362999955543129));
#10264=CARTESIAN_POINT('',(0.0245856862953422,0.,-0.036680856492654));
#10265=CARTESIAN_POINT('',(0.0251268443442254,0.,-0.0371043639322515));
#10266=CARTESIAN_POINT('',(0.0257760514759084,0.,-0.0375609121123628));
#10267=CARTESIAN_POINT('',(0.0265322342541131,0.,-0.0380423459229335));
#10268=CARTESIAN_POINT('',(0.027109603569721,0.,-0.0383600324403978));
#10269=CARTESIAN_POINT('',(0.0274063134411503,0.,-0.038523291420748));
#10270=CARTESIAN_POINT('',(0.0238818969910035,0.,-0.0360449429520178));
#10271=CARTESIAN_POINT('',(0.0234458221311695,0.,-0.036489816433417));
#10272=CARTESIAN_POINT('',(0.0231090752729061,0.,-0.035965721736553));
#10273=CARTESIAN_POINT('',(0.,0.,0.));
#10274=CARTESIAN_POINT('',(0.0227033922902764,0.,-0.0362231759860151));
#10275=CARTESIAN_POINT('',(0.0230342275113048,0.,-0.0367510223219486));
#10276=CARTESIAN_POINT('',(0.0224460223055207,0.,-0.0369561767362804));
#10277=CARTESIAN_POINT('',(0.0220654819600268,0.,-0.0360726281899406));
#10278=CARTESIAN_POINT('',(0.0220732449518986,0.,-0.0360859459298671));
#10279=CARTESIAN_POINT('',(0.0220944536326051,0.,-0.0361223303160026));
#10280=CARTESIAN_POINT('',(0.0221706579674106,0.,-0.0362703181932176));
#10281=CARTESIAN_POINT('',(0.0222773058366944,0.,-0.0365074262585674));
#10282=CARTESIAN_POINT('',(0.022413124482824,0.,-0.0368530485787184));
#10283=CARTESIAN_POINT('',(0.0225643734616828,0.,-0.0373036931078845));
#10284=CARTESIAN_POINT('',(0.0227217551687053,0.,-0.037863743154911));
#10285=CARTESIAN_POINT('',(0.0228745422662955,0.,-0.0385337182948046));
#10286=CARTESIAN_POINT('',(0.0230112204578073,0.,-0.0393155272308984));
#10287=CARTESIAN_POINT('',(0.0231248678259858,0.,-0.0402047264120272));
#10288=CARTESIAN_POINT('',(0.0231664872830203,0.,-0.0408624101283988));
#10289=CARTESIAN_POINT('',(0.0231878755061416,0.,-0.0412003935397968));
#10290=CARTESIAN_POINT('',(0.0186338508487101,0.,-0.0379591833579964));
#10291=CARTESIAN_POINT('',(0.0186409357693805,0.,-0.0379728738707204));
#10292=CARTESIAN_POINT('',(0.0186602919432383,0.,-0.0380102766811142));
#10293=CARTESIAN_POINT('',(0.0187444099161242,0.,-0.0381539139989788));
#10294=CARTESIAN_POINT('',(0.0188874620910711,0.,-0.0383710086279304));
#10295=CARTESIAN_POINT('',(0.0191065053977975,0.,-0.0386708778037412));
#10296=CARTESIAN_POINT('',(0.0194059539026613,0.,-0.0390400489540332));
#10297=CARTESIAN_POINT('',(0.0197944904613824,0.,-0.0394730205459615));
#10298=CARTESIAN_POINT('',(0.0202783017605707,0.,-0.0399610135910382));
#10299=CARTESIAN_POINT('',(0.0208651690404204,0.,-0.0404953289814518));
#10300=CARTESIAN_POINT('',(0.0215550494353321,0.,-0.0410677413753868));
#10301=CARTESIAN_POINT('',(0.022088049342941,0.,-0.0414552864030585));
#10302=CARTESIAN_POINT('',(0.0223619577924954,0.,-0.0416544456452023));
#10303=CARTESIAN_POINT('',(0.0191759518462352,0.,-0.0387539131842707));
#10304=CARTESIAN_POINT('',(0.0186875581349696,0.,-0.0391406240331327));
#10305=CARTESIAN_POINT('',(0.0184191531093168,0.,-0.0385784564068541));
#10306=CARTESIAN_POINT('',(0.,0.,0.));
#10307=CARTESIAN_POINT('',(0.0179844014845968,0.,-0.0387830349926463));
#10308=CARTESIAN_POINT('',(0.0182464712829842,0.,-0.0393481837505894));
#10309=CARTESIAN_POINT('',(0.0176371915848078,0.,-0.0394779988006473));
#10310=CARTESIAN_POINT('',(0.0173703899099238,0.,-0.0385537229464961));
#10311=CARTESIAN_POINT('',(0.0173764225328773,0.,-0.0385679086329389));
#10312=CARTESIAN_POINT('',(0.0173929038040361,0.,-0.0386066642698549));
#10313=CARTESIAN_POINT('',(0.0174499594457209,0.,-0.038763036154149));
#10314=CARTESIAN_POINT('',(0.0175260488441667,0.,-0.0390116410738928));
#10315=CARTESIAN_POINT('',(0.017617478556728,0.,-0.0393715606489148));
#10316=CARTESIAN_POINT('',(0.0177110541561841,0.,-0.039837608234961));
#10317=CARTESIAN_POINT('',(0.0177970019780875,0.,-0.0404129672783329));
#10318=CARTESIAN_POINT('',(0.0178646141530873,0.,-0.0410968087651245));
#10319=CARTESIAN_POINT('',(0.0179022279542452,0.,-0.041889583223942));
#10320=CARTESIAN_POINT('',(0.0179035329703271,0.,-0.0427860145960765));
#10321=CARTESIAN_POINT('',(0.0178623946186763,0.,-0.0434437285810333));
#10322=CARTESIAN_POINT('',(0.0178412536354284,0.,-0.0437817275474457));
#10323=CARTESIAN_POINT('',(0.0137293701753885,0.,-0.0399953046399839));
#10324=CARTESIAN_POINT('',(0.0137346833531144,0.,-0.0400097751749431));
#10325=CARTESIAN_POINT('',(0.0137491990825888,0.,-0.0400493090248643));
#10326=CARTESIAN_POINT('',(0.0138146512306254,0.,-0.0402023564971177));
#10327=CARTESIAN_POINT('',(0.0139293662246092,0.,-0.0404356684617315));
#10328=CARTESIAN_POINT('',(0.0141090987359863,0.,-0.0407606264854471));
#10329=CARTESIAN_POINT('',(0.0143599165859436,0.,-0.0411644174603536));
#10330=CARTESIAN_POINT('',(0.0146911236881911,0.,-0.0416426714852197));
#10331=CARTESIAN_POINT('',(0.0151099582444816,0.,-0.0421874541939417));
#10332=CARTESIAN_POINT('',(0.0156252304249171,0.,-0.0427911103217662));
#10333=CARTESIAN_POINT('',(0.0162379286105934,0.,-0.0434454740136707));
#10334=CARTESIAN_POINT('',(0.0167181533832617,0.,-0.0438967657349552));
#10335=CARTESIAN_POINT('',(0.0169649407110668,0.,-0.0441286843786719));
#10336=CARTESIAN_POINT('',(0.0141675904856935,0.,-0.040851711055142));
#10337=CARTESIAN_POINT('',(0.0136345801835751,0.,-0.0411741606103704));
#10338=CARTESIAN_POINT('',(0.0134387498981249,0.,-0.0405827857739663));
#10339=CARTESIAN_POINT('',(0.,0.,0.));
#10340=CARTESIAN_POINT('',(0.0129817859241445,0.,-0.0407312623695815));
#10341=CARTESIAN_POINT('',(0.0131709573026172,0.,-0.0413248008160178));
#10342=CARTESIAN_POINT('',(0.012550211816855,0.,-0.0413772292409146));
#10343=CARTESIAN_POINT('',(0.0124013564343734,0.,-0.0404268024613077));
#10344=CARTESIAN_POINT('',(0.0124055635503408,0.,-0.0404416323775173));
#10345=CARTESIAN_POINT('',(0.0124170574924603,0.,-0.0404821480656682));
#10346=CARTESIAN_POINT('',(0.0124540646394716,0.,-0.040644437879014));
#10347=CARTESIAN_POINT('',(0.0124983955918124,0.,-0.0409006190050581));
#10348=CARTESIAN_POINT('',(0.0125439944696207,0.,-0.0412691596882475));
#10349=CARTESIAN_POINT('',(0.0125784209465716,0.,-0.0417432604823386));
#10350=CARTESIAN_POINT('',(0.0125915794348615,0.,-0.042324854766239));
#10351=CARTESIAN_POINT('',(0.0125729504028817,0.,-0.0430117780111748));
#10352=CARTESIAN_POINT('',(0.012510906621572,0.,-0.04380301546592));
#10353=CARTESIAN_POINT('',(0.0123998487046742,0.,-0.0446925417708196));
#10354=CARTESIAN_POINT('',(0.0122766013207185,0.,-0.0453399134819194));
#10355=CARTESIAN_POINT('',(0.0122132645370362,0.,-0.0456725975577351));
#10356=CARTESIAN_POINT('',(0.00860836913287293,0.,-0.0414006760757619));
#10357=CARTESIAN_POINT('',(0.00861182677566758,0.,-0.0414156984239756));
#10358=CARTESIAN_POINT('',(0.00862127313903364,0.,-0.0414567398409947));
#10359=CARTESIAN_POINT('',(0.00866702724274692,0.,-0.0416167838175735));
#10360=CARTESIAN_POINT('',(0.0087515959317852,0.,-0.0418626336487937));
#10361=CARTESIAN_POINT('',(0.00888918315874167,0.,-0.0422075557382596));
#10362=CARTESIAN_POINT('',(0.00908741480646726,0.,-0.0426395985128932));
#10363=CARTESIAN_POINT('',(0.00935606911838512,0.,-0.0431555926190298));
#10364=CARTESIAN_POINT('',(0.0097033216606254,0.,-0.0437485734426432));
#10365=CARTESIAN_POINT('',(0.0101388725915527,0.,-0.0444120502901362));
#10366=CARTESIAN_POINT('',(0.0106647259515975,0.,-0.0451380455736908));
#10367=CARTESIAN_POINT('',(0.0110846021577876,0.,-0.0456459668485549));
#10368=CARTESIAN_POINT('',(0.0113003763802603,0.,-0.0459069873982917));
#10369=CARTESIAN_POINT('',(0.00893579775988411,0.,-0.0423052530390444));
#10370=CARTESIAN_POINT('',(0.00836657675778218,0.,-0.0425583560785312));
#10371=CARTESIAN_POINT('',(0.00824640957311956,0.,-0.0419471003664421));
#10372=CARTESIAN_POINT('',(0.,0.,0.));
#10373=CARTESIAN_POINT('',(0.00777443984472547,0.,-0.0420371334072716));
#10374=CARTESIAN_POINT('',(0.00788772945763955,0.,-0.0426497010863382));
#10375=CARTESIAN_POINT('',(0.00726530771141721,0.,-0.042623916058494));
#10376=CARTESIAN_POINT('',(0.00723674615964167,0.,-0.0416623271515031));
#10377=CARTESIAN_POINT('',(0.00723906141989105,0.,-0.0416775674208422));
#10378=CARTESIAN_POINT('',(0.00724538676663782,0.,-0.0417192042036227));
#10379=CARTESIAN_POINT('',(0.00726176179416025,0.,-0.0418848525387166));
#10380=CARTESIAN_POINT('',(0.00727363517479561,0.,-0.0421445697416682));
#10381=CARTESIAN_POINT('',(0.00727268409630859,0.,-0.0425159194262954));
#10382=CARTESIAN_POINT('',(0.00724741852464711,0.,-0.0429905965756946));
#10383=CARTESIAN_POINT('',(0.00718758016210286,0.,-0.0435692540108389));
#10384=CARTESIAN_POINT('',(0.00708300371410621,0.,-0.0442484258239981));
#10385=CARTESIAN_POINT('',(0.00692228081782325,0.,-0.0450256479873474));
#10386=CARTESIAN_POINT('',(0.00670061141763803,0.,-0.0458942408638065));
#10387=CARTESIAN_POINT('',(0.00649719868624684,0.,-0.0465210608624442));
#10388=CARTESIAN_POINT('',(0.00639266496104428,0.,-0.0468431834210517));
#10389=CARTESIAN_POINT('',(0.00335160896674142,0.,-0.0421531341182601));
#10390=CARTESIAN_POINT('',(0.00335315654551253,0.,-0.0421684713683232));
#10391=CARTESIAN_POINT('',(0.00335738456797689,0.,-0.0422103731047766));
#10392=CARTESIAN_POINT('',(0.0033827190578192,0.,-0.0423748895965645));
#10393=CARTESIAN_POINT('',(0.00343580774316691,0.,-0.0426294000956892));
#10394=CARTESIAN_POINT('',(0.003529079852943,0.,-0.042988846623508));
#10395=CARTESIAN_POINT('',(0.00367159906693442,0.,-0.0434423276252229));
#10396=CARTESIAN_POINT('',(0.00387346374953743,0.,-0.0439879242773364));
#10397=CARTESIAN_POINT('',(0.00414365789769775,0.,-0.0446197515540231));
#10398=CARTESIAN_POINT('',(0.00449261868075061,0.,-0.0453325856949578));
#10399=CARTESIAN_POINT('',(0.0049233341935463,0.,-0.0461187631908524));
#10400=CARTESIAN_POINT('',(0.00527624013466487,0.,-0.046675303797374));
#10401=CARTESIAN_POINT('',(0.00545759836341948,0.,-0.0469613098031354));
#10402=CARTESIAN_POINT('',(0.00356308216541446,0.,-0.0430916159105878));
#10403=CARTESIAN_POINT('',(0.00296662741856834,0.,-0.0432713808482039));
#10404=CARTESIAN_POINT('',(0.00292401844297976,0.,-0.0426498841281557));
#10405=CARTESIAN_POINT('',(0.,0.,0.));
#10406=CARTESIAN_POINT('',(0.0024444862047298,0.,-0.0426800537393627));
#10407=CARTESIAN_POINT('',(0.00248010740721367,0.,-0.0433019900928306));
#10408=CARTESIAN_POINT('',(0.00186582536328592,0.,-0.0431983982575378));
#10409=CARTESIAN_POINT('',(0.00195800807494978,0.,-0.0422408120546515));
#10410=CARTESIAN_POINT('',(0.0019583949664439,0.,-0.0422562223289685));
#10411=CARTESIAN_POINT('',(0.0019594519633212,0.,-0.0422983235694416));
#10412=CARTESIAN_POINT('',(0.00195493662738877,0.,-0.0424647180530856));
#10413=CARTESIAN_POINT('',(0.00193416518601321,0.,-0.0427238754375064));
#10414=CARTESIAN_POINT('',(0.00188667915030673,0.,-0.0430921777172115));
#10415=CARTESIAN_POINT('',(0.00180211998319097,0.,-0.0435599452797144));
#10416=CARTESIAN_POINT('',(0.00167022845653557,0.,-0.044126540092677));
#10417=CARTESIAN_POINT('',(0.00148135382557786,0.,-0.0447872495288486));
#10418=CARTESIAN_POINT('',(0.00122448651040729,0.,-0.0455381991429959));
#10419=CARTESIAN_POINT('',(0.000895701485794432,0.,-0.0463721603624805));
#10420=CARTESIAN_POINT('',(0.000615331347254668,0.,-0.0469685433228335));
#10421=CARTESIAN_POINT('',(0.000471249239823749,0.,-0.0472750242990569));
#10422=CARTESIAN_POINT('',(-0.00195800807494976,0.,-0.0422408120546515));
#10423=CARTESIAN_POINT('',(-0.00195839496644389,0.,-0.0422562223289685));
#10424=CARTESIAN_POINT('',(-0.00195945196332118,0.,-0.0422983235694416));
#10425=CARTESIAN_POINT('',(-0.00195493662738874,0.,-0.0424647180530856));
#10426=CARTESIAN_POINT('',(-0.00193416518601319,0.,-0.0427238754375064));
#10427=CARTESIAN_POINT('',(-0.0018866791503067,0.,-0.0430921777172115));
#10428=CARTESIAN_POINT('',(-0.00180211998319094,0.,-0.0435599452797144));
#10429=CARTESIAN_POINT('',(-0.00167022845653554,0.,-0.044126540092677));
#10430=CARTESIAN_POINT('',(-0.00148135382557784,0.,-0.0447872495288486));
#10431=CARTESIAN_POINT('',(-0.00122448651040726,0.,-0.0455381991429959));
#10432=CARTESIAN_POINT('',(-0.000895701485794408,0.,-0.0463721603624805));
#10433=CARTESIAN_POINT('',(-0.000615331347254644,0.,-0.0469685433228335));
#10434=CARTESIAN_POINT('',(-0.000471249239823725,0.,-0.0472750242990569));
#10435=CARTESIAN_POINT('',(-0.0018658253632859,0.,-0.0431983982575378));
#10436=CARTESIAN_POINT('',(-0.00248010740721365,0.,-0.0433019900928306));
#10437=CARTESIAN_POINT('',(-0.00244448620472978,0.,-0.0426800537393627));
#10438=CARTESIAN_POINT('',(0.,0.,0.));
#10439=CARTESIAN_POINT('',(-0.00292401844297974,0.,-0.0426498841281557));
#10440=CARTESIAN_POINT('',(-0.00296662741856832,0.,-0.0432713808482039));
#10441=CARTESIAN_POINT('',(-0.00356308216541444,0.,-0.0430916159105878));
#10442=CARTESIAN_POINT('',(-0.00335160896674139,0.,-0.0421531341182601));
#10443=CARTESIAN_POINT('',(-0.0033531565455125,0.,-0.0421684713683232));
#10444=CARTESIAN_POINT('',(-0.00335738456797687,0.,-0.0422103731047766));
#10445=CARTESIAN_POINT('',(-0.00338271905781918,0.,-0.0423748895965645));
#10446=CARTESIAN_POINT('',(-0.00343580774316689,0.,-0.0426294000956892));
#10447=CARTESIAN_POINT('',(-0.00352907985294298,0.,-0.042988846623508));
#10448=CARTESIAN_POINT('',(-0.0036715990669344,0.,-0.0434423276252229));
#10449=CARTESIAN_POINT('',(-0.00387346374953741,0.,-0.0439879242773364));
#10450=CARTESIAN_POINT('',(-0.00414365789769773,0.,-0.0446197515540231));
#10451=CARTESIAN_POINT('',(-0.00449261868075058,0.,-0.0453325856949578));
#10452=CARTESIAN_POINT('',(-0.00492333419354627,0.,-0.0461187631908524));
#10453=CARTESIAN_POINT('',(-0.00527624013466484,0.,-0.046675303797374));
#10454=CARTESIAN_POINT('',(-0.00545759836341945,0.,-0.0469613098031354));
#10455=CARTESIAN_POINT('',(-0.00723674615964165,0.,-0.0416623271515031));
#10456=CARTESIAN_POINT('',(-0.00723906141989103,0.,-0.0416775674208422));
#10457=CARTESIAN_POINT('',(-0.0072453867666378,0.,-0.0417192042036227));
#10458=CARTESIAN_POINT('',(-0.00726176179416023,0.,-0.0418848525387166));
#10459=CARTESIAN_POINT('',(-0.00727363517479558,0.,-0.0421445697416682));
#10460=CARTESIAN_POINT('',(-0.00727268409630857,0.,-0.0425159194262954));
#10461=CARTESIAN_POINT('',(-0.00724741852464709,0.,-0.0429905965756946));
#10462=CARTESIAN_POINT('',(-0.00718758016210284,0.,-0.0435692540108389));
#10463=CARTESIAN_POINT('',(-0.00708300371410618,0.,-0.0442484258239981));
#10464=CARTESIAN_POINT('',(-0.00692228081782322,0.,-0.0450256479873474));
#10465=CARTESIAN_POINT('',(-0.006700611417638,0.,-0.0458942408638065));
#10466=CARTESIAN_POINT('',(-0.00649719868624682,0.,-0.0465210608624442));
#10467=CARTESIAN_POINT('',(-0.00639266496104426,0.,-0.0468431834210517));
#10468=CARTESIAN_POINT('',(-0.00726530771141719,0.,-0.042623916058494));
#10469=CARTESIAN_POINT('',(-0.00788772945763952,0.,-0.0426497010863382));
#10470=CARTESIAN_POINT('',(-0.00777443984472545,0.,-0.0420371334072716));
#10471=CARTESIAN_POINT('',(0.,0.,0.));
#10472=CARTESIAN_POINT('',(-0.00824640957311954,0.,-0.0419471003664421));
#10473=CARTESIAN_POINT('',(-0.00836657675778216,0.,-0.0425583560785312));
#10474=CARTESIAN_POINT('',(-0.00893579775988409,0.,-0.0423052530390444));
#10475=CARTESIAN_POINT('',(-0.00860836913287291,0.,-0.0414006760757619));
#10476=CARTESIAN_POINT('',(-0.00861182677566756,0.,-0.0414156984239757));
#10477=CARTESIAN_POINT('',(-0.00862127313903362,0.,-0.0414567398409947));
#10478=CARTESIAN_POINT('',(-0.0086670272427469,0.,-0.0416167838175735));
#10479=CARTESIAN_POINT('',(-0.00875159593178518,0.,-0.0418626336487937));
#10480=CARTESIAN_POINT('',(-0.00888918315874165,0.,-0.0422075557382596));
#10481=CARTESIAN_POINT('',(-0.00908741480646724,0.,-0.0426395985128932));
#10482=CARTESIAN_POINT('',(-0.0093560691183851,0.,-0.0431555926190298));
#10483=CARTESIAN_POINT('',(-0.00970332166062537,0.,-0.0437485734426432));
#10484=CARTESIAN_POINT('',(-0.0101388725915527,0.,-0.0444120502901362));
#10485=CARTESIAN_POINT('',(-0.0106647259515975,0.,-0.0451380455736908));
#10486=CARTESIAN_POINT('',(-0.0110846021577876,0.,-0.0456459668485549));
#10487=CARTESIAN_POINT('',(-0.0113003763802603,0.,-0.0459069873982917));
#10488=CARTESIAN_POINT('',(-0.0124013564343734,0.,-0.0404268024613077));
#10489=CARTESIAN_POINT('',(-0.0124055635503408,0.,-0.0404416323775173));
#10490=CARTESIAN_POINT('',(-0.0124170574924603,0.,-0.0404821480656681));
#10491=CARTESIAN_POINT('',(-0.0124540646394716,0.,-0.040644437879014));
#10492=CARTESIAN_POINT('',(-0.0124983955918124,0.,-0.0409006190050581));
#10493=CARTESIAN_POINT('',(-0.0125439944696208,0.,-0.0412691596882475));
#10494=CARTESIAN_POINT('',(-0.0125784209465716,0.,-0.0417432604823386));
#10495=CARTESIAN_POINT('',(-0.0125915794348615,0.,-0.042324854766239));
#10496=CARTESIAN_POINT('',(-0.0125729504028817,0.,-0.0430117780111748));
#10497=CARTESIAN_POINT('',(-0.012510906621572,0.,-0.04380301546592));
#10498=CARTESIAN_POINT('',(-0.0123998487046742,0.,-0.0446925417708196));
#10499=CARTESIAN_POINT('',(-0.0122766013207185,0.,-0.0453399134819194));
#10500=CARTESIAN_POINT('',(-0.0122132645370362,0.,-0.0456725975577351));
#10501=CARTESIAN_POINT('',(-0.012550211816855,0.,-0.0413772292409146));
#10502=CARTESIAN_POINT('',(-0.0131709573026172,0.,-0.0413248008160178));
#10503=CARTESIAN_POINT('',(-0.0129817859241445,0.,-0.0407312623695815));
#10504=CARTESIAN_POINT('',(0.,0.,0.));
#10505=CARTESIAN_POINT('',(-0.0134387498981249,0.,-0.0405827857739663));
#10506=CARTESIAN_POINT('',(-0.0136345801835751,0.,-0.0411741606103704));
#10507=CARTESIAN_POINT('',(-0.0141675904856935,0.,-0.040851711055142));
#10508=CARTESIAN_POINT('',(-0.0137293701753885,0.,-0.0399953046399839));
#10509=CARTESIAN_POINT('',(-0.0137346833531144,0.,-0.0400097751749431));
#10510=CARTESIAN_POINT('',(-0.0137491990825889,0.,-0.0400493090248643));
#10511=CARTESIAN_POINT('',(-0.0138146512306254,0.,-0.0402023564971177));
#10512=CARTESIAN_POINT('',(-0.0139293662246092,0.,-0.0404356684617315));
#10513=CARTESIAN_POINT('',(-0.0141090987359863,0.,-0.0407606264854471));
#10514=CARTESIAN_POINT('',(-0.0143599165859436,0.,-0.0411644174603536));
#10515=CARTESIAN_POINT('',(-0.0146911236881911,0.,-0.0416426714852196));
#10516=CARTESIAN_POINT('',(-0.0151099582444816,0.,-0.0421874541939417));
#10517=CARTESIAN_POINT('',(-0.0156252304249171,0.,-0.0427911103217662));
#10518=CARTESIAN_POINT('',(-0.0162379286105935,0.,-0.0434454740136706));
#10519=CARTESIAN_POINT('',(-0.0167181533832617,0.,-0.0438967657349552));
#10520=CARTESIAN_POINT('',(-0.0169649407110668,0.,-0.0441286843786719));
#10521=CARTESIAN_POINT('',(-0.0173703899099238,0.,-0.0385537229464961));
#10522=CARTESIAN_POINT('',(-0.0173764225328773,0.,-0.0385679086329389));
#10523=CARTESIAN_POINT('',(-0.0173929038040361,0.,-0.0386066642698549));
#10524=CARTESIAN_POINT('',(-0.0174499594457209,0.,-0.038763036154149));
#10525=CARTESIAN_POINT('',(-0.0175260488441667,0.,-0.0390116410738928));
#10526=CARTESIAN_POINT('',(-0.0176174785567279,0.,-0.0393715606489148));
#10527=CARTESIAN_POINT('',(-0.0177110541561841,0.,-0.039837608234961));
#10528=CARTESIAN_POINT('',(-0.0177970019780874,0.,-0.0404129672783329));
#10529=CARTESIAN_POINT('',(-0.0178646141530873,0.,-0.0410968087651246));
#10530=CARTESIAN_POINT('',(-0.0179022279542452,0.,-0.041889583223942));
#10531=CARTESIAN_POINT('',(-0.0179035329703271,0.,-0.0427860145960765));
#10532=CARTESIAN_POINT('',(-0.0178623946186763,0.,-0.0434437285810333));
#10533=CARTESIAN_POINT('',(-0.0178412536354284,0.,-0.0437817275474457));
#10534=CARTESIAN_POINT('',(-0.0176371915848078,0.,-0.0394779988006473));
#10535=CARTESIAN_POINT('',(-0.0182464712829842,0.,-0.0393481837505894));
#10536=CARTESIAN_POINT('',(-0.0179844014845968,0.,-0.0387830349926463));
#10537=CARTESIAN_POINT('',(0.,0.,0.));
#10538=CARTESIAN_POINT('',(-0.0184191531093168,0.,-0.0385784564068542));
#10539=CARTESIAN_POINT('',(-0.0186875581349696,0.,-0.0391406240331327));
#10540=CARTESIAN_POINT('',(-0.0191759518462352,0.,-0.0387539131842708));
#10541=CARTESIAN_POINT('',(-0.0186338508487101,0.,-0.0379591833579964));
#10542=CARTESIAN_POINT('',(-0.0186409357693804,0.,-0.0379728738707204));
#10543=CARTESIAN_POINT('',(-0.0186602919432383,0.,-0.0380102766811142));
#10544=CARTESIAN_POINT('',(-0.0187444099161242,0.,-0.0381539139989788));
#10545=CARTESIAN_POINT('',(-0.0188874620910711,0.,-0.0383710086279304));
#10546=CARTESIAN_POINT('',(-0.0191065053977975,0.,-0.0386708778037412));
#10547=CARTESIAN_POINT('',(-0.0194059539026613,0.,-0.0390400489540332));
#10548=CARTESIAN_POINT('',(-0.0197944904613824,0.,-0.0394730205459615));
#10549=CARTESIAN_POINT('',(-0.0202783017605707,0.,-0.0399610135910382));
#10550=CARTESIAN_POINT('',(-0.0208651690404204,0.,-0.0404953289814518));
#10551=CARTESIAN_POINT('',(-0.0215550494353321,0.,-0.0410677413753868));
#10552=CARTESIAN_POINT('',(-0.0220880493429409,0.,-0.0414552864030585));
#10553=CARTESIAN_POINT('',(-0.0223619577924954,0.,-0.0416544456452023));
#10554=CARTESIAN_POINT('',(-0.0220654819600268,0.,-0.0360726281899406));
#10555=CARTESIAN_POINT('',(-0.0220732449518986,0.,-0.0360859459298671));
#10556=CARTESIAN_POINT('',(-0.0220944536326051,0.,-0.0361223303160026));
#10557=CARTESIAN_POINT('',(-0.0221706579674107,0.,-0.0362703181932176));
#10558=CARTESIAN_POINT('',(-0.0222773058366945,0.,-0.0365074262585674));
#10559=CARTESIAN_POINT('',(-0.022413124482824,0.,-0.0368530485787184));
#10560=CARTESIAN_POINT('',(-0.0225643734616829,0.,-0.0373036931078845));
#10561=CARTESIAN_POINT('',(-0.0227217551687053,0.,-0.037863743154911));
#10562=CARTESIAN_POINT('',(-0.0228745422662955,0.,-0.0385337182948046));
#10563=CARTESIAN_POINT('',(-0.0230112204578074,0.,-0.0393155272308984));
#10564=CARTESIAN_POINT('',(-0.0231248678259858,0.,-0.0402047264120271));
#10565=CARTESIAN_POINT('',(-0.0231664872830203,0.,-0.0408624101283987));
#10566=CARTESIAN_POINT('',(-0.0231878755061417,0.,-0.0412003935397968));
#10567=CARTESIAN_POINT('',(-0.0224460223055207,0.,-0.0369561767362804));
#10568=CARTESIAN_POINT('',(-0.0230342275113048,0.,-0.0367510223219485));
#10569=CARTESIAN_POINT('',(-0.0227033922902764,0.,-0.0362231759860151));
#10570=CARTESIAN_POINT('',(0.,0.,0.));
#10571=CARTESIAN_POINT('',(-0.0231090752729061,0.,-0.035965721736553));
#10572=CARTESIAN_POINT('',(-0.0234458221311696,0.,-0.036489816433417));
#10573=CARTESIAN_POINT('',(-0.0238818969910035,0.,-0.0360449429520179));
#10574=CARTESIAN_POINT('',(-0.0232444645628246,0.,-0.0353244230787363));
#10575=CARTESIAN_POINT('',(-0.0232532094930081,0.,-0.0353371176616612));
#10576=CARTESIAN_POINT('',(-0.0232771008528247,0.,-0.0353717995678644));
#10577=CARTESIAN_POINT('',(-0.0233785580598782,0.,-0.0355037614850324));
#10578=CARTESIAN_POINT('',(-0.0235476913975339,0.,-0.0357012150663372));
#10579=CARTESIAN_POINT('',(-0.0238025910558123,0.,-0.0359712662782075));
#10580=CARTESIAN_POINT('',(-0.024145947733779,0.,-0.0362999955543129));
#10581=CARTESIAN_POINT('',(-0.0245856862953423,0.,-0.036680856492654));
#10582=CARTESIAN_POINT('',(-0.0251268443442254,0.,-0.0371043639322515));
#10583=CARTESIAN_POINT('',(-0.0257760514759084,0.,-0.0375609121123628));
#10584=CARTESIAN_POINT('',(-0.0265322342541131,0.,-0.0380423459229335));
#10585=CARTESIAN_POINT('',(-0.027109603569721,0.,-0.0383600324403978));
#10586=CARTESIAN_POINT('',(-0.0274063134411503,0.,-0.038523291420748));
#10587=CARTESIAN_POINT('',(-0.02641258817834,0.,-0.0330226465380862));
#10588=CARTESIAN_POINT('',(-0.026421959112111,0.,-0.0330348863027821));
#10589=CARTESIAN_POINT('',(-0.0264475607288011,0.,-0.0330683256346329));
#10590=CARTESIAN_POINT('',(-0.0265417119688452,0.,-0.0332055956475414));
#10591=CARTESIAN_POINT('',(-0.02667723640836,0.,-0.0334274675226651));
#10592=CARTESIAN_POINT('',(-0.0268553020468743,0.,-0.0337533419174916));
#10593=CARTESIAN_POINT('',(-0.0270618391183874,0.,-0.0341814764563505));
#10594=CARTESIAN_POINT('',(-0.027288172706994,0.,-0.0347173851832324));
#10595=CARTESIAN_POINT('',(-0.0275237251833751,0.,-0.0353629280680482));
#10596=CARTESIAN_POINT('',(-0.0277573122685131,0.,-0.0361214418874659));
#10597=CARTESIAN_POINT('',(-0.0279815097019022,0.,-0.0369893856753207));
#10598=CARTESIAN_POINT('',(-0.0281052306039223,0.,-0.0376366670580187));
#10599=CARTESIAN_POINT('',(-0.0281688107283577,0.,-0.0379693047141032));
#10600=CARTESIAN_POINT('',(-0.0269008658458717,0.,-0.0338515336882325));
#10601=CARTESIAN_POINT('',(-0.0274587202117916,0.,-0.033574275317294));
#10602=CARTESIAN_POINT('',(-0.0270643370371891,0.,-0.0330920558554079));
#10603=CARTESIAN_POINT('',(0.,0.,0.));
#10604=CARTESIAN_POINT('',(-0.0274345535147491,0.,-0.0327857861495857));
#10605=CARTESIAN_POINT('',(-0.0278343315065057,0.,-0.0332635426305867));
#10606=CARTESIAN_POINT('',(-0.0282112103538698,0.,-0.0327675224372065));
#10607=CARTESIAN_POINT('',(-0.0274884991852132,0.,-0.0321325755457371));
#10608=CARTESIAN_POINT('',(-0.027498766212137,0.,-0.0321440739977066));
#10609=CARTESIAN_POINT('',(-0.027526815976896,0.,-0.0321754880453404));
#10610=CARTESIAN_POINT('',(-0.027644012377354,0.,-0.032293693443548));
#10611=CARTESIAN_POINT('',(-0.0278365595439485,0.,-0.0324683920162758));
#10612=CARTESIAN_POINT('',(-0.0281232956338982,0.,-0.0327043663952737));
#10613=CARTESIAN_POINT('',(-0.0285051455450451,0.,-0.0329874695401347));
#10614=CARTESIAN_POINT('',(-0.0289891511696474,0.,-0.0333102134203758));
#10615=CARTESIAN_POINT('',(-0.0295791215825224,0.,-0.0336625562891808));
#10616=CARTESIAN_POINT('',(-0.0302804301817545,0.,-0.0340341372214607));
#10617=CARTESIAN_POINT('',(-0.0310909898891182,0.,-0.0344169999498796));
#10618=CARTESIAN_POINT('',(-0.0317036231537143,0.,-0.0346598178509794));
#10619=CARTESIAN_POINT('',(-0.0320184551551001,0.,-0.0347846018778898));
#10620=CARTESIAN_POINT('',(-0.0303431521029656,0.,-0.0294518780235533));
#10621=CARTESIAN_POINT('',(-0.0303539831934122,0.,-0.0294628467846176));
#10622=CARTESIAN_POINT('',(-0.0303835739932969,0.,-0.0294928137039448));
#10623=CARTESIAN_POINT('',(-0.0304941873172809,0.,-0.0296172010224421));
#10624=CARTESIAN_POINT('',(-0.0306564510256572,0.,-0.0298203376553291));
#10625=CARTESIAN_POINT('',(-0.0308739554550655,0.,-0.0301213248909568));
#10626=CARTESIAN_POINT('',(-0.0311325234062359,0.,-0.0305201975020756));
#10627=CARTESIAN_POINT('',(-0.0314242394605292,0.,-0.0310235133080536));
#10628=CARTESIAN_POINT('',(-0.0317388425124363,0.,-0.0316344433408694));
#10629=CARTESIAN_POINT('',(-0.0320656546833298,0.,-0.0323576998275646));
#10630=CARTESIAN_POINT('',(-0.032396866454476,0.,-0.0331907002301264));
#10631=CARTESIAN_POINT('',(-0.0326007376489495,0.,-0.0338173712650787));
#10632=CARTESIAN_POINT('',(-0.0327055069781556,0.,-0.0341394172713049));
#10633=CARTESIAN_POINT('',(-0.030931466662035,0.,-0.0302130317319951));
#10634=CARTESIAN_POINT('',(-0.0314501724914941,0.,-0.0298680419345859));
#10635=CARTESIAN_POINT('',(-0.0309984610215741,0.,-0.0294390542357249));
#10636=CARTESIAN_POINT('',(0.,0.,0.));
#10637=CARTESIAN_POINT('',(-0.0313273724590568,0.,-0.02908879912976));
#10638=CARTESIAN_POINT('',(-0.0317838768465606,0.,-0.0295126828897948));
#10639=CARTESIAN_POINT('',(-0.0320956160768954,0.,-0.0289733385191913));
#10640=CARTESIAN_POINT('',(-0.0312990237546176,0.,-0.0284339781013112));
#10641=CARTESIAN_POINT('',(-0.0313106509611338,0.,-0.0284440990848692));
#10642=CARTESIAN_POINT('',(-0.0313424167692889,0.,-0.0284717498556365));
#10643=CARTESIAN_POINT('',(-0.0314735041059066,0.,-0.0285743345651415));
#10644=CARTESIAN_POINT('',(-0.0316864285176005,0.,-0.0287235230284405));
#10645=CARTESIAN_POINT('',(-0.0320004790397951,0.,-0.0289216991176449));
#10646=CARTESIAN_POINT('',(-0.0324148001829172,0.,-0.0291547114255497));
#10647=CARTESIAN_POINT('',(-0.0329354398127278,0.,-0.0294142483839014));
#10648=CARTESIAN_POINT('',(-0.0335649184037522,0.,-0.0296898700243931));
#10649=CARTESIAN_POINT('',(-0.0343072684149822,0.,-0.0299706236555679));
#10650=CARTESIAN_POINT('',(-0.0351594220407149,0.,-0.0302488773278969));
#10651=CARTESIAN_POINT('',(-0.0357976576617471,0.,-0.0304129972292795));
#10652=CARTESIAN_POINT('',(-0.0361256467043561,0.,-0.0304973383841033));
#10653=CARTESIAN_POINT('',(-0.0337951863928069,0.,-0.0254166357988898));
#10654=CARTESIAN_POINT('',(-0.0338073068271626,0.,-0.0254261605724083));
#10655=CARTESIAN_POINT('',(-0.0338404201456511,0.,-0.0254521824829925));
#10656=CARTESIAN_POINT('',(-0.0339657511153786,0.,-0.0255617254447606));
#10657=CARTESIAN_POINT('',(-0.0341521950970036,0.,-0.0257429232493624));
#10658=CARTESIAN_POINT('',(-0.0344057081425235,0.,-0.0260142765772842));
#10659=CARTESIAN_POINT('',(-0.0347122292023,0.,-0.0263775968013106));
#10660=CARTESIAN_POINT('',(-0.0350647271858411,0.,-0.0268403820954581));
#10661=CARTESIAN_POINT('',(-0.0354534193352109,0.,-0.0274070645447045));
#10662=CARTESIAN_POINT('',(-0.0358683025686967,0.,-0.0280836575118297));
#10663=CARTESIAN_POINT('',(-0.0363013052701127,0.,-0.0288685776151399));
#10664=CARTESIAN_POINT('',(-0.0365821115865161,0.,-0.0294647553257699));
#10665=CARTESIAN_POINT('',(-0.0367264178455851,0.,-0.0297711308242389));
#10666=CARTESIAN_POINT('',(-0.0344742597713754,0.,-0.0260980522169539));
#10667=CARTESIAN_POINT('',(-0.0349456367635834,0.,-0.0256907716882658));
#10668=CARTESIAN_POINT('',(-0.0344437207580658,0.,-0.025321781144706));
#10669=CARTESIAN_POINT('',(0.,0.,0.));
#10670=CARTESIAN_POINT('',(-0.0347261400256199,0.,-0.0249330643708518));
#10671=CARTESIAN_POINT('',(-0.0352321714619775,0.,-0.0252963905098086));
#10672=CARTESIAN_POINT('',(-0.0354738547613968,0.,-0.0247222277448949));
#10673=CARTESIAN_POINT('',(-0.0346159440222812,0.,-0.0242869598365926));
#10674=CARTESIAN_POINT('',(-0.0346287480403972,0.,-0.0242955437377823));
#10675=CARTESIAN_POINT('',(-0.034663728926178,0.,-0.0243189951625103));
#10676=CARTESIAN_POINT('',(-0.034806639873349,0.,-0.0244043413611627));
#10677=CARTESIAN_POINT('',(-0.0350365835849749,0.,-0.0245256669238457));
#10678=CARTESIAN_POINT('',(-0.0353729957750748,0.,-0.0246829193679452));
#10679=CARTESIAN_POINT('',(-0.0358132540582417,0.,-0.0248621660956032));
#10680=CARTESIAN_POINT('',(-0.0363623168952834,0.,-0.0250544030791925));
#10681=CARTESIAN_POINT('',(-0.0370213764110446,0.,-0.0252489567734521));
#10682=CARTESIAN_POINT('',(-0.0377930605311369,0.,-0.0254344554510442));
#10683=CARTESIAN_POINT('',(-0.0386733691035088,0.,-0.0256037118406499));
#10684=CARTESIAN_POINT('',(-0.03932714172397,0.,-0.0256865454734299));
#10685=CARTESIAN_POINT('',(-0.0396631152246691,0.,-0.0257291136457726));
#10686=CARTESIAN_POINT('',(-0.0367142504049678,0.,-0.0209805580445156));
#10687=CARTESIAN_POINT('',(-0.0367274690367425,0.,-0.02098848861912));
#10688=CARTESIAN_POINT('',(-0.0367635826570213,0.,-0.0210101551398866));
#10689=CARTESIAN_POINT('',(-0.0369016547282305,0.,-0.0211031261869806));
#10690=CARTESIAN_POINT('',(-0.0371093386501377,0.,-0.0212595275656762));
#10691=CARTESIAN_POINT('',(-0.0373948622595999,0.,-0.0214969675818124));
#10692=CARTESIAN_POINT('',(-0.0377445024077633,0.,-0.0218190056417765));
#10693=CARTESIAN_POINT('',(-0.0381522232167796,0.,-0.0222339620235502));
#10694=CARTESIAN_POINT('',(-0.0386088745562231,0.,-0.0227474599684829));
#10695=CARTESIAN_POINT('',(-0.0391052858958699,0.,-0.0233667191407694));
#10696=CARTESIAN_POINT('',(-0.0396332508162911,0.,-0.0240911802859101));
#10697=CARTESIAN_POINT('',(-0.0399865637712691,0.,-0.0246474625935822));
#10698=CARTESIAN_POINT('',(-0.0401681311642911,0.,-0.0249333358596631));
#10699=CARTESIAN_POINT('',(-0.0374733732101968,0.,-0.0215714908282305));
#10700=CARTESIAN_POINT('',(-0.0378899874683994,0.,-0.0211083426254988));
#10701=CARTESIAN_POINT('',(-0.0373457824425213,0.,-0.0208051684385363));
#10702=CARTESIAN_POINT('',(0.,0.,0.));
#10703=CARTESIAN_POINT('',(-0.0375772556195884,0.,-0.0203841202925245));
#10704=CARTESIAN_POINT('',(-0.03812483368676,0.,-0.0206811589401515));
#10705=CARTESIAN_POINT('',(-0.0382926495652571,0.,-0.0200812326707187));
#10706=CARTESIAN_POINT('',(-0.0373869501741507,0.,-0.0197569217069244));
#10707=CARTESIAN_POINT('',(-0.0374007290768522,0.,-0.0197638331524961));
#10708=CARTESIAN_POINT('',(-0.0374383733707931,0.,-0.0197827153882077));
#10709=CARTESIAN_POINT('',(-0.0375908541375099,0.,-0.0198494771154713));
#10710=CARTESIAN_POINT('',(-0.0378341907993738,0.,-0.0199410264009386));
#10711=CARTESIAN_POINT('',(-0.0381876592361782,0.,-0.0200548752349517));
#10712=CARTESIAN_POINT('',(-0.0386469115232667,0.,-0.0201775295543909));
#10713=CARTESIAN_POINT('',(-0.0392157385186051,0.,-0.0202994348711498));
#10714=CARTESIAN_POINT('',(-0.0398939851968364,0.,-0.0204098523911981));
#10715=CARTESIAN_POINT('',(-0.0406828335062354,0.,-0.0204971706902502));
#10716=CARTESIAN_POINT('',(-0.0415774140331895,0.,-0.0205547605227597));
#10717=CARTESIAN_POINT('',(-0.0422364132683102,0.,-0.0205550015510658));
#10718=CARTESIAN_POINT('',(-0.0425750727242924,0.,-0.0205551254154206));
#10719=CARTESIAN_POINT('',(-0.0390543087562123,0.,-0.0162136043566014));
#10720=CARTESIAN_POINT('',(-0.0390684171196864,0.,-0.0162198156623927));
#10721=CARTESIAN_POINT('',(-0.0391069615083905,0.,-0.0162367850993664));
#10722=CARTESIAN_POINT('',(-0.0392555972020383,0.,-0.0163117180228353));
#10723=CARTESIAN_POINT('',(-0.0394812457647149,0.,-0.0164408564324532));
#10724=CARTESIAN_POINT('',(-0.0397942770602346,0.,-0.0166406385659094));
#10725=CARTESIAN_POINT('',(-0.0401815222627833,0.,-0.0169163157292293));
#10726=CARTESIAN_POINT('',(-0.0406380358965562,0.,-0.0172768990886059));
#10727=CARTESIAN_POINT('',(-0.0411554447616599,0.,-0.0177291143598844));
#10728=CARTESIAN_POINT('',(-0.0417255555040998,0.,-0.0182812736502578));
#10729=CARTESIAN_POINT('',(-0.0423401563213402,0.,-0.0189338506521981));
#10730=CARTESIAN_POINT('',(-0.0427604039585339,0.,-0.0194414646526131));
#10731=CARTESIAN_POINT('',(-0.0429763690592578,0.,-0.0197023272941275));
#10732=CARTESIAN_POINT('',(-0.0398815091679851,0.,-0.016704734142962));
#10733=CARTESIAN_POINT('',(-0.0402367904364574,0.,-0.0161930223900149));
#10734=CARTESIAN_POINT('',(-0.0396588788285693,0.,-0.0159604457976855));
#10735=CARTESIAN_POINT('',(0.,0.,0.));
#10736=CARTESIAN_POINT('',(-0.0398357554448716,0.,-0.015513706460301));
#10737=CARTESIAN_POINT('',(-0.0404162445096305,0.,-0.0157397731396827));
#10738=CARTESIAN_POINT('',(-0.0405075464105533,0.,-0.0151235445613781));
#10739=CARTESIAN_POINT('',(-0.0395683417878924,0.,-0.014915305119725));
#10740=CARTESIAN_POINT('',(-0.0395828782736527,0.,-0.0149204351120535));
#10741=CARTESIAN_POINT('',(-0.0396225923027507,0.,-0.0149344503746118));
#10742=CARTESIAN_POINT('',(-0.0397822381762344,0.,-0.0149815747581662));
#10743=CARTESIAN_POINT('',(-0.0400351302238165,0.,-0.0150419039794969));
#10744=CARTESIAN_POINT('',(-0.0404000804989252,0.,-0.0151105537393012));
#10745=CARTESIAN_POINT('',(-0.040871084107024,0.,-0.0151746813186339));
#10746=CARTESIAN_POINT('',(-0.0414507045191417,0.,-0.0152243324488944));
#10747=CARTESIAN_POINT('',(-0.0421374420045626,0.,-0.0152488724444802));
#10748=CARTESIAN_POINT('',(-0.042931013894194,0.,-0.0152366333032548));
#10749=CARTESIAN_POINT('',(-0.0438257583064236,0.,-0.0151816483526069));
#10750=CARTESIAN_POINT('',(-0.0444795913445988,0.,-0.0150992929752788));
#10751=CARTESIAN_POINT('',(-0.044815595893938,0.,-0.0150569705782307));
#10752=CARTESIAN_POINT('',(-0.0407784573284581,0.,-0.011190952442446));
#10753=CARTESIAN_POINT('',(-0.0407932329263117,0.,-0.0111953465234213));
#10754=CARTESIAN_POINT('',(-0.0408336002154059,0.,-0.0112073512584439));
#10755=CARTESIAN_POINT('',(-0.0409904554578127,0.,-0.011263064321322));
#10756=CARTESIAN_POINT('',(-0.0412305100486294,0.,-0.0113629031719988));
#10757=CARTESIAN_POINT('',(-0.0415661123396805,0.,-0.0115218767391864));
#10758=CARTESIAN_POINT('',(-0.0419848555084413,0.,-0.011746845412315));
#10759=CARTESIAN_POINT('',(-0.042482962474258,0.,-0.0120473691343149));
#10760=CARTESIAN_POINT('',(-0.0430529690181344,0.,-0.012431170026971));
#10761=CARTESIAN_POINT('',(-0.0436877881763914,0.,-0.0129075215535781));
#10762=CARTESIAN_POINT('',(-0.0443793322684183,0.,-0.0134779228831668));
#10763=CARTESIAN_POINT('',(-0.0448598870315454,0.,-0.0139288632003043));
#10764=CARTESIAN_POINT('',(-0.0451068439413216,0.,-0.0141606012575637));
#10765=CARTESIAN_POINT('',(-0.0416606899021357,0.,-0.0115745338213345));
#10766=CARTESIAN_POINT('',(-0.0419490351830389,0.,-0.0110223285181978));
#10767=CARTESIAN_POINT('',(-0.0413465310044248,0.,-0.0108640173922972));
#10768=CARTESIAN_POINT('',(0.,0.,0.));
#10769=CARTESIAN_POINT('',(-0.0414660216100623,0.,-0.0103986322097594));
#10770=CARTESIAN_POINT('',(-0.04207026701309,0.,-0.0105501617143164));
#10771=CARTESIAN_POINT('',(-0.0420836150509198,0.,-0.00992734911993708));
#10772=CARTESIAN_POINT('',(-0.0411257170146574,0.,-0.00983846526081612));
#10773=CARTESIAN_POINT('',(-0.0411407818344123,0.,-0.00984173289685784));
#10774=CARTESIAN_POINT('',(-0.0411819392847046,0.,-0.00985066015720001));
#10775=CARTESIAN_POINT('',(-0.0413462325541625,0.,-0.00987740401736585));
#10776=CARTESIAN_POINT('',(-0.0416046917288021,0.,-0.00990556174670077));
#10777=CARTESIAN_POINT('',(-0.0419753683583658,0.,-0.00992792978457469));
#10778=CARTESIAN_POINT('',(-0.0424506952792112,0.,-0.00993251929356698));
#10779=CARTESIAN_POINT('',(-0.0430319681479608,0.,-0.00990913320934465));
#10780=CARTESIAN_POINT('',(-0.0437163661801891,0.,-0.00984740867007783));
#10781=CARTESIAN_POINT('',(-0.0445021465472964,0.,-0.00973580510714343));
#10782=CARTESIAN_POINT('',(-0.0453829441909263,0.,-0.00956911251885624));
#10783=CARTESIAN_POINT('',(-0.0460212996945631,0.,-0.00940545952939107));
#10784=CARTESIAN_POINT('',(-0.0463493503447969,0.,-0.00932135832042381));
#10785=CARTESIAN_POINT('',(-0.0418595052687645,0.,-0.00599181252312216));
#10786=CARTESIAN_POINT('',(-0.041874715080993,0.,-0.00599432008199969));
#10787=CARTESIAN_POINT('',(-0.041916268654214,0.,-0.00600117079322861));
#10788=CARTESIAN_POINT('',(-0.0420788697445063,0.,-0.00603678536723283));
#10789=CARTESIAN_POINT('',(-0.0423295445591643,0.,-0.00610575014065266));
#10790=CARTESIAN_POINT('',(-0.0426824251971377,0.,-0.00622140803345085));
#10791=CARTESIAN_POINT('',(-0.0431260625021943,0.,-0.00639212032602323));
#10792=CARTESIAN_POINT('',(-0.0436579073556491,0.,-0.00662784497202638));
#10793=CARTESIAN_POINT('',(-0.0442715222345959,0.,-0.00693717871671124));
#10794=CARTESIAN_POINT('',(-0.0449610383313216,0.,-0.00733021013141877));
#10795=CARTESIAN_POINT('',(-0.0457186196346954,0.,-0.00780944021894704));
#10796=CARTESIAN_POINT('',(-0.0462519028880718,0.,-0.00819659525462715));
#10797=CARTESIAN_POINT('',(-0.0465259569489083,0.,-0.00839555408003492));
#10798=CARTESIAN_POINT('',(-0.0427828566696397,0.,-0.00626179618705313));
#10799=CARTESIAN_POINT('',(-0.0429997185856449,0.,-0.00567780594122886));
#10800=CARTESIAN_POINT('',(-0.0423821236871202,0.,-0.00559625694278293));
#10801=CARTESIAN_POINT('',(0.,0.,0.));
#10802=CARTESIAN_POINT('',(-0.0424423438438617,0.,-0.00511956531742811));
#10803=CARTESIAN_POINT('',(-0.0430608162741937,0.,-0.00519416793635418));
#10804=CARTESIAN_POINT('',(-0.0429959999424003,0.,-0.00457459345256371));
#10805=CARTESIAN_POINT('',(-0.0420345151167887,0.,-0.00460646692752991));
#10806=CARTESIAN_POINT('',(-0.0420498706893314,0.,-0.0046078206747125));
#10807=CARTESIAN_POINT('',(-0.0420918224832406,0.,-0.00461151914461003));
#10808=CARTESIAN_POINT('',(-0.0422581721456694,0.,-0.00461746071473645));
#10809=CARTESIAN_POINT('',(-0.0425181223917863,0.,-0.00461300288786332));
#10810=CARTESIAN_POINT('',(-0.0428886795839254,0.,-0.00458873644648765));
#10811=CARTESIAN_POINT('',(-0.0433608336280291,0.,-0.004533715505841));
#10812=CARTESIAN_POINT('',(-0.0439345919330349,0.,-0.00443766101965425));
#10813=CARTESIAN_POINT('',(-0.0446058571462627,0.,-0.00429064537839157));
#10814=CARTESIAN_POINT('',(-0.0453714537650542,0.,-0.00408143744860437));
#10815=CARTESIAN_POINT('',(-0.0462244139350814,0.,-0.00380566606437253));
#10816=CARTESIAN_POINT('',(-0.0468372246565523,0.,-0.0035632963681757));
#10817=CARTESIAN_POINT('',(-0.0471521478529585,0.,-0.00343874267359429));
#10818=CARTESIAN_POINT('',(-0.0422804038053261,0.,-0.000698178140973396));
#10819=CARTESIAN_POINT('',(-0.0422958079641047,0.,-0.000698759632051705));
#10820=CARTESIAN_POINT('',(-0.0423378924967799,0.,-0.000700348279678441));
#10821=CARTESIAN_POINT('',(-0.0425036751186307,0.,-0.000715302701701661));
#10822=CARTESIAN_POINT('',(-0.0427610168655569,0.,-0.000752305782190083));
#10823=CARTESIAN_POINT('',(-0.0431256107119911,0.,-0.000822824006538772));
#10824=CARTESIAN_POINT('',(-0.0435871457280266,0.,-0.000936587683722443));
#10825=CARTESIAN_POINT('',(-0.044144340958072,0.,-0.00110379573524629));
#10826=CARTESIAN_POINT('',(-0.0447918870988922,0.,-0.00133378395401923));
#10827=CARTESIAN_POINT('',(-0.0455252260533444,0.,-0.00163729691663172));
#10828=CARTESIAN_POINT('',(-0.0463368970583538,0.,-0.00201779801734103));
#10829=CARTESIAN_POINT('',(-0.0469144986065059,0.,-0.00233506210537586));
#10830=CARTESIAN_POINT('',(-0.0472113278221511,0.,-0.0024981039994031));
#10831=CARTESIAN_POINT('',(-0.0432303122302237,0.,-0.00085030628628625));
#10832=CARTESIAN_POINT('',(-0.0433722707393685,0.,-0.000243740972809842));
#10833=CARTESIAN_POINT('',(-0.0427493249614162,0.,-0.000240240178239082));
#10834=CARTESIAN_POINT('',(0.,0.,0.));
#10835=CARTESIAN_POINT('',(-0.0427493249614162,0.,0.000240240178239093));
#10836=CARTESIAN_POINT('',(-0.0433722707393686,0.,0.000243740972809853));
#10837=CARTESIAN_POINT('',(-0.0432303122302237,0.,0.000850306286286265));
#10838=CARTESIAN_POINT('',(-0.0422804038053261,0.,0.000698178140973406));
#10839=CARTESIAN_POINT('',(-0.0422958079641047,0.,0.000698759632051716));
#10840=CARTESIAN_POINT('',(-0.0423378924967799,0.,0.000700348279678451));
#10841=CARTESIAN_POINT('',(-0.0425036751186307,0.,0.000715302701701672));
#10842=CARTESIAN_POINT('',(-0.0427610168655569,0.,0.000752305782190093));
#10843=CARTESIAN_POINT('',(-0.0431256107119911,0.,0.000822824006538783));
#10844=CARTESIAN_POINT('',(-0.0435871457280266,0.,0.000936587683722454));
#10845=CARTESIAN_POINT('',(-0.044144340958072,0.,0.0011037957352463));
#10846=CARTESIAN_POINT('',(-0.0447918870988922,0.,0.00133378395401924));
#10847=CARTESIAN_POINT('',(-0.0455252260533444,0.,0.00163729691663173));
#10848=CARTESIAN_POINT('',(-0.0463368970583538,0.,0.00201779801734105));
#10849=CARTESIAN_POINT('',(-0.0469144986065059,0.,0.00233506210537587));
#10850=CARTESIAN_POINT('',(-0.0472113278221511,0.,0.00249810399940312));
#10851=CARTESIAN_POINT('',(-0.0420345151167887,0.,0.0046064669275299));
#10852=CARTESIAN_POINT('',(-0.0420498706893314,0.,0.00460782067471249));
#10853=CARTESIAN_POINT('',(-0.0420918224832406,0.,0.00461151914461002));
#10854=CARTESIAN_POINT('',(-0.0422581721456694,0.,0.00461746071473645));
#10855=CARTESIAN_POINT('',(-0.0425181223917863,0.,0.00461300288786331));
#10856=CARTESIAN_POINT('',(-0.0428886795839254,0.,0.00458873644648764));
#10857=CARTESIAN_POINT('',(-0.0433608336280291,0.,0.00453371550584099));
#10858=CARTESIAN_POINT('',(-0.0439345919330349,0.,0.00443766101965424));
#10859=CARTESIAN_POINT('',(-0.0446058571462627,0.,0.00429064537839156));
#10860=CARTESIAN_POINT('',(-0.0453714537650542,0.,0.00408143744860436));
#10861=CARTESIAN_POINT('',(-0.0462244139350814,0.,0.00380566606437252));
#10862=CARTESIAN_POINT('',(-0.0468372246565523,0.,0.00356329636817569));
#10863=CARTESIAN_POINT('',(-0.0471521478529585,0.,0.00343874267359428));
#10864=CARTESIAN_POINT('',(-0.0429959999424003,0.,0.0045745934525637));
#10865=CARTESIAN_POINT('',(-0.0430608162741937,0.,0.00519416793635417));
#10866=CARTESIAN_POINT('',(-0.0424423438438617,0.,0.0051195653174281));
#10867=CARTESIAN_POINT('',(0.,0.,0.));
#10868=CARTESIAN_POINT('',(-0.0423821236871202,0.,0.00559625694278292));
#10869=CARTESIAN_POINT('',(-0.0429997185856449,0.,0.00567780594122886));
#10870=CARTESIAN_POINT('',(-0.0427828566696397,0.,0.00626179618705313));
#10871=CARTESIAN_POINT('',(-0.0418595052687645,0.,0.00599181252312215));
#10872=CARTESIAN_POINT('',(-0.041874715080993,0.,0.00599432008199968));
#10873=CARTESIAN_POINT('',(-0.041916268654214,0.,0.0060011707932286));
#10874=CARTESIAN_POINT('',(-0.0420788697445063,0.,0.00603678536723282));
#10875=CARTESIAN_POINT('',(-0.0423295445591643,0.,0.00610575014065266));
#10876=CARTESIAN_POINT('',(-0.0426824251971377,0.,0.00622140803345084));
#10877=CARTESIAN_POINT('',(-0.0431260625021943,0.,0.00639212032602322));
#10878=CARTESIAN_POINT('',(-0.0436579073556491,0.,0.00662784497202638));
#10879=CARTESIAN_POINT('',(-0.0442715222345959,0.,0.00693717871671123));
#10880=CARTESIAN_POINT('',(-0.0449610383313216,0.,0.00733021013141876));
#10881=CARTESIAN_POINT('',(-0.0457186196346954,0.,0.00780944021894703));
#10882=CARTESIAN_POINT('',(-0.0462519028880718,0.,0.00819659525462715));
#10883=CARTESIAN_POINT('',(-0.0465259569489083,0.,0.00839555408003491));
#10884=CARTESIAN_POINT('',(-0.0411257170146574,0.,0.00983846526081611));
#10885=CARTESIAN_POINT('',(-0.0411407818344123,0.,0.00984173289685784));
#10886=CARTESIAN_POINT('',(-0.0411819392847046,0.,0.0098506601572));
#10887=CARTESIAN_POINT('',(-0.0413462325541625,0.,0.00987740401736585));
#10888=CARTESIAN_POINT('',(-0.0416046917288021,0.,0.00990556174670076));
#10889=CARTESIAN_POINT('',(-0.0419753683583658,0.,0.00992792978457468));
#10890=CARTESIAN_POINT('',(-0.0424506952792112,0.,0.00993251929356697));
#10891=CARTESIAN_POINT('',(-0.0430319681479608,0.,0.00990913320934464));
#10892=CARTESIAN_POINT('',(-0.0437163661801891,0.,0.00984740867007782));
#10893=CARTESIAN_POINT('',(-0.0445021465472964,0.,0.00973580510714342));
#10894=CARTESIAN_POINT('',(-0.0453829441909263,0.,0.00956911251885623));
#10895=CARTESIAN_POINT('',(-0.0460212996945631,0.,0.00940545952939106));
#10896=CARTESIAN_POINT('',(-0.0463493503447969,0.,0.0093213583204238));
#10897=CARTESIAN_POINT('',(-0.0420836150509198,0.,0.00992734911993708));
#10898=CARTESIAN_POINT('',(-0.04207026701309,0.,0.0105501617143164));
#10899=CARTESIAN_POINT('',(-0.0414660216100623,0.,0.0103986322097594));
#10900=CARTESIAN_POINT('',(0.,0.,0.));
#10901=CARTESIAN_POINT('',(-0.0413465310044248,0.,0.0108640173922972));
#10902=CARTESIAN_POINT('',(-0.0419490351830389,0.,0.0110223285181978));
#10903=CARTESIAN_POINT('',(-0.0416606899021357,0.,0.0115745338213345));
#10904=CARTESIAN_POINT('',(-0.0407784573284581,0.,0.011190952442446));
#10905=CARTESIAN_POINT('',(-0.0407932329263117,0.,0.0111953465234213));
#10906=CARTESIAN_POINT('',(-0.0408336002154059,0.,0.0112073512584439));
#10907=CARTESIAN_POINT('',(-0.0409904554578127,0.,0.0112630643213219));
#10908=CARTESIAN_POINT('',(-0.0412305100486294,0.,0.0113629031719988));
#10909=CARTESIAN_POINT('',(-0.0415661123396805,0.,0.0115218767391864));
#10910=CARTESIAN_POINT('',(-0.0419848555084413,0.,0.011746845412315));
#10911=CARTESIAN_POINT('',(-0.042482962474258,0.,0.0120473691343149));
#10912=CARTESIAN_POINT('',(-0.0430529690181344,0.,0.012431170026971));
#10913=CARTESIAN_POINT('',(-0.0436877881763914,0.,0.0129075215535781));
#10914=CARTESIAN_POINT('',(-0.0443793322684183,0.,0.0134779228831668));
#10915=CARTESIAN_POINT('',(-0.0448598870315454,0.,0.0139288632003043));
#10916=CARTESIAN_POINT('',(-0.0451068439413216,0.,0.0141606012575637));
#10917=CARTESIAN_POINT('',(-0.0395683417878924,0.,0.014915305119725));
#10918=CARTESIAN_POINT('',(-0.0395828782736527,0.,0.0149204351120535));
#10919=CARTESIAN_POINT('',(-0.0396225923027507,0.,0.0149344503746118));
#10920=CARTESIAN_POINT('',(-0.0397822381762344,0.,0.0149815747581662));
#10921=CARTESIAN_POINT('',(-0.0400351302238165,0.,0.0150419039794969));
#10922=CARTESIAN_POINT('',(-0.0404000804989252,0.,0.0151105537393012));
#10923=CARTESIAN_POINT('',(-0.040871084107024,0.,0.0151746813186339));
#10924=CARTESIAN_POINT('',(-0.0414507045191417,0.,0.0152243324488944));
#10925=CARTESIAN_POINT('',(-0.0421374420045626,0.,0.0152488724444802));
#10926=CARTESIAN_POINT('',(-0.042931013894194,0.,0.0152366333032548));
#10927=CARTESIAN_POINT('',(-0.0438257583064236,0.,0.0151816483526069));
#10928=CARTESIAN_POINT('',(-0.0444795913445988,0.,0.0150992929752788));
#10929=CARTESIAN_POINT('',(-0.044815595893938,0.,0.0150569705782307));
#10930=CARTESIAN_POINT('',(-0.0405075464105533,0.,0.0151235445613781));
#10931=CARTESIAN_POINT('',(-0.0404162445096305,0.,0.0157397731396826));
#10932=CARTESIAN_POINT('',(-0.0398357554448716,0.,0.015513706460301));
#10933=CARTESIAN_POINT('',(0.,0.,0.));
#10934=CARTESIAN_POINT('',(-0.0396588788285693,0.,0.0159604457976855));
#10935=CARTESIAN_POINT('',(-0.0402367904364574,0.,0.0161930223900149));
#10936=CARTESIAN_POINT('',(-0.0398815091679851,0.,0.016704734142962));
#10937=CARTESIAN_POINT('',(-0.0390543087562123,0.,0.0162136043566014));
#10938=CARTESIAN_POINT('',(-0.0390684171196864,0.,0.0162198156623927));
#10939=CARTESIAN_POINT('',(-0.0391069615083905,0.,0.0162367850993664));
#10940=CARTESIAN_POINT('',(-0.0392555972020383,0.,0.0163117180228353));
#10941=CARTESIAN_POINT('',(-0.0394812457647149,0.,0.0164408564324532));
#10942=CARTESIAN_POINT('',(-0.0397942770602346,0.,0.0166406385659094));
#10943=CARTESIAN_POINT('',(-0.0401815222627833,0.,0.0169163157292293));
#10944=CARTESIAN_POINT('',(-0.0406380358965562,0.,0.0172768990886059));
#10945=CARTESIAN_POINT('',(-0.0411554447616599,0.,0.0177291143598844));
#10946=CARTESIAN_POINT('',(-0.0417255555040998,0.,0.0182812736502578));
#10947=CARTESIAN_POINT('',(-0.0423401563213402,0.,0.0189338506521981));
#10948=CARTESIAN_POINT('',(-0.0427604039585339,0.,0.0194414646526131));
#10949=CARTESIAN_POINT('',(-0.0429763690592578,0.,0.0197023272941275));
#10950=CARTESIAN_POINT('',(-0.0373869501741507,0.,0.0197569217069244));
#10951=CARTESIAN_POINT('',(-0.0374007290768522,0.,0.0197638331524961));
#10952=CARTESIAN_POINT('',(-0.0374383733707931,0.,0.0197827153882077));
#10953=CARTESIAN_POINT('',(-0.0375908541375099,0.,0.0198494771154713));
#10954=CARTESIAN_POINT('',(-0.0378341907993738,0.,0.0199410264009386));
#10955=CARTESIAN_POINT('',(-0.0381876592361782,0.,0.0200548752349517));
#10956=CARTESIAN_POINT('',(-0.0386469115232667,0.,0.0201775295543909));
#10957=CARTESIAN_POINT('',(-0.0392157385186051,0.,0.0202994348711498));
#10958=CARTESIAN_POINT('',(-0.0398939851968364,0.,0.0204098523911981));
#10959=CARTESIAN_POINT('',(-0.0406828335062355,0.,0.0204971706902502));
#10960=CARTESIAN_POINT('',(-0.0415774140331895,0.,0.0205547605227597));
#10961=CARTESIAN_POINT('',(-0.0422364132683102,0.,0.0205550015510658));
#10962=CARTESIAN_POINT('',(-0.0425750727242924,0.,0.0205551254154206));
#10963=CARTESIAN_POINT('',(-0.0382926495652571,0.,0.0200812326707187));
#10964=CARTESIAN_POINT('',(-0.03812483368676,0.,0.0206811589401514));
#10965=CARTESIAN_POINT('',(-0.0375772556195884,0.,0.0203841202925245));
#10966=CARTESIAN_POINT('',(0.,0.,0.));
#10967=CARTESIAN_POINT('',(-0.0373457824425213,0.,0.0208051684385363));
#10968=CARTESIAN_POINT('',(-0.0378899874683995,0.,0.0211083426254988));
#10969=CARTESIAN_POINT('',(-0.0374733732101968,0.,0.0215714908282305));
#10970=CARTESIAN_POINT('',(-0.0367142504049678,0.,0.0209805580445156));
#10971=CARTESIAN_POINT('',(-0.0367274690367425,0.,0.02098848861912));
#10972=CARTESIAN_POINT('',(-0.0367635826570213,0.,0.0210101551398866));
#10973=CARTESIAN_POINT('',(-0.0369016547282305,0.,0.0211031261869806));
#10974=CARTESIAN_POINT('',(-0.0371093386501377,0.,0.0212595275656762));
#10975=CARTESIAN_POINT('',(-0.0373948622595999,0.,0.0214969675818124));
#10976=CARTESIAN_POINT('',(-0.0377445024077633,0.,0.0218190056417765));
#10977=CARTESIAN_POINT('',(-0.0381522232167797,0.,0.0222339620235502));
#10978=CARTESIAN_POINT('',(-0.0386088745562231,0.,0.0227474599684829));
#10979=CARTESIAN_POINT('',(-0.03910528589587,0.,0.0233667191407694));
#10980=CARTESIAN_POINT('',(-0.0396332508162911,0.,0.0240911802859101));
#10981=CARTESIAN_POINT('',(-0.0399865637712691,0.,0.0246474625935822));
#10982=CARTESIAN_POINT('',(-0.0401681311642911,0.,0.0249333358596631));
#10983=CARTESIAN_POINT('',(-0.0346159440222812,0.,0.0242869598365926));
#10984=CARTESIAN_POINT('',(-0.0346287480403972,0.,0.0242955437377823));
#10985=CARTESIAN_POINT('',(-0.0346637289261779,0.,0.0243189951625103));
#10986=CARTESIAN_POINT('',(-0.034806639873349,0.,0.0244043413611627));
#10987=CARTESIAN_POINT('',(-0.0350365835849749,0.,0.0245256669238457));
#10988=CARTESIAN_POINT('',(-0.0353729957750748,0.,0.0246829193679452));
#10989=CARTESIAN_POINT('',(-0.0358132540582417,0.,0.0248621660956032));
#10990=CARTESIAN_POINT('',(-0.0363623168952834,0.,0.0250544030791925));
#10991=CARTESIAN_POINT('',(-0.0370213764110446,0.,0.0252489567734521));
#10992=CARTESIAN_POINT('',(-0.0377930605311369,0.,0.0254344554510442));
#10993=CARTESIAN_POINT('',(-0.0386733691035088,0.,0.0256037118406499));
#10994=CARTESIAN_POINT('',(-0.03932714172397,0.,0.0256865454734299));
#10995=CARTESIAN_POINT('',(-0.0396631152246691,0.,0.0257291136457726));
#10996=CARTESIAN_POINT('',(-0.0354738547613967,0.,0.024722227744895));
#10997=CARTESIAN_POINT('',(-0.0352321714619775,0.,0.0252963905098086));
#10998=CARTESIAN_POINT('',(-0.0347261400256199,0.,0.0249330643708518));
#10999=CARTESIAN_POINT('',(0.,0.,0.));
#11000=CARTESIAN_POINT('',(-0.0344437207580658,0.,0.025321781144706));
#11001=CARTESIAN_POINT('',(-0.0349456367635834,0.,0.0256907716882658));
#11002=CARTESIAN_POINT('',(-0.0344742597713754,0.,0.0260980522169539));
#11003=CARTESIAN_POINT('',(-0.0337951863928069,0.,0.0254166357988898));
#11004=CARTESIAN_POINT('',(-0.0338073068271626,0.,0.0254261605724083));
#11005=CARTESIAN_POINT('',(-0.0338404201456511,0.,0.0254521824829925));
#11006=CARTESIAN_POINT('',(-0.0339657511153786,0.,0.0255617254447606));
#11007=CARTESIAN_POINT('',(-0.0341521950970036,0.,0.0257429232493624));
#11008=CARTESIAN_POINT('',(-0.0344057081425235,0.,0.0260142765772842));
#11009=CARTESIAN_POINT('',(-0.0347122292023,0.,0.0263775968013106));
#11010=CARTESIAN_POINT('',(-0.0350647271858411,0.,0.0268403820954581));
#11011=CARTESIAN_POINT('',(-0.0354534193352109,0.,0.0274070645447045));
#11012=CARTESIAN_POINT('',(-0.0358683025686967,0.,0.0280836575118297));
#11013=CARTESIAN_POINT('',(-0.0363013052701127,0.,0.0288685776151399));
#11014=CARTESIAN_POINT('',(-0.0365821115865161,0.,0.0294647553257699));
#11015=CARTESIAN_POINT('',(-0.0367264178455851,0.,0.0297711308242389));
#11016=CARTESIAN_POINT('',(-0.0312990237546176,0.,0.0284339781013112));
#11017=CARTESIAN_POINT('',(-0.0313106509611338,0.,0.0284440990848692));
#11018=CARTESIAN_POINT('',(-0.0313424167692889,0.,0.0284717498556365));
#11019=CARTESIAN_POINT('',(-0.0314735041059067,0.,0.0285743345651415));
#11020=CARTESIAN_POINT('',(-0.0316864285176005,0.,0.0287235230284405));
#11021=CARTESIAN_POINT('',(-0.0320004790397951,0.,0.0289216991176449));
#11022=CARTESIAN_POINT('',(-0.0324148001829172,0.,0.0291547114255496));
#11023=CARTESIAN_POINT('',(-0.0329354398127278,0.,0.0294142483839014));
#11024=CARTESIAN_POINT('',(-0.0335649184037522,0.,0.0296898700243931));
#11025=CARTESIAN_POINT('',(-0.0343072684149822,0.,0.0299706236555679));
#11026=CARTESIAN_POINT('',(-0.0351594220407149,0.,0.0302488773278969));
#11027=CARTESIAN_POINT('',(-0.0357976576617471,0.,0.0304129972292795));
#11028=CARTESIAN_POINT('',(-0.0361256467043561,0.,0.0304973383841033));
#11029=CARTESIAN_POINT('',(-0.0320956160768954,0.,0.0289733385191913));
#11030=CARTESIAN_POINT('',(-0.0317838768465606,0.,0.0295126828897948));
#11031=CARTESIAN_POINT('',(-0.0313273724590568,0.,0.02908879912976));
#11032=CARTESIAN_POINT('',(0.,0.,0.));
#11033=CARTESIAN_POINT('',(-0.0309984610215741,0.,0.0294390542357249));
#11034=CARTESIAN_POINT('',(-0.0314501724914941,0.,0.0298680419345859));
#11035=CARTESIAN_POINT('',(-0.030931466662035,0.,0.0302130317319951));
#11036=CARTESIAN_POINT('',(-0.0303431521029656,0.,0.0294518780235533));
#11037=CARTESIAN_POINT('',(-0.0303539831934122,0.,0.0294628467846176));
#11038=CARTESIAN_POINT('',(-0.0303835739932969,0.,0.0294928137039447));
#11039=CARTESIAN_POINT('',(-0.030494187317281,0.,0.0296172010224421));
#11040=CARTESIAN_POINT('',(-0.0306564510256572,0.,0.0298203376553291));
#11041=CARTESIAN_POINT('',(-0.0308739554550655,0.,0.0301213248909568));
#11042=CARTESIAN_POINT('',(-0.0311325234062359,0.,0.0305201975020755));
#11043=CARTESIAN_POINT('',(-0.0314242394605292,0.,0.0310235133080535));
#11044=CARTESIAN_POINT('',(-0.0317388425124363,0.,0.0316344433408693));
#11045=CARTESIAN_POINT('',(-0.0320656546833298,0.,0.0323576998275646));
#11046=CARTESIAN_POINT('',(-0.032396866454476,0.,0.0331907002301264));
#11047=CARTESIAN_POINT('',(-0.0326007376489495,0.,0.0338173712650787));
#11048=CARTESIAN_POINT('',(-0.0327055069781556,0.,0.0341394172713049));
#11049=CARTESIAN_POINT('',(-0.0274884991852132,0.,0.0321325755457371));
#11050=CARTESIAN_POINT('',(-0.027498766212137,0.,0.0321440739977066));
#11051=CARTESIAN_POINT('',(-0.027526815976896,0.,0.0321754880453404));
#11052=CARTESIAN_POINT('',(-0.0276440123773541,0.,0.032293693443548));
#11053=CARTESIAN_POINT('',(-0.0278365595439485,0.,0.0324683920162758));
#11054=CARTESIAN_POINT('',(-0.0281232956338982,0.,0.0327043663952737));
#11055=CARTESIAN_POINT('',(-0.0285051455450451,0.,0.0329874695401347));
#11056=CARTESIAN_POINT('',(-0.0289891511696474,0.,0.0333102134203758));
#11057=CARTESIAN_POINT('',(-0.0295791215825224,0.,0.0336625562891808));
#11058=CARTESIAN_POINT('',(-0.0302804301817545,0.,0.0340341372214607));
#11059=CARTESIAN_POINT('',(-0.0310909898891182,0.,0.0344169999498796));
#11060=CARTESIAN_POINT('',(-0.0317036231537144,0.,0.0346598178509794));
#11061=CARTESIAN_POINT('',(-0.0320184551551001,0.,0.0347846018778898));
#11062=CARTESIAN_POINT('',(-0.0282112103538698,0.,0.0327675224372065));
#11063=CARTESIAN_POINT('',(-0.0278343315065057,0.,0.0332635426305867));
#11064=CARTESIAN_POINT('',(-0.0274345535147492,0.,0.0327857861495856));
#11065=CARTESIAN_POINT('',(0.,0.,0.));
#11066=CARTESIAN_POINT('',(-0.0270643370371891,0.,0.0330920558554079));
#11067=CARTESIAN_POINT('',(-0.0274587202117917,0.,0.033574275317294));
#11068=CARTESIAN_POINT('',(-0.0269008658458717,0.,0.0338515336882325));
#11069=CARTESIAN_POINT('',(-0.02641258817834,0.,0.0330226465380862));
#11070=CARTESIAN_POINT('',(-0.026421959112111,0.,0.0330348863027821));
#11071=CARTESIAN_POINT('',(-0.0264475607288011,0.,0.0330683256346329));
#11072=CARTESIAN_POINT('',(-0.0265417119688452,0.,0.0332055956475414));
#11073=CARTESIAN_POINT('',(-0.02667723640836,0.,0.0334274675226651));
#11074=CARTESIAN_POINT('',(-0.0268553020468743,0.,0.0337533419174916));
#11075=CARTESIAN_POINT('',(-0.0270618391183874,0.,0.0341814764563505));
#11076=CARTESIAN_POINT('',(-0.027288172706994,0.,0.0347173851832324));
#11077=CARTESIAN_POINT('',(-0.0275237251833751,0.,0.0353629280680482));
#11078=CARTESIAN_POINT('',(-0.0277573122685131,0.,0.0361214418874659));
#11079=CARTESIAN_POINT('',(-0.0279815097019022,0.,0.0369893856753207));
#11080=CARTESIAN_POINT('',(-0.0281052306039223,0.,0.0376366670580187));
#11081=CARTESIAN_POINT('',(-0.0281688107283577,0.,0.0379693047141032));
#11082=CARTESIAN_POINT('',(-0.0232444645628246,0.,0.0353244230787363));
#11083=CARTESIAN_POINT('',(-0.0232532094930081,0.,0.0353371176616612));
#11084=CARTESIAN_POINT('',(-0.0232771008528247,0.,0.0353717995678644));
#11085=CARTESIAN_POINT('',(-0.0233785580598782,0.,0.0355037614850324));
#11086=CARTESIAN_POINT('',(-0.0235476913975339,0.,0.0357012150663372));
#11087=CARTESIAN_POINT('',(-0.0238025910558123,0.,0.0359712662782075));
#11088=CARTESIAN_POINT('',(-0.024145947733779,0.,0.0362999955543129));
#11089=CARTESIAN_POINT('',(-0.0245856862953422,0.,0.036680856492654));
#11090=CARTESIAN_POINT('',(-0.0251268443442254,0.,0.0371043639322515));
#11091=CARTESIAN_POINT('',(-0.0257760514759084,0.,0.0375609121123628));
#11092=CARTESIAN_POINT('',(-0.0265322342541131,0.,0.0380423459229335));
#11093=CARTESIAN_POINT('',(-0.027109603569721,0.,0.0383600324403978));
#11094=CARTESIAN_POINT('',(-0.0274063134411503,0.,0.038523291420748));
#11095=CARTESIAN_POINT('',(-0.0238818969910035,0.,0.0360449429520178));
#11096=CARTESIAN_POINT('',(-0.0234458221311695,0.,0.036489816433417));
#11097=CARTESIAN_POINT('',(-0.0231090752729061,0.,0.035965721736553));
#11098=CARTESIAN_POINT('',(0.,0.,0.));
#11099=CARTESIAN_POINT('',(-0.0227033922902764,0.,0.0362231759860151));
#11100=CARTESIAN_POINT('',(-0.0230342275113048,0.,0.0367510223219486));
#11101=CARTESIAN_POINT('',(-0.0224460223055207,0.,0.0369561767362804));
#11102=CARTESIAN_POINT('',(-0.0220654819600268,0.,0.0360726281899406));
#11103=CARTESIAN_POINT('',(-0.0220732449518986,0.,0.0360859459298671));
#11104=CARTESIAN_POINT('',(-0.0220944536326051,0.,0.0361223303160026));
#11105=CARTESIAN_POINT('',(-0.0221706579674107,0.,0.0362703181932176));
#11106=CARTESIAN_POINT('',(-0.0222773058366944,0.,0.0365074262585674));
#11107=CARTESIAN_POINT('',(-0.022413124482824,0.,0.0368530485787184));
#11108=CARTESIAN_POINT('',(-0.0225643734616829,0.,0.0373036931078845));
#11109=CARTESIAN_POINT('',(-0.0227217551687053,0.,0.037863743154911));
#11110=CARTESIAN_POINT('',(-0.0228745422662955,0.,0.0385337182948046));
#11111=CARTESIAN_POINT('',(-0.0230112204578073,0.,0.0393155272308984));
#11112=CARTESIAN_POINT('',(-0.0231248678259858,0.,0.0402047264120272));
#11113=CARTESIAN_POINT('',(-0.0231664872830203,0.,0.0408624101283988));
#11114=CARTESIAN_POINT('',(-0.0231878755061417,0.,0.0412003935397968));
#11115=CARTESIAN_POINT('',(-0.0186338508487101,0.,0.0379591833579964));
#11116=CARTESIAN_POINT('',(-0.0186409357693805,0.,0.0379728738707204));
#11117=CARTESIAN_POINT('',(-0.0186602919432383,0.,0.0380102766811142));
#11118=CARTESIAN_POINT('',(-0.0187444099161242,0.,0.0381539139989787));
#11119=CARTESIAN_POINT('',(-0.0188874620910711,0.,0.0383710086279304));
#11120=CARTESIAN_POINT('',(-0.0191065053977975,0.,0.0386708778037412));
#11121=CARTESIAN_POINT('',(-0.0194059539026613,0.,0.0390400489540332));
#11122=CARTESIAN_POINT('',(-0.0197944904613824,0.,0.0394730205459615));
#11123=CARTESIAN_POINT('',(-0.0202783017605707,0.,0.0399610135910382));
#11124=CARTESIAN_POINT('',(-0.0208651690404204,0.,0.0404953289814518));
#11125=CARTESIAN_POINT('',(-0.0215550494353321,0.,0.0410677413753868));
#11126=CARTESIAN_POINT('',(-0.022088049342941,0.,0.0414552864030585));
#11127=CARTESIAN_POINT('',(-0.0223619577924954,0.,0.0416544456452023));
#11128=CARTESIAN_POINT('',(-0.0191759518462352,0.,0.0387539131842707));
#11129=CARTESIAN_POINT('',(-0.0186875581349696,0.,0.0391406240331327));
#11130=CARTESIAN_POINT('',(-0.0184191531093168,0.,0.0385784564068541));
#11131=CARTESIAN_POINT('',(0.,0.,0.));
#11132=CARTESIAN_POINT('',(-0.0179844014845968,0.,0.0387830349926463));
#11133=CARTESIAN_POINT('',(-0.0182464712829842,0.,0.0393481837505894));
#11134=CARTESIAN_POINT('',(-0.0176371915848078,0.,0.0394779988006473));
#11135=CARTESIAN_POINT('',(-0.0173703899099238,0.,0.0385537229464961));
#11136=CARTESIAN_POINT('',(-0.0173764225328773,0.,0.0385679086329389));
#11137=CARTESIAN_POINT('',(-0.0173929038040361,0.,0.0386066642698549));
#11138=CARTESIAN_POINT('',(-0.0174499594457209,0.,0.038763036154149));
#11139=CARTESIAN_POINT('',(-0.0175260488441667,0.,0.0390116410738928));
#11140=CARTESIAN_POINT('',(-0.017617478556728,0.,0.0393715606489148));
#11141=CARTESIAN_POINT('',(-0.0177110541561841,0.,0.039837608234961));
#11142=CARTESIAN_POINT('',(-0.0177970019780875,0.,0.0404129672783329));
#11143=CARTESIAN_POINT('',(-0.0178646141530873,0.,0.0410968087651245));
#11144=CARTESIAN_POINT('',(-0.0179022279542452,0.,0.041889583223942));
#11145=CARTESIAN_POINT('',(-0.0179035329703271,0.,0.0427860145960765));
#11146=CARTESIAN_POINT('',(-0.0178623946186763,0.,0.0434437285810333));
#11147=CARTESIAN_POINT('',(-0.0178412536354285,0.,0.0437817275474457));
#11148=CARTESIAN_POINT('',(-0.0137293701753885,0.,0.0399953046399839));
#11149=CARTESIAN_POINT('',(-0.0137346833531144,0.,0.0400097751749431));
#11150=CARTESIAN_POINT('',(-0.0137491990825888,0.,0.0400493090248643));
#11151=CARTESIAN_POINT('',(-0.0138146512306254,0.,0.0402023564971177));
#11152=CARTESIAN_POINT('',(-0.0139293662246092,0.,0.0404356684617315));
#11153=CARTESIAN_POINT('',(-0.0141090987359863,0.,0.0407606264854471));
#11154=CARTESIAN_POINT('',(-0.0143599165859436,0.,0.0411644174603536));
#11155=CARTESIAN_POINT('',(-0.0146911236881911,0.,0.0416426714852197));
#11156=CARTESIAN_POINT('',(-0.0151099582444816,0.,0.0421874541939417));
#11157=CARTESIAN_POINT('',(-0.0156252304249171,0.,0.0427911103217662));
#11158=CARTESIAN_POINT('',(-0.0162379286105935,0.,0.0434454740136707));
#11159=CARTESIAN_POINT('',(-0.0167181533832617,0.,0.0438967657349552));
#11160=CARTESIAN_POINT('',(-0.0169649407110668,0.,0.0441286843786719));
#11161=CARTESIAN_POINT('',(-0.0141675904856935,0.,0.040851711055142));
#11162=CARTESIAN_POINT('',(-0.0136345801835751,0.,0.0411741606103704));
#11163=CARTESIAN_POINT('',(-0.0134387498981249,0.,0.0405827857739663));
#11164=CARTESIAN_POINT('',(0.,0.,0.));
#11165=CARTESIAN_POINT('',(-0.0129817859241445,0.,0.0407312623695815));
#11166=CARTESIAN_POINT('',(-0.0131709573026172,0.,0.0413248008160178));
#11167=CARTESIAN_POINT('',(-0.012550211816855,0.,0.0413772292409146));
#11168=CARTESIAN_POINT('',(-0.0124013564343734,0.,0.0404268024613077));
#11169=CARTESIAN_POINT('',(-0.0124055635503408,0.,0.0404416323775173));
#11170=CARTESIAN_POINT('',(-0.0124170574924603,0.,0.0404821480656682));
#11171=CARTESIAN_POINT('',(-0.0124540646394716,0.,0.040644437879014));
#11172=CARTESIAN_POINT('',(-0.0124983955918124,0.,0.0409006190050581));
#11173=CARTESIAN_POINT('',(-0.0125439944696207,0.,0.0412691596882475));
#11174=CARTESIAN_POINT('',(-0.0125784209465716,0.,0.0417432604823386));
#11175=CARTESIAN_POINT('',(-0.0125915794348615,0.,0.042324854766239));
#11176=CARTESIAN_POINT('',(-0.0125729504028817,0.,0.0430117780111748));
#11177=CARTESIAN_POINT('',(-0.012510906621572,0.,0.04380301546592));
#11178=CARTESIAN_POINT('',(-0.0123998487046742,0.,0.0446925417708196));
#11179=CARTESIAN_POINT('',(-0.0122766013207185,0.,0.0453399134819194));
#11180=CARTESIAN_POINT('',(-0.0122132645370362,0.,0.0456725975577351));
#11181=CARTESIAN_POINT('',(-0.0086083691328729,0.,0.0414006760757619));
#11182=CARTESIAN_POINT('',(-0.00861182677566756,0.,0.0414156984239757));
#11183=CARTESIAN_POINT('',(-0.00862127313903361,0.,0.0414567398409947));
#11184=CARTESIAN_POINT('',(-0.0086670272427469,0.,0.0416167838175735));
#11185=CARTESIAN_POINT('',(-0.00875159593178518,0.,0.0418626336487937));
#11186=CARTESIAN_POINT('',(-0.00888918315874165,0.,0.0422075557382596));
#11187=CARTESIAN_POINT('',(-0.00908741480646724,0.,0.0426395985128932));
#11188=CARTESIAN_POINT('',(-0.0093560691183851,0.,0.0431555926190298));
#11189=CARTESIAN_POINT('',(-0.00970332166062537,0.,0.0437485734426432));
#11190=CARTESIAN_POINT('',(-0.0101388725915527,0.,0.0444120502901362));
#11191=CARTESIAN_POINT('',(-0.0106647259515975,0.,0.0451380455736908));
#11192=CARTESIAN_POINT('',(-0.0110846021577876,0.,0.0456459668485549));
#11193=CARTESIAN_POINT('',(-0.0113003763802603,0.,0.0459069873982917));
#11194=CARTESIAN_POINT('',(-0.00893579775988409,0.,0.0423052530390444));
#11195=CARTESIAN_POINT('',(-0.00836657675778216,0.,0.0425583560785312));
#11196=CARTESIAN_POINT('',(-0.00824640957311954,0.,0.0419471003664421));
#11197=CARTESIAN_POINT('',(0.,0.,0.));
#11198=CARTESIAN_POINT('',(-0.00777443984472545,0.,0.0420371334072716));
#11199=CARTESIAN_POINT('',(-0.00788772945763952,0.,0.0426497010863382));
#11200=CARTESIAN_POINT('',(-0.00726530771141719,0.,0.042623916058494));
#11201=CARTESIAN_POINT('',(-0.00723674615964165,0.,0.0416623271515031));
#11202=CARTESIAN_POINT('',(-0.00723906141989103,0.,0.0416775674208422));
#11203=CARTESIAN_POINT('',(-0.0072453867666378,0.,0.0417192042036227));
#11204=CARTESIAN_POINT('',(-0.00726176179416023,0.,0.0418848525387166));
#11205=CARTESIAN_POINT('',(-0.00727363517479558,0.,0.0421445697416682));
#11206=CARTESIAN_POINT('',(-0.00727268409630857,0.,0.0425159194262954));
#11207=CARTESIAN_POINT('',(-0.00724741852464709,0.,0.0429905965756946));
#11208=CARTESIAN_POINT('',(-0.00718758016210284,0.,0.0435692540108389));
#11209=CARTESIAN_POINT('',(-0.00708300371410618,0.,0.0442484258239981));
#11210=CARTESIAN_POINT('',(-0.00692228081782322,0.,0.0450256479873474));
#11211=CARTESIAN_POINT('',(-0.006700611417638,0.,0.0458942408638065));
#11212=CARTESIAN_POINT('',(-0.00649719868624682,0.,0.0465210608624442));
#11213=CARTESIAN_POINT('',(-0.00639266496104426,0.,0.0468431834210517));
#11214=CARTESIAN_POINT('',(-0.0033516089667414,0.,0.0421531341182601));
#11215=CARTESIAN_POINT('',(-0.00335315654551251,0.,0.0421684713683232));
#11216=CARTESIAN_POINT('',(-0.00335738456797688,0.,0.0422103731047766));
#11217=CARTESIAN_POINT('',(-0.00338271905781918,0.,0.0423748895965645));
#11218=CARTESIAN_POINT('',(-0.00343580774316689,0.,0.0426294000956892));
#11219=CARTESIAN_POINT('',(-0.00352907985294298,0.,0.042988846623508));
#11220=CARTESIAN_POINT('',(-0.0036715990669344,0.,0.0434423276252229));
#11221=CARTESIAN_POINT('',(-0.00387346374953742,0.,0.0439879242773364));
#11222=CARTESIAN_POINT('',(-0.00414365789769773,0.,0.0446197515540231));
#11223=CARTESIAN_POINT('',(-0.00449261868075059,0.,0.0453325856949578));
#11224=CARTESIAN_POINT('',(-0.00492333419354628,0.,0.0461187631908524));
#11225=CARTESIAN_POINT('',(-0.00527624013466485,0.,0.046675303797374));
#11226=CARTESIAN_POINT('',(-0.00545759836341946,0.,0.0469613098031354));
#11227=CARTESIAN_POINT('',(-0.00356308216541444,0.,0.0430916159105878));
#11228=CARTESIAN_POINT('',(-0.00296662741856832,0.,0.0432713808482039));
#11229=CARTESIAN_POINT('',(-0.00292401844297975,0.,0.0426498841281557));
#11230=CARTESIAN_POINT('',(0.,0.,0.));
#11231=CARTESIAN_POINT('',(-0.00244448620472979,0.,0.0426800537393627));
#11232=CARTESIAN_POINT('',(-0.00248010740721366,0.,0.0433019900928306));
#11233=CARTESIAN_POINT('',(-0.00186582536328591,0.,0.0431983982575378));
#11234=CARTESIAN_POINT('',(-0.00195800807494977,0.,0.0422408120546515));
#11235=CARTESIAN_POINT('',(-0.00195839496644389,0.,0.0422562223289685));
#11236=CARTESIAN_POINT('',(-0.00195945196332119,0.,0.0422983235694416));
#11237=CARTESIAN_POINT('',(-0.00195493662738875,0.,0.0424647180530856));
#11238=CARTESIAN_POINT('',(-0.0019341651860132,0.,0.0427238754375064));
#11239=CARTESIAN_POINT('',(-0.00188667915030671,0.,0.0430921777172115));
#11240=CARTESIAN_POINT('',(-0.00180211998319095,0.,0.0435599452797144));
#11241=CARTESIAN_POINT('',(-0.00167022845653555,0.,0.044126540092677));
#11242=CARTESIAN_POINT('',(-0.00148135382557785,0.,0.0447872495288486));
#11243=CARTESIAN_POINT('',(-0.00122448651040727,0.,0.0455381991429959));
#11244=CARTESIAN_POINT('',(-0.000895701485794417,0.,0.0463721603624805));
#11245=CARTESIAN_POINT('',(-0.000615331347254653,0.,0.0469685433228335));
#11246=CARTESIAN_POINT('',(-0.000471249239823734,0.,0.0472750242990569));
#11247=CARTESIAN_POINT('',(0.00195800807494976,0.,0.0422408120546515));
#11248=CARTESIAN_POINT('',(0.00195839496644389,0.,0.0422562223289685));
#11249=CARTESIAN_POINT('',(0.00195945196332118,0.,0.0422983235694416));
#11250=CARTESIAN_POINT('',(0.00195493662738875,0.,0.0424647180530856));
#11251=CARTESIAN_POINT('',(0.00193416518601319,0.,0.0427238754375064));
#11252=CARTESIAN_POINT('',(0.00188667915030671,0.,0.0430921777172115));
#11253=CARTESIAN_POINT('',(0.00180211998319094,0.,0.0435599452797144));
#11254=CARTESIAN_POINT('',(0.00167022845653554,0.,0.044126540092677));
#11255=CARTESIAN_POINT('',(0.00148135382557784,0.,0.0447872495288486));
#11256=CARTESIAN_POINT('',(0.00122448651040727,0.,0.0455381991429959));
#11257=CARTESIAN_POINT('',(0.000895701485794412,0.,0.0463721603624805));
#11258=CARTESIAN_POINT('',(0.000615331347254648,0.,0.0469685433228335));
#11259=CARTESIAN_POINT('',(0.000471249239823729,0.,0.0472750242990569));
#11260=CARTESIAN_POINT('',(0.00186582536328591,0.,0.0431983982575378));
#11261=CARTESIAN_POINT('',(0.00248010740721365,0.,0.0433019900928306));
#11262=CARTESIAN_POINT('',(0.00244448620472978,0.,0.0426800537393627));
#11263=CARTESIAN_POINT('',(0.,0.,0.));
#11264=CARTESIAN_POINT('',(0.00292401844297974,0.,0.0426498841281557));
#11265=CARTESIAN_POINT('',(0.00296662741856832,0.,0.0432713808482039));
#11266=CARTESIAN_POINT('',(0.00356308216541444,0.,0.0430916159105878));
#11267=CARTESIAN_POINT('',(0.0033516089667414,0.,0.0421531341182601));
#11268=CARTESIAN_POINT('',(0.00335315654551251,0.,0.0421684713683232));
#11269=CARTESIAN_POINT('',(0.00335738456797687,0.,0.0422103731047766));
#11270=CARTESIAN_POINT('',(0.00338271905781918,0.,0.0423748895965645));
#11271=CARTESIAN_POINT('',(0.00343580774316689,0.,0.0426294000956892));
#11272=CARTESIAN_POINT('',(0.00352907985294298,0.,0.042988846623508));
#11273=CARTESIAN_POINT('',(0.0036715990669344,0.,0.0434423276252229));
#11274=CARTESIAN_POINT('',(0.00387346374953741,0.,0.0439879242773364));
#11275=CARTESIAN_POINT('',(0.00414365789769773,0.,0.0446197515540231));
#11276=CARTESIAN_POINT('',(0.00449261868075059,0.,0.0453325856949578));
#11277=CARTESIAN_POINT('',(0.00492333419354628,0.,0.0461187631908524));
#11278=CARTESIAN_POINT('',(0.00527624013466485,0.,0.046675303797374));
#11279=CARTESIAN_POINT('',(0.00545759836341946,0.,0.0469613098031354));
#11280=CARTESIAN_POINT('',(0.00723674615964164,0.,0.0416623271515031));
#11281=CARTESIAN_POINT('',(0.00723906141989103,0.,0.0416775674208422));
#11282=CARTESIAN_POINT('',(0.00724538676663779,0.,0.0417192042036227));
#11283=CARTESIAN_POINT('',(0.00726176179416022,0.,0.0418848525387166));
#11284=CARTESIAN_POINT('',(0.00727363517479558,0.,0.0421445697416682));
#11285=CARTESIAN_POINT('',(0.00727268409630857,0.,0.0425159194262954));
#11286=CARTESIAN_POINT('',(0.00724741852464708,0.,0.0429905965756946));
#11287=CARTESIAN_POINT('',(0.00718758016210283,0.,0.0435692540108389));
#11288=CARTESIAN_POINT('',(0.00708300371410618,0.,0.0442484258239981));
#11289=CARTESIAN_POINT('',(0.00692228081782322,0.,0.0450256479873474));
#11290=CARTESIAN_POINT('',(0.006700611417638,0.,0.0458942408638065));
#11291=CARTESIAN_POINT('',(0.00649719868624681,0.,0.0465210608624442));
#11292=CARTESIAN_POINT('',(0.00639266496104425,0.,0.0468431834210517));
#11293=CARTESIAN_POINT('',(0.00726530771141719,0.,0.042623916058494));
#11294=CARTESIAN_POINT('',(0.00788772945763952,0.,0.0426497010863382));
#11295=CARTESIAN_POINT('',(0.00777443984472545,0.,0.0420371334072716));
#11296=CARTESIAN_POINT('',(0.,0.,0.));
#11297=CARTESIAN_POINT('',(0.00824640957311953,0.,0.0419471003664421));
#11298=CARTESIAN_POINT('',(0.00836657675778216,0.,0.0425583560785312));
#11299=CARTESIAN_POINT('',(0.00893579775988409,0.,0.0423052530390444));
#11300=CARTESIAN_POINT('',(0.0086083691328729,0.,0.0414006760757619));
#11301=CARTESIAN_POINT('',(0.00861182677566756,0.,0.0414156984239757));
#11302=CARTESIAN_POINT('',(0.00862127313903361,0.,0.0414567398409947));
#11303=CARTESIAN_POINT('',(0.00866702724274689,0.,0.0416167838175735));
#11304=CARTESIAN_POINT('',(0.00875159593178517,0.,0.0418626336487937));
#11305=CARTESIAN_POINT('',(0.00888918315874165,0.,0.0422075557382596));
#11306=CARTESIAN_POINT('',(0.00908741480646723,0.,0.0426395985128932));
#11307=CARTESIAN_POINT('',(0.00935606911838509,0.,0.0431555926190298));
#11308=CARTESIAN_POINT('',(0.00970332166062537,0.,0.0437485734426432));
#11309=CARTESIAN_POINT('',(0.0101388725915527,0.,0.0444120502901362));
#11310=CARTESIAN_POINT('',(0.0106647259515975,0.,0.0451380455736908));
#11311=CARTESIAN_POINT('',(0.0110846021577876,0.,0.0456459668485549));
#11312=CARTESIAN_POINT('',(0.0113003763802603,0.,0.0459069873982917));
#11313=CARTESIAN_POINT('',(0.0124013564343734,0.,0.0404268024613077));
#11314=CARTESIAN_POINT('',(0.0124055635503408,0.,0.0404416323775173));
#11315=CARTESIAN_POINT('',(0.0124170574924603,0.,0.0404821480656681));
#11316=CARTESIAN_POINT('',(0.0124540646394716,0.,0.040644437879014));
#11317=CARTESIAN_POINT('',(0.0124983955918124,0.,0.0409006190050581));
#11318=CARTESIAN_POINT('',(0.0125439944696208,0.,0.0412691596882475));
#11319=CARTESIAN_POINT('',(0.0125784209465716,0.,0.0417432604823386));
#11320=CARTESIAN_POINT('',(0.0125915794348615,0.,0.042324854766239));
#11321=CARTESIAN_POINT('',(0.0125729504028817,0.,0.0430117780111748));
#11322=CARTESIAN_POINT('',(0.012510906621572,0.,0.04380301546592));
#11323=CARTESIAN_POINT('',(0.0123998487046742,0.,0.0446925417708196));
#11324=CARTESIAN_POINT('',(0.0122766013207185,0.,0.0453399134819194));
#11325=CARTESIAN_POINT('',(0.0122132645370362,0.,0.0456725975577351));
#11326=CARTESIAN_POINT('',(0.012550211816855,0.,0.0413772292409146));
#11327=CARTESIAN_POINT('',(0.0131709573026172,0.,0.0413248008160178));
#11328=CARTESIAN_POINT('',(0.0129817859241445,0.,0.0407312623695815));
#11329=CARTESIAN_POINT('',(0.,0.,0.));
#11330=CARTESIAN_POINT('',(0.0134387498981249,0.,0.0405827857739663));
#11331=CARTESIAN_POINT('',(0.0136345801835751,0.,0.0411741606103704));
#11332=CARTESIAN_POINT('',(0.0141675904856935,0.,0.040851711055142));
#11333=CARTESIAN_POINT('',(0.0137293701753885,0.,0.0399953046399839));
#11334=CARTESIAN_POINT('',(0.0137346833531144,0.,0.0400097751749431));
#11335=CARTESIAN_POINT('',(0.0137491990825889,0.,0.0400493090248643));
#11336=CARTESIAN_POINT('',(0.0138146512306254,0.,0.0402023564971177));
#11337=CARTESIAN_POINT('',(0.0139293662246092,0.,0.0404356684617315));
#11338=CARTESIAN_POINT('',(0.0141090987359863,0.,0.0407606264854471));
#11339=CARTESIAN_POINT('',(0.0143599165859436,0.,0.0411644174603536));
#11340=CARTESIAN_POINT('',(0.0146911236881911,0.,0.0416426714852196));
#11341=CARTESIAN_POINT('',(0.0151099582444816,0.,0.0421874541939417));
#11342=CARTESIAN_POINT('',(0.0156252304249171,0.,0.0427911103217662));
#11343=CARTESIAN_POINT('',(0.0162379286105935,0.,0.0434454740136706));
#11344=CARTESIAN_POINT('',(0.0167181533832617,0.,0.0438967657349552));
#11345=CARTESIAN_POINT('',(0.0169649407110668,0.,0.0441286843786719));
#11346=CARTESIAN_POINT('',(0.0173703899099238,0.,0.0385537229464961));
#11347=CARTESIAN_POINT('',(0.0173764225328773,0.,0.0385679086329389));
#11348=CARTESIAN_POINT('',(0.0173929038040361,0.,0.0386066642698549));
#11349=CARTESIAN_POINT('',(0.0174499594457209,0.,0.038763036154149));
#11350=CARTESIAN_POINT('',(0.0175260488441667,0.,0.0390116410738928));
#11351=CARTESIAN_POINT('',(0.017617478556728,0.,0.0393715606489148));
#11352=CARTESIAN_POINT('',(0.0177110541561841,0.,0.039837608234961));
#11353=CARTESIAN_POINT('',(0.0177970019780875,0.,0.0404129672783329));
#11354=CARTESIAN_POINT('',(0.0178646141530873,0.,0.0410968087651245));
#11355=CARTESIAN_POINT('',(0.0179022279542452,0.,0.041889583223942));
#11356=CARTESIAN_POINT('',(0.0179035329703271,0.,0.0427860145960765));
#11357=CARTESIAN_POINT('',(0.0178623946186763,0.,0.0434437285810333));
#11358=CARTESIAN_POINT('',(0.0178412536354285,0.,0.0437817275474457));
#11359=CARTESIAN_POINT('',(0.0176371915848078,0.,0.0394779988006473));
#11360=CARTESIAN_POINT('',(0.0182464712829842,0.,0.0393481837505894));
#11361=CARTESIAN_POINT('',(0.0179844014845968,0.,0.0387830349926463));
#11362=CARTESIAN_POINT('',(0.,0.,0.));
#11363=CARTESIAN_POINT('',(0.0184191531093168,0.,0.0385784564068541));
#11364=CARTESIAN_POINT('',(0.0186875581349696,0.,0.0391406240331327));
#11365=CARTESIAN_POINT('',(0.0191759518462352,0.,0.0387539131842707));
#11366=CARTESIAN_POINT('',(0.0186338508487101,0.,0.0379591833579964));
#11367=CARTESIAN_POINT('',(0.0186409357693805,0.,0.0379728738707204));
#11368=CARTESIAN_POINT('',(0.0186602919432383,0.,0.0380102766811142));
#11369=CARTESIAN_POINT('',(0.0187444099161242,0.,0.0381539139989788));
#11370=CARTESIAN_POINT('',(0.0188874620910711,0.,0.0383710086279304));
#11371=CARTESIAN_POINT('',(0.0191065053977975,0.,0.0386708778037412));
#11372=CARTESIAN_POINT('',(0.0194059539026613,0.,0.0390400489540332));
#11373=CARTESIAN_POINT('',(0.0197944904613824,0.,0.0394730205459615));
#11374=CARTESIAN_POINT('',(0.0202783017605707,0.,0.0399610135910382));
#11375=CARTESIAN_POINT('',(0.0208651690404204,0.,0.0404953289814518));
#11376=CARTESIAN_POINT('',(0.0215550494353321,0.,0.0410677413753868));
#11377=CARTESIAN_POINT('',(0.022088049342941,0.,0.0414552864030585));
#11378=CARTESIAN_POINT('',(0.0223619577924954,0.,0.0416544456452023));
#11379=CARTESIAN_POINT('',(0.0220654819600267,0.,0.0360726281899406));
#11380=CARTESIAN_POINT('',(0.0220732449518986,0.,0.0360859459298671));
#11381=CARTESIAN_POINT('',(0.0220944536326051,0.,0.0361223303160026));
#11382=CARTESIAN_POINT('',(0.0221706579674106,0.,0.0362703181932176));
#11383=CARTESIAN_POINT('',(0.0222773058366944,0.,0.0365074262585674));
#11384=CARTESIAN_POINT('',(0.022413124482824,0.,0.0368530485787184));
#11385=CARTESIAN_POINT('',(0.0225643734616828,0.,0.0373036931078845));
#11386=CARTESIAN_POINT('',(0.0227217551687053,0.,0.037863743154911));
#11387=CARTESIAN_POINT('',(0.0228745422662955,0.,0.0385337182948046));
#11388=CARTESIAN_POINT('',(0.0230112204578073,0.,0.0393155272308984));
#11389=CARTESIAN_POINT('',(0.0231248678259858,0.,0.0402047264120272));
#11390=CARTESIAN_POINT('',(0.0231664872830202,0.,0.0408624101283988));
#11391=CARTESIAN_POINT('',(0.0231878755061416,0.,0.0412003935397968));
#11392=CARTESIAN_POINT('',(0.0224460223055206,0.,0.0369561767362804));
#11393=CARTESIAN_POINT('',(0.0230342275113048,0.,0.0367510223219486));
#11394=CARTESIAN_POINT('',(0.0227033922902764,0.,0.0362231759860151));
#11395=CARTESIAN_POINT('',(0.,0.,0.));
#11396=CARTESIAN_POINT('',(0.0231090752729061,0.,0.035965721736553));
#11397=CARTESIAN_POINT('',(0.0234458221311695,0.,0.036489816433417));
#11398=CARTESIAN_POINT('',(0.0238818969910035,0.,0.0360449429520179));
#11399=CARTESIAN_POINT('',(0.0232444645628246,0.,0.0353244230787363));
#11400=CARTESIAN_POINT('',(0.0232532094930081,0.,0.0353371176616612));
#11401=CARTESIAN_POINT('',(0.0232771008528247,0.,0.0353717995678644));
#11402=CARTESIAN_POINT('',(0.0233785580598782,0.,0.0355037614850324));
#11403=CARTESIAN_POINT('',(0.0235476913975338,0.,0.0357012150663372));
#11404=CARTESIAN_POINT('',(0.0238025910558123,0.,0.0359712662782075));
#11405=CARTESIAN_POINT('',(0.024145947733779,0.,0.0362999955543129));
#11406=CARTESIAN_POINT('',(0.0245856862953422,0.,0.036680856492654));
#11407=CARTESIAN_POINT('',(0.0251268443442254,0.,0.0371043639322516));
#11408=CARTESIAN_POINT('',(0.0257760514759084,0.,0.0375609121123629));
#11409=CARTESIAN_POINT('',(0.0265322342541131,0.,0.0380423459229335));
#11410=CARTESIAN_POINT('',(0.027109603569721,0.,0.0383600324403978));
#11411=CARTESIAN_POINT('',(0.0274063134411503,0.,0.038523291420748));
#11412=CARTESIAN_POINT('',(0.02641258817834,0.,0.0330226465380862));
#11413=CARTESIAN_POINT('',(0.026421959112111,0.,0.0330348863027821));
#11414=CARTESIAN_POINT('',(0.0264475607288011,0.,0.0330683256346329));
#11415=CARTESIAN_POINT('',(0.0265417119688452,0.,0.0332055956475414));
#11416=CARTESIAN_POINT('',(0.02667723640836,0.,0.0334274675226651));
#11417=CARTESIAN_POINT('',(0.0268553020468743,0.,0.0337533419174916));
#11418=CARTESIAN_POINT('',(0.0270618391183874,0.,0.0341814764563505));
#11419=CARTESIAN_POINT('',(0.027288172706994,0.,0.0347173851832324));
#11420=CARTESIAN_POINT('',(0.0275237251833751,0.,0.0353629280680482));
#11421=CARTESIAN_POINT('',(0.0277573122685131,0.,0.0361214418874659));
#11422=CARTESIAN_POINT('',(0.0279815097019022,0.,0.0369893856753207));
#11423=CARTESIAN_POINT('',(0.0281052306039223,0.,0.0376366670580187));
#11424=CARTESIAN_POINT('',(0.0281688107283577,0.,0.0379693047141032));
#11425=CARTESIAN_POINT('',(0.0269008658458717,0.,0.0338515336882324));
#11426=CARTESIAN_POINT('',(0.0274587202117917,0.,0.033574275317294));
#11427=CARTESIAN_POINT('',(0.0270643370371891,0.,0.0330920558554079));
#11428=CARTESIAN_POINT('',(0.,0.,0.));
#11429=CARTESIAN_POINT('',(0.0274345535147492,0.,0.0327857861495856));
#11430=CARTESIAN_POINT('',(0.0278343315065057,0.,0.0332635426305867));
#11431=CARTESIAN_POINT('',(0.0282112103538698,0.,0.0327675224372065));
#11432=CARTESIAN_POINT('',(0.0274884991852132,0.,0.0321325755457371));
#11433=CARTESIAN_POINT('',(0.027498766212137,0.,0.0321440739977066));
#11434=CARTESIAN_POINT('',(0.027526815976896,0.,0.0321754880453404));
#11435=CARTESIAN_POINT('',(0.0276440123773541,0.,0.032293693443548));
#11436=CARTESIAN_POINT('',(0.0278365595439485,0.,0.0324683920162758));
#11437=CARTESIAN_POINT('',(0.0281232956338982,0.,0.0327043663952737));
#11438=CARTESIAN_POINT('',(0.0285051455450451,0.,0.0329874695401347));
#11439=CARTESIAN_POINT('',(0.0289891511696474,0.,0.0333102134203758));
#11440=CARTESIAN_POINT('',(0.0295791215825224,0.,0.0336625562891808));
#11441=CARTESIAN_POINT('',(0.0302804301817545,0.,0.0340341372214607));
#11442=CARTESIAN_POINT('',(0.0310909898891182,0.,0.0344169999498796));
#11443=CARTESIAN_POINT('',(0.0317036231537144,0.,0.0346598178509794));
#11444=CARTESIAN_POINT('',(0.0320184551551001,0.,0.0347846018778898));
#11445=CARTESIAN_POINT('',(0.0303431521029656,0.,0.0294518780235533));
#11446=CARTESIAN_POINT('',(0.0303539831934122,0.,0.0294628467846176));
#11447=CARTESIAN_POINT('',(0.0303835739932969,0.,0.0294928137039448));
#11448=CARTESIAN_POINT('',(0.0304941873172809,0.,0.0296172010224421));
#11449=CARTESIAN_POINT('',(0.0306564510256572,0.,0.0298203376553291));
#11450=CARTESIAN_POINT('',(0.0308739554550655,0.,0.0301213248909568));
#11451=CARTESIAN_POINT('',(0.0311325234062359,0.,0.0305201975020756));
#11452=CARTESIAN_POINT('',(0.0314242394605292,0.,0.0310235133080536));
#11453=CARTESIAN_POINT('',(0.0317388425124363,0.,0.0316344433408694));
#11454=CARTESIAN_POINT('',(0.0320656546833298,0.,0.0323576998275646));
#11455=CARTESIAN_POINT('',(0.032396866454476,0.,0.0331907002301264));
#11456=CARTESIAN_POINT('',(0.0326007376489495,0.,0.0338173712650787));
#11457=CARTESIAN_POINT('',(0.0327055069781556,0.,0.0341394172713049));
#11458=CARTESIAN_POINT('',(0.030931466662035,0.,0.0302130317319951));
#11459=CARTESIAN_POINT('',(0.0314501724914941,0.,0.0298680419345859));
#11460=CARTESIAN_POINT('',(0.0309984610215741,0.,0.0294390542357249));
#11461=CARTESIAN_POINT('',(0.,0.,0.));
#11462=CARTESIAN_POINT('',(0.0313273724590568,0.,0.02908879912976));
#11463=CARTESIAN_POINT('',(0.0317838768465606,0.,0.0295126828897948));
#11464=CARTESIAN_POINT('',(0.0320956160768954,0.,0.0289733385191913));
#11465=CARTESIAN_POINT('',(0.0312990237546176,0.,0.0284339781013112));
#11466=CARTESIAN_POINT('',(0.0313106509611338,0.,0.0284440990848692));
#11467=CARTESIAN_POINT('',(0.0313424167692889,0.,0.0284717498556365));
#11468=CARTESIAN_POINT('',(0.0314735041059066,0.,0.0285743345651415));
#11469=CARTESIAN_POINT('',(0.0316864285176005,0.,0.0287235230284405));
#11470=CARTESIAN_POINT('',(0.0320004790397951,0.,0.0289216991176449));
#11471=CARTESIAN_POINT('',(0.0324148001829172,0.,0.0291547114255497));
#11472=CARTESIAN_POINT('',(0.0329354398127278,0.,0.0294142483839014));
#11473=CARTESIAN_POINT('',(0.0335649184037522,0.,0.0296898700243931));
#11474=CARTESIAN_POINT('',(0.0343072684149822,0.,0.0299706236555679));
#11475=CARTESIAN_POINT('',(0.0351594220407149,0.,0.0302488773278969));
#11476=CARTESIAN_POINT('',(0.0357976576617471,0.,0.0304129972292795));
#11477=CARTESIAN_POINT('',(0.0361256467043561,0.,0.0304973383841033));
#11478=CARTESIAN_POINT('',(0.0337951863928069,0.,0.0254166357988898));
#11479=CARTESIAN_POINT('',(0.0338073068271626,0.,0.0254261605724083));
#11480=CARTESIAN_POINT('',(0.0338404201456511,0.,0.0254521824829925));
#11481=CARTESIAN_POINT('',(0.0339657511153786,0.,0.0255617254447606));
#11482=CARTESIAN_POINT('',(0.0341521950970036,0.,0.0257429232493624));
#11483=CARTESIAN_POINT('',(0.0344057081425235,0.,0.0260142765772842));
#11484=CARTESIAN_POINT('',(0.0347122292023,0.,0.0263775968013106));
#11485=CARTESIAN_POINT('',(0.0350647271858411,0.,0.0268403820954581));
#11486=CARTESIAN_POINT('',(0.0354534193352109,0.,0.0274070645447045));
#11487=CARTESIAN_POINT('',(0.0358683025686967,0.,0.0280836575118297));
#11488=CARTESIAN_POINT('',(0.0363013052701127,0.,0.0288685776151399));
#11489=CARTESIAN_POINT('',(0.0365821115865161,0.,0.0294647553257699));
#11490=CARTESIAN_POINT('',(0.0367264178455851,0.,0.0297711308242389));
#11491=CARTESIAN_POINT('',(0.0344742597713754,0.,0.0260980522169539));
#11492=CARTESIAN_POINT('',(0.0349456367635834,0.,0.0256907716882658));
#11493=CARTESIAN_POINT('',(0.0344437207580658,0.,0.025321781144706));
#11494=CARTESIAN_POINT('',(0.,0.,0.));
#11495=CARTESIAN_POINT('',(0.0347261400256199,0.,0.0249330643708518));
#11496=CARTESIAN_POINT('',(0.0352321714619775,0.,0.0252963905098086));
#11497=CARTESIAN_POINT('',(0.0354738547613968,0.,0.024722227744895));
#11498=CARTESIAN_POINT('',(0.0346159440222812,0.,0.0242869598365926));
#11499=CARTESIAN_POINT('',(0.0346287480403972,0.,0.0242955437377823));
#11500=CARTESIAN_POINT('',(0.0346637289261779,0.,0.0243189951625103));
#11501=CARTESIAN_POINT('',(0.034806639873349,0.,0.0244043413611627));
#11502=CARTESIAN_POINT('',(0.0350365835849749,0.,0.0245256669238457));
#11503=CARTESIAN_POINT('',(0.0353729957750748,0.,0.0246829193679452));
#11504=CARTESIAN_POINT('',(0.0358132540582417,0.,0.0248621660956032));
#11505=CARTESIAN_POINT('',(0.0363623168952834,0.,0.0250544030791925));
#11506=CARTESIAN_POINT('',(0.0370213764110446,0.,0.0252489567734521));
#11507=CARTESIAN_POINT('',(0.0377930605311369,0.,0.0254344554510442));
#11508=CARTESIAN_POINT('',(0.0386733691035088,0.,0.0256037118406499));
#11509=CARTESIAN_POINT('',(0.03932714172397,0.,0.0256865454734299));
#11510=CARTESIAN_POINT('',(0.0396631152246691,0.,0.0257291136457726));
#11511=CARTESIAN_POINT('',(0.0367142504049678,0.,0.0209805580445156));
#11512=CARTESIAN_POINT('',(0.0367274690367425,0.,0.02098848861912));
#11513=CARTESIAN_POINT('',(0.0367635826570213,0.,0.0210101551398866));
#11514=CARTESIAN_POINT('',(0.0369016547282305,0.,0.0211031261869806));
#11515=CARTESIAN_POINT('',(0.0371093386501377,0.,0.0212595275656762));
#11516=CARTESIAN_POINT('',(0.0373948622595999,0.,0.0214969675818124));
#11517=CARTESIAN_POINT('',(0.0377445024077633,0.,0.0218190056417765));
#11518=CARTESIAN_POINT('',(0.0381522232167796,0.,0.0222339620235502));
#11519=CARTESIAN_POINT('',(0.0386088745562231,0.,0.0227474599684829));
#11520=CARTESIAN_POINT('',(0.03910528589587,0.,0.0233667191407694));
#11521=CARTESIAN_POINT('',(0.0396332508162911,0.,0.0240911802859101));
#11522=CARTESIAN_POINT('',(0.0399865637712691,0.,0.0246474625935822));
#11523=CARTESIAN_POINT('',(0.0401681311642911,0.,0.0249333358596631));
#11524=CARTESIAN_POINT('',(0.0374733732101968,0.,0.0215714908282305));
#11525=CARTESIAN_POINT('',(0.0378899874683994,0.,0.0211083426254988));
#11526=CARTESIAN_POINT('',(0.0373457824425213,0.,0.0208051684385363));
#11527=CARTESIAN_POINT('',(0.,0.,0.));
#11528=CARTESIAN_POINT('',(0.0375772556195884,0.,0.0203841202925245));
#11529=CARTESIAN_POINT('',(0.03812483368676,0.,0.0206811589401515));
#11530=CARTESIAN_POINT('',(0.0382926495652571,0.,0.0200812326707187));
#11531=CARTESIAN_POINT('',(0.0373869501741507,0.,0.0197569217069244));
#11532=CARTESIAN_POINT('',(0.0374007290768522,0.,0.0197638331524961));
#11533=CARTESIAN_POINT('',(0.0374383733707931,0.,0.0197827153882077));
#11534=CARTESIAN_POINT('',(0.0375908541375099,0.,0.0198494771154713));
#11535=CARTESIAN_POINT('',(0.0378341907993738,0.,0.0199410264009386));
#11536=CARTESIAN_POINT('',(0.0381876592361782,0.,0.0200548752349517));
#11537=CARTESIAN_POINT('',(0.0386469115232667,0.,0.0201775295543909));
#11538=CARTESIAN_POINT('',(0.0392157385186051,0.,0.0202994348711498));
#11539=CARTESIAN_POINT('',(0.0398939851968364,0.,0.0204098523911981));
#11540=CARTESIAN_POINT('',(0.0406828335062354,0.,0.0204971706902502));
#11541=CARTESIAN_POINT('',(0.0415774140331895,0.,0.0205547605227597));
#11542=CARTESIAN_POINT('',(0.0422364132683102,0.,0.0205550015510658));
#11543=CARTESIAN_POINT('',(0.0425750727242924,0.,0.0205551254154206));
#11544=CARTESIAN_POINT('',(0.0390543087562123,0.,0.0162136043566014));
#11545=CARTESIAN_POINT('',(0.0390684171196864,0.,0.0162198156623927));
#11546=CARTESIAN_POINT('',(0.0391069615083905,0.,0.0162367850993664));
#11547=CARTESIAN_POINT('',(0.0392555972020382,0.,0.0163117180228353));
#11548=CARTESIAN_POINT('',(0.0394812457647149,0.,0.0164408564324532));
#11549=CARTESIAN_POINT('',(0.0397942770602346,0.,0.0166406385659094));
#11550=CARTESIAN_POINT('',(0.0401815222627833,0.,0.0169163157292293));
#11551=CARTESIAN_POINT('',(0.0406380358965562,0.,0.0172768990886059));
#11552=CARTESIAN_POINT('',(0.0411554447616599,0.,0.0177291143598844));
#11553=CARTESIAN_POINT('',(0.0417255555040998,0.,0.0182812736502578));
#11554=CARTESIAN_POINT('',(0.0423401563213402,0.,0.0189338506521981));
#11555=CARTESIAN_POINT('',(0.0427604039585339,0.,0.0194414646526131));
#11556=CARTESIAN_POINT('',(0.0429763690592578,0.,0.0197023272941275));
#11557=CARTESIAN_POINT('',(0.0398815091679851,0.,0.016704734142962));
#11558=CARTESIAN_POINT('',(0.0402367904364574,0.,0.0161930223900149));
#11559=CARTESIAN_POINT('',(0.0396588788285693,0.,0.0159604457976856));
#11560=CARTESIAN_POINT('',(0.,0.,0.));
#11561=CARTESIAN_POINT('',(0.0398357554448716,0.,0.015513706460301));
#11562=CARTESIAN_POINT('',(0.0404162445096305,0.,0.0157397731396827));
#11563=CARTESIAN_POINT('',(0.0405075464105533,0.,0.0151235445613781));
#11564=CARTESIAN_POINT('',(0.0395683417878924,0.,0.014915305119725));
#11565=CARTESIAN_POINT('',(0.0395828782736527,0.,0.0149204351120535));
#11566=CARTESIAN_POINT('',(0.0396225923027507,0.,0.0149344503746118));
#11567=CARTESIAN_POINT('',(0.0397822381762344,0.,0.0149815747581662));
#11568=CARTESIAN_POINT('',(0.0400351302238165,0.,0.0150419039794969));
#11569=CARTESIAN_POINT('',(0.0404000804989252,0.,0.0151105537393012));
#11570=CARTESIAN_POINT('',(0.040871084107024,0.,0.0151746813186339));
#11571=CARTESIAN_POINT('',(0.0414507045191417,0.,0.0152243324488944));
#11572=CARTESIAN_POINT('',(0.0421374420045626,0.,0.0152488724444802));
#11573=CARTESIAN_POINT('',(0.0429310138941939,0.,0.0152366333032548));
#11574=CARTESIAN_POINT('',(0.0438257583064236,0.,0.0151816483526069));
#11575=CARTESIAN_POINT('',(0.0444795913445987,0.,0.0150992929752788));
#11576=CARTESIAN_POINT('',(0.044815595893938,0.,0.0150569705782307));
#11577=CARTESIAN_POINT('',(0.0407784573284581,0.,0.011190952442446));
#11578=CARTESIAN_POINT('',(0.0407932329263117,0.,0.0111953465234213));
#11579=CARTESIAN_POINT('',(0.0408336002154059,0.,0.0112073512584439));
#11580=CARTESIAN_POINT('',(0.0409904554578127,0.,0.0112630643213219));
#11581=CARTESIAN_POINT('',(0.0412305100486294,0.,0.0113629031719988));
#11582=CARTESIAN_POINT('',(0.0415661123396805,0.,0.0115218767391864));
#11583=CARTESIAN_POINT('',(0.0419848555084413,0.,0.011746845412315));
#11584=CARTESIAN_POINT('',(0.042482962474258,0.,0.0120473691343149));
#11585=CARTESIAN_POINT('',(0.0430529690181344,0.,0.012431170026971));
#11586=CARTESIAN_POINT('',(0.0436877881763914,0.,0.0129075215535781));
#11587=CARTESIAN_POINT('',(0.0443793322684183,0.,0.0134779228831668));
#11588=CARTESIAN_POINT('',(0.0448598870315454,0.,0.0139288632003043));
#11589=CARTESIAN_POINT('',(0.0451068439413216,0.,0.0141606012575637));
#11590=CARTESIAN_POINT('',(0.0416606899021357,0.,0.0115745338213344));
#11591=CARTESIAN_POINT('',(0.0419490351830389,0.,0.0110223285181978));
#11592=CARTESIAN_POINT('',(0.0413465310044248,0.,0.0108640173922972));
#11593=CARTESIAN_POINT('',(0.,0.,0.));
#11594=CARTESIAN_POINT('',(0.0414660216100623,0.,0.0103986322097594));
#11595=CARTESIAN_POINT('',(0.04207026701309,0.,0.0105501617143164));
#11596=CARTESIAN_POINT('',(0.0420836150509198,0.,0.00992734911993707));
#11597=CARTESIAN_POINT('',(0.0411257170146574,0.,0.00983846526081611));
#11598=CARTESIAN_POINT('',(0.0411407818344123,0.,0.00984173289685783));
#11599=CARTESIAN_POINT('',(0.0411819392847046,0.,0.0098506601572));
#11600=CARTESIAN_POINT('',(0.0413462325541625,0.,0.00987740401736585));
#11601=CARTESIAN_POINT('',(0.0416046917288021,0.,0.00990556174670076));
#11602=CARTESIAN_POINT('',(0.0419753683583658,0.,0.00992792978457468));
#11603=CARTESIAN_POINT('',(0.0424506952792112,0.,0.00993251929356697));
#11604=CARTESIAN_POINT('',(0.0430319681479608,0.,0.00990913320934464));
#11605=CARTESIAN_POINT('',(0.0437163661801891,0.,0.00984740867007782));
#11606=CARTESIAN_POINT('',(0.0445021465472964,0.,0.00973580510714342));
#11607=CARTESIAN_POINT('',(0.0453829441909263,0.,0.00956911251885623));
#11608=CARTESIAN_POINT('',(0.0460212996945631,0.,0.00940545952939105));
#11609=CARTESIAN_POINT('',(0.0463493503447969,0.,0.0093213583204238));
#11610=CARTESIAN_POINT('',(0.0418595052687645,0.,0.00599181252312215));
#11611=CARTESIAN_POINT('',(0.041874715080993,0.,0.00599432008199969));
#11612=CARTESIAN_POINT('',(0.041916268654214,0.,0.00600117079322861));
#11613=CARTESIAN_POINT('',(0.0420788697445063,0.,0.00603678536723283));
#11614=CARTESIAN_POINT('',(0.0423295445591643,0.,0.00610575014065266));
#11615=CARTESIAN_POINT('',(0.0426824251971377,0.,0.00622140803345085));
#11616=CARTESIAN_POINT('',(0.0431260625021943,0.,0.00639212032602323));
#11617=CARTESIAN_POINT('',(0.0436579073556491,0.,0.00662784497202638));
#11618=CARTESIAN_POINT('',(0.0442715222345959,0.,0.00693717871671124));
#11619=CARTESIAN_POINT('',(0.0449610383313216,0.,0.00733021013141877));
#11620=CARTESIAN_POINT('',(0.0457186196346954,0.,0.00780944021894704));
#11621=CARTESIAN_POINT('',(0.0462519028880718,0.,0.00819659525462715));
#11622=CARTESIAN_POINT('',(0.0465259569489083,0.,0.00839555408003492));
#11623=CARTESIAN_POINT('',(0.0427828566696397,0.,0.00626179618705313));
#11624=CARTESIAN_POINT('',(0.0429997185856449,0.,0.00567780594122886));
#11625=CARTESIAN_POINT('',(0.0423821236871202,0.,0.00559625694278292));
#11626=CARTESIAN_POINT('',(0.,0.,0.));
#11627=CARTESIAN_POINT('',(0.0432303122301245,-0.005,0.000850306286263056));
#11628=CARTESIAN_POINT('',(0.0432303122301245,8.67361737988404E-19,0.000850306286263056));
#11629=CARTESIAN_POINT('',(0.044193591473595,-0.005,0.00107574892574166));
#11630=CARTESIAN_POINT('',(0.044193591473595,8.67361737988404E-19,0.00107574892574166));
#11631=CARTESIAN_POINT('',(0.0454435870135432,-0.005,0.00154312113935999));
#11632=CARTESIAN_POINT('',(0.0454435870135432,8.67361737988404E-19,0.00154312113935999));
#11633=CARTESIAN_POINT('',(0.0467461565644609,-0.005,0.00224429233242928));
#11634=CARTESIAN_POINT('',(0.0467461565644609,8.67361737988404E-19,0.00224429233242928));
#11635=CARTESIAN_POINT('',(0.0432303122302237,8.67361737988404E-19,0.000850306286286254));
#11636=CARTESIAN_POINT('',(0.,-0.005,0.));
#11637=CARTESIAN_POINT('',(0.0427493249614162,-0.005,-0.000240240178239088));
#11638=CARTESIAN_POINT('',(0.0427493249614162,-0.005,0.000240240178239088));
#11639=CARTESIAN_POINT('',(0.0432303122301246,-0.005,-0.000850306286263067));
#11640=CARTESIAN_POINT('',(0.0432303122301246,-8.67361737988404E-19,-0.000850306286263067));
#11641=CARTESIAN_POINT('',(0.044193591473595,-0.00500000000000001,-0.00107574892574168));
#11642=CARTESIAN_POINT('',(0.044193591473595,-8.67361737988404E-18,-0.00107574892574168));
#11643=CARTESIAN_POINT('',(0.0454435870135432,-0.005,-0.00154312113936));
#11644=CARTESIAN_POINT('',(0.0454435870135432,-8.67361737988404E-19,-0.00154312113936));
#11645=CARTESIAN_POINT('',(0.0467461565644609,-0.005,-0.00224429233242928));
#11646=CARTESIAN_POINT('',(0.0467461565644609,-8.67361737988404E-19,-0.00224429233242928));
#11647=CARTESIAN_POINT('',(0.0432303122302237,-0.005,-0.000850306286286256));
#11648=CARTESIAN_POINT('',(0.0433722707393685,-0.0025,0.000243740972809848));
#11649=CARTESIAN_POINT('',(0.0433722707393686,-0.0025,-0.000243740972809848));
#11650=CARTESIAN_POINT('',(0.0429959999422991,-0.005,-0.00457459345257428));
#11651=CARTESIAN_POINT('',(0.0429959999422991,8.67361737988404E-19,-0.00457459345257428));
#11652=CARTESIAN_POINT('',(0.0439799388962063,-0.005,-0.00447165939805395));
#11653=CARTESIAN_POINT('',(0.0439799388962063,8.67361737988404E-19,-0.00447165939805395));
#11654=CARTESIAN_POINT('',(0.0452786551187774,-0.005,-0.00416463853689995));
#11655=CARTESIAN_POINT('',(0.0452786551187774,8.67361737988404E-19,-0.00416463853689995));
#11656=CARTESIAN_POINT('',(0.0466588335726369,-0.005,-0.00363225154187661));
#11657=CARTESIAN_POINT('',(0.0466588335726369,8.67361737988404E-19,-0.00363225154187661));
#11658=CARTESIAN_POINT('',(0.0429959999424002,8.67361737988404E-19,-0.00457459345256369));
#11659=CARTESIAN_POINT('',(0.,-0.005,0.));
#11660=CARTESIAN_POINT('',(0.0423821236871202,-0.005,-0.0055962569427829));
#11661=CARTESIAN_POINT('',(0.0424423438438617,-0.005,-0.00511956531742809));
#11662=CARTESIAN_POINT('',(0.0427828566695442,-0.005,-0.00626179618701767));
#11663=CARTESIAN_POINT('',(0.0427828566695442,8.67361737988404E-19,-0.00626179618701767));
#11664=CARTESIAN_POINT('',(0.0437102847134733,-0.005,-0.00660619204635709));
#11665=CARTESIAN_POINT('',(0.0437102847134733,8.67361737988404E-19,-0.00660619204635709));
#11666=CARTESIAN_POINT('',(0.0448918463944225,-0.005,-0.0072265448734364));
#11667=CARTESIAN_POINT('',(0.0448918463944225,1.73472347597681E-18,-0.0072265448734364));
#11668=CARTESIAN_POINT('',(0.046096264742463,-0.005,-0.00808544237597758));
#11669=CARTESIAN_POINT('',(0.046096264742463,1.73472347597681E-18,-0.00808544237597758));
#11670=CARTESIAN_POINT('',(0.0427828566696397,-0.005,-0.00626179618705311));
#11671=CARTESIAN_POINT('',(0.0430608162741937,-0.0025,-0.00519416793635416));
#11672=CARTESIAN_POINT('',(0.0429997185856449,-0.0025,-0.00567780594122884));
#11673=CARTESIAN_POINT('',(0.0282112103537887,-0.005,-0.0327675224371449));
#11674=CARTESIAN_POINT('',(0.0282112103537887,8.67361737988404E-19,-0.0327675224371449));
#11675=CARTESIAN_POINT('',(0.0289989341916084,-0.005,-0.033366039304014));
#11676=CARTESIAN_POINT('',(0.0289989341916084,8.67361737988404E-19,-0.033366039304014));
#11677=CARTESIAN_POINT('',(0.0301558278157487,-0.005,-0.0340312631598526));
#11678=CARTESIAN_POINT('',(0.0301558278157487,0.,-0.0340312631598526));
#11679=CARTESIAN_POINT('',(0.0315263785855325,-0.005,-0.034587966909088));
#11680=CARTESIAN_POINT('',(0.0315263785855325,0.,-0.034587966909088));
#11681=CARTESIAN_POINT('',(0.0282112103538698,8.67361737988404E-19,-0.0327675224372065));
#11682=CARTESIAN_POINT('',(0.,-0.005,0.));
#11683=CARTESIAN_POINT('',(0.0270643370371892,-0.005,-0.0330920558554079));
#11684=CARTESIAN_POINT('',(0.0274345535147492,-0.005,-0.0327857861495856));
#11685=CARTESIAN_POINT('',(0.0269008658458264,-0.005,-0.0338515336881413));
#11686=CARTESIAN_POINT('',(0.0269008658458264,0.,-0.0338515336881413));
#11687=CARTESIAN_POINT('',(0.0273411766052368,-0.005,-0.0347374556484423));
#11688=CARTESIAN_POINT('',(0.0273411766052368,0.,-0.0347374556484423));
#11689=CARTESIAN_POINT('',(0.0277778372695803,-0.005,-0.0359985080264853));
#11690=CARTESIAN_POINT('',(0.0277778372695803,0.,-0.0359985080264853));
#11691=CARTESIAN_POINT('',(0.0280678646599386,-0.005,-0.037449098454487));
#11692=CARTESIAN_POINT('',(0.0280678646599386,0.,-0.037449098454487));
#11693=CARTESIAN_POINT('',(0.0269008658458717,-0.005,-0.0338515336882324));
#11694=CARTESIAN_POINT('',(0.0278343315065057,-0.0025,-0.0332635426305867));
#11695=CARTESIAN_POINT('',(0.0274587202117917,-0.0025,-0.033574275317294));
#11696=CARTESIAN_POINT('',(0.0320956160768073,-0.005,-0.0289733385191404));
#11697=CARTESIAN_POINT('',(0.0320956160768073,0.,-0.0289733385191404));
#11698=CARTESIAN_POINT('',(0.0329521425311515,-0.005,-0.0294684079259963));
#11699=CARTESIAN_POINT('',(0.0329521425311515,0.,-0.0294684079259963));
#11700=CARTESIAN_POINT('',(0.0341832883604144,-0.005,-0.0299833890742353));
#11701=CARTESIAN_POINT('',(0.0341832883604144,0.,-0.0299833890742353));
#11702=CARTESIAN_POINT('',(0.0356128054090439,-0.005,-0.0303639274883877));
#11703=CARTESIAN_POINT('',(0.0356128054090439,0.,-0.0303639274883877));
#11704=CARTESIAN_POINT('',(0.0320956160768954,8.67361737988404E-19,-0.0289733385191913));
#11705=CARTESIAN_POINT('',(0.,-0.005,0.));
#11706=CARTESIAN_POINT('',(0.0309984610215741,-0.005,-0.0294390542357249));
#11707=CARTESIAN_POINT('',(0.0313273724590568,-0.005,-0.02908879912976));
#11708=CARTESIAN_POINT('',(0.0309314666619786,-0.005,-0.0302130317319103));
#11709=CARTESIAN_POINT('',(0.0309314666619786,0.,-0.0302130317319103));
#11710=CARTESIAN_POINT('',(0.0314793409035068,-0.005,-0.0310367823616922));
#11711=CARTESIAN_POINT('',(0.0314793409035068,0.,-0.0310367823616922));
#11712=CARTESIAN_POINT('',(0.0320706101403219,-0.005,-0.0322331628720438));
#11713=CARTESIAN_POINT('',(0.0320706101403219,-8.67361737988404E-19,-0.0322331628720438));
#11714=CARTESIAN_POINT('',(0.0325401577669991,-0.005,-0.0336359648905944));
#11715=CARTESIAN_POINT('',(0.0325401577669991,-8.67361737988404E-19,-0.0336359648905944));
#11716=CARTESIAN_POINT('',(0.030931466662035,-0.005,-0.0302130317319951));
#11717=CARTESIAN_POINT('',(0.0317838768465606,-0.0025,-0.0295126828897948));
#11718=CARTESIAN_POINT('',(0.0314501724914941,-0.0025,-0.0298680419345859));
#11719=CARTESIAN_POINT('',(0.0238818969909308,-0.005,-0.0360449429519466));
#11720=CARTESIAN_POINT('',(0.0238818969909308,-1.73472347597681E-18,-0.0360449429519466));
#11721=CARTESIAN_POINT('',(0.02458839533674,-0.005,-0.0367374683103017));
#11722=CARTESIAN_POINT('',(0.02458839533674,-1.73472347597681E-18,-0.0367374683103017));
#11723=CARTESIAN_POINT('',(0.0256527918522101,-0.005,-0.0375424438961477));
#11724=CARTESIAN_POINT('',(0.0256527918522101,-1.73472347597681E-18,-0.0375424438961477));
#11725=CARTESIAN_POINT('',(0.0269427619387816,-0.005,-0.0382665334297821));
#11726=CARTESIAN_POINT('',(0.0269427619387816,-1.73472347597681E-18,-0.0382665334297821));
#11727=CARTESIAN_POINT('',(0.0238818969910035,8.67361737988404E-19,-0.0360449429520178));
#11728=CARTESIAN_POINT('',(0.,-0.005,0.));
#11729=CARTESIAN_POINT('',(0.0227033922902764,-0.005,-0.0362231759860151));
#11730=CARTESIAN_POINT('',(0.0231090752729061,-0.005,-0.035965721736553));
#11731=CARTESIAN_POINT('',(0.0224460223054871,-0.005,-0.0369561767361843));
#11732=CARTESIAN_POINT('',(0.0224460223054871,0.,-0.0369561767361843));
#11733=CARTESIAN_POINT('',(0.022771825619075,-0.005,-0.0378902985084663));
#11734=CARTESIAN_POINT('',(0.022771825619075,0.,-0.0378902985084663));
#11735=CARTESIAN_POINT('',(0.0230469913114219,-0.005,-0.0391961352048829));
#11736=CARTESIAN_POINT('',(0.0230469913114219,8.67361737988404E-19,-0.0391961352048829));
#11737=CARTESIAN_POINT('',(0.0231529245602614,-0.005,-0.0406716373647452));
#11738=CARTESIAN_POINT('',(0.0231529245602614,8.67361737988404E-19,-0.0406716373647452));
#11739=CARTESIAN_POINT('',(0.0224460223055207,-0.005,-0.0369561767362804));
#11740=CARTESIAN_POINT('',(0.0234458221311695,-0.0025,-0.036489816433417));
#11741=CARTESIAN_POINT('',(0.0230342275113048,-0.0025,-0.0367510223219486));
#11742=CARTESIAN_POINT('',(0.019175951846172,-0.005,-0.0387539131841909));
#11743=CARTESIAN_POINT('',(0.019175951846172,-1.73472347597681E-18,-0.0387539131841909));
#11744=CARTESIAN_POINT('',(0.0197900827990159,-0.005,-0.0395295254954363));
#11745=CARTESIAN_POINT('',(0.0197900827990159,-1.73472347597681E-18,-0.0395295254954363));
#11746=CARTESIAN_POINT('',(0.0207451960369273,-0.005,-0.0404615578654316));
#11747=CARTESIAN_POINT('',(0.0207451960369273,-1.73472347597681E-18,-0.0404615578654316));
#11748=CARTESIAN_POINT('',(0.0219342418414302,-0.005,-0.0413416138589695));
#11749=CARTESIAN_POINT('',(0.0219342418414302,-1.73472347597681E-18,-0.0413416138589695));
#11750=CARTESIAN_POINT('',(0.0191759518462352,8.67361737988404E-19,-0.0387539131842707));
#11751=CARTESIAN_POINT('',(0.,-0.005,0.));
#11752=CARTESIAN_POINT('',(0.0179844014845968,-0.005,-0.0387830349926463));
#11753=CARTESIAN_POINT('',(0.0184191531093168,-0.005,-0.0385784564068542));
#11754=CARTESIAN_POINT('',(0.0176371915847866,-0.005,-0.0394779988005477));
#11755=CARTESIAN_POINT('',(0.0176371915847866,-8.67361737988404E-19,-0.0394779988005477));
#11756=CARTESIAN_POINT('',(0.0178433493396712,-0.005,-0.0404455887264445));
#11757=CARTESIAN_POINT('',(0.0178433493396712,-8.67361737988404E-19,-0.0404455887264445));
#11758=CARTESIAN_POINT('',(0.017952680532677,-0.005,-0.0417756159164633));
#11759=CARTESIAN_POINT('',(0.017952680532677,0.,-0.0417756159164633));
#11760=CARTESIAN_POINT('',(0.017872849009382,-0.005,-0.0432527602577029));
#11761=CARTESIAN_POINT('',(0.017872849009382,0.,-0.0432527602577029));
#11762=CARTESIAN_POINT('',(0.0176371915848078,-0.005,-0.0394779988006473));
#11763=CARTESIAN_POINT('',(0.0186875581349696,-0.0025,-0.0391406240331327));
#11764=CARTESIAN_POINT('',(0.0182464712829842,-0.0025,-0.0393481837505894));
#11765=CARTESIAN_POINT('',(0.0354738547613029,-0.005,-0.0247222277448555));
#11766=CARTESIAN_POINT('',(0.0354738547613029,-8.67361737988404E-19,-0.0247222277448555));
#11767=CARTESIAN_POINT('',(0.0363856758983227,-0.005,-0.0251060421514119));
#11768=CARTESIAN_POINT('',(0.0363856758983227,-8.67361737988404E-19,-0.0251060421514119));
#11769=CARTESIAN_POINT('',(0.0376716580275297,-0.005,-0.025462659031709));
#11770=CARTESIAN_POINT('',(0.0376716580275297,-8.67361737988404E-19,-0.025462659031709));
#11771=CARTESIAN_POINT('',(0.0391375970171959,-0.005,-0.0256610307926644));
#11772=CARTESIAN_POINT('',(0.0391375970171959,-8.67361737988404E-19,-0.0256610307926644));
#11773=CARTESIAN_POINT('',(0.0354738547613967,8.67361737988404E-19,-0.024722227744895));
#11774=CARTESIAN_POINT('',(0.,-0.005,0.));
#11775=CARTESIAN_POINT('',(0.0344437207580658,-0.005,-0.0253217811447061));
#11776=CARTESIAN_POINT('',(0.0347261400256199,-0.005,-0.0249330643708518));
#11777=CARTESIAN_POINT('',(0.0344742597713089,-0.005,-0.0260980522168768));
#11778=CARTESIAN_POINT('',(0.0344742597713089,0.,-0.0260980522168768));
#11779=CARTESIAN_POINT('',(0.0351210571908817,-0.00500000000000001,-0.0268466404766232));
#11780=CARTESIAN_POINT('',(0.0351210571908817,-7.80625564189563E-18,-0.0268466404766232));
#11781=CARTESIAN_POINT('',(0.0358576103310966,-0.005,-0.027959481483952));
#11782=CARTESIAN_POINT('',(0.0358576103310966,0.,-0.027959481483952));
#11783=CARTESIAN_POINT('',(0.0364992731475259,-0.005,-0.0292923720672258));
#11784=CARTESIAN_POINT('',(0.0364992731475259,0.,-0.0292923720672258));
#11785=CARTESIAN_POINT('',(0.0344742597713754,-0.005,-0.0260980522169539));
#11786=CARTESIAN_POINT('',(0.0352321714619775,-0.0025,-0.0252963905098086));
#11787=CARTESIAN_POINT('',(0.0349456367635834,-0.0025,-0.0256907716882659));
#11788=CARTESIAN_POINT('',(0.0382926495651591,-0.005,-0.0200812326706912));
#11789=CARTESIAN_POINT('',(0.0382926495651591,0.,-0.0200812326706912));
#11790=CARTESIAN_POINT('',(0.0392453854208279,-0.005,-0.0203477390944772));
#11791=CARTESIAN_POINT('',(0.0392453854208279,0.,-0.0203477390944772));
#11792=CARTESIAN_POINT('',(0.0405659231435931,-0.005,-0.0205403676455974));
#11793=CARTESIAN_POINT('',(0.0405659231435931,0.,-0.0205403676455974));
#11794=CARTESIAN_POINT('',(0.0420451653407195,-0.005,-0.020553444312184));
#11795=CARTESIAN_POINT('',(0.0420451653407195,0.,-0.020553444312184));
#11796=CARTESIAN_POINT('',(0.0382926495652571,8.67361737988404E-19,-0.0200812326707187));
#11797=CARTESIAN_POINT('',(0.,-0.005,0.));
#11798=CARTESIAN_POINT('',(0.0373457824425213,-0.005,-0.0208051684385363));
#11799=CARTESIAN_POINT('',(0.0375772556195884,-0.005,-0.0203841202925245));
#11800=CARTESIAN_POINT('',(0.0374733732101211,-0.005,-0.0215714908281624));
#11801=CARTESIAN_POINT('',(0.0374733732101211,0.,-0.0215714908281624));
#11802=CARTESIAN_POINT('',(0.0382088934260539,-0.005,-0.0222331110338321));
#11803=CARTESIAN_POINT('',(0.0382088934260539,0.,-0.0222331110338321));
#11804=CARTESIAN_POINT('',(0.0390791145866519,-0.005,-0.0232448623706735));
#11805=CARTESIAN_POINT('',(0.0390791145866519,8.67361737988404E-19,-0.0232448623706735));
#11806=CARTESIAN_POINT('',(0.0398827731869073,-0.005,-0.0244868210379421));
#11807=CARTESIAN_POINT('',(0.0398827731869073,8.67361737988404E-19,-0.0244868210379421));
#11808=CARTESIAN_POINT('',(0.0374733732101968,-0.005,-0.0215714908282305));
#11809=CARTESIAN_POINT('',(0.03812483368676,-0.0025,-0.0206811589401514));
#11810=CARTESIAN_POINT('',(0.0378899874683995,-0.0025,-0.0211083426254988));
#11811=CARTESIAN_POINT('',(0.0405075464104526,-0.005,-0.0151235445613632));
#11812=CARTESIAN_POINT('',(0.0405075464104526,0.,-0.0151235445613632));
#11813=CARTESIAN_POINT('',(0.0414861717711899,-0.005,-0.0152685400368724));
#11814=CARTESIAN_POINT('',(0.0414861717711899,0.,-0.0152685400368724));
#11815=CARTESIAN_POINT('',(0.0428204394187744,-0.005,-0.0152941423914939));
#11816=CARTESIAN_POINT('',(0.0428204394187744,8.67361737988404E-19,-0.0152941423914939));
#11817=CARTESIAN_POINT('',(0.0442896562902556,-0.005,-0.015121717736868));
#11818=CARTESIAN_POINT('',(0.0442896562902556,8.67361737988404E-19,-0.015121717736868));
#11819=CARTESIAN_POINT('',(0.0405075464105533,8.67361737988404E-19,-0.0151235445613781));
#11820=CARTESIAN_POINT('',(0.,-0.005,0.));
#11821=CARTESIAN_POINT('',(0.0396588788285693,-0.005,-0.0159604457976855));
#11822=CARTESIAN_POINT('',(0.0398357554448716,-0.005,-0.015513706460301));
#11823=CARTESIAN_POINT('',(0.0398815091679015,-0.005,-0.0167047341429039));
#11824=CARTESIAN_POINT('',(0.0398815091679015,8.67361737988404E-19,-0.0167047341429039));
#11825=CARTESIAN_POINT('',(0.0406941525870105,-0.005,-0.0172689521486207));
#11826=CARTESIAN_POINT('',(0.0406941525870105,8.67361737988404E-19,-0.0172689521486207));
#11827=CARTESIAN_POINT('',(0.041684317860444,-0.005,-0.0181636578920019));
#11828=CARTESIAN_POINT('',(0.041684317860444,8.67361737988404E-19,-0.0181636578920019));
#11829=CARTESIAN_POINT('',(0.0426372980683173,-0.005,-0.0192950982131721));
#11830=CARTESIAN_POINT('',(0.0426372980683173,8.67361737988404E-19,-0.0192950982131721));
#11831=CARTESIAN_POINT('',(0.0398815091679851,-0.005,-0.016704734142962));
#11832=CARTESIAN_POINT('',(0.0404162445096305,-0.0025,-0.0157397731396827));
#11833=CARTESIAN_POINT('',(0.0402367904364574,-0.0025,-0.0161930223900149));
#11834=CARTESIAN_POINT('',(0.0420836150508181,-0.005,-0.00992734911993488));
#11835=CARTESIAN_POINT('',(0.0420836150508181,8.67361737988404E-19,-0.00992734911993488));
#11836=CARTESIAN_POINT('',(0.0430726964100825,-0.005,-0.00994854698190245));
#11837=CARTESIAN_POINT('',(0.0430726964100825,8.67361737988404E-19,-0.00994854698190245));
#11838=CARTESIAN_POINT('',(0.0443996517846308,-0.005,-0.00980671937559858));
#11839=CARTESIAN_POINT('',(0.0443996517846308,8.67361737988404E-19,-0.00980671937559858));
#11840=CARTESIAN_POINT('',(0.0458356729027363,-0.005,-0.00945151263956528));
#11841=CARTESIAN_POINT('',(0.0458356729027363,8.67361737988404E-19,-0.00945151263956528));
#11842=CARTESIAN_POINT('',(0.0420836150509198,8.67361737988404E-19,-0.00992734911993706));
#11843=CARTESIAN_POINT('',(0.,-0.005,0.));
#11844=CARTESIAN_POINT('',(0.0413465310044248,-0.005,-0.0108640173922972));
#11845=CARTESIAN_POINT('',(0.0414660216100623,-0.005,-0.0103986322097594));
#11846=CARTESIAN_POINT('',(0.0416606899020454,-0.005,-0.0115745338212873));
#11847=CARTESIAN_POINT('',(0.0416606899020454,-8.67361737988404E-19,-0.0115745338212873));
#11848=CARTESIAN_POINT('',(0.0425376406521617,-0.005,-0.0120324515720536));
#11849=CARTESIAN_POINT('',(0.0425376406521617,-8.67361737988404E-19,-0.0120324515720536));
#11850=CARTESIAN_POINT('',(0.0436321345405725,-0.005,-0.01279600167793));
#11851=CARTESIAN_POINT('',(0.0436321345405725,0.,-0.01279600167793));
#11852=CARTESIAN_POINT('',(0.0447194072889026,-0.005,-0.0137990801632475));
#11853=CARTESIAN_POINT('',(0.0447194072889026,0.,-0.0137990801632475));
#11854=CARTESIAN_POINT('',(0.0416606899021357,-0.005,-0.0115745338213344));
#11855=CARTESIAN_POINT('',(0.04207026701309,-0.0025,-0.0105501617143164));
#11856=CARTESIAN_POINT('',(0.0419490351830389,-0.0025,-0.0110223285181978));
#11857=CARTESIAN_POINT('',(0.0141675904856408,-0.005,-0.0408517110550549));
#11858=CARTESIAN_POINT('',(0.0141675904856408,0.,-0.0408517110550549));
#11859=CARTESIAN_POINT('',(0.0146796688335288,-0.00500000000000001,-0.0416981784497138));
#11860=CARTESIAN_POINT('',(0.0146796688335288,-7.80625564189563E-18,-0.0416981784497138));
#11861=CARTESIAN_POINT('',(0.0155104360875626,-0.005,-0.0427425688966147));
#11862=CARTESIAN_POINT('',(0.0155104360875626,8.67361737988404E-19,-0.0427425688966147));
#11863=CARTESIAN_POINT('',(0.0165798056473585,-0.005,-0.0437647123413179));
#11864=CARTESIAN_POINT('',(0.0165798056473585,8.67361737988404E-19,-0.0437647123413179));
#11865=CARTESIAN_POINT('',(0.0141675904856935,8.67361737988404E-19,-0.040851711055142));
#11866=CARTESIAN_POINT('',(0.,-0.005,0.));
#11867=CARTESIAN_POINT('',(0.0129817859241445,-0.005,-0.0407312623695815));
#11868=CARTESIAN_POINT('',(0.0134387498981249,-0.005,-0.0405827857739664));
#11869=CARTESIAN_POINT('',(0.0125502118168464,-0.005,-0.0413772292408132));
#11870=CARTESIAN_POINT('',(0.0125502118168464,0.,-0.0413772292408132));
#11871=CARTESIAN_POINT('',(0.0126334727820805,-0.005,-0.0423630278491832));
#11872=CARTESIAN_POINT('',(0.0126334727820805,0.,-0.0423630278491832));
#11873=CARTESIAN_POINT('',(0.0125752452575204,-0.005,-0.0436962702094976));
#11874=CARTESIAN_POINT('',(0.0125752452575204,0.,-0.0436962702094976));
#11875=CARTESIAN_POINT('',(0.0123109079529023,-0.005,-0.04515176128345));
#11876=CARTESIAN_POINT('',(0.0123109079529023,0.,-0.04515176128345));
#11877=CARTESIAN_POINT('',(0.012550211816855,-0.005,-0.0413772292409146));
#11878=CARTESIAN_POINT('',(0.0136345801835751,-0.0025,-0.0411741606103704));
#11879=CARTESIAN_POINT('',(0.0131709573026172,-0.0025,-0.0413248008160178));
#11880=CARTESIAN_POINT('',(0.00893579775984275,-0.005,-0.0423052530389514));
#11881=CARTESIAN_POINT('',(0.00893579775984275,-8.67361737988404E-19,-0.0423052530389514));
#11882=CARTESIAN_POINT('',(0.00933774772132785,-0.005,-0.0432092262205548));
#11883=CARTESIAN_POINT('',(0.00933774772132785,-8.67361737988404E-19,-0.0432092262205548));
#11884=CARTESIAN_POINT('',(0.0100310672956118,-0.005,-0.044349504083125));
#11885=CARTESIAN_POINT('',(0.0100310672956118,-1.73472347597681E-18,-0.044349504083125));
#11886=CARTESIAN_POINT('',(0.0109638960139322,-0.005,-0.0454976151662718));
#11887=CARTESIAN_POINT('',(0.0109638960139322,-1.73472347597681E-18,-0.0454976151662718));
#11888=CARTESIAN_POINT('',(0.0089357977598841,8.67361737988404E-19,-0.0423052530390444));
#11889=CARTESIAN_POINT('',(0.,-0.005,0.));
#11890=CARTESIAN_POINT('',(0.00777443984472547,-0.005,-0.0420371334072716));
#11891=CARTESIAN_POINT('',(0.00824640957311956,-0.005,-0.0419471003664421));
#11892=CARTESIAN_POINT('',(0.00726530771142142,-0.005,-0.0426239160583923));
#11893=CARTESIAN_POINT('',(0.00726530771142142,0.,-0.0426239160583923));
#11894=CARTESIAN_POINT('',(0.0072243588118456,-0.00500000000000001,-0.0436123767162941));
#11895=CARTESIAN_POINT('',(0.0072243588118456,-7.80625564189563E-18,-0.0436123767162941));
#11896=CARTESIAN_POINT('',(0.00699949085256526,-0.005,-0.0449278082184417));
#11897=CARTESIAN_POINT('',(0.00699949085256526,-8.67361737988404E-19,-0.0449278082184417));
#11898=CARTESIAN_POINT('',(0.00655481652382536,-0.005,-0.0463386920614024));
#11899=CARTESIAN_POINT('',(0.00655481652382536,-8.67361737988404E-19,-0.0463386920614024));
#11900=CARTESIAN_POINT('',(0.00726530771141721,-0.005,-0.042623916058494));
#11901=CARTESIAN_POINT('',(0.00836657675778218,-0.0025,-0.0425583560785312));
#11902=CARTESIAN_POINT('',(0.00788772945763955,-0.0025,-0.0426497010863382));
#11903=CARTESIAN_POINT('',(0.00356308216538507,-0.005,-0.0430916159104904));
#11904=CARTESIAN_POINT('',(0.00356308216538507,0.,-0.0430916159104904));
#11905=CARTESIAN_POINT('',(0.00384856474946146,-0.005,-0.0440388386819572));
#11906=CARTESIAN_POINT('',(0.00384856474946146,0.,-0.0440388386819572));
#11907=CARTESIAN_POINT('',(0.00439350258013993,-0.005,-0.0452570210971349));
#11908=CARTESIAN_POINT('',(0.00439350258013993,0.,-0.0452570210971349));
#11909=CARTESIAN_POINT('',(0.00517507919085221,-0.005,-0.0465129934210958));
#11910=CARTESIAN_POINT('',(0.00517507919085221,0.,-0.0465129934210958));
#11911=CARTESIAN_POINT('',(0.00356308216541445,8.67361737988404E-19,-0.0430916159105878));
#11912=CARTESIAN_POINT('',(0.,-0.005,0.));
#11913=CARTESIAN_POINT('',(0.0024444862047298,-0.005,-0.0426800537393627));
#11914=CARTESIAN_POINT('',(0.00292401844297976,-0.005,-0.0426498841281558));
#11915=CARTESIAN_POINT('',(0.00186582536330285,-0.005,-0.0431983982574374));
#11916=CARTESIAN_POINT('',(0.00186582536330285,-8.67361737988404E-19,-0.0431983982574374));
#11917=CARTESIAN_POINT('',(0.00170131238752509,-0.005,-0.0441739323498181));
#11918=CARTESIAN_POINT('',(0.00170131238752509,-8.67361737988404E-19,-0.0441739323498181));
#11919=CARTESIAN_POINT('',(0.00131335029557197,-0.005,-0.045450807853209));
#11920=CARTESIAN_POINT('',(0.00131335029557197,0.,-0.045450807853209));
#11921=CARTESIAN_POINT('',(0.000695351722510057,-0.005,-0.0467948339841536));
#11922=CARTESIAN_POINT('',(0.000695351722510057,0.,-0.0467948339841536));
#11923=CARTESIAN_POINT('',(0.00186582536328592,-0.005,-0.0431983982575378));
#11924=CARTESIAN_POINT('',(0.00296662741856834,-0.0025,-0.0432713808482039));
#11925=CARTESIAN_POINT('',(0.00248010740721367,-0.0025,-0.0433019900928306));
#11926=CARTESIAN_POINT('',(-0.00186582536330283,-0.005,-0.0431983982574374));
#11927=CARTESIAN_POINT('',(-0.00186582536330283,8.67361737988404E-19,-0.0431983982574374));
#11928=CARTESIAN_POINT('',(-0.00170131238752508,-0.005,-0.044173932349818));
#11929=CARTESIAN_POINT('',(-0.00170131238752508,8.67361737988404E-19,-0.044173932349818));
#11930=CARTESIAN_POINT('',(-0.00131335029557195,-0.005,-0.0454508078532091));
#11931=CARTESIAN_POINT('',(-0.00131335029557195,0.,-0.0454508078532091));
#11932=CARTESIAN_POINT('',(-0.000695351722510031,-0.005,-0.0467948339841536));
#11933=CARTESIAN_POINT('',(-0.000695351722510031,0.,-0.0467948339841536));
#11934=CARTESIAN_POINT('',(-0.00186582536328591,8.67361737988404E-19,-0.0431983982575378));
#11935=CARTESIAN_POINT('',(0.,-0.005,0.));
#11936=CARTESIAN_POINT('',(-0.00292401844297974,-0.005,-0.0426498841281558));
#11937=CARTESIAN_POINT('',(-0.00244448620472978,-0.005,-0.0426800537393627));
#11938=CARTESIAN_POINT('',(-0.00356308216538505,-0.005,-0.0430916159104904));
#11939=CARTESIAN_POINT('',(-0.00356308216538505,-8.67361737988404E-19,-0.0430916159104904));
#11940=CARTESIAN_POINT('',(-0.00384856474946144,-0.005,-0.0440388386819572));
#11941=CARTESIAN_POINT('',(-0.00384856474946144,-8.67361737988404E-19,-0.0440388386819572));
#11942=CARTESIAN_POINT('',(-0.00439350258013991,-0.005,-0.0452570210971349));
#11943=CARTESIAN_POINT('',(-0.00439350258013991,-1.73472347597681E-18,-0.0452570210971349));
#11944=CARTESIAN_POINT('',(-0.00517507919085218,-0.005,-0.0465129934210958));
#11945=CARTESIAN_POINT('',(-0.00517507919085218,-1.73472347597681E-18,-0.0465129934210958));
#11946=CARTESIAN_POINT('',(-0.00356308216541443,-0.005,-0.0430916159105878));
#11947=CARTESIAN_POINT('',(-0.00248010740721365,-0.0025,-0.0433019900928306));
#11948=CARTESIAN_POINT('',(-0.00296662741856832,-0.0025,-0.0432713808482039));
#11949=CARTESIAN_POINT('',(-0.0072653077114214,-0.005,-0.0426239160583923));
#11950=CARTESIAN_POINT('',(-0.0072653077114214,0.,-0.0426239160583923));
#11951=CARTESIAN_POINT('',(-0.00722435881184559,-0.00500000000000001,-0.0436123767162941));
#11952=CARTESIAN_POINT('',(-0.00722435881184559,-6.93889390390723E-18,-0.0436123767162941));
#11953=CARTESIAN_POINT('',(-0.00699949085256521,-0.005,-0.0449278082184417));
#11954=CARTESIAN_POINT('',(-0.00699949085256521,-8.67361737988404E-19,-0.0449278082184417));
#11955=CARTESIAN_POINT('',(-0.00655481652382533,-0.005,-0.0463386920614024));
#11956=CARTESIAN_POINT('',(-0.00655481652382533,-8.67361737988404E-19,-0.0463386920614024));
#11957=CARTESIAN_POINT('',(-0.00726530771141719,8.67361737988404E-19,-0.042623916058494));
#11958=CARTESIAN_POINT('',(0.,-0.005,0.));
#11959=CARTESIAN_POINT('',(-0.00824640957311954,-0.005,-0.0419471003664421));
#11960=CARTESIAN_POINT('',(-0.00777443984472545,-0.005,-0.0420371334072716));
#11961=CARTESIAN_POINT('',(-0.00893579775984273,-0.005,-0.0423052530389514));
#11962=CARTESIAN_POINT('',(-0.00893579775984273,1.73472347597681E-18,-0.0423052530389514));
#11963=CARTESIAN_POINT('',(-0.00933774772132783,-0.005,-0.0432092262205548));
#11964=CARTESIAN_POINT('',(-0.00933774772132783,1.73472347597681E-18,-0.0432092262205548));
#11965=CARTESIAN_POINT('',(-0.0100310672956117,-0.005,-0.044349504083125));
#11966=CARTESIAN_POINT('',(-0.0100310672956117,1.73472347597681E-18,-0.044349504083125));
#11967=CARTESIAN_POINT('',(-0.0109638960139322,-0.005,-0.0454976151662718));
#11968=CARTESIAN_POINT('',(-0.0109638960139322,1.73472347597681E-18,-0.0454976151662718));
#11969=CARTESIAN_POINT('',(-0.00893579775988409,-0.005,-0.0423052530390444));
#11970=CARTESIAN_POINT('',(-0.00788772945763952,-0.0025,-0.0426497010863382));
#11971=CARTESIAN_POINT('',(-0.00836657675778216,-0.0025,-0.0425583560785312));
#11972=CARTESIAN_POINT('',(-0.0125502118168464,-0.005,-0.0413772292408132));
#11973=CARTESIAN_POINT('',(-0.0125502118168464,8.67361737988404E-19,-0.0413772292408132));
#11974=CARTESIAN_POINT('',(-0.0126334727820805,-0.005,-0.0423630278491832));
#11975=CARTESIAN_POINT('',(-0.0126334727820805,8.67361737988404E-19,-0.0423630278491832));
#11976=CARTESIAN_POINT('',(-0.0125752452575204,-0.005,-0.0436962702094975));
#11977=CARTESIAN_POINT('',(-0.0125752452575204,8.67361737988404E-19,-0.0436962702094975));
#11978=CARTESIAN_POINT('',(-0.0123109079529023,-0.005,-0.04515176128345));
#11979=CARTESIAN_POINT('',(-0.0123109079529023,8.67361737988404E-19,-0.04515176128345));
#11980=CARTESIAN_POINT('',(-0.012550211816855,8.67361737988403E-19,-0.0413772292409146));
#11981=CARTESIAN_POINT('',(0.,-0.005,0.));
#11982=CARTESIAN_POINT('',(-0.0134387498981249,-0.005,-0.0405827857739663));
#11983=CARTESIAN_POINT('',(-0.0129817859241445,-0.005,-0.0407312623695815));
#11984=CARTESIAN_POINT('',(-0.0141675904856408,-0.005,-0.0408517110550549));
#11985=CARTESIAN_POINT('',(-0.0141675904856408,0.,-0.0408517110550549));
#11986=CARTESIAN_POINT('',(-0.0146796688335288,-0.00500000000000001,-0.0416981784497138));
#11987=CARTESIAN_POINT('',(-0.0146796688335288,-7.80625564189563E-18,-0.0416981784497138));
#11988=CARTESIAN_POINT('',(-0.0155104360875627,-0.005,-0.0427425688966145));
#11989=CARTESIAN_POINT('',(-0.0155104360875627,-1.73472347597681E-18,-0.0427425688966145));
#11990=CARTESIAN_POINT('',(-0.0165798056473586,-0.005,-0.0437647123413179));
#11991=CARTESIAN_POINT('',(-0.0165798056473586,-1.73472347597681E-18,-0.0437647123413179));
#11992=CARTESIAN_POINT('',(-0.0141675904856935,-0.005,-0.040851711055142));
#11993=CARTESIAN_POINT('',(-0.0131709573026172,-0.0025,-0.0413248008160178));
#11994=CARTESIAN_POINT('',(-0.0136345801835751,-0.0025,-0.0411741606103704));
#11995=CARTESIAN_POINT('',(-0.0176371915847866,-0.005,-0.0394779988005477));
#11996=CARTESIAN_POINT('',(-0.0176371915847866,0.,-0.0394779988005477));
#11997=CARTESIAN_POINT('',(-0.0178433493396712,-0.005,-0.0404455887264447));
#11998=CARTESIAN_POINT('',(-0.0178433493396712,0.,-0.0404455887264447));
#11999=CARTESIAN_POINT('',(-0.0179526805326771,-0.005,-0.0417756159164632));
#12000=CARTESIAN_POINT('',(-0.0179526805326771,-8.67361737988404E-19,-0.0417756159164632));
#12001=CARTESIAN_POINT('',(-0.017872849009382,-0.005,-0.0432527602577029));
#12002=CARTESIAN_POINT('',(-0.017872849009382,-8.67361737988404E-19,-0.0432527602577029));
#12003=CARTESIAN_POINT('',(-0.0176371915848078,8.67361737988404E-19,-0.0394779988006473));
#12004=CARTESIAN_POINT('',(0.,-0.005,0.));
#12005=CARTESIAN_POINT('',(-0.0184191531093168,-0.005,-0.0385784564068542));
#12006=CARTESIAN_POINT('',(-0.0179844014845968,-0.005,-0.0387830349926463));
#12007=CARTESIAN_POINT('',(-0.0191759518461721,-0.005,-0.0387539131841909));
#12008=CARTESIAN_POINT('',(-0.0191759518461721,-1.73472347597681E-18,-0.0387539131841909));
#12009=CARTESIAN_POINT('',(-0.0197900827990159,-0.005,-0.0395295254954363));
#12010=CARTESIAN_POINT('',(-0.0197900827990159,-1.73472347597681E-18,-0.0395295254954363));
#12011=CARTESIAN_POINT('',(-0.0207451960369273,-0.005,-0.0404615578654316));
#12012=CARTESIAN_POINT('',(-0.0207451960369273,-8.67361737988404E-19,-0.0404615578654316));
#12013=CARTESIAN_POINT('',(-0.0219342418414302,-0.005,-0.0413416138589695));
#12014=CARTESIAN_POINT('',(-0.0219342418414302,-8.67361737988404E-19,-0.0413416138589695));
#12015=CARTESIAN_POINT('',(-0.0191759518462352,-0.005,-0.0387539131842707));
#12016=CARTESIAN_POINT('',(-0.0182464712829842,-0.0025,-0.0393481837505894));
#12017=CARTESIAN_POINT('',(-0.0186875581349696,-0.0025,-0.0391406240331327));
#12018=CARTESIAN_POINT('',(-0.0224460223054872,-0.005,-0.0369561767361843));
#12019=CARTESIAN_POINT('',(-0.0224460223054872,0.,-0.0369561767361843));
#12020=CARTESIAN_POINT('',(-0.0227718256190751,-0.00499999999999999,-0.0378902985084662));
#12021=CARTESIAN_POINT('',(-0.0227718256190751,7.80625564189563E-18,-0.0378902985084662));
#12022=CARTESIAN_POINT('',(-0.0230469913114219,-0.005,-0.0391961352048829));
#12023=CARTESIAN_POINT('',(-0.0230469913114219,0.,-0.0391961352048829));
#12024=CARTESIAN_POINT('',(-0.0231529245602614,-0.005,-0.0406716373647452));
#12025=CARTESIAN_POINT('',(-0.0231529245602614,0.,-0.0406716373647452));
#12026=CARTESIAN_POINT('',(-0.0224460223055207,8.67361737988403E-19,-0.0369561767362803));
#12027=CARTESIAN_POINT('',(0.,-0.005,0.));
#12028=CARTESIAN_POINT('',(-0.0231090752729061,-0.005,-0.035965721736553));
#12029=CARTESIAN_POINT('',(-0.0227033922902764,-0.005,-0.0362231759860151));
#12030=CARTESIAN_POINT('',(-0.0238818969909308,-0.005,-0.0360449429519466));
#12031=CARTESIAN_POINT('',(-0.0238818969909308,0.,-0.0360449429519466));
#12032=CARTESIAN_POINT('',(-0.0245883953367401,-0.005,-0.0367374683103018));
#12033=CARTESIAN_POINT('',(-0.0245883953367401,0.,-0.0367374683103018));
#12034=CARTESIAN_POINT('',(-0.0256527918522102,-0.005,-0.0375424438961476));
#12035=CARTESIAN_POINT('',(-0.0256527918522102,0.,-0.0375424438961476));
#12036=CARTESIAN_POINT('',(-0.0269427619387816,-0.005,-0.0382665334297821));
#12037=CARTESIAN_POINT('',(-0.0269427619387816,0.,-0.0382665334297821));
#12038=CARTESIAN_POINT('',(-0.0238818969910035,-0.005,-0.0360449429520178));
#12039=CARTESIAN_POINT('',(-0.0230342275113048,-0.0025,-0.0367510223219485));
#12040=CARTESIAN_POINT('',(-0.0234458221311696,-0.0025,-0.036489816433417));
#12041=CARTESIAN_POINT('',(-0.0374733732101211,-0.005,-0.0215714908281624));
#12042=CARTESIAN_POINT('',(-0.0374733732101211,-8.67361737988404E-19,-0.0215714908281624));
#12043=CARTESIAN_POINT('',(-0.0382088934260538,-0.00500000000000001,-0.0222331110338321));
#12044=CARTESIAN_POINT('',(-0.0382088934260538,-7.80625564189563E-18,-0.0222331110338321));
#12045=CARTESIAN_POINT('',(-0.0390791145866518,-0.005,-0.0232448623706735));
#12046=CARTESIAN_POINT('',(-0.0390791145866518,-1.73472347597681E-18,-0.0232448623706735));
#12047=CARTESIAN_POINT('',(-0.0398827731869072,-0.005,-0.0244868210379421));
#12048=CARTESIAN_POINT('',(-0.0398827731869072,-1.73472347597681E-18,-0.0244868210379421));
#12049=CARTESIAN_POINT('',(-0.0374733732101967,8.67361737988404E-19,-0.0215714908282305));
#12050=CARTESIAN_POINT('',(0.,-0.005,0.));
#12051=CARTESIAN_POINT('',(-0.0375772556195884,-0.005,-0.0203841202925245));
#12052=CARTESIAN_POINT('',(-0.0373457824425213,-0.005,-0.0208051684385363));
#12053=CARTESIAN_POINT('',(-0.0382926495651591,-0.005,-0.0200812326706912));
#12054=CARTESIAN_POINT('',(-0.0382926495651591,-8.67361737988404E-19,-0.0200812326706912));
#12055=CARTESIAN_POINT('',(-0.0392453854208279,-0.005,-0.0203477390944773));
#12056=CARTESIAN_POINT('',(-0.0392453854208279,-8.67361737988404E-19,-0.0203477390944773));
#12057=CARTESIAN_POINT('',(-0.0405659231435932,-0.005,-0.0205403676455974));
#12058=CARTESIAN_POINT('',(-0.0405659231435932,-8.67361737988404E-19,-0.0205403676455974));
#12059=CARTESIAN_POINT('',(-0.0420451653407195,-0.005,-0.020553444312184));
#12060=CARTESIAN_POINT('',(-0.0420451653407195,-8.67361737988404E-19,-0.020553444312184));
#12061=CARTESIAN_POINT('',(-0.0382926495652571,-0.005,-0.0200812326707187));
#12062=CARTESIAN_POINT('',(-0.0378899874683994,-0.0025,-0.0211083426254988));
#12063=CARTESIAN_POINT('',(-0.03812483368676,-0.0025,-0.0206811589401515));
#12064=CARTESIAN_POINT('',(-0.0344742597713089,-0.005,-0.0260980522168768));
#12065=CARTESIAN_POINT('',(-0.0344742597713089,0.,-0.0260980522168768));
#12066=CARTESIAN_POINT('',(-0.0351210571908817,-0.005,-0.0268466404766232));
#12067=CARTESIAN_POINT('',(-0.0351210571908817,0.,-0.0268466404766232));
#12068=CARTESIAN_POINT('',(-0.0358576103310966,-0.005,-0.027959481483952));
#12069=CARTESIAN_POINT('',(-0.0358576103310966,0.,-0.027959481483952));
#12070=CARTESIAN_POINT('',(-0.0364992731475259,-0.005,-0.0292923720672258));
#12071=CARTESIAN_POINT('',(-0.0364992731475259,0.,-0.0292923720672258));
#12072=CARTESIAN_POINT('',(-0.0344742597713754,8.67361737988403E-19,-0.0260980522169538));
#12073=CARTESIAN_POINT('',(0.,-0.005,0.));
#12074=CARTESIAN_POINT('',(-0.0347261400256199,-0.005,-0.0249330643708518));
#12075=CARTESIAN_POINT('',(-0.0344437207580658,-0.005,-0.025321781144706));
#12076=CARTESIAN_POINT('',(-0.0354738547613029,-0.005,-0.0247222277448555));
#12077=CARTESIAN_POINT('',(-0.0354738547613029,-2.60208521396521E-18,-0.0247222277448555));
#12078=CARTESIAN_POINT('',(-0.0363856758983226,-0.005,-0.025106042151412));
#12079=CARTESIAN_POINT('',(-0.0363856758983226,-2.60208521396521E-18,-0.025106042151412));
#12080=CARTESIAN_POINT('',(-0.0376716580275297,-0.005,-0.025462659031709));
#12081=CARTESIAN_POINT('',(-0.0376716580275297,-1.73472347597681E-18,-0.025462659031709));
#12082=CARTESIAN_POINT('',(-0.0391375970171959,-0.005,-0.0256610307926644));
#12083=CARTESIAN_POINT('',(-0.0391375970171959,-1.73472347597681E-18,-0.0256610307926644));
#12084=CARTESIAN_POINT('',(-0.0354738547613968,-0.005,-0.0247222277448949));
#12085=CARTESIAN_POINT('',(-0.0349456367635834,-0.0025,-0.0256907716882658));
#12086=CARTESIAN_POINT('',(-0.0352321714619775,-0.0025,-0.0252963905098086));
#12087=CARTESIAN_POINT('',(-0.0269008658458264,-0.005,-0.0338515336881413));
#12088=CARTESIAN_POINT('',(-0.0269008658458264,-8.67361737988404E-19,-0.0338515336881413));
#12089=CARTESIAN_POINT('',(-0.0273411766052369,-0.005,-0.0347374556484423));
#12090=CARTESIAN_POINT('',(-0.0273411766052369,-8.67361737988404E-19,-0.0347374556484423));
#12091=CARTESIAN_POINT('',(-0.0277778372695803,-0.005,-0.0359985080264854));
#12092=CARTESIAN_POINT('',(-0.0277778372695803,-8.67361737988404E-19,-0.0359985080264854));
#12093=CARTESIAN_POINT('',(-0.0280678646599386,-0.005,-0.037449098454487));
#12094=CARTESIAN_POINT('',(-0.0280678646599386,-8.67361737988404E-19,-0.037449098454487));
#12095=CARTESIAN_POINT('',(-0.0269008658458717,8.67361737988404E-19,-0.0338515336882324));
#12096=CARTESIAN_POINT('',(0.,-0.005,0.));
#12097=CARTESIAN_POINT('',(-0.0274345535147492,-0.005,-0.0327857861495857));
#12098=CARTESIAN_POINT('',(-0.0270643370371891,-0.005,-0.0330920558554079));
#12099=CARTESIAN_POINT('',(-0.0282112103537888,-0.005,-0.0327675224371449));
#12100=CARTESIAN_POINT('',(-0.0282112103537888,0.,-0.0327675224371449));
#12101=CARTESIAN_POINT('',(-0.0289989341916084,-0.005,-0.033366039304014));
#12102=CARTESIAN_POINT('',(-0.0289989341916084,0.,-0.033366039304014));
#12103=CARTESIAN_POINT('',(-0.0301558278157485,-0.005,-0.0340312631598525));
#12104=CARTESIAN_POINT('',(-0.0301558278157485,0.,-0.0340312631598525));
#12105=CARTESIAN_POINT('',(-0.0315263785855324,-0.005,-0.034587966909088));
#12106=CARTESIAN_POINT('',(-0.0315263785855324,0.,-0.034587966909088));
#12107=CARTESIAN_POINT('',(-0.0282112103538698,-0.005,-0.0327675224372065));
#12108=CARTESIAN_POINT('',(-0.0274587202117916,-0.0025,-0.033574275317294));
#12109=CARTESIAN_POINT('',(-0.0278343315065057,-0.0025,-0.0332635426305867));
#12110=CARTESIAN_POINT('',(-0.0309314666619786,-0.005,-0.0302130317319103));
#12111=CARTESIAN_POINT('',(-0.0309314666619786,-8.67361737988404E-19,-0.0302130317319103));
#12112=CARTESIAN_POINT('',(-0.0314793409035068,-0.005,-0.0310367823616923));
#12113=CARTESIAN_POINT('',(-0.0314793409035068,-8.67361737988404E-19,-0.0310367823616923));
#12114=CARTESIAN_POINT('',(-0.0320706101403217,-0.005,-0.0322331628720438));
#12115=CARTESIAN_POINT('',(-0.0320706101403217,-8.67361737988404E-19,-0.0322331628720438));
#12116=CARTESIAN_POINT('',(-0.032540157766999,-0.005,-0.0336359648905945));
#12117=CARTESIAN_POINT('',(-0.032540157766999,-8.67361737988404E-19,-0.0336359648905945));
#12118=CARTESIAN_POINT('',(-0.0309314666620349,8.67361737988404E-19,-0.0302130317319951));
#12119=CARTESIAN_POINT('',(0.,-0.005,0.));
#12120=CARTESIAN_POINT('',(-0.0313273724590568,-0.005,-0.02908879912976));
#12121=CARTESIAN_POINT('',(-0.0309984610215741,-0.005,-0.0294390542357249));
#12122=CARTESIAN_POINT('',(-0.0320956160768073,-0.005,-0.0289733385191404));
#12123=CARTESIAN_POINT('',(-0.0320956160768073,-8.67361737988404E-19,-0.0289733385191404));
#12124=CARTESIAN_POINT('',(-0.0329521425311516,-0.00500000000000001,-0.0294684079259963));
#12125=CARTESIAN_POINT('',(-0.0329521425311516,-8.67361737988404E-18,-0.0294684079259963));
#12126=CARTESIAN_POINT('',(-0.0341832883604144,-0.005,-0.0299833890742354));
#12127=CARTESIAN_POINT('',(-0.0341832883604144,-1.73472347597681E-18,-0.0299833890742354));
#12128=CARTESIAN_POINT('',(-0.0356128054090439,-0.005,-0.0303639274883877));
#12129=CARTESIAN_POINT('',(-0.0356128054090439,-1.73472347597681E-18,-0.0303639274883877));
#12130=CARTESIAN_POINT('',(-0.0320956160768954,-0.005,-0.0289733385191913));
#12131=CARTESIAN_POINT('',(-0.0314501724914941,-0.0025,-0.0298680419345859));
#12132=CARTESIAN_POINT('',(-0.0317838768465606,-0.0025,-0.0295126828897948));
#12133=CARTESIAN_POINT('',(-0.0398815091679015,-0.005,-0.0167047341429039));
#12134=CARTESIAN_POINT('',(-0.0398815091679015,0.,-0.0167047341429039));
#12135=CARTESIAN_POINT('',(-0.0406941525870104,-0.005,-0.0172689521486207));
#12136=CARTESIAN_POINT('',(-0.0406941525870104,0.,-0.0172689521486207));
#12137=CARTESIAN_POINT('',(-0.041684317860444,-0.005,-0.0181636578920018));
#12138=CARTESIAN_POINT('',(-0.041684317860444,1.73472347597681E-18,-0.0181636578920018));
#12139=CARTESIAN_POINT('',(-0.0426372980683173,-0.005,-0.0192950982131721));
#12140=CARTESIAN_POINT('',(-0.0426372980683173,1.73472347597681E-18,-0.0192950982131721));
#12141=CARTESIAN_POINT('',(-0.0398815091679851,8.67361737988403E-19,-0.016704734142962));
#12142=CARTESIAN_POINT('',(0.,-0.005,0.));
#12143=CARTESIAN_POINT('',(-0.0398357554448716,-0.005,-0.015513706460301));
#12144=CARTESIAN_POINT('',(-0.0396588788285693,-0.005,-0.0159604457976856));
#12145=CARTESIAN_POINT('',(-0.0405075464104526,-0.005,-0.0151235445613632));
#12146=CARTESIAN_POINT('',(-0.0405075464104526,0.,-0.0151235445613632));
#12147=CARTESIAN_POINT('',(-0.0414861717711899,-0.005,-0.0152685400368724));
#12148=CARTESIAN_POINT('',(-0.0414861717711899,0.,-0.0152685400368724));
#12149=CARTESIAN_POINT('',(-0.0428204394187744,-0.005,-0.0152941423914939));
#12150=CARTESIAN_POINT('',(-0.0428204394187744,8.67361737988404E-19,-0.0152941423914939));
#12151=CARTESIAN_POINT('',(-0.0442896562902556,-0.005,-0.015121717736868));
#12152=CARTESIAN_POINT('',(-0.0442896562902556,8.67361737988404E-19,-0.015121717736868));
#12153=CARTESIAN_POINT('',(-0.0405075464105533,-0.005,-0.0151235445613781));
#12154=CARTESIAN_POINT('',(-0.0402367904364574,-0.0025,-0.0161930223900149));
#12155=CARTESIAN_POINT('',(-0.0404162445096305,-0.0025,-0.0157397731396827));
#12156=CARTESIAN_POINT('',(-0.0416606899020454,-0.005,-0.0115745338212873));
#12157=CARTESIAN_POINT('',(-0.0416606899020454,0.,-0.0115745338212873));
#12158=CARTESIAN_POINT('',(-0.0425376406521615,-0.005,-0.0120324515720536));
#12159=CARTESIAN_POINT('',(-0.0425376406521615,0.,-0.0120324515720536));
#12160=CARTESIAN_POINT('',(-0.0436321345405726,-0.005,-0.0127960016779301));
#12161=CARTESIAN_POINT('',(-0.0436321345405726,8.67361737988404E-19,-0.0127960016779301));
#12162=CARTESIAN_POINT('',(-0.0447194072889026,-0.005,-0.0137990801632476));
#12163=CARTESIAN_POINT('',(-0.0447194072889026,8.67361737988404E-19,-0.0137990801632476));
#12164=CARTESIAN_POINT('',(-0.0416606899021357,8.67361737988404E-19,-0.0115745338213345));
#12165=CARTESIAN_POINT('',(0.,-0.005,0.));
#12166=CARTESIAN_POINT('',(-0.0414660216100623,-0.005,-0.0103986322097594));
#12167=CARTESIAN_POINT('',(-0.0413465310044248,-0.005,-0.0108640173922972));
#12168=CARTESIAN_POINT('',(-0.0420836150508181,-0.005,-0.0099273491199349));
#12169=CARTESIAN_POINT('',(-0.0420836150508181,0.,-0.0099273491199349));
#12170=CARTESIAN_POINT('',(-0.0430726964100824,-0.005,-0.00994854698190244));
#12171=CARTESIAN_POINT('',(-0.0430726964100824,0.,-0.00994854698190244));
#12172=CARTESIAN_POINT('',(-0.0443996517846308,-0.005,-0.00980671937559861));
#12173=CARTESIAN_POINT('',(-0.0443996517846308,-8.67361737988404E-19,-0.00980671937559861));
#12174=CARTESIAN_POINT('',(-0.0458356729027363,-0.005,-0.0094515126395653));
#12175=CARTESIAN_POINT('',(-0.0458356729027363,-8.67361737988404E-19,-0.0094515126395653));
#12176=CARTESIAN_POINT('',(-0.0420836150509198,-0.005,-0.00992734911993708));
#12177=CARTESIAN_POINT('',(-0.0419490351830389,-0.0025,-0.0110223285181978));
#12178=CARTESIAN_POINT('',(-0.04207026701309,-0.0025,-0.0105501617143164));
#12179=CARTESIAN_POINT('',(-0.0427828566695442,-0.005,-0.00626179618701769));
#12180=CARTESIAN_POINT('',(-0.0427828566695442,8.67361737988404E-19,-0.00626179618701769));
#12181=CARTESIAN_POINT('',(-0.0437102847134733,-0.005,-0.00660619204635709));
#12182=CARTESIAN_POINT('',(-0.0437102847134733,8.67361737988404E-19,-0.00660619204635709));
#12183=CARTESIAN_POINT('',(-0.0448918463944225,-0.005,-0.00722654487343644));
#12184=CARTESIAN_POINT('',(-0.0448918463944225,1.73472347597681E-18,-0.00722654487343644));
#12185=CARTESIAN_POINT('',(-0.046096264742463,-0.005,-0.0080854423759776));
#12186=CARTESIAN_POINT('',(-0.046096264742463,1.73472347597681E-18,-0.0080854423759776));
#12187=CARTESIAN_POINT('',(-0.0427828566696397,8.67361737988404E-19,-0.00626179618705313));
#12188=CARTESIAN_POINT('',(0.,-0.005,0.));
#12189=CARTESIAN_POINT('',(-0.0424423438438617,-0.005,-0.00511956531742811));
#12190=CARTESIAN_POINT('',(-0.0423821236871202,-0.005,-0.00559625694278293));
#12191=CARTESIAN_POINT('',(-0.0429959999422991,-0.005,-0.0045745934525743));
#12192=CARTESIAN_POINT('',(-0.0429959999422991,-8.67361737988404E-19,-0.0045745934525743));
#12193=CARTESIAN_POINT('',(-0.0439799388962063,-0.005,-0.00447165939805395));
#12194=CARTESIAN_POINT('',(-0.0439799388962063,-8.67361737988404E-19,-0.00447165939805395));
#12195=CARTESIAN_POINT('',(-0.0452786551187774,-0.005,-0.00416463853689998));
#12196=CARTESIAN_POINT('',(-0.0452786551187774,-8.67361737988404E-19,-0.00416463853689998));
#12197=CARTESIAN_POINT('',(-0.0466588335726369,-0.005,-0.00363225154187663));
#12198=CARTESIAN_POINT('',(-0.0466588335726369,-8.67361737988404E-19,-0.00363225154187663));
#12199=CARTESIAN_POINT('',(-0.0429959999424003,-0.005,-0.00457459345256371));
#12200=CARTESIAN_POINT('',(-0.0429997185856449,-0.0025,-0.00567780594122886));
#12201=CARTESIAN_POINT('',(-0.0430608162741937,-0.0025,-0.00519416793635418));
#12202=CARTESIAN_POINT('',(-0.0432303122301245,-0.005,-0.00085030628626305));
#12203=CARTESIAN_POINT('',(-0.0432303122301245,0.,-0.00085030628626305));
#12204=CARTESIAN_POINT('',(-0.044193591473595,-0.005,-0.00107574892574166));
#12205=CARTESIAN_POINT('',(-0.044193591473595,0.,-0.00107574892574166));
#12206=CARTESIAN_POINT('',(-0.0454435870135432,-0.005,-0.00154312113936));
#12207=CARTESIAN_POINT('',(-0.0454435870135432,0.,-0.00154312113936));
#12208=CARTESIAN_POINT('',(-0.0467461565644609,-0.005,-0.00224429233242928));
#12209=CARTESIAN_POINT('',(-0.0467461565644609,0.,-0.00224429233242928));
#12210=CARTESIAN_POINT('',(-0.0432303122302237,8.67361737988404E-19,-0.000850306286286248));
#12211=CARTESIAN_POINT('',(0.,-0.005,0.));
#12212=CARTESIAN_POINT('',(-0.0427493249614162,-0.005,0.000240240178239093));
#12213=CARTESIAN_POINT('',(-0.0427493249614162,-0.005,-0.000240240178239083));
#12214=CARTESIAN_POINT('',(-0.0432303122301246,-0.005,0.000850306286263072));
#12215=CARTESIAN_POINT('',(-0.0432303122301246,0.,0.000850306286263072));
#12216=CARTESIAN_POINT('',(-0.044193591473595,-0.00499999999999999,0.00107574892574169));
#12217=CARTESIAN_POINT('',(-0.044193591473595,6.93889390390723E-18,0.00107574892574169));
#12218=CARTESIAN_POINT('',(-0.0454435870135432,-0.005,0.00154312113936002));
#12219=CARTESIAN_POINT('',(-0.0454435870135432,8.67361737988404E-19,0.00154312113936002));
#12220=CARTESIAN_POINT('',(-0.0467461565644609,-0.005,0.00224429233242929));
#12221=CARTESIAN_POINT('',(-0.0467461565644609,8.67361737988404E-19,0.00224429233242929));
#12222=CARTESIAN_POINT('',(-0.0432303122302237,-0.005,0.000850306286286261));
#12223=CARTESIAN_POINT('',(-0.0433722707393685,-0.0025,-0.000243740972809842));
#12224=CARTESIAN_POINT('',(-0.0433722707393686,-0.0025,0.000243740972809853));
#12225=CARTESIAN_POINT('',(-0.0429959999422991,-0.005,0.00457459345257429));
#12226=CARTESIAN_POINT('',(-0.0429959999422991,-8.67361737988404E-19,0.00457459345257429));
#12227=CARTESIAN_POINT('',(-0.0439799388962063,-0.005,0.00447165939805395));
#12228=CARTESIAN_POINT('',(-0.0439799388962063,-8.67361737988404E-19,0.00447165939805395));
#12229=CARTESIAN_POINT('',(-0.0452786551187773,-0.005,0.00416463853689997));
#12230=CARTESIAN_POINT('',(-0.0452786551187773,-8.67361737988404E-19,0.00416463853689997));
#12231=CARTESIAN_POINT('',(-0.0466588335726369,-0.005,0.00363225154187663));
#12232=CARTESIAN_POINT('',(-0.0466588335726369,-8.67361737988404E-19,0.00363225154187663));
#12233=CARTESIAN_POINT('',(-0.0429959999424002,8.67361737988404E-19,0.0045745934525637));
#12234=CARTESIAN_POINT('',(0.,-0.005,0.));
#12235=CARTESIAN_POINT('',(-0.0423821236871202,-0.005,0.00559625694278292));
#12236=CARTESIAN_POINT('',(-0.0424423438438617,-0.005,0.0051195653174281));
#12237=CARTESIAN_POINT('',(-0.0427828566695442,-0.005,0.00626179618701769));
#12238=CARTESIAN_POINT('',(-0.0427828566695442,-8.67361737988404E-19,0.00626179618701769));
#12239=CARTESIAN_POINT('',(-0.0437102847134734,-0.005,0.00660619204635708));
#12240=CARTESIAN_POINT('',(-0.0437102847134734,-8.67361737988404E-19,0.00660619204635708));
#12241=CARTESIAN_POINT('',(-0.0448918463944225,-0.005,0.00722654487343642));
#12242=CARTESIAN_POINT('',(-0.0448918463944225,-1.73472347597681E-18,0.00722654487343642));
#12243=CARTESIAN_POINT('',(-0.046096264742463,-0.005,0.0080854423759776));
#12244=CARTESIAN_POINT('',(-0.046096264742463,-1.73472347597681E-18,0.0080854423759776));
#12245=CARTESIAN_POINT('',(-0.0427828566696397,-0.005,0.00626179618705313));
#12246=CARTESIAN_POINT('',(-0.0430608162741937,-0.0025,0.00519416793635417));
#12247=CARTESIAN_POINT('',(-0.0429997185856449,-0.0025,0.00567780594122886));
#12248=CARTESIAN_POINT('',(-0.0420836150508181,-0.005,0.00992734911993489));
#12249=CARTESIAN_POINT('',(-0.0420836150508181,-8.67361737988404E-19,0.00992734911993489));
#12250=CARTESIAN_POINT('',(-0.0430726964100824,-0.00499999999999999,0.00994854698190244));
#12251=CARTESIAN_POINT('',(-0.0430726964100824,6.93889390390723E-18,0.00994854698190244));
#12252=CARTESIAN_POINT('',(-0.0443996517846308,-0.005,0.00980671937559858));
#12253=CARTESIAN_POINT('',(-0.0443996517846308,-1.73472347597681E-18,0.00980671937559858));
#12254=CARTESIAN_POINT('',(-0.0458356729027363,-0.005,0.0094515126395653));
#12255=CARTESIAN_POINT('',(-0.0458356729027363,-1.73472347597681E-18,0.0094515126395653));
#12256=CARTESIAN_POINT('',(-0.0420836150509198,8.67361737988404E-19,0.00992734911993707));
#12257=CARTESIAN_POINT('',(0.,-0.005,0.));
#12258=CARTESIAN_POINT('',(-0.0413465310044248,-0.005,0.0108640173922972));
#12259=CARTESIAN_POINT('',(-0.0414660216100623,-0.005,0.0103986322097594));
#12260=CARTESIAN_POINT('',(-0.0416606899020454,-0.005,0.0115745338212873));
#12261=CARTESIAN_POINT('',(-0.0416606899020454,-8.67361737988404E-19,0.0115745338212873));
#12262=CARTESIAN_POINT('',(-0.0425376406521615,-0.005,0.0120324515720536));
#12263=CARTESIAN_POINT('',(-0.0425376406521615,-8.67361737988404E-19,0.0120324515720536));
#12264=CARTESIAN_POINT('',(-0.0436321345405726,-0.005,0.0127960016779301));
#12265=CARTESIAN_POINT('',(-0.0436321345405726,-1.73472347597681E-18,0.0127960016779301));
#12266=CARTESIAN_POINT('',(-0.0447194072889026,-0.005,0.0137990801632475));
#12267=CARTESIAN_POINT('',(-0.0447194072889026,-1.73472347597681E-18,0.0137990801632475));
#12268=CARTESIAN_POINT('',(-0.0416606899021357,-0.005,0.0115745338213344));
#12269=CARTESIAN_POINT('',(-0.04207026701309,-0.0025,0.0105501617143164));
#12270=CARTESIAN_POINT('',(-0.0419490351830389,-0.0025,0.0110223285181978));
#12271=CARTESIAN_POINT('',(-0.0405075464104526,-0.005,0.0151235445613632));
#12272=CARTESIAN_POINT('',(-0.0405075464104526,0.,0.0151235445613632));
#12273=CARTESIAN_POINT('',(-0.0414861717711899,-0.005,0.0152685400368724));
#12274=CARTESIAN_POINT('',(-0.0414861717711899,0.,0.0152685400368724));
#12275=CARTESIAN_POINT('',(-0.0428204394187744,-0.005,0.0152941423914939));
#12276=CARTESIAN_POINT('',(-0.0428204394187744,8.67361737988404E-19,0.0152941423914939));
#12277=CARTESIAN_POINT('',(-0.0442896562902556,-0.005,0.015121717736868));
#12278=CARTESIAN_POINT('',(-0.0442896562902556,8.67361737988404E-19,0.015121717736868));
#12279=CARTESIAN_POINT('',(-0.0405075464105533,8.67361737988404E-19,0.0151235445613781));
#12280=CARTESIAN_POINT('',(0.,-0.005,0.));
#12281=CARTESIAN_POINT('',(-0.0396588788285693,-0.005,0.0159604457976855));
#12282=CARTESIAN_POINT('',(-0.0398357554448716,-0.005,0.015513706460301));
#12283=CARTESIAN_POINT('',(-0.0398815091679015,-0.005,0.0167047341429039));
#12284=CARTESIAN_POINT('',(-0.0398815091679015,-1.73472347597681E-18,0.0167047341429039));
#12285=CARTESIAN_POINT('',(-0.0406941525870105,-0.005,0.0172689521486207));
#12286=CARTESIAN_POINT('',(-0.0406941525870105,-1.73472347597681E-18,0.0172689521486207));
#12287=CARTESIAN_POINT('',(-0.041684317860444,-0.005,0.0181636578920019));
#12288=CARTESIAN_POINT('',(-0.041684317860444,-1.73472347597681E-18,0.0181636578920019));
#12289=CARTESIAN_POINT('',(-0.0426372980683173,-0.005,0.0192950982131721));
#12290=CARTESIAN_POINT('',(-0.0426372980683173,-1.73472347597681E-18,0.0192950982131721));
#12291=CARTESIAN_POINT('',(-0.0398815091679851,-0.005,0.016704734142962));
#12292=CARTESIAN_POINT('',(-0.0404162445096305,-0.0025,0.0157397731396826));
#12293=CARTESIAN_POINT('',(-0.0402367904364574,-0.0025,0.0161930223900149));
#12294=CARTESIAN_POINT('',(-0.0382926495651591,-0.005,0.0200812326706912));
#12295=CARTESIAN_POINT('',(-0.0382926495651591,-2.60208521396521E-18,0.0200812326706912));
#12296=CARTESIAN_POINT('',(-0.0392453854208278,-0.00499999999999999,0.0203477390944773));
#12297=CARTESIAN_POINT('',(-0.0392453854208278,4.33680868994202E-18,0.0203477390944773));
#12298=CARTESIAN_POINT('',(-0.0405659231435932,-0.005,0.0205403676455974));
#12299=CARTESIAN_POINT('',(-0.0405659231435932,-1.73472347597681E-18,0.0205403676455974));
#12300=CARTESIAN_POINT('',(-0.0420451653407195,-0.005,0.020553444312184));
#12301=CARTESIAN_POINT('',(-0.0420451653407195,-1.73472347597681E-18,0.020553444312184));
#12302=CARTESIAN_POINT('',(-0.0382926495652571,8.67361737988404E-19,0.0200812326707187));
#12303=CARTESIAN_POINT('',(0.,-0.005,0.));
#12304=CARTESIAN_POINT('',(-0.0373457824425213,-0.005,0.0208051684385363));
#12305=CARTESIAN_POINT('',(-0.0375772556195884,-0.005,0.0203841202925245));
#12306=CARTESIAN_POINT('',(-0.0374733732101211,-0.005,0.0215714908281624));
#12307=CARTESIAN_POINT('',(-0.0374733732101211,0.,0.0215714908281624));
#12308=CARTESIAN_POINT('',(-0.0382088934260539,-0.005,0.0222331110338321));
#12309=CARTESIAN_POINT('',(-0.0382088934260539,0.,0.0222331110338321));
#12310=CARTESIAN_POINT('',(-0.0390791145866519,-0.005,0.0232448623706735));
#12311=CARTESIAN_POINT('',(-0.0390791145866519,8.67361737988404E-19,0.0232448623706735));
#12312=CARTESIAN_POINT('',(-0.0398827731869073,-0.005,0.0244868210379421));
#12313=CARTESIAN_POINT('',(-0.0398827731869073,8.67361737988404E-19,0.0244868210379421));
#12314=CARTESIAN_POINT('',(-0.0374733732101968,-0.005,0.0215714908282305));
#12315=CARTESIAN_POINT('',(-0.03812483368676,-0.0025,0.0206811589401514));
#12316=CARTESIAN_POINT('',(-0.0378899874683995,-0.0025,0.0211083426254988));
#12317=CARTESIAN_POINT('',(-0.0282112103537887,-0.005,0.0327675224371449));
#12318=CARTESIAN_POINT('',(-0.0282112103537887,-1.73472347597681E-18,0.0327675224371449));
#12319=CARTESIAN_POINT('',(-0.0289989341916084,-0.005,0.033366039304014));
#12320=CARTESIAN_POINT('',(-0.0289989341916084,-1.73472347597681E-18,0.033366039304014));
#12321=CARTESIAN_POINT('',(-0.0301558278157486,-0.005,0.0340312631598524));
#12322=CARTESIAN_POINT('',(-0.0301558278157486,-1.73472347597681E-18,0.0340312631598524));
#12323=CARTESIAN_POINT('',(-0.0315263785855325,-0.005,0.034587966909088));
#12324=CARTESIAN_POINT('',(-0.0315263785855325,-1.73472347597681E-18,0.034587966909088));
#12325=CARTESIAN_POINT('',(-0.0282112103538698,8.67361737988404E-19,0.0327675224372065));
#12326=CARTESIAN_POINT('',(0.,-0.005,0.));
#12327=CARTESIAN_POINT('',(-0.0270643370371891,-0.005,0.0330920558554079));
#12328=CARTESIAN_POINT('',(-0.0274345535147492,-0.005,0.0327857861495857));
#12329=CARTESIAN_POINT('',(-0.0269008658458264,-0.005,0.0338515336881413));
#12330=CARTESIAN_POINT('',(-0.0269008658458264,8.67361737988404E-19,0.0338515336881413));
#12331=CARTESIAN_POINT('',(-0.0273411766052368,-0.005,0.0347374556484423));
#12332=CARTESIAN_POINT('',(-0.0273411766052368,8.67361737988404E-19,0.0347374556484423));
#12333=CARTESIAN_POINT('',(-0.0277778372695803,-0.005,0.0359985080264854));
#12334=CARTESIAN_POINT('',(-0.0277778372695803,8.67361737988404E-19,0.0359985080264854));
#12335=CARTESIAN_POINT('',(-0.0280678646599386,-0.005,0.037449098454487));
#12336=CARTESIAN_POINT('',(-0.0280678646599386,8.67361737988404E-19,0.037449098454487));
#12337=CARTESIAN_POINT('',(-0.0269008658458717,-0.005,0.0338515336882325));
#12338=CARTESIAN_POINT('',(-0.0278343315065057,-0.0025,0.0332635426305867));
#12339=CARTESIAN_POINT('',(-0.0274587202117917,-0.0025,0.033574275317294));
#12340=CARTESIAN_POINT('',(-0.0238818969909308,-0.005,0.0360449429519466));
#12341=CARTESIAN_POINT('',(-0.0238818969909308,-8.67361737988404E-19,0.0360449429519466));
#12342=CARTESIAN_POINT('',(-0.02458839533674,-0.005,0.0367374683103017));
#12343=CARTESIAN_POINT('',(-0.02458839533674,-8.67361737988404E-19,0.0367374683103017));
#12344=CARTESIAN_POINT('',(-0.0256527918522102,-0.005,0.0375424438961477));
#12345=CARTESIAN_POINT('',(-0.0256527918522102,-8.67361737988404E-19,0.0375424438961477));
#12346=CARTESIAN_POINT('',(-0.0269427619387816,-0.005,0.0382665334297821));
#12347=CARTESIAN_POINT('',(-0.0269427619387816,-8.67361737988404E-19,0.0382665334297821));
#12348=CARTESIAN_POINT('',(-0.0238818969910035,8.67361737988404E-19,0.0360449429520178));
#12349=CARTESIAN_POINT('',(0.,-0.005,0.));
#12350=CARTESIAN_POINT('',(-0.0227033922902764,-0.005,0.0362231759860151));
#12351=CARTESIAN_POINT('',(-0.0231090752729061,-0.005,0.035965721736553));
#12352=CARTESIAN_POINT('',(-0.0224460223054872,-0.005,0.0369561767361843));
#12353=CARTESIAN_POINT('',(-0.0224460223054872,-1.73472347597681E-18,0.0369561767361843));
#12354=CARTESIAN_POINT('',(-0.0227718256190751,-0.005,0.0378902985084662));
#12355=CARTESIAN_POINT('',(-0.0227718256190751,-1.73472347597681E-18,0.0378902985084662));
#12356=CARTESIAN_POINT('',(-0.0230469913114219,-0.005,0.0391961352048829));
#12357=CARTESIAN_POINT('',(-0.0230469913114219,-2.60208521396521E-18,0.0391961352048829));
#12358=CARTESIAN_POINT('',(-0.0231529245602614,-0.005,0.0406716373647452));
#12359=CARTESIAN_POINT('',(-0.0231529245602614,-2.60208521396521E-18,0.0406716373647452));
#12360=CARTESIAN_POINT('',(-0.0224460223055207,-0.005,0.0369561767362804));
#12361=CARTESIAN_POINT('',(-0.0234458221311695,-0.0025,0.036489816433417));
#12362=CARTESIAN_POINT('',(-0.0230342275113048,-0.0025,0.0367510223219486));
#12363=CARTESIAN_POINT('',(-0.0354738547613029,-0.005,0.0247222277448555));
#12364=CARTESIAN_POINT('',(-0.0354738547613029,-8.67361737988404E-19,0.0247222277448555));
#12365=CARTESIAN_POINT('',(-0.0363856758983227,-0.005,0.0251060421514119));
#12366=CARTESIAN_POINT('',(-0.0363856758983227,-8.67361737988404E-19,0.0251060421514119));
#12367=CARTESIAN_POINT('',(-0.0376716580275297,-0.005,0.025462659031709));
#12368=CARTESIAN_POINT('',(-0.0376716580275297,0.,0.025462659031709));
#12369=CARTESIAN_POINT('',(-0.0391375970171959,-0.005,0.0256610307926644));
#12370=CARTESIAN_POINT('',(-0.0391375970171959,0.,0.0256610307926644));
#12371=CARTESIAN_POINT('',(-0.0354738547613967,8.67361737988404E-19,0.0247222277448949));
#12372=CARTESIAN_POINT('',(0.,-0.005,0.));
#12373=CARTESIAN_POINT('',(-0.0344437207580658,-0.005,0.025321781144706));
#12374=CARTESIAN_POINT('',(-0.0347261400256199,-0.005,0.0249330643708518));
#12375=CARTESIAN_POINT('',(-0.0344742597713089,-0.005,0.0260980522168768));
#12376=CARTESIAN_POINT('',(-0.0344742597713089,0.,0.0260980522168768));
#12377=CARTESIAN_POINT('',(-0.0351210571908817,-0.005,0.0268466404766232));
#12378=CARTESIAN_POINT('',(-0.0351210571908817,0.,0.0268466404766232));
#12379=CARTESIAN_POINT('',(-0.0358576103310966,-0.005,0.027959481483952));
#12380=CARTESIAN_POINT('',(-0.0358576103310966,0.,0.027959481483952));
#12381=CARTESIAN_POINT('',(-0.0364992731475259,-0.005,0.0292923720672258));
#12382=CARTESIAN_POINT('',(-0.0364992731475259,0.,0.0292923720672258));
#12383=CARTESIAN_POINT('',(-0.0344742597713754,-0.005,0.0260980522169539));
#12384=CARTESIAN_POINT('',(-0.0352321714619775,-0.0025,0.0252963905098086));
#12385=CARTESIAN_POINT('',(-0.0349456367635834,-0.0025,0.0256907716882658));
#12386=CARTESIAN_POINT('',(-0.0320956160768073,-0.005,0.0289733385191404));
#12387=CARTESIAN_POINT('',(-0.0320956160768073,8.67361737988404E-19,0.0289733385191404));
#12388=CARTESIAN_POINT('',(-0.0329521425311515,-0.005,0.0294684079259963));
#12389=CARTESIAN_POINT('',(-0.0329521425311515,8.67361737988404E-19,0.0294684079259963));
#12390=CARTESIAN_POINT('',(-0.0341832883604144,-0.005,0.0299833890742353));
#12391=CARTESIAN_POINT('',(-0.0341832883604144,8.67361737988404E-19,0.0299833890742353));
#12392=CARTESIAN_POINT('',(-0.0356128054090439,-0.005,0.0303639274883877));
#12393=CARTESIAN_POINT('',(-0.0356128054090439,8.67361737988404E-19,0.0303639274883877));
#12394=CARTESIAN_POINT('',(-0.0320956160768954,8.67361737988404E-19,0.0289733385191913));
#12395=CARTESIAN_POINT('',(0.,-0.005,0.));
#12396=CARTESIAN_POINT('',(-0.0309984610215741,-0.005,0.0294390542357249));
#12397=CARTESIAN_POINT('',(-0.0313273724590568,-0.005,0.02908879912976));
#12398=CARTESIAN_POINT('',(-0.0309314666619786,-0.005,0.0302130317319103));
#12399=CARTESIAN_POINT('',(-0.0309314666619786,0.,0.0302130317319103));
#12400=CARTESIAN_POINT('',(-0.0314793409035069,-0.00499999999999999,0.0310367823616922));
#12401=CARTESIAN_POINT('',(-0.0314793409035069,7.80625564189563E-18,0.0310367823616922));
#12402=CARTESIAN_POINT('',(-0.0320706101403218,-0.005,0.0322331628720437));
#12403=CARTESIAN_POINT('',(-0.0320706101403218,0.,0.0322331628720437));
#12404=CARTESIAN_POINT('',(-0.032540157766999,-0.005,0.0336359648905944));
#12405=CARTESIAN_POINT('',(-0.032540157766999,0.,0.0336359648905944));
#12406=CARTESIAN_POINT('',(-0.030931466662035,-0.005,0.0302130317319951));
#12407=CARTESIAN_POINT('',(-0.0317838768465606,-0.0025,0.0295126828897948));
#12408=CARTESIAN_POINT('',(-0.0314501724914941,-0.0025,0.0298680419345859));
#12409=CARTESIAN_POINT('',(-0.019175951846172,-0.005,0.0387539131841909));
#12410=CARTESIAN_POINT('',(-0.019175951846172,-1.73472347597681E-18,0.0387539131841909));
#12411=CARTESIAN_POINT('',(-0.0197900827990159,-0.005,0.0395295254954363));
#12412=CARTESIAN_POINT('',(-0.0197900827990159,-1.73472347597681E-18,0.0395295254954363));
#12413=CARTESIAN_POINT('',(-0.0207451960369273,-0.005,0.0404615578654316));
#12414=CARTESIAN_POINT('',(-0.0207451960369273,-2.60208521396521E-18,0.0404615578654316));
#12415=CARTESIAN_POINT('',(-0.0219342418414302,-0.005,0.0413416138589695));
#12416=CARTESIAN_POINT('',(-0.0219342418414302,-2.60208521396521E-18,0.0413416138589695));
#12417=CARTESIAN_POINT('',(-0.0191759518462352,8.67361737988404E-19,0.0387539131842707));
#12418=CARTESIAN_POINT('',(0.,-0.005,0.));
#12419=CARTESIAN_POINT('',(-0.0179844014845968,-0.005,0.0387830349926463));
#12420=CARTESIAN_POINT('',(-0.0184191531093168,-0.005,0.0385784564068541));
#12421=CARTESIAN_POINT('',(-0.0176371915847866,-0.005,0.0394779988005477));
#12422=CARTESIAN_POINT('',(-0.0176371915847866,-1.73472347597681E-18,0.0394779988005477));
#12423=CARTESIAN_POINT('',(-0.0178433493396712,-0.005,0.0404455887264445));
#12424=CARTESIAN_POINT('',(-0.0178433493396712,-1.73472347597681E-18,0.0404455887264445));
#12425=CARTESIAN_POINT('',(-0.017952680532677,-0.005,0.0417756159164632));
#12426=CARTESIAN_POINT('',(-0.017952680532677,-1.73472347597681E-18,0.0417756159164632));
#12427=CARTESIAN_POINT('',(-0.017872849009382,-0.005,0.0432527602577029));
#12428=CARTESIAN_POINT('',(-0.017872849009382,-1.73472347597681E-18,0.0432527602577029));
#12429=CARTESIAN_POINT('',(-0.0176371915848078,-0.005,0.0394779988006473));
#12430=CARTESIAN_POINT('',(-0.0186875581349696,-0.0025,0.0391406240331327));
#12431=CARTESIAN_POINT('',(-0.0182464712829842,-0.0025,0.0393481837505894));
#12432=CARTESIAN_POINT('',(-0.0141675904856408,-0.005,0.0408517110550549));
#12433=CARTESIAN_POINT('',(-0.0141675904856408,-8.67361737988404E-19,0.0408517110550549));
#12434=CARTESIAN_POINT('',(-0.0146796688335288,-0.005,0.0416981784497136));
#12435=CARTESIAN_POINT('',(-0.0146796688335288,-8.67361737988404E-19,0.0416981784497136));
#12436=CARTESIAN_POINT('',(-0.0155104360875627,-0.005,0.0427425688966146));
#12437=CARTESIAN_POINT('',(-0.0155104360875627,8.67361737988404E-19,0.0427425688966146));
#12438=CARTESIAN_POINT('',(-0.0165798056473585,-0.005,0.0437647123413179));
#12439=CARTESIAN_POINT('',(-0.0165798056473585,8.67361737988404E-19,0.0437647123413179));
#12440=CARTESIAN_POINT('',(-0.0141675904856935,8.67361737988404E-19,0.040851711055142));
#12441=CARTESIAN_POINT('',(0.,-0.005,0.));
#12442=CARTESIAN_POINT('',(-0.0129817859241445,-0.005,0.0407312623695815));
#12443=CARTESIAN_POINT('',(-0.0134387498981249,-0.005,0.0405827857739664));
#12444=CARTESIAN_POINT('',(-0.0125502118168464,-0.005,0.0413772292408132));
#12445=CARTESIAN_POINT('',(-0.0125502118168464,0.,0.0413772292408132));
#12446=CARTESIAN_POINT('',(-0.0126334727820805,-0.005,0.0423630278491832));
#12447=CARTESIAN_POINT('',(-0.0126334727820805,0.,0.0423630278491832));
#12448=CARTESIAN_POINT('',(-0.0125752452575204,-0.005,0.0436962702094976));
#12449=CARTESIAN_POINT('',(-0.0125752452575204,0.,0.0436962702094976));
#12450=CARTESIAN_POINT('',(-0.0123109079529023,-0.005,0.04515176128345));
#12451=CARTESIAN_POINT('',(-0.0123109079529023,0.,0.04515176128345));
#12452=CARTESIAN_POINT('',(-0.012550211816855,-0.005,0.0413772292409146));
#12453=CARTESIAN_POINT('',(-0.0136345801835751,-0.0025,0.0411741606103704));
#12454=CARTESIAN_POINT('',(-0.0131709573026172,-0.0025,0.0413248008160178));
#12455=CARTESIAN_POINT('',(-0.00893579775984273,-0.005,0.0423052530389514));
#12456=CARTESIAN_POINT('',(-0.00893579775984273,0.,0.0423052530389514));
#12457=CARTESIAN_POINT('',(-0.00933774772132783,-0.005,0.0432092262205548));
#12458=CARTESIAN_POINT('',(-0.00933774772132783,0.,0.0432092262205548));
#12459=CARTESIAN_POINT('',(-0.0100310672956117,-0.005,0.044349504083125));
#12460=CARTESIAN_POINT('',(-0.0100310672956117,0.,0.044349504083125));
#12461=CARTESIAN_POINT('',(-0.0109638960139322,-0.005,0.0454976151662718));
#12462=CARTESIAN_POINT('',(-0.0109638960139322,0.,0.0454976151662718));
#12463=CARTESIAN_POINT('',(-0.00893579775988408,8.67361737988404E-19,0.0423052530390444));
#12464=CARTESIAN_POINT('',(0.,-0.005,0.));
#12465=CARTESIAN_POINT('',(-0.00777443984472545,-0.005,0.0420371334072716));
#12466=CARTESIAN_POINT('',(-0.00824640957311954,-0.005,0.0419471003664421));
#12467=CARTESIAN_POINT('',(-0.0072653077114214,-0.005,0.0426239160583923));
#12468=CARTESIAN_POINT('',(-0.0072653077114214,0.,0.0426239160583923));
#12469=CARTESIAN_POINT('',(-0.00722435881184559,-0.00500000000000001,0.0436123767162941));
#12470=CARTESIAN_POINT('',(-0.00722435881184559,-6.93889390390723E-18,0.0436123767162941));
#12471=CARTESIAN_POINT('',(-0.00699949085256521,-0.005,0.0449278082184417));
#12472=CARTESIAN_POINT('',(-0.00699949085256521,-8.67361737988404E-19,0.0449278082184417));
#12473=CARTESIAN_POINT('',(-0.00655481652382533,-0.005,0.0463386920614024));
#12474=CARTESIAN_POINT('',(-0.00655481652382533,-8.67361737988404E-19,0.0463386920614024));
#12475=CARTESIAN_POINT('',(-0.00726530771141719,-0.005,0.042623916058494));
#12476=CARTESIAN_POINT('',(-0.00836657675778216,-0.0025,0.0425583560785312));
#12477=CARTESIAN_POINT('',(-0.00788772945763952,-0.0025,0.0426497010863382));
#12478=CARTESIAN_POINT('',(-0.00356308216538506,-0.005,0.0430916159104904));
#12479=CARTESIAN_POINT('',(-0.00356308216538506,0.,0.0430916159104904));
#12480=CARTESIAN_POINT('',(-0.00384856474946145,-0.005,0.0440388386819572));
#12481=CARTESIAN_POINT('',(-0.00384856474946145,0.,0.0440388386819572));
#12482=CARTESIAN_POINT('',(-0.00439350258013991,-0.005,0.0452570210971349));
#12483=CARTESIAN_POINT('',(-0.00439350258013991,8.67361737988404E-19,0.0452570210971349));
#12484=CARTESIAN_POINT('',(-0.00517507919085219,-0.005,0.0465129934210958));
#12485=CARTESIAN_POINT('',(-0.00517507919085219,8.67361737988404E-19,0.0465129934210958));
#12486=CARTESIAN_POINT('',(-0.00356308216541444,8.67361737988404E-19,0.0430916159105878));
#12487=CARTESIAN_POINT('',(0.,-0.005,0.));
#12488=CARTESIAN_POINT('',(-0.00244448620472979,-0.005,0.0426800537393627));
#12489=CARTESIAN_POINT('',(-0.00292401844297975,-0.005,0.0426498841281558));
#12490=CARTESIAN_POINT('',(-0.00186582536330283,-0.005,0.0431983982574374));
#12491=CARTESIAN_POINT('',(-0.00186582536330283,1.73472347597681E-18,0.0431983982574374));
#12492=CARTESIAN_POINT('',(-0.00170131238752507,-0.005,0.0441739323498181));
#12493=CARTESIAN_POINT('',(-0.00170131238752507,1.73472347597681E-18,0.0441739323498181));
#12494=CARTESIAN_POINT('',(-0.00131335029557195,-0.005,0.0454508078532091));
#12495=CARTESIAN_POINT('',(-0.00131335029557195,2.60208521396521E-18,0.0454508078532091));
#12496=CARTESIAN_POINT('',(-0.000695351722510041,-0.005,0.0467948339841536));
#12497=CARTESIAN_POINT('',(-0.000695351722510041,2.60208521396521E-18,0.0467948339841536));
#12498=CARTESIAN_POINT('',(-0.00186582536328591,-0.005,0.0431983982575378));
#12499=CARTESIAN_POINT('',(-0.00296662741856832,-0.0025,0.0432713808482039));
#12500=CARTESIAN_POINT('',(-0.00248010740721366,-0.0025,0.0433019900928306));
#12501=CARTESIAN_POINT('',(0.00186582536330283,-0.005,0.0431983982574374));
#12502=CARTESIAN_POINT('',(0.00186582536330283,0.,0.0431983982574374));
#12503=CARTESIAN_POINT('',(0.00170131238752507,-0.005,0.0441739323498181));
#12504=CARTESIAN_POINT('',(0.00170131238752507,0.,0.0441739323498181));
#12505=CARTESIAN_POINT('',(0.00131335029557195,-0.005,0.0454508078532091));
#12506=CARTESIAN_POINT('',(0.00131335029557195,0.,0.0454508078532091));
#12507=CARTESIAN_POINT('',(0.000695351722510035,-0.005,0.0467948339841536));
#12508=CARTESIAN_POINT('',(0.000695351722510035,0.,0.0467948339841536));
#12509=CARTESIAN_POINT('',(0.00186582536328591,8.67361737988404E-19,0.0431983982575378));
#12510=CARTESIAN_POINT('',(0.,-0.005,0.));
#12511=CARTESIAN_POINT('',(0.00292401844297974,-0.005,0.0426498841281558));
#12512=CARTESIAN_POINT('',(0.00244448620472978,-0.005,0.0426800537393627));
#12513=CARTESIAN_POINT('',(0.00356308216538506,-0.005,0.0430916159104904));
#12514=CARTESIAN_POINT('',(0.00356308216538506,0.,0.0430916159104904));
#12515=CARTESIAN_POINT('',(0.00384856474946144,-0.005,0.0440388386819572));
#12516=CARTESIAN_POINT('',(0.00384856474946144,0.,0.0440388386819572));
#12517=CARTESIAN_POINT('',(0.0043935025801399,-0.005,0.0452570210971349));
#12518=CARTESIAN_POINT('',(0.0043935025801399,-8.67361737988404E-19,0.0452570210971349));
#12519=CARTESIAN_POINT('',(0.00517507919085219,-0.005,0.0465129934210958));
#12520=CARTESIAN_POINT('',(0.00517507919085219,-8.67361737988404E-19,0.0465129934210958));
#12521=CARTESIAN_POINT('',(0.00356308216541444,-0.005,0.0430916159105878));
#12522=CARTESIAN_POINT('',(0.00248010740721365,-0.0025,0.0433019900928306));
#12523=CARTESIAN_POINT('',(0.00296662741856832,-0.0025,0.0432713808482039));
#12524=CARTESIAN_POINT('',(0.0072653077114214,-0.005,0.0426239160583923));
#12525=CARTESIAN_POINT('',(0.0072653077114214,0.,0.0426239160583923));
#12526=CARTESIAN_POINT('',(0.00722435881184556,-0.00500000000000001,0.0436123767162941));
#12527=CARTESIAN_POINT('',(0.00722435881184556,-7.80625564189563E-18,0.0436123767162941));
#12528=CARTESIAN_POINT('',(0.00699949085256522,-0.005,0.0449278082184417));
#12529=CARTESIAN_POINT('',(0.00699949085256522,0.,0.0449278082184417));
#12530=CARTESIAN_POINT('',(0.00655481652382533,-0.005,0.0463386920614024));
#12531=CARTESIAN_POINT('',(0.00655481652382533,0.,0.0463386920614024));
#12532=CARTESIAN_POINT('',(0.00726530771141719,8.67361737988404E-19,0.042623916058494));
#12533=CARTESIAN_POINT('',(0.,-0.005,0.));
#12534=CARTESIAN_POINT('',(0.00824640957311953,-0.005,0.0419471003664421));
#12535=CARTESIAN_POINT('',(0.00777443984472545,-0.005,0.0420371334072716));
#12536=CARTESIAN_POINT('',(0.00893579775984273,-0.005,0.0423052530389514));
#12537=CARTESIAN_POINT('',(0.00893579775984273,-8.67361737988404E-19,0.0423052530389514));
#12538=CARTESIAN_POINT('',(0.00933774772132783,-0.005,0.0432092262205548));
#12539=CARTESIAN_POINT('',(0.00933774772132783,-8.67361737988404E-19,0.0432092262205548));
#12540=CARTESIAN_POINT('',(0.0100310672956117,-0.005,0.044349504083125));
#12541=CARTESIAN_POINT('',(0.0100310672956117,-8.67361737988404E-19,0.044349504083125));
#12542=CARTESIAN_POINT('',(0.0109638960139322,-0.005,0.0454976151662718));
#12543=CARTESIAN_POINT('',(0.0109638960139322,-8.67361737988404E-19,0.0454976151662718));
#12544=CARTESIAN_POINT('',(0.00893579775988408,-0.005,0.0423052530390444));
#12545=CARTESIAN_POINT('',(0.00788772945763952,-0.0025,0.0426497010863382));
#12546=CARTESIAN_POINT('',(0.00836657675778216,-0.0025,0.0425583560785312));
#12547=CARTESIAN_POINT('',(0.0125502118168464,-0.005,0.0413772292408131));
#12548=CARTESIAN_POINT('',(0.0125502118168464,-8.67361737988404E-19,0.0413772292408131));
#12549=CARTESIAN_POINT('',(0.0126334727820805,-0.005,0.0423630278491833));
#12550=CARTESIAN_POINT('',(0.0126334727820805,-8.67361737988404E-19,0.0423630278491833));
#12551=CARTESIAN_POINT('',(0.0125752452575204,-0.005,0.0436962702094975));
#12552=CARTESIAN_POINT('',(0.0125752452575204,-8.67361737988404E-19,0.0436962702094975));
#12553=CARTESIAN_POINT('',(0.0123109079529023,-0.005,0.04515176128345));
#12554=CARTESIAN_POINT('',(0.0123109079529023,-8.67361737988404E-19,0.04515176128345));
#12555=CARTESIAN_POINT('',(0.012550211816855,8.67361737988404E-19,0.0413772292409146));
#12556=CARTESIAN_POINT('',(0.,-0.005,0.));
#12557=CARTESIAN_POINT('',(0.0134387498981249,-0.005,0.0405827857739663));
#12558=CARTESIAN_POINT('',(0.0129817859241445,-0.005,0.0407312623695815));
#12559=CARTESIAN_POINT('',(0.0141675904856408,-0.005,0.0408517110550549));
#12560=CARTESIAN_POINT('',(0.0141675904856408,0.,0.0408517110550549));
#12561=CARTESIAN_POINT('',(0.0146796688335288,-0.005,0.0416981784497137));
#12562=CARTESIAN_POINT('',(0.0146796688335288,0.,0.0416981784497137));
#12563=CARTESIAN_POINT('',(0.0155104360875627,-0.005,0.0427425688966145));
#12564=CARTESIAN_POINT('',(0.0155104360875627,-8.67361737988404E-19,0.0427425688966145));
#12565=CARTESIAN_POINT('',(0.0165798056473586,-0.005,0.0437647123413179));
#12566=CARTESIAN_POINT('',(0.0165798056473586,-8.67361737988404E-19,0.0437647123413179));
#12567=CARTESIAN_POINT('',(0.0141675904856935,-0.005,0.040851711055142));
#12568=CARTESIAN_POINT('',(0.0131709573026172,-0.0025,0.0413248008160178));
#12569=CARTESIAN_POINT('',(0.0136345801835751,-0.0025,0.0411741606103704));
#12570=CARTESIAN_POINT('',(0.0176371915847866,-0.005,0.0394779988005477));
#12571=CARTESIAN_POINT('',(0.0176371915847866,0.,0.0394779988005477));
#12572=CARTESIAN_POINT('',(0.0178433493396712,-0.005,0.0404455887264445));
#12573=CARTESIAN_POINT('',(0.0178433493396712,0.,0.0404455887264445));
#12574=CARTESIAN_POINT('',(0.017952680532677,-0.005,0.0417756159164632));
#12575=CARTESIAN_POINT('',(0.017952680532677,8.67361737988404E-19,0.0417756159164632));
#12576=CARTESIAN_POINT('',(0.017872849009382,-0.005,0.0432527602577029));
#12577=CARTESIAN_POINT('',(0.017872849009382,8.67361737988404E-19,0.0432527602577029));
#12578=CARTESIAN_POINT('',(0.0176371915848078,8.67361737988404E-19,0.0394779988006473));
#12579=CARTESIAN_POINT('',(0.,-0.005,0.));
#12580=CARTESIAN_POINT('',(0.0184191531093168,-0.005,0.0385784564068542));
#12581=CARTESIAN_POINT('',(0.0179844014845968,-0.005,0.0387830349926463));
#12582=CARTESIAN_POINT('',(0.019175951846172,-0.005,0.0387539131841909));
#12583=CARTESIAN_POINT('',(0.019175951846172,-1.73472347597681E-18,0.0387539131841909));
#12584=CARTESIAN_POINT('',(0.0197900827990159,-0.005,0.0395295254954363));
#12585=CARTESIAN_POINT('',(0.0197900827990159,-1.73472347597681E-18,0.0395295254954363));
#12586=CARTESIAN_POINT('',(0.0207451960369273,-0.005,0.0404615578654316));
#12587=CARTESIAN_POINT('',(0.0207451960369273,-1.73472347597681E-18,0.0404615578654316));
#12588=CARTESIAN_POINT('',(0.0219342418414302,-0.005,0.0413416138589695));
#12589=CARTESIAN_POINT('',(0.0219342418414302,-1.73472347597681E-18,0.0413416138589695));
#12590=CARTESIAN_POINT('',(0.0191759518462352,-0.005,0.0387539131842707));
#12591=CARTESIAN_POINT('',(0.0182464712829842,-0.0025,0.0393481837505894));
#12592=CARTESIAN_POINT('',(0.0186875581349696,-0.0025,0.0391406240331327));
#12593=CARTESIAN_POINT('',(0.0309314666619786,-0.005,0.0302130317319103));
#12594=CARTESIAN_POINT('',(0.0309314666619786,-8.67361737988404E-19,0.0302130317319103));
#12595=CARTESIAN_POINT('',(0.0314793409035068,-0.005,0.0310367823616923));
#12596=CARTESIAN_POINT('',(0.0314793409035068,-8.67361737988404E-19,0.0310367823616923));
#12597=CARTESIAN_POINT('',(0.0320706101403217,-0.005,0.0322331628720438));
#12598=CARTESIAN_POINT('',(0.0320706101403217,-8.67361737988404E-19,0.0322331628720438));
#12599=CARTESIAN_POINT('',(0.032540157766999,-0.005,0.0336359648905945));
#12600=CARTESIAN_POINT('',(0.032540157766999,-8.67361737988404E-19,0.0336359648905945));
#12601=CARTESIAN_POINT('',(0.0309314666620349,8.67361737988404E-19,0.0302130317319951));
#12602=CARTESIAN_POINT('',(0.,-0.005,0.));
#12603=CARTESIAN_POINT('',(0.0313273724590568,-0.005,0.02908879912976));
#12604=CARTESIAN_POINT('',(0.0309984610215741,-0.005,0.0294390542357249));
#12605=CARTESIAN_POINT('',(0.0320956160768073,-0.005,0.0289733385191404));
#12606=CARTESIAN_POINT('',(0.0320956160768073,-8.67361737988404E-19,0.0289733385191404));
#12607=CARTESIAN_POINT('',(0.0329521425311516,-0.00500000000000001,0.0294684079259963));
#12608=CARTESIAN_POINT('',(0.0329521425311516,-8.67361737988404E-18,0.0294684079259963));
#12609=CARTESIAN_POINT('',(0.0341832883604144,-0.005,0.0299833890742354));
#12610=CARTESIAN_POINT('',(0.0341832883604144,-1.73472347597681E-18,0.0299833890742354));
#12611=CARTESIAN_POINT('',(0.0356128054090439,-0.005,0.0303639274883877));
#12612=CARTESIAN_POINT('',(0.0356128054090439,-1.73472347597681E-18,0.0303639274883877));
#12613=CARTESIAN_POINT('',(0.0320956160768954,-0.005,0.0289733385191913));
#12614=CARTESIAN_POINT('',(0.0314501724914941,-0.0025,0.0298680419345859));
#12615=CARTESIAN_POINT('',(0.0317838768465606,-0.0025,0.0295126828897948));
#12616=CARTESIAN_POINT('',(0.0344742597713089,-0.005,0.0260980522168768));
#12617=CARTESIAN_POINT('',(0.0344742597713089,0.,0.0260980522168768));
#12618=CARTESIAN_POINT('',(0.0351210571908817,-0.005,0.0268466404766232));
#12619=CARTESIAN_POINT('',(0.0351210571908817,0.,0.0268466404766232));
#12620=CARTESIAN_POINT('',(0.0358576103310966,-0.005,0.027959481483952));
#12621=CARTESIAN_POINT('',(0.0358576103310966,0.,0.027959481483952));
#12622=CARTESIAN_POINT('',(0.0364992731475259,-0.005,0.0292923720672258));
#12623=CARTESIAN_POINT('',(0.0364992731475259,0.,0.0292923720672258));
#12624=CARTESIAN_POINT('',(0.0344742597713754,8.67361737988404E-19,0.0260980522169538));
#12625=CARTESIAN_POINT('',(0.,-0.005,0.));
#12626=CARTESIAN_POINT('',(0.0347261400256199,-0.005,0.0249330643708518));
#12627=CARTESIAN_POINT('',(0.0344437207580658,-0.005,0.025321781144706));
#12628=CARTESIAN_POINT('',(0.0354738547613029,-0.005,0.0247222277448555));
#12629=CARTESIAN_POINT('',(0.0354738547613029,-1.73472347597681E-18,0.0247222277448555));
#12630=CARTESIAN_POINT('',(0.0363856758983226,-0.005,0.0251060421514119));
#12631=CARTESIAN_POINT('',(0.0363856758983226,-1.73472347597681E-18,0.0251060421514119));
#12632=CARTESIAN_POINT('',(0.0376716580275297,-0.005,0.025462659031709));
#12633=CARTESIAN_POINT('',(0.0376716580275297,-1.73472347597681E-18,0.025462659031709));
#12634=CARTESIAN_POINT('',(0.0391375970171959,-0.005,0.0256610307926644));
#12635=CARTESIAN_POINT('',(0.0391375970171959,-1.73472347597681E-18,0.0256610307926644));
#12636=CARTESIAN_POINT('',(0.0354738547613967,-0.005,0.0247222277448949));
#12637=CARTESIAN_POINT('',(0.0349456367635834,-0.0025,0.0256907716882658));
#12638=CARTESIAN_POINT('',(0.0352321714619775,-0.0025,0.0252963905098086));
#12639=CARTESIAN_POINT('',(0.0224460223054871,-0.005,0.0369561767361843));
#12640=CARTESIAN_POINT('',(0.0224460223054871,0.,0.0369561767361843));
#12641=CARTESIAN_POINT('',(0.022771825619075,-0.005,0.0378902985084663));
#12642=CARTESIAN_POINT('',(0.022771825619075,0.,0.0378902985084663));
#12643=CARTESIAN_POINT('',(0.0230469913114219,-0.005,0.0391961352048829));
#12644=CARTESIAN_POINT('',(0.0230469913114219,0.,0.0391961352048829));
#12645=CARTESIAN_POINT('',(0.0231529245602613,-0.005,0.0406716373647452));
#12646=CARTESIAN_POINT('',(0.0231529245602613,0.,0.0406716373647452));
#12647=CARTESIAN_POINT('',(0.0224460223055206,8.67361737988404E-19,0.0369561767362804));
#12648=CARTESIAN_POINT('',(0.,-0.005,0.));
#12649=CARTESIAN_POINT('',(0.0231090752729061,-0.005,0.035965721736553));
#12650=CARTESIAN_POINT('',(0.0227033922902764,-0.005,0.0362231759860151));
#12651=CARTESIAN_POINT('',(0.0238818969909308,-0.005,0.0360449429519466));
#12652=CARTESIAN_POINT('',(0.0238818969909308,0.,0.0360449429519466));
#12653=CARTESIAN_POINT('',(0.0245883953367401,-0.005,0.0367374683103018));
#12654=CARTESIAN_POINT('',(0.0245883953367401,0.,0.0367374683103018));
#12655=CARTESIAN_POINT('',(0.0256527918522102,-0.005,0.0375424438961478));
#12656=CARTESIAN_POINT('',(0.0256527918522102,-8.67361737988404E-19,0.0375424438961478));
#12657=CARTESIAN_POINT('',(0.0269427619387816,-0.005,0.0382665334297821));
#12658=CARTESIAN_POINT('',(0.0269427619387816,-8.67361737988404E-19,0.0382665334297821));
#12659=CARTESIAN_POINT('',(0.0238818969910035,-0.005,0.0360449429520179));
#12660=CARTESIAN_POINT('',(0.0230342275113048,-0.0025,0.0367510223219486));
#12661=CARTESIAN_POINT('',(0.0234458221311695,-0.0025,0.036489816433417));
#12662=CARTESIAN_POINT('',(0.0269008658458264,-0.005,0.0338515336881413));
#12663=CARTESIAN_POINT('',(0.0269008658458264,-8.67361737988404E-19,0.0338515336881413));
#12664=CARTESIAN_POINT('',(0.0273411766052368,-0.005,0.0347374556484422));
#12665=CARTESIAN_POINT('',(0.0273411766052368,-8.67361737988404E-19,0.0347374556484422));
#12666=CARTESIAN_POINT('',(0.0277778372695803,-0.005,0.0359985080264853));
#12667=CARTESIAN_POINT('',(0.0277778372695803,-8.67361737988404E-19,0.0359985080264853));
#12668=CARTESIAN_POINT('',(0.0280678646599386,-0.005,0.037449098454487));
#12669=CARTESIAN_POINT('',(0.0280678646599386,-8.67361737988404E-19,0.037449098454487));
#12670=CARTESIAN_POINT('',(0.0269008658458717,8.67361737988404E-19,0.0338515336882324));
#12671=CARTESIAN_POINT('',(0.,-0.005,0.));
#12672=CARTESIAN_POINT('',(0.0274345535147492,-0.005,0.0327857861495857));
#12673=CARTESIAN_POINT('',(0.0270643370371891,-0.005,0.0330920558554079));
#12674=CARTESIAN_POINT('',(0.0282112103537887,-0.005,0.0327675224371449));
#12675=CARTESIAN_POINT('',(0.0282112103537887,-1.73472347597681E-18,0.0327675224371449));
#12676=CARTESIAN_POINT('',(0.0289989341916084,-0.005,0.033366039304014));
#12677=CARTESIAN_POINT('',(0.0289989341916084,-1.73472347597681E-18,0.033366039304014));
#12678=CARTESIAN_POINT('',(0.0301558278157486,-0.005,0.0340312631598524));
#12679=CARTESIAN_POINT('',(0.0301558278157486,-1.73472347597681E-18,0.0340312631598524));
#12680=CARTESIAN_POINT('',(0.0315263785855325,-0.005,0.034587966909088));
#12681=CARTESIAN_POINT('',(0.0315263785855325,-1.73472347597681E-18,0.034587966909088));
#12682=CARTESIAN_POINT('',(0.0282112103538698,-0.005,0.0327675224372065));
#12683=CARTESIAN_POINT('',(0.0274587202117917,-0.0025,0.033574275317294));
#12684=CARTESIAN_POINT('',(0.0278343315065057,-0.0025,0.0332635426305867));
#12685=CARTESIAN_POINT('',(0.0374733732101211,-0.005,0.0215714908281624));
#12686=CARTESIAN_POINT('',(0.0374733732101211,0.,0.0215714908281624));
#12687=CARTESIAN_POINT('',(0.0382088934260539,-0.005,0.0222331110338321));
#12688=CARTESIAN_POINT('',(0.0382088934260539,0.,0.0222331110338321));
#12689=CARTESIAN_POINT('',(0.0390791145866519,-0.005,0.0232448623706735));
#12690=CARTESIAN_POINT('',(0.0390791145866519,8.67361737988404E-19,0.0232448623706735));
#12691=CARTESIAN_POINT('',(0.0398827731869073,-0.005,0.0244868210379421));
#12692=CARTESIAN_POINT('',(0.0398827731869073,8.67361737988404E-19,0.0244868210379421));
#12693=CARTESIAN_POINT('',(0.0374733732101968,8.67361737988404E-19,0.0215714908282305));
#12694=CARTESIAN_POINT('',(0.,-0.005,0.));
#12695=CARTESIAN_POINT('',(0.0375772556195884,-0.005,0.0203841202925245));
#12696=CARTESIAN_POINT('',(0.0373457824425213,-0.005,0.0208051684385363));
#12697=CARTESIAN_POINT('',(0.0382926495651591,-0.005,0.0200812326706912));
#12698=CARTESIAN_POINT('',(0.0382926495651591,-2.60208521396521E-18,0.0200812326706912));
#12699=CARTESIAN_POINT('',(0.0392453854208278,-0.00499999999999999,0.0203477390944773));
#12700=CARTESIAN_POINT('',(0.0392453854208278,5.20417042793042E-18,0.0203477390944773));
#12701=CARTESIAN_POINT('',(0.0405659231435931,-0.005,0.0205403676455974));
#12702=CARTESIAN_POINT('',(0.0405659231435931,-1.73472347597681E-18,0.0205403676455974));
#12703=CARTESIAN_POINT('',(0.0420451653407195,-0.005,0.020553444312184));
#12704=CARTESIAN_POINT('',(0.0420451653407195,-1.73472347597681E-18,0.020553444312184));
#12705=CARTESIAN_POINT('',(0.0382926495652571,-0.005,0.0200812326707187));
#12706=CARTESIAN_POINT('',(0.0378899874683994,-0.0025,0.0211083426254988));
#12707=CARTESIAN_POINT('',(0.03812483368676,-0.0025,0.0206811589401515));
#12708=CARTESIAN_POINT('',(0.0398815091679015,-0.005,0.0167047341429039));
#12709=CARTESIAN_POINT('',(0.0398815091679015,1.73472347597681E-18,0.0167047341429039));
#12710=CARTESIAN_POINT('',(0.0406941525870105,-0.00500000000000001,0.0172689521486207));
#12711=CARTESIAN_POINT('',(0.0406941525870105,-6.07153216591882E-18,0.0172689521486207));
#12712=CARTESIAN_POINT('',(0.0416843178604439,-0.005,0.0181636578920018));
#12713=CARTESIAN_POINT('',(0.0416843178604439,1.73472347597681E-18,0.0181636578920018));
#12714=CARTESIAN_POINT('',(0.0426372980683172,-0.005,0.0192950982131721));
#12715=CARTESIAN_POINT('',(0.0426372980683172,1.73472347597681E-18,0.0192950982131721));
#12716=CARTESIAN_POINT('',(0.0398815091679851,8.67361737988404E-19,0.016704734142962));
#12717=CARTESIAN_POINT('',(0.,-0.005,0.));
#12718=CARTESIAN_POINT('',(0.0398357554448716,-0.005,0.015513706460301));
#12719=CARTESIAN_POINT('',(0.0396588788285693,-0.005,0.0159604457976856));
#12720=CARTESIAN_POINT('',(0.0405075464104526,-0.005,0.0151235445613632));
#12721=CARTESIAN_POINT('',(0.0405075464104526,8.67361737988404E-19,0.0151235445613632));
#12722=CARTESIAN_POINT('',(0.0414861717711899,-0.005,0.0152685400368724));
#12723=CARTESIAN_POINT('',(0.0414861717711899,8.67361737988404E-19,0.0152685400368724));
#12724=CARTESIAN_POINT('',(0.0428204394187744,-0.005,0.0152941423914939));
#12725=CARTESIAN_POINT('',(0.0428204394187744,8.67361737988404E-19,0.0152941423914939));
#12726=CARTESIAN_POINT('',(0.0442896562902556,-0.005,0.015121717736868));
#12727=CARTESIAN_POINT('',(0.0442896562902556,8.67361737988404E-19,0.015121717736868));
#12728=CARTESIAN_POINT('',(0.0405075464105533,-0.005,0.0151235445613781));
#12729=CARTESIAN_POINT('',(0.0402367904364574,-0.0025,0.0161930223900149));
#12730=CARTESIAN_POINT('',(0.0404162445096305,-0.0025,0.0157397731396827));
#12731=CARTESIAN_POINT('',(0.0416606899020454,-0.005,0.0115745338212873));
#12732=CARTESIAN_POINT('',(0.0416606899020454,0.,0.0115745338212873));
#12733=CARTESIAN_POINT('',(0.0425376406521614,-0.005,0.0120324515720536));
#12734=CARTESIAN_POINT('',(0.0425376406521614,0.,0.0120324515720536));
#12735=CARTESIAN_POINT('',(0.0436321345405726,-0.005,0.0127960016779301));
#12736=CARTESIAN_POINT('',(0.0436321345405726,0.,0.0127960016779301));
#12737=CARTESIAN_POINT('',(0.0447194072889026,-0.005,0.0137990801632475));
#12738=CARTESIAN_POINT('',(0.0447194072889026,0.,0.0137990801632475));
#12739=CARTESIAN_POINT('',(0.0416606899021357,8.67361737988404E-19,0.0115745338213344));
#12740=CARTESIAN_POINT('',(0.,-0.005,0.));
#12741=CARTESIAN_POINT('',(0.0414660216100623,-0.005,0.0103986322097594));
#12742=CARTESIAN_POINT('',(0.0413465310044248,-0.005,0.0108640173922972));
#12743=CARTESIAN_POINT('',(0.0420836150508181,-0.005,0.00992734911993489));
#12744=CARTESIAN_POINT('',(0.0420836150508181,-8.67361737988404E-19,0.00992734911993489));
#12745=CARTESIAN_POINT('',(0.0430726964100824,-0.00499999999999999,0.00994854698190244));
#12746=CARTESIAN_POINT('',(0.0430726964100824,6.93889390390723E-18,0.00994854698190244));
#12747=CARTESIAN_POINT('',(0.0443996517846308,-0.005,0.00980671937559859));
#12748=CARTESIAN_POINT('',(0.0443996517846308,-1.73472347597681E-18,0.00980671937559859));
#12749=CARTESIAN_POINT('',(0.0458356729027363,-0.005,0.00945151263956529));
#12750=CARTESIAN_POINT('',(0.0458356729027363,-1.73472347597681E-18,0.00945151263956529));
#12751=CARTESIAN_POINT('',(0.0420836150509198,-0.005,0.00992734911993708));
#12752=CARTESIAN_POINT('',(0.0419490351830389,-0.0025,0.0110223285181978));
#12753=CARTESIAN_POINT('',(0.04207026701309,-0.0025,0.0105501617143164));
#12754=CARTESIAN_POINT('',(0.0427828566695442,-0.005,0.00626179618701769));
#12755=CARTESIAN_POINT('',(0.0427828566695442,-1.73472347597681E-18,0.00626179618701769));
#12756=CARTESIAN_POINT('',(0.0437102847134733,-0.005,0.0066061920463571));
#12757=CARTESIAN_POINT('',(0.0437102847134733,-1.73472347597681E-18,0.0066061920463571));
#12758=CARTESIAN_POINT('',(0.0448918463944224,-0.005,0.00722654487343645));
#12759=CARTESIAN_POINT('',(0.0448918463944224,-2.60208521396521E-18,0.00722654487343645));
#12760=CARTESIAN_POINT('',(0.046096264742463,-0.005,0.0080854423759776));
#12761=CARTESIAN_POINT('',(0.046096264742463,-2.60208521396521E-18,0.0080854423759776));
#12762=CARTESIAN_POINT('',(0.0427828566696397,8.67361737988404E-19,0.00626179618705313));
#12763=CARTESIAN_POINT('',(0.,-0.005,0.));
#12764=CARTESIAN_POINT('',(0.0424423438438617,-0.005,0.00511956531742811));
#12765=CARTESIAN_POINT('',(0.0423821236871202,-0.005,0.00559625694278293));
#12766=CARTESIAN_POINT('',(0.0429959999422991,-0.005,0.0045745934525743));
#12767=CARTESIAN_POINT('',(0.0429959999422991,-8.67361737988404E-19,0.0045745934525743));
#12768=CARTESIAN_POINT('',(0.0439799388962063,-0.005,0.00447165939805395));
#12769=CARTESIAN_POINT('',(0.0439799388962063,-8.67361737988404E-19,0.00447165939805395));
#12770=CARTESIAN_POINT('',(0.0452786551187774,-0.005,0.00416463853689998));
#12771=CARTESIAN_POINT('',(0.0452786551187774,-8.67361737988404E-19,0.00416463853689998));
#12772=CARTESIAN_POINT('',(0.0466588335726369,-0.005,0.00363225154187663));
#12773=CARTESIAN_POINT('',(0.0466588335726369,-8.67361737988404E-19,0.00363225154187663));
#12774=CARTESIAN_POINT('',(0.0429959999424003,-0.005,0.00457459345256371));
#12775=CARTESIAN_POINT('',(0.0429997185856449,-0.0025,0.00567780594122886));
#12776=CARTESIAN_POINT('',(0.0430608162741937,-0.0025,0.00519416793635418));
#12777=CARTESIAN_POINT('',(0.,0.127398717826973,2.46919410878085E-18));
#12778=MECHANICAL_DESIGN_GEOMETRIC_PRESENTATION_REPRESENTATION('',(#5741),
#12779);
#12779=(
GEOMETRIC_REPRESENTATION_CONTEXT(3)
GLOBAL_UNCERTAINTY_ASSIGNED_CONTEXT((#12780))
GLOBAL_UNIT_ASSIGNED_CONTEXT((#12783,#12782,#12781))
REPRESENTATION_CONTEXT('driving gears','TOP_LEVEL_ASSEMBLY_PART')
);
#12780=UNCERTAINTY_MEASURE_WITH_UNIT(LENGTH_MEASURE(2.E-5),#12783,
'DISTANCE_ACCURACY_VALUE','Maximum Tolerance applied to model');
#12781=(
NAMED_UNIT(*)
SI_UNIT($,.STERADIAN.)
SOLID_ANGLE_UNIT()
);
#12782=(
NAMED_UNIT(*)
PLANE_ANGLE_UNIT()
SI_UNIT($,.RADIAN.)
);
#12783=(
LENGTH_UNIT()
NAMED_UNIT(*)
SI_UNIT($,.METRE.)
);
#12784=PRODUCT_DEFINITION_SHAPE('','',#12785);
#12785=PRODUCT_DEFINITION('','',#12787,#12786);
#12786=PRODUCT_DEFINITION_CONTEXT('',#12793,'design');
#12787=PRODUCT_DEFINITION_FORMATION_WITH_SPECIFIED_SOURCE('','',#12789,
 .NOT_KNOWN.);
#12788=PRODUCT_RELATED_PRODUCT_CATEGORY('','',(#12789));
#12789=PRODUCT('driving gears','driving gears','driving gears',(#12791));
#12790=PRODUCT_CATEGORY('','');
#12791=PRODUCT_CONTEXT('',#12793,'mechanical');
#12792=APPLICATION_PROTOCOL_DEFINITION('international standard',
'ap242_managed_model_based_3d_engineering',2020,#12793);
#12793=APPLICATION_CONTEXT('managed model based 3d engineering');
ENDSEC;
END-ISO-10303-21;
