ISO-10303-21;
HEADER;
/* Generated by software containing ST-Developer
 * from STEP Tools, Inc. (www.steptools.com) 
 */
/* OPTION: using custom renumber hook */

FILE_DESCRIPTION(
/* description */ ('STEP AP242 Edition 2',
'CAx-IF Rec.Pracs.---Representation and Presentation of Product Manufa
cturing Information (PMI)---4.0---2014-10-13',
'CAx-IF Rec.Pracs.---3D Tessellated Geometry---0.4---2014-09-14','2;1',
'CAx-IF Rec.Pracs.---User Defined Attributes---1.5---2016-08-15'),
/* implementation_level */ '2;1');

FILE_NAME(
/* name */ 'sprockety - sprockets',
/* time_stamp */ '2026-09-27T03:13:35Z',
/* author */ (''),
/* organization */ (''),
/* preprocessor_version */ 'ST-DEVELOPER v20',
/* originating_system */ 'ONSHAPE BY PTC INC, 1.221',
/* authorisation */ '  ');

FILE_SCHEMA (('AP242_MANAGED_MODEL_BASED_3D_ENGINEERING_MIM_LF { 1 0 10303 442 3 1 4 }'));
ENDSEC;

DATA;
#10=SHAPE_REPRESENTATION_RELATIONSHIP('','',#2673,#11);
#11=ADVANCED_BREP_SHAPE_REPRESENTATION('',(#2671),#6749);
#12=B_SPLINE_SURFACE_WITH_KNOTS('',3,1,((#5575,#5576),(#5577,#5578),(#5579,
#5580),(#5581,#5582),(#5583,#5584),(#5585,#5586),(#5587,#5588),(#5589,#5590),
(#5591,#5592),(#5593,#5594),(#5595,#5596)),.SURF_OF_LINEAR_EXTRUSION.,.F.,
 .F.,.F.,(4,1,1,1,1,1,1,1,4),(2,2),(0.0794209653184011,0.134424570543242,
0.189428175768083,0.244431780992924,0.299435386217765,0.409442596667447,
0.519449807117129,0.739464228016493,0.959478648915857),(0.,1.),
 .UNSPECIFIED.);
#13=B_SPLINE_SURFACE_WITH_KNOTS('',3,1,((#5601,#5602),(#5603,#5604),(#5605,
#5606),(#5607,#5608),(#5609,#5610),(#5611,#5612),(#5613,#5614),(#5615,#5616),
(#5617,#5618),(#5619,#5620),(#5621,#5622)),.SURF_OF_LINEAR_EXTRUSION.,.F.,
 .F.,.F.,(4,1,1,1,1,1,1,1,4),(2,2),(0.0794209653184221,0.134424570543262,
0.189428175768101,0.244431780992941,0.299435386217781,0.40944259666746,
0.51944980711714,0.739464228016498,0.959478648915857),(0.,1.),
 .UNSPECIFIED.);
#14=B_SPLINE_SURFACE_WITH_KNOTS('',3,1,((#5626,#5627),(#5628,#5629),(#5630,
#5631),(#5632,#5633),(#5634,#5635),(#5636,#5637),(#5638,#5639),(#5640,#5641),
(#5642,#5643),(#5644,#5645),(#5646,#5647)),.SURF_OF_LINEAR_EXTRUSION.,.F.,
 .F.,.F.,(4,1,1,1,1,1,1,1,4),(2,2),(0.0794209653184008,0.134424570543242,
0.189428175768083,0.244431780992925,0.299435386217766,0.409442596667448,
0.519449807117131,0.739464228016496,0.959478648915861),(0.,1.),
 .UNSPECIFIED.);
#15=B_SPLINE_SURFACE_WITH_KNOTS('',3,1,((#5652,#5653),(#5654,#5655),(#5656,
#5657),(#5658,#5659),(#5660,#5661),(#5662,#5663),(#5664,#5665),(#5666,#5667),
(#5668,#5669),(#5670,#5671),(#5672,#5673)),.SURF_OF_LINEAR_EXTRUSION.,.F.,
 .F.,.F.,(4,1,1,1,1,1,1,1,4),(2,2),(0.0794209653184231,0.134424570543263,
0.189428175768103,0.244431780992943,0.299435386217782,0.409442596667462,
0.519449807117142,0.739464228016501,0.95947864891586),(0.,1.),
 .UNSPECIFIED.);
#16=B_SPLINE_SURFACE_WITH_KNOTS('',3,1,((#5677,#5678),(#5679,#5680),(#5681,
#5682),(#5683,#5684),(#5685,#5686),(#5687,#5688),(#5689,#5690),(#5691,#5692),
(#5693,#5694),(#5695,#5696),(#5697,#5698)),.SURF_OF_LINEAR_EXTRUSION.,.F.,
 .F.,.F.,(4,1,1,1,1,1,1,1,4),(2,2),(0.0794209653183999,0.134424570543241,
0.189428175768083,0.244431780992924,0.299435386217766,0.409442596667449,
0.519449807117132,0.739464228016498,0.959478648915863),(0.,1.),
 .UNSPECIFIED.);
#17=B_SPLINE_SURFACE_WITH_KNOTS('',3,1,((#5703,#5704),(#5705,#5706),(#5707,
#5708),(#5709,#5710),(#5711,#5712),(#5713,#5714),(#5715,#5716),(#5717,#5718),
(#5719,#5720),(#5721,#5722),(#5723,#5724)),.SURF_OF_LINEAR_EXTRUSION.,.F.,
 .F.,.F.,(4,1,1,1,1,1,1,1,4),(2,2),(0.0794209653184158,0.134424570543256,
0.189428175768096,0.244431780992936,0.299435386217776,0.409442596667457,
0.519449807117137,0.739464228016497,0.959478648915858),(0.,1.),
 .UNSPECIFIED.);
#18=B_SPLINE_SURFACE_WITH_KNOTS('',3,1,((#5728,#5729),(#5730,#5731),(#5732,
#5733),(#5734,#5735),(#5736,#5737),(#5738,#5739),(#5740,#5741),(#5742,#5743),
(#5744,#5745),(#5746,#5747),(#5748,#5749)),.SURF_OF_LINEAR_EXTRUSION.,.F.,
 .F.,.F.,(4,1,1,1,1,1,1,1,4),(2,2),(0.079420965318401,0.134424570543242,
0.189428175768082,0.244431780992923,0.299435386217764,0.409442596667445,
0.519449807117127,0.739464228016489,0.959478648915852),(0.,1.),
 .UNSPECIFIED.);
#19=B_SPLINE_SURFACE_WITH_KNOTS('',3,1,((#5754,#5755),(#5756,#5757),(#5758,
#5759),(#5760,#5761),(#5762,#5763),(#5764,#5765),(#5766,#5767),(#5768,#5769),
(#5770,#5771),(#5772,#5773),(#5774,#5775)),.SURF_OF_LINEAR_EXTRUSION.,.F.,
 .F.,.F.,(4,1,1,1,1,1,1,1,4),(2,2),(0.079420965318421,0.134424570543261,
0.189428175768101,0.244431780992941,0.29943538621778,0.40944259666746,0.51944980711714,
0.739464228016499,0.959478648915858),(0.,1.),.UNSPECIFIED.);
#20=B_SPLINE_SURFACE_WITH_KNOTS('',3,1,((#5779,#5780),(#5781,#5782),(#5783,
#5784),(#5785,#5786),(#5787,#5788),(#5789,#5790),(#5791,#5792),(#5793,#5794),
(#5795,#5796),(#5797,#5798),(#5799,#5800)),.SURF_OF_LINEAR_EXTRUSION.,.F.,
 .F.,.F.,(4,1,1,1,1,1,1,1,4),(2,2),(0.0794209653184015,0.134424570543243,
0.189428175768084,0.244431780992925,0.299435386217766,0.409442596667448,
0.51944980711713,0.739464228016495,0.959478648915859),(0.,1.),
 .UNSPECIFIED.);
#21=B_SPLINE_SURFACE_WITH_KNOTS('',3,1,((#5805,#5806),(#5807,#5808),(#5809,
#5810),(#5811,#5812),(#5813,#5814),(#5815,#5816),(#5817,#5818),(#5819,#5820),
(#5821,#5822),(#5823,#5824),(#5825,#5826)),.SURF_OF_LINEAR_EXTRUSION.,.F.,
 .F.,.F.,(4,1,1,1,1,1,1,1,4),(2,2),(0.079420965318419,0.134424570543259,
0.1894281757681,0.24443178099294,0.29943538621778,0.409442596667461,0.519449807117141,
0.739464228016502,0.959478648915864),(0.,1.),.UNSPECIFIED.);
#22=B_SPLINE_SURFACE_WITH_KNOTS('',3,1,((#5830,#5831),(#5832,#5833),(#5834,
#5835),(#5836,#5837),(#5838,#5839),(#5840,#5841),(#5842,#5843),(#5844,#5845),
(#5846,#5847),(#5848,#5849),(#5850,#5851)),.SURF_OF_LINEAR_EXTRUSION.,.F.,
 .F.,.F.,(4,1,1,1,1,1,1,1,4),(2,2),(0.0794209653184039,0.134424570543245,
0.189428175768086,0.244431780992927,0.299435386217767,0.409442596667449,
0.519449807117131,0.739464228016494,0.959478648915858),(0.,1.),
 .UNSPECIFIED.);
#23=B_SPLINE_SURFACE_WITH_KNOTS('',3,1,((#5856,#5857),(#5858,#5859),(#5860,
#5861),(#5862,#5863),(#5864,#5865),(#5866,#5867),(#5868,#5869),(#5870,#5871),
(#5872,#5873),(#5874,#5875),(#5876,#5877)),.SURF_OF_LINEAR_EXTRUSION.,.F.,
 .F.,.F.,(4,1,1,1,1,1,1,1,4),(2,2),(0.0794209653184221,0.134424570543262,
0.189428175768102,0.244431780992942,0.299435386217782,0.409442596667462,
0.519449807117142,0.739464228016502,0.959478648915862),(0.,1.),
 .UNSPECIFIED.);
#24=B_SPLINE_SURFACE_WITH_KNOTS('',3,1,((#5881,#5882),(#5883,#5884),(#5885,
#5886),(#5887,#5888),(#5889,#5890),(#5891,#5892),(#5893,#5894),(#5895,#5896),
(#5897,#5898),(#5899,#5900),(#5901,#5902)),.SURF_OF_LINEAR_EXTRUSION.,.F.,
 .F.,.F.,(4,1,1,1,1,1,1,1,4),(2,2),(0.0794209653183973,0.134424570543239,
0.189428175768081,0.244431780992922,0.299435386217764,0.409442596667447,
0.519449807117131,0.739464228016498,0.959478648915864),(0.,1.),
 .UNSPECIFIED.);
#25=B_SPLINE_SURFACE_WITH_KNOTS('',3,1,((#5907,#5908),(#5909,#5910),(#5911,
#5912),(#5913,#5914),(#5915,#5916),(#5917,#5918),(#5919,#5920),(#5921,#5922),
(#5923,#5924),(#5925,#5926),(#5927,#5928)),.SURF_OF_LINEAR_EXTRUSION.,.F.,
 .F.,.F.,(4,1,1,1,1,1,1,1,4),(2,2),(0.0794209653184168,0.134424570543257,
0.189428175768097,0.244431780992938,0.299435386217778,0.409442596667459,
0.51944980711714,0.739464228016501,0.959478648915863),(0.,1.),
 .UNSPECIFIED.);
#26=B_SPLINE_SURFACE_WITH_KNOTS('',3,1,((#5932,#5933),(#5934,#5935),(#5936,
#5937),(#5938,#5939),(#5940,#5941),(#5942,#5943),(#5944,#5945),(#5946,#5947),
(#5948,#5949),(#5950,#5951),(#5952,#5953)),.SURF_OF_LINEAR_EXTRUSION.,.F.,
 .F.,.F.,(4,1,1,1,1,1,1,1,4),(2,2),(0.079420965318401,0.134424570543242,
0.189428175768083,0.244431780992924,0.299435386217765,0.409442596667448,
0.51944980711713,0.739464228016494,0.959478648915859),(0.,1.),
 .UNSPECIFIED.);
#27=B_SPLINE_SURFACE_WITH_KNOTS('',3,1,((#5958,#5959),(#5960,#5961),(#5962,
#5963),(#5964,#5965),(#5966,#5967),(#5968,#5969),(#5970,#5971),(#5972,#5973),
(#5974,#5975),(#5976,#5977),(#5978,#5979)),.SURF_OF_LINEAR_EXTRUSION.,.F.,
 .F.,.F.,(4,1,1,1,1,1,1,1,4),(2,2),(0.0794209653184207,0.13442457054326,
0.1894281757681,0.244431780992939,0.299435386217779,0.409442596667458,0.519449807117137,
0.739464228016494,0.959478648915852),(0.,1.),.UNSPECIFIED.);
#28=B_SPLINE_SURFACE_WITH_KNOTS('',3,1,((#5983,#5984),(#5985,#5986),(#5987,
#5988),(#5989,#5990),(#5991,#5992),(#5993,#5994),(#5995,#5996),(#5997,#5998),
(#5999,#6000),(#6001,#6002),(#6003,#6004)),.SURF_OF_LINEAR_EXTRUSION.,.F.,
 .F.,.F.,(4,1,1,1,1,1,1,1,4),(2,2),(0.0794209653184063,0.134424570543248,
0.189428175768089,0.24443178099293,0.299435386217771,0.409442596667454,
0.519449807117136,0.739464228016501,0.959478648915866),(0.,1.),
 .UNSPECIFIED.);
#29=B_SPLINE_SURFACE_WITH_KNOTS('',3,1,((#6009,#6010),(#6011,#6012),(#6013,
#6014),(#6015,#6016),(#6017,#6018),(#6019,#6020),(#6021,#6022),(#6023,#6024),
(#6025,#6026),(#6027,#6028),(#6029,#6030)),.SURF_OF_LINEAR_EXTRUSION.,.F.,
 .F.,.F.,(4,1,1,1,1,1,1,1,4),(2,2),(0.0794209653184174,0.134424570543258,
0.189428175768098,0.244431780992938,0.299435386217778,0.409442596667458,
0.519449807117138,0.739464228016499,0.959478648915859),(0.,1.),
 .UNSPECIFIED.);
#30=B_SPLINE_SURFACE_WITH_KNOTS('',3,1,((#6034,#6035),(#6036,#6037),(#6038,
#6039),(#6040,#6041),(#6042,#6043),(#6044,#6045),(#6046,#6047),(#6048,#6049),
(#6050,#6051),(#6052,#6053),(#6054,#6055)),.SURF_OF_LINEAR_EXTRUSION.,.F.,
 .F.,.F.,(4,1,1,1,1,1,1,1,4),(2,2),(0.0794209653183986,0.13442457054324,
0.189428175768081,0.244431780992923,0.299435386217764,0.409442596667447,
0.51944980711713,0.739464228016496,0.959478648915862),(0.,1.),
 .UNSPECIFIED.);
#31=B_SPLINE_SURFACE_WITH_KNOTS('',3,1,((#6060,#6061),(#6062,#6063),(#6064,
#6065),(#6066,#6067),(#6068,#6069),(#6070,#6071),(#6072,#6073),(#6074,#6075),
(#6076,#6077),(#6078,#6079),(#6080,#6081)),.SURF_OF_LINEAR_EXTRUSION.,.F.,
 .F.,.F.,(4,1,1,1,1,1,1,1,4),(2,2),(0.0794209653184199,0.13442457054326,
0.1894281757681,0.24443178099294,0.299435386217779,0.409442596667459,0.519449807117139,
0.739464228016498,0.959478648915858),(0.,1.),.UNSPECIFIED.);
#32=B_SPLINE_SURFACE_WITH_KNOTS('',3,1,((#6085,#6086),(#6087,#6088),(#6089,
#6090),(#6091,#6092),(#6093,#6094),(#6095,#6096),(#6097,#6098),(#6099,#6100),
(#6101,#6102),(#6103,#6104),(#6105,#6106)),.SURF_OF_LINEAR_EXTRUSION.,.F.,
 .F.,.F.,(4,1,1,1,1,1,1,1,4),(2,2),(0.0794209653184015,0.134424570543243,
0.189428175768084,0.244431780992925,0.299435386217767,0.409442596667449,
0.519449807117132,0.739464228016497,0.959478648915863),(0.,1.),
 .UNSPECIFIED.);
#33=B_SPLINE_SURFACE_WITH_KNOTS('',3,1,((#6111,#6112),(#6113,#6114),(#6115,
#6116),(#6117,#6118),(#6119,#6120),(#6121,#6122),(#6123,#6124),(#6125,#6126),
(#6127,#6128),(#6129,#6130),(#6131,#6132)),.SURF_OF_LINEAR_EXTRUSION.,.F.,
 .F.,.F.,(4,1,1,1,1,1,1,1,4),(2,2),(0.0794209653184183,0.134424570543259,
0.189428175768099,0.244431780992939,0.29943538621778,0.409442596667461,
0.519449807117141,0.739464228016503,0.959478648915864),(0.,1.),
 .UNSPECIFIED.);
#34=B_SPLINE_SURFACE_WITH_KNOTS('',3,1,((#6136,#6137),(#6138,#6139),(#6140,
#6141),(#6142,#6143),(#6144,#6145),(#6146,#6147),(#6148,#6149),(#6150,#6151),
(#6152,#6153),(#6154,#6155),(#6156,#6157)),.SURF_OF_LINEAR_EXTRUSION.,.F.,
 .F.,.F.,(4,1,1,1,1,1,1,1,4),(2,2),(0.0794209653184016,0.134424570543243,
0.189428175768084,0.244431780992925,0.299435386217766,0.409442596667448,
0.51944980711713,0.739464228016494,0.959478648915858),(0.,1.),
 .UNSPECIFIED.);
#35=B_SPLINE_SURFACE_WITH_KNOTS('',3,1,((#6162,#6163),(#6164,#6165),(#6166,
#6167),(#6168,#6169),(#6170,#6171),(#6172,#6173),(#6174,#6175),(#6176,#6177),
(#6178,#6179),(#6180,#6181),(#6182,#6183)),.SURF_OF_LINEAR_EXTRUSION.,.F.,
 .F.,.F.,(4,1,1,1,1,1,1,1,4),(2,2),(0.0794209653184211,0.134424570543261,
0.189428175768101,0.244431780992941,0.299435386217782,0.409442596667462,
0.519449807117142,0.739464228016503,0.959478648915863),(0.,1.),
 .UNSPECIFIED.);
#36=B_SPLINE_SURFACE_WITH_KNOTS('',3,1,((#6187,#6188),(#6189,#6190),(#6191,
#6192),(#6193,#6194),(#6195,#6196),(#6197,#6198),(#6199,#6200),(#6201,#6202),
(#6203,#6204),(#6205,#6206),(#6207,#6208)),.SURF_OF_LINEAR_EXTRUSION.,.F.,
 .F.,.F.,(4,1,1,1,1,1,1,1,4),(2,2),(0.0794209653184025,0.134424570543244,
0.189428175768085,0.244431780992926,0.299435386217767,0.409442596667449,
0.519449807117131,0.739464228016496,0.95947864891586),(0.,1.),
 .UNSPECIFIED.);
#37=B_SPLINE_SURFACE_WITH_KNOTS('',3,1,((#6213,#6214),(#6215,#6216),(#6217,
#6218),(#6219,#6220),(#6221,#6222),(#6223,#6224),(#6225,#6226),(#6227,#6228),
(#6229,#6230),(#6231,#6232),(#6233,#6234)),.SURF_OF_LINEAR_EXTRUSION.,.F.,
 .F.,.F.,(4,1,1,1,1,1,1,1,4),(2,2),(0.0794209653184217,0.134424570543262,
0.189428175768102,0.244431780992942,0.299435386217782,0.409442596667461,
0.519449807117141,0.739464228016501,0.959478648915861),(0.,1.),
 .UNSPECIFIED.);
#38=B_SPLINE_SURFACE_WITH_KNOTS('',3,1,((#6238,#6239),(#6240,#6241),(#6242,
#6243),(#6244,#6245),(#6246,#6247),(#6248,#6249),(#6250,#6251),(#6252,#6253),
(#6254,#6255),(#6256,#6257),(#6258,#6259)),.SURF_OF_LINEAR_EXTRUSION.,.F.,
 .F.,.F.,(4,1,1,1,1,1,1,1,4),(2,2),(0.0794209653184011,0.134424570543242,
0.189428175768084,0.244431780992925,0.299435386217766,0.409442596667448,
0.519449807117131,0.739464228016496,0.959478648915861),(0.,1.),
 .UNSPECIFIED.);
#39=B_SPLINE_SURFACE_WITH_KNOTS('',3,1,((#6264,#6265),(#6266,#6267),(#6268,
#6269),(#6270,#6271),(#6272,#6273),(#6274,#6275),(#6276,#6277),(#6278,#6279),
(#6280,#6281),(#6282,#6283),(#6284,#6285)),.SURF_OF_LINEAR_EXTRUSION.,.F.,
 .F.,.F.,(4,1,1,1,1,1,1,1,4),(2,2),(0.0794209653184241,0.134424570543264,
0.189428175768103,0.244431780992943,0.299435386217782,0.409442596667462,
0.519449807117141,0.739464228016499,0.959478648915857),(0.,1.),
 .UNSPECIFIED.);
#40=B_SPLINE_SURFACE_WITH_KNOTS('',3,1,((#6289,#6290),(#6291,#6292),(#6293,
#6294),(#6295,#6296),(#6297,#6298),(#6299,#6300),(#6301,#6302),(#6303,#6304),
(#6305,#6306),(#6307,#6308),(#6309,#6310)),.SURF_OF_LINEAR_EXTRUSION.,.F.,
 .F.,.F.,(4,1,1,1,1,1,1,1,4),(2,2),(0.0794209653184042,0.134424570543245,
0.189428175768086,0.244431780992927,0.299435386217768,0.40944259666745,
0.519449807117132,0.739464228016495,0.959478648915859),(0.,1.),
 .UNSPECIFIED.);
#41=B_SPLINE_SURFACE_WITH_KNOTS('',3,1,((#6315,#6316),(#6317,#6318),(#6319,
#6320),(#6321,#6322),(#6323,#6324),(#6325,#6326),(#6327,#6328),(#6329,#6330),
(#6331,#6332),(#6333,#6334),(#6335,#6336)),.SURF_OF_LINEAR_EXTRUSION.,.F.,
 .F.,.F.,(4,1,1,1,1,1,1,1,4),(2,2),(0.0794209653184233,0.134424570543263,
0.189428175768103,0.244431780992942,0.299435386217782,0.409442596667461,
0.519449807117141,0.739464228016499,0.959478648915858),(0.,1.),
 .UNSPECIFIED.);
#42=B_SPLINE_SURFACE_WITH_KNOTS('',3,1,((#6340,#6341),(#6342,#6343),(#6344,
#6345),(#6346,#6347),(#6348,#6349),(#6350,#6351),(#6352,#6353),(#6354,#6355),
(#6356,#6357),(#6358,#6359),(#6360,#6361)),.SURF_OF_LINEAR_EXTRUSION.,.F.,
 .F.,.F.,(4,1,1,1,1,1,1,1,4),(2,2),(0.0794209653184004,0.134424570543242,
0.189428175768083,0.244431780992924,0.299435386217766,0.409442596667448,
0.519449807117131,0.739464228016496,0.959478648915862),(0.,1.),
 .UNSPECIFIED.);
#43=B_SPLINE_SURFACE_WITH_KNOTS('',3,1,((#6366,#6367),(#6368,#6369),(#6370,
#6371),(#6372,#6373),(#6374,#6375),(#6376,#6377),(#6378,#6379),(#6380,#6381),
(#6382,#6383),(#6384,#6385),(#6386,#6387)),.SURF_OF_LINEAR_EXTRUSION.,.F.,
 .F.,.F.,(4,1,1,1,1,1,1,1,4),(2,2),(0.0794209653184223,0.134424570543262,
0.189428175768102,0.244431780992942,0.299435386217782,0.409442596667461,
0.519449807117141,0.739464228016501,0.95947864891586),(0.,1.),
 .UNSPECIFIED.);
#44=B_SPLINE_SURFACE_WITH_KNOTS('',3,1,((#6391,#6392),(#6393,#6394),(#6395,
#6396),(#6397,#6398),(#6399,#6400),(#6401,#6402),(#6403,#6404),(#6405,#6406),
(#6407,#6408),(#6409,#6410),(#6411,#6412)),.SURF_OF_LINEAR_EXTRUSION.,.F.,
 .F.,.F.,(4,1,1,1,1,1,1,1,4),(2,2),(0.0794209653184049,0.134424570543246,
0.189428175768086,0.244431780992927,0.299435386217768,0.40944259666745,
0.519449807117131,0.739464228016494,0.959478648915858),(0.,1.),
 .UNSPECIFIED.);
#45=B_SPLINE_SURFACE_WITH_KNOTS('',3,1,((#6417,#6418),(#6419,#6420),(#6421,
#6422),(#6423,#6424),(#6425,#6426),(#6427,#6428),(#6429,#6430),(#6431,#6432),
(#6433,#6434),(#6435,#6436),(#6437,#6438)),.SURF_OF_LINEAR_EXTRUSION.,.F.,
 .F.,.F.,(4,1,1,1,1,1,1,1,4),(2,2),(0.0794209653184205,0.13442457054326,
0.1894281757681,0.24443178099294,0.299435386217779,0.409442596667459,0.519449807117138,
0.739464228016497,0.959478648915856),(0.,1.),.UNSPECIFIED.);
#46=B_SPLINE_SURFACE_WITH_KNOTS('',3,1,((#6442,#6443),(#6444,#6445),(#6446,
#6447),(#6448,#6449),(#6450,#6451),(#6452,#6453),(#6454,#6455),(#6456,#6457),
(#6458,#6459),(#6460,#6461),(#6462,#6463)),.SURF_OF_LINEAR_EXTRUSION.,.F.,
 .F.,.F.,(4,1,1,1,1,1,1,1,4),(2,2),(0.0794209653184006,0.134424570543242,
0.189428175768082,0.244431780992923,0.299435386217764,0.409442596667446,
0.519449807117128,0.739464228016491,0.959478648915854),(0.,1.),
 .UNSPECIFIED.);
#47=B_SPLINE_SURFACE_WITH_KNOTS('',3,1,((#6468,#6469),(#6470,#6471),(#6472,
#6473),(#6474,#6475),(#6476,#6477),(#6478,#6479),(#6480,#6481),(#6482,#6483),
(#6484,#6485),(#6486,#6487),(#6488,#6489)),.SURF_OF_LINEAR_EXTRUSION.,.F.,
 .F.,.F.,(4,1,1,1,1,1,1,1,4),(2,2),(0.0794209653184222,0.134424570543262,
0.189428175768102,0.244431780992942,0.299435386217781,0.409442596667461,
0.519449807117141,0.7394642280165,0.959478648915859),(0.,1.),
 .UNSPECIFIED.);
#48=B_SPLINE_SURFACE_WITH_KNOTS('',3,1,((#6493,#6494),(#6495,#6496),(#6497,
#6498),(#6499,#6500),(#6501,#6502),(#6503,#6504),(#6505,#6506),(#6507,#6508),
(#6509,#6510),(#6511,#6512),(#6513,#6514)),.SURF_OF_LINEAR_EXTRUSION.,.F.,
 .F.,.F.,(4,1,1,1,1,1,1,1,4),(2,2),(0.0794209653184016,0.134424570543243,
0.189428175768084,0.244431780992925,0.299435386217766,0.409442596667448,
0.519449807117131,0.739464228016495,0.95947864891586),(0.,1.),
 .UNSPECIFIED.);
#49=B_SPLINE_SURFACE_WITH_KNOTS('',3,1,((#6519,#6520),(#6521,#6522),(#6523,
#6524),(#6525,#6526),(#6527,#6528),(#6529,#6530),(#6531,#6532),(#6533,#6534),
(#6535,#6536),(#6537,#6538),(#6539,#6540)),.SURF_OF_LINEAR_EXTRUSION.,.F.,
 .F.,.F.,(4,1,1,1,1,1,1,1,4),(2,2),(0.0794209653184211,0.134424570543261,
0.1894281757681,0.24443178099294,0.299435386217779,0.409442596667458,0.519449807117138,
0.739464228016496,0.959478648915854),(0.,1.),.UNSPECIFIED.);
#50=B_SPLINE_SURFACE_WITH_KNOTS('',3,1,((#6544,#6545),(#6546,#6547),(#6548,
#6549),(#6550,#6551),(#6552,#6553),(#6554,#6555),(#6556,#6557),(#6558,#6559),
(#6560,#6561),(#6562,#6563),(#6564,#6565)),.SURF_OF_LINEAR_EXTRUSION.,.F.,
 .F.,.F.,(4,1,1,1,1,1,1,1,4),(2,2),(0.0794209653184032,0.134424570543244,
0.189428175768085,0.244431780992926,0.299435386217767,0.409442596667448,
0.51944980711713,0.739464228016493,0.959478648915857),(0.,1.),
 .UNSPECIFIED.);
#51=B_SPLINE_SURFACE_WITH_KNOTS('',3,1,((#6570,#6571),(#6572,#6573),(#6574,
#6575),(#6576,#6577),(#6578,#6579),(#6580,#6581),(#6582,#6583),(#6584,#6585),
(#6586,#6587),(#6588,#6589),(#6590,#6591)),.SURF_OF_LINEAR_EXTRUSION.,.F.,
 .F.,.F.,(4,1,1,1,1,1,1,1,4),(2,2),(0.0794209653184224,0.134424570543262,
0.189428175768102,0.244431780992942,0.299435386217782,0.409442596667462,
0.519449807117142,0.739464228016502,0.959478648915862),(0.,1.),
 .UNSPECIFIED.);
#52=B_SPLINE_SURFACE_WITH_KNOTS('',3,1,((#6595,#6596),(#6597,#6598),(#6599,
#6600),(#6601,#6602),(#6603,#6604),(#6605,#6606),(#6607,#6608),(#6609,#6610),
(#6611,#6612),(#6613,#6614),(#6615,#6616)),.SURF_OF_LINEAR_EXTRUSION.,.F.,
 .F.,.F.,(4,1,1,1,1,1,1,1,4),(2,2),(0.0794209653183995,0.134424570543241,
0.189428175768082,0.244431780992923,0.299435386217764,0.409442596667446,
0.519449807117129,0.739464228016493,0.959478648915858),(0.,1.),
 .UNSPECIFIED.);
#53=B_SPLINE_SURFACE_WITH_KNOTS('',3,1,((#6621,#6622),(#6623,#6624),(#6625,
#6626),(#6627,#6628),(#6629,#6630),(#6631,#6632),(#6633,#6634),(#6635,#6636),
(#6637,#6638),(#6639,#6640),(#6641,#6642)),.SURF_OF_LINEAR_EXTRUSION.,.F.,
 .F.,.F.,(4,1,1,1,1,1,1,1,4),(2,2),(0.0794209653184218,0.134424570543262,
0.189428175768101,0.244431780992941,0.299435386217781,0.409442596667461,
0.51944980711714,0.7394642280165,0.959478648915859),(0.,1.),
 .UNSPECIFIED.);
#54=B_SPLINE_SURFACE_WITH_KNOTS('',3,1,((#6646,#6647),(#6648,#6649),(#6650,
#6651),(#6652,#6653),(#6654,#6655),(#6656,#6657),(#6658,#6659),(#6660,#6661),
(#6662,#6663),(#6664,#6665),(#6666,#6667)),.SURF_OF_LINEAR_EXTRUSION.,.F.,
 .F.,.F.,(4,1,1,1,1,1,1,1,4),(2,2),(0.0794209653184008,0.134424570543242,
0.189428175768084,0.244431780992925,0.299435386217766,0.409442596667449,
0.519449807117132,0.739464228016498,0.959478648915863),(0.,1.),
 .UNSPECIFIED.);
#55=B_SPLINE_SURFACE_WITH_KNOTS('',3,1,((#6672,#6673),(#6674,#6675),(#6676,
#6677),(#6678,#6679),(#6680,#6681),(#6682,#6683),(#6684,#6685),(#6686,#6687),
(#6688,#6689),(#6690,#6691),(#6692,#6693)),.SURF_OF_LINEAR_EXTRUSION.,.F.,
 .F.,.F.,(4,1,1,1,1,1,1,1,4),(2,2),(0.0794209653184157,0.134424570543256,
0.189428175768096,0.244431780992937,0.299435386217777,0.409442596667458,
0.519449807117138,0.7394642280165,0.959478648915861),(0.,1.),
 .UNSPECIFIED.);
#56=B_SPLINE_SURFACE_WITH_KNOTS('',3,1,((#6697,#6698),(#6699,#6700),(#6701,
#6702),(#6703,#6704),(#6705,#6706),(#6707,#6708),(#6709,#6710),(#6711,#6712),
(#6713,#6714),(#6715,#6716),(#6717,#6718)),.SURF_OF_LINEAR_EXTRUSION.,.F.,
 .F.,.F.,(4,1,1,1,1,1,1,1,4),(2,2),(0.079420965318401,0.134424570543242,
0.189428175768083,0.244431780992925,0.299435386217766,0.409442596667448,
0.519449807117131,0.739464228016495,0.95947864891586),(0.,1.),
 .UNSPECIFIED.);
#57=B_SPLINE_SURFACE_WITH_KNOTS('',3,1,((#6723,#6724),(#6725,#6726),(#6727,
#6728),(#6729,#6730),(#6731,#6732),(#6733,#6734),(#6735,#6736),(#6737,#6738),
(#6739,#6740),(#6741,#6742),(#6743,#6744)),.SURF_OF_LINEAR_EXTRUSION.,.F.,
 .F.,.F.,(4,1,1,1,1,1,1,1,4),(2,2),(0.0794209653184225,0.134424570543262,
0.189428175768102,0.244431780992942,0.299435386217781,0.409442596667461,
0.51944980711714,0.739464228016499,0.959478648915858),(0.,1.),
 .UNSPECIFIED.);
#58=B_SPLINE_CURVE_WITH_KNOTS('',3,(#3863,#3864,#3865,#3866,#3867,#3868,
#3869,#3870,#3871,#3872,#3873,#3874,#3875,#3876,#3877),.UNSPECIFIED.,.F.,
 .F.,(4,1,1,1,1,1,1,1,1,1,1,1,4),(0.,0.145113010682311,0.183804723470123,
0.233755448218854,0.292857922681762,0.359873820142273,0.433962677180794,
0.514505753045976,0.601022892775639,0.693127419841346,0.790499245199636,
0.892867701579767,1.),.UNSPECIFIED.);
#59=B_SPLINE_CURVE_WITH_KNOTS('',3,(#3878,#3879,#3880,#3881,#3882,#3883,
#3884,#3885,#3886,#3887,#3888,#3889,#3890,#3891,#3892),.UNSPECIFIED.,.F.,
 .F.,(4,1,1,1,1,1,1,1,1,1,1,1,4),(0.,0.145113010682311,0.183804723470123,
0.233755448218854,0.292857922681762,0.359873820142273,0.433962677180794,
0.514505753045976,0.601022892775639,0.693127419841346,0.790499245199636,
0.892867701579767,1.),.UNSPECIFIED.);
#60=B_SPLINE_CURVE_WITH_KNOTS('',3,(#3900,#3901,#3902,#3903,#3904,#3905,
#3906,#3907,#3908,#3909,#3910,#3911,#3912,#3913,#3914),.UNSPECIFIED.,.F.,
 .F.,(4,1,1,1,1,1,1,1,1,1,1,1,4),(0.,0.145113010682311,0.183804723470123,
0.233755448218854,0.292857922681762,0.359873820142273,0.433962677180794,
0.514505753045976,0.601022892775639,0.693127419841346,0.790499245199636,
0.892867701579767,1.),.UNSPECIFIED.);
#61=B_SPLINE_CURVE_WITH_KNOTS('',3,(#3915,#3916,#3917,#3918,#3919,#3920,
#3921,#3922,#3923,#3924,#3925,#3926,#3927,#3928,#3929),.UNSPECIFIED.,.F.,
 .F.,(4,1,1,1,1,1,1,1,1,1,1,1,4),(0.,0.145113010682311,0.183804723470123,
0.233755448218854,0.292857922681762,0.359873820142273,0.433962677180794,
0.514505753045976,0.601022892775639,0.693127419841346,0.790499245199636,
0.892867701579767,1.),.UNSPECIFIED.);
#62=B_SPLINE_CURVE_WITH_KNOTS('',3,(#3937,#3938,#3939,#3940,#3941,#3942,
#3943,#3944,#3945,#3946,#3947,#3948,#3949,#3950,#3951),.UNSPECIFIED.,.F.,
 .F.,(4,1,1,1,1,1,1,1,1,1,1,1,4),(0.,0.145113010682311,0.183804723470123,
0.233755448218854,0.292857922681762,0.359873820142273,0.433962677180794,
0.514505753045976,0.601022892775639,0.693127419841346,0.790499245199636,
0.892867701579767,1.),.UNSPECIFIED.);
#63=B_SPLINE_CURVE_WITH_KNOTS('',3,(#3952,#3953,#3954,#3955,#3956,#3957,
#3958,#3959,#3960,#3961,#3962,#3963,#3964,#3965,#3966),.UNSPECIFIED.,.F.,
 .F.,(4,1,1,1,1,1,1,1,1,1,1,1,4),(0.,0.145113010682311,0.183804723470123,
0.233755448218854,0.292857922681762,0.359873820142273,0.433962677180794,
0.514505753045976,0.601022892775639,0.693127419841346,0.790499245199636,
0.892867701579767,1.),.UNSPECIFIED.);
#64=B_SPLINE_CURVE_WITH_KNOTS('',3,(#3974,#3975,#3976,#3977,#3978,#3979,
#3980,#3981,#3982,#3983,#3984,#3985,#3986,#3987,#3988),.UNSPECIFIED.,.F.,
 .F.,(4,1,1,1,1,1,1,1,1,1,1,1,4),(0.,0.145113010682311,0.183804723470123,
0.233755448218854,0.292857922681762,0.359873820142273,0.433962677180794,
0.514505753045976,0.601022892775639,0.693127419841346,0.790499245199636,
0.892867701579767,1.),.UNSPECIFIED.);
#65=B_SPLINE_CURVE_WITH_KNOTS('',3,(#3989,#3990,#3991,#3992,#3993,#3994,
#3995,#3996,#3997,#3998,#3999,#4000,#4001,#4002,#4003),.UNSPECIFIED.,.F.,
 .F.,(4,1,1,1,1,1,1,1,1,1,1,1,4),(0.,0.145113010682311,0.183804723470123,
0.233755448218854,0.292857922681762,0.359873820142273,0.433962677180794,
0.514505753045976,0.601022892775639,0.693127419841346,0.790499245199636,
0.892867701579767,1.),.UNSPECIFIED.);
#66=B_SPLINE_CURVE_WITH_KNOTS('',3,(#4011,#4012,#4013,#4014,#4015,#4016,
#4017,#4018,#4019,#4020,#4021,#4022,#4023,#4024,#4025),.UNSPECIFIED.,.F.,
 .F.,(4,1,1,1,1,1,1,1,1,1,1,1,4),(0.,0.145113010682311,0.183804723470123,
0.233755448218854,0.292857922681762,0.359873820142273,0.433962677180794,
0.514505753045976,0.601022892775639,0.693127419841346,0.790499245199636,
0.892867701579767,1.),.UNSPECIFIED.);
#67=B_SPLINE_CURVE_WITH_KNOTS('',3,(#4026,#4027,#4028,#4029,#4030,#4031,
#4032,#4033,#4034,#4035,#4036,#4037,#4038,#4039,#4040),.UNSPECIFIED.,.F.,
 .F.,(4,1,1,1,1,1,1,1,1,1,1,1,4),(0.,0.145113010682311,0.183804723470123,
0.233755448218854,0.292857922681762,0.359873820142273,0.433962677180794,
0.514505753045976,0.601022892775639,0.693127419841346,0.790499245199636,
0.892867701579767,1.),.UNSPECIFIED.);
#68=B_SPLINE_CURVE_WITH_KNOTS('',3,(#4048,#4049,#4050,#4051,#4052,#4053,
#4054,#4055,#4056,#4057,#4058,#4059,#4060,#4061,#4062),.UNSPECIFIED.,.F.,
 .F.,(4,1,1,1,1,1,1,1,1,1,1,1,4),(0.,0.145113010682311,0.183804723470123,
0.233755448218854,0.292857922681762,0.359873820142273,0.433962677180794,
0.514505753045976,0.601022892775639,0.693127419841346,0.790499245199636,
0.892867701579767,1.),.UNSPECIFIED.);
#69=B_SPLINE_CURVE_WITH_KNOTS('',3,(#4063,#4064,#4065,#4066,#4067,#4068,
#4069,#4070,#4071,#4072,#4073,#4074,#4075,#4076,#4077),.UNSPECIFIED.,.F.,
 .F.,(4,1,1,1,1,1,1,1,1,1,1,1,4),(0.,0.145113010682311,0.183804723470123,
0.233755448218854,0.292857922681762,0.359873820142273,0.433962677180794,
0.514505753045976,0.601022892775639,0.693127419841346,0.790499245199636,
0.892867701579767,1.),.UNSPECIFIED.);
#70=B_SPLINE_CURVE_WITH_KNOTS('',3,(#4085,#4086,#4087,#4088,#4089,#4090,
#4091,#4092,#4093,#4094,#4095,#4096,#4097,#4098,#4099),.UNSPECIFIED.,.F.,
 .F.,(4,1,1,1,1,1,1,1,1,1,1,1,4),(0.,0.145113010682311,0.183804723470123,
0.233755448218854,0.292857922681762,0.359873820142273,0.433962677180794,
0.514505753045976,0.601022892775639,0.693127419841346,0.790499245199636,
0.892867701579767,1.),.UNSPECIFIED.);
#71=B_SPLINE_CURVE_WITH_KNOTS('',3,(#4100,#4101,#4102,#4103,#4104,#4105,
#4106,#4107,#4108,#4109,#4110,#4111,#4112,#4113,#4114),.UNSPECIFIED.,.F.,
 .F.,(4,1,1,1,1,1,1,1,1,1,1,1,4),(0.,0.145113010682311,0.183804723470123,
0.233755448218854,0.292857922681762,0.359873820142273,0.433962677180794,
0.514505753045976,0.601022892775639,0.693127419841346,0.790499245199636,
0.892867701579767,1.),.UNSPECIFIED.);
#72=B_SPLINE_CURVE_WITH_KNOTS('',3,(#4122,#4123,#4124,#4125,#4126,#4127,
#4128,#4129,#4130,#4131,#4132,#4133,#4134,#4135,#4136),.UNSPECIFIED.,.F.,
 .F.,(4,1,1,1,1,1,1,1,1,1,1,1,4),(0.,0.145113010682311,0.183804723470123,
0.233755448218854,0.292857922681762,0.359873820142273,0.433962677180794,
0.514505753045976,0.601022892775639,0.693127419841346,0.790499245199636,
0.892867701579767,1.),.UNSPECIFIED.);
#73=B_SPLINE_CURVE_WITH_KNOTS('',3,(#4137,#4138,#4139,#4140,#4141,#4142,
#4143,#4144,#4145,#4146,#4147,#4148,#4149,#4150,#4151),.UNSPECIFIED.,.F.,
 .F.,(4,1,1,1,1,1,1,1,1,1,1,1,4),(0.,0.145113010682311,0.183804723470123,
0.233755448218854,0.292857922681762,0.359873820142273,0.433962677180794,
0.514505753045976,0.601022892775639,0.693127419841346,0.790499245199636,
0.892867701579767,1.),.UNSPECIFIED.);
#74=B_SPLINE_CURVE_WITH_KNOTS('',3,(#4159,#4160,#4161,#4162,#4163,#4164,
#4165,#4166,#4167,#4168,#4169,#4170,#4171,#4172,#4173),.UNSPECIFIED.,.F.,
 .F.,(4,1,1,1,1,1,1,1,1,1,1,1,4),(0.,0.145113010682311,0.183804723470123,
0.233755448218854,0.292857922681762,0.359873820142273,0.433962677180794,
0.514505753045976,0.601022892775639,0.693127419841346,0.790499245199636,
0.892867701579767,1.),.UNSPECIFIED.);
#75=B_SPLINE_CURVE_WITH_KNOTS('',3,(#4177,#4178,#4179,#4180,#4181,#4182,
#4183,#4184,#4185,#4186,#4187,#4188,#4189,#4190,#4191),.UNSPECIFIED.,.F.,
 .F.,(4,1,1,1,1,1,1,1,1,1,1,1,4),(0.,0.145113010682311,0.183804723470123,
0.233755448218854,0.292857922681762,0.359873820142273,0.433962677180794,
0.514505753045976,0.601022892775639,0.693127419841346,0.790499245199636,
0.892867701579767,1.),.UNSPECIFIED.);
#76=B_SPLINE_CURVE_WITH_KNOTS('',3,(#4199,#4200,#4201,#4202,#4203,#4204,
#4205,#4206,#4207,#4208,#4209,#4210,#4211,#4212,#4213),.UNSPECIFIED.,.F.,
 .F.,(4,1,1,1,1,1,1,1,1,1,1,1,4),(0.,0.145113010682311,0.183804723470123,
0.233755448218854,0.292857922681762,0.359873820142273,0.433962677180794,
0.514505753045976,0.601022892775639,0.693127419841346,0.790499245199636,
0.892867701579767,1.),.UNSPECIFIED.);
#77=B_SPLINE_CURVE_WITH_KNOTS('',3,(#4214,#4215,#4216,#4217,#4218,#4219,
#4220,#4221,#4222,#4223,#4224,#4225,#4226,#4227,#4228),.UNSPECIFIED.,.F.,
 .F.,(4,1,1,1,1,1,1,1,1,1,1,1,4),(0.,0.145113010682311,0.183804723470123,
0.233755448218854,0.292857922681762,0.359873820142273,0.433962677180794,
0.514505753045976,0.601022892775639,0.693127419841346,0.790499245199636,
0.892867701579767,1.),.UNSPECIFIED.);
#78=B_SPLINE_CURVE_WITH_KNOTS('',3,(#4236,#4237,#4238,#4239,#4240,#4241,
#4242,#4243,#4244,#4245,#4246,#4247,#4248,#4249,#4250),.UNSPECIFIED.,.F.,
 .F.,(4,1,1,1,1,1,1,1,1,1,1,1,4),(0.,0.145113010682311,0.183804723470123,
0.233755448218854,0.292857922681762,0.359873820142273,0.433962677180794,
0.514505753045976,0.601022892775639,0.693127419841346,0.790499245199636,
0.892867701579767,1.),.UNSPECIFIED.);
#79=B_SPLINE_CURVE_WITH_KNOTS('',3,(#4251,#4252,#4253,#4254,#4255,#4256,
#4257,#4258,#4259,#4260,#4261,#4262,#4263,#4264,#4265),.UNSPECIFIED.,.F.,
 .F.,(4,1,1,1,1,1,1,1,1,1,1,1,4),(0.,0.145113010682311,0.183804723470123,
0.233755448218854,0.292857922681762,0.359873820142273,0.433962677180794,
0.514505753045976,0.601022892775639,0.693127419841346,0.790499245199636,
0.892867701579767,1.),.UNSPECIFIED.);
#80=B_SPLINE_CURVE_WITH_KNOTS('',3,(#4273,#4274,#4275,#4276,#4277,#4278,
#4279,#4280,#4281,#4282,#4283,#4284,#4285,#4286,#4287),.UNSPECIFIED.,.F.,
 .F.,(4,1,1,1,1,1,1,1,1,1,1,1,4),(0.,0.145113010682311,0.183804723470123,
0.233755448218854,0.292857922681762,0.359873820142273,0.433962677180794,
0.514505753045976,0.601022892775639,0.693127419841346,0.790499245199636,
0.892867701579767,1.),.UNSPECIFIED.);
#81=B_SPLINE_CURVE_WITH_KNOTS('',3,(#4288,#4289,#4290,#4291,#4292,#4293,
#4294,#4295,#4296,#4297,#4298,#4299,#4300,#4301,#4302),.UNSPECIFIED.,.F.,
 .F.,(4,1,1,1,1,1,1,1,1,1,1,1,4),(0.,0.145113010682311,0.183804723470123,
0.233755448218854,0.292857922681762,0.359873820142273,0.433962677180794,
0.514505753045976,0.601022892775639,0.693127419841346,0.790499245199636,
0.892867701579767,1.),.UNSPECIFIED.);
#82=B_SPLINE_CURVE_WITH_KNOTS('',3,(#4310,#4311,#4312,#4313,#4314,#4315,
#4316,#4317,#4318,#4319,#4320,#4321,#4322,#4323,#4324),.UNSPECIFIED.,.F.,
 .F.,(4,1,1,1,1,1,1,1,1,1,1,1,4),(0.,0.145113010682311,0.183804723470123,
0.233755448218854,0.292857922681762,0.359873820142273,0.433962677180794,
0.514505753045976,0.601022892775639,0.693127419841346,0.790499245199636,
0.892867701579767,1.),.UNSPECIFIED.);
#83=B_SPLINE_CURVE_WITH_KNOTS('',3,(#4325,#4326,#4327,#4328,#4329,#4330,
#4331,#4332,#4333,#4334,#4335,#4336,#4337,#4338,#4339),.UNSPECIFIED.,.F.,
 .F.,(4,1,1,1,1,1,1,1,1,1,1,1,4),(0.,0.145113010682311,0.183804723470123,
0.233755448218854,0.292857922681762,0.359873820142273,0.433962677180794,
0.514505753045976,0.601022892775639,0.693127419841346,0.790499245199636,
0.892867701579767,1.),.UNSPECIFIED.);
#84=B_SPLINE_CURVE_WITH_KNOTS('',3,(#4347,#4348,#4349,#4350,#4351,#4352,
#4353,#4354,#4355,#4356,#4357,#4358,#4359,#4360,#4361),.UNSPECIFIED.,.F.,
 .F.,(4,1,1,1,1,1,1,1,1,1,1,1,4),(0.,0.145113010682311,0.183804723470123,
0.233755448218854,0.292857922681762,0.359873820142273,0.433962677180794,
0.514505753045976,0.601022892775639,0.693127419841346,0.790499245199636,
0.892867701579767,1.),.UNSPECIFIED.);
#85=B_SPLINE_CURVE_WITH_KNOTS('',3,(#4362,#4363,#4364,#4365,#4366,#4367,
#4368,#4369,#4370,#4371,#4372,#4373,#4374,#4375,#4376),.UNSPECIFIED.,.F.,
 .F.,(4,1,1,1,1,1,1,1,1,1,1,1,4),(0.,0.145113010682311,0.183804723470123,
0.233755448218854,0.292857922681762,0.359873820142273,0.433962677180794,
0.514505753045976,0.601022892775639,0.693127419841346,0.790499245199636,
0.892867701579767,1.),.UNSPECIFIED.);
#86=B_SPLINE_CURVE_WITH_KNOTS('',3,(#4384,#4385,#4386,#4387,#4388,#4389,
#4390,#4391,#4392,#4393,#4394,#4395,#4396,#4397,#4398),.UNSPECIFIED.,.F.,
 .F.,(4,1,1,1,1,1,1,1,1,1,1,1,4),(0.,0.145113010682311,0.183804723470123,
0.233755448218854,0.292857922681762,0.359873820142273,0.433962677180794,
0.514505753045976,0.601022892775639,0.693127419841346,0.790499245199636,
0.892867701579767,1.),.UNSPECIFIED.);
#87=B_SPLINE_CURVE_WITH_KNOTS('',3,(#4399,#4400,#4401,#4402,#4403,#4404,
#4405,#4406,#4407,#4408,#4409,#4410,#4411,#4412,#4413),.UNSPECIFIED.,.F.,
 .F.,(4,1,1,1,1,1,1,1,1,1,1,1,4),(0.,0.145113010682311,0.183804723470123,
0.233755448218854,0.292857922681762,0.359873820142273,0.433962677180794,
0.514505753045976,0.601022892775639,0.693127419841346,0.790499245199636,
0.892867701579767,1.),.UNSPECIFIED.);
#88=B_SPLINE_CURVE_WITH_KNOTS('',3,(#4421,#4422,#4423,#4424,#4425,#4426,
#4427,#4428,#4429,#4430,#4431,#4432,#4433,#4434,#4435),.UNSPECIFIED.,.F.,
 .F.,(4,1,1,1,1,1,1,1,1,1,1,1,4),(0.,0.145113010682311,0.183804723470123,
0.233755448218854,0.292857922681762,0.359873820142273,0.433962677180794,
0.514505753045976,0.601022892775639,0.693127419841346,0.790499245199636,
0.892867701579767,1.),.UNSPECIFIED.);
#89=B_SPLINE_CURVE_WITH_KNOTS('',3,(#4436,#4437,#4438,#4439,#4440,#4441,
#4442,#4443,#4444,#4445,#4446,#4447,#4448,#4449,#4450),.UNSPECIFIED.,.F.,
 .F.,(4,1,1,1,1,1,1,1,1,1,1,1,4),(0.,0.145113010682311,0.183804723470123,
0.233755448218854,0.292857922681762,0.359873820142273,0.433962677180794,
0.514505753045976,0.601022892775639,0.693127419841346,0.790499245199636,
0.892867701579767,1.),.UNSPECIFIED.);
#90=B_SPLINE_CURVE_WITH_KNOTS('',3,(#4458,#4459,#4460,#4461,#4462,#4463,
#4464,#4465,#4466,#4467,#4468,#4469,#4470,#4471,#4472),.UNSPECIFIED.,.F.,
 .F.,(4,1,1,1,1,1,1,1,1,1,1,1,4),(0.,0.145113010682311,0.183804723470123,
0.233755448218854,0.292857922681762,0.359873820142273,0.433962677180794,
0.514505753045976,0.601022892775639,0.693127419841346,0.790499245199636,
0.892867701579767,1.),.UNSPECIFIED.);
#91=B_SPLINE_CURVE_WITH_KNOTS('',3,(#4473,#4474,#4475,#4476,#4477,#4478,
#4479,#4480,#4481,#4482,#4483,#4484,#4485,#4486,#4487),.UNSPECIFIED.,.F.,
 .F.,(4,1,1,1,1,1,1,1,1,1,1,1,4),(0.,0.145113010682311,0.183804723470123,
0.233755448218854,0.292857922681762,0.359873820142273,0.433962677180794,
0.514505753045976,0.601022892775639,0.693127419841346,0.790499245199636,
0.892867701579767,1.),.UNSPECIFIED.);
#92=B_SPLINE_CURVE_WITH_KNOTS('',3,(#4495,#4496,#4497,#4498,#4499,#4500,
#4501,#4502,#4503,#4504,#4505,#4506,#4507,#4508,#4509),.UNSPECIFIED.,.F.,
 .F.,(4,1,1,1,1,1,1,1,1,1,1,1,4),(0.,0.145113010682311,0.183804723470123,
0.233755448218854,0.292857922681762,0.359873820142273,0.433962677180794,
0.514505753045976,0.601022892775639,0.693127419841346,0.790499245199636,
0.892867701579767,1.),.UNSPECIFIED.);
#93=B_SPLINE_CURVE_WITH_KNOTS('',3,(#4510,#4511,#4512,#4513,#4514,#4515,
#4516,#4517,#4518,#4519,#4520,#4521,#4522,#4523,#4524),.UNSPECIFIED.,.F.,
 .F.,(4,1,1,1,1,1,1,1,1,1,1,1,4),(0.,0.145113010682311,0.183804723470123,
0.233755448218854,0.292857922681762,0.359873820142273,0.433962677180794,
0.514505753045976,0.601022892775639,0.693127419841346,0.790499245199636,
0.892867701579767,1.),.UNSPECIFIED.);
#94=B_SPLINE_CURVE_WITH_KNOTS('',3,(#4532,#4533,#4534,#4535,#4536,#4537,
#4538,#4539,#4540,#4541,#4542,#4543,#4544,#4545,#4546),.UNSPECIFIED.,.F.,
 .F.,(4,1,1,1,1,1,1,1,1,1,1,1,4),(0.,0.145113010682311,0.183804723470123,
0.233755448218854,0.292857922681762,0.359873820142273,0.433962677180794,
0.514505753045976,0.601022892775639,0.693127419841346,0.790499245199636,
0.892867701579767,1.),.UNSPECIFIED.);
#95=B_SPLINE_CURVE_WITH_KNOTS('',3,(#4547,#4548,#4549,#4550,#4551,#4552,
#4553,#4554,#4555,#4556,#4557,#4558,#4559,#4560,#4561),.UNSPECIFIED.,.F.,
 .F.,(4,1,1,1,1,1,1,1,1,1,1,1,4),(0.,0.145113010682311,0.183804723470123,
0.233755448218854,0.292857922681762,0.359873820142273,0.433962677180794,
0.514505753045976,0.601022892775639,0.693127419841346,0.790499245199636,
0.892867701579767,1.),.UNSPECIFIED.);
#96=B_SPLINE_CURVE_WITH_KNOTS('',3,(#4569,#4570,#4571,#4572,#4573,#4574,
#4575,#4576,#4577,#4578,#4579,#4580,#4581,#4582,#4583),.UNSPECIFIED.,.F.,
 .F.,(4,1,1,1,1,1,1,1,1,1,1,1,4),(0.,0.145113010682311,0.183804723470123,
0.233755448218854,0.292857922681762,0.359873820142273,0.433962677180794,
0.514505753045976,0.601022892775639,0.693127419841346,0.790499245199636,
0.892867701579767,1.),.UNSPECIFIED.);
#97=B_SPLINE_CURVE_WITH_KNOTS('',3,(#4584,#4585,#4586,#4587,#4588,#4589,
#4590,#4591,#4592,#4593,#4594,#4595,#4596,#4597,#4598),.UNSPECIFIED.,.F.,
 .F.,(4,1,1,1,1,1,1,1,1,1,1,1,4),(0.,0.145113010682311,0.183804723470123,
0.233755448218854,0.292857922681762,0.359873820142273,0.433962677180794,
0.514505753045976,0.601022892775639,0.693127419841346,0.790499245199636,
0.892867701579767,1.),.UNSPECIFIED.);
#98=B_SPLINE_CURVE_WITH_KNOTS('',3,(#4606,#4607,#4608,#4609,#4610,#4611,
#4612,#4613,#4614,#4615,#4616,#4617,#4618,#4619,#4620),.UNSPECIFIED.,.F.,
 .F.,(4,1,1,1,1,1,1,1,1,1,1,1,4),(0.,0.145113010682311,0.183804723470123,
0.233755448218854,0.292857922681762,0.359873820142273,0.433962677180794,
0.514505753045976,0.601022892775639,0.693127419841346,0.790499245199636,
0.892867701579767,1.),.UNSPECIFIED.);
#99=B_SPLINE_CURVE_WITH_KNOTS('',3,(#4621,#4622,#4623,#4624,#4625,#4626,
#4627,#4628,#4629,#4630,#4631,#4632,#4633,#4634,#4635),.UNSPECIFIED.,.F.,
 .F.,(4,1,1,1,1,1,1,1,1,1,1,1,4),(0.,0.145113010682311,0.183804723470123,
0.233755448218854,0.292857922681762,0.359873820142273,0.433962677180794,
0.514505753045976,0.601022892775639,0.693127419841346,0.790499245199636,
0.892867701579767,1.),.UNSPECIFIED.);
#100=B_SPLINE_CURVE_WITH_KNOTS('',3,(#4643,#4644,#4645,#4646,#4647,#4648,
#4649,#4650,#4651,#4652,#4653,#4654,#4655,#4656,#4657),.UNSPECIFIED.,.F.,
 .F.,(4,1,1,1,1,1,1,1,1,1,1,1,4),(0.,0.145113010682311,0.183804723470123,
0.233755448218854,0.292857922681762,0.359873820142273,0.433962677180794,
0.514505753045976,0.601022892775639,0.693127419841346,0.790499245199636,
0.892867701579767,1.),.UNSPECIFIED.);
#101=B_SPLINE_CURVE_WITH_KNOTS('',3,(#4658,#4659,#4660,#4661,#4662,#4663,
#4664,#4665,#4666,#4667,#4668,#4669,#4670,#4671,#4672),.UNSPECIFIED.,.F.,
 .F.,(4,1,1,1,1,1,1,1,1,1,1,1,4),(0.,0.145113010682311,0.183804723470123,
0.233755448218854,0.292857922681762,0.359873820142273,0.433962677180794,
0.514505753045976,0.601022892775639,0.693127419841346,0.790499245199636,
0.892867701579767,1.),.UNSPECIFIED.);
#102=B_SPLINE_CURVE_WITH_KNOTS('',3,(#4680,#4681,#4682,#4683,#4684,#4685,
#4686,#4687,#4688,#4689,#4690,#4691,#4692,#4693,#4694),.UNSPECIFIED.,.F.,
 .F.,(4,1,1,1,1,1,1,1,1,1,1,1,4),(0.,0.145113010682311,0.183804723470123,
0.233755448218854,0.292857922681762,0.359873820142273,0.433962677180794,
0.514505753045976,0.601022892775639,0.693127419841346,0.790499245199636,
0.892867701579767,1.),.UNSPECIFIED.);
#103=B_SPLINE_CURVE_WITH_KNOTS('',3,(#4695,#4696,#4697,#4698,#4699,#4700,
#4701,#4702,#4703,#4704,#4705,#4706,#4707,#4708,#4709),.UNSPECIFIED.,.F.,
 .F.,(4,1,1,1,1,1,1,1,1,1,1,1,4),(0.,0.145113010682311,0.183804723470123,
0.233755448218854,0.292857922681762,0.359873820142273,0.433962677180794,
0.514505753045976,0.601022892775639,0.693127419841346,0.790499245199636,
0.892867701579767,1.),.UNSPECIFIED.);
#104=B_SPLINE_CURVE_WITH_KNOTS('',3,(#4727,#4728,#4729,#4730,#4731,#4732,
#4733,#4734,#4735,#4736,#4737,#4738,#4739,#4740,#4741),.UNSPECIFIED.,.F.,
 .F.,(4,1,1,1,1,1,1,1,1,1,1,1,4),(0.,0.145113010682311,0.183804723470123,
0.233755448218854,0.292857922681762,0.359873820142273,0.433962677180794,
0.514505753045976,0.601022892775639,0.693127419841346,0.790499245199636,
0.892867701579767,1.),.UNSPECIFIED.);
#105=B_SPLINE_CURVE_WITH_KNOTS('',3,(#4742,#4743,#4744,#4745,#4746,#4747,
#4748,#4749,#4750,#4751,#4752,#4753,#4754,#4755,#4756),.UNSPECIFIED.,.F.,
 .F.,(4,1,1,1,1,1,1,1,1,1,1,1,4),(0.,0.145113010682311,0.183804723470123,
0.233755448218854,0.292857922681762,0.359873820142273,0.433962677180794,
0.514505753045976,0.601022892775639,0.693127419841346,0.790499245199636,
0.892867701579767,1.),.UNSPECIFIED.);
#106=B_SPLINE_CURVE_WITH_KNOTS('',3,(#4764,#4765,#4766,#4767,#4768,#4769,
#4770,#4771,#4772,#4773,#4774,#4775,#4776,#4777,#4778),.UNSPECIFIED.,.F.,
 .F.,(4,1,1,1,1,1,1,1,1,1,1,1,4),(0.,0.145113010682311,0.183804723470123,
0.233755448218854,0.292857922681762,0.359873820142273,0.433962677180794,
0.514505753045976,0.601022892775639,0.693127419841346,0.790499245199636,
0.892867701579767,1.),.UNSPECIFIED.);
#107=B_SPLINE_CURVE_WITH_KNOTS('',3,(#4779,#4780,#4781,#4782,#4783,#4784,
#4785,#4786,#4787,#4788,#4789,#4790,#4791,#4792,#4793),.UNSPECIFIED.,.F.,
 .F.,(4,1,1,1,1,1,1,1,1,1,1,1,4),(0.,0.145113010682311,0.183804723470123,
0.233755448218854,0.292857922681762,0.359873820142273,0.433962677180794,
0.514505753045976,0.601022892775639,0.693127419841346,0.790499245199636,
0.892867701579767,1.),.UNSPECIFIED.);
#108=B_SPLINE_CURVE_WITH_KNOTS('',3,(#4801,#4802,#4803,#4804,#4805,#4806,
#4807,#4808,#4809,#4810,#4811,#4812,#4813,#4814,#4815),.UNSPECIFIED.,.F.,
 .F.,(4,1,1,1,1,1,1,1,1,1,1,1,4),(0.,0.145113010682311,0.183804723470123,
0.233755448218854,0.292857922681762,0.359873820142273,0.433962677180794,
0.514505753045976,0.601022892775639,0.693127419841346,0.790499245199636,
0.892867701579767,1.),.UNSPECIFIED.);
#109=B_SPLINE_CURVE_WITH_KNOTS('',3,(#4816,#4817,#4818,#4819,#4820,#4821,
#4822,#4823,#4824,#4825,#4826,#4827,#4828,#4829,#4830),.UNSPECIFIED.,.F.,
 .F.,(4,1,1,1,1,1,1,1,1,1,1,1,4),(0.,0.145113010682311,0.183804723470123,
0.233755448218854,0.292857922681762,0.359873820142273,0.433962677180794,
0.514505753045976,0.601022892775639,0.693127419841346,0.790499245199636,
0.892867701579767,1.),.UNSPECIFIED.);
#110=B_SPLINE_CURVE_WITH_KNOTS('',3,(#4838,#4839,#4840,#4841,#4842,#4843,
#4844,#4845,#4846,#4847,#4848,#4849,#4850,#4851,#4852),.UNSPECIFIED.,.F.,
 .F.,(4,1,1,1,1,1,1,1,1,1,1,1,4),(0.,0.145113010682311,0.183804723470123,
0.233755448218854,0.292857922681762,0.359873820142273,0.433962677180794,
0.514505753045976,0.601022892775639,0.693127419841346,0.790499245199636,
0.892867701579767,1.),.UNSPECIFIED.);
#111=B_SPLINE_CURVE_WITH_KNOTS('',3,(#4853,#4854,#4855,#4856,#4857,#4858,
#4859,#4860,#4861,#4862,#4863,#4864,#4865,#4866,#4867),.UNSPECIFIED.,.F.,
 .F.,(4,1,1,1,1,1,1,1,1,1,1,1,4),(0.,0.145113010682311,0.183804723470123,
0.233755448218854,0.292857922681762,0.359873820142273,0.433962677180794,
0.514505753045976,0.601022892775639,0.693127419841346,0.790499245199636,
0.892867701579767,1.),.UNSPECIFIED.);
#112=B_SPLINE_CURVE_WITH_KNOTS('',3,(#4875,#4876,#4877,#4878,#4879,#4880,
#4881,#4882,#4883,#4884,#4885,#4886,#4887,#4888,#4889),.UNSPECIFIED.,.F.,
 .F.,(4,1,1,1,1,1,1,1,1,1,1,1,4),(0.,0.145113010682311,0.183804723470123,
0.233755448218854,0.292857922681762,0.359873820142273,0.433962677180794,
0.514505753045976,0.601022892775639,0.693127419841346,0.790499245199636,
0.892867701579767,1.),.UNSPECIFIED.);
#113=B_SPLINE_CURVE_WITH_KNOTS('',3,(#4890,#4891,#4892,#4893,#4894,#4895,
#4896,#4897,#4898,#4899,#4900,#4901,#4902,#4903,#4904),.UNSPECIFIED.,.F.,
 .F.,(4,1,1,1,1,1,1,1,1,1,1,1,4),(0.,0.145113010682311,0.183804723470123,
0.233755448218854,0.292857922681762,0.359873820142273,0.433962677180794,
0.514505753045976,0.601022892775639,0.693127419841346,0.790499245199636,
0.892867701579767,1.),.UNSPECIFIED.);
#114=B_SPLINE_CURVE_WITH_KNOTS('',3,(#4912,#4913,#4914,#4915,#4916,#4917,
#4918,#4919,#4920,#4921,#4922,#4923,#4924,#4925,#4926),.UNSPECIFIED.,.F.,
 .F.,(4,1,1,1,1,1,1,1,1,1,1,1,4),(0.,0.145113010682311,0.183804723470123,
0.233755448218854,0.292857922681762,0.359873820142273,0.433962677180794,
0.514505753045976,0.601022892775639,0.693127419841346,0.790499245199636,
0.892867701579767,1.),.UNSPECIFIED.);
#115=B_SPLINE_CURVE_WITH_KNOTS('',3,(#4927,#4928,#4929,#4930,#4931,#4932,
#4933,#4934,#4935,#4936,#4937,#4938,#4939,#4940,#4941),.UNSPECIFIED.,.F.,
 .F.,(4,1,1,1,1,1,1,1,1,1,1,1,4),(0.,0.145113010682311,0.183804723470123,
0.233755448218854,0.292857922681762,0.359873820142273,0.433962677180794,
0.514505753045976,0.601022892775639,0.693127419841346,0.790499245199636,
0.892867701579767,1.),.UNSPECIFIED.);
#116=B_SPLINE_CURVE_WITH_KNOTS('',3,(#4949,#4950,#4951,#4952,#4953,#4954,
#4955,#4956,#4957,#4958,#4959,#4960,#4961,#4962,#4963),.UNSPECIFIED.,.F.,
 .F.,(4,1,1,1,1,1,1,1,1,1,1,1,4),(0.,0.145113010682311,0.183804723470123,
0.233755448218854,0.292857922681762,0.359873820142273,0.433962677180794,
0.514505753045976,0.601022892775639,0.693127419841346,0.790499245199636,
0.892867701579767,1.),.UNSPECIFIED.);
#117=B_SPLINE_CURVE_WITH_KNOTS('',3,(#4964,#4965,#4966,#4967,#4968,#4969,
#4970,#4971,#4972,#4973,#4974,#4975,#4976,#4977,#4978),.UNSPECIFIED.,.F.,
 .F.,(4,1,1,1,1,1,1,1,1,1,1,1,4),(0.,0.145113010682311,0.183804723470123,
0.233755448218854,0.292857922681762,0.359873820142273,0.433962677180794,
0.514505753045976,0.601022892775639,0.693127419841346,0.790499245199636,
0.892867701579767,1.),.UNSPECIFIED.);
#118=B_SPLINE_CURVE_WITH_KNOTS('',3,(#4986,#4987,#4988,#4989,#4990,#4991,
#4992,#4993,#4994,#4995,#4996,#4997,#4998,#4999,#5000),.UNSPECIFIED.,.F.,
 .F.,(4,1,1,1,1,1,1,1,1,1,1,1,4),(0.,0.145113010682311,0.183804723470123,
0.233755448218854,0.292857922681762,0.359873820142273,0.433962677180794,
0.514505753045976,0.601022892775639,0.693127419841346,0.790499245199636,
0.892867701579767,1.),.UNSPECIFIED.);
#119=B_SPLINE_CURVE_WITH_KNOTS('',3,(#5001,#5002,#5003,#5004,#5005,#5006,
#5007,#5008,#5009,#5010,#5011,#5012,#5013,#5014,#5015),.UNSPECIFIED.,.F.,
 .F.,(4,1,1,1,1,1,1,1,1,1,1,1,4),(0.,0.145113010682311,0.183804723470123,
0.233755448218854,0.292857922681762,0.359873820142273,0.433962677180794,
0.514505753045976,0.601022892775639,0.693127419841346,0.790499245199636,
0.892867701579767,1.),.UNSPECIFIED.);
#120=B_SPLINE_CURVE_WITH_KNOTS('',3,(#5023,#5024,#5025,#5026,#5027,#5028,
#5029,#5030,#5031,#5032,#5033,#5034,#5035,#5036,#5037),.UNSPECIFIED.,.F.,
 .F.,(4,1,1,1,1,1,1,1,1,1,1,1,4),(0.,0.145113010682311,0.183804723470123,
0.233755448218854,0.292857922681762,0.359873820142273,0.433962677180794,
0.514505753045976,0.601022892775639,0.693127419841346,0.790499245199636,
0.892867701579767,1.),.UNSPECIFIED.);
#121=B_SPLINE_CURVE_WITH_KNOTS('',3,(#5038,#5039,#5040,#5041,#5042,#5043,
#5044,#5045,#5046,#5047,#5048,#5049,#5050,#5051,#5052),.UNSPECIFIED.,.F.,
 .F.,(4,1,1,1,1,1,1,1,1,1,1,1,4),(0.,0.145113010682311,0.183804723470123,
0.233755448218854,0.292857922681762,0.359873820142273,0.433962677180794,
0.514505753045976,0.601022892775639,0.693127419841346,0.790499245199636,
0.892867701579767,1.),.UNSPECIFIED.);
#122=B_SPLINE_CURVE_WITH_KNOTS('',3,(#5060,#5061,#5062,#5063,#5064,#5065,
#5066,#5067,#5068,#5069,#5070,#5071,#5072,#5073,#5074),.UNSPECIFIED.,.F.,
 .F.,(4,1,1,1,1,1,1,1,1,1,1,1,4),(0.,0.145113010682311,0.183804723470123,
0.233755448218854,0.292857922681762,0.359873820142273,0.433962677180794,
0.514505753045976,0.601022892775639,0.693127419841346,0.790499245199636,
0.892867701579767,1.),.UNSPECIFIED.);
#123=B_SPLINE_CURVE_WITH_KNOTS('',3,(#5075,#5076,#5077,#5078,#5079,#5080,
#5081,#5082,#5083,#5084,#5085,#5086,#5087,#5088,#5089),.UNSPECIFIED.,.F.,
 .F.,(4,1,1,1,1,1,1,1,1,1,1,1,4),(0.,0.145113010682311,0.183804723470123,
0.233755448218854,0.292857922681762,0.359873820142273,0.433962677180794,
0.514505753045976,0.601022892775639,0.693127419841346,0.790499245199636,
0.892867701579767,1.),.UNSPECIFIED.);
#124=B_SPLINE_CURVE_WITH_KNOTS('',3,(#5097,#5098,#5099,#5100,#5101,#5102,
#5103,#5104,#5105,#5106,#5107,#5108,#5109,#5110,#5111),.UNSPECIFIED.,.F.,
 .F.,(4,1,1,1,1,1,1,1,1,1,1,1,4),(0.,0.145113010682311,0.183804723470123,
0.233755448218854,0.292857922681762,0.359873820142273,0.433962677180794,
0.514505753045976,0.601022892775639,0.693127419841346,0.790499245199636,
0.892867701579767,1.),.UNSPECIFIED.);
#125=B_SPLINE_CURVE_WITH_KNOTS('',3,(#5112,#5113,#5114,#5115,#5116,#5117,
#5118,#5119,#5120,#5121,#5122,#5123,#5124,#5125,#5126),.UNSPECIFIED.,.F.,
 .F.,(4,1,1,1,1,1,1,1,1,1,1,1,4),(0.,0.145113010682311,0.183804723470123,
0.233755448218854,0.292857922681762,0.359873820142273,0.433962677180794,
0.514505753045976,0.601022892775639,0.693127419841346,0.790499245199636,
0.892867701579767,1.),.UNSPECIFIED.);
#126=B_SPLINE_CURVE_WITH_KNOTS('',3,(#5134,#5135,#5136,#5137,#5138,#5139,
#5140,#5141,#5142,#5143,#5144,#5145,#5146,#5147,#5148),.UNSPECIFIED.,.F.,
 .F.,(4,1,1,1,1,1,1,1,1,1,1,1,4),(0.,0.145113010682311,0.183804723470123,
0.233755448218854,0.292857922681762,0.359873820142273,0.433962677180794,
0.514505753045976,0.601022892775639,0.693127419841346,0.790499245199636,
0.892867701579767,1.),.UNSPECIFIED.);
#127=B_SPLINE_CURVE_WITH_KNOTS('',3,(#5149,#5150,#5151,#5152,#5153,#5154,
#5155,#5156,#5157,#5158,#5159,#5160,#5161,#5162,#5163),.UNSPECIFIED.,.F.,
 .F.,(4,1,1,1,1,1,1,1,1,1,1,1,4),(0.,0.145113010682311,0.183804723470123,
0.233755448218854,0.292857922681762,0.359873820142273,0.433962677180794,
0.514505753045976,0.601022892775639,0.693127419841346,0.790499245199636,
0.892867701579767,1.),.UNSPECIFIED.);
#128=B_SPLINE_CURVE_WITH_KNOTS('',3,(#5171,#5172,#5173,#5174,#5175,#5176,
#5177,#5178,#5179,#5180,#5181,#5182,#5183,#5184,#5185),.UNSPECIFIED.,.F.,
 .F.,(4,1,1,1,1,1,1,1,1,1,1,1,4),(0.,0.145113010682311,0.183804723470123,
0.233755448218854,0.292857922681762,0.359873820142273,0.433962677180794,
0.514505753045976,0.601022892775639,0.693127419841346,0.790499245199636,
0.892867701579767,1.),.UNSPECIFIED.);
#129=B_SPLINE_CURVE_WITH_KNOTS('',3,(#5186,#5187,#5188,#5189,#5190,#5191,
#5192,#5193,#5194,#5195,#5196,#5197,#5198,#5199,#5200),.UNSPECIFIED.,.F.,
 .F.,(4,1,1,1,1,1,1,1,1,1,1,1,4),(0.,0.145113010682311,0.183804723470123,
0.233755448218854,0.292857922681762,0.359873820142273,0.433962677180794,
0.514505753045976,0.601022892775639,0.693127419841346,0.790499245199636,
0.892867701579767,1.),.UNSPECIFIED.);
#130=B_SPLINE_CURVE_WITH_KNOTS('',3,(#5208,#5209,#5210,#5211,#5212,#5213,
#5214,#5215,#5216,#5217,#5218,#5219,#5220,#5221,#5222),.UNSPECIFIED.,.F.,
 .F.,(4,1,1,1,1,1,1,1,1,1,1,1,4),(0.,0.145113010682311,0.183804723470123,
0.233755448218854,0.292857922681762,0.359873820142273,0.433962677180794,
0.514505753045976,0.601022892775639,0.693127419841346,0.790499245199636,
0.892867701579767,1.),.UNSPECIFIED.);
#131=B_SPLINE_CURVE_WITH_KNOTS('',3,(#5223,#5224,#5225,#5226,#5227,#5228,
#5229,#5230,#5231,#5232,#5233,#5234,#5235,#5236,#5237),.UNSPECIFIED.,.F.,
 .F.,(4,1,1,1,1,1,1,1,1,1,1,1,4),(0.,0.145113010682311,0.183804723470123,
0.233755448218854,0.292857922681762,0.359873820142273,0.433962677180794,
0.514505753045976,0.601022892775639,0.693127419841346,0.790499245199636,
0.892867701579767,1.),.UNSPECIFIED.);
#132=B_SPLINE_CURVE_WITH_KNOTS('',3,(#5245,#5246,#5247,#5248,#5249,#5250,
#5251,#5252,#5253,#5254,#5255,#5256,#5257,#5258,#5259),.UNSPECIFIED.,.F.,
 .F.,(4,1,1,1,1,1,1,1,1,1,1,1,4),(0.,0.145113010682311,0.183804723470123,
0.233755448218854,0.292857922681762,0.359873820142273,0.433962677180794,
0.514505753045976,0.601022892775639,0.693127419841346,0.790499245199636,
0.892867701579767,1.),.UNSPECIFIED.);
#133=B_SPLINE_CURVE_WITH_KNOTS('',3,(#5260,#5261,#5262,#5263,#5264,#5265,
#5266,#5267,#5268,#5269,#5270,#5271,#5272,#5273,#5274),.UNSPECIFIED.,.F.,
 .F.,(4,1,1,1,1,1,1,1,1,1,1,1,4),(0.,0.145113010682311,0.183804723470123,
0.233755448218854,0.292857922681762,0.359873820142273,0.433962677180794,
0.514505753045976,0.601022892775639,0.693127419841346,0.790499245199636,
0.892867701579767,1.),.UNSPECIFIED.);
#134=B_SPLINE_CURVE_WITH_KNOTS('',3,(#5282,#5283,#5284,#5285,#5286,#5287,
#5288,#5289,#5290,#5291,#5292,#5293,#5294,#5295,#5296),.UNSPECIFIED.,.F.,
 .F.,(4,1,1,1,1,1,1,1,1,1,1,1,4),(0.,0.145113010682311,0.183804723470123,
0.233755448218854,0.292857922681762,0.359873820142273,0.433962677180794,
0.514505753045976,0.601022892775639,0.693127419841346,0.790499245199636,
0.892867701579767,1.),.UNSPECIFIED.);
#135=B_SPLINE_CURVE_WITH_KNOTS('',3,(#5297,#5298,#5299,#5300,#5301,#5302,
#5303,#5304,#5305,#5306,#5307,#5308,#5309,#5310,#5311),.UNSPECIFIED.,.F.,
 .F.,(4,1,1,1,1,1,1,1,1,1,1,1,4),(0.,0.145113010682311,0.183804723470123,
0.233755448218854,0.292857922681762,0.359873820142273,0.433962677180794,
0.514505753045976,0.601022892775639,0.693127419841346,0.790499245199636,
0.892867701579767,1.),.UNSPECIFIED.);
#136=B_SPLINE_CURVE_WITH_KNOTS('',3,(#5319,#5320,#5321,#5322,#5323,#5324,
#5325,#5326,#5327,#5328,#5329,#5330,#5331,#5332,#5333),.UNSPECIFIED.,.F.,
 .F.,(4,1,1,1,1,1,1,1,1,1,1,1,4),(0.,0.145113010682311,0.183804723470123,
0.233755448218854,0.292857922681762,0.359873820142273,0.433962677180794,
0.514505753045976,0.601022892775639,0.693127419841346,0.790499245199636,
0.892867701579767,1.),.UNSPECIFIED.);
#137=B_SPLINE_CURVE_WITH_KNOTS('',3,(#5334,#5335,#5336,#5337,#5338,#5339,
#5340,#5341,#5342,#5343,#5344,#5345,#5346,#5347,#5348),.UNSPECIFIED.,.F.,
 .F.,(4,1,1,1,1,1,1,1,1,1,1,1,4),(0.,0.145113010682311,0.183804723470123,
0.233755448218854,0.292857922681762,0.359873820142273,0.433962677180794,
0.514505753045976,0.601022892775639,0.693127419841346,0.790499245199636,
0.892867701579767,1.),.UNSPECIFIED.);
#138=B_SPLINE_CURVE_WITH_KNOTS('',3,(#5356,#5357,#5358,#5359,#5360,#5361,
#5362,#5363,#5364,#5365,#5366,#5367,#5368,#5369,#5370),.UNSPECIFIED.,.F.,
 .F.,(4,1,1,1,1,1,1,1,1,1,1,1,4),(0.,0.145113010682311,0.183804723470123,
0.233755448218854,0.292857922681762,0.359873820142273,0.433962677180794,
0.514505753045976,0.601022892775639,0.693127419841346,0.790499245199636,
0.892867701579767,1.),.UNSPECIFIED.);
#139=B_SPLINE_CURVE_WITH_KNOTS('',3,(#5371,#5372,#5373,#5374,#5375,#5376,
#5377,#5378,#5379,#5380,#5381,#5382,#5383,#5384,#5385),.UNSPECIFIED.,.F.,
 .F.,(4,1,1,1,1,1,1,1,1,1,1,1,4),(0.,0.145113010682311,0.183804723470123,
0.233755448218854,0.292857922681762,0.359873820142273,0.433962677180794,
0.514505753045976,0.601022892775639,0.693127419841346,0.790499245199636,
0.892867701579767,1.),.UNSPECIFIED.);
#140=B_SPLINE_CURVE_WITH_KNOTS('',3,(#5393,#5394,#5395,#5396,#5397,#5398,
#5399,#5400,#5401,#5402,#5403,#5404,#5405,#5406,#5407),.UNSPECIFIED.,.F.,
 .F.,(4,1,1,1,1,1,1,1,1,1,1,1,4),(0.,0.145113010682311,0.183804723470123,
0.233755448218854,0.292857922681762,0.359873820142273,0.433962677180794,
0.514505753045976,0.601022892775639,0.693127419841346,0.790499245199636,
0.892867701579767,1.),.UNSPECIFIED.);
#141=B_SPLINE_CURVE_WITH_KNOTS('',3,(#5408,#5409,#5410,#5411,#5412,#5413,
#5414,#5415,#5416,#5417,#5418,#5419,#5420,#5421,#5422),.UNSPECIFIED.,.F.,
 .F.,(4,1,1,1,1,1,1,1,1,1,1,1,4),(0.,0.145113010682311,0.183804723470123,
0.233755448218854,0.292857922681762,0.359873820142273,0.433962677180794,
0.514505753045976,0.601022892775639,0.693127419841346,0.790499245199636,
0.892867701579767,1.),.UNSPECIFIED.);
#142=B_SPLINE_CURVE_WITH_KNOTS('',3,(#5430,#5431,#5432,#5433,#5434,#5435,
#5436,#5437,#5438,#5439,#5440,#5441,#5442,#5443,#5444),.UNSPECIFIED.,.F.,
 .F.,(4,1,1,1,1,1,1,1,1,1,1,1,4),(0.,0.145113010682311,0.183804723470123,
0.233755448218854,0.292857922681762,0.359873820142273,0.433962677180794,
0.514505753045976,0.601022892775639,0.693127419841346,0.790499245199636,
0.892867701579767,1.),.UNSPECIFIED.);
#143=B_SPLINE_CURVE_WITH_KNOTS('',3,(#5445,#5446,#5447,#5448,#5449,#5450,
#5451,#5452,#5453,#5454,#5455,#5456,#5457,#5458,#5459),.UNSPECIFIED.,.F.,
 .F.,(4,1,1,1,1,1,1,1,1,1,1,1,4),(0.,0.145113010682311,0.183804723470123,
0.233755448218854,0.292857922681762,0.359873820142273,0.433962677180794,
0.514505753045976,0.601022892775639,0.693127419841346,0.790499245199636,
0.892867701579767,1.),.UNSPECIFIED.);
#144=B_SPLINE_CURVE_WITH_KNOTS('',3,(#5467,#5468,#5469,#5470,#5471,#5472,
#5473,#5474,#5475,#5476,#5477,#5478,#5479,#5480,#5481),.UNSPECIFIED.,.F.,
 .F.,(4,1,1,1,1,1,1,1,1,1,1,1,4),(0.,0.145113010682311,0.183804723470123,
0.233755448218854,0.292857922681762,0.359873820142273,0.433962677180794,
0.514505753045976,0.601022892775639,0.693127419841346,0.790499245199636,
0.892867701579767,1.),.UNSPECIFIED.);
#145=B_SPLINE_CURVE_WITH_KNOTS('',3,(#5482,#5483,#5484,#5485,#5486,#5487,
#5488,#5489,#5490,#5491,#5492,#5493,#5494,#5495,#5496),.UNSPECIFIED.,.F.,
 .F.,(4,1,1,1,1,1,1,1,1,1,1,1,4),(0.,0.145113010682311,0.183804723470123,
0.233755448218854,0.292857922681762,0.359873820142273,0.433962677180794,
0.514505753045976,0.601022892775639,0.693127419841346,0.790499245199636,
0.892867701579767,1.),.UNSPECIFIED.);
#146=B_SPLINE_CURVE_WITH_KNOTS('',3,(#5504,#5505,#5506,#5507,#5508,#5509,
#5510,#5511,#5512,#5513,#5514,#5515,#5516,#5517,#5518),.UNSPECIFIED.,.F.,
 .F.,(4,1,1,1,1,1,1,1,1,1,1,1,4),(0.,0.145113010682311,0.183804723470123,
0.233755448218854,0.292857922681762,0.359873820142273,0.433962677180794,
0.514505753045976,0.601022892775639,0.693127419841346,0.790499245199636,
0.892867701579767,1.),.UNSPECIFIED.);
#147=B_SPLINE_CURVE_WITH_KNOTS('',3,(#5519,#5520,#5521,#5522,#5523,#5524,
#5525,#5526,#5527,#5528,#5529,#5530,#5531,#5532,#5533),.UNSPECIFIED.,.F.,
 .F.,(4,1,1,1,1,1,1,1,1,1,1,1,4),(0.,0.145113010682311,0.183804723470123,
0.233755448218854,0.292857922681762,0.359873820142273,0.433962677180794,
0.514505753045976,0.601022892775639,0.693127419841346,0.790499245199636,
0.892867701579767,1.),.UNSPECIFIED.);
#148=B_SPLINE_CURVE_WITH_KNOTS('',3,(#5541,#5542,#5543,#5544,#5545,#5546,
#5547,#5548,#5549,#5550,#5551,#5552,#5553,#5554,#5555),.UNSPECIFIED.,.F.,
 .F.,(4,1,1,1,1,1,1,1,1,1,1,1,4),(0.,0.145113010682311,0.183804723470123,
0.233755448218854,0.292857922681762,0.359873820142273,0.433962677180794,
0.514505753045976,0.601022892775639,0.693127419841346,0.790499245199636,
0.892867701579767,1.),.UNSPECIFIED.);
#149=B_SPLINE_CURVE_WITH_KNOTS('',3,(#5556,#5557,#5558,#5559,#5560,#5561,
#5562,#5563,#5564,#5565,#5566,#5567,#5568,#5569,#5570),.UNSPECIFIED.,.F.,
 .F.,(4,1,1,1,1,1,1,1,1,1,1,1,4),(0.,0.145113010682311,0.183804723470123,
0.233755448218854,0.292857922681762,0.359873820142273,0.433962677180794,
0.514505753045976,0.601022892775639,0.693127419841346,0.790499245199636,
0.892867701579767,1.),.UNSPECIFIED.);
#150=PLANE('',#2741);
#151=PLANE('',#2817);
#152=CIRCLE('',#2676,0.0225);
#153=CIRCLE('',#2677,0.0225);
#154=CIRCLE('',#2679,0.0225);
#155=CIRCLE('',#2680,0.0225);
#156=CIRCLE('',#2682,0.0225);
#157=CIRCLE('',#2683,0.0225);
#158=CIRCLE('',#2685,0.0225);
#159=CIRCLE('',#2686,0.0225);
#160=CIRCLE('',#2688,0.0225);
#161=CIRCLE('',#2689,0.0225);
#162=CIRCLE('',#2691,0.0225);
#163=CIRCLE('',#2692,0.0225);
#164=CIRCLE('',#2694,0.0225);
#165=CIRCLE('',#2695,0.0225);
#166=CIRCLE('',#2697,0.0225);
#167=CIRCLE('',#2698,0.0225);
#168=CIRCLE('',#2700,0.0225);
#169=CIRCLE('',#2701,0.0225);
#170=CIRCLE('',#2703,0.0225);
#171=CIRCLE('',#2704,0.0225);
#172=CIRCLE('',#2706,0.0225);
#173=CIRCLE('',#2707,0.0225);
#174=CIRCLE('',#2709,0.0225);
#175=CIRCLE('',#2710,0.0225);
#176=CIRCLE('',#2712,0.0225);
#177=CIRCLE('',#2713,0.0225);
#178=CIRCLE('',#2715,0.0225);
#179=CIRCLE('',#2716,0.0225);
#180=CIRCLE('',#2718,0.0225);
#181=CIRCLE('',#2719,0.0225);
#182=CIRCLE('',#2721,0.0225);
#183=CIRCLE('',#2722,0.0225);
#184=CIRCLE('',#2724,0.0225);
#185=CIRCLE('',#2725,0.0225);
#186=CIRCLE('',#2727,0.0225);
#187=CIRCLE('',#2728,0.0225);
#188=CIRCLE('',#2730,0.0225);
#189=CIRCLE('',#2731,0.0225);
#190=CIRCLE('',#2733,0.0225);
#191=CIRCLE('',#2734,0.0225);
#192=CIRCLE('',#2736,0.0225);
#193=CIRCLE('',#2737,0.0225);
#194=CIRCLE('',#2739,0.0225);
#195=CIRCLE('',#2740,0.0225);
#196=CIRCLE('',#2742,0.0025);
#197=CIRCLE('',#2743,0.000693474521812407);
#198=CIRCLE('',#2744,0.000693474521812407);
#199=CIRCLE('',#2745,0.01845);
#200=CIRCLE('',#2746,0.000693474521812407);
#201=CIRCLE('',#2747,0.000693474521812407);
#202=CIRCLE('',#2748,0.01845);
#203=CIRCLE('',#2749,0.000693474521812407);
#204=CIRCLE('',#2750,0.000693474521812407);
#205=CIRCLE('',#2751,0.01845);
#206=CIRCLE('',#2752,0.000693474521812407);
#207=CIRCLE('',#2753,0.000693474521812407);
#208=CIRCLE('',#2754,0.01845);
#209=CIRCLE('',#2755,0.000693474521812407);
#210=CIRCLE('',#2756,0.000693474521812407);
#211=CIRCLE('',#2757,0.01845);
#212=CIRCLE('',#2758,0.000693474521812407);
#213=CIRCLE('',#2759,0.000693474521812407);
#214=CIRCLE('',#2760,0.01845);
#215=CIRCLE('',#2761,0.000693474521812407);
#216=CIRCLE('',#2762,0.000693474521812407);
#217=CIRCLE('',#2763,0.01845);
#218=CIRCLE('',#2764,0.000693474521812407);
#219=CIRCLE('',#2765,0.000693474521812407);
#220=CIRCLE('',#2766,0.01845);
#221=CIRCLE('',#2767,0.000693474521812407);
#222=CIRCLE('',#2768,0.0225);
#223=CIRCLE('',#2769,0.000693474521812407);
#224=CIRCLE('',#2770,0.01845);
#225=CIRCLE('',#2771,0.000693474521812407);
#226=CIRCLE('',#2772,0.000693474521812407);
#227=CIRCLE('',#2773,0.01845);
#228=CIRCLE('',#2774,0.000693474521812407);
#229=CIRCLE('',#2775,0.000693474521812407);
#230=CIRCLE('',#2776,0.01845);
#231=CIRCLE('',#2777,0.000693474521812407);
#232=CIRCLE('',#2778,0.000693474521812407);
#233=CIRCLE('',#2779,0.01845);
#234=CIRCLE('',#2780,0.000693474521812407);
#235=CIRCLE('',#2781,0.000693474521812407);
#236=CIRCLE('',#2782,0.01845);
#237=CIRCLE('',#2783,0.000693474521812407);
#238=CIRCLE('',#2784,0.000693474521812407);
#239=CIRCLE('',#2785,0.01845);
#240=CIRCLE('',#2786,0.000693474521812407);
#241=CIRCLE('',#2787,0.000693474521812407);
#242=CIRCLE('',#2788,0.01845);
#243=CIRCLE('',#2789,0.000693474521812407);
#244=CIRCLE('',#2790,0.000693474521812407);
#245=CIRCLE('',#2791,0.01845);
#246=CIRCLE('',#2792,0.000693474521812407);
#247=CIRCLE('',#2793,0.000693474521812407);
#248=CIRCLE('',#2794,0.01845);
#249=CIRCLE('',#2795,0.000693474521812407);
#250=CIRCLE('',#2796,0.000693474521812407);
#251=CIRCLE('',#2797,0.01845);
#252=CIRCLE('',#2798,0.000693474521812407);
#253=CIRCLE('',#2799,0.000693474521812407);
#254=CIRCLE('',#2800,0.01845);
#255=CIRCLE('',#2801,0.000693474521812407);
#256=CIRCLE('',#2802,0.000693474521812407);
#257=CIRCLE('',#2803,0.01845);
#258=CIRCLE('',#2804,0.000693474521812407);
#259=CIRCLE('',#2805,0.000693474521812407);
#260=CIRCLE('',#2806,0.01845);
#261=CIRCLE('',#2807,0.000693474521812407);
#262=CIRCLE('',#2808,0.000693474521812407);
#263=CIRCLE('',#2809,0.01845);
#264=CIRCLE('',#2810,0.000693474521812407);
#265=CIRCLE('',#2811,0.000693474521812407);
#266=CIRCLE('',#2812,0.01845);
#267=CIRCLE('',#2814,0.0025);
#268=CIRCLE('',#2816,0.0225);
#269=CIRCLE('',#2818,0.000693474521812407);
#270=CIRCLE('',#2819,0.000693474521812407);
#271=CIRCLE('',#2820,0.01845);
#272=CIRCLE('',#2821,0.000693474521812407);
#273=CIRCLE('',#2822,0.000693474521812407);
#274=CIRCLE('',#2823,0.01845);
#275=CIRCLE('',#2824,0.000693474521812407);
#276=CIRCLE('',#2825,0.000693474521812407);
#277=CIRCLE('',#2826,0.01845);
#278=CIRCLE('',#2827,0.000693474521812407);
#279=CIRCLE('',#2828,0.000693474521812407);
#280=CIRCLE('',#2829,0.01845);
#281=CIRCLE('',#2830,0.000693474521812407);
#282=CIRCLE('',#2831,0.000693474521812407);
#283=CIRCLE('',#2832,0.01845);
#284=CIRCLE('',#2833,0.000693474521812407);
#285=CIRCLE('',#2834,0.000693474521812407);
#286=CIRCLE('',#2835,0.01845);
#287=CIRCLE('',#2836,0.000693474521812407);
#288=CIRCLE('',#2837,0.000693474521812407);
#289=CIRCLE('',#2838,0.01845);
#290=CIRCLE('',#2839,0.000693474521812407);
#291=CIRCLE('',#2840,0.000693474521812407);
#292=CIRCLE('',#2841,0.01845);
#293=CIRCLE('',#2842,0.000693474521812407);
#294=CIRCLE('',#2843,0.000693474521812407);
#295=CIRCLE('',#2844,0.01845);
#296=CIRCLE('',#2845,0.000693474521812407);
#297=CIRCLE('',#2846,0.000693474521812407);
#298=CIRCLE('',#2847,0.01845);
#299=CIRCLE('',#2848,0.000693474521812407);
#300=CIRCLE('',#2849,0.000693474521812407);
#301=CIRCLE('',#2850,0.01845);
#302=CIRCLE('',#2851,0.000693474521812407);
#303=CIRCLE('',#2852,0.000693474521812407);
#304=CIRCLE('',#2853,0.01845);
#305=CIRCLE('',#2854,0.000693474521812407);
#306=CIRCLE('',#2855,0.000693474521812407);
#307=CIRCLE('',#2856,0.01845);
#308=CIRCLE('',#2857,0.000693474521812407);
#309=CIRCLE('',#2858,0.000693474521812407);
#310=CIRCLE('',#2859,0.01845);
#311=CIRCLE('',#2860,0.000693474521812407);
#312=CIRCLE('',#2861,0.000693474521812407);
#313=CIRCLE('',#2862,0.01845);
#314=CIRCLE('',#2863,0.000693474521812407);
#315=CIRCLE('',#2864,0.000693474521812407);
#316=CIRCLE('',#2865,0.01845);
#317=CIRCLE('',#2866,0.000693474521812407);
#318=CIRCLE('',#2867,0.000693474521812407);
#319=CIRCLE('',#2868,0.01845);
#320=CIRCLE('',#2869,0.000693474521812407);
#321=CIRCLE('',#2870,0.000693474521812407);
#322=CIRCLE('',#2871,0.01845);
#323=CIRCLE('',#2872,0.000693474521812407);
#324=CIRCLE('',#2873,0.000693474521812407);
#325=CIRCLE('',#2874,0.01845);
#326=CIRCLE('',#2875,0.000693474521812407);
#327=CIRCLE('',#2876,0.000693474521812407);
#328=CIRCLE('',#2877,0.01845);
#329=CIRCLE('',#2878,0.000693474521812407);
#330=CIRCLE('',#2879,0.000693474521812407);
#331=CIRCLE('',#2880,0.01845);
#332=CIRCLE('',#2881,0.000693474521812407);
#333=CIRCLE('',#2882,0.000693474521812407);
#334=CIRCLE('',#2883,0.01845);
#335=CIRCLE('',#2884,0.000693474521812407);
#336=CIRCLE('',#2885,0.000693474521812407);
#337=CIRCLE('',#2886,0.01845);
#338=ORIENTED_EDGE('',*,*,#1170,.F.);
#339=ORIENTED_EDGE('',*,*,#1171,.F.);
#340=ORIENTED_EDGE('',*,*,#1172,.T.);
#341=ORIENTED_EDGE('',*,*,#1173,.T.);
#342=ORIENTED_EDGE('',*,*,#1174,.F.);
#343=ORIENTED_EDGE('',*,*,#1175,.F.);
#344=ORIENTED_EDGE('',*,*,#1176,.T.);
#345=ORIENTED_EDGE('',*,*,#1177,.T.);
#346=ORIENTED_EDGE('',*,*,#1178,.F.);
#347=ORIENTED_EDGE('',*,*,#1179,.T.);
#348=ORIENTED_EDGE('',*,*,#1180,.T.);
#349=ORIENTED_EDGE('',*,*,#1181,.F.);
#350=ORIENTED_EDGE('',*,*,#1182,.F.);
#351=ORIENTED_EDGE('',*,*,#1183,.T.);
#352=ORIENTED_EDGE('',*,*,#1184,.T.);
#353=ORIENTED_EDGE('',*,*,#1185,.F.);
#354=ORIENTED_EDGE('',*,*,#1186,.F.);
#355=ORIENTED_EDGE('',*,*,#1187,.F.);
#356=ORIENTED_EDGE('',*,*,#1188,.T.);
#357=ORIENTED_EDGE('',*,*,#1189,.T.);
#358=ORIENTED_EDGE('',*,*,#1190,.F.);
#359=ORIENTED_EDGE('',*,*,#1191,.F.);
#360=ORIENTED_EDGE('',*,*,#1192,.T.);
#361=ORIENTED_EDGE('',*,*,#1193,.T.);
#362=ORIENTED_EDGE('',*,*,#1194,.F.);
#363=ORIENTED_EDGE('',*,*,#1195,.F.);
#364=ORIENTED_EDGE('',*,*,#1196,.T.);
#365=ORIENTED_EDGE('',*,*,#1197,.T.);
#366=ORIENTED_EDGE('',*,*,#1198,.F.);
#367=ORIENTED_EDGE('',*,*,#1199,.T.);
#368=ORIENTED_EDGE('',*,*,#1200,.T.);
#369=ORIENTED_EDGE('',*,*,#1201,.F.);
#370=ORIENTED_EDGE('',*,*,#1202,.F.);
#371=ORIENTED_EDGE('',*,*,#1203,.F.);
#372=ORIENTED_EDGE('',*,*,#1204,.T.);
#373=ORIENTED_EDGE('',*,*,#1205,.T.);
#374=ORIENTED_EDGE('',*,*,#1206,.F.);
#375=ORIENTED_EDGE('',*,*,#1207,.F.);
#376=ORIENTED_EDGE('',*,*,#1208,.T.);
#377=ORIENTED_EDGE('',*,*,#1209,.T.);
#378=ORIENTED_EDGE('',*,*,#1210,.F.);
#379=ORIENTED_EDGE('',*,*,#1211,.F.);
#380=ORIENTED_EDGE('',*,*,#1212,.T.);
#381=ORIENTED_EDGE('',*,*,#1213,.T.);
#382=ORIENTED_EDGE('',*,*,#1214,.F.);
#383=ORIENTED_EDGE('',*,*,#1215,.F.);
#384=ORIENTED_EDGE('',*,*,#1216,.T.);
#385=ORIENTED_EDGE('',*,*,#1217,.T.);
#386=ORIENTED_EDGE('',*,*,#1218,.F.);
#387=ORIENTED_EDGE('',*,*,#1219,.F.);
#388=ORIENTED_EDGE('',*,*,#1220,.T.);
#389=ORIENTED_EDGE('',*,*,#1221,.T.);
#390=ORIENTED_EDGE('',*,*,#1222,.F.);
#391=ORIENTED_EDGE('',*,*,#1223,.T.);
#392=ORIENTED_EDGE('',*,*,#1224,.T.);
#393=ORIENTED_EDGE('',*,*,#1225,.F.);
#394=ORIENTED_EDGE('',*,*,#1226,.F.);
#395=ORIENTED_EDGE('',*,*,#1227,.F.);
#396=ORIENTED_EDGE('',*,*,#1228,.T.);
#397=ORIENTED_EDGE('',*,*,#1229,.T.);
#398=ORIENTED_EDGE('',*,*,#1230,.F.);
#399=ORIENTED_EDGE('',*,*,#1231,.T.);
#400=ORIENTED_EDGE('',*,*,#1232,.T.);
#401=ORIENTED_EDGE('',*,*,#1233,.F.);
#402=ORIENTED_EDGE('',*,*,#1234,.F.);
#403=ORIENTED_EDGE('',*,*,#1235,.F.);
#404=ORIENTED_EDGE('',*,*,#1236,.T.);
#405=ORIENTED_EDGE('',*,*,#1237,.T.);
#406=ORIENTED_EDGE('',*,*,#1238,.F.);
#407=ORIENTED_EDGE('',*,*,#1239,.F.);
#408=ORIENTED_EDGE('',*,*,#1240,.T.);
#409=ORIENTED_EDGE('',*,*,#1241,.T.);
#410=ORIENTED_EDGE('',*,*,#1242,.F.);
#411=ORIENTED_EDGE('',*,*,#1243,.F.);
#412=ORIENTED_EDGE('',*,*,#1244,.T.);
#413=ORIENTED_EDGE('',*,*,#1245,.T.);
#414=ORIENTED_EDGE('',*,*,#1246,.F.);
#415=ORIENTED_EDGE('',*,*,#1247,.T.);
#416=ORIENTED_EDGE('',*,*,#1248,.T.);
#417=ORIENTED_EDGE('',*,*,#1249,.F.);
#418=ORIENTED_EDGE('',*,*,#1250,.F.);
#419=ORIENTED_EDGE('',*,*,#1251,.F.);
#420=ORIENTED_EDGE('',*,*,#1252,.T.);
#421=ORIENTED_EDGE('',*,*,#1253,.T.);
#422=ORIENTED_EDGE('',*,*,#1254,.F.);
#423=ORIENTED_EDGE('',*,*,#1255,.T.);
#424=ORIENTED_EDGE('',*,*,#1256,.T.);
#425=ORIENTED_EDGE('',*,*,#1257,.F.);
#426=ORIENTED_EDGE('',*,*,#1258,.F.);
#427=ORIENTED_EDGE('',*,*,#1259,.F.);
#428=ORIENTED_EDGE('',*,*,#1260,.T.);
#429=ORIENTED_EDGE('',*,*,#1178,.T.);
#430=ORIENTED_EDGE('',*,*,#1261,.F.);
#431=ORIENTED_EDGE('',*,*,#1262,.F.);
#432=ORIENTED_EDGE('',*,*,#1263,.T.);
#433=ORIENTED_EDGE('',*,*,#1264,.F.);
#434=ORIENTED_EDGE('',*,*,#1265,.T.);
#435=ORIENTED_EDGE('',*,*,#1182,.T.);
#436=ORIENTED_EDGE('',*,*,#1266,.F.);
#437=ORIENTED_EDGE('',*,*,#1267,.F.);
#438=ORIENTED_EDGE('',*,*,#1268,.T.);
#439=ORIENTED_EDGE('',*,*,#1269,.F.);
#440=ORIENTED_EDGE('',*,*,#1270,.T.);
#441=ORIENTED_EDGE('',*,*,#1254,.T.);
#442=ORIENTED_EDGE('',*,*,#1271,.F.);
#443=ORIENTED_EDGE('',*,*,#1272,.F.);
#444=ORIENTED_EDGE('',*,*,#1273,.T.);
#445=ORIENTED_EDGE('',*,*,#1274,.F.);
#446=ORIENTED_EDGE('',*,*,#1275,.T.);
#447=ORIENTED_EDGE('',*,*,#1251,.T.);
#448=ORIENTED_EDGE('',*,*,#1276,.F.);
#449=ORIENTED_EDGE('',*,*,#1277,.F.);
#450=ORIENTED_EDGE('',*,*,#1278,.T.);
#451=ORIENTED_EDGE('',*,*,#1279,.F.);
#452=ORIENTED_EDGE('',*,*,#1280,.T.);
#453=ORIENTED_EDGE('',*,*,#1243,.T.);
#454=ORIENTED_EDGE('',*,*,#1281,.F.);
#455=ORIENTED_EDGE('',*,*,#1282,.F.);
#456=ORIENTED_EDGE('',*,*,#1283,.T.);
#457=ORIENTED_EDGE('',*,*,#1284,.F.);
#458=ORIENTED_EDGE('',*,*,#1285,.T.);
#459=ORIENTED_EDGE('',*,*,#1246,.T.);
#460=ORIENTED_EDGE('',*,*,#1286,.F.);
#461=ORIENTED_EDGE('',*,*,#1287,.F.);
#462=ORIENTED_EDGE('',*,*,#1288,.T.);
#463=ORIENTED_EDGE('',*,*,#1289,.F.);
#464=ORIENTED_EDGE('',*,*,#1290,.T.);
#465=ORIENTED_EDGE('',*,*,#1239,.T.);
#466=ORIENTED_EDGE('',*,*,#1291,.F.);
#467=ORIENTED_EDGE('',*,*,#1292,.F.);
#468=ORIENTED_EDGE('',*,*,#1293,.T.);
#469=ORIENTED_EDGE('',*,*,#1294,.F.);
#470=ORIENTED_EDGE('',*,*,#1295,.T.);
#471=ORIENTED_EDGE('',*,*,#1235,.T.);
#472=ORIENTED_EDGE('',*,*,#1296,.F.);
#473=ORIENTED_EDGE('',*,*,#1297,.F.);
#474=ORIENTED_EDGE('',*,*,#1298,.T.);
#475=ORIENTED_EDGE('',*,*,#1299,.F.);
#476=ORIENTED_EDGE('',*,*,#1300,.T.);
#477=ORIENTED_EDGE('',*,*,#1301,.T.);
#478=ORIENTED_EDGE('',*,*,#1302,.F.);
#479=ORIENTED_EDGE('',*,*,#1303,.F.);
#480=ORIENTED_EDGE('',*,*,#1304,.T.);
#481=ORIENTED_EDGE('',*,*,#1305,.F.);
#482=ORIENTED_EDGE('',*,*,#1306,.T.);
#483=ORIENTED_EDGE('',*,*,#1219,.T.);
#484=ORIENTED_EDGE('',*,*,#1307,.F.);
#485=ORIENTED_EDGE('',*,*,#1308,.F.);
#486=ORIENTED_EDGE('',*,*,#1309,.T.);
#487=ORIENTED_EDGE('',*,*,#1310,.F.);
#488=ORIENTED_EDGE('',*,*,#1311,.T.);
#489=ORIENTED_EDGE('',*,*,#1222,.T.);
#490=ORIENTED_EDGE('',*,*,#1312,.F.);
#491=ORIENTED_EDGE('',*,*,#1313,.F.);
#492=ORIENTED_EDGE('',*,*,#1314,.T.);
#493=ORIENTED_EDGE('',*,*,#1315,.F.);
#494=ORIENTED_EDGE('',*,*,#1316,.T.);
#495=ORIENTED_EDGE('',*,*,#1230,.T.);
#496=ORIENTED_EDGE('',*,*,#1317,.F.);
#497=ORIENTED_EDGE('',*,*,#1318,.F.);
#498=ORIENTED_EDGE('',*,*,#1319,.T.);
#499=ORIENTED_EDGE('',*,*,#1320,.F.);
#500=ORIENTED_EDGE('',*,*,#1321,.T.);
#501=ORIENTED_EDGE('',*,*,#1227,.T.);
#502=ORIENTED_EDGE('',*,*,#1322,.F.);
#503=ORIENTED_EDGE('',*,*,#1323,.F.);
#504=ORIENTED_EDGE('',*,*,#1324,.T.);
#505=ORIENTED_EDGE('',*,*,#1325,.F.);
#506=ORIENTED_EDGE('',*,*,#1326,.T.);
#507=ORIENTED_EDGE('',*,*,#1215,.T.);
#508=ORIENTED_EDGE('',*,*,#1327,.F.);
#509=ORIENTED_EDGE('',*,*,#1328,.F.);
#510=ORIENTED_EDGE('',*,*,#1329,.T.);
#511=ORIENTED_EDGE('',*,*,#1330,.F.);
#512=ORIENTED_EDGE('',*,*,#1331,.T.);
#513=ORIENTED_EDGE('',*,*,#1211,.T.);
#514=ORIENTED_EDGE('',*,*,#1332,.F.);
#515=ORIENTED_EDGE('',*,*,#1333,.F.);
#516=ORIENTED_EDGE('',*,*,#1334,.T.);
#517=ORIENTED_EDGE('',*,*,#1335,.F.);
#518=ORIENTED_EDGE('',*,*,#1336,.T.);
#519=ORIENTED_EDGE('',*,*,#1207,.T.);
#520=ORIENTED_EDGE('',*,*,#1337,.F.);
#521=ORIENTED_EDGE('',*,*,#1338,.F.);
#522=ORIENTED_EDGE('',*,*,#1339,.T.);
#523=ORIENTED_EDGE('',*,*,#1340,.F.);
#524=ORIENTED_EDGE('',*,*,#1341,.T.);
#525=ORIENTED_EDGE('',*,*,#1203,.T.);
#526=ORIENTED_EDGE('',*,*,#1342,.F.);
#527=ORIENTED_EDGE('',*,*,#1343,.F.);
#528=ORIENTED_EDGE('',*,*,#1344,.T.);
#529=ORIENTED_EDGE('',*,*,#1345,.F.);
#530=ORIENTED_EDGE('',*,*,#1346,.T.);
#531=ORIENTED_EDGE('',*,*,#1195,.T.);
#532=ORIENTED_EDGE('',*,*,#1347,.F.);
#533=ORIENTED_EDGE('',*,*,#1348,.F.);
#534=ORIENTED_EDGE('',*,*,#1349,.T.);
#535=ORIENTED_EDGE('',*,*,#1350,.F.);
#536=ORIENTED_EDGE('',*,*,#1351,.T.);
#537=ORIENTED_EDGE('',*,*,#1198,.T.);
#538=ORIENTED_EDGE('',*,*,#1352,.F.);
#539=ORIENTED_EDGE('',*,*,#1353,.F.);
#540=ORIENTED_EDGE('',*,*,#1354,.T.);
#541=ORIENTED_EDGE('',*,*,#1355,.F.);
#542=ORIENTED_EDGE('',*,*,#1356,.T.);
#543=ORIENTED_EDGE('',*,*,#1191,.T.);
#544=ORIENTED_EDGE('',*,*,#1357,.F.);
#545=ORIENTED_EDGE('',*,*,#1358,.F.);
#546=ORIENTED_EDGE('',*,*,#1359,.T.);
#547=ORIENTED_EDGE('',*,*,#1360,.F.);
#548=ORIENTED_EDGE('',*,*,#1361,.T.);
#549=ORIENTED_EDGE('',*,*,#1187,.T.);
#550=ORIENTED_EDGE('',*,*,#1362,.F.);
#551=ORIENTED_EDGE('',*,*,#1363,.F.);
#552=ORIENTED_EDGE('',*,*,#1364,.T.);
#553=ORIENTED_EDGE('',*,*,#1365,.F.);
#554=ORIENTED_EDGE('',*,*,#1366,.T.);
#555=ORIENTED_EDGE('',*,*,#1175,.T.);
#556=ORIENTED_EDGE('',*,*,#1367,.F.);
#557=ORIENTED_EDGE('',*,*,#1368,.F.);
#558=ORIENTED_EDGE('',*,*,#1369,.T.);
#559=ORIENTED_EDGE('',*,*,#1370,.F.);
#560=ORIENTED_EDGE('',*,*,#1371,.T.);
#561=ORIENTED_EDGE('',*,*,#1171,.T.);
#562=ORIENTED_EDGE('',*,*,#1372,.F.);
#563=ORIENTED_EDGE('',*,*,#1373,.F.);
#564=ORIENTED_EDGE('',*,*,#1374,.T.);
#565=ORIENTED_EDGE('',*,*,#1258,.T.);
#566=ORIENTED_EDGE('',*,*,#1375,.F.);
#567=ORIENTED_EDGE('',*,*,#1301,.F.);
#568=ORIENTED_EDGE('',*,*,#1376,.T.);
#569=ORIENTED_EDGE('',*,*,#1377,.T.);
#570=ORIENTED_EDGE('',*,*,#1378,.F.);
#571=ORIENTED_EDGE('',*,*,#1379,.F.);
#572=ORIENTED_EDGE('',*,*,#1380,.T.);
#573=ORIENTED_EDGE('',*,*,#1173,.F.);
#574=ORIENTED_EDGE('',*,*,#1381,.F.);
#575=ORIENTED_EDGE('',*,*,#1382,.F.);
#576=ORIENTED_EDGE('',*,*,#1383,.F.);
#577=ORIENTED_EDGE('',*,*,#1384,.F.);
#578=ORIENTED_EDGE('',*,*,#1385,.T.);
#579=ORIENTED_EDGE('',*,*,#1177,.F.);
#580=ORIENTED_EDGE('',*,*,#1386,.F.);
#581=ORIENTED_EDGE('',*,*,#1387,.F.);
#582=ORIENTED_EDGE('',*,*,#1388,.F.);
#583=ORIENTED_EDGE('',*,*,#1389,.F.);
#584=ORIENTED_EDGE('',*,*,#1390,.T.);
#585=ORIENTED_EDGE('',*,*,#1189,.F.);
#586=ORIENTED_EDGE('',*,*,#1391,.F.);
#587=ORIENTED_EDGE('',*,*,#1392,.F.);
#588=ORIENTED_EDGE('',*,*,#1393,.F.);
#589=ORIENTED_EDGE('',*,*,#1394,.F.);
#590=ORIENTED_EDGE('',*,*,#1395,.T.);
#591=ORIENTED_EDGE('',*,*,#1193,.F.);
#592=ORIENTED_EDGE('',*,*,#1396,.F.);
#593=ORIENTED_EDGE('',*,*,#1397,.F.);
#594=ORIENTED_EDGE('',*,*,#1398,.F.);
#595=ORIENTED_EDGE('',*,*,#1399,.F.);
#596=ORIENTED_EDGE('',*,*,#1400,.T.);
#597=ORIENTED_EDGE('',*,*,#1200,.F.);
#598=ORIENTED_EDGE('',*,*,#1401,.F.);
#599=ORIENTED_EDGE('',*,*,#1402,.F.);
#600=ORIENTED_EDGE('',*,*,#1403,.F.);
#601=ORIENTED_EDGE('',*,*,#1404,.F.);
#602=ORIENTED_EDGE('',*,*,#1405,.T.);
#603=ORIENTED_EDGE('',*,*,#1197,.F.);
#604=ORIENTED_EDGE('',*,*,#1406,.F.);
#605=ORIENTED_EDGE('',*,*,#1407,.F.);
#606=ORIENTED_EDGE('',*,*,#1408,.F.);
#607=ORIENTED_EDGE('',*,*,#1409,.F.);
#608=ORIENTED_EDGE('',*,*,#1410,.T.);
#609=ORIENTED_EDGE('',*,*,#1205,.F.);
#610=ORIENTED_EDGE('',*,*,#1411,.F.);
#611=ORIENTED_EDGE('',*,*,#1412,.F.);
#612=ORIENTED_EDGE('',*,*,#1413,.F.);
#613=ORIENTED_EDGE('',*,*,#1414,.F.);
#614=ORIENTED_EDGE('',*,*,#1415,.T.);
#615=ORIENTED_EDGE('',*,*,#1209,.F.);
#616=ORIENTED_EDGE('',*,*,#1416,.F.);
#617=ORIENTED_EDGE('',*,*,#1417,.F.);
#618=ORIENTED_EDGE('',*,*,#1418,.F.);
#619=ORIENTED_EDGE('',*,*,#1419,.F.);
#620=ORIENTED_EDGE('',*,*,#1420,.T.);
#621=ORIENTED_EDGE('',*,*,#1213,.F.);
#622=ORIENTED_EDGE('',*,*,#1421,.F.);
#623=ORIENTED_EDGE('',*,*,#1422,.F.);
#624=ORIENTED_EDGE('',*,*,#1423,.F.);
#625=ORIENTED_EDGE('',*,*,#1424,.F.);
#626=ORIENTED_EDGE('',*,*,#1425,.T.);
#627=ORIENTED_EDGE('',*,*,#1217,.F.);
#628=ORIENTED_EDGE('',*,*,#1426,.F.);
#629=ORIENTED_EDGE('',*,*,#1427,.F.);
#630=ORIENTED_EDGE('',*,*,#1428,.F.);
#631=ORIENTED_EDGE('',*,*,#1429,.F.);
#632=ORIENTED_EDGE('',*,*,#1430,.T.);
#633=ORIENTED_EDGE('',*,*,#1229,.F.);
#634=ORIENTED_EDGE('',*,*,#1431,.F.);
#635=ORIENTED_EDGE('',*,*,#1432,.F.);
#636=ORIENTED_EDGE('',*,*,#1433,.F.);
#637=ORIENTED_EDGE('',*,*,#1434,.F.);
#638=ORIENTED_EDGE('',*,*,#1435,.T.);
#639=ORIENTED_EDGE('',*,*,#1232,.F.);
#640=ORIENTED_EDGE('',*,*,#1436,.F.);
#641=ORIENTED_EDGE('',*,*,#1437,.F.);
#642=ORIENTED_EDGE('',*,*,#1438,.F.);
#643=ORIENTED_EDGE('',*,*,#1439,.F.);
#644=ORIENTED_EDGE('',*,*,#1440,.T.);
#645=ORIENTED_EDGE('',*,*,#1224,.F.);
#646=ORIENTED_EDGE('',*,*,#1441,.F.);
#647=ORIENTED_EDGE('',*,*,#1442,.F.);
#648=ORIENTED_EDGE('',*,*,#1443,.F.);
#649=ORIENTED_EDGE('',*,*,#1444,.F.);
#650=ORIENTED_EDGE('',*,*,#1445,.T.);
#651=ORIENTED_EDGE('',*,*,#1221,.F.);
#652=ORIENTED_EDGE('',*,*,#1446,.F.);
#653=ORIENTED_EDGE('',*,*,#1447,.F.);
#654=ORIENTED_EDGE('',*,*,#1448,.F.);
#655=ORIENTED_EDGE('',*,*,#1449,.F.);
#656=ORIENTED_EDGE('',*,*,#1450,.T.);
#657=ORIENTED_EDGE('',*,*,#1377,.F.);
#658=ORIENTED_EDGE('',*,*,#1451,.F.);
#659=ORIENTED_EDGE('',*,*,#1452,.F.);
#660=ORIENTED_EDGE('',*,*,#1453,.F.);
#661=ORIENTED_EDGE('',*,*,#1454,.F.);
#662=ORIENTED_EDGE('',*,*,#1455,.T.);
#663=ORIENTED_EDGE('',*,*,#1237,.F.);
#664=ORIENTED_EDGE('',*,*,#1456,.F.);
#665=ORIENTED_EDGE('',*,*,#1457,.F.);
#666=ORIENTED_EDGE('',*,*,#1458,.F.);
#667=ORIENTED_EDGE('',*,*,#1459,.F.);
#668=ORIENTED_EDGE('',*,*,#1460,.T.);
#669=ORIENTED_EDGE('',*,*,#1241,.F.);
#670=ORIENTED_EDGE('',*,*,#1461,.F.);
#671=ORIENTED_EDGE('',*,*,#1462,.F.);
#672=ORIENTED_EDGE('',*,*,#1463,.F.);
#673=ORIENTED_EDGE('',*,*,#1464,.F.);
#674=ORIENTED_EDGE('',*,*,#1465,.T.);
#675=ORIENTED_EDGE('',*,*,#1248,.F.);
#676=ORIENTED_EDGE('',*,*,#1466,.F.);
#677=ORIENTED_EDGE('',*,*,#1467,.F.);
#678=ORIENTED_EDGE('',*,*,#1468,.F.);
#679=ORIENTED_EDGE('',*,*,#1469,.F.);
#680=ORIENTED_EDGE('',*,*,#1470,.T.);
#681=ORIENTED_EDGE('',*,*,#1245,.F.);
#682=ORIENTED_EDGE('',*,*,#1471,.F.);
#683=ORIENTED_EDGE('',*,*,#1472,.F.);
#684=ORIENTED_EDGE('',*,*,#1473,.F.);
#685=ORIENTED_EDGE('',*,*,#1474,.F.);
#686=ORIENTED_EDGE('',*,*,#1475,.T.);
#687=ORIENTED_EDGE('',*,*,#1253,.F.);
#688=ORIENTED_EDGE('',*,*,#1476,.F.);
#689=ORIENTED_EDGE('',*,*,#1477,.F.);
#690=ORIENTED_EDGE('',*,*,#1478,.F.);
#691=ORIENTED_EDGE('',*,*,#1479,.F.);
#692=ORIENTED_EDGE('',*,*,#1480,.T.);
#693=ORIENTED_EDGE('',*,*,#1256,.F.);
#694=ORIENTED_EDGE('',*,*,#1481,.F.);
#695=ORIENTED_EDGE('',*,*,#1482,.F.);
#696=ORIENTED_EDGE('',*,*,#1483,.F.);
#697=ORIENTED_EDGE('',*,*,#1484,.F.);
#698=ORIENTED_EDGE('',*,*,#1485,.T.);
#699=ORIENTED_EDGE('',*,*,#1184,.F.);
#700=ORIENTED_EDGE('',*,*,#1486,.F.);
#701=ORIENTED_EDGE('',*,*,#1487,.F.);
#702=ORIENTED_EDGE('',*,*,#1488,.F.);
#703=ORIENTED_EDGE('',*,*,#1489,.F.);
#704=ORIENTED_EDGE('',*,*,#1490,.T.);
#705=ORIENTED_EDGE('',*,*,#1180,.F.);
#706=ORIENTED_EDGE('',*,*,#1491,.F.);
#707=ORIENTED_EDGE('',*,*,#1492,.F.);
#708=ORIENTED_EDGE('',*,*,#1493,.F.);
#709=ORIENTED_EDGE('',*,*,#1375,.T.);
#710=ORIENTED_EDGE('',*,*,#1446,.T.);
#711=ORIENTED_EDGE('',*,*,#1220,.F.);
#712=ORIENTED_EDGE('',*,*,#1306,.F.);
#713=ORIENTED_EDGE('',*,*,#1494,.F.);
#714=ORIENTED_EDGE('',*,*,#1304,.F.);
#715=ORIENTED_EDGE('',*,*,#1495,.F.);
#716=ORIENTED_EDGE('',*,*,#1448,.T.);
#717=ORIENTED_EDGE('',*,*,#1496,.F.);
#718=ORIENTED_EDGE('',*,*,#1302,.T.);
#719=ORIENTED_EDGE('',*,*,#1378,.T.);
#720=ORIENTED_EDGE('',*,*,#1450,.F.);
#721=ORIENTED_EDGE('',*,*,#1497,.F.);
#722=ORIENTED_EDGE('',*,*,#1305,.T.);
#723=ORIENTED_EDGE('',*,*,#1496,.T.);
#724=ORIENTED_EDGE('',*,*,#1447,.T.);
#725=ORIENTED_EDGE('',*,*,#1494,.T.);
#726=ORIENTED_EDGE('',*,*,#1303,.T.);
#727=ORIENTED_EDGE('',*,*,#1497,.T.);
#728=ORIENTED_EDGE('',*,*,#1449,.T.);
#729=ORIENTED_EDGE('',*,*,#1495,.T.);
#730=ORIENTED_EDGE('',*,*,#1476,.T.);
#731=ORIENTED_EDGE('',*,*,#1252,.F.);
#732=ORIENTED_EDGE('',*,*,#1275,.F.);
#733=ORIENTED_EDGE('',*,*,#1498,.F.);
#734=ORIENTED_EDGE('',*,*,#1273,.F.);
#735=ORIENTED_EDGE('',*,*,#1499,.F.);
#736=ORIENTED_EDGE('',*,*,#1478,.T.);
#737=ORIENTED_EDGE('',*,*,#1500,.F.);
#738=ORIENTED_EDGE('',*,*,#1271,.T.);
#739=ORIENTED_EDGE('',*,*,#1257,.T.);
#740=ORIENTED_EDGE('',*,*,#1480,.F.);
#741=ORIENTED_EDGE('',*,*,#1501,.F.);
#742=ORIENTED_EDGE('',*,*,#1274,.T.);
#743=ORIENTED_EDGE('',*,*,#1500,.T.);
#744=ORIENTED_EDGE('',*,*,#1477,.T.);
#745=ORIENTED_EDGE('',*,*,#1498,.T.);
#746=ORIENTED_EDGE('',*,*,#1272,.T.);
#747=ORIENTED_EDGE('',*,*,#1501,.T.);
#748=ORIENTED_EDGE('',*,*,#1479,.T.);
#749=ORIENTED_EDGE('',*,*,#1499,.T.);
#750=ORIENTED_EDGE('',*,*,#1471,.T.);
#751=ORIENTED_EDGE('',*,*,#1244,.F.);
#752=ORIENTED_EDGE('',*,*,#1280,.F.);
#753=ORIENTED_EDGE('',*,*,#1502,.F.);
#754=ORIENTED_EDGE('',*,*,#1278,.F.);
#755=ORIENTED_EDGE('',*,*,#1503,.F.);
#756=ORIENTED_EDGE('',*,*,#1473,.T.);
#757=ORIENTED_EDGE('',*,*,#1504,.F.);
#758=ORIENTED_EDGE('',*,*,#1276,.T.);
#759=ORIENTED_EDGE('',*,*,#1250,.T.);
#760=ORIENTED_EDGE('',*,*,#1475,.F.);
#761=ORIENTED_EDGE('',*,*,#1505,.F.);
#762=ORIENTED_EDGE('',*,*,#1279,.T.);
#763=ORIENTED_EDGE('',*,*,#1504,.T.);
#764=ORIENTED_EDGE('',*,*,#1472,.T.);
#765=ORIENTED_EDGE('',*,*,#1502,.T.);
#766=ORIENTED_EDGE('',*,*,#1277,.T.);
#767=ORIENTED_EDGE('',*,*,#1505,.T.);
#768=ORIENTED_EDGE('',*,*,#1474,.T.);
#769=ORIENTED_EDGE('',*,*,#1503,.T.);
#770=ORIENTED_EDGE('',*,*,#1461,.T.);
#771=ORIENTED_EDGE('',*,*,#1240,.F.);
#772=ORIENTED_EDGE('',*,*,#1290,.F.);
#773=ORIENTED_EDGE('',*,*,#1506,.F.);
#774=ORIENTED_EDGE('',*,*,#1288,.F.);
#775=ORIENTED_EDGE('',*,*,#1507,.F.);
#776=ORIENTED_EDGE('',*,*,#1463,.T.);
#777=ORIENTED_EDGE('',*,*,#1508,.F.);
#778=ORIENTED_EDGE('',*,*,#1286,.T.);
#779=ORIENTED_EDGE('',*,*,#1249,.T.);
#780=ORIENTED_EDGE('',*,*,#1465,.F.);
#781=ORIENTED_EDGE('',*,*,#1509,.F.);
#782=ORIENTED_EDGE('',*,*,#1289,.T.);
#783=ORIENTED_EDGE('',*,*,#1508,.T.);
#784=ORIENTED_EDGE('',*,*,#1462,.T.);
#785=ORIENTED_EDGE('',*,*,#1506,.T.);
#786=ORIENTED_EDGE('',*,*,#1287,.T.);
#787=ORIENTED_EDGE('',*,*,#1509,.T.);
#788=ORIENTED_EDGE('',*,*,#1464,.T.);
#789=ORIENTED_EDGE('',*,*,#1507,.T.);
#790=ORIENTED_EDGE('',*,*,#1466,.T.);
#791=ORIENTED_EDGE('',*,*,#1247,.F.);
#792=ORIENTED_EDGE('',*,*,#1285,.F.);
#793=ORIENTED_EDGE('',*,*,#1510,.F.);
#794=ORIENTED_EDGE('',*,*,#1283,.F.);
#795=ORIENTED_EDGE('',*,*,#1511,.F.);
#796=ORIENTED_EDGE('',*,*,#1468,.T.);
#797=ORIENTED_EDGE('',*,*,#1512,.F.);
#798=ORIENTED_EDGE('',*,*,#1281,.T.);
#799=ORIENTED_EDGE('',*,*,#1242,.T.);
#800=ORIENTED_EDGE('',*,*,#1470,.F.);
#801=ORIENTED_EDGE('',*,*,#1513,.F.);
#802=ORIENTED_EDGE('',*,*,#1284,.T.);
#803=ORIENTED_EDGE('',*,*,#1512,.T.);
#804=ORIENTED_EDGE('',*,*,#1467,.T.);
#805=ORIENTED_EDGE('',*,*,#1510,.T.);
#806=ORIENTED_EDGE('',*,*,#1282,.T.);
#807=ORIENTED_EDGE('',*,*,#1513,.T.);
#808=ORIENTED_EDGE('',*,*,#1469,.T.);
#809=ORIENTED_EDGE('',*,*,#1511,.T.);
#810=ORIENTED_EDGE('',*,*,#1456,.T.);
#811=ORIENTED_EDGE('',*,*,#1236,.F.);
#812=ORIENTED_EDGE('',*,*,#1295,.F.);
#813=ORIENTED_EDGE('',*,*,#1514,.F.);
#814=ORIENTED_EDGE('',*,*,#1293,.F.);
#815=ORIENTED_EDGE('',*,*,#1515,.F.);
#816=ORIENTED_EDGE('',*,*,#1458,.T.);
#817=ORIENTED_EDGE('',*,*,#1516,.F.);
#818=ORIENTED_EDGE('',*,*,#1291,.T.);
#819=ORIENTED_EDGE('',*,*,#1238,.T.);
#820=ORIENTED_EDGE('',*,*,#1460,.F.);
#821=ORIENTED_EDGE('',*,*,#1517,.F.);
#822=ORIENTED_EDGE('',*,*,#1294,.T.);
#823=ORIENTED_EDGE('',*,*,#1516,.T.);
#824=ORIENTED_EDGE('',*,*,#1457,.T.);
#825=ORIENTED_EDGE('',*,*,#1514,.T.);
#826=ORIENTED_EDGE('',*,*,#1292,.T.);
#827=ORIENTED_EDGE('',*,*,#1517,.T.);
#828=ORIENTED_EDGE('',*,*,#1459,.T.);
#829=ORIENTED_EDGE('',*,*,#1515,.T.);
#830=ORIENTED_EDGE('',*,*,#1451,.T.);
#831=ORIENTED_EDGE('',*,*,#1376,.F.);
#832=ORIENTED_EDGE('',*,*,#1300,.F.);
#833=ORIENTED_EDGE('',*,*,#1518,.F.);
#834=ORIENTED_EDGE('',*,*,#1298,.F.);
#835=ORIENTED_EDGE('',*,*,#1519,.F.);
#836=ORIENTED_EDGE('',*,*,#1453,.T.);
#837=ORIENTED_EDGE('',*,*,#1520,.F.);
#838=ORIENTED_EDGE('',*,*,#1296,.T.);
#839=ORIENTED_EDGE('',*,*,#1234,.T.);
#840=ORIENTED_EDGE('',*,*,#1455,.F.);
#841=ORIENTED_EDGE('',*,*,#1521,.F.);
#842=ORIENTED_EDGE('',*,*,#1299,.T.);
#843=ORIENTED_EDGE('',*,*,#1520,.T.);
#844=ORIENTED_EDGE('',*,*,#1452,.T.);
#845=ORIENTED_EDGE('',*,*,#1518,.T.);
#846=ORIENTED_EDGE('',*,*,#1297,.T.);
#847=ORIENTED_EDGE('',*,*,#1521,.T.);
#848=ORIENTED_EDGE('',*,*,#1454,.T.);
#849=ORIENTED_EDGE('',*,*,#1519,.T.);
#850=ORIENTED_EDGE('',*,*,#1431,.T.);
#851=ORIENTED_EDGE('',*,*,#1228,.F.);
#852=ORIENTED_EDGE('',*,*,#1321,.F.);
#853=ORIENTED_EDGE('',*,*,#1522,.F.);
#854=ORIENTED_EDGE('',*,*,#1319,.F.);
#855=ORIENTED_EDGE('',*,*,#1523,.F.);
#856=ORIENTED_EDGE('',*,*,#1433,.T.);
#857=ORIENTED_EDGE('',*,*,#1524,.F.);
#858=ORIENTED_EDGE('',*,*,#1317,.T.);
#859=ORIENTED_EDGE('',*,*,#1233,.T.);
#860=ORIENTED_EDGE('',*,*,#1435,.F.);
#861=ORIENTED_EDGE('',*,*,#1525,.F.);
#862=ORIENTED_EDGE('',*,*,#1320,.T.);
#863=ORIENTED_EDGE('',*,*,#1524,.T.);
#864=ORIENTED_EDGE('',*,*,#1432,.T.);
#865=ORIENTED_EDGE('',*,*,#1522,.T.);
#866=ORIENTED_EDGE('',*,*,#1318,.T.);
#867=ORIENTED_EDGE('',*,*,#1525,.T.);
#868=ORIENTED_EDGE('',*,*,#1434,.T.);
#869=ORIENTED_EDGE('',*,*,#1523,.T.);
#870=ORIENTED_EDGE('',*,*,#1426,.T.);
#871=ORIENTED_EDGE('',*,*,#1216,.F.);
#872=ORIENTED_EDGE('',*,*,#1326,.F.);
#873=ORIENTED_EDGE('',*,*,#1526,.F.);
#874=ORIENTED_EDGE('',*,*,#1324,.F.);
#875=ORIENTED_EDGE('',*,*,#1527,.F.);
#876=ORIENTED_EDGE('',*,*,#1428,.T.);
#877=ORIENTED_EDGE('',*,*,#1528,.F.);
#878=ORIENTED_EDGE('',*,*,#1322,.T.);
#879=ORIENTED_EDGE('',*,*,#1226,.T.);
#880=ORIENTED_EDGE('',*,*,#1430,.F.);
#881=ORIENTED_EDGE('',*,*,#1529,.F.);
#882=ORIENTED_EDGE('',*,*,#1325,.T.);
#883=ORIENTED_EDGE('',*,*,#1528,.T.);
#884=ORIENTED_EDGE('',*,*,#1427,.T.);
#885=ORIENTED_EDGE('',*,*,#1526,.T.);
#886=ORIENTED_EDGE('',*,*,#1323,.T.);
#887=ORIENTED_EDGE('',*,*,#1529,.T.);
#888=ORIENTED_EDGE('',*,*,#1429,.T.);
#889=ORIENTED_EDGE('',*,*,#1527,.T.);
#890=ORIENTED_EDGE('',*,*,#1436,.T.);
#891=ORIENTED_EDGE('',*,*,#1231,.F.);
#892=ORIENTED_EDGE('',*,*,#1316,.F.);
#893=ORIENTED_EDGE('',*,*,#1530,.F.);
#894=ORIENTED_EDGE('',*,*,#1314,.F.);
#895=ORIENTED_EDGE('',*,*,#1531,.F.);
#896=ORIENTED_EDGE('',*,*,#1438,.T.);
#897=ORIENTED_EDGE('',*,*,#1532,.F.);
#898=ORIENTED_EDGE('',*,*,#1312,.T.);
#899=ORIENTED_EDGE('',*,*,#1225,.T.);
#900=ORIENTED_EDGE('',*,*,#1440,.F.);
#901=ORIENTED_EDGE('',*,*,#1533,.F.);
#902=ORIENTED_EDGE('',*,*,#1315,.T.);
#903=ORIENTED_EDGE('',*,*,#1532,.T.);
#904=ORIENTED_EDGE('',*,*,#1437,.T.);
#905=ORIENTED_EDGE('',*,*,#1530,.T.);
#906=ORIENTED_EDGE('',*,*,#1313,.T.);
#907=ORIENTED_EDGE('',*,*,#1533,.T.);
#908=ORIENTED_EDGE('',*,*,#1439,.T.);
#909=ORIENTED_EDGE('',*,*,#1531,.T.);
#910=ORIENTED_EDGE('',*,*,#1441,.T.);
#911=ORIENTED_EDGE('',*,*,#1223,.F.);
#912=ORIENTED_EDGE('',*,*,#1311,.F.);
#913=ORIENTED_EDGE('',*,*,#1534,.F.);
#914=ORIENTED_EDGE('',*,*,#1309,.F.);
#915=ORIENTED_EDGE('',*,*,#1535,.F.);
#916=ORIENTED_EDGE('',*,*,#1443,.T.);
#917=ORIENTED_EDGE('',*,*,#1536,.F.);
#918=ORIENTED_EDGE('',*,*,#1307,.T.);
#919=ORIENTED_EDGE('',*,*,#1218,.T.);
#920=ORIENTED_EDGE('',*,*,#1445,.F.);
#921=ORIENTED_EDGE('',*,*,#1537,.F.);
#922=ORIENTED_EDGE('',*,*,#1310,.T.);
#923=ORIENTED_EDGE('',*,*,#1536,.T.);
#924=ORIENTED_EDGE('',*,*,#1442,.T.);
#925=ORIENTED_EDGE('',*,*,#1534,.T.);
#926=ORIENTED_EDGE('',*,*,#1308,.T.);
#927=ORIENTED_EDGE('',*,*,#1537,.T.);
#928=ORIENTED_EDGE('',*,*,#1444,.T.);
#929=ORIENTED_EDGE('',*,*,#1535,.T.);
#930=ORIENTED_EDGE('',*,*,#1421,.T.);
#931=ORIENTED_EDGE('',*,*,#1212,.F.);
#932=ORIENTED_EDGE('',*,*,#1331,.F.);
#933=ORIENTED_EDGE('',*,*,#1538,.F.);
#934=ORIENTED_EDGE('',*,*,#1329,.F.);
#935=ORIENTED_EDGE('',*,*,#1539,.F.);
#936=ORIENTED_EDGE('',*,*,#1423,.T.);
#937=ORIENTED_EDGE('',*,*,#1540,.F.);
#938=ORIENTED_EDGE('',*,*,#1327,.T.);
#939=ORIENTED_EDGE('',*,*,#1214,.T.);
#940=ORIENTED_EDGE('',*,*,#1425,.F.);
#941=ORIENTED_EDGE('',*,*,#1541,.F.);
#942=ORIENTED_EDGE('',*,*,#1330,.T.);
#943=ORIENTED_EDGE('',*,*,#1540,.T.);
#944=ORIENTED_EDGE('',*,*,#1422,.T.);
#945=ORIENTED_EDGE('',*,*,#1538,.T.);
#946=ORIENTED_EDGE('',*,*,#1328,.T.);
#947=ORIENTED_EDGE('',*,*,#1541,.T.);
#948=ORIENTED_EDGE('',*,*,#1424,.T.);
#949=ORIENTED_EDGE('',*,*,#1539,.T.);
#950=ORIENTED_EDGE('',*,*,#1416,.T.);
#951=ORIENTED_EDGE('',*,*,#1208,.F.);
#952=ORIENTED_EDGE('',*,*,#1336,.F.);
#953=ORIENTED_EDGE('',*,*,#1542,.F.);
#954=ORIENTED_EDGE('',*,*,#1334,.F.);
#955=ORIENTED_EDGE('',*,*,#1543,.F.);
#956=ORIENTED_EDGE('',*,*,#1418,.T.);
#957=ORIENTED_EDGE('',*,*,#1544,.F.);
#958=ORIENTED_EDGE('',*,*,#1332,.T.);
#959=ORIENTED_EDGE('',*,*,#1210,.T.);
#960=ORIENTED_EDGE('',*,*,#1420,.F.);
#961=ORIENTED_EDGE('',*,*,#1545,.F.);
#962=ORIENTED_EDGE('',*,*,#1335,.T.);
#963=ORIENTED_EDGE('',*,*,#1544,.T.);
#964=ORIENTED_EDGE('',*,*,#1417,.T.);
#965=ORIENTED_EDGE('',*,*,#1542,.T.);
#966=ORIENTED_EDGE('',*,*,#1333,.T.);
#967=ORIENTED_EDGE('',*,*,#1545,.T.);
#968=ORIENTED_EDGE('',*,*,#1419,.T.);
#969=ORIENTED_EDGE('',*,*,#1543,.T.);
#970=ORIENTED_EDGE('',*,*,#1411,.T.);
#971=ORIENTED_EDGE('',*,*,#1204,.F.);
#972=ORIENTED_EDGE('',*,*,#1341,.F.);
#973=ORIENTED_EDGE('',*,*,#1546,.F.);
#974=ORIENTED_EDGE('',*,*,#1339,.F.);
#975=ORIENTED_EDGE('',*,*,#1547,.F.);
#976=ORIENTED_EDGE('',*,*,#1413,.T.);
#977=ORIENTED_EDGE('',*,*,#1548,.F.);
#978=ORIENTED_EDGE('',*,*,#1337,.T.);
#979=ORIENTED_EDGE('',*,*,#1206,.T.);
#980=ORIENTED_EDGE('',*,*,#1415,.F.);
#981=ORIENTED_EDGE('',*,*,#1549,.F.);
#982=ORIENTED_EDGE('',*,*,#1340,.T.);
#983=ORIENTED_EDGE('',*,*,#1548,.T.);
#984=ORIENTED_EDGE('',*,*,#1412,.T.);
#985=ORIENTED_EDGE('',*,*,#1546,.T.);
#986=ORIENTED_EDGE('',*,*,#1338,.T.);
#987=ORIENTED_EDGE('',*,*,#1549,.T.);
#988=ORIENTED_EDGE('',*,*,#1414,.T.);
#989=ORIENTED_EDGE('',*,*,#1547,.T.);
#990=ORIENTED_EDGE('',*,*,#1406,.T.);
#991=ORIENTED_EDGE('',*,*,#1196,.F.);
#992=ORIENTED_EDGE('',*,*,#1346,.F.);
#993=ORIENTED_EDGE('',*,*,#1550,.F.);
#994=ORIENTED_EDGE('',*,*,#1344,.F.);
#995=ORIENTED_EDGE('',*,*,#1551,.F.);
#996=ORIENTED_EDGE('',*,*,#1408,.T.);
#997=ORIENTED_EDGE('',*,*,#1552,.F.);
#998=ORIENTED_EDGE('',*,*,#1342,.T.);
#999=ORIENTED_EDGE('',*,*,#1202,.T.);
#1000=ORIENTED_EDGE('',*,*,#1410,.F.);
#1001=ORIENTED_EDGE('',*,*,#1553,.F.);
#1002=ORIENTED_EDGE('',*,*,#1345,.T.);
#1003=ORIENTED_EDGE('',*,*,#1552,.T.);
#1004=ORIENTED_EDGE('',*,*,#1407,.T.);
#1005=ORIENTED_EDGE('',*,*,#1550,.T.);
#1006=ORIENTED_EDGE('',*,*,#1343,.T.);
#1007=ORIENTED_EDGE('',*,*,#1553,.T.);
#1008=ORIENTED_EDGE('',*,*,#1409,.T.);
#1009=ORIENTED_EDGE('',*,*,#1551,.T.);
#1010=ORIENTED_EDGE('',*,*,#1396,.T.);
#1011=ORIENTED_EDGE('',*,*,#1192,.F.);
#1012=ORIENTED_EDGE('',*,*,#1356,.F.);
#1013=ORIENTED_EDGE('',*,*,#1554,.F.);
#1014=ORIENTED_EDGE('',*,*,#1354,.F.);
#1015=ORIENTED_EDGE('',*,*,#1555,.F.);
#1016=ORIENTED_EDGE('',*,*,#1398,.T.);
#1017=ORIENTED_EDGE('',*,*,#1556,.F.);
#1018=ORIENTED_EDGE('',*,*,#1352,.T.);
#1019=ORIENTED_EDGE('',*,*,#1201,.T.);
#1020=ORIENTED_EDGE('',*,*,#1400,.F.);
#1021=ORIENTED_EDGE('',*,*,#1557,.F.);
#1022=ORIENTED_EDGE('',*,*,#1355,.T.);
#1023=ORIENTED_EDGE('',*,*,#1556,.T.);
#1024=ORIENTED_EDGE('',*,*,#1397,.T.);
#1025=ORIENTED_EDGE('',*,*,#1554,.T.);
#1026=ORIENTED_EDGE('',*,*,#1353,.T.);
#1027=ORIENTED_EDGE('',*,*,#1557,.T.);
#1028=ORIENTED_EDGE('',*,*,#1399,.T.);
#1029=ORIENTED_EDGE('',*,*,#1555,.T.);
#1030=ORIENTED_EDGE('',*,*,#1401,.T.);
#1031=ORIENTED_EDGE('',*,*,#1199,.F.);
#1032=ORIENTED_EDGE('',*,*,#1351,.F.);
#1033=ORIENTED_EDGE('',*,*,#1558,.F.);
#1034=ORIENTED_EDGE('',*,*,#1349,.F.);
#1035=ORIENTED_EDGE('',*,*,#1559,.F.);
#1036=ORIENTED_EDGE('',*,*,#1403,.T.);
#1037=ORIENTED_EDGE('',*,*,#1560,.F.);
#1038=ORIENTED_EDGE('',*,*,#1347,.T.);
#1039=ORIENTED_EDGE('',*,*,#1194,.T.);
#1040=ORIENTED_EDGE('',*,*,#1405,.F.);
#1041=ORIENTED_EDGE('',*,*,#1561,.F.);
#1042=ORIENTED_EDGE('',*,*,#1350,.T.);
#1043=ORIENTED_EDGE('',*,*,#1560,.T.);
#1044=ORIENTED_EDGE('',*,*,#1402,.T.);
#1045=ORIENTED_EDGE('',*,*,#1558,.T.);
#1046=ORIENTED_EDGE('',*,*,#1348,.T.);
#1047=ORIENTED_EDGE('',*,*,#1561,.T.);
#1048=ORIENTED_EDGE('',*,*,#1404,.T.);
#1049=ORIENTED_EDGE('',*,*,#1559,.T.);
#1050=ORIENTED_EDGE('',*,*,#1391,.T.);
#1051=ORIENTED_EDGE('',*,*,#1188,.F.);
#1052=ORIENTED_EDGE('',*,*,#1361,.F.);
#1053=ORIENTED_EDGE('',*,*,#1562,.F.);
#1054=ORIENTED_EDGE('',*,*,#1359,.F.);
#1055=ORIENTED_EDGE('',*,*,#1563,.F.);
#1056=ORIENTED_EDGE('',*,*,#1393,.T.);
#1057=ORIENTED_EDGE('',*,*,#1564,.F.);
#1058=ORIENTED_EDGE('',*,*,#1357,.T.);
#1059=ORIENTED_EDGE('',*,*,#1190,.T.);
#1060=ORIENTED_EDGE('',*,*,#1395,.F.);
#1061=ORIENTED_EDGE('',*,*,#1565,.F.);
#1062=ORIENTED_EDGE('',*,*,#1360,.T.);
#1063=ORIENTED_EDGE('',*,*,#1564,.T.);
#1064=ORIENTED_EDGE('',*,*,#1392,.T.);
#1065=ORIENTED_EDGE('',*,*,#1562,.T.);
#1066=ORIENTED_EDGE('',*,*,#1358,.T.);
#1067=ORIENTED_EDGE('',*,*,#1565,.T.);
#1068=ORIENTED_EDGE('',*,*,#1394,.T.);
#1069=ORIENTED_EDGE('',*,*,#1563,.T.);
#1070=ORIENTED_EDGE('',*,*,#1386,.T.);
#1071=ORIENTED_EDGE('',*,*,#1176,.F.);
#1072=ORIENTED_EDGE('',*,*,#1366,.F.);
#1073=ORIENTED_EDGE('',*,*,#1566,.F.);
#1074=ORIENTED_EDGE('',*,*,#1364,.F.);
#1075=ORIENTED_EDGE('',*,*,#1567,.F.);
#1076=ORIENTED_EDGE('',*,*,#1388,.T.);
#1077=ORIENTED_EDGE('',*,*,#1568,.F.);
#1078=ORIENTED_EDGE('',*,*,#1362,.T.);
#1079=ORIENTED_EDGE('',*,*,#1186,.T.);
#1080=ORIENTED_EDGE('',*,*,#1390,.F.);
#1081=ORIENTED_EDGE('',*,*,#1569,.F.);
#1082=ORIENTED_EDGE('',*,*,#1365,.T.);
#1083=ORIENTED_EDGE('',*,*,#1568,.T.);
#1084=ORIENTED_EDGE('',*,*,#1387,.T.);
#1085=ORIENTED_EDGE('',*,*,#1566,.T.);
#1086=ORIENTED_EDGE('',*,*,#1363,.T.);
#1087=ORIENTED_EDGE('',*,*,#1569,.T.);
#1088=ORIENTED_EDGE('',*,*,#1389,.T.);
#1089=ORIENTED_EDGE('',*,*,#1567,.T.);
#1090=ORIENTED_EDGE('',*,*,#1481,.T.);
#1091=ORIENTED_EDGE('',*,*,#1255,.F.);
#1092=ORIENTED_EDGE('',*,*,#1270,.F.);
#1093=ORIENTED_EDGE('',*,*,#1570,.F.);
#1094=ORIENTED_EDGE('',*,*,#1268,.F.);
#1095=ORIENTED_EDGE('',*,*,#1571,.F.);
#1096=ORIENTED_EDGE('',*,*,#1483,.T.);
#1097=ORIENTED_EDGE('',*,*,#1572,.F.);
#1098=ORIENTED_EDGE('',*,*,#1266,.T.);
#1099=ORIENTED_EDGE('',*,*,#1185,.T.);
#1100=ORIENTED_EDGE('',*,*,#1485,.F.);
#1101=ORIENTED_EDGE('',*,*,#1573,.F.);
#1102=ORIENTED_EDGE('',*,*,#1269,.T.);
#1103=ORIENTED_EDGE('',*,*,#1572,.T.);
#1104=ORIENTED_EDGE('',*,*,#1482,.T.);
#1105=ORIENTED_EDGE('',*,*,#1570,.T.);
#1106=ORIENTED_EDGE('',*,*,#1267,.T.);
#1107=ORIENTED_EDGE('',*,*,#1573,.T.);
#1108=ORIENTED_EDGE('',*,*,#1484,.T.);
#1109=ORIENTED_EDGE('',*,*,#1571,.T.);
#1110=ORIENTED_EDGE('',*,*,#1486,.T.);
#1111=ORIENTED_EDGE('',*,*,#1183,.F.);
#1112=ORIENTED_EDGE('',*,*,#1265,.F.);
#1113=ORIENTED_EDGE('',*,*,#1574,.F.);
#1114=ORIENTED_EDGE('',*,*,#1263,.F.);
#1115=ORIENTED_EDGE('',*,*,#1575,.F.);
#1116=ORIENTED_EDGE('',*,*,#1488,.T.);
#1117=ORIENTED_EDGE('',*,*,#1576,.F.);
#1118=ORIENTED_EDGE('',*,*,#1261,.T.);
#1119=ORIENTED_EDGE('',*,*,#1181,.T.);
#1120=ORIENTED_EDGE('',*,*,#1490,.F.);
#1121=ORIENTED_EDGE('',*,*,#1577,.F.);
#1122=ORIENTED_EDGE('',*,*,#1264,.T.);
#1123=ORIENTED_EDGE('',*,*,#1576,.T.);
#1124=ORIENTED_EDGE('',*,*,#1487,.T.);
#1125=ORIENTED_EDGE('',*,*,#1574,.T.);
#1126=ORIENTED_EDGE('',*,*,#1262,.T.);
#1127=ORIENTED_EDGE('',*,*,#1577,.T.);
#1128=ORIENTED_EDGE('',*,*,#1489,.T.);
#1129=ORIENTED_EDGE('',*,*,#1575,.T.);
#1130=ORIENTED_EDGE('',*,*,#1381,.T.);
#1131=ORIENTED_EDGE('',*,*,#1172,.F.);
#1132=ORIENTED_EDGE('',*,*,#1371,.F.);
#1133=ORIENTED_EDGE('',*,*,#1578,.F.);
#1134=ORIENTED_EDGE('',*,*,#1369,.F.);
#1135=ORIENTED_EDGE('',*,*,#1579,.F.);
#1136=ORIENTED_EDGE('',*,*,#1383,.T.);
#1137=ORIENTED_EDGE('',*,*,#1580,.F.);
#1138=ORIENTED_EDGE('',*,*,#1367,.T.);
#1139=ORIENTED_EDGE('',*,*,#1174,.T.);
#1140=ORIENTED_EDGE('',*,*,#1385,.F.);
#1141=ORIENTED_EDGE('',*,*,#1581,.F.);
#1142=ORIENTED_EDGE('',*,*,#1370,.T.);
#1143=ORIENTED_EDGE('',*,*,#1580,.T.);
#1144=ORIENTED_EDGE('',*,*,#1382,.T.);
#1145=ORIENTED_EDGE('',*,*,#1578,.T.);
#1146=ORIENTED_EDGE('',*,*,#1368,.T.);
#1147=ORIENTED_EDGE('',*,*,#1581,.T.);
#1148=ORIENTED_EDGE('',*,*,#1384,.T.);
#1149=ORIENTED_EDGE('',*,*,#1579,.T.);
#1150=ORIENTED_EDGE('',*,*,#1491,.T.);
#1151=ORIENTED_EDGE('',*,*,#1179,.F.);
#1152=ORIENTED_EDGE('',*,*,#1260,.F.);
#1153=ORIENTED_EDGE('',*,*,#1582,.F.);
#1154=ORIENTED_EDGE('',*,*,#1374,.F.);
#1155=ORIENTED_EDGE('',*,*,#1583,.F.);
#1156=ORIENTED_EDGE('',*,*,#1493,.T.);
#1157=ORIENTED_EDGE('',*,*,#1584,.F.);
#1158=ORIENTED_EDGE('',*,*,#1372,.T.);
#1159=ORIENTED_EDGE('',*,*,#1170,.T.);
#1160=ORIENTED_EDGE('',*,*,#1380,.F.);
#1161=ORIENTED_EDGE('',*,*,#1585,.F.);
#1162=ORIENTED_EDGE('',*,*,#1259,.T.);
#1163=ORIENTED_EDGE('',*,*,#1584,.T.);
#1164=ORIENTED_EDGE('',*,*,#1492,.T.);
#1165=ORIENTED_EDGE('',*,*,#1582,.T.);
#1166=ORIENTED_EDGE('',*,*,#1373,.T.);
#1167=ORIENTED_EDGE('',*,*,#1585,.T.);
#1168=ORIENTED_EDGE('',*,*,#1379,.T.);
#1169=ORIENTED_EDGE('',*,*,#1583,.T.);
#1170=EDGE_CURVE('',#1586,#1587,#1864,.T.);
#1171=EDGE_CURVE('',#1588,#1586,#152,.T.);
#1172=EDGE_CURVE('',#1588,#1589,#1865,.T.);
#1173=EDGE_CURVE('',#1589,#1587,#153,.T.);
#1174=EDGE_CURVE('',#1590,#1591,#1866,.T.);
#1175=EDGE_CURVE('',#1592,#1590,#154,.T.);
#1176=EDGE_CURVE('',#1592,#1593,#1867,.T.);
#1177=EDGE_CURVE('',#1593,#1591,#155,.T.);
#1178=EDGE_CURVE('',#1594,#1595,#156,.T.);
#1179=EDGE_CURVE('',#1594,#1596,#1868,.T.);
#1180=EDGE_CURVE('',#1596,#1597,#157,.T.);
#1181=EDGE_CURVE('',#1595,#1597,#1869,.T.);
#1182=EDGE_CURVE('',#1598,#1599,#158,.T.);
#1183=EDGE_CURVE('',#1598,#1600,#1870,.T.);
#1184=EDGE_CURVE('',#1600,#1601,#159,.T.);
#1185=EDGE_CURVE('',#1599,#1601,#1871,.T.);
#1186=EDGE_CURVE('',#1602,#1603,#1872,.T.);
#1187=EDGE_CURVE('',#1604,#1602,#160,.T.);
#1188=EDGE_CURVE('',#1604,#1605,#1873,.T.);
#1189=EDGE_CURVE('',#1605,#1603,#161,.T.);
#1190=EDGE_CURVE('',#1606,#1607,#1874,.T.);
#1191=EDGE_CURVE('',#1608,#1606,#162,.T.);
#1192=EDGE_CURVE('',#1608,#1609,#1875,.T.);
#1193=EDGE_CURVE('',#1609,#1607,#163,.T.);
#1194=EDGE_CURVE('',#1610,#1611,#1876,.T.);
#1195=EDGE_CURVE('',#1612,#1610,#164,.T.);
#1196=EDGE_CURVE('',#1612,#1613,#1877,.T.);
#1197=EDGE_CURVE('',#1613,#1611,#165,.T.);
#1198=EDGE_CURVE('',#1614,#1615,#166,.T.);
#1199=EDGE_CURVE('',#1614,#1616,#1878,.T.);
#1200=EDGE_CURVE('',#1616,#1617,#167,.T.);
#1201=EDGE_CURVE('',#1615,#1617,#1879,.T.);
#1202=EDGE_CURVE('',#1618,#1619,#1880,.T.);
#1203=EDGE_CURVE('',#1620,#1618,#168,.T.);
#1204=EDGE_CURVE('',#1620,#1621,#1881,.T.);
#1205=EDGE_CURVE('',#1621,#1619,#169,.T.);
#1206=EDGE_CURVE('',#1622,#1623,#1882,.T.);
#1207=EDGE_CURVE('',#1624,#1622,#170,.T.);
#1208=EDGE_CURVE('',#1624,#1625,#1883,.T.);
#1209=EDGE_CURVE('',#1625,#1623,#171,.T.);
#1210=EDGE_CURVE('',#1626,#1627,#1884,.T.);
#1211=EDGE_CURVE('',#1628,#1626,#172,.T.);
#1212=EDGE_CURVE('',#1628,#1629,#1885,.T.);
#1213=EDGE_CURVE('',#1629,#1627,#173,.T.);
#1214=EDGE_CURVE('',#1630,#1631,#1886,.T.);
#1215=EDGE_CURVE('',#1632,#1630,#174,.T.);
#1216=EDGE_CURVE('',#1632,#1633,#1887,.T.);
#1217=EDGE_CURVE('',#1633,#1631,#175,.T.);
#1218=EDGE_CURVE('',#1634,#1635,#1888,.T.);
#1219=EDGE_CURVE('',#1636,#1634,#176,.T.);
#1220=EDGE_CURVE('',#1636,#1637,#1889,.T.);
#1221=EDGE_CURVE('',#1637,#1635,#177,.T.);
#1222=EDGE_CURVE('',#1638,#1639,#178,.T.);
#1223=EDGE_CURVE('',#1638,#1640,#1890,.T.);
#1224=EDGE_CURVE('',#1640,#1641,#179,.T.);
#1225=EDGE_CURVE('',#1639,#1641,#1891,.T.);
#1226=EDGE_CURVE('',#1642,#1643,#1892,.T.);
#1227=EDGE_CURVE('',#1644,#1642,#180,.T.);
#1228=EDGE_CURVE('',#1644,#1645,#1893,.T.);
#1229=EDGE_CURVE('',#1645,#1643,#181,.T.);
#1230=EDGE_CURVE('',#1646,#1647,#182,.T.);
#1231=EDGE_CURVE('',#1646,#1648,#1894,.T.);
#1232=EDGE_CURVE('',#1648,#1649,#183,.T.);
#1233=EDGE_CURVE('',#1647,#1649,#1895,.T.);
#1234=EDGE_CURVE('',#1650,#1651,#1896,.T.);
#1235=EDGE_CURVE('',#1652,#1650,#184,.T.);
#1236=EDGE_CURVE('',#1652,#1653,#1897,.T.);
#1237=EDGE_CURVE('',#1653,#1651,#185,.T.);
#1238=EDGE_CURVE('',#1654,#1655,#1898,.T.);
#1239=EDGE_CURVE('',#1656,#1654,#186,.T.);
#1240=EDGE_CURVE('',#1656,#1657,#1899,.T.);
#1241=EDGE_CURVE('',#1657,#1655,#187,.T.);
#1242=EDGE_CURVE('',#1658,#1659,#1900,.T.);
#1243=EDGE_CURVE('',#1660,#1658,#188,.T.);
#1244=EDGE_CURVE('',#1660,#1661,#1901,.T.);
#1245=EDGE_CURVE('',#1661,#1659,#189,.T.);
#1246=EDGE_CURVE('',#1662,#1663,#190,.T.);
#1247=EDGE_CURVE('',#1662,#1664,#1902,.T.);
#1248=EDGE_CURVE('',#1664,#1665,#191,.T.);
#1249=EDGE_CURVE('',#1663,#1665,#1903,.T.);
#1250=EDGE_CURVE('',#1666,#1667,#1904,.T.);
#1251=EDGE_CURVE('',#1668,#1666,#192,.T.);
#1252=EDGE_CURVE('',#1668,#1669,#1905,.T.);
#1253=EDGE_CURVE('',#1669,#1667,#193,.T.);
#1254=EDGE_CURVE('',#1670,#1671,#194,.T.);
#1255=EDGE_CURVE('',#1670,#1672,#1906,.T.);
#1256=EDGE_CURVE('',#1672,#1673,#195,.T.);
#1257=EDGE_CURVE('',#1671,#1673,#1907,.T.);
#1258=EDGE_CURVE('',#1674,#1674,#196,.T.);
#1259=EDGE_CURVE('',#1675,#1676,#197,.T.);
#1260=EDGE_CURVE('',#1675,#1594,#58,.T.);
#1261=EDGE_CURVE('',#1677,#1595,#59,.T.);
#1262=EDGE_CURVE('',#1678,#1677,#198,.T.);
#1263=EDGE_CURVE('',#1678,#1679,#199,.T.);
#1264=EDGE_CURVE('',#1680,#1679,#200,.T.);
#1265=EDGE_CURVE('',#1680,#1598,#60,.T.);
#1266=EDGE_CURVE('',#1681,#1599,#61,.T.);
#1267=EDGE_CURVE('',#1682,#1681,#201,.T.);
#1268=EDGE_CURVE('',#1682,#1683,#202,.T.);
#1269=EDGE_CURVE('',#1684,#1683,#203,.T.);
#1270=EDGE_CURVE('',#1684,#1670,#62,.T.);
#1271=EDGE_CURVE('',#1685,#1671,#63,.T.);
#1272=EDGE_CURVE('',#1686,#1685,#204,.T.);
#1273=EDGE_CURVE('',#1686,#1687,#205,.T.);
#1274=EDGE_CURVE('',#1688,#1687,#206,.T.);
#1275=EDGE_CURVE('',#1688,#1668,#64,.T.);
#1276=EDGE_CURVE('',#1689,#1666,#65,.T.);
#1277=EDGE_CURVE('',#1690,#1689,#207,.T.);
#1278=EDGE_CURVE('',#1690,#1691,#208,.T.);
#1279=EDGE_CURVE('',#1692,#1691,#209,.T.);
#1280=EDGE_CURVE('',#1692,#1660,#66,.T.);
#1281=EDGE_CURVE('',#1693,#1658,#67,.T.);
#1282=EDGE_CURVE('',#1694,#1693,#210,.T.);
#1283=EDGE_CURVE('',#1694,#1695,#211,.T.);
#1284=EDGE_CURVE('',#1696,#1695,#212,.T.);
#1285=EDGE_CURVE('',#1696,#1662,#68,.T.);
#1286=EDGE_CURVE('',#1697,#1663,#69,.T.);
#1287=EDGE_CURVE('',#1698,#1697,#213,.T.);
#1288=EDGE_CURVE('',#1698,#1699,#214,.T.);
#1289=EDGE_CURVE('',#1700,#1699,#215,.T.);
#1290=EDGE_CURVE('',#1700,#1656,#70,.T.);
#1291=EDGE_CURVE('',#1701,#1654,#71,.T.);
#1292=EDGE_CURVE('',#1702,#1701,#216,.T.);
#1293=EDGE_CURVE('',#1702,#1703,#217,.T.);
#1294=EDGE_CURVE('',#1704,#1703,#218,.T.);
#1295=EDGE_CURVE('',#1704,#1652,#72,.T.);
#1296=EDGE_CURVE('',#1705,#1650,#73,.T.);
#1297=EDGE_CURVE('',#1706,#1705,#219,.T.);
#1298=EDGE_CURVE('',#1706,#1707,#220,.T.);
#1299=EDGE_CURVE('',#1708,#1707,#221,.T.);
#1300=EDGE_CURVE('',#1708,#1709,#74,.T.);
#1301=EDGE_CURVE('',#1709,#1710,#222,.T.);
#1302=EDGE_CURVE('',#1711,#1710,#75,.T.);
#1303=EDGE_CURVE('',#1712,#1711,#223,.T.);
#1304=EDGE_CURVE('',#1712,#1713,#224,.T.);
#1305=EDGE_CURVE('',#1714,#1713,#225,.T.);
#1306=EDGE_CURVE('',#1714,#1636,#76,.T.);
#1307=EDGE_CURVE('',#1715,#1634,#77,.T.);
#1308=EDGE_CURVE('',#1716,#1715,#226,.T.);
#1309=EDGE_CURVE('',#1716,#1717,#227,.T.);
#1310=EDGE_CURVE('',#1718,#1717,#228,.T.);
#1311=EDGE_CURVE('',#1718,#1638,#78,.T.);
#1312=EDGE_CURVE('',#1719,#1639,#79,.T.);
#1313=EDGE_CURVE('',#1720,#1719,#229,.T.);
#1314=EDGE_CURVE('',#1720,#1721,#230,.T.);
#1315=EDGE_CURVE('',#1722,#1721,#231,.T.);
#1316=EDGE_CURVE('',#1722,#1646,#80,.T.);
#1317=EDGE_CURVE('',#1723,#1647,#81,.T.);
#1318=EDGE_CURVE('',#1724,#1723,#232,.T.);
#1319=EDGE_CURVE('',#1724,#1725,#233,.T.);
#1320=EDGE_CURVE('',#1726,#1725,#234,.T.);
#1321=EDGE_CURVE('',#1726,#1644,#82,.T.);
#1322=EDGE_CURVE('',#1727,#1642,#83,.T.);
#1323=EDGE_CURVE('',#1728,#1727,#235,.T.);
#1324=EDGE_CURVE('',#1728,#1729,#236,.T.);
#1325=EDGE_CURVE('',#1730,#1729,#237,.T.);
#1326=EDGE_CURVE('',#1730,#1632,#84,.T.);
#1327=EDGE_CURVE('',#1731,#1630,#85,.T.);
#1328=EDGE_CURVE('',#1732,#1731,#238,.T.);
#1329=EDGE_CURVE('',#1732,#1733,#239,.T.);
#1330=EDGE_CURVE('',#1734,#1733,#240,.T.);
#1331=EDGE_CURVE('',#1734,#1628,#86,.T.);
#1332=EDGE_CURVE('',#1735,#1626,#87,.T.);
#1333=EDGE_CURVE('',#1736,#1735,#241,.T.);
#1334=EDGE_CURVE('',#1736,#1737,#242,.T.);
#1335=EDGE_CURVE('',#1738,#1737,#243,.T.);
#1336=EDGE_CURVE('',#1738,#1624,#88,.T.);
#1337=EDGE_CURVE('',#1739,#1622,#89,.T.);
#1338=EDGE_CURVE('',#1740,#1739,#244,.T.);
#1339=EDGE_CURVE('',#1740,#1741,#245,.T.);
#1340=EDGE_CURVE('',#1742,#1741,#246,.T.);
#1341=EDGE_CURVE('',#1742,#1620,#90,.T.);
#1342=EDGE_CURVE('',#1743,#1618,#91,.T.);
#1343=EDGE_CURVE('',#1744,#1743,#247,.T.);
#1344=EDGE_CURVE('',#1744,#1745,#248,.T.);
#1345=EDGE_CURVE('',#1746,#1745,#249,.T.);
#1346=EDGE_CURVE('',#1746,#1612,#92,.T.);
#1347=EDGE_CURVE('',#1747,#1610,#93,.T.);
#1348=EDGE_CURVE('',#1748,#1747,#250,.T.);
#1349=EDGE_CURVE('',#1748,#1749,#251,.T.);
#1350=EDGE_CURVE('',#1750,#1749,#252,.T.);
#1351=EDGE_CURVE('',#1750,#1614,#94,.T.);
#1352=EDGE_CURVE('',#1751,#1615,#95,.T.);
#1353=EDGE_CURVE('',#1752,#1751,#253,.T.);
#1354=EDGE_CURVE('',#1752,#1753,#254,.T.);
#1355=EDGE_CURVE('',#1754,#1753,#255,.T.);
#1356=EDGE_CURVE('',#1754,#1608,#96,.T.);
#1357=EDGE_CURVE('',#1755,#1606,#97,.T.);
#1358=EDGE_CURVE('',#1756,#1755,#256,.T.);
#1359=EDGE_CURVE('',#1756,#1757,#257,.T.);
#1360=EDGE_CURVE('',#1758,#1757,#258,.T.);
#1361=EDGE_CURVE('',#1758,#1604,#98,.T.);
#1362=EDGE_CURVE('',#1759,#1602,#99,.T.);
#1363=EDGE_CURVE('',#1760,#1759,#259,.T.);
#1364=EDGE_CURVE('',#1760,#1761,#260,.T.);
#1365=EDGE_CURVE('',#1762,#1761,#261,.T.);
#1366=EDGE_CURVE('',#1762,#1592,#100,.T.);
#1367=EDGE_CURVE('',#1763,#1590,#101,.T.);
#1368=EDGE_CURVE('',#1764,#1763,#262,.T.);
#1369=EDGE_CURVE('',#1764,#1765,#263,.T.);
#1370=EDGE_CURVE('',#1766,#1765,#264,.T.);
#1371=EDGE_CURVE('',#1766,#1588,#102,.T.);
#1372=EDGE_CURVE('',#1767,#1586,#103,.T.);
#1373=EDGE_CURVE('',#1768,#1767,#265,.T.);
#1374=EDGE_CURVE('',#1768,#1676,#266,.T.);
#1375=EDGE_CURVE('',#1769,#1769,#267,.T.);
#1376=EDGE_CURVE('',#1709,#1770,#1908,.T.);
#1377=EDGE_CURVE('',#1770,#1771,#268,.T.);
#1378=EDGE_CURVE('',#1710,#1771,#1909,.T.);
#1379=EDGE_CURVE('',#1772,#1773,#269,.F.);
#1380=EDGE_CURVE('',#1772,#1587,#104,.T.);
#1381=EDGE_CURVE('',#1774,#1589,#105,.T.);
#1382=EDGE_CURVE('',#1775,#1774,#270,.F.);
#1383=EDGE_CURVE('',#1776,#1775,#271,.T.);
#1384=EDGE_CURVE('',#1777,#1776,#272,.F.);
#1385=EDGE_CURVE('',#1777,#1591,#106,.T.);
#1386=EDGE_CURVE('',#1778,#1593,#107,.T.);
#1387=EDGE_CURVE('',#1779,#1778,#273,.F.);
#1388=EDGE_CURVE('',#1780,#1779,#274,.T.);
#1389=EDGE_CURVE('',#1781,#1780,#275,.F.);
#1390=EDGE_CURVE('',#1781,#1603,#108,.T.);
#1391=EDGE_CURVE('',#1782,#1605,#109,.T.);
#1392=EDGE_CURVE('',#1783,#1782,#276,.F.);
#1393=EDGE_CURVE('',#1784,#1783,#277,.T.);
#1394=EDGE_CURVE('',#1785,#1784,#278,.F.);
#1395=EDGE_CURVE('',#1785,#1607,#110,.T.);
#1396=EDGE_CURVE('',#1786,#1609,#111,.T.);
#1397=EDGE_CURVE('',#1787,#1786,#279,.F.);
#1398=EDGE_CURVE('',#1788,#1787,#280,.T.);
#1399=EDGE_CURVE('',#1789,#1788,#281,.F.);
#1400=EDGE_CURVE('',#1789,#1617,#112,.T.);
#1401=EDGE_CURVE('',#1790,#1616,#113,.T.);
#1402=EDGE_CURVE('',#1791,#1790,#282,.F.);
#1403=EDGE_CURVE('',#1792,#1791,#283,.T.);
#1404=EDGE_CURVE('',#1793,#1792,#284,.F.);
#1405=EDGE_CURVE('',#1793,#1611,#114,.T.);
#1406=EDGE_CURVE('',#1794,#1613,#115,.T.);
#1407=EDGE_CURVE('',#1795,#1794,#285,.F.);
#1408=EDGE_CURVE('',#1796,#1795,#286,.T.);
#1409=EDGE_CURVE('',#1797,#1796,#287,.F.);
#1410=EDGE_CURVE('',#1797,#1619,#116,.T.);
#1411=EDGE_CURVE('',#1798,#1621,#117,.T.);
#1412=EDGE_CURVE('',#1799,#1798,#288,.F.);
#1413=EDGE_CURVE('',#1800,#1799,#289,.T.);
#1414=EDGE_CURVE('',#1801,#1800,#290,.F.);
#1415=EDGE_CURVE('',#1801,#1623,#118,.T.);
#1416=EDGE_CURVE('',#1802,#1625,#119,.T.);
#1417=EDGE_CURVE('',#1803,#1802,#291,.F.);
#1418=EDGE_CURVE('',#1804,#1803,#292,.T.);
#1419=EDGE_CURVE('',#1805,#1804,#293,.F.);
#1420=EDGE_CURVE('',#1805,#1627,#120,.T.);
#1421=EDGE_CURVE('',#1806,#1629,#121,.T.);
#1422=EDGE_CURVE('',#1807,#1806,#294,.F.);
#1423=EDGE_CURVE('',#1808,#1807,#295,.T.);
#1424=EDGE_CURVE('',#1809,#1808,#296,.F.);
#1425=EDGE_CURVE('',#1809,#1631,#122,.T.);
#1426=EDGE_CURVE('',#1810,#1633,#123,.T.);
#1427=EDGE_CURVE('',#1811,#1810,#297,.F.);
#1428=EDGE_CURVE('',#1812,#1811,#298,.T.);
#1429=EDGE_CURVE('',#1813,#1812,#299,.F.);
#1430=EDGE_CURVE('',#1813,#1643,#124,.T.);
#1431=EDGE_CURVE('',#1814,#1645,#125,.T.);
#1432=EDGE_CURVE('',#1815,#1814,#300,.F.);
#1433=EDGE_CURVE('',#1816,#1815,#301,.T.);
#1434=EDGE_CURVE('',#1817,#1816,#302,.F.);
#1435=EDGE_CURVE('',#1817,#1649,#126,.T.);
#1436=EDGE_CURVE('',#1818,#1648,#127,.T.);
#1437=EDGE_CURVE('',#1819,#1818,#303,.F.);
#1438=EDGE_CURVE('',#1820,#1819,#304,.T.);
#1439=EDGE_CURVE('',#1821,#1820,#305,.F.);
#1440=EDGE_CURVE('',#1821,#1641,#128,.T.);
#1441=EDGE_CURVE('',#1822,#1640,#129,.T.);
#1442=EDGE_CURVE('',#1823,#1822,#306,.F.);
#1443=EDGE_CURVE('',#1824,#1823,#307,.T.);
#1444=EDGE_CURVE('',#1825,#1824,#308,.F.);
#1445=EDGE_CURVE('',#1825,#1635,#130,.T.);
#1446=EDGE_CURVE('',#1826,#1637,#131,.T.);
#1447=EDGE_CURVE('',#1827,#1826,#309,.F.);
#1448=EDGE_CURVE('',#1828,#1827,#310,.T.);
#1449=EDGE_CURVE('',#1829,#1828,#311,.F.);
#1450=EDGE_CURVE('',#1829,#1771,#132,.T.);
#1451=EDGE_CURVE('',#1830,#1770,#133,.T.);
#1452=EDGE_CURVE('',#1831,#1830,#312,.F.);
#1453=EDGE_CURVE('',#1832,#1831,#313,.T.);
#1454=EDGE_CURVE('',#1833,#1832,#314,.F.);
#1455=EDGE_CURVE('',#1833,#1651,#134,.T.);
#1456=EDGE_CURVE('',#1834,#1653,#135,.T.);
#1457=EDGE_CURVE('',#1835,#1834,#315,.F.);
#1458=EDGE_CURVE('',#1836,#1835,#316,.T.);
#1459=EDGE_CURVE('',#1837,#1836,#317,.F.);
#1460=EDGE_CURVE('',#1837,#1655,#136,.T.);
#1461=EDGE_CURVE('',#1838,#1657,#137,.T.);
#1462=EDGE_CURVE('',#1839,#1838,#318,.F.);
#1463=EDGE_CURVE('',#1840,#1839,#319,.T.);
#1464=EDGE_CURVE('',#1841,#1840,#320,.F.);
#1465=EDGE_CURVE('',#1841,#1665,#138,.T.);
#1466=EDGE_CURVE('',#1842,#1664,#139,.T.);
#1467=EDGE_CURVE('',#1843,#1842,#321,.F.);
#1468=EDGE_CURVE('',#1844,#1843,#322,.T.);
#1469=EDGE_CURVE('',#1845,#1844,#323,.F.);
#1470=EDGE_CURVE('',#1845,#1659,#140,.T.);
#1471=EDGE_CURVE('',#1846,#1661,#141,.T.);
#1472=EDGE_CURVE('',#1847,#1846,#324,.F.);
#1473=EDGE_CURVE('',#1848,#1847,#325,.T.);
#1474=EDGE_CURVE('',#1849,#1848,#326,.F.);
#1475=EDGE_CURVE('',#1849,#1667,#142,.T.);
#1476=EDGE_CURVE('',#1850,#1669,#143,.T.);
#1477=EDGE_CURVE('',#1851,#1850,#327,.F.);
#1478=EDGE_CURVE('',#1852,#1851,#328,.T.);
#1479=EDGE_CURVE('',#1853,#1852,#329,.F.);
#1480=EDGE_CURVE('',#1853,#1673,#144,.T.);
#1481=EDGE_CURVE('',#1854,#1672,#145,.T.);
#1482=EDGE_CURVE('',#1855,#1854,#330,.F.);
#1483=EDGE_CURVE('',#1856,#1855,#331,.T.);
#1484=EDGE_CURVE('',#1857,#1856,#332,.F.);
#1485=EDGE_CURVE('',#1857,#1601,#146,.T.);
#1486=EDGE_CURVE('',#1858,#1600,#147,.T.);
#1487=EDGE_CURVE('',#1859,#1858,#333,.F.);
#1488=EDGE_CURVE('',#1860,#1859,#334,.T.);
#1489=EDGE_CURVE('',#1861,#1860,#335,.F.);
#1490=EDGE_CURVE('',#1861,#1597,#148,.T.);
#1491=EDGE_CURVE('',#1862,#1596,#149,.T.);
#1492=EDGE_CURVE('',#1863,#1862,#336,.F.);
#1493=EDGE_CURVE('',#1773,#1863,#337,.T.);
#1494=EDGE_CURVE('',#1826,#1714,#1910,.F.);
#1495=EDGE_CURVE('',#1828,#1712,#1911,.F.);
#1496=EDGE_CURVE('',#1713,#1827,#1912,.T.);
#1497=EDGE_CURVE('',#1711,#1829,#1913,.T.);
#1498=EDGE_CURVE('',#1850,#1688,#1914,.F.);
#1499=EDGE_CURVE('',#1852,#1686,#1915,.F.);
#1500=EDGE_CURVE('',#1687,#1851,#1916,.T.);
#1501=EDGE_CURVE('',#1685,#1853,#1917,.T.);
#1502=EDGE_CURVE('',#1846,#1692,#1918,.F.);
#1503=EDGE_CURVE('',#1848,#1690,#1919,.F.);
#1504=EDGE_CURVE('',#1691,#1847,#1920,.T.);
#1505=EDGE_CURVE('',#1689,#1849,#1921,.T.);
#1506=EDGE_CURVE('',#1838,#1700,#1922,.F.);
#1507=EDGE_CURVE('',#1840,#1698,#1923,.F.);
#1508=EDGE_CURVE('',#1699,#1839,#1924,.T.);
#1509=EDGE_CURVE('',#1697,#1841,#1925,.T.);
#1510=EDGE_CURVE('',#1842,#1696,#1926,.F.);
#1511=EDGE_CURVE('',#1844,#1694,#1927,.F.);
#1512=EDGE_CURVE('',#1695,#1843,#1928,.T.);
#1513=EDGE_CURVE('',#1693,#1845,#1929,.T.);
#1514=EDGE_CURVE('',#1834,#1704,#1930,.F.);
#1515=EDGE_CURVE('',#1836,#1702,#1931,.F.);
#1516=EDGE_CURVE('',#1703,#1835,#1932,.T.);
#1517=EDGE_CURVE('',#1701,#1837,#1933,.T.);
#1518=EDGE_CURVE('',#1830,#1708,#1934,.F.);
#1519=EDGE_CURVE('',#1832,#1706,#1935,.F.);
#1520=EDGE_CURVE('',#1707,#1831,#1936,.T.);
#1521=EDGE_CURVE('',#1705,#1833,#1937,.T.);
#1522=EDGE_CURVE('',#1814,#1726,#1938,.F.);
#1523=EDGE_CURVE('',#1816,#1724,#1939,.F.);
#1524=EDGE_CURVE('',#1725,#1815,#1940,.T.);
#1525=EDGE_CURVE('',#1723,#1817,#1941,.T.);
#1526=EDGE_CURVE('',#1810,#1730,#1942,.F.);
#1527=EDGE_CURVE('',#1812,#1728,#1943,.F.);
#1528=EDGE_CURVE('',#1729,#1811,#1944,.T.);
#1529=EDGE_CURVE('',#1727,#1813,#1945,.T.);
#1530=EDGE_CURVE('',#1818,#1722,#1946,.F.);
#1531=EDGE_CURVE('',#1820,#1720,#1947,.F.);
#1532=EDGE_CURVE('',#1721,#1819,#1948,.T.);
#1533=EDGE_CURVE('',#1719,#1821,#1949,.T.);
#1534=EDGE_CURVE('',#1822,#1718,#1950,.F.);
#1535=EDGE_CURVE('',#1824,#1716,#1951,.F.);
#1536=EDGE_CURVE('',#1717,#1823,#1952,.T.);
#1537=EDGE_CURVE('',#1715,#1825,#1953,.T.);
#1538=EDGE_CURVE('',#1806,#1734,#1954,.F.);
#1539=EDGE_CURVE('',#1808,#1732,#1955,.F.);
#1540=EDGE_CURVE('',#1733,#1807,#1956,.T.);
#1541=EDGE_CURVE('',#1731,#1809,#1957,.T.);
#1542=EDGE_CURVE('',#1802,#1738,#1958,.F.);
#1543=EDGE_CURVE('',#1804,#1736,#1959,.F.);
#1544=EDGE_CURVE('',#1737,#1803,#1960,.T.);
#1545=EDGE_CURVE('',#1735,#1805,#1961,.T.);
#1546=EDGE_CURVE('',#1798,#1742,#1962,.F.);
#1547=EDGE_CURVE('',#1800,#1740,#1963,.F.);
#1548=EDGE_CURVE('',#1741,#1799,#1964,.T.);
#1549=EDGE_CURVE('',#1739,#1801,#1965,.T.);
#1550=EDGE_CURVE('',#1794,#1746,#1966,.F.);
#1551=EDGE_CURVE('',#1796,#1744,#1967,.F.);
#1552=EDGE_CURVE('',#1745,#1795,#1968,.T.);
#1553=EDGE_CURVE('',#1743,#1797,#1969,.T.);
#1554=EDGE_CURVE('',#1786,#1754,#1970,.F.);
#1555=EDGE_CURVE('',#1788,#1752,#1971,.F.);
#1556=EDGE_CURVE('',#1753,#1787,#1972,.T.);
#1557=EDGE_CURVE('',#1751,#1789,#1973,.T.);
#1558=EDGE_CURVE('',#1790,#1750,#1974,.F.);
#1559=EDGE_CURVE('',#1792,#1748,#1975,.F.);
#1560=EDGE_CURVE('',#1749,#1791,#1976,.T.);
#1561=EDGE_CURVE('',#1747,#1793,#1977,.T.);
#1562=EDGE_CURVE('',#1782,#1758,#1978,.F.);
#1563=EDGE_CURVE('',#1784,#1756,#1979,.F.);
#1564=EDGE_CURVE('',#1757,#1783,#1980,.T.);
#1565=EDGE_CURVE('',#1755,#1785,#1981,.T.);
#1566=EDGE_CURVE('',#1778,#1762,#1982,.F.);
#1567=EDGE_CURVE('',#1780,#1760,#1983,.F.);
#1568=EDGE_CURVE('',#1761,#1779,#1984,.T.);
#1569=EDGE_CURVE('',#1759,#1781,#1985,.T.);
#1570=EDGE_CURVE('',#1854,#1684,#1986,.F.);
#1571=EDGE_CURVE('',#1856,#1682,#1987,.F.);
#1572=EDGE_CURVE('',#1683,#1855,#1988,.T.);
#1573=EDGE_CURVE('',#1681,#1857,#1989,.T.);
#1574=EDGE_CURVE('',#1858,#1680,#1990,.F.);
#1575=EDGE_CURVE('',#1860,#1678,#1991,.F.);
#1576=EDGE_CURVE('',#1679,#1859,#1992,.T.);
#1577=EDGE_CURVE('',#1677,#1861,#1993,.T.);
#1578=EDGE_CURVE('',#1774,#1766,#1994,.F.);
#1579=EDGE_CURVE('',#1776,#1764,#1995,.F.);
#1580=EDGE_CURVE('',#1765,#1775,#1996,.T.);
#1581=EDGE_CURVE('',#1763,#1777,#1997,.T.);
#1582=EDGE_CURVE('',#1862,#1675,#1998,.F.);
#1583=EDGE_CURVE('',#1773,#1768,#1999,.F.);
#1584=EDGE_CURVE('',#1676,#1863,#2000,.T.);
#1585=EDGE_CURVE('',#1767,#1772,#2001,.T.);
#1586=VERTEX_POINT('',#3661);
#1587=VERTEX_POINT('',#3662);
#1588=VERTEX_POINT('',#3664);
#1589=VERTEX_POINT('',#3666);
#1590=VERTEX_POINT('',#3670);
#1591=VERTEX_POINT('',#3671);
#1592=VERTEX_POINT('',#3673);
#1593=VERTEX_POINT('',#3675);
#1594=VERTEX_POINT('',#3679);
#1595=VERTEX_POINT('',#3680);
#1596=VERTEX_POINT('',#3682);
#1597=VERTEX_POINT('',#3684);
#1598=VERTEX_POINT('',#3688);
#1599=VERTEX_POINT('',#3689);
#1600=VERTEX_POINT('',#3691);
#1601=VERTEX_POINT('',#3693);
#1602=VERTEX_POINT('',#3697);
#1603=VERTEX_POINT('',#3698);
#1604=VERTEX_POINT('',#3700);
#1605=VERTEX_POINT('',#3702);
#1606=VERTEX_POINT('',#3706);
#1607=VERTEX_POINT('',#3707);
#1608=VERTEX_POINT('',#3709);
#1609=VERTEX_POINT('',#3711);
#1610=VERTEX_POINT('',#3715);
#1611=VERTEX_POINT('',#3716);
#1612=VERTEX_POINT('',#3718);
#1613=VERTEX_POINT('',#3720);
#1614=VERTEX_POINT('',#3724);
#1615=VERTEX_POINT('',#3725);
#1616=VERTEX_POINT('',#3727);
#1617=VERTEX_POINT('',#3729);
#1618=VERTEX_POINT('',#3733);
#1619=VERTEX_POINT('',#3734);
#1620=VERTEX_POINT('',#3736);
#1621=VERTEX_POINT('',#3738);
#1622=VERTEX_POINT('',#3742);
#1623=VERTEX_POINT('',#3743);
#1624=VERTEX_POINT('',#3745);
#1625=VERTEX_POINT('',#3747);
#1626=VERTEX_POINT('',#3751);
#1627=VERTEX_POINT('',#3752);
#1628=VERTEX_POINT('',#3754);
#1629=VERTEX_POINT('',#3756);
#1630=VERTEX_POINT('',#3760);
#1631=VERTEX_POINT('',#3761);
#1632=VERTEX_POINT('',#3763);
#1633=VERTEX_POINT('',#3765);
#1634=VERTEX_POINT('',#3769);
#1635=VERTEX_POINT('',#3770);
#1636=VERTEX_POINT('',#3772);
#1637=VERTEX_POINT('',#3774);
#1638=VERTEX_POINT('',#3778);
#1639=VERTEX_POINT('',#3779);
#1640=VERTEX_POINT('',#3781);
#1641=VERTEX_POINT('',#3783);
#1642=VERTEX_POINT('',#3787);
#1643=VERTEX_POINT('',#3788);
#1644=VERTEX_POINT('',#3790);
#1645=VERTEX_POINT('',#3792);
#1646=VERTEX_POINT('',#3796);
#1647=VERTEX_POINT('',#3797);
#1648=VERTEX_POINT('',#3799);
#1649=VERTEX_POINT('',#3801);
#1650=VERTEX_POINT('',#3805);
#1651=VERTEX_POINT('',#3806);
#1652=VERTEX_POINT('',#3808);
#1653=VERTEX_POINT('',#3810);
#1654=VERTEX_POINT('',#3814);
#1655=VERTEX_POINT('',#3815);
#1656=VERTEX_POINT('',#3817);
#1657=VERTEX_POINT('',#3819);
#1658=VERTEX_POINT('',#3823);
#1659=VERTEX_POINT('',#3824);
#1660=VERTEX_POINT('',#3826);
#1661=VERTEX_POINT('',#3828);
#1662=VERTEX_POINT('',#3832);
#1663=VERTEX_POINT('',#3833);
#1664=VERTEX_POINT('',#3835);
#1665=VERTEX_POINT('',#3837);
#1666=VERTEX_POINT('',#3841);
#1667=VERTEX_POINT('',#3842);
#1668=VERTEX_POINT('',#3844);
#1669=VERTEX_POINT('',#3846);
#1670=VERTEX_POINT('',#3850);
#1671=VERTEX_POINT('',#3851);
#1672=VERTEX_POINT('',#3853);
#1673=VERTEX_POINT('',#3855);
#1674=VERTEX_POINT('',#3859);
#1675=VERTEX_POINT('',#3861);
#1676=VERTEX_POINT('',#3862);
#1677=VERTEX_POINT('',#3893);
#1678=VERTEX_POINT('',#3895);
#1679=VERTEX_POINT('',#3897);
#1680=VERTEX_POINT('',#3899);
#1681=VERTEX_POINT('',#3930);
#1682=VERTEX_POINT('',#3932);
#1683=VERTEX_POINT('',#3934);
#1684=VERTEX_POINT('',#3936);
#1685=VERTEX_POINT('',#3967);
#1686=VERTEX_POINT('',#3969);
#1687=VERTEX_POINT('',#3971);
#1688=VERTEX_POINT('',#3973);
#1689=VERTEX_POINT('',#4004);
#1690=VERTEX_POINT('',#4006);
#1691=VERTEX_POINT('',#4008);
#1692=VERTEX_POINT('',#4010);
#1693=VERTEX_POINT('',#4041);
#1694=VERTEX_POINT('',#4043);
#1695=VERTEX_POINT('',#4045);
#1696=VERTEX_POINT('',#4047);
#1697=VERTEX_POINT('',#4078);
#1698=VERTEX_POINT('',#4080);
#1699=VERTEX_POINT('',#4082);
#1700=VERTEX_POINT('',#4084);
#1701=VERTEX_POINT('',#4115);
#1702=VERTEX_POINT('',#4117);
#1703=VERTEX_POINT('',#4119);
#1704=VERTEX_POINT('',#4121);
#1705=VERTEX_POINT('',#4152);
#1706=VERTEX_POINT('',#4154);
#1707=VERTEX_POINT('',#4156);
#1708=VERTEX_POINT('',#4158);
#1709=VERTEX_POINT('',#4174);
#1710=VERTEX_POINT('',#4176);
#1711=VERTEX_POINT('',#4192);
#1712=VERTEX_POINT('',#4194);
#1713=VERTEX_POINT('',#4196);
#1714=VERTEX_POINT('',#4198);
#1715=VERTEX_POINT('',#4229);
#1716=VERTEX_POINT('',#4231);
#1717=VERTEX_POINT('',#4233);
#1718=VERTEX_POINT('',#4235);
#1719=VERTEX_POINT('',#4266);
#1720=VERTEX_POINT('',#4268);
#1721=VERTEX_POINT('',#4270);
#1722=VERTEX_POINT('',#4272);
#1723=VERTEX_POINT('',#4303);
#1724=VERTEX_POINT('',#4305);
#1725=VERTEX_POINT('',#4307);
#1726=VERTEX_POINT('',#4309);
#1727=VERTEX_POINT('',#4340);
#1728=VERTEX_POINT('',#4342);
#1729=VERTEX_POINT('',#4344);
#1730=VERTEX_POINT('',#4346);
#1731=VERTEX_POINT('',#4377);
#1732=VERTEX_POINT('',#4379);
#1733=VERTEX_POINT('',#4381);
#1734=VERTEX_POINT('',#4383);
#1735=VERTEX_POINT('',#4414);
#1736=VERTEX_POINT('',#4416);
#1737=VERTEX_POINT('',#4418);
#1738=VERTEX_POINT('',#4420);
#1739=VERTEX_POINT('',#4451);
#1740=VERTEX_POINT('',#4453);
#1741=VERTEX_POINT('',#4455);
#1742=VERTEX_POINT('',#4457);
#1743=VERTEX_POINT('',#4488);
#1744=VERTEX_POINT('',#4490);
#1745=VERTEX_POINT('',#4492);
#1746=VERTEX_POINT('',#4494);
#1747=VERTEX_POINT('',#4525);
#1748=VERTEX_POINT('',#4527);
#1749=VERTEX_POINT('',#4529);
#1750=VERTEX_POINT('',#4531);
#1751=VERTEX_POINT('',#4562);
#1752=VERTEX_POINT('',#4564);
#1753=VERTEX_POINT('',#4566);
#1754=VERTEX_POINT('',#4568);
#1755=VERTEX_POINT('',#4599);
#1756=VERTEX_POINT('',#4601);
#1757=VERTEX_POINT('',#4603);
#1758=VERTEX_POINT('',#4605);
#1759=VERTEX_POINT('',#4636);
#1760=VERTEX_POINT('',#4638);
#1761=VERTEX_POINT('',#4640);
#1762=VERTEX_POINT('',#4642);
#1763=VERTEX_POINT('',#4673);
#1764=VERTEX_POINT('',#4675);
#1765=VERTEX_POINT('',#4677);
#1766=VERTEX_POINT('',#4679);
#1767=VERTEX_POINT('',#4710);
#1768=VERTEX_POINT('',#4712);
#1769=VERTEX_POINT('',#4716);
#1770=VERTEX_POINT('',#4719);
#1771=VERTEX_POINT('',#4721);
#1772=VERTEX_POINT('',#4725);
#1773=VERTEX_POINT('',#4726);
#1774=VERTEX_POINT('',#4757);
#1775=VERTEX_POINT('',#4759);
#1776=VERTEX_POINT('',#4761);
#1777=VERTEX_POINT('',#4763);
#1778=VERTEX_POINT('',#4794);
#1779=VERTEX_POINT('',#4796);
#1780=VERTEX_POINT('',#4798);
#1781=VERTEX_POINT('',#4800);
#1782=VERTEX_POINT('',#4831);
#1783=VERTEX_POINT('',#4833);
#1784=VERTEX_POINT('',#4835);
#1785=VERTEX_POINT('',#4837);
#1786=VERTEX_POINT('',#4868);
#1787=VERTEX_POINT('',#4870);
#1788=VERTEX_POINT('',#4872);
#1789=VERTEX_POINT('',#4874);
#1790=VERTEX_POINT('',#4905);
#1791=VERTEX_POINT('',#4907);
#1792=VERTEX_POINT('',#4909);
#1793=VERTEX_POINT('',#4911);
#1794=VERTEX_POINT('',#4942);
#1795=VERTEX_POINT('',#4944);
#1796=VERTEX_POINT('',#4946);
#1797=VERTEX_POINT('',#4948);
#1798=VERTEX_POINT('',#4979);
#1799=VERTEX_POINT('',#4981);
#1800=VERTEX_POINT('',#4983);
#1801=VERTEX_POINT('',#4985);
#1802=VERTEX_POINT('',#5016);
#1803=VERTEX_POINT('',#5018);
#1804=VERTEX_POINT('',#5020);
#1805=VERTEX_POINT('',#5022);
#1806=VERTEX_POINT('',#5053);
#1807=VERTEX_POINT('',#5055);
#1808=VERTEX_POINT('',#5057);
#1809=VERTEX_POINT('',#5059);
#1810=VERTEX_POINT('',#5090);
#1811=VERTEX_POINT('',#5092);
#1812=VERTEX_POINT('',#5094);
#1813=VERTEX_POINT('',#5096);
#1814=VERTEX_POINT('',#5127);
#1815=VERTEX_POINT('',#5129);
#1816=VERTEX_POINT('',#5131);
#1817=VERTEX_POINT('',#5133);
#1818=VERTEX_POINT('',#5164);
#1819=VERTEX_POINT('',#5166);
#1820=VERTEX_POINT('',#5168);
#1821=VERTEX_POINT('',#5170);
#1822=VERTEX_POINT('',#5201);
#1823=VERTEX_POINT('',#5203);
#1824=VERTEX_POINT('',#5205);
#1825=VERTEX_POINT('',#5207);
#1826=VERTEX_POINT('',#5238);
#1827=VERTEX_POINT('',#5240);
#1828=VERTEX_POINT('',#5242);
#1829=VERTEX_POINT('',#5244);
#1830=VERTEX_POINT('',#5275);
#1831=VERTEX_POINT('',#5277);
#1832=VERTEX_POINT('',#5279);
#1833=VERTEX_POINT('',#5281);
#1834=VERTEX_POINT('',#5312);
#1835=VERTEX_POINT('',#5314);
#1836=VERTEX_POINT('',#5316);
#1837=VERTEX_POINT('',#5318);
#1838=VERTEX_POINT('',#5349);
#1839=VERTEX_POINT('',#5351);
#1840=VERTEX_POINT('',#5353);
#1841=VERTEX_POINT('',#5355);
#1842=VERTEX_POINT('',#5386);
#1843=VERTEX_POINT('',#5388);
#1844=VERTEX_POINT('',#5390);
#1845=VERTEX_POINT('',#5392);
#1846=VERTEX_POINT('',#5423);
#1847=VERTEX_POINT('',#5425);
#1848=VERTEX_POINT('',#5427);
#1849=VERTEX_POINT('',#5429);
#1850=VERTEX_POINT('',#5460);
#1851=VERTEX_POINT('',#5462);
#1852=VERTEX_POINT('',#5464);
#1853=VERTEX_POINT('',#5466);
#1854=VERTEX_POINT('',#5497);
#1855=VERTEX_POINT('',#5499);
#1856=VERTEX_POINT('',#5501);
#1857=VERTEX_POINT('',#5503);
#1858=VERTEX_POINT('',#5534);
#1859=VERTEX_POINT('',#5536);
#1860=VERTEX_POINT('',#5538);
#1861=VERTEX_POINT('',#5540);
#1862=VERTEX_POINT('',#5571);
#1863=VERTEX_POINT('',#5573);
#1864=LINE('',#3660,#2002);
#1865=LINE('',#3665,#2003);
#1866=LINE('',#3669,#2004);
#1867=LINE('',#3674,#2005);
#1868=LINE('',#3681,#2006);
#1869=LINE('',#3685,#2007);
#1870=LINE('',#3690,#2008);
#1871=LINE('',#3694,#2009);
#1872=LINE('',#3696,#2010);
#1873=LINE('',#3701,#2011);
#1874=LINE('',#3705,#2012);
#1875=LINE('',#3710,#2013);
#1876=LINE('',#3714,#2014);
#1877=LINE('',#3719,#2015);
#1878=LINE('',#3726,#2016);
#1879=LINE('',#3730,#2017);
#1880=LINE('',#3732,#2018);
#1881=LINE('',#3737,#2019);
#1882=LINE('',#3741,#2020);
#1883=LINE('',#3746,#2021);
#1884=LINE('',#3750,#2022);
#1885=LINE('',#3755,#2023);
#1886=LINE('',#3759,#2024);
#1887=LINE('',#3764,#2025);
#1888=LINE('',#3768,#2026);
#1889=LINE('',#3773,#2027);
#1890=LINE('',#3780,#2028);
#1891=LINE('',#3784,#2029);
#1892=LINE('',#3786,#2030);
#1893=LINE('',#3791,#2031);
#1894=LINE('',#3798,#2032);
#1895=LINE('',#3802,#2033);
#1896=LINE('',#3804,#2034);
#1897=LINE('',#3809,#2035);
#1898=LINE('',#3813,#2036);
#1899=LINE('',#3818,#2037);
#1900=LINE('',#3822,#2038);
#1901=LINE('',#3827,#2039);
#1902=LINE('',#3834,#2040);
#1903=LINE('',#3838,#2041);
#1904=LINE('',#3840,#2042);
#1905=LINE('',#3845,#2043);
#1906=LINE('',#3852,#2044);
#1907=LINE('',#3856,#2045);
#1908=LINE('',#4718,#2046);
#1909=LINE('',#4722,#2047);
#1910=LINE('',#5597,#2048);
#1911=LINE('',#5599,#2049);
#1912=LINE('',#5600,#2050);
#1913=LINE('',#5623,#2051);
#1914=LINE('',#5648,#2052);
#1915=LINE('',#5650,#2053);
#1916=LINE('',#5651,#2054);
#1917=LINE('',#5674,#2055);
#1918=LINE('',#5699,#2056);
#1919=LINE('',#5701,#2057);
#1920=LINE('',#5702,#2058);
#1921=LINE('',#5725,#2059);
#1922=LINE('',#5750,#2060);
#1923=LINE('',#5752,#2061);
#1924=LINE('',#5753,#2062);
#1925=LINE('',#5776,#2063);
#1926=LINE('',#5801,#2064);
#1927=LINE('',#5803,#2065);
#1928=LINE('',#5804,#2066);
#1929=LINE('',#5827,#2067);
#1930=LINE('',#5852,#2068);
#1931=LINE('',#5854,#2069);
#1932=LINE('',#5855,#2070);
#1933=LINE('',#5878,#2071);
#1934=LINE('',#5903,#2072);
#1935=LINE('',#5905,#2073);
#1936=LINE('',#5906,#2074);
#1937=LINE('',#5929,#2075);
#1938=LINE('',#5954,#2076);
#1939=LINE('',#5956,#2077);
#1940=LINE('',#5957,#2078);
#1941=LINE('',#5980,#2079);
#1942=LINE('',#6005,#2080);
#1943=LINE('',#6007,#2081);
#1944=LINE('',#6008,#2082);
#1945=LINE('',#6031,#2083);
#1946=LINE('',#6056,#2084);
#1947=LINE('',#6058,#2085);
#1948=LINE('',#6059,#2086);
#1949=LINE('',#6082,#2087);
#1950=LINE('',#6107,#2088);
#1951=LINE('',#6109,#2089);
#1952=LINE('',#6110,#2090);
#1953=LINE('',#6133,#2091);
#1954=LINE('',#6158,#2092);
#1955=LINE('',#6160,#2093);
#1956=LINE('',#6161,#2094);
#1957=LINE('',#6184,#2095);
#1958=LINE('',#6209,#2096);
#1959=LINE('',#6211,#2097);
#1960=LINE('',#6212,#2098);
#1961=LINE('',#6235,#2099);
#1962=LINE('',#6260,#2100);
#1963=LINE('',#6262,#2101);
#1964=LINE('',#6263,#2102);
#1965=LINE('',#6286,#2103);
#1966=LINE('',#6311,#2104);
#1967=LINE('',#6313,#2105);
#1968=LINE('',#6314,#2106);
#1969=LINE('',#6337,#2107);
#1970=LINE('',#6362,#2108);
#1971=LINE('',#6364,#2109);
#1972=LINE('',#6365,#2110);
#1973=LINE('',#6388,#2111);
#1974=LINE('',#6413,#2112);
#1975=LINE('',#6415,#2113);
#1976=LINE('',#6416,#2114);
#1977=LINE('',#6439,#2115);
#1978=LINE('',#6464,#2116);
#1979=LINE('',#6466,#2117);
#1980=LINE('',#6467,#2118);
#1981=LINE('',#6490,#2119);
#1982=LINE('',#6515,#2120);
#1983=LINE('',#6517,#2121);
#1984=LINE('',#6518,#2122);
#1985=LINE('',#6541,#2123);
#1986=LINE('',#6566,#2124);
#1987=LINE('',#6568,#2125);
#1988=LINE('',#6569,#2126);
#1989=LINE('',#6592,#2127);
#1990=LINE('',#6617,#2128);
#1991=LINE('',#6619,#2129);
#1992=LINE('',#6620,#2130);
#1993=LINE('',#6643,#2131);
#1994=LINE('',#6668,#2132);
#1995=LINE('',#6670,#2133);
#1996=LINE('',#6671,#2134);
#1997=LINE('',#6694,#2135);
#1998=LINE('',#6719,#2136);
#1999=LINE('',#6721,#2137);
#2000=LINE('',#6722,#2138);
#2001=LINE('',#6745,#2139);
#2002=VECTOR('',#2960,1.);
#2003=VECTOR('',#2963,1.);
#2004=VECTOR('',#2968,1.);
#2005=VECTOR('',#2971,1.);
#2006=VECTOR('',#2978,1.);
#2007=VECTOR('',#2981,1.);
#2008=VECTOR('',#2986,1.);
#2009=VECTOR('',#2989,1.);
#2010=VECTOR('',#2992,1.);
#2011=VECTOR('',#2995,1.);
#2012=VECTOR('',#3000,1.);
#2013=VECTOR('',#3003,1.);
#2014=VECTOR('',#3008,1.);
#2015=VECTOR('',#3011,1.);
#2016=VECTOR('',#3018,1.);
#2017=VECTOR('',#3021,1.);
#2018=VECTOR('',#3024,1.);
#2019=VECTOR('',#3027,1.);
#2020=VECTOR('',#3032,1.);
#2021=VECTOR('',#3035,1.);
#2022=VECTOR('',#3040,1.);
#2023=VECTOR('',#3043,1.);
#2024=VECTOR('',#3048,1.);
#2025=VECTOR('',#3051,1.);
#2026=VECTOR('',#3056,1.);
#2027=VECTOR('',#3059,1.);
#2028=VECTOR('',#3066,1.);
#2029=VECTOR('',#3069,1.);
#2030=VECTOR('',#3072,1.);
#2031=VECTOR('',#3075,1.);
#2032=VECTOR('',#3082,1.);
#2033=VECTOR('',#3085,1.);
#2034=VECTOR('',#3088,1.);
#2035=VECTOR('',#3091,1.);
#2036=VECTOR('',#3096,1.);
#2037=VECTOR('',#3099,1.);
#2038=VECTOR('',#3104,1.);
#2039=VECTOR('',#3107,1.);
#2040=VECTOR('',#3114,1.);
#2041=VECTOR('',#3117,1.);
#2042=VECTOR('',#3120,1.);
#2043=VECTOR('',#3123,1.);
#2044=VECTOR('',#3130,1.);
#2045=VECTOR('',#3133,1.);
#2046=VECTOR('',#3284,1.);
#2047=VECTOR('',#3287,1.);
#2048=VECTOR('',#3428,1.);
#2049=VECTOR('',#3431,1.);
#2050=VECTOR('',#3432,1.);
#2051=VECTOR('',#3433,1.);
#2052=VECTOR('',#3438,1.);
#2053=VECTOR('',#3441,1.);
#2054=VECTOR('',#3442,1.);
#2055=VECTOR('',#3443,1.);
#2056=VECTOR('',#3448,1.);
#2057=VECTOR('',#3451,1.);
#2058=VECTOR('',#3452,1.);
#2059=VECTOR('',#3453,1.);
#2060=VECTOR('',#3458,1.);
#2061=VECTOR('',#3461,1.);
#2062=VECTOR('',#3462,1.);
#2063=VECTOR('',#3463,1.);
#2064=VECTOR('',#3468,1.);
#2065=VECTOR('',#3471,1.);
#2066=VECTOR('',#3472,1.);
#2067=VECTOR('',#3473,1.);
#2068=VECTOR('',#3478,1.);
#2069=VECTOR('',#3481,1.);
#2070=VECTOR('',#3482,1.);
#2071=VECTOR('',#3483,1.);
#2072=VECTOR('',#3488,1.);
#2073=VECTOR('',#3491,1.);
#2074=VECTOR('',#3492,1.);
#2075=VECTOR('',#3493,1.);
#2076=VECTOR('',#3498,1.);
#2077=VECTOR('',#3501,1.);
#2078=VECTOR('',#3502,1.);
#2079=VECTOR('',#3503,1.);
#2080=VECTOR('',#3508,1.);
#2081=VECTOR('',#3511,1.);
#2082=VECTOR('',#3512,1.);
#2083=VECTOR('',#3513,1.);
#2084=VECTOR('',#3518,1.);
#2085=VECTOR('',#3521,1.);
#2086=VECTOR('',#3522,1.);
#2087=VECTOR('',#3523,1.);
#2088=VECTOR('',#3528,1.);
#2089=VECTOR('',#3531,1.);
#2090=VECTOR('',#3532,1.);
#2091=VECTOR('',#3533,1.);
#2092=VECTOR('',#3538,1.);
#2093=VECTOR('',#3541,1.);
#2094=VECTOR('',#3542,1.);
#2095=VECTOR('',#3543,1.);
#2096=VECTOR('',#3548,1.);
#2097=VECTOR('',#3551,1.);
#2098=VECTOR('',#3552,1.);
#2099=VECTOR('',#3553,1.);
#2100=VECTOR('',#3558,1.);
#2101=VECTOR('',#3561,1.);
#2102=VECTOR('',#3562,1.);
#2103=VECTOR('',#3563,1.);
#2104=VECTOR('',#3568,1.);
#2105=VECTOR('',#3571,1.);
#2106=VECTOR('',#3572,1.);
#2107=VECTOR('',#3573,1.);
#2108=VECTOR('',#3578,1.);
#2109=VECTOR('',#3581,1.);
#2110=VECTOR('',#3582,1.);
#2111=VECTOR('',#3583,1.);
#2112=VECTOR('',#3588,1.);
#2113=VECTOR('',#3591,1.);
#2114=VECTOR('',#3592,1.);
#2115=VECTOR('',#3593,1.);
#2116=VECTOR('',#3598,1.);
#2117=VECTOR('',#3601,1.);
#2118=VECTOR('',#3602,1.);
#2119=VECTOR('',#3603,1.);
#2120=VECTOR('',#3608,1.);
#2121=VECTOR('',#3611,1.);
#2122=VECTOR('',#3612,1.);
#2123=VECTOR('',#3613,1.);
#2124=VECTOR('',#3618,1.);
#2125=VECTOR('',#3621,1.);
#2126=VECTOR('',#3622,1.);
#2127=VECTOR('',#3623,1.);
#2128=VECTOR('',#3628,1.);
#2129=VECTOR('',#3631,1.);
#2130=VECTOR('',#3632,1.);
#2131=VECTOR('',#3633,1.);
#2132=VECTOR('',#3638,1.);
#2133=VECTOR('',#3641,1.);
#2134=VECTOR('',#3642,1.);
#2135=VECTOR('',#3643,1.);
#2136=VECTOR('',#3648,1.);
#2137=VECTOR('',#3651,1.);
#2138=VECTOR('',#3652,1.);
#2139=VECTOR('',#3653,1.);
#2140=EDGE_LOOP('',(#338,#339,#340,#341));
#2141=EDGE_LOOP('',(#342,#343,#344,#345));
#2142=EDGE_LOOP('',(#346,#347,#348,#349));
#2143=EDGE_LOOP('',(#350,#351,#352,#353));
#2144=EDGE_LOOP('',(#354,#355,#356,#357));
#2145=EDGE_LOOP('',(#358,#359,#360,#361));
#2146=EDGE_LOOP('',(#362,#363,#364,#365));
#2147=EDGE_LOOP('',(#366,#367,#368,#369));
#2148=EDGE_LOOP('',(#370,#371,#372,#373));
#2149=EDGE_LOOP('',(#374,#375,#376,#377));
#2150=EDGE_LOOP('',(#378,#379,#380,#381));
#2151=EDGE_LOOP('',(#382,#383,#384,#385));
#2152=EDGE_LOOP('',(#386,#387,#388,#389));
#2153=EDGE_LOOP('',(#390,#391,#392,#393));
#2154=EDGE_LOOP('',(#394,#395,#396,#397));
#2155=EDGE_LOOP('',(#398,#399,#400,#401));
#2156=EDGE_LOOP('',(#402,#403,#404,#405));
#2157=EDGE_LOOP('',(#406,#407,#408,#409));
#2158=EDGE_LOOP('',(#410,#411,#412,#413));
#2159=EDGE_LOOP('',(#414,#415,#416,#417));
#2160=EDGE_LOOP('',(#418,#419,#420,#421));
#2161=EDGE_LOOP('',(#422,#423,#424,#425));
#2162=EDGE_LOOP('',(#426));
#2163=EDGE_LOOP('',(#427,#428,#429,#430,#431,#432,#433,#434,#435,#436,#437,
#438,#439,#440,#441,#442,#443,#444,#445,#446,#447,#448,#449,#450,#451,#452,
#453,#454,#455,#456,#457,#458,#459,#460,#461,#462,#463,#464,#465,#466,#467,
#468,#469,#470,#471,#472,#473,#474,#475,#476,#477,#478,#479,#480,#481,#482,
#483,#484,#485,#486,#487,#488,#489,#490,#491,#492,#493,#494,#495,#496,#497,
#498,#499,#500,#501,#502,#503,#504,#505,#506,#507,#508,#509,#510,#511,#512,
#513,#514,#515,#516,#517,#518,#519,#520,#521,#522,#523,#524,#525,#526,#527,
#528,#529,#530,#531,#532,#533,#534,#535,#536,#537,#538,#539,#540,#541,#542,
#543,#544,#545,#546,#547,#548,#549,#550,#551,#552,#553,#554,#555,#556,#557,
#558,#559,#560,#561,#562,#563,#564));
#2164=EDGE_LOOP('',(#565));
#2165=EDGE_LOOP('',(#566));
#2166=EDGE_LOOP('',(#567,#568,#569,#570));
#2167=EDGE_LOOP('',(#571,#572,#573,#574,#575,#576,#577,#578,#579,#580,#581,
#582,#583,#584,#585,#586,#587,#588,#589,#590,#591,#592,#593,#594,#595,#596,
#597,#598,#599,#600,#601,#602,#603,#604,#605,#606,#607,#608,#609,#610,#611,
#612,#613,#614,#615,#616,#617,#618,#619,#620,#621,#622,#623,#624,#625,#626,
#627,#628,#629,#630,#631,#632,#633,#634,#635,#636,#637,#638,#639,#640,#641,
#642,#643,#644,#645,#646,#647,#648,#649,#650,#651,#652,#653,#654,#655,#656,
#657,#658,#659,#660,#661,#662,#663,#664,#665,#666,#667,#668,#669,#670,#671,
#672,#673,#674,#675,#676,#677,#678,#679,#680,#681,#682,#683,#684,#685,#686,
#687,#688,#689,#690,#691,#692,#693,#694,#695,#696,#697,#698,#699,#700,#701,
#702,#703,#704,#705,#706,#707,#708));
#2168=EDGE_LOOP('',(#709));
#2169=EDGE_LOOP('',(#710,#711,#712,#713));
#2170=EDGE_LOOP('',(#714,#715,#716,#717));
#2171=EDGE_LOOP('',(#718,#719,#720,#721));
#2172=EDGE_LOOP('',(#722,#723,#724,#725));
#2173=EDGE_LOOP('',(#726,#727,#728,#729));
#2174=EDGE_LOOP('',(#730,#731,#732,#733));
#2175=EDGE_LOOP('',(#734,#735,#736,#737));
#2176=EDGE_LOOP('',(#738,#739,#740,#741));
#2177=EDGE_LOOP('',(#742,#743,#744,#745));
#2178=EDGE_LOOP('',(#746,#747,#748,#749));
#2179=EDGE_LOOP('',(#750,#751,#752,#753));
#2180=EDGE_LOOP('',(#754,#755,#756,#757));
#2181=EDGE_LOOP('',(#758,#759,#760,#761));
#2182=EDGE_LOOP('',(#762,#763,#764,#765));
#2183=EDGE_LOOP('',(#766,#767,#768,#769));
#2184=EDGE_LOOP('',(#770,#771,#772,#773));
#2185=EDGE_LOOP('',(#774,#775,#776,#777));
#2186=EDGE_LOOP('',(#778,#779,#780,#781));
#2187=EDGE_LOOP('',(#782,#783,#784,#785));
#2188=EDGE_LOOP('',(#786,#787,#788,#789));
#2189=EDGE_LOOP('',(#790,#791,#792,#793));
#2190=EDGE_LOOP('',(#794,#795,#796,#797));
#2191=EDGE_LOOP('',(#798,#799,#800,#801));
#2192=EDGE_LOOP('',(#802,#803,#804,#805));
#2193=EDGE_LOOP('',(#806,#807,#808,#809));
#2194=EDGE_LOOP('',(#810,#811,#812,#813));
#2195=EDGE_LOOP('',(#814,#815,#816,#817));
#2196=EDGE_LOOP('',(#818,#819,#820,#821));
#2197=EDGE_LOOP('',(#822,#823,#824,#825));
#2198=EDGE_LOOP('',(#826,#827,#828,#829));
#2199=EDGE_LOOP('',(#830,#831,#832,#833));
#2200=EDGE_LOOP('',(#834,#835,#836,#837));
#2201=EDGE_LOOP('',(#838,#839,#840,#841));
#2202=EDGE_LOOP('',(#842,#843,#844,#845));
#2203=EDGE_LOOP('',(#846,#847,#848,#849));
#2204=EDGE_LOOP('',(#850,#851,#852,#853));
#2205=EDGE_LOOP('',(#854,#855,#856,#857));
#2206=EDGE_LOOP('',(#858,#859,#860,#861));
#2207=EDGE_LOOP('',(#862,#863,#864,#865));
#2208=EDGE_LOOP('',(#866,#867,#868,#869));
#2209=EDGE_LOOP('',(#870,#871,#872,#873));
#2210=EDGE_LOOP('',(#874,#875,#876,#877));
#2211=EDGE_LOOP('',(#878,#879,#880,#881));
#2212=EDGE_LOOP('',(#882,#883,#884,#885));
#2213=EDGE_LOOP('',(#886,#887,#888,#889));
#2214=EDGE_LOOP('',(#890,#891,#892,#893));
#2215=EDGE_LOOP('',(#894,#895,#896,#897));
#2216=EDGE_LOOP('',(#898,#899,#900,#901));
#2217=EDGE_LOOP('',(#902,#903,#904,#905));
#2218=EDGE_LOOP('',(#906,#907,#908,#909));
#2219=EDGE_LOOP('',(#910,#911,#912,#913));
#2220=EDGE_LOOP('',(#914,#915,#916,#917));
#2221=EDGE_LOOP('',(#918,#919,#920,#921));
#2222=EDGE_LOOP('',(#922,#923,#924,#925));
#2223=EDGE_LOOP('',(#926,#927,#928,#929));
#2224=EDGE_LOOP('',(#930,#931,#932,#933));
#2225=EDGE_LOOP('',(#934,#935,#936,#937));
#2226=EDGE_LOOP('',(#938,#939,#940,#941));
#2227=EDGE_LOOP('',(#942,#943,#944,#945));
#2228=EDGE_LOOP('',(#946,#947,#948,#949));
#2229=EDGE_LOOP('',(#950,#951,#952,#953));
#2230=EDGE_LOOP('',(#954,#955,#956,#957));
#2231=EDGE_LOOP('',(#958,#959,#960,#961));
#2232=EDGE_LOOP('',(#962,#963,#964,#965));
#2233=EDGE_LOOP('',(#966,#967,#968,#969));
#2234=EDGE_LOOP('',(#970,#971,#972,#973));
#2235=EDGE_LOOP('',(#974,#975,#976,#977));
#2236=EDGE_LOOP('',(#978,#979,#980,#981));
#2237=EDGE_LOOP('',(#982,#983,#984,#985));
#2238=EDGE_LOOP('',(#986,#987,#988,#989));
#2239=EDGE_LOOP('',(#990,#991,#992,#993));
#2240=EDGE_LOOP('',(#994,#995,#996,#997));
#2241=EDGE_LOOP('',(#998,#999,#1000,#1001));
#2242=EDGE_LOOP('',(#1002,#1003,#1004,#1005));
#2243=EDGE_LOOP('',(#1006,#1007,#1008,#1009));
#2244=EDGE_LOOP('',(#1010,#1011,#1012,#1013));
#2245=EDGE_LOOP('',(#1014,#1015,#1016,#1017));
#2246=EDGE_LOOP('',(#1018,#1019,#1020,#1021));
#2247=EDGE_LOOP('',(#1022,#1023,#1024,#1025));
#2248=EDGE_LOOP('',(#1026,#1027,#1028,#1029));
#2249=EDGE_LOOP('',(#1030,#1031,#1032,#1033));
#2250=EDGE_LOOP('',(#1034,#1035,#1036,#1037));
#2251=EDGE_LOOP('',(#1038,#1039,#1040,#1041));
#2252=EDGE_LOOP('',(#1042,#1043,#1044,#1045));
#2253=EDGE_LOOP('',(#1046,#1047,#1048,#1049));
#2254=EDGE_LOOP('',(#1050,#1051,#1052,#1053));
#2255=EDGE_LOOP('',(#1054,#1055,#1056,#1057));
#2256=EDGE_LOOP('',(#1058,#1059,#1060,#1061));
#2257=EDGE_LOOP('',(#1062,#1063,#1064,#1065));
#2258=EDGE_LOOP('',(#1066,#1067,#1068,#1069));
#2259=EDGE_LOOP('',(#1070,#1071,#1072,#1073));
#2260=EDGE_LOOP('',(#1074,#1075,#1076,#1077));
#2261=EDGE_LOOP('',(#1078,#1079,#1080,#1081));
#2262=EDGE_LOOP('',(#1082,#1083,#1084,#1085));
#2263=EDGE_LOOP('',(#1086,#1087,#1088,#1089));
#2264=EDGE_LOOP('',(#1090,#1091,#1092,#1093));
#2265=EDGE_LOOP('',(#1094,#1095,#1096,#1097));
#2266=EDGE_LOOP('',(#1098,#1099,#1100,#1101));
#2267=EDGE_LOOP('',(#1102,#1103,#1104,#1105));
#2268=EDGE_LOOP('',(#1106,#1107,#1108,#1109));
#2269=EDGE_LOOP('',(#1110,#1111,#1112,#1113));
#2270=EDGE_LOOP('',(#1114,#1115,#1116,#1117));
#2271=EDGE_LOOP('',(#1118,#1119,#1120,#1121));
#2272=EDGE_LOOP('',(#1122,#1123,#1124,#1125));
#2273=EDGE_LOOP('',(#1126,#1127,#1128,#1129));
#2274=EDGE_LOOP('',(#1130,#1131,#1132,#1133));
#2275=EDGE_LOOP('',(#1134,#1135,#1136,#1137));
#2276=EDGE_LOOP('',(#1138,#1139,#1140,#1141));
#2277=EDGE_LOOP('',(#1142,#1143,#1144,#1145));
#2278=EDGE_LOOP('',(#1146,#1147,#1148,#1149));
#2279=EDGE_LOOP('',(#1150,#1151,#1152,#1153));
#2280=EDGE_LOOP('',(#1154,#1155,#1156,#1157));
#2281=EDGE_LOOP('',(#1158,#1159,#1160,#1161));
#2282=EDGE_LOOP('',(#1162,#1163,#1164,#1165));
#2283=EDGE_LOOP('',(#1166,#1167,#1168,#1169));
#2284=FACE_BOUND('',#2140,.T.);
#2285=FACE_BOUND('',#2141,.T.);
#2286=FACE_BOUND('',#2142,.T.);
#2287=FACE_BOUND('',#2143,.T.);
#2288=FACE_BOUND('',#2144,.T.);
#2289=FACE_BOUND('',#2145,.T.);
#2290=FACE_BOUND('',#2146,.T.);
#2291=FACE_BOUND('',#2147,.T.);
#2292=FACE_BOUND('',#2148,.T.);
#2293=FACE_BOUND('',#2149,.T.);
#2294=FACE_BOUND('',#2150,.T.);
#2295=FACE_BOUND('',#2151,.T.);
#2296=FACE_BOUND('',#2152,.T.);
#2297=FACE_BOUND('',#2153,.T.);
#2298=FACE_BOUND('',#2154,.T.);
#2299=FACE_BOUND('',#2155,.T.);
#2300=FACE_BOUND('',#2156,.T.);
#2301=FACE_BOUND('',#2157,.T.);
#2302=FACE_BOUND('',#2158,.T.);
#2303=FACE_BOUND('',#2159,.T.);
#2304=FACE_BOUND('',#2160,.T.);
#2305=FACE_BOUND('',#2161,.T.);
#2306=FACE_BOUND('',#2162,.T.);
#2307=FACE_BOUND('',#2163,.T.);
#2308=FACE_BOUND('',#2164,.T.);
#2309=FACE_BOUND('',#2165,.T.);
#2310=FACE_BOUND('',#2166,.T.);
#2311=FACE_BOUND('',#2167,.T.);
#2312=FACE_BOUND('',#2168,.T.);
#2313=FACE_BOUND('',#2169,.T.);
#2314=FACE_BOUND('',#2170,.T.);
#2315=FACE_BOUND('',#2171,.T.);
#2316=FACE_BOUND('',#2172,.T.);
#2317=FACE_BOUND('',#2173,.T.);
#2318=FACE_BOUND('',#2174,.T.);
#2319=FACE_BOUND('',#2175,.T.);
#2320=FACE_BOUND('',#2176,.T.);
#2321=FACE_BOUND('',#2177,.T.);
#2322=FACE_BOUND('',#2178,.T.);
#2323=FACE_BOUND('',#2179,.T.);
#2324=FACE_BOUND('',#2180,.T.);
#2325=FACE_BOUND('',#2181,.T.);
#2326=FACE_BOUND('',#2182,.T.);
#2327=FACE_BOUND('',#2183,.T.);
#2328=FACE_BOUND('',#2184,.T.);
#2329=FACE_BOUND('',#2185,.T.);
#2330=FACE_BOUND('',#2186,.T.);
#2331=FACE_BOUND('',#2187,.T.);
#2332=FACE_BOUND('',#2188,.T.);
#2333=FACE_BOUND('',#2189,.T.);
#2334=FACE_BOUND('',#2190,.T.);
#2335=FACE_BOUND('',#2191,.T.);
#2336=FACE_BOUND('',#2192,.T.);
#2337=FACE_BOUND('',#2193,.T.);
#2338=FACE_BOUND('',#2194,.T.);
#2339=FACE_BOUND('',#2195,.T.);
#2340=FACE_BOUND('',#2196,.T.);
#2341=FACE_BOUND('',#2197,.T.);
#2342=FACE_BOUND('',#2198,.T.);
#2343=FACE_BOUND('',#2199,.T.);
#2344=FACE_BOUND('',#2200,.T.);
#2345=FACE_BOUND('',#2201,.T.);
#2346=FACE_BOUND('',#2202,.T.);
#2347=FACE_BOUND('',#2203,.T.);
#2348=FACE_BOUND('',#2204,.T.);
#2349=FACE_BOUND('',#2205,.T.);
#2350=FACE_BOUND('',#2206,.T.);
#2351=FACE_BOUND('',#2207,.T.);
#2352=FACE_BOUND('',#2208,.T.);
#2353=FACE_BOUND('',#2209,.T.);
#2354=FACE_BOUND('',#2210,.T.);
#2355=FACE_BOUND('',#2211,.T.);
#2356=FACE_BOUND('',#2212,.T.);
#2357=FACE_BOUND('',#2213,.T.);
#2358=FACE_BOUND('',#2214,.T.);
#2359=FACE_BOUND('',#2215,.T.);
#2360=FACE_BOUND('',#2216,.T.);
#2361=FACE_BOUND('',#2217,.T.);
#2362=FACE_BOUND('',#2218,.T.);
#2363=FACE_BOUND('',#2219,.T.);
#2364=FACE_BOUND('',#2220,.T.);
#2365=FACE_BOUND('',#2221,.T.);
#2366=FACE_BOUND('',#2222,.T.);
#2367=FACE_BOUND('',#2223,.T.);
#2368=FACE_BOUND('',#2224,.T.);
#2369=FACE_BOUND('',#2225,.T.);
#2370=FACE_BOUND('',#2226,.T.);
#2371=FACE_BOUND('',#2227,.T.);
#2372=FACE_BOUND('',#2228,.T.);
#2373=FACE_BOUND('',#2229,.T.);
#2374=FACE_BOUND('',#2230,.T.);
#2375=FACE_BOUND('',#2231,.T.);
#2376=FACE_BOUND('',#2232,.T.);
#2377=FACE_BOUND('',#2233,.T.);
#2378=FACE_BOUND('',#2234,.T.);
#2379=FACE_BOUND('',#2235,.T.);
#2380=FACE_BOUND('',#2236,.T.);
#2381=FACE_BOUND('',#2237,.T.);
#2382=FACE_BOUND('',#2238,.T.);
#2383=FACE_BOUND('',#2239,.T.);
#2384=FACE_BOUND('',#2240,.T.);
#2385=FACE_BOUND('',#2241,.T.);
#2386=FACE_BOUND('',#2242,.T.);
#2387=FACE_BOUND('',#2243,.T.);
#2388=FACE_BOUND('',#2244,.T.);
#2389=FACE_BOUND('',#2245,.T.);
#2390=FACE_BOUND('',#2246,.T.);
#2391=FACE_BOUND('',#2247,.T.);
#2392=FACE_BOUND('',#2248,.T.);
#2393=FACE_BOUND('',#2249,.T.);
#2394=FACE_BOUND('',#2250,.T.);
#2395=FACE_BOUND('',#2251,.T.);
#2396=FACE_BOUND('',#2252,.T.);
#2397=FACE_BOUND('',#2253,.T.);
#2398=FACE_BOUND('',#2254,.T.);
#2399=FACE_BOUND('',#2255,.T.);
#2400=FACE_BOUND('',#2256,.T.);
#2401=FACE_BOUND('',#2257,.T.);
#2402=FACE_BOUND('',#2258,.T.);
#2403=FACE_BOUND('',#2259,.T.);
#2404=FACE_BOUND('',#2260,.T.);
#2405=FACE_BOUND('',#2261,.T.);
#2406=FACE_BOUND('',#2262,.T.);
#2407=FACE_BOUND('',#2263,.T.);
#2408=FACE_BOUND('',#2264,.T.);
#2409=FACE_BOUND('',#2265,.T.);
#2410=FACE_BOUND('',#2266,.T.);
#2411=FACE_BOUND('',#2267,.T.);
#2412=FACE_BOUND('',#2268,.T.);
#2413=FACE_BOUND('',#2269,.T.);
#2414=FACE_BOUND('',#2270,.T.);
#2415=FACE_BOUND('',#2271,.T.);
#2416=FACE_BOUND('',#2272,.T.);
#2417=FACE_BOUND('',#2273,.T.);
#2418=FACE_BOUND('',#2274,.T.);
#2419=FACE_BOUND('',#2275,.T.);
#2420=FACE_BOUND('',#2276,.T.);
#2421=FACE_BOUND('',#2277,.T.);
#2422=FACE_BOUND('',#2278,.T.);
#2423=FACE_BOUND('',#2279,.T.);
#2424=FACE_BOUND('',#2280,.T.);
#2425=FACE_BOUND('',#2281,.T.);
#2426=FACE_BOUND('',#2282,.T.);
#2427=FACE_BOUND('',#2283,.T.);
#2428=CYLINDRICAL_SURFACE('',#2675,0.0225);
#2429=CYLINDRICAL_SURFACE('',#2678,0.0225);
#2430=CYLINDRICAL_SURFACE('',#2681,0.0225);
#2431=CYLINDRICAL_SURFACE('',#2684,0.0225);
#2432=CYLINDRICAL_SURFACE('',#2687,0.0225);
#2433=CYLINDRICAL_SURFACE('',#2690,0.0225);
#2434=CYLINDRICAL_SURFACE('',#2693,0.0225);
#2435=CYLINDRICAL_SURFACE('',#2696,0.0225);
#2436=CYLINDRICAL_SURFACE('',#2699,0.0225);
#2437=CYLINDRICAL_SURFACE('',#2702,0.0225);
#2438=CYLINDRICAL_SURFACE('',#2705,0.0225);
#2439=CYLINDRICAL_SURFACE('',#2708,0.0225);
#2440=CYLINDRICAL_SURFACE('',#2711,0.0225);
#2441=CYLINDRICAL_SURFACE('',#2714,0.0225);
#2442=CYLINDRICAL_SURFACE('',#2717,0.0225);
#2443=CYLINDRICAL_SURFACE('',#2720,0.0225);
#2444=CYLINDRICAL_SURFACE('',#2723,0.0225);
#2445=CYLINDRICAL_SURFACE('',#2726,0.0225);
#2446=CYLINDRICAL_SURFACE('',#2729,0.0225);
#2447=CYLINDRICAL_SURFACE('',#2732,0.0225);
#2448=CYLINDRICAL_SURFACE('',#2735,0.0225);
#2449=CYLINDRICAL_SURFACE('',#2738,0.0225);
#2450=CYLINDRICAL_SURFACE('',#2813,0.0025);
#2451=CYLINDRICAL_SURFACE('',#2815,0.0225);
#2452=CYLINDRICAL_SURFACE('',#2887,0.01845);
#2453=CYLINDRICAL_SURFACE('',#2888,0.000693474521812407);
#2454=CYLINDRICAL_SURFACE('',#2889,0.000693474521812407);
#2455=CYLINDRICAL_SURFACE('',#2890,0.01845);
#2456=CYLINDRICAL_SURFACE('',#2891,0.000693474521812407);
#2457=CYLINDRICAL_SURFACE('',#2892,0.000693474521812407);
#2458=CYLINDRICAL_SURFACE('',#2893,0.01845);
#2459=CYLINDRICAL_SURFACE('',#2894,0.000693474521812407);
#2460=CYLINDRICAL_SURFACE('',#2895,0.000693474521812407);
#2461=CYLINDRICAL_SURFACE('',#2896,0.01845);
#2462=CYLINDRICAL_SURFACE('',#2897,0.000693474521812407);
#2463=CYLINDRICAL_SURFACE('',#2898,0.000693474521812407);
#2464=CYLINDRICAL_SURFACE('',#2899,0.01845);
#2465=CYLINDRICAL_SURFACE('',#2900,0.000693474521812407);
#2466=CYLINDRICAL_SURFACE('',#2901,0.000693474521812407);
#2467=CYLINDRICAL_SURFACE('',#2902,0.01845);
#2468=CYLINDRICAL_SURFACE('',#2903,0.000693474521812407);
#2469=CYLINDRICAL_SURFACE('',#2904,0.000693474521812407);
#2470=CYLINDRICAL_SURFACE('',#2905,0.01845);
#2471=CYLINDRICAL_SURFACE('',#2906,0.000693474521812407);
#2472=CYLINDRICAL_SURFACE('',#2907,0.000693474521812407);
#2473=CYLINDRICAL_SURFACE('',#2908,0.01845);
#2474=CYLINDRICAL_SURFACE('',#2909,0.000693474521812407);
#2475=CYLINDRICAL_SURFACE('',#2910,0.000693474521812407);
#2476=CYLINDRICAL_SURFACE('',#2911,0.01845);
#2477=CYLINDRICAL_SURFACE('',#2912,0.000693474521812407);
#2478=CYLINDRICAL_SURFACE('',#2913,0.000693474521812407);
#2479=CYLINDRICAL_SURFACE('',#2914,0.01845);
#2480=CYLINDRICAL_SURFACE('',#2915,0.000693474521812407);
#2481=CYLINDRICAL_SURFACE('',#2916,0.000693474521812407);
#2482=CYLINDRICAL_SURFACE('',#2917,0.01845);
#2483=CYLINDRICAL_SURFACE('',#2918,0.000693474521812407);
#2484=CYLINDRICAL_SURFACE('',#2919,0.000693474521812407);
#2485=CYLINDRICAL_SURFACE('',#2920,0.01845);
#2486=CYLINDRICAL_SURFACE('',#2921,0.000693474521812407);
#2487=CYLINDRICAL_SURFACE('',#2922,0.000693474521812407);
#2488=CYLINDRICAL_SURFACE('',#2923,0.01845);
#2489=CYLINDRICAL_SURFACE('',#2924,0.000693474521812407);
#2490=CYLINDRICAL_SURFACE('',#2925,0.000693474521812407);
#2491=CYLINDRICAL_SURFACE('',#2926,0.01845);
#2492=CYLINDRICAL_SURFACE('',#2927,0.000693474521812407);
#2493=CYLINDRICAL_SURFACE('',#2928,0.000693474521812407);
#2494=CYLINDRICAL_SURFACE('',#2929,0.01845);
#2495=CYLINDRICAL_SURFACE('',#2930,0.000693474521812407);
#2496=CYLINDRICAL_SURFACE('',#2931,0.000693474521812407);
#2497=CYLINDRICAL_SURFACE('',#2932,0.01845);
#2498=CYLINDRICAL_SURFACE('',#2933,0.000693474521812407);
#2499=CYLINDRICAL_SURFACE('',#2934,0.000693474521812407);
#2500=CYLINDRICAL_SURFACE('',#2935,0.01845);
#2501=CYLINDRICAL_SURFACE('',#2936,0.000693474521812407);
#2502=CYLINDRICAL_SURFACE('',#2937,0.000693474521812407);
#2503=CYLINDRICAL_SURFACE('',#2938,0.01845);
#2504=CYLINDRICAL_SURFACE('',#2939,0.000693474521812407);
#2505=CYLINDRICAL_SURFACE('',#2940,0.000693474521812407);
#2506=CYLINDRICAL_SURFACE('',#2941,0.01845);
#2507=CYLINDRICAL_SURFACE('',#2942,0.000693474521812407);
#2508=CYLINDRICAL_SURFACE('',#2943,0.000693474521812407);
#2509=CYLINDRICAL_SURFACE('',#2944,0.01845);
#2510=CYLINDRICAL_SURFACE('',#2945,0.000693474521812407);
#2511=CYLINDRICAL_SURFACE('',#2946,0.000693474521812407);
#2512=CYLINDRICAL_SURFACE('',#2947,0.01845);
#2513=CYLINDRICAL_SURFACE('',#2948,0.000693474521812407);
#2514=CYLINDRICAL_SURFACE('',#2949,0.000693474521812407);
#2515=CYLINDRICAL_SURFACE('',#2950,0.01845);
#2516=CYLINDRICAL_SURFACE('',#2951,0.000693474521812407);
#2517=CYLINDRICAL_SURFACE('',#2952,0.000693474521812407);
#2518=CYLINDRICAL_SURFACE('',#2953,0.01845);
#2519=CYLINDRICAL_SURFACE('',#2954,0.000693474521812407);
#2520=CYLINDRICAL_SURFACE('',#2955,0.000693474521812407);
#2521=ADVANCED_FACE('',(#2284),#2428,.T.);
#2522=ADVANCED_FACE('',(#2285),#2429,.T.);
#2523=ADVANCED_FACE('',(#2286),#2430,.T.);
#2524=ADVANCED_FACE('',(#2287),#2431,.T.);
#2525=ADVANCED_FACE('',(#2288),#2432,.T.);
#2526=ADVANCED_FACE('',(#2289),#2433,.T.);
#2527=ADVANCED_FACE('',(#2290),#2434,.T.);
#2528=ADVANCED_FACE('',(#2291),#2435,.T.);
#2529=ADVANCED_FACE('',(#2292),#2436,.T.);
#2530=ADVANCED_FACE('',(#2293),#2437,.T.);
#2531=ADVANCED_FACE('',(#2294),#2438,.T.);
#2532=ADVANCED_FACE('',(#2295),#2439,.T.);
#2533=ADVANCED_FACE('',(#2296),#2440,.T.);
#2534=ADVANCED_FACE('',(#2297),#2441,.T.);
#2535=ADVANCED_FACE('',(#2298),#2442,.T.);
#2536=ADVANCED_FACE('',(#2299),#2443,.T.);
#2537=ADVANCED_FACE('',(#2300),#2444,.T.);
#2538=ADVANCED_FACE('',(#2301),#2445,.T.);
#2539=ADVANCED_FACE('',(#2302),#2446,.T.);
#2540=ADVANCED_FACE('',(#2303),#2447,.T.);
#2541=ADVANCED_FACE('',(#2304),#2448,.T.);
#2542=ADVANCED_FACE('',(#2305),#2449,.T.);
#2543=ADVANCED_FACE('',(#2306,#2307),#150,.T.);
#2544=ADVANCED_FACE('',(#2308,#2309),#2450,.F.);
#2545=ADVANCED_FACE('',(#2310),#2451,.T.);
#2546=ADVANCED_FACE('',(#2311,#2312),#151,.F.);
#2547=ADVANCED_FACE('',(#2313),#12,.F.);
#2548=ADVANCED_FACE('',(#2314),#2452,.T.);
#2549=ADVANCED_FACE('',(#2315),#13,.T.);
#2550=ADVANCED_FACE('',(#2316),#2453,.F.);
#2551=ADVANCED_FACE('',(#2317),#2454,.F.);
#2552=ADVANCED_FACE('',(#2318),#14,.F.);
#2553=ADVANCED_FACE('',(#2319),#2455,.T.);
#2554=ADVANCED_FACE('',(#2320),#15,.T.);
#2555=ADVANCED_FACE('',(#2321),#2456,.F.);
#2556=ADVANCED_FACE('',(#2322),#2457,.F.);
#2557=ADVANCED_FACE('',(#2323),#16,.F.);
#2558=ADVANCED_FACE('',(#2324),#2458,.T.);
#2559=ADVANCED_FACE('',(#2325),#17,.T.);
#2560=ADVANCED_FACE('',(#2326),#2459,.F.);
#2561=ADVANCED_FACE('',(#2327),#2460,.F.);
#2562=ADVANCED_FACE('',(#2328),#18,.F.);
#2563=ADVANCED_FACE('',(#2329),#2461,.T.);
#2564=ADVANCED_FACE('',(#2330),#19,.T.);
#2565=ADVANCED_FACE('',(#2331),#2462,.F.);
#2566=ADVANCED_FACE('',(#2332),#2463,.F.);
#2567=ADVANCED_FACE('',(#2333),#20,.F.);
#2568=ADVANCED_FACE('',(#2334),#2464,.T.);
#2569=ADVANCED_FACE('',(#2335),#21,.T.);
#2570=ADVANCED_FACE('',(#2336),#2465,.F.);
#2571=ADVANCED_FACE('',(#2337),#2466,.F.);
#2572=ADVANCED_FACE('',(#2338),#22,.F.);
#2573=ADVANCED_FACE('',(#2339),#2467,.T.);
#2574=ADVANCED_FACE('',(#2340),#23,.T.);
#2575=ADVANCED_FACE('',(#2341),#2468,.F.);
#2576=ADVANCED_FACE('',(#2342),#2469,.F.);
#2577=ADVANCED_FACE('',(#2343),#24,.F.);
#2578=ADVANCED_FACE('',(#2344),#2470,.T.);
#2579=ADVANCED_FACE('',(#2345),#25,.T.);
#2580=ADVANCED_FACE('',(#2346),#2471,.F.);
#2581=ADVANCED_FACE('',(#2347),#2472,.F.);
#2582=ADVANCED_FACE('',(#2348),#26,.F.);
#2583=ADVANCED_FACE('',(#2349),#2473,.T.);
#2584=ADVANCED_FACE('',(#2350),#27,.T.);
#2585=ADVANCED_FACE('',(#2351),#2474,.F.);
#2586=ADVANCED_FACE('',(#2352),#2475,.F.);
#2587=ADVANCED_FACE('',(#2353),#28,.F.);
#2588=ADVANCED_FACE('',(#2354),#2476,.T.);
#2589=ADVANCED_FACE('',(#2355),#29,.T.);
#2590=ADVANCED_FACE('',(#2356),#2477,.F.);
#2591=ADVANCED_FACE('',(#2357),#2478,.F.);
#2592=ADVANCED_FACE('',(#2358),#30,.F.);
#2593=ADVANCED_FACE('',(#2359),#2479,.T.);
#2594=ADVANCED_FACE('',(#2360),#31,.T.);
#2595=ADVANCED_FACE('',(#2361),#2480,.F.);
#2596=ADVANCED_FACE('',(#2362),#2481,.F.);
#2597=ADVANCED_FACE('',(#2363),#32,.F.);
#2598=ADVANCED_FACE('',(#2364),#2482,.T.);
#2599=ADVANCED_FACE('',(#2365),#33,.T.);
#2600=ADVANCED_FACE('',(#2366),#2483,.F.);
#2601=ADVANCED_FACE('',(#2367),#2484,.F.);
#2602=ADVANCED_FACE('',(#2368),#34,.F.);
#2603=ADVANCED_FACE('',(#2369),#2485,.T.);
#2604=ADVANCED_FACE('',(#2370),#35,.T.);
#2605=ADVANCED_FACE('',(#2371),#2486,.F.);
#2606=ADVANCED_FACE('',(#2372),#2487,.F.);
#2607=ADVANCED_FACE('',(#2373),#36,.F.);
#2608=ADVANCED_FACE('',(#2374),#2488,.T.);
#2609=ADVANCED_FACE('',(#2375),#37,.T.);
#2610=ADVANCED_FACE('',(#2376),#2489,.F.);
#2611=ADVANCED_FACE('',(#2377),#2490,.F.);
#2612=ADVANCED_FACE('',(#2378),#38,.F.);
#2613=ADVANCED_FACE('',(#2379),#2491,.T.);
#2614=ADVANCED_FACE('',(#2380),#39,.T.);
#2615=ADVANCED_FACE('',(#2381),#2492,.F.);
#2616=ADVANCED_FACE('',(#2382),#2493,.F.);
#2617=ADVANCED_FACE('',(#2383),#40,.F.);
#2618=ADVANCED_FACE('',(#2384),#2494,.T.);
#2619=ADVANCED_FACE('',(#2385),#41,.T.);
#2620=ADVANCED_FACE('',(#2386),#2495,.F.);
#2621=ADVANCED_FACE('',(#2387),#2496,.F.);
#2622=ADVANCED_FACE('',(#2388),#42,.F.);
#2623=ADVANCED_FACE('',(#2389),#2497,.T.);
#2624=ADVANCED_FACE('',(#2390),#43,.T.);
#2625=ADVANCED_FACE('',(#2391),#2498,.F.);
#2626=ADVANCED_FACE('',(#2392),#2499,.F.);
#2627=ADVANCED_FACE('',(#2393),#44,.F.);
#2628=ADVANCED_FACE('',(#2394),#2500,.T.);
#2629=ADVANCED_FACE('',(#2395),#45,.T.);
#2630=ADVANCED_FACE('',(#2396),#2501,.F.);
#2631=ADVANCED_FACE('',(#2397),#2502,.F.);
#2632=ADVANCED_FACE('',(#2398),#46,.F.);
#2633=ADVANCED_FACE('',(#2399),#2503,.T.);
#2634=ADVANCED_FACE('',(#2400),#47,.T.);
#2635=ADVANCED_FACE('',(#2401),#2504,.F.);
#2636=ADVANCED_FACE('',(#2402),#2505,.F.);
#2637=ADVANCED_FACE('',(#2403),#48,.F.);
#2638=ADVANCED_FACE('',(#2404),#2506,.T.);
#2639=ADVANCED_FACE('',(#2405),#49,.T.);
#2640=ADVANCED_FACE('',(#2406),#2507,.F.);
#2641=ADVANCED_FACE('',(#2407),#2508,.F.);
#2642=ADVANCED_FACE('',(#2408),#50,.F.);
#2643=ADVANCED_FACE('',(#2409),#2509,.T.);
#2644=ADVANCED_FACE('',(#2410),#51,.T.);
#2645=ADVANCED_FACE('',(#2411),#2510,.F.);
#2646=ADVANCED_FACE('',(#2412),#2511,.F.);
#2647=ADVANCED_FACE('',(#2413),#52,.F.);
#2648=ADVANCED_FACE('',(#2414),#2512,.T.);
#2649=ADVANCED_FACE('',(#2415),#53,.T.);
#2650=ADVANCED_FACE('',(#2416),#2513,.F.);
#2651=ADVANCED_FACE('',(#2417),#2514,.F.);
#2652=ADVANCED_FACE('',(#2418),#54,.F.);
#2653=ADVANCED_FACE('',(#2419),#2515,.T.);
#2654=ADVANCED_FACE('',(#2420),#55,.T.);
#2655=ADVANCED_FACE('',(#2421),#2516,.F.);
#2656=ADVANCED_FACE('',(#2422),#2517,.F.);
#2657=ADVANCED_FACE('',(#2423),#56,.F.);
#2658=ADVANCED_FACE('',(#2424),#2518,.T.);
#2659=ADVANCED_FACE('',(#2425),#57,.T.);
#2660=ADVANCED_FACE('',(#2426),#2519,.F.);
#2661=ADVANCED_FACE('',(#2427),#2520,.F.);
#2662=CLOSED_SHELL('',(#2521,#2522,#2523,#2524,#2525,#2526,#2527,#2528,
#2529,#2530,#2531,#2532,#2533,#2534,#2535,#2536,#2537,#2538,#2539,#2540,
#2541,#2542,#2543,#2544,#2545,#2546,#2547,#2548,#2549,#2550,#2551,#2552,
#2553,#2554,#2555,#2556,#2557,#2558,#2559,#2560,#2561,#2562,#2563,#2564,
#2565,#2566,#2567,#2568,#2569,#2570,#2571,#2572,#2573,#2574,#2575,#2576,
#2577,#2578,#2579,#2580,#2581,#2582,#2583,#2584,#2585,#2586,#2587,#2588,
#2589,#2590,#2591,#2592,#2593,#2594,#2595,#2596,#2597,#2598,#2599,#2600,
#2601,#2602,#2603,#2604,#2605,#2606,#2607,#2608,#2609,#2610,#2611,#2612,
#2613,#2614,#2615,#2616,#2617,#2618,#2619,#2620,#2621,#2622,#2623,#2624,
#2625,#2626,#2627,#2628,#2629,#2630,#2631,#2632,#2633,#2634,#2635,#2636,
#2637,#2638,#2639,#2640,#2641,#2642,#2643,#2644,#2645,#2646,#2647,#2648,
#2649,#2650,#2651,#2652,#2653,#2654,#2655,#2656,#2657,#2658,#2659,#2660,
#2661));
#2663=STYLED_ITEM('',(#2664),#2671);
#2664=PRESENTATION_STYLE_ASSIGNMENT((#2665));
#2665=SURFACE_STYLE_USAGE(.BOTH.,#2666);
#2666=SURFACE_SIDE_STYLE('',(#2667));
#2667=SURFACE_STYLE_FILL_AREA(#2668);
#2668=FILL_AREA_STYLE('',(#2669));
#2669=FILL_AREA_STYLE_COLOUR('',#2670);
#2670=COLOUR_RGB('',0.615686274509804,0.811764705882353,0.929411764705882);
#2671=MANIFOLD_SOLID_BREP('sprockets',#2662);
#2672=SHAPE_DEFINITION_REPRESENTATION(#6754,#2673);
#2673=SHAPE_REPRESENTATION('sprockets',(#2674),#6749);
#2674=AXIS2_PLACEMENT_3D('',#3658,#2956,#2957);
#2675=AXIS2_PLACEMENT_3D('',#3659,#2958,#2959);
#2676=AXIS2_PLACEMENT_3D('',#3663,#2961,#2962);
#2677=AXIS2_PLACEMENT_3D('',#3667,#2964,#2965);
#2678=AXIS2_PLACEMENT_3D('',#3668,#2966,#2967);
#2679=AXIS2_PLACEMENT_3D('',#3672,#2969,#2970);
#2680=AXIS2_PLACEMENT_3D('',#3676,#2972,#2973);
#2681=AXIS2_PLACEMENT_3D('',#3677,#2974,#2975);
#2682=AXIS2_PLACEMENT_3D('',#3678,#2976,#2977);
#2683=AXIS2_PLACEMENT_3D('',#3683,#2979,#2980);
#2684=AXIS2_PLACEMENT_3D('',#3686,#2982,#2983);
#2685=AXIS2_PLACEMENT_3D('',#3687,#2984,#2985);
#2686=AXIS2_PLACEMENT_3D('',#3692,#2987,#2988);
#2687=AXIS2_PLACEMENT_3D('',#3695,#2990,#2991);
#2688=AXIS2_PLACEMENT_3D('',#3699,#2993,#2994);
#2689=AXIS2_PLACEMENT_3D('',#3703,#2996,#2997);
#2690=AXIS2_PLACEMENT_3D('',#3704,#2998,#2999);
#2691=AXIS2_PLACEMENT_3D('',#3708,#3001,#3002);
#2692=AXIS2_PLACEMENT_3D('',#3712,#3004,#3005);
#2693=AXIS2_PLACEMENT_3D('',#3713,#3006,#3007);
#2694=AXIS2_PLACEMENT_3D('',#3717,#3009,#3010);
#2695=AXIS2_PLACEMENT_3D('',#3721,#3012,#3013);
#2696=AXIS2_PLACEMENT_3D('',#3722,#3014,#3015);
#2697=AXIS2_PLACEMENT_3D('',#3723,#3016,#3017);
#2698=AXIS2_PLACEMENT_3D('',#3728,#3019,#3020);
#2699=AXIS2_PLACEMENT_3D('',#3731,#3022,#3023);
#2700=AXIS2_PLACEMENT_3D('',#3735,#3025,#3026);
#2701=AXIS2_PLACEMENT_3D('',#3739,#3028,#3029);
#2702=AXIS2_PLACEMENT_3D('',#3740,#3030,#3031);
#2703=AXIS2_PLACEMENT_3D('',#3744,#3033,#3034);
#2704=AXIS2_PLACEMENT_3D('',#3748,#3036,#3037);
#2705=AXIS2_PLACEMENT_3D('',#3749,#3038,#3039);
#2706=AXIS2_PLACEMENT_3D('',#3753,#3041,#3042);
#2707=AXIS2_PLACEMENT_3D('',#3757,#3044,#3045);
#2708=AXIS2_PLACEMENT_3D('',#3758,#3046,#3047);
#2709=AXIS2_PLACEMENT_3D('',#3762,#3049,#3050);
#2710=AXIS2_PLACEMENT_3D('',#3766,#3052,#3053);
#2711=AXIS2_PLACEMENT_3D('',#3767,#3054,#3055);
#2712=AXIS2_PLACEMENT_3D('',#3771,#3057,#3058);
#2713=AXIS2_PLACEMENT_3D('',#3775,#3060,#3061);
#2714=AXIS2_PLACEMENT_3D('',#3776,#3062,#3063);
#2715=AXIS2_PLACEMENT_3D('',#3777,#3064,#3065);
#2716=AXIS2_PLACEMENT_3D('',#3782,#3067,#3068);
#2717=AXIS2_PLACEMENT_3D('',#3785,#3070,#3071);
#2718=AXIS2_PLACEMENT_3D('',#3789,#3073,#3074);
#2719=AXIS2_PLACEMENT_3D('',#3793,#3076,#3077);
#2720=AXIS2_PLACEMENT_3D('',#3794,#3078,#3079);
#2721=AXIS2_PLACEMENT_3D('',#3795,#3080,#3081);
#2722=AXIS2_PLACEMENT_3D('',#3800,#3083,#3084);
#2723=AXIS2_PLACEMENT_3D('',#3803,#3086,#3087);
#2724=AXIS2_PLACEMENT_3D('',#3807,#3089,#3090);
#2725=AXIS2_PLACEMENT_3D('',#3811,#3092,#3093);
#2726=AXIS2_PLACEMENT_3D('',#3812,#3094,#3095);
#2727=AXIS2_PLACEMENT_3D('',#3816,#3097,#3098);
#2728=AXIS2_PLACEMENT_3D('',#3820,#3100,#3101);
#2729=AXIS2_PLACEMENT_3D('',#3821,#3102,#3103);
#2730=AXIS2_PLACEMENT_3D('',#3825,#3105,#3106);
#2731=AXIS2_PLACEMENT_3D('',#3829,#3108,#3109);
#2732=AXIS2_PLACEMENT_3D('',#3830,#3110,#3111);
#2733=AXIS2_PLACEMENT_3D('',#3831,#3112,#3113);
#2734=AXIS2_PLACEMENT_3D('',#3836,#3115,#3116);
#2735=AXIS2_PLACEMENT_3D('',#3839,#3118,#3119);
#2736=AXIS2_PLACEMENT_3D('',#3843,#3121,#3122);
#2737=AXIS2_PLACEMENT_3D('',#3847,#3124,#3125);
#2738=AXIS2_PLACEMENT_3D('',#3848,#3126,#3127);
#2739=AXIS2_PLACEMENT_3D('',#3849,#3128,#3129);
#2740=AXIS2_PLACEMENT_3D('',#3854,#3131,#3132);
#2741=AXIS2_PLACEMENT_3D('',#3857,#3134,#3135);
#2742=AXIS2_PLACEMENT_3D('',#3858,#3136,#3137);
#2743=AXIS2_PLACEMENT_3D('',#3860,#3138,#3139);
#2744=AXIS2_PLACEMENT_3D('',#3894,#3140,#3141);
#2745=AXIS2_PLACEMENT_3D('',#3896,#3142,#3143);
#2746=AXIS2_PLACEMENT_3D('',#3898,#3144,#3145);
#2747=AXIS2_PLACEMENT_3D('',#3931,#3146,#3147);
#2748=AXIS2_PLACEMENT_3D('',#3933,#3148,#3149);
#2749=AXIS2_PLACEMENT_3D('',#3935,#3150,#3151);
#2750=AXIS2_PLACEMENT_3D('',#3968,#3152,#3153);
#2751=AXIS2_PLACEMENT_3D('',#3970,#3154,#3155);
#2752=AXIS2_PLACEMENT_3D('',#3972,#3156,#3157);
#2753=AXIS2_PLACEMENT_3D('',#4005,#3158,#3159);
#2754=AXIS2_PLACEMENT_3D('',#4007,#3160,#3161);
#2755=AXIS2_PLACEMENT_3D('',#4009,#3162,#3163);
#2756=AXIS2_PLACEMENT_3D('',#4042,#3164,#3165);
#2757=AXIS2_PLACEMENT_3D('',#4044,#3166,#3167);
#2758=AXIS2_PLACEMENT_3D('',#4046,#3168,#3169);
#2759=AXIS2_PLACEMENT_3D('',#4079,#3170,#3171);
#2760=AXIS2_PLACEMENT_3D('',#4081,#3172,#3173);
#2761=AXIS2_PLACEMENT_3D('',#4083,#3174,#3175);
#2762=AXIS2_PLACEMENT_3D('',#4116,#3176,#3177);
#2763=AXIS2_PLACEMENT_3D('',#4118,#3178,#3179);
#2764=AXIS2_PLACEMENT_3D('',#4120,#3180,#3181);
#2765=AXIS2_PLACEMENT_3D('',#4153,#3182,#3183);
#2766=AXIS2_PLACEMENT_3D('',#4155,#3184,#3185);
#2767=AXIS2_PLACEMENT_3D('',#4157,#3186,#3187);
#2768=AXIS2_PLACEMENT_3D('',#4175,#3188,#3189);
#2769=AXIS2_PLACEMENT_3D('',#4193,#3190,#3191);
#2770=AXIS2_PLACEMENT_3D('',#4195,#3192,#3193);
#2771=AXIS2_PLACEMENT_3D('',#4197,#3194,#3195);
#2772=AXIS2_PLACEMENT_3D('',#4230,#3196,#3197);
#2773=AXIS2_PLACEMENT_3D('',#4232,#3198,#3199);
#2774=AXIS2_PLACEMENT_3D('',#4234,#3200,#3201);
#2775=AXIS2_PLACEMENT_3D('',#4267,#3202,#3203);
#2776=AXIS2_PLACEMENT_3D('',#4269,#3204,#3205);
#2777=AXIS2_PLACEMENT_3D('',#4271,#3206,#3207);
#2778=AXIS2_PLACEMENT_3D('',#4304,#3208,#3209);
#2779=AXIS2_PLACEMENT_3D('',#4306,#3210,#3211);
#2780=AXIS2_PLACEMENT_3D('',#4308,#3212,#3213);
#2781=AXIS2_PLACEMENT_3D('',#4341,#3214,#3215);
#2782=AXIS2_PLACEMENT_3D('',#4343,#3216,#3217);
#2783=AXIS2_PLACEMENT_3D('',#4345,#3218,#3219);
#2784=AXIS2_PLACEMENT_3D('',#4378,#3220,#3221);
#2785=AXIS2_PLACEMENT_3D('',#4380,#3222,#3223);
#2786=AXIS2_PLACEMENT_3D('',#4382,#3224,#3225);
#2787=AXIS2_PLACEMENT_3D('',#4415,#3226,#3227);
#2788=AXIS2_PLACEMENT_3D('',#4417,#3228,#3229);
#2789=AXIS2_PLACEMENT_3D('',#4419,#3230,#3231);
#2790=AXIS2_PLACEMENT_3D('',#4452,#3232,#3233);
#2791=AXIS2_PLACEMENT_3D('',#4454,#3234,#3235);
#2792=AXIS2_PLACEMENT_3D('',#4456,#3236,#3237);
#2793=AXIS2_PLACEMENT_3D('',#4489,#3238,#3239);
#2794=AXIS2_PLACEMENT_3D('',#4491,#3240,#3241);
#2795=AXIS2_PLACEMENT_3D('',#4493,#3242,#3243);
#2796=AXIS2_PLACEMENT_3D('',#4526,#3244,#3245);
#2797=AXIS2_PLACEMENT_3D('',#4528,#3246,#3247);
#2798=AXIS2_PLACEMENT_3D('',#4530,#3248,#3249);
#2799=AXIS2_PLACEMENT_3D('',#4563,#3250,#3251);
#2800=AXIS2_PLACEMENT_3D('',#4565,#3252,#3253);
#2801=AXIS2_PLACEMENT_3D('',#4567,#3254,#3255);
#2802=AXIS2_PLACEMENT_3D('',#4600,#3256,#3257);
#2803=AXIS2_PLACEMENT_3D('',#4602,#3258,#3259);
#2804=AXIS2_PLACEMENT_3D('',#4604,#3260,#3261);
#2805=AXIS2_PLACEMENT_3D('',#4637,#3262,#3263);
#2806=AXIS2_PLACEMENT_3D('',#4639,#3264,#3265);
#2807=AXIS2_PLACEMENT_3D('',#4641,#3266,#3267);
#2808=AXIS2_PLACEMENT_3D('',#4674,#3268,#3269);
#2809=AXIS2_PLACEMENT_3D('',#4676,#3270,#3271);
#2810=AXIS2_PLACEMENT_3D('',#4678,#3272,#3273);
#2811=AXIS2_PLACEMENT_3D('',#4711,#3274,#3275);
#2812=AXIS2_PLACEMENT_3D('',#4713,#3276,#3277);
#2813=AXIS2_PLACEMENT_3D('',#4714,#3278,#3279);
#2814=AXIS2_PLACEMENT_3D('',#4715,#3280,#3281);
#2815=AXIS2_PLACEMENT_3D('',#4717,#3282,#3283);
#2816=AXIS2_PLACEMENT_3D('',#4720,#3285,#3286);
#2817=AXIS2_PLACEMENT_3D('',#4723,#3288,#3289);
#2818=AXIS2_PLACEMENT_3D('',#4724,#3290,#3291);
#2819=AXIS2_PLACEMENT_3D('',#4758,#3292,#3293);
#2820=AXIS2_PLACEMENT_3D('',#4760,#3294,#3295);
#2821=AXIS2_PLACEMENT_3D('',#4762,#3296,#3297);
#2822=AXIS2_PLACEMENT_3D('',#4795,#3298,#3299);
#2823=AXIS2_PLACEMENT_3D('',#4797,#3300,#3301);
#2824=AXIS2_PLACEMENT_3D('',#4799,#3302,#3303);
#2825=AXIS2_PLACEMENT_3D('',#4832,#3304,#3305);
#2826=AXIS2_PLACEMENT_3D('',#4834,#3306,#3307);
#2827=AXIS2_PLACEMENT_3D('',#4836,#3308,#3309);
#2828=AXIS2_PLACEMENT_3D('',#4869,#3310,#3311);
#2829=AXIS2_PLACEMENT_3D('',#4871,#3312,#3313);
#2830=AXIS2_PLACEMENT_3D('',#4873,#3314,#3315);
#2831=AXIS2_PLACEMENT_3D('',#4906,#3316,#3317);
#2832=AXIS2_PLACEMENT_3D('',#4908,#3318,#3319);
#2833=AXIS2_PLACEMENT_3D('',#4910,#3320,#3321);
#2834=AXIS2_PLACEMENT_3D('',#4943,#3322,#3323);
#2835=AXIS2_PLACEMENT_3D('',#4945,#3324,#3325);
#2836=AXIS2_PLACEMENT_3D('',#4947,#3326,#3327);
#2837=AXIS2_PLACEMENT_3D('',#4980,#3328,#3329);
#2838=AXIS2_PLACEMENT_3D('',#4982,#3330,#3331);
#2839=AXIS2_PLACEMENT_3D('',#4984,#3332,#3333);
#2840=AXIS2_PLACEMENT_3D('',#5017,#3334,#3335);
#2841=AXIS2_PLACEMENT_3D('',#5019,#3336,#3337);
#2842=AXIS2_PLACEMENT_3D('',#5021,#3338,#3339);
#2843=AXIS2_PLACEMENT_3D('',#5054,#3340,#3341);
#2844=AXIS2_PLACEMENT_3D('',#5056,#3342,#3343);
#2845=AXIS2_PLACEMENT_3D('',#5058,#3344,#3345);
#2846=AXIS2_PLACEMENT_3D('',#5091,#3346,#3347);
#2847=AXIS2_PLACEMENT_3D('',#5093,#3348,#3349);
#2848=AXIS2_PLACEMENT_3D('',#5095,#3350,#3351);
#2849=AXIS2_PLACEMENT_3D('',#5128,#3352,#3353);
#2850=AXIS2_PLACEMENT_3D('',#5130,#3354,#3355);
#2851=AXIS2_PLACEMENT_3D('',#5132,#3356,#3357);
#2852=AXIS2_PLACEMENT_3D('',#5165,#3358,#3359);
#2853=AXIS2_PLACEMENT_3D('',#5167,#3360,#3361);
#2854=AXIS2_PLACEMENT_3D('',#5169,#3362,#3363);
#2855=AXIS2_PLACEMENT_3D('',#5202,#3364,#3365);
#2856=AXIS2_PLACEMENT_3D('',#5204,#3366,#3367);
#2857=AXIS2_PLACEMENT_3D('',#5206,#3368,#3369);
#2858=AXIS2_PLACEMENT_3D('',#5239,#3370,#3371);
#2859=AXIS2_PLACEMENT_3D('',#5241,#3372,#3373);
#2860=AXIS2_PLACEMENT_3D('',#5243,#3374,#3375);
#2861=AXIS2_PLACEMENT_3D('',#5276,#3376,#3377);
#2862=AXIS2_PLACEMENT_3D('',#5278,#3378,#3379);
#2863=AXIS2_PLACEMENT_3D('',#5280,#3380,#3381);
#2864=AXIS2_PLACEMENT_3D('',#5313,#3382,#3383);
#2865=AXIS2_PLACEMENT_3D('',#5315,#3384,#3385);
#2866=AXIS2_PLACEMENT_3D('',#5317,#3386,#3387);
#2867=AXIS2_PLACEMENT_3D('',#5350,#3388,#3389);
#2868=AXIS2_PLACEMENT_3D('',#5352,#3390,#3391);
#2869=AXIS2_PLACEMENT_3D('',#5354,#3392,#3393);
#2870=AXIS2_PLACEMENT_3D('',#5387,#3394,#3395);
#2871=AXIS2_PLACEMENT_3D('',#5389,#3396,#3397);
#2872=AXIS2_PLACEMENT_3D('',#5391,#3398,#3399);
#2873=AXIS2_PLACEMENT_3D('',#5424,#3400,#3401);
#2874=AXIS2_PLACEMENT_3D('',#5426,#3402,#3403);
#2875=AXIS2_PLACEMENT_3D('',#5428,#3404,#3405);
#2876=AXIS2_PLACEMENT_3D('',#5461,#3406,#3407);
#2877=AXIS2_PLACEMENT_3D('',#5463,#3408,#3409);
#2878=AXIS2_PLACEMENT_3D('',#5465,#3410,#3411);
#2879=AXIS2_PLACEMENT_3D('',#5498,#3412,#3413);
#2880=AXIS2_PLACEMENT_3D('',#5500,#3414,#3415);
#2881=AXIS2_PLACEMENT_3D('',#5502,#3416,#3417);
#2882=AXIS2_PLACEMENT_3D('',#5535,#3418,#3419);
#2883=AXIS2_PLACEMENT_3D('',#5537,#3420,#3421);
#2884=AXIS2_PLACEMENT_3D('',#5539,#3422,#3423);
#2885=AXIS2_PLACEMENT_3D('',#5572,#3424,#3425);
#2886=AXIS2_PLACEMENT_3D('',#5574,#3426,#3427);
#2887=AXIS2_PLACEMENT_3D('',#5598,#3429,#3430);
#2888=AXIS2_PLACEMENT_3D('',#5624,#3434,#3435);
#2889=AXIS2_PLACEMENT_3D('',#5625,#3436,#3437);
#2890=AXIS2_PLACEMENT_3D('',#5649,#3439,#3440);
#2891=AXIS2_PLACEMENT_3D('',#5675,#3444,#3445);
#2892=AXIS2_PLACEMENT_3D('',#5676,#3446,#3447);
#2893=AXIS2_PLACEMENT_3D('',#5700,#3449,#3450);
#2894=AXIS2_PLACEMENT_3D('',#5726,#3454,#3455);
#2895=AXIS2_PLACEMENT_3D('',#5727,#3456,#3457);
#2896=AXIS2_PLACEMENT_3D('',#5751,#3459,#3460);
#2897=AXIS2_PLACEMENT_3D('',#5777,#3464,#3465);
#2898=AXIS2_PLACEMENT_3D('',#5778,#3466,#3467);
#2899=AXIS2_PLACEMENT_3D('',#5802,#3469,#3470);
#2900=AXIS2_PLACEMENT_3D('',#5828,#3474,#3475);
#2901=AXIS2_PLACEMENT_3D('',#5829,#3476,#3477);
#2902=AXIS2_PLACEMENT_3D('',#5853,#3479,#3480);
#2903=AXIS2_PLACEMENT_3D('',#5879,#3484,#3485);
#2904=AXIS2_PLACEMENT_3D('',#5880,#3486,#3487);
#2905=AXIS2_PLACEMENT_3D('',#5904,#3489,#3490);
#2906=AXIS2_PLACEMENT_3D('',#5930,#3494,#3495);
#2907=AXIS2_PLACEMENT_3D('',#5931,#3496,#3497);
#2908=AXIS2_PLACEMENT_3D('',#5955,#3499,#3500);
#2909=AXIS2_PLACEMENT_3D('',#5981,#3504,#3505);
#2910=AXIS2_PLACEMENT_3D('',#5982,#3506,#3507);
#2911=AXIS2_PLACEMENT_3D('',#6006,#3509,#3510);
#2912=AXIS2_PLACEMENT_3D('',#6032,#3514,#3515);
#2913=AXIS2_PLACEMENT_3D('',#6033,#3516,#3517);
#2914=AXIS2_PLACEMENT_3D('',#6057,#3519,#3520);
#2915=AXIS2_PLACEMENT_3D('',#6083,#3524,#3525);
#2916=AXIS2_PLACEMENT_3D('',#6084,#3526,#3527);
#2917=AXIS2_PLACEMENT_3D('',#6108,#3529,#3530);
#2918=AXIS2_PLACEMENT_3D('',#6134,#3534,#3535);
#2919=AXIS2_PLACEMENT_3D('',#6135,#3536,#3537);
#2920=AXIS2_PLACEMENT_3D('',#6159,#3539,#3540);
#2921=AXIS2_PLACEMENT_3D('',#6185,#3544,#3545);
#2922=AXIS2_PLACEMENT_3D('',#6186,#3546,#3547);
#2923=AXIS2_PLACEMENT_3D('',#6210,#3549,#3550);
#2924=AXIS2_PLACEMENT_3D('',#6236,#3554,#3555);
#2925=AXIS2_PLACEMENT_3D('',#6237,#3556,#3557);
#2926=AXIS2_PLACEMENT_3D('',#6261,#3559,#3560);
#2927=AXIS2_PLACEMENT_3D('',#6287,#3564,#3565);
#2928=AXIS2_PLACEMENT_3D('',#6288,#3566,#3567);
#2929=AXIS2_PLACEMENT_3D('',#6312,#3569,#3570);
#2930=AXIS2_PLACEMENT_3D('',#6338,#3574,#3575);
#2931=AXIS2_PLACEMENT_3D('',#6339,#3576,#3577);
#2932=AXIS2_PLACEMENT_3D('',#6363,#3579,#3580);
#2933=AXIS2_PLACEMENT_3D('',#6389,#3584,#3585);
#2934=AXIS2_PLACEMENT_3D('',#6390,#3586,#3587);
#2935=AXIS2_PLACEMENT_3D('',#6414,#3589,#3590);
#2936=AXIS2_PLACEMENT_3D('',#6440,#3594,#3595);
#2937=AXIS2_PLACEMENT_3D('',#6441,#3596,#3597);
#2938=AXIS2_PLACEMENT_3D('',#6465,#3599,#3600);
#2939=AXIS2_PLACEMENT_3D('',#6491,#3604,#3605);
#2940=AXIS2_PLACEMENT_3D('',#6492,#3606,#3607);
#2941=AXIS2_PLACEMENT_3D('',#6516,#3609,#3610);
#2942=AXIS2_PLACEMENT_3D('',#6542,#3614,#3615);
#2943=AXIS2_PLACEMENT_3D('',#6543,#3616,#3617);
#2944=AXIS2_PLACEMENT_3D('',#6567,#3619,#3620);
#2945=AXIS2_PLACEMENT_3D('',#6593,#3624,#3625);
#2946=AXIS2_PLACEMENT_3D('',#6594,#3626,#3627);
#2947=AXIS2_PLACEMENT_3D('',#6618,#3629,#3630);
#2948=AXIS2_PLACEMENT_3D('',#6644,#3634,#3635);
#2949=AXIS2_PLACEMENT_3D('',#6645,#3636,#3637);
#2950=AXIS2_PLACEMENT_3D('',#6669,#3639,#3640);
#2951=AXIS2_PLACEMENT_3D('',#6695,#3644,#3645);
#2952=AXIS2_PLACEMENT_3D('',#6696,#3646,#3647);
#2953=AXIS2_PLACEMENT_3D('',#6720,#3649,#3650);
#2954=AXIS2_PLACEMENT_3D('',#6746,#3654,#3655);
#2955=AXIS2_PLACEMENT_3D('',#6747,#3656,#3657);
#2956=DIRECTION('',(0.,0.,1.));
#2957=DIRECTION('',(1.,0.,0.));
#2958=DIRECTION('',(0.,1.,0.));
#2959=DIRECTION('',(0.,0.,1.));
#2960=DIRECTION('',(0.,1.,0.));
#2961=DIRECTION('',(0.,-1.,0.));
#2962=DIRECTION('',(1.,0.,0.));
#2963=DIRECTION('',(0.,1.,0.));
#2964=DIRECTION('',(0.,-1.,0.));
#2965=DIRECTION('',(1.,0.,0.));
#2966=DIRECTION('',(0.,1.,0.));
#2967=DIRECTION('',(0.,0.,1.));
#2968=DIRECTION('',(0.,1.,0.));
#2969=DIRECTION('',(0.,-1.,0.));
#2970=DIRECTION('',(1.,0.,0.));
#2971=DIRECTION('',(0.,1.,0.));
#2972=DIRECTION('',(0.,-1.,0.));
#2973=DIRECTION('',(1.,0.,0.));
#2974=DIRECTION('',(0.,1.,0.));
#2975=DIRECTION('',(0.,0.,1.));
#2976=DIRECTION('',(0.,-1.,0.));
#2977=DIRECTION('',(1.,0.,0.));
#2978=DIRECTION('',(0.,1.,0.));
#2979=DIRECTION('',(0.,-1.,0.));
#2980=DIRECTION('',(1.,0.,0.));
#2981=DIRECTION('',(0.,1.,0.));
#2982=DIRECTION('',(0.,1.,0.));
#2983=DIRECTION('',(0.,0.,1.));
#2984=DIRECTION('',(0.,-1.,0.));
#2985=DIRECTION('',(1.,0.,0.));
#2986=DIRECTION('',(0.,1.,0.));
#2987=DIRECTION('',(0.,-1.,0.));
#2988=DIRECTION('',(1.,0.,0.));
#2989=DIRECTION('',(0.,1.,0.));
#2990=DIRECTION('',(0.,1.,0.));
#2991=DIRECTION('',(0.,0.,1.));
#2992=DIRECTION('',(0.,1.,0.));
#2993=DIRECTION('',(0.,-1.,0.));
#2994=DIRECTION('',(1.,0.,0.));
#2995=DIRECTION('',(0.,1.,0.));
#2996=DIRECTION('',(0.,-1.,0.));
#2997=DIRECTION('',(1.,0.,0.));
#2998=DIRECTION('',(0.,1.,0.));
#2999=DIRECTION('',(0.,0.,1.));
#3000=DIRECTION('',(0.,1.,0.));
#3001=DIRECTION('',(0.,-1.,0.));
#3002=DIRECTION('',(1.,0.,0.));
#3003=DIRECTION('',(0.,1.,0.));
#3004=DIRECTION('',(0.,-1.,0.));
#3005=DIRECTION('',(1.,0.,0.));
#3006=DIRECTION('',(0.,1.,0.));
#3007=DIRECTION('',(0.,0.,1.));
#3008=DIRECTION('',(0.,1.,0.));
#3009=DIRECTION('',(0.,-1.,0.));
#3010=DIRECTION('',(1.,0.,0.));
#3011=DIRECTION('',(0.,1.,0.));
#3012=DIRECTION('',(0.,-1.,0.));
#3013=DIRECTION('',(1.,0.,0.));
#3014=DIRECTION('',(0.,1.,0.));
#3015=DIRECTION('',(0.,0.,1.));
#3016=DIRECTION('',(0.,-1.,0.));
#3017=DIRECTION('',(1.,0.,0.));
#3018=DIRECTION('',(0.,1.,0.));
#3019=DIRECTION('',(0.,-1.,0.));
#3020=DIRECTION('',(1.,0.,0.));
#3021=DIRECTION('',(0.,1.,0.));
#3022=DIRECTION('',(0.,1.,0.));
#3023=DIRECTION('',(0.,0.,1.));
#3024=DIRECTION('',(0.,1.,0.));
#3025=DIRECTION('',(0.,-1.,0.));
#3026=DIRECTION('',(1.,0.,0.));
#3027=DIRECTION('',(0.,1.,0.));
#3028=DIRECTION('',(0.,-1.,0.));
#3029=DIRECTION('',(1.,0.,0.));
#3030=DIRECTION('',(0.,1.,0.));
#3031=DIRECTION('',(0.,0.,1.));
#3032=DIRECTION('',(0.,1.,0.));
#3033=DIRECTION('',(0.,-1.,0.));
#3034=DIRECTION('',(1.,0.,0.));
#3035=DIRECTION('',(0.,1.,0.));
#3036=DIRECTION('',(0.,-1.,0.));
#3037=DIRECTION('',(1.,0.,0.));
#3038=DIRECTION('',(0.,1.,0.));
#3039=DIRECTION('',(0.,0.,1.));
#3040=DIRECTION('',(0.,1.,0.));
#3041=DIRECTION('',(0.,-1.,0.));
#3042=DIRECTION('',(1.,0.,0.));
#3043=DIRECTION('',(0.,1.,0.));
#3044=DIRECTION('',(0.,-1.,0.));
#3045=DIRECTION('',(1.,0.,0.));
#3046=DIRECTION('',(0.,1.,0.));
#3047=DIRECTION('',(0.,0.,1.));
#3048=DIRECTION('',(0.,1.,0.));
#3049=DIRECTION('',(0.,-1.,0.));
#3050=DIRECTION('',(1.,0.,0.));
#3051=DIRECTION('',(0.,1.,0.));
#3052=DIRECTION('',(0.,-1.,0.));
#3053=DIRECTION('',(1.,0.,0.));
#3054=DIRECTION('',(0.,1.,0.));
#3055=DIRECTION('',(0.,0.,1.));
#3056=DIRECTION('',(0.,1.,0.));
#3057=DIRECTION('',(0.,-1.,0.));
#3058=DIRECTION('',(1.,0.,0.));
#3059=DIRECTION('',(0.,1.,0.));
#3060=DIRECTION('',(0.,-1.,0.));
#3061=DIRECTION('',(1.,0.,0.));
#3062=DIRECTION('',(0.,1.,0.));
#3063=DIRECTION('',(0.,0.,1.));
#3064=DIRECTION('',(0.,-1.,0.));
#3065=DIRECTION('',(1.,0.,0.));
#3066=DIRECTION('',(0.,1.,0.));
#3067=DIRECTION('',(0.,-1.,0.));
#3068=DIRECTION('',(1.,0.,0.));
#3069=DIRECTION('',(0.,1.,0.));
#3070=DIRECTION('',(0.,1.,0.));
#3071=DIRECTION('',(0.,0.,1.));
#3072=DIRECTION('',(0.,1.,0.));
#3073=DIRECTION('',(0.,-1.,0.));
#3074=DIRECTION('',(1.,0.,0.));
#3075=DIRECTION('',(0.,1.,0.));
#3076=DIRECTION('',(0.,-1.,0.));
#3077=DIRECTION('',(1.,0.,0.));
#3078=DIRECTION('',(0.,1.,0.));
#3079=DIRECTION('',(0.,0.,1.));
#3080=DIRECTION('',(0.,-1.,0.));
#3081=DIRECTION('',(1.,0.,0.));
#3082=DIRECTION('',(0.,1.,0.));
#3083=DIRECTION('',(0.,-1.,0.));
#3084=DIRECTION('',(1.,0.,0.));
#3085=DIRECTION('',(0.,1.,0.));
#3086=DIRECTION('',(0.,1.,0.));
#3087=DIRECTION('',(0.,0.,1.));
#3088=DIRECTION('',(0.,1.,0.));
#3089=DIRECTION('',(0.,-1.,0.));
#3090=DIRECTION('',(1.,0.,0.));
#3091=DIRECTION('',(0.,1.,0.));
#3092=DIRECTION('',(0.,-1.,0.));
#3093=DIRECTION('',(1.,0.,0.));
#3094=DIRECTION('',(0.,1.,0.));
#3095=DIRECTION('',(0.,0.,1.));
#3096=DIRECTION('',(0.,1.,0.));
#3097=DIRECTION('',(0.,-1.,0.));
#3098=DIRECTION('',(1.,0.,0.));
#3099=DIRECTION('',(0.,1.,0.));
#3100=DIRECTION('',(0.,-1.,0.));
#3101=DIRECTION('',(1.,0.,0.));
#3102=DIRECTION('',(0.,1.,0.));
#3103=DIRECTION('',(0.,0.,1.));
#3104=DIRECTION('',(0.,1.,0.));
#3105=DIRECTION('',(0.,-1.,0.));
#3106=DIRECTION('',(1.,0.,0.));
#3107=DIRECTION('',(0.,1.,0.));
#3108=DIRECTION('',(0.,-1.,0.));
#3109=DIRECTION('',(1.,0.,0.));
#3110=DIRECTION('',(0.,1.,0.));
#3111=DIRECTION('',(0.,0.,1.));
#3112=DIRECTION('',(0.,-1.,0.));
#3113=DIRECTION('',(1.,0.,0.));
#3114=DIRECTION('',(0.,1.,0.));
#3115=DIRECTION('',(0.,-1.,0.));
#3116=DIRECTION('',(1.,0.,0.));
#3117=DIRECTION('',(0.,1.,0.));
#3118=DIRECTION('',(0.,1.,0.));
#3119=DIRECTION('',(0.,0.,1.));
#3120=DIRECTION('',(0.,1.,0.));
#3121=DIRECTION('',(0.,-1.,0.));
#3122=DIRECTION('',(1.,0.,0.));
#3123=DIRECTION('',(0.,1.,0.));
#3124=DIRECTION('',(0.,-1.,0.));
#3125=DIRECTION('',(1.,0.,0.));
#3126=DIRECTION('',(0.,1.,0.));
#3127=DIRECTION('',(0.,0.,1.));
#3128=DIRECTION('',(0.,-1.,0.));
#3129=DIRECTION('',(1.,0.,0.));
#3130=DIRECTION('',(0.,1.,0.));
#3131=DIRECTION('',(0.,-1.,0.));
#3132=DIRECTION('',(1.,0.,0.));
#3133=DIRECTION('',(0.,1.,0.));
#3134=DIRECTION('',(0.,-1.,0.));
#3135=DIRECTION('',(1.,0.,0.));
#3136=DIRECTION('',(0.,-1.,0.));
#3137=DIRECTION('',(1.,0.,0.));
#3138=DIRECTION('',(0.,-1.,0.));
#3139=DIRECTION('',(-0.631087944326053,0.,0.77571129070442));
#3140=DIRECTION('',(0.,-1.,0.));
#3141=DIRECTION('',(-0.816969893010442,0.,0.576680322114867));
#3142=DIRECTION('',(0.,-1.,0.));
#3143=DIRECTION('',(-0.576680322114867,0.,-0.816969893010442));
#3144=DIRECTION('',(0.,-1.,0.));
#3145=DIRECTION('',(-0.816969893010442,0.,0.576680322114867));
#3146=DIRECTION('',(0.,-1.,0.));
#3147=DIRECTION('',(-0.94226092211882,0.,0.334879612170986));
#3148=DIRECTION('',(0.,-1.,0.));
#3149=DIRECTION('',(-0.334879612170986,0.,-0.94226092211882));
#3150=DIRECTION('',(0.,-1.,0.));
#3151=DIRECTION('',(-0.94226092211882,0.,0.334879612170986));
#3152=DIRECTION('',(0.,-1.,0.));
#3153=DIRECTION('',(-0.997668769190539,0.,0.0682424133646714));
#3154=DIRECTION('',(0.,-1.,0.));
#3155=DIRECTION('',(-0.0682424133646714,0.,-0.997668769190539));
#3156=DIRECTION('',(0.,-1.,0.));
#3157=DIRECTION('',(-0.997668769190539,0.,0.0682424133646714));
#3158=DIRECTION('',(0.,-1.,0.));
#3159=DIRECTION('',(-0.979084087682323,0.,-0.203456013052634));
#3160=DIRECTION('',(0.,-1.,0.));
#3161=DIRECTION('',(0.203456013052634,0.,-0.979084087682323));
#3162=DIRECTION('',(0.,-1.,0.));
#3163=DIRECTION('',(-0.979084087682323,0.,-0.203456013052634));
#3164=DIRECTION('',(0.,-1.,0.));
#3165=DIRECTION('',(-0.887885218402376,0.,-0.460065037731152));
#3166=DIRECTION('',(0.,-1.,0.));
#3167=DIRECTION('',(0.460065037731152,0.,-0.887885218402376));
#3168=DIRECTION('',(0.,-1.,0.));
#3169=DIRECTION('',(-0.887885218402376,0.,-0.460065037731152));
#3170=DIRECTION('',(0.,-1.,0.));
#3171=DIRECTION('',(-0.730835964278124,0.,-0.682553143218654));
#3172=DIRECTION('',(0.,-1.,0.));
#3173=DIRECTION('',(0.682553143218654,0.,-0.730835964278124));
#3174=DIRECTION('',(0.,-1.,0.));
#3175=DIRECTION('',(-0.730835964278124,0.,-0.682553143218654));
#3176=DIRECTION('',(0.,-1.,0.));
#3177=DIRECTION('',(-0.519583950035434,0.,-0.854419404546489));
#3178=DIRECTION('',(0.,-1.,0.));
#3179=DIRECTION('',(0.854419404546489,0.,-0.519583950035434));
#3180=DIRECTION('',(0.,-1.,0.));
#3181=DIRECTION('',(-0.519583950035434,0.,-0.854419404546489));
#3182=DIRECTION('',(0.,-1.,0.));
#3183=DIRECTION('',(-0.269796771157024,0.,-0.962917287347799));
#3184=DIRECTION('',(0.,-1.,0.));
#3185=DIRECTION('',(0.962917287347799,0.,-0.269796771157024));
#3186=DIRECTION('',(0.,-1.,0.));
#3187=DIRECTION('',(-0.269796771157024,0.,-0.962917287347799));
#3188=DIRECTION('',(0.,-1.,0.));
#3189=DIRECTION('',(1.,0.,0.));
#3190=DIRECTION('',(0.,-1.,0.));
#3191=DIRECTION('',(0.,0.,-1.));
#3192=DIRECTION('',(0.,-1.,0.));
#3193=DIRECTION('',(1.,0.,0.));
#3194=DIRECTION('',(0.,-1.,0.));
#3195=DIRECTION('',(0.,0.,-1.));
#3196=DIRECTION('',(0.,-1.,0.));
#3197=DIRECTION('',(0.269796771157024,0.,-0.962917287347799));
#3198=DIRECTION('',(0.,-1.,0.));
#3199=DIRECTION('',(0.962917287347799,0.,0.269796771157024));
#3200=DIRECTION('',(0.,-1.,0.));
#3201=DIRECTION('',(0.269796771157024,0.,-0.962917287347799));
#3202=DIRECTION('',(0.,-1.,0.));
#3203=DIRECTION('',(0.519583950035434,0.,-0.854419404546489));
#3204=DIRECTION('',(0.,-1.,0.));
#3205=DIRECTION('',(0.854419404546489,0.,0.519583950035434));
#3206=DIRECTION('',(0.,-1.,0.));
#3207=DIRECTION('',(0.519583950035434,0.,-0.854419404546489));
#3208=DIRECTION('',(0.,-1.,0.));
#3209=DIRECTION('',(0.730835964278124,0.,-0.682553143218654));
#3210=DIRECTION('',(0.,-1.,0.));
#3211=DIRECTION('',(0.682553143218654,0.,0.730835964278124));
#3212=DIRECTION('',(0.,-1.,0.));
#3213=DIRECTION('',(0.730835964278124,0.,-0.682553143218654));
#3214=DIRECTION('',(0.,-1.,0.));
#3215=DIRECTION('',(0.887885218402375,0.,-0.460065037731152));
#3216=DIRECTION('',(0.,-1.,0.));
#3217=DIRECTION('',(0.460065037731152,0.,0.887885218402375));
#3218=DIRECTION('',(0.,-1.,0.));
#3219=DIRECTION('',(0.887885218402375,0.,-0.460065037731152));
#3220=DIRECTION('',(0.,-1.,0.));
#3221=DIRECTION('',(0.979084087682323,0.,-0.203456013052634));
#3222=DIRECTION('',(0.,-1.,0.));
#3223=DIRECTION('',(0.203456013052634,0.,0.979084087682323));
#3224=DIRECTION('',(0.,-1.,0.));
#3225=DIRECTION('',(0.979084087682323,0.,-0.203456013052634));
#3226=DIRECTION('',(0.,-1.,0.));
#3227=DIRECTION('',(0.997668769190539,0.,0.0682424133646711));
#3228=DIRECTION('',(0.,-1.,0.));
#3229=DIRECTION('',(-0.0682424133646711,0.,0.997668769190539));
#3230=DIRECTION('',(0.,-1.,0.));
#3231=DIRECTION('',(0.997668769190539,0.,0.0682424133646711));
#3232=DIRECTION('',(0.,-1.,0.));
#3233=DIRECTION('',(0.942260922118821,0.,0.334879612170986));
#3234=DIRECTION('',(0.,-1.,0.));
#3235=DIRECTION('',(-0.334879612170986,0.,0.942260922118821));
#3236=DIRECTION('',(0.,-1.,0.));
#3237=DIRECTION('',(0.942260922118821,0.,0.334879612170986));
#3238=DIRECTION('',(0.,-1.,0.));
#3239=DIRECTION('',(0.816969893010442,0.,0.576680322114867));
#3240=DIRECTION('',(0.,-1.,0.));
#3241=DIRECTION('',(-0.576680322114867,0.,0.816969893010442));
#3242=DIRECTION('',(0.,-1.,0.));
#3243=DIRECTION('',(0.816969893010442,0.,0.576680322114867));
#3244=DIRECTION('',(0.,-1.,0.));
#3245=DIRECTION('',(0.631087944326053,0.,0.77571129070442));
#3246=DIRECTION('',(0.,-1.,0.));
#3247=DIRECTION('',(-0.77571129070442,0.,0.631087944326053));
#3248=DIRECTION('',(0.,-1.,0.));
#3249=DIRECTION('',(0.631087944326053,0.,0.77571129070442));
#3250=DIRECTION('',(0.,-1.,0.));
#3251=DIRECTION('',(0.398401089846242,0.,0.917211301505453));
#3252=DIRECTION('',(0.,-1.,0.));
#3253=DIRECTION('',(-0.917211301505453,0.,0.398401089846242));
#3254=DIRECTION('',(0.,-1.,0.));
#3255=DIRECTION('',(0.398401089846242,0.,0.917211301505453));
#3256=DIRECTION('',(0.,-1.,0.));
#3257=DIRECTION('',(0.136166649096247,0.,0.990685946036331));
#3258=DIRECTION('',(0.,-1.,0.));
#3259=DIRECTION('',(-0.990685946036331,0.,0.136166649096247));
#3260=DIRECTION('',(0.,-1.,0.));
#3261=DIRECTION('',(0.136166649096247,0.,0.990685946036331));
#3262=DIRECTION('',(0.,-1.,0.));
#3263=DIRECTION('',(-0.136166649096247,0.,0.990685946036331));
#3264=DIRECTION('',(0.,-1.,0.));
#3265=DIRECTION('',(-0.990685946036331,0.,-0.136166649096247));
#3266=DIRECTION('',(0.,-1.,0.));
#3267=DIRECTION('',(-0.136166649096247,0.,0.990685946036331));
#3268=DIRECTION('',(0.,-1.,0.));
#3269=DIRECTION('',(-0.398401089846242,0.,0.917211301505453));
#3270=DIRECTION('',(0.,-1.,0.));
#3271=DIRECTION('',(-0.917211301505453,0.,-0.398401089846242));
#3272=DIRECTION('',(0.,-1.,0.));
#3273=DIRECTION('',(-0.398401089846242,0.,0.917211301505453));
#3274=DIRECTION('',(0.,-1.,0.));
#3275=DIRECTION('',(-0.631087944326053,0.,0.77571129070442));
#3276=DIRECTION('',(0.,-1.,0.));
#3277=DIRECTION('',(-0.77571129070442,0.,-0.631087944326053));
#3278=DIRECTION('',(0.,1.,0.));
#3279=DIRECTION('',(0.,0.,1.));
#3280=DIRECTION('',(0.,-1.,0.));
#3281=DIRECTION('',(1.,0.,0.));
#3282=DIRECTION('',(0.,1.,0.));
#3283=DIRECTION('',(0.,0.,1.));
#3284=DIRECTION('',(0.,1.,0.));
#3285=DIRECTION('',(0.,-1.,0.));
#3286=DIRECTION('',(1.,0.,0.));
#3287=DIRECTION('',(0.,1.,0.));
#3288=DIRECTION('',(0.,-1.,0.));
#3289=DIRECTION('',(1.,0.,0.));
#3290=DIRECTION('',(0.,-1.,0.));
#3291=DIRECTION('',(-0.631087944326053,0.,0.77571129070442));
#3292=DIRECTION('',(0.,-1.,0.));
#3293=DIRECTION('',(-0.398401089846242,0.,0.917211301505453));
#3294=DIRECTION('',(0.,-1.,0.));
#3295=DIRECTION('',(-0.917211301505453,0.,-0.398401089846242));
#3296=DIRECTION('',(0.,-1.,0.));
#3297=DIRECTION('',(-0.398401089846242,0.,0.917211301505453));
#3298=DIRECTION('',(0.,-1.,0.));
#3299=DIRECTION('',(-0.136166649096247,0.,0.990685946036331));
#3300=DIRECTION('',(0.,-1.,0.));
#3301=DIRECTION('',(-0.990685946036331,0.,-0.136166649096247));
#3302=DIRECTION('',(0.,-1.,0.));
#3303=DIRECTION('',(-0.136166649096247,0.,0.990685946036331));
#3304=DIRECTION('',(0.,-1.,0.));
#3305=DIRECTION('',(0.136166649096247,0.,0.990685946036331));
#3306=DIRECTION('',(0.,-1.,0.));
#3307=DIRECTION('',(-0.990685946036331,0.,0.136166649096247));
#3308=DIRECTION('',(0.,-1.,0.));
#3309=DIRECTION('',(0.136166649096247,0.,0.990685946036331));
#3310=DIRECTION('',(0.,-1.,0.));
#3311=DIRECTION('',(0.398401089846242,0.,0.917211301505453));
#3312=DIRECTION('',(0.,-1.,0.));
#3313=DIRECTION('',(-0.917211301505453,0.,0.398401089846242));
#3314=DIRECTION('',(0.,-1.,0.));
#3315=DIRECTION('',(0.398401089846242,0.,0.917211301505453));
#3316=DIRECTION('',(0.,-1.,0.));
#3317=DIRECTION('',(0.631087944326053,0.,0.77571129070442));
#3318=DIRECTION('',(0.,-1.,0.));
#3319=DIRECTION('',(-0.77571129070442,0.,0.631087944326053));
#3320=DIRECTION('',(0.,-1.,0.));
#3321=DIRECTION('',(0.631087944326053,0.,0.77571129070442));
#3322=DIRECTION('',(0.,-1.,0.));
#3323=DIRECTION('',(0.816969893010442,0.,0.576680322114867));
#3324=DIRECTION('',(0.,-1.,0.));
#3325=DIRECTION('',(-0.576680322114867,0.,0.816969893010442));
#3326=DIRECTION('',(0.,-1.,0.));
#3327=DIRECTION('',(0.816969893010442,0.,0.576680322114867));
#3328=DIRECTION('',(0.,-1.,0.));
#3329=DIRECTION('',(0.942260922118821,0.,0.334879612170986));
#3330=DIRECTION('',(0.,-1.,0.));
#3331=DIRECTION('',(-0.334879612170986,0.,0.942260922118821));
#3332=DIRECTION('',(0.,-1.,0.));
#3333=DIRECTION('',(0.942260922118821,0.,0.334879612170986));
#3334=DIRECTION('',(0.,-1.,0.));
#3335=DIRECTION('',(0.997668769190539,0.,0.0682424133646711));
#3336=DIRECTION('',(0.,-1.,0.));
#3337=DIRECTION('',(-0.0682424133646711,0.,0.997668769190539));
#3338=DIRECTION('',(0.,-1.,0.));
#3339=DIRECTION('',(0.997668769190539,0.,0.0682424133646711));
#3340=DIRECTION('',(0.,-1.,0.));
#3341=DIRECTION('',(0.979084087682323,0.,-0.203456013052634));
#3342=DIRECTION('',(0.,-1.,0.));
#3343=DIRECTION('',(0.203456013052634,0.,0.979084087682323));
#3344=DIRECTION('',(0.,-1.,0.));
#3345=DIRECTION('',(0.979084087682323,0.,-0.203456013052634));
#3346=DIRECTION('',(0.,-1.,0.));
#3347=DIRECTION('',(0.887885218402375,0.,-0.460065037731152));
#3348=DIRECTION('',(0.,-1.,0.));
#3349=DIRECTION('',(0.460065037731152,0.,0.887885218402375));
#3350=DIRECTION('',(0.,-1.,0.));
#3351=DIRECTION('',(0.887885218402375,0.,-0.460065037731152));
#3352=DIRECTION('',(0.,-1.,0.));
#3353=DIRECTION('',(0.730835964278124,0.,-0.682553143218654));
#3354=DIRECTION('',(0.,-1.,0.));
#3355=DIRECTION('',(0.682553143218654,0.,0.730835964278124));
#3356=DIRECTION('',(0.,-1.,0.));
#3357=DIRECTION('',(0.730835964278124,0.,-0.682553143218654));
#3358=DIRECTION('',(0.,-1.,0.));
#3359=DIRECTION('',(0.519583950035434,0.,-0.854419404546489));
#3360=DIRECTION('',(0.,-1.,0.));
#3361=DIRECTION('',(0.854419404546489,0.,0.519583950035434));
#3362=DIRECTION('',(0.,-1.,0.));
#3363=DIRECTION('',(0.519583950035434,0.,-0.854419404546489));
#3364=DIRECTION('',(0.,-1.,0.));
#3365=DIRECTION('',(0.269796771157024,0.,-0.962917287347799));
#3366=DIRECTION('',(0.,-1.,0.));
#3367=DIRECTION('',(0.962917287347799,0.,0.269796771157024));
#3368=DIRECTION('',(0.,-1.,0.));
#3369=DIRECTION('',(0.269796771157024,0.,-0.962917287347799));
#3370=DIRECTION('',(0.,-1.,0.));
#3371=DIRECTION('',(0.,0.,-1.));
#3372=DIRECTION('',(0.,-1.,0.));
#3373=DIRECTION('',(1.,0.,0.));
#3374=DIRECTION('',(0.,-1.,0.));
#3375=DIRECTION('',(0.,0.,-1.));
#3376=DIRECTION('',(0.,-1.,0.));
#3377=DIRECTION('',(-0.269796771157024,0.,-0.962917287347799));
#3378=DIRECTION('',(0.,-1.,0.));
#3379=DIRECTION('',(0.962917287347799,0.,-0.269796771157024));
#3380=DIRECTION('',(0.,-1.,0.));
#3381=DIRECTION('',(-0.269796771157024,0.,-0.962917287347799));
#3382=DIRECTION('',(0.,-1.,0.));
#3383=DIRECTION('',(-0.519583950035434,0.,-0.854419404546489));
#3384=DIRECTION('',(0.,-1.,0.));
#3385=DIRECTION('',(0.854419404546489,0.,-0.519583950035434));
#3386=DIRECTION('',(0.,-1.,0.));
#3387=DIRECTION('',(-0.519583950035434,0.,-0.854419404546489));
#3388=DIRECTION('',(0.,-1.,0.));
#3389=DIRECTION('',(-0.730835964278124,0.,-0.682553143218654));
#3390=DIRECTION('',(0.,-1.,0.));
#3391=DIRECTION('',(0.682553143218654,0.,-0.730835964278124));
#3392=DIRECTION('',(0.,-1.,0.));
#3393=DIRECTION('',(-0.730835964278124,0.,-0.682553143218654));
#3394=DIRECTION('',(0.,-1.,0.));
#3395=DIRECTION('',(-0.887885218402376,0.,-0.460065037731152));
#3396=DIRECTION('',(0.,-1.,0.));
#3397=DIRECTION('',(0.460065037731152,0.,-0.887885218402376));
#3398=DIRECTION('',(0.,-1.,0.));
#3399=DIRECTION('',(-0.887885218402376,0.,-0.460065037731152));
#3400=DIRECTION('',(0.,-1.,0.));
#3401=DIRECTION('',(-0.979084087682323,0.,-0.203456013052634));
#3402=DIRECTION('',(0.,-1.,0.));
#3403=DIRECTION('',(0.203456013052634,0.,-0.979084087682323));
#3404=DIRECTION('',(0.,-1.,0.));
#3405=DIRECTION('',(-0.979084087682323,0.,-0.203456013052634));
#3406=DIRECTION('',(0.,-1.,0.));
#3407=DIRECTION('',(-0.997668769190539,0.,0.0682424133646714));
#3408=DIRECTION('',(0.,-1.,0.));
#3409=DIRECTION('',(-0.0682424133646714,0.,-0.997668769190539));
#3410=DIRECTION('',(0.,-1.,0.));
#3411=DIRECTION('',(-0.997668769190539,0.,0.0682424133646714));
#3412=DIRECTION('',(0.,-1.,0.));
#3413=DIRECTION('',(-0.94226092211882,0.,0.334879612170986));
#3414=DIRECTION('',(0.,-1.,0.));
#3415=DIRECTION('',(-0.334879612170986,0.,-0.94226092211882));
#3416=DIRECTION('',(0.,-1.,0.));
#3417=DIRECTION('',(-0.94226092211882,0.,0.334879612170986));
#3418=DIRECTION('',(0.,-1.,0.));
#3419=DIRECTION('',(-0.816969893010442,0.,0.576680322114867));
#3420=DIRECTION('',(0.,-1.,0.));
#3421=DIRECTION('',(-0.576680322114867,0.,-0.816969893010442));
#3422=DIRECTION('',(0.,-1.,0.));
#3423=DIRECTION('',(-0.816969893010442,0.,0.576680322114867));
#3424=DIRECTION('',(0.,-1.,0.));
#3425=DIRECTION('',(-0.631087944326053,0.,0.77571129070442));
#3426=DIRECTION('',(0.,-1.,0.));
#3427=DIRECTION('',(-0.77571129070442,0.,-0.631087944326053));
#3428=DIRECTION('',(0.,1.,0.));
#3429=DIRECTION('',(0.,1.,0.));
#3430=DIRECTION('',(0.,0.,1.));
#3431=DIRECTION('',(0.,1.,0.));
#3432=DIRECTION('',(0.,1.,0.));
#3433=DIRECTION('',(0.,1.,0.));
#3434=DIRECTION('',(0.,1.,0.));
#3435=DIRECTION('',(0.,0.,1.));
#3436=DIRECTION('',(0.,1.,0.));
#3437=DIRECTION('',(0.,0.,1.));
#3438=DIRECTION('',(0.,1.,0.));
#3439=DIRECTION('',(0.,1.,0.));
#3440=DIRECTION('',(0.997668769190539,0.,-0.0682424133646714));
#3441=DIRECTION('',(0.,1.,0.));
#3442=DIRECTION('',(0.,1.,0.));
#3443=DIRECTION('',(0.,1.,0.));
#3444=DIRECTION('',(0.,1.,0.));
#3445=DIRECTION('',(0.997668769190539,0.,-0.0682424133646714));
#3446=DIRECTION('',(0.,1.,0.));
#3447=DIRECTION('',(0.997668769190539,0.,-0.0682424133646714));
#3448=DIRECTION('',(0.,1.,0.));
#3449=DIRECTION('',(0.,1.,0.));
#3450=DIRECTION('',(0.979084087682323,0.,0.203456013052634));
#3451=DIRECTION('',(0.,1.,0.));
#3452=DIRECTION('',(0.,1.,0.));
#3453=DIRECTION('',(0.,1.,0.));
#3454=DIRECTION('',(0.,1.,0.));
#3455=DIRECTION('',(0.979084087682323,0.,0.203456013052634));
#3456=DIRECTION('',(0.,1.,0.));
#3457=DIRECTION('',(0.979084087682323,0.,0.203456013052634));
#3458=DIRECTION('',(0.,1.,0.));
#3459=DIRECTION('',(0.,1.,0.));
#3460=DIRECTION('',(0.730835964278124,0.,0.682553143218654));
#3461=DIRECTION('',(0.,1.,0.));
#3462=DIRECTION('',(0.,1.,0.));
#3463=DIRECTION('',(0.,1.,0.));
#3464=DIRECTION('',(0.,1.,0.));
#3465=DIRECTION('',(0.730835964278124,0.,0.682553143218654));
#3466=DIRECTION('',(0.,1.,0.));
#3467=DIRECTION('',(0.730835964278124,0.,0.682553143218654));
#3468=DIRECTION('',(0.,1.,0.));
#3469=DIRECTION('',(0.,1.,0.));
#3470=DIRECTION('',(0.887885218402376,0.,0.460065037731152));
#3471=DIRECTION('',(0.,1.,0.));
#3472=DIRECTION('',(0.,1.,0.));
#3473=DIRECTION('',(0.,1.,0.));
#3474=DIRECTION('',(0.,1.,0.));
#3475=DIRECTION('',(0.887885218402376,0.,0.460065037731152));
#3476=DIRECTION('',(0.,1.,0.));
#3477=DIRECTION('',(0.887885218402376,0.,0.460065037731152));
#3478=DIRECTION('',(0.,1.,0.));
#3479=DIRECTION('',(0.,1.,0.));
#3480=DIRECTION('',(0.519583950035434,0.,0.854419404546489));
#3481=DIRECTION('',(0.,1.,0.));
#3482=DIRECTION('',(0.,1.,0.));
#3483=DIRECTION('',(0.,1.,0.));
#3484=DIRECTION('',(0.,1.,0.));
#3485=DIRECTION('',(0.519583950035434,0.,0.854419404546489));
#3486=DIRECTION('',(0.,1.,0.));
#3487=DIRECTION('',(0.519583950035434,0.,0.854419404546489));
#3488=DIRECTION('',(0.,1.,0.));
#3489=DIRECTION('',(0.,1.,0.));
#3490=DIRECTION('',(0.269796771157024,0.,0.962917287347799));
#3491=DIRECTION('',(0.,1.,0.));
#3492=DIRECTION('',(0.,1.,0.));
#3493=DIRECTION('',(0.,1.,0.));
#3494=DIRECTION('',(0.,1.,0.));
#3495=DIRECTION('',(0.269796771157024,0.,0.962917287347799));
#3496=DIRECTION('',(0.,1.,0.));
#3497=DIRECTION('',(0.269796771157024,0.,0.962917287347799));
#3498=DIRECTION('',(0.,1.,0.));
#3499=DIRECTION('',(0.,1.,0.));
#3500=DIRECTION('',(-0.730835964278124,0.,0.682553143218654));
#3501=DIRECTION('',(0.,1.,0.));
#3502=DIRECTION('',(0.,1.,0.));
#3503=DIRECTION('',(0.,1.,0.));
#3504=DIRECTION('',(0.,1.,0.));
#3505=DIRECTION('',(-0.730835964278124,0.,0.682553143218654));
#3506=DIRECTION('',(0.,1.,0.));
#3507=DIRECTION('',(-0.730835964278124,0.,0.682553143218654));
#3508=DIRECTION('',(0.,1.,0.));
#3509=DIRECTION('',(0.,1.,0.));
#3510=DIRECTION('',(-0.887885218402375,0.,0.460065037731152));
#3511=DIRECTION('',(0.,1.,0.));
#3512=DIRECTION('',(0.,1.,0.));
#3513=DIRECTION('',(0.,1.,0.));
#3514=DIRECTION('',(0.,1.,0.));
#3515=DIRECTION('',(-0.887885218402375,0.,0.460065037731152));
#3516=DIRECTION('',(0.,1.,0.));
#3517=DIRECTION('',(-0.887885218402375,0.,0.460065037731152));
#3518=DIRECTION('',(0.,1.,0.));
#3519=DIRECTION('',(0.,1.,0.));
#3520=DIRECTION('',(-0.519583950035434,0.,0.854419404546489));
#3521=DIRECTION('',(0.,1.,0.));
#3522=DIRECTION('',(0.,1.,0.));
#3523=DIRECTION('',(0.,1.,0.));
#3524=DIRECTION('',(0.,1.,0.));
#3525=DIRECTION('',(-0.519583950035434,0.,0.854419404546489));
#3526=DIRECTION('',(0.,1.,0.));
#3527=DIRECTION('',(-0.519583950035434,0.,0.854419404546489));
#3528=DIRECTION('',(0.,1.,0.));
#3529=DIRECTION('',(0.,1.,0.));
#3530=DIRECTION('',(-0.269796771157024,0.,0.962917287347799));
#3531=DIRECTION('',(0.,1.,0.));
#3532=DIRECTION('',(0.,1.,0.));
#3533=DIRECTION('',(0.,1.,0.));
#3534=DIRECTION('',(0.,1.,0.));
#3535=DIRECTION('',(-0.269796771157024,0.,0.962917287347799));
#3536=DIRECTION('',(0.,1.,0.));
#3537=DIRECTION('',(-0.269796771157024,0.,0.962917287347799));
#3538=DIRECTION('',(0.,1.,0.));
#3539=DIRECTION('',(0.,1.,0.));
#3540=DIRECTION('',(-0.979084087682323,0.,0.203456013052634));
#3541=DIRECTION('',(0.,1.,0.));
#3542=DIRECTION('',(0.,1.,0.));
#3543=DIRECTION('',(0.,1.,0.));
#3544=DIRECTION('',(0.,1.,0.));
#3545=DIRECTION('',(-0.979084087682323,0.,0.203456013052634));
#3546=DIRECTION('',(0.,1.,0.));
#3547=DIRECTION('',(-0.979084087682323,0.,0.203456013052634));
#3548=DIRECTION('',(0.,1.,0.));
#3549=DIRECTION('',(0.,1.,0.));
#3550=DIRECTION('',(-0.997668769190539,0.,-0.0682424133646711));
#3551=DIRECTION('',(0.,1.,0.));
#3552=DIRECTION('',(0.,1.,0.));
#3553=DIRECTION('',(0.,1.,0.));
#3554=DIRECTION('',(0.,1.,0.));
#3555=DIRECTION('',(-0.997668769190539,0.,-0.0682424133646711));
#3556=DIRECTION('',(0.,1.,0.));
#3557=DIRECTION('',(-0.997668769190539,0.,-0.0682424133646711));
#3558=DIRECTION('',(0.,1.,0.));
#3559=DIRECTION('',(0.,1.,0.));
#3560=DIRECTION('',(-0.942260922118821,0.,-0.334879612170986));
#3561=DIRECTION('',(0.,1.,0.));
#3562=DIRECTION('',(0.,1.,0.));
#3563=DIRECTION('',(0.,1.,0.));
#3564=DIRECTION('',(0.,1.,0.));
#3565=DIRECTION('',(-0.942260922118821,0.,-0.334879612170986));
#3566=DIRECTION('',(0.,1.,0.));
#3567=DIRECTION('',(-0.942260922118821,0.,-0.334879612170986));
#3568=DIRECTION('',(0.,1.,0.));
#3569=DIRECTION('',(0.,1.,0.));
#3570=DIRECTION('',(-0.816969893010442,0.,-0.576680322114867));
#3571=DIRECTION('',(0.,1.,0.));
#3572=DIRECTION('',(0.,1.,0.));
#3573=DIRECTION('',(0.,1.,0.));
#3574=DIRECTION('',(0.,1.,0.));
#3575=DIRECTION('',(-0.816969893010442,0.,-0.576680322114867));
#3576=DIRECTION('',(0.,1.,0.));
#3577=DIRECTION('',(-0.816969893010442,0.,-0.576680322114867));
#3578=DIRECTION('',(0.,1.,0.));
#3579=DIRECTION('',(0.,1.,0.));
#3580=DIRECTION('',(-0.398401089846242,0.,-0.917211301505453));
#3581=DIRECTION('',(0.,1.,0.));
#3582=DIRECTION('',(0.,1.,0.));
#3583=DIRECTION('',(0.,1.,0.));
#3584=DIRECTION('',(0.,1.,0.));
#3585=DIRECTION('',(-0.398401089846242,0.,-0.917211301505453));
#3586=DIRECTION('',(0.,1.,0.));
#3587=DIRECTION('',(-0.398401089846242,0.,-0.917211301505453));
#3588=DIRECTION('',(0.,1.,0.));
#3589=DIRECTION('',(0.,1.,0.));
#3590=DIRECTION('',(-0.631087944326053,0.,-0.77571129070442));
#3591=DIRECTION('',(0.,1.,0.));
#3592=DIRECTION('',(0.,1.,0.));
#3593=DIRECTION('',(0.,1.,0.));
#3594=DIRECTION('',(0.,1.,0.));
#3595=DIRECTION('',(-0.631087944326053,0.,-0.77571129070442));
#3596=DIRECTION('',(0.,1.,0.));
#3597=DIRECTION('',(-0.631087944326053,0.,-0.77571129070442));
#3598=DIRECTION('',(0.,1.,0.));
#3599=DIRECTION('',(0.,1.,0.));
#3600=DIRECTION('',(-0.136166649096247,0.,-0.990685946036331));
#3601=DIRECTION('',(0.,1.,0.));
#3602=DIRECTION('',(0.,1.,0.));
#3603=DIRECTION('',(0.,1.,0.));
#3604=DIRECTION('',(0.,1.,0.));
#3605=DIRECTION('',(-0.136166649096247,0.,-0.990685946036331));
#3606=DIRECTION('',(0.,1.,0.));
#3607=DIRECTION('',(-0.136166649096247,0.,-0.990685946036331));
#3608=DIRECTION('',(0.,1.,0.));
#3609=DIRECTION('',(0.,1.,0.));
#3610=DIRECTION('',(0.136166649096247,0.,-0.990685946036331));
#3611=DIRECTION('',(0.,1.,0.));
#3612=DIRECTION('',(0.,1.,0.));
#3613=DIRECTION('',(0.,1.,0.));
#3614=DIRECTION('',(0.,1.,0.));
#3615=DIRECTION('',(0.136166649096247,0.,-0.990685946036331));
#3616=DIRECTION('',(0.,1.,0.));
#3617=DIRECTION('',(0.136166649096247,0.,-0.990685946036331));
#3618=DIRECTION('',(0.,1.,0.));
#3619=DIRECTION('',(0.,1.,0.));
#3620=DIRECTION('',(0.94226092211882,0.,-0.334879612170986));
#3621=DIRECTION('',(0.,1.,0.));
#3622=DIRECTION('',(0.,1.,0.));
#3623=DIRECTION('',(0.,1.,0.));
#3624=DIRECTION('',(0.,1.,0.));
#3625=DIRECTION('',(0.94226092211882,0.,-0.334879612170986));
#3626=DIRECTION('',(0.,1.,0.));
#3627=DIRECTION('',(0.94226092211882,0.,-0.334879612170986));
#3628=DIRECTION('',(0.,1.,0.));
#3629=DIRECTION('',(0.,1.,0.));
#3630=DIRECTION('',(0.816969893010442,0.,-0.576680322114867));
#3631=DIRECTION('',(0.,1.,0.));
#3632=DIRECTION('',(0.,1.,0.));
#3633=DIRECTION('',(0.,1.,0.));
#3634=DIRECTION('',(0.,1.,0.));
#3635=DIRECTION('',(0.816969893010442,0.,-0.576680322114867));
#3636=DIRECTION('',(0.,1.,0.));
#3637=DIRECTION('',(0.816969893010442,0.,-0.576680322114867));
#3638=DIRECTION('',(0.,1.,0.));
#3639=DIRECTION('',(0.,1.,0.));
#3640=DIRECTION('',(0.398401089846242,0.,-0.917211301505453));
#3641=DIRECTION('',(0.,1.,0.));
#3642=DIRECTION('',(0.,1.,0.));
#3643=DIRECTION('',(0.,1.,0.));
#3644=DIRECTION('',(0.,1.,0.));
#3645=DIRECTION('',(0.398401089846242,0.,-0.917211301505453));
#3646=DIRECTION('',(0.,1.,0.));
#3647=DIRECTION('',(0.398401089846242,0.,-0.917211301505453));
#3648=DIRECTION('',(0.,1.,0.));
#3649=DIRECTION('',(0.,1.,0.));
#3650=DIRECTION('',(0.631087944326053,0.,-0.77571129070442));
#3651=DIRECTION('',(0.,1.,0.));
#3652=DIRECTION('',(0.,1.,0.));
#3653=DIRECTION('',(0.,1.,0.));
#3654=DIRECTION('',(0.,1.,0.));
#3655=DIRECTION('',(0.631087944326053,0.,-0.77571129070442));
#3656=DIRECTION('',(0.,1.,0.));
#3657=DIRECTION('',(0.631087944326053,0.,-0.77571129070442));
#3658=CARTESIAN_POINT('',(0.,0.,0.));
#3659=CARTESIAN_POINT('',(0.,-0.005,0.));
#3660=CARTESIAN_POINT('',(-0.0188851149779932,-0.005,-0.012231207310318));
#3661=CARTESIAN_POINT('',(-0.0188851149779932,-0.005,-0.012231207310318));
#3662=CARTESIAN_POINT('',(-0.0188851149779932,0.,-0.012231207310318));
#3663=CARTESIAN_POINT('',(0.,-0.005,0.));
#3664=CARTESIAN_POINT('',(-0.019548289308954,-0.005,-0.0111406635840705));
#3665=CARTESIAN_POINT('',(-0.019548289308954,-0.005,-0.0111406635840705));
#3666=CARTESIAN_POINT('',(-0.019548289308954,0.,-0.0111406635840705));
#3667=CARTESIAN_POINT('',(0.,0.,0.));
#3668=CARTESIAN_POINT('',(0.,-0.005,0.));
#3669=CARTESIAN_POINT('',(-0.0214847439255365,-0.005,-0.00668249792024825));
#3670=CARTESIAN_POINT('',(-0.0214847439255365,-0.005,-0.00668249792024825));
#3671=CARTESIAN_POINT('',(-0.0214847439255365,0.,-0.00668249792024825));
#3672=CARTESIAN_POINT('',(0.,-0.005,0.));
#3673=CARTESIAN_POINT('',(-0.0218291007771968,-0.005,-0.0054534722204284));
#3674=CARTESIAN_POINT('',(-0.0218291007771968,-0.005,-0.0054534722204284));
#3675=CARTESIAN_POINT('',(-0.0218291007771968,0.,-0.0054534722204284));
#3676=CARTESIAN_POINT('',(0.,0.,0.));
#3677=CARTESIAN_POINT('',(0.,-0.005,0.));
#3678=CARTESIAN_POINT('',(0.,-0.005,0.));
#3679=CARTESIAN_POINT('',(-0.0158176706501391,-0.005,-0.0160016028948268));
#3680=CARTESIAN_POINT('',(-0.0148848634461845,-0.005,-0.0168727840082317));
#3681=CARTESIAN_POINT('',(-0.0158176706501391,-0.005,-0.0160016028948268));
#3682=CARTESIAN_POINT('',(-0.0158176706501391,0.,-0.0160016028948268));
#3683=CARTESIAN_POINT('',(0.,0.,0.));
#3684=CARTESIAN_POINT('',(-0.0148848634461845,0.,-0.0168727840082317));
#3685=CARTESIAN_POINT('',(-0.0148848634461845,-0.005,-0.0168727840082317));
#3686=CARTESIAN_POINT('',(0.,-0.005,0.));
#3687=CARTESIAN_POINT('',(0.,-0.005,0.));
#3688=CARTESIAN_POINT('',(-0.0109139277202317,-0.005,-0.019675776521336));
#3689=CARTESIAN_POINT('',(-0.00978066968629165,-0.005,-0.0202629835041056));
#3690=CARTESIAN_POINT('',(-0.0109139277202317,-0.005,-0.019675776521336));
#3691=CARTESIAN_POINT('',(-0.0109139277202317,0.,-0.019675776521336));
#3692=CARTESIAN_POINT('',(0.,0.,0.));
#3693=CARTESIAN_POINT('',(-0.00978066968629165,0.,-0.0202629835041056));
#3694=CARTESIAN_POINT('',(-0.00978066968629165,-0.005,-0.0202629835041056));
#3695=CARTESIAN_POINT('',(0.,-0.005,0.));
#3696=CARTESIAN_POINT('',(-0.0224909477022862,-0.005,-0.000638178229827514));
#3697=CARTESIAN_POINT('',(-0.0224909477022862,-0.005,-0.000638178229827514));
#3698=CARTESIAN_POINT('',(-0.0224909477022862,0.,-0.000638178229827514));
#3699=CARTESIAN_POINT('',(0.,-0.005,0.));
#3700=CARTESIAN_POINT('',(-0.0224909477022862,-0.005,0.00063817822982751));
#3701=CARTESIAN_POINT('',(-0.0224909477022862,-0.005,0.00063817822982751));
#3702=CARTESIAN_POINT('',(-0.0224909477022862,0.,0.00063817822982751));
#3703=CARTESIAN_POINT('',(0.,0.,0.));
#3704=CARTESIAN_POINT('',(0.,-0.005,0.));
#3705=CARTESIAN_POINT('',(-0.0218291007771968,-0.005,0.00545347222042839));
#3706=CARTESIAN_POINT('',(-0.0218291007771968,-0.005,0.00545347222042839));
#3707=CARTESIAN_POINT('',(-0.0218291007771968,0.,0.00545347222042839));
#3708=CARTESIAN_POINT('',(0.,-0.005,0.));
#3709=CARTESIAN_POINT('',(-0.0214847439255365,-0.005,0.00668249792024824));
#3710=CARTESIAN_POINT('',(-0.0214847439255365,-0.005,0.00668249792024824));
#3711=CARTESIAN_POINT('',(-0.0214847439255365,0.,0.00668249792024824));
#3712=CARTESIAN_POINT('',(0.,0.,0.));
#3713=CARTESIAN_POINT('',(0.,-0.005,0.));
#3714=CARTESIAN_POINT('',(-0.0158176706501391,-0.005,0.0160016028948267));
#3715=CARTESIAN_POINT('',(-0.0158176706501391,-0.005,0.0160016028948267));
#3716=CARTESIAN_POINT('',(-0.0158176706501391,0.,0.0160016028948267));
#3717=CARTESIAN_POINT('',(0.,-0.005,0.));
#3718=CARTESIAN_POINT('',(-0.0148848634461845,-0.005,0.0168727840082317));
#3719=CARTESIAN_POINT('',(-0.0148848634461845,-0.005,0.0168727840082317));
#3720=CARTESIAN_POINT('',(-0.0148848634461845,0.,0.0168727840082317));
#3721=CARTESIAN_POINT('',(0.,0.,0.));
#3722=CARTESIAN_POINT('',(0.,-0.005,0.));
#3723=CARTESIAN_POINT('',(0.,-0.005,0.));
#3724=CARTESIAN_POINT('',(-0.0188851149779932,-0.005,0.012231207310318));
#3725=CARTESIAN_POINT('',(-0.019548289308954,-0.005,0.0111406635840705));
#3726=CARTESIAN_POINT('',(-0.0188851149779932,-0.005,0.012231207310318));
#3727=CARTESIAN_POINT('',(-0.0188851149779932,0.,0.012231207310318));
#3728=CARTESIAN_POINT('',(0.,0.,0.));
#3729=CARTESIAN_POINT('',(-0.019548289308954,0.,0.0111406635840705));
#3730=CARTESIAN_POINT('',(-0.019548289308954,-0.005,0.0111406635840705));
#3731=CARTESIAN_POINT('',(0.,-0.005,0.));
#3732=CARTESIAN_POINT('',(-0.0109139277202317,-0.005,0.019675776521336));
#3733=CARTESIAN_POINT('',(-0.0109139277202317,-0.005,0.019675776521336));
#3734=CARTESIAN_POINT('',(-0.0109139277202317,0.,0.019675776521336));
#3735=CARTESIAN_POINT('',(0.,-0.005,0.));
#3736=CARTESIAN_POINT('',(-0.00978066968629164,-0.005,0.0202629835041056));
#3737=CARTESIAN_POINT('',(-0.00978066968629164,-0.005,0.0202629835041056));
#3738=CARTESIAN_POINT('',(-0.00978066968629164,0.,0.0202629835041056));
#3739=CARTESIAN_POINT('',(0.,0.,0.));
#3740=CARTESIAN_POINT('',(0.,-0.005,0.));
#3741=CARTESIAN_POINT('',(-0.00520074869921184,-0.005,0.021890687813946));
#3742=CARTESIAN_POINT('',(-0.00520074869921184,-0.005,0.021890687813946));
#3743=CARTESIAN_POINT('',(-0.00520074869921184,0.,0.021890687813946));
#3744=CARTESIAN_POINT('',(0.,-0.005,0.));
#3745=CARTESIAN_POINT('',(-0.00395108839935307,-0.005,0.0221503702104614));
#3746=CARTESIAN_POINT('',(-0.00395108839935307,-0.005,0.0221503702104614));
#3747=CARTESIAN_POINT('',(-0.00395108839935307,0.,0.0221503702104614));
#3748=CARTESIAN_POINT('',(0.,0.,0.));
#3749=CARTESIAN_POINT('',(0.,-0.005,0.));
#3750=CARTESIAN_POINT('',(0.000898146060986403,-0.005,0.0224820669346289));
#3751=CARTESIAN_POINT('',(0.000898146060986403,-0.005,0.0224820669346289));
#3752=CARTESIAN_POINT('',(0.000898146060986403,0.,0.0224820669346289));
#3753=CARTESIAN_POINT('',(0.,-0.005,0.));
#3754=CARTESIAN_POINT('',(0.00217152703913882,-0.005,0.0223949652895084));
#3755=CARTESIAN_POINT('',(0.00217152703913882,-0.005,0.0223949652895084));
#3756=CARTESIAN_POINT('',(0.00217152703913882,0.,0.0223949652895084));
#3757=CARTESIAN_POINT('',(0.,0.,0.));
#3758=CARTESIAN_POINT('',(0.,-0.005,0.));
#3759=CARTESIAN_POINT('',(0.00693042943658612,-0.005,0.021406053999383));
#3760=CARTESIAN_POINT('',(0.00693042943658612,-0.005,0.021406053999383));
#3761=CARTESIAN_POINT('',(0.00693042943658612,0.,0.021406053999383));
#3762=CARTESIAN_POINT('',(0.,-0.005,0.));
#3763=CARTESIAN_POINT('',(0.00813309025121297,-0.005,0.0209786282431818));
#3764=CARTESIAN_POINT('',(0.00813309025121297,-0.005,0.0209786282431818));
#3765=CARTESIAN_POINT('',(0.00813309025121297,0.,0.0209786282431818));
#3766=CARTESIAN_POINT('',(0.,0.,0.));
#3767=CARTESIAN_POINT('',(0.,-0.005,0.));
#3768=CARTESIAN_POINT('',(0.0221945672106113,-0.005,0.0036947511869757));
#3769=CARTESIAN_POINT('',(0.0221945672106113,-0.005,0.0036947511869757));
#3770=CARTESIAN_POINT('',(0.0221945672106113,0.,0.0036947511869757));
#3771=CARTESIAN_POINT('',(0.,-0.005,0.));
#3772=CARTESIAN_POINT('',(0.0223683643927748,-0.005,0.00243028278026279));
#3773=CARTESIAN_POINT('',(0.0223683643927748,-0.005,0.00243028278026279));
#3774=CARTESIAN_POINT('',(0.0223683643927748,0.,0.00243028278026279));
#3775=CARTESIAN_POINT('',(0.,0.,0.));
#3776=CARTESIAN_POINT('',(0.,-0.005,0.));
#3777=CARTESIAN_POINT('',(0.,-0.005,0.));
#3778=CARTESIAN_POINT('',(0.0208832023163844,-0.005,0.00837507379149312));
#3779=CARTESIAN_POINT('',(0.0203747005118256,-0.005,0.00954576236103818));
#3780=CARTESIAN_POINT('',(0.0208832023163844,-0.005,0.00837507379149312));
#3781=CARTESIAN_POINT('',(0.0208832023163844,0.,0.00837507379149312));
#3782=CARTESIAN_POINT('',(0.,0.,0.));
#3783=CARTESIAN_POINT('',(0.0203747005118256,0.,0.00954576236103818));
#3784=CARTESIAN_POINT('',(0.0203747005118256,-0.005,0.00954576236103818));
#3785=CARTESIAN_POINT('',(0.,-0.005,0.));
#3786=CARTESIAN_POINT('',(0.0124487145654793,-0.005,0.0187424519651838));
#3787=CARTESIAN_POINT('',(0.0124487145654793,-0.005,0.0187424519651838));
#3788=CARTESIAN_POINT('',(0.0124487145654793,0.,0.0187424519651838));
#3789=CARTESIAN_POINT('',(0.,-0.005,0.));
#3790=CARTESIAN_POINT('',(0.0134914593657668,-0.005,0.0180064023108966));
#3791=CARTESIAN_POINT('',(0.0134914593657668,-0.005,0.0180064023108966));
#3792=CARTESIAN_POINT('',(0.0134914593657668,0.,0.0180064023108966));
#3793=CARTESIAN_POINT('',(0.,0.,0.));
#3794=CARTESIAN_POINT('',(0.,-0.005,0.));
#3795=CARTESIAN_POINT('',(0.,-0.005,0.));
#3796=CARTESIAN_POINT('',(0.0178492286584815,-0.005,0.0136987238930216));
#3797=CARTESIAN_POINT('',(0.0170437354841305,-0.005,0.0146888080097395));
#3798=CARTESIAN_POINT('',(0.0178492286584815,-0.005,0.0136987238930216));
#3799=CARTESIAN_POINT('',(0.0178492286584815,0.,0.0136987238930216));
#3800=CARTESIAN_POINT('',(0.,0.,0.));
#3801=CARTESIAN_POINT('',(0.0170437354841305,0.,0.0146888080097395));
#3802=CARTESIAN_POINT('',(0.0170437354841305,-0.005,0.0146888080097395));
#3803=CARTESIAN_POINT('',(0.,-0.005,0.));
#3804=CARTESIAN_POINT('',(0.0208832023163844,-0.005,-0.00837507379149312));
#3805=CARTESIAN_POINT('',(0.0208832023163844,-0.005,-0.00837507379149312));
#3806=CARTESIAN_POINT('',(0.0208832023163844,0.,-0.00837507379149312));
#3807=CARTESIAN_POINT('',(0.,-0.005,0.));
#3808=CARTESIAN_POINT('',(0.0203747005118256,-0.005,-0.00954576236103818));
#3809=CARTESIAN_POINT('',(0.0203747005118256,-0.005,-0.00954576236103818));
#3810=CARTESIAN_POINT('',(0.0203747005118256,0.,-0.00954576236103818));
#3811=CARTESIAN_POINT('',(0.,0.,0.));
#3812=CARTESIAN_POINT('',(0.,-0.005,0.));
#3813=CARTESIAN_POINT('',(0.0178492286584815,-0.005,-0.0136987238930216));
#3814=CARTESIAN_POINT('',(0.0178492286584815,-0.005,-0.0136987238930216));
#3815=CARTESIAN_POINT('',(0.0178492286584815,0.,-0.0136987238930216));
#3816=CARTESIAN_POINT('',(0.,-0.005,0.));
#3817=CARTESIAN_POINT('',(0.0170437354841305,-0.005,-0.0146888080097395));
#3818=CARTESIAN_POINT('',(0.0170437354841305,-0.005,-0.0146888080097395));
#3819=CARTESIAN_POINT('',(0.0170437354841305,0.,-0.0146888080097395));
#3820=CARTESIAN_POINT('',(0.,0.,0.));
#3821=CARTESIAN_POINT('',(0.,-0.005,0.));
#3822=CARTESIAN_POINT('',(0.00813309025121295,-0.005,-0.0209786282431818));
#3823=CARTESIAN_POINT('',(0.00813309025121295,-0.005,-0.0209786282431818));
#3824=CARTESIAN_POINT('',(0.00813309025121295,0.,-0.0209786282431818));
#3825=CARTESIAN_POINT('',(0.,-0.005,0.));
#3826=CARTESIAN_POINT('',(0.00693042943658613,-0.005,-0.021406053999383));
#3827=CARTESIAN_POINT('',(0.00693042943658613,-0.005,-0.021406053999383));
#3828=CARTESIAN_POINT('',(0.00693042943658613,0.,-0.021406053999383));
#3829=CARTESIAN_POINT('',(0.,0.,0.));
#3830=CARTESIAN_POINT('',(0.,-0.005,0.));
#3831=CARTESIAN_POINT('',(0.,-0.005,0.));
#3832=CARTESIAN_POINT('',(0.0124487145654793,-0.005,-0.0187424519651838));
#3833=CARTESIAN_POINT('',(0.0134914593657668,-0.005,-0.0180064023108966));
#3834=CARTESIAN_POINT('',(0.0124487145654793,-0.005,-0.0187424519651838));
#3835=CARTESIAN_POINT('',(0.0124487145654793,0.,-0.0187424519651838));
#3836=CARTESIAN_POINT('',(0.,0.,0.));
#3837=CARTESIAN_POINT('',(0.0134914593657668,0.,-0.0180064023108966));
#3838=CARTESIAN_POINT('',(0.0134914593657668,-0.005,-0.0180064023108966));
#3839=CARTESIAN_POINT('',(0.,-0.005,0.));
#3840=CARTESIAN_POINT('',(0.00217152703913883,-0.005,-0.0223949652895084));
#3841=CARTESIAN_POINT('',(0.00217152703913883,-0.005,-0.0223949652895084));
#3842=CARTESIAN_POINT('',(0.00217152703913883,0.,-0.0223949652895084));
#3843=CARTESIAN_POINT('',(0.,-0.005,0.));
#3844=CARTESIAN_POINT('',(0.000898146060986397,-0.005,-0.0224820669346289));
#3845=CARTESIAN_POINT('',(0.000898146060986397,-0.005,-0.0224820669346289));
#3846=CARTESIAN_POINT('',(0.000898146060986397,0.,-0.0224820669346289));
#3847=CARTESIAN_POINT('',(0.,0.,0.));
#3848=CARTESIAN_POINT('',(0.,-0.005,0.));
#3849=CARTESIAN_POINT('',(0.,-0.005,0.));
#3850=CARTESIAN_POINT('',(-0.00520074869921184,-0.005,-0.021890687813946));
#3851=CARTESIAN_POINT('',(-0.00395108839935308,-0.005,-0.0221503702104614));
#3852=CARTESIAN_POINT('',(-0.00520074869921184,-0.005,-0.021890687813946));
#3853=CARTESIAN_POINT('',(-0.00520074869921184,0.,-0.021890687813946));
#3854=CARTESIAN_POINT('',(0.,0.,0.));
#3855=CARTESIAN_POINT('',(-0.00395108839935308,0.,-0.0221503702104614));
#3856=CARTESIAN_POINT('',(-0.00395108839935308,-0.005,-0.0221503702104614));
#3857=CARTESIAN_POINT('',(0.,-0.005,0.));
#3858=CARTESIAN_POINT('',(0.,-0.005,0.));
#3859=CARTESIAN_POINT('',(0.0025,-0.005,0.));
#3860=CARTESIAN_POINT('',(-0.0146416824968131,-0.005,-0.0123326295018453));
#3861=CARTESIAN_POINT('',(-0.0141758855259191,-0.005,-0.0128463805060379));
#3862=CARTESIAN_POINT('',(-0.0141112858984092,-0.005,-0.011885878608389));
#3863=CARTESIAN_POINT('',(-0.0136701114342242,-0.005,-0.0123907446659146));
#3864=CARTESIAN_POINT('',(-0.0140016023244379,-0.005,-0.0126886182129625));
#3865=CARTESIAN_POINT('',(-0.0144214791578253,-0.005,-0.0130659142575196));
#3866=CARTESIAN_POINT('',(-0.0144762388688059,-0.005,-0.01312947798305));
#3867=CARTESIAN_POINT('',(-0.0145649286122805,-0.005,-0.0132305944582918));
#3868=CARTESIAN_POINT('',(-0.0146658551306517,-0.005,-0.0133619740558935));
#3869=CARTESIAN_POINT('',(-0.0147922219945966,-0.005,-0.0135424544442724));
#3870=CARTESIAN_POINT('',(-0.0149338621705721,-0.005,-0.013768880480811));
#3871=CARTESIAN_POINT('',(-0.0150881671373744,-0.005,-0.0140449988170279));
#3872=CARTESIAN_POINT('',(-0.0152499018980146,-0.005,-0.0143719851627494));
#3873=CARTESIAN_POINT('',(-0.0154145865074639,-0.005,-0.0147511931023934));
#3874=CARTESIAN_POINT('',(-0.0155768494395769,-0.005,-0.0151841592609563));
#3875=CARTESIAN_POINT('',(-0.0157335535597301,-0.005,-0.0156691141721586));
#3876=CARTESIAN_POINT('',(-0.0158241429749272,-0.005,-0.0160258119788785));
#3877=CARTESIAN_POINT('',(-0.0158704676398282,-0.005,-0.0162082163616778));
#3878=CARTESIAN_POINT('',(-0.0114289775849618,-0.005,-0.0144838175686674));
#3879=CARTESIAN_POINT('',(-0.011703534981663,-0.005,-0.0148348632868329));
#3880=CARTESIAN_POINT('',(-0.0120512980536304,-0.005,-0.0152795088830436));
#3881=CARTESIAN_POINT('',(-0.012110976662613,-0.005,-0.0153384786785315));
#3882=CARTESIAN_POINT('',(-0.012205805009877,-0.005,-0.015433862098045));
#3883=CARTESIAN_POINT('',(-0.0123299908621269,-0.005,-0.0155435189942143));
#3884=CARTESIAN_POINT('',(-0.012501426929299,-0.005,-0.0156819076851007));
#3885=CARTESIAN_POINT('',(-0.0127176592470472,-0.005,-0.0158386695243161));
#3886=CARTESIAN_POINT('',(-0.0129826037443629,-0.005,-0.0160114577522634));
#3887=CARTESIAN_POINT('',(-0.0132977906390499,-0.005,-0.0161951298092159));
#3888=CARTESIAN_POINT('',(-0.013664876082269,-0.005,-0.0163853085657981));
#3889=CARTESIAN_POINT('',(-0.0140857596826966,-0.005,-0.0165767398811302));
#3890=CARTESIAN_POINT('',(-0.0145588901847252,-0.005,-0.016766173181324));
#3891=CARTESIAN_POINT('',(-0.01490857440621,-0.005,-0.0168808933308579));
#3892=CARTESIAN_POINT('',(-0.0150873922553613,-0.005,-0.0169395577175633));
#3893=CARTESIAN_POINT('',(-0.0118490359881422,-0.005,-0.0150195062735628));
#3894=CARTESIAN_POINT('',(-0.0113046955466872,-0.005,-0.0154491577558126));
#3895=CARTESIAN_POINT('',(-0.0108951816765933,-0.005,-0.0148895102751577));
#3896=CARTESIAN_POINT('',(0.,-0.005,0.));
#3897=CARTESIAN_POINT('',(-0.0103812294673777,-0.005,-0.0152522973595996));
#3898=CARTESIAN_POINT('',(-0.0107714255725653,-0.005,-0.0158255808077288));
#3899=CARTESIAN_POINT('',(-0.0101842932547874,-0.005,-0.0161946100122962));
#3900=CARTESIAN_POINT('',(-0.00982020371689045,-0.005,-0.0156194141682321));
#3901=CARTESIAN_POINT('',(-0.0100590367044689,-0.005,-0.0159956769279758));
#3902=CARTESIAN_POINT('',(-0.0103615501113026,-0.005,-0.0164722632256593));
#3903=CARTESIAN_POINT('',(-0.0103971298957452,-0.005,-0.0165482438290328));
#3904=CARTESIAN_POINT('',(-0.0104552498844163,-0.005,-0.016669538837503));
#3905=CARTESIAN_POINT('',(-0.0105169879824789,-0.005,-0.0168232761720191));
#3906=CARTESIAN_POINT('',(-0.0105899757942776,-0.005,-0.01703115722989));
#3907=CARTESIAN_POINT('',(-0.0106652745547434,-0.005,-0.017287400836923));
#3908=CARTESIAN_POINT('',(-0.0107393616392325,-0.005,-0.0175949109380367));
#3909=CARTESIAN_POINT('',(-0.0108068789759298,-0.005,-0.0179534072592631));
#3910=CARTESIAN_POINT('',(-0.0108631475556156,-0.005,-0.0183629845157346));
#3911=CARTESIAN_POINT('',(-0.0109025804664424,-0.005,-0.018823673129814));
#3912=CARTESIAN_POINT('',(-0.0109226343035374,-0.005,-0.0193329228630391));
#3913=CARTESIAN_POINT('',(-0.0109136285009497,-0.005,-0.01970083407921));
#3914=CARTESIAN_POINT('',(-0.0109090232080892,-0.005,-0.0198889726577107));
#3915=CARTESIAN_POINT('',(-0.00709747287921641,-0.005,-0.0170302195737104));
#3916=CARTESIAN_POINT('',(-0.0072671379415796,-0.005,-0.0174423222635085));
#3917=CARTESIAN_POINT('',(-0.0074820410693114,-0.005,-0.0179643045487873));
#3918=CARTESIAN_POINT('',(-0.00752359677316719,-0.005,-0.0180371886803046));
#3919=CARTESIAN_POINT('',(-0.00758917448947162,-0.005,-0.0181546194057865));
#3920=CARTESIAN_POINT('',(-0.00767917011692547,-0.005,-0.0182937148687453));
#3921=CARTESIAN_POINT('',(-0.00780691204771461,-0.005,-0.0184732246289561));
#3922=CARTESIAN_POINT('',(-0.00797283204649668,-0.005,-0.0186825120950813));
#3923=CARTESIAN_POINT('',(-0.0081813339771555,-0.005,-0.0189203740367336));
#3924=CARTESIAN_POINT('',(-0.00843527875887753,-0.005,-0.0191822714420734));
#3925=CARTESIAN_POINT('',(-0.00873744206361839,-0.005,-0.019464436321792));
#3926=CARTESIAN_POINT('',(-0.00909107060765637,-0.005,-0.0197623218810933));
#3927=CARTESIAN_POINT('',(-0.00949554765448935,-0.005,-0.0200723795624324));
#3928=CARTESIAN_POINT('',(-0.00980131351053901,-0.005,-0.020277189251507));
#3929=CARTESIAN_POINT('',(-0.00995767284665808,-0.005,-0.0203819226819435));
#3930=CARTESIAN_POINT('',(-0.00735742729440849,-0.005,-0.0176593738891664));
#3931=CARTESIAN_POINT('',(-0.00671735389049509,-0.005,-0.0179262314354447));
#3932=CARTESIAN_POINT('',(-0.0064740169888398,-0.005,-0.017276851681606));
#3933=CARTESIAN_POINT('',(0.,-0.005,0.));
#3934=CARTESIAN_POINT('',(-0.00588124473771562,-0.005,-0.0174875229902663));
#3935=CARTESIAN_POINT('',(-0.00610230128959353,-0.005,-0.018144821182318));
#3936=CARTESIAN_POINT('',(-0.00543737854298965,-0.005,-0.0183417593793537));
#3937=CARTESIAN_POINT('',(-0.00524197641431762,-0.005,-0.0176896631757572));
#3938=CARTESIAN_POINT('',(-0.00537043834916037,-0.005,-0.0181164094605939));
#3939=CARTESIAN_POINT('',(-0.00553315229396233,-0.005,-0.0186569397859419));
#3940=CARTESIAN_POINT('',(-0.00554691336202148,-0.005,-0.0187397021333945));
#3941=CARTESIAN_POINT('',(-0.00557015310221063,-0.005,-0.0188721797792025));
#3942=CARTESIAN_POINT('',(-0.00558812394766435,-0.005,-0.0190368728558336));
#3943=CARTESIAN_POINT('',(-0.00560231953521273,-0.005,-0.0192567369961267));
#3944=CARTESIAN_POINT('',(-0.00560569231557399,-0.005,-0.0195237937575569));
#3945=CARTESIAN_POINT('',(-0.00559406681761903,-0.005,-0.0198398890061329));
#3946=CARTESIAN_POINT('',(-0.00556235927838199,-0.005,-0.0202033072707305));
#3947=CARTESIAN_POINT('',(-0.0055060386451606,-0.005,-0.0206128773726082));
#3948=CARTESIAN_POINT('',(-0.00541971697609883,-0.005,-0.0210671212752079));
#3949=CARTESIAN_POINT('',(-0.00530163322877852,-0.005,-0.0215628971074052));
#3950=CARTESIAN_POINT('',(-0.00519370012758499,-0.005,-0.0219147354412055));
#3951=CARTESIAN_POINT('',(-0.00513850643046679,-0.005,-0.0220946548377169));
#3952=CARTESIAN_POINT('',(-0.00223958107879743,-0.005,-0.0183135681010417));
#3953=CARTESIAN_POINT('',(-0.00229177052531323,-0.005,-0.0187561639912146));
#3954=CARTESIAN_POINT('',(-0.0023578753269419,-0.005,-0.0193167699273725));
#3955=CARTESIAN_POINT('',(-0.00237822612922059,-0.005,-0.0193981629123073));
#3956=CARTESIAN_POINT('',(-0.00240968961534527,-0.005,-0.0195289316440584));
#3957=CARTESIAN_POINT('',(-0.00245882045401743,-0.005,-0.0196871495996383));
#3958=CARTESIAN_POINT('',(-0.00253339421379744,-0.005,-0.0198944670114612));
#3959=CARTESIAN_POINT('',(-0.0026366963663372,-0.005,-0.0201407582105602));
#3960=CARTESIAN_POINT('',(-0.00277329209597504,-0.005,-0.0204260527338511));
#3961=CARTESIAN_POINT('',(-0.00294716084199187,-0.005,-0.0207467517551251));
#3962=CARTESIAN_POINT('',(-0.00316199193824698,-0.005,-0.0210999758796698));
#3963=CARTESIAN_POINT('',(-0.003422138414527,-0.005,-0.0214822228737426));
#3964=CARTESIAN_POINT('',(-0.00372796379396013,-0.005,-0.0218899093764218));
#3965=CARTESIAN_POINT('',(-0.00396713402981706,-0.005,-0.0221696188073402));
#3966=CARTESIAN_POINT('',(-0.00408943839624037,-0.005,-0.022312653682096));
#3967=CARTESIAN_POINT('',(-0.00232015187623872,-0.005,-0.0189895265296707));
#3968=CARTESIAN_POINT('',(-0.00163181682609419,-0.005,-0.0190737985365619));
#3969=CARTESIAN_POINT('',(-0.00157270407768107,-0.005,-0.0183828480351671));
#3970=CARTESIAN_POINT('',(0.,-0.005,0.));
#3971=CARTESIAN_POINT('',(-0.000945074990761565,-0.005,-0.0184257790408394));
#3972=CARTESIAN_POINT('',(-0.000980597236143407,-0.005,-0.0191183431768482));
#3973=CARTESIAN_POINT('',(-0.00028719833901002,-0.005,-0.0191285843612104));
#3974=CARTESIAN_POINT('',(-0.000274975701541279,-0.005,-0.0184479507903605));
#3975=CARTESIAN_POINT('',(-0.000283539149615282,-0.005,-0.0188935307805785));
#3976=CARTESIAN_POINT('',(-0.000294385883466312,-0.005,-0.0194579164721215));
#3977=CARTESIAN_POINT('',(-0.000285307639676765,-0.005,-0.0195413224589551));
#3978=CARTESIAN_POINT('',(-0.000271943546168858,-0.005,-0.0196751574811565));
#3979=CARTESIAN_POINT('',(-0.000244814323617533,-0.005,-0.0198385917678293));
#3980=CARTESIAN_POINT('',(-0.000199164865127626,-0.005,-0.0200541326730707));
#3981=CARTESIAN_POINT('',(-0.000130361521694389,-0.005,-0.0203121962106062));
#3982=CARTESIAN_POINT('',(-3.38856512956351E-5,-0.005,-0.0206134332680972));
#3983=CARTESIAN_POINT('',(9.4695160742877E-5,-0.005,-0.0209548204059086));
#3984=CARTESIAN_POINT('',(0.000259427963155181,-0.005,-0.0213340074123949));
#3985=CARTESIAN_POINT('',(0.000465102128806653,-0.005,-0.0217481174112867));
#3986=CARTESIAN_POINT('',(0.000712565729200709,-0.005,-0.0221936499170056));
#3987=CARTESIAN_POINT('',(0.000911421224645582,-0.005,-0.0225033211287705));
#3988=CARTESIAN_POINT('',(0.00101310986200063,-0.005,-0.0226616775447298));
#3989=CARTESIAN_POINT('',(0.00278441020483426,-0.005,-0.0182386830613182));
#3990=CARTESIAN_POINT('',(0.00285356702666311,-0.005,-0.0186789468394332));
#3991=CARTESIAN_POINT('',(0.00294116324186502,-0.005,-0.0192365988487868));
#3992=CARTESIAN_POINT('',(0.00294352666706971,-0.005,-0.0193204641417946));
#3993=CARTESIAN_POINT('',(0.00294851091395479,-0.005,-0.0194548723612081));
#3994=CARTESIAN_POINT('',(0.00294388867360998,-0.005,-0.0196204785074428));
#3995=CARTESIAN_POINT('',(0.00292801387944974,-0.005,-0.0198402277868569));
#3996=CARTESIAN_POINT('',(0.00289499102123026,-0.005,-0.0201052564273997));
#3997=CARTESIAN_POINT('',(0.00284043217299677,-0.005,-0.0204168245426723));
#3998=CARTESIAN_POINT('',(0.00275953451218061,-0.005,-0.020772540400573));
#3999=CARTESIAN_POINT('',(0.00264796866403363,-0.005,-0.0211706267525192));
#4000=CARTESIAN_POINT('',(0.00250059812956632,-0.005,-0.0216088856704769));
#4001=CARTESIAN_POINT('',(0.00231610608686757,-0.005,-0.0220839647516339));
#4002=CARTESIAN_POINT('',(0.00216126963346585,-0.005,-0.0224178291554906));
#4003=CARTESIAN_POINT('',(0.00208209099209068,-0.005,-0.022588557232246));
#4004=CARTESIAN_POINT('',(0.00288919859260312,-0.005,-0.0189113128587726));
#4005=CARTESIAN_POINT('',(0.00357474462723287,-0.005,-0.0188067492570445));
#4006=CARTESIAN_POINT('',(0.00344524910027686,-0.005,-0.0181254726458938));
#4007=CARTESIAN_POINT('',(0.,-0.005,0.));
#4008=CARTESIAN_POINT('',(0.00406118664482689,-0.005,-0.0179974793522838));
#4009=CARTESIAN_POINT('',(0.00421383322837763,-0.005,-0.018673945118552));
#4010=CARTESIAN_POINT('',(0.00488428205192902,-0.005,-0.0184967297484468));
#4011=CARTESIAN_POINT('',(0.00471241870108826,-0.005,-0.0178380382886021));
#4012=CARTESIAN_POINT('',(0.00482438885155149,-0.005,-0.0182694053547196));
#4013=CARTESIAN_POINT('',(0.00496621378128062,-0.005,-0.0188157885076088));
#4014=CARTESIAN_POINT('',(0.00499745804510719,-0.005,-0.0188936522933369));
#4015=CARTESIAN_POINT('',(0.00504643481863334,-0.005,-0.0190189187605893));
#4016=CARTESIAN_POINT('',(0.00511665205886101,-0.005,-0.0191689730839236));
#4017=CARTESIAN_POINT('',(0.00521876095188538,-0.005,-0.0193642050712054));
#4018=CARTESIAN_POINT('',(0.00535463758988502,-0.005,-0.0195941359928294));
#4019=CARTESIAN_POINT('',(0.00552880865876783,-0.005,-0.0198581734847492));
#4020=CARTESIAN_POINT('',(0.00574472649299699,-0.005,-0.0201522103735053));
#4021=CARTESIAN_POINT('',(0.00600565398624772,-0.005,-0.020472891718994));
#4022=CARTESIAN_POINT('',(0.00631542673651922,-0.005,-0.0208161551699873));
#4023=CARTESIAN_POINT('',(0.00667391694681644,-0.005,-0.0211784012414542));
#4024=CARTESIAN_POINT('',(0.00694894663411888,-0.005,-0.0214229384340587));
#4025=CARTESIAN_POINT('',(0.00708958843067272,-0.005,-0.0215479872985266));
#4026=CARTESIAN_POINT('',(0.00760189452140248,-0.005,-0.0168111183353598));
#4027=CARTESIAN_POINT('',(0.00778726856647233,-0.005,-0.0172163976510669));
#4028=CARTESIAN_POINT('',(0.00802206918794931,-0.005,-0.0177297372351707));
#4029=CARTESIAN_POINT('',(0.00804697155620191,-0.005,-0.0178098549311273));
#4030=CARTESIAN_POINT('',(0.00808803387730669,-0.005,-0.017937934195446));
#4031=CARTESIAN_POINT('',(0.00812826304571027,-0.005,-0.0180986462820669));
#4032=CARTESIAN_POINT('',(0.00817226457803032,-0.005,-0.0183145296303042));
#4033=CARTESIAN_POINT('',(0.00821197016845573,-0.005,-0.0185786397504472));
#4034=CARTESIAN_POINT('',(0.00824349458180993,-0.005,-0.018893373875921));
#4035=CARTESIAN_POINT('',(0.00826156781561501,-0.005,-0.0192577247525597));
#4036=CARTESIAN_POINT('',(0.00826154154415341,-0.005,-0.0196711490883073));
#4037=CARTESIAN_POINT('',(0.00823787674986492,-0.005,-0.0201329162711061));
#4038=CARTESIAN_POINT('',(0.00818840097471259,-0.005,-0.0206401534886337));
#4039=CARTESIAN_POINT('',(0.00812938181518524,-0.005,-0.0210034116699225));
#4040=CARTESIAN_POINT('',(0.00809920121647083,-0.005,-0.0211891708282536));
#4041=CARTESIAN_POINT('',(0.00788427041903564,-0.005,-0.0174305336266392));
#4042=CARTESIAN_POINT('',(0.00851618362492657,-0.005,-0.0171448894202852));
#4043=CARTESIAN_POINT('',(0.00820768391343311,-0.005,-0.0165238138689944));
#4044=CARTESIAN_POINT('',(0.,-0.005,0.));
#4045=CARTESIAN_POINT('',(0.00876624864566117,-0.005,-0.0162343889531588));
#4046=CARTESIAN_POINT('',(0.00909574295935418,-0.005,-0.0168445859784273));
#4047=CARTESIAN_POINT('',(0.00969351758718007,-0.005,-0.0164930573071491));
#4048=CARTESIAN_POINT('',(0.00935031456653914,-0.005,-0.0159051600905733));
#4049=CARTESIAN_POINT('',(0.0095745140017091,-0.005,-0.0162903217106694));
#4050=CARTESIAN_POINT('',(0.00985849208878626,-0.005,-0.0167781795859915));
#4051=CARTESIAN_POINT('',(0.00990958512853484,-0.005,-0.0168447263698299));
#4052=CARTESIAN_POINT('',(0.00999054219884062,-0.005,-0.0169521338413132));
#4053=CARTESIAN_POINT('',(0.0100986397652594,-0.005,-0.0170776793586001));
#4054=CARTESIAN_POINT('',(0.0102496351433398,-0.005,-0.0172381229645526));
#4055=CARTESIAN_POINT('',(0.0104425077272596,-0.005,-0.0174228683456722));
#4056=CARTESIAN_POINT('',(0.0106814565232271,-0.005,-0.0176301238191361));
#4057=CARTESIAN_POINT('',(0.0109686977416405,-0.005,-0.0178550030879271));
#4058=CARTESIAN_POINT('',(0.0113064681272191,-0.005,-0.0180933953040429));
#4059=CARTESIAN_POINT('',(0.011697365034339,-0.005,-0.0183403539273034));
#4060=CARTESIAN_POINT('',(0.0121402942756252,-0.005,-0.0185924474305631));
#4061=CARTESIAN_POINT('',(0.0124711004610551,-0.005,-0.018753714399115));
#4062=CARTESIAN_POINT('',(0.0126402646581508,-0.005,-0.0188361814098744));
#4063=CARTESIAN_POINT('',(0.0118555810976717,-0.005,-0.0141367498682169));
#4064=CARTESIAN_POINT('',(0.0121434240210896,-0.005,-0.0144769870086995));
#4065=CARTESIAN_POINT('',(0.012508014960888,-0.005,-0.0149079421189728));
#4066=CARTESIAN_POINT('',(0.012553609377456,-0.005,-0.0149783702548832));
#4067=CARTESIAN_POINT('',(0.0126277043682718,-0.005,-0.0150906215109962));
#4068=CARTESIAN_POINT('',(0.0127098013320394,-0.005,-0.0152345202577476));
#4069=CARTESIAN_POINT('',(0.0128104157984812,-0.005,-0.01543052659447));
#4070=CARTESIAN_POINT('',(0.0129199050555506,-0.005,-0.0156741303548254));
#4071=CARTESIAN_POINT('',(0.0130351747089687,-0.005,-0.0159686881002268));
#4072=CARTESIAN_POINT('',(0.0131508784283232,-0.005,-0.0163146517578776));
#4073=CARTESIAN_POINT('',(0.0132623936819811,-0.005,-0.0167127522857347));
#4074=CARTESIAN_POINT('',(0.0133641897374046,-0.005,-0.0171637805738707));
#4075=CARTESIAN_POINT('',(0.0134533996217051,-0.005,-0.0176655564638009));
#4076=CARTESIAN_POINT('',(0.0134945749371196,-0.005,-0.0180312672250113));
#4077=CARTESIAN_POINT('',(0.0135156307380055,-0.005,-0.0182182805579361));
#4078=CARTESIAN_POINT('',(0.0122946019766255,-0.005,-0.0146570114548034));
#4079=CARTESIAN_POINT('',(0.0128260162421072,-0.005,-0.0142114715678735));
#4080=CARTESIAN_POINT('',(0.0123613923583855,-0.005,-0.0136966594088503));
#4081=CARTESIAN_POINT('',(0.,-0.005,0.));
#4082=CARTESIAN_POINT('',(0.0128211580873659,-0.005,-0.0132672681927657));
#4083=CARTESIAN_POINT('',(0.0133030630452907,-0.005,-0.013765940955136));
#4084=CARTESIAN_POINT('',(0.0137838292678822,-0.005,-0.0132661702560968));
#4085=CARTESIAN_POINT('',(0.0132947403754327,-0.005,-0.0127926689298926));
#4086=CARTESIAN_POINT('',(0.013614541248847,-0.005,-0.0131030594286019));
#4087=CARTESIAN_POINT('',(0.014019611137667,-0.005,-0.0134962098395455));
#4088=CARTESIAN_POINT('',(0.0140867636163146,-0.005,-0.0135465041509682));
#4089=CARTESIAN_POINT('',(0.0141936967678493,-0.005,-0.0136280867058789));
#4090=CARTESIAN_POINT('',(0.0143316575584715,-0.005,-0.0137198122804337));
#4091=CARTESIAN_POINT('',(0.0145203407851735,-0.005,-0.0138335681367841));
#4092=CARTESIAN_POINT('',(0.0147559048377976,-0.005,-0.0139594262576356));
#4093=CARTESIAN_POINT('',(0.0150419096217708,-0.005,-0.0140945285223076));
#4094=CARTESIAN_POINT('',(0.0153791708572398,-0.005,-0.0142335719045214));
#4095=CARTESIAN_POINT('',(0.0157687332508447,-0.005,-0.0143719945311669));
#4096=CARTESIAN_POINT('',(0.0162117632794462,-0.005,-0.0145043325353679));
#4097=CARTESIAN_POINT('',(0.0167062815161618,-0.005,-0.0146275768485346));
#4098=CARTESIAN_POINT('',(0.0170683298182834,-0.005,-0.0146936131597237));
#4099=CARTESIAN_POINT('',(0.0172534702812969,-0.005,-0.014727382115848));
#4100=CARTESIAN_POINT('',(0.0152299934596013,-0.005,-0.0104139233346757));
#4101=CARTESIAN_POINT('',(0.015598957268531,-0.005,-0.0106638844677057));
#4102=CARTESIAN_POINT('',(0.0160662984845387,-0.005,-0.010980493135108));
#4103=CARTESIAN_POINT('',(0.0161292034201258,-0.005,-0.0110360083783189));
#4104=CARTESIAN_POINT('',(0.0162308357941457,-0.005,-0.0111241064640756));
#4105=CARTESIAN_POINT('',(0.0163487117970435,-0.005,-0.0112405195592039));
#4106=CARTESIAN_POINT('',(0.0164984770829115,-0.005,-0.0114021119910859));
#4107=CARTESIAN_POINT('',(0.0166696296893082,-0.005,-0.0116071424151614));
#4108=CARTESIAN_POINT('',(0.0168600955599196,-0.005,-0.0118596777800261));
#4109=CARTESIAN_POINT('',(0.0170648485492683,-0.005,-0.0121615956768793));
#4110=CARTESIAN_POINT('',(0.0172796347518303,-0.005,-0.0125148471018836));
#4111=CARTESIAN_POINT('',(0.0174993419092209,-0.005,-0.0129216857905429));
#4112=CARTESIAN_POINT('',(0.0177206211639638,-0.005,-0.0133807859305914));
#4113=CARTESIAN_POINT('',(0.0178589371695404,-0.005,-0.0137218261775798));
#4114=CARTESIAN_POINT('',(0.0179296677575988,-0.005,-0.0138962237617245));
#4115=CARTESIAN_POINT('',(0.0157930991496706,-0.005,-0.0107964457947305));
#4116=CARTESIAN_POINT('',(0.0161846019097309,-0.005,-0.0102240538824291));
#4117=CARTESIAN_POINT('',(0.0155983128817237,-0.005,-0.00985368637839933));
#4118=CARTESIAN_POINT('',(0.,-0.005,0.));
#4119=CARTESIAN_POINT('',(0.0159251808866262,-0.005,-0.00931617484422861));
#4120=CARTESIAN_POINT('',(0.016523755802622,-0.005,-0.00966633906619173));
#4121=CARTESIAN_POINT('',(0.0168518573886087,-0.005,-0.00905539204584052));
#4122=CARTESIAN_POINT('',(0.0162531561100707,-0.005,-0.00873140403724795));
#4123=CARTESIAN_POINT('',(0.0166448402539399,-0.005,-0.0089440031712233));
#4124=CARTESIAN_POINT('',(0.0171409597639204,-0.005,-0.00921328795035226));
#4125=CARTESIAN_POINT('',(0.0172191912893277,-0.005,-0.00924359969036206));
#4126=CARTESIAN_POINT('',(0.0173441697794288,-0.005,-0.00929330672381784));
#4127=CARTESIAN_POINT('',(0.0175017618735425,-0.005,-0.00934440948939249));
#4128=CARTESIAN_POINT('',(0.0177141391771099,-0.005,-0.0094030408446737));
#4129=CARTESIAN_POINT('',(0.0179749239902889,-0.005,-0.00946067738419599));
#4130=CARTESIAN_POINT('',(0.0182867730958255,-0.005,-0.00951360652315707));
#4131=CARTESIAN_POINT('',(0.0186490412253829,-0.005,-0.00955650180721605));
#4132=CARTESIAN_POINT('',(0.0190615035664096,-0.005,-0.00958468867141439));
#4133=CARTESIAN_POINT('',(0.0195238092059991,-0.005,-0.00959259115219024));
#4134=CARTESIAN_POINT('',(0.0200332402827971,-0.005,-0.00957784580836173));
#4135=CARTESIAN_POINT('',(0.0203996792353027,-0.005,-0.00954375385108303));
#4136=CARTESIAN_POINT('',(0.0205870649430538,-0.005,-0.00952632026357929));
#4137=CARTESIAN_POINT('',(0.0174748668792163,-0.005,-0.00591874374793081));
#4138=CARTESIAN_POINT('',(0.0178975872158466,-0.005,-0.00605989039976743));
#4139=CARTESIAN_POINT('',(0.018433018148016,-0.005,-0.00623867120782578));
#4140=CARTESIAN_POINT('',(0.0185085682313206,-0.005,-0.0062751562467137));
#4141=CARTESIAN_POINT('',(0.0186302003803009,-0.005,-0.00633256733011543));
#4142=CARTESIAN_POINT('',(0.0187751130984407,-0.005,-0.00641286094690946));
#4143=CARTESIAN_POINT('',(0.0189629217976128,-0.005,-0.00652805490251459));
#4144=CARTESIAN_POINT('',(0.0191830441474913,-0.005,-0.00667930582170822));
#4145=CARTESIAN_POINT('',(0.0194345802529961,-0.005,-0.0068710894132965));
#4146=CARTESIAN_POINT('',(0.0197131969198018,-0.005,-0.00710656968012515));
#4147=CARTESIAN_POINT('',(0.0200153243612052,-0.005,-0.00738877296010175));
#4148=CARTESIAN_POINT('',(0.0203366479457927,-0.005,-0.00772124868490956));
#4149=CARTESIAN_POINT('',(0.0206735853009389,-0.005,-0.00810362371793241));
#4150=CARTESIAN_POINT('',(0.0208987837312975,-0.005,-0.00839470005573505));
#4151=CARTESIAN_POINT('',(0.0210139433423831,-0.005,-0.00854354762009947));
#4152=CARTESIAN_POINT('',(0.0181202944074058,-0.005,-0.00613515714051563));
#4153=CARTESIAN_POINT('',(0.0183428496933368,-0.005,-0.00547836489245914));
#4154=CARTESIAN_POINT('',(0.0176783778961577,-0.005,-0.00527991050687817));
#4155=CARTESIAN_POINT('',(0.,-0.005,0.));
#4156=CARTESIAN_POINT('',(0.0178481058723802,-0.005,-0.00467414342615913));
#4157=CARTESIAN_POINT('',(0.0185189571832258,-0.005,-0.00484982902926683));
#4158=CARTESIAN_POINT('',(0.0186700603389398,-0.005,-0.00417301683320634));
#4159=CARTESIAN_POINT('',(0.0180061496092665,-0.005,-0.00402257085067627));
#4160=CARTESIAN_POINT('',(0.0184406676024755,-0.005,-0.00412161111472701));
#4161=CARTESIAN_POINT('',(0.018991041819157,-0.005,-0.00424705864186919));
#4162=CARTESIAN_POINT('',(0.0190745503169701,-0.005,-0.00425513972737662));
#4163=CARTESIAN_POINT('',(0.0192083050627651,-0.005,-0.00426928469610062));
#4164=CARTESIAN_POINT('',(0.0193738405756858,-0.005,-0.00427597459435199));
#4165=CARTESIAN_POINT('',(0.0195941609030746,-0.005,-0.00427513302916336));
#4166=CARTESIAN_POINT('',(0.0198608252602263,-0.005,-0.00426027334888978));
#4167=CARTESIAN_POINT('',(0.0201753902657831,-0.005,-0.0042271038500379));
#4168=CARTESIAN_POINT('',(0.0205357975195261,-0.005,-0.00417066968895627));
#4169=CARTESIAN_POINT('',(0.0209405693630305,-0.005,-0.00408653029993612));
#4170=CARTESIAN_POINT('',(0.021387863519227,-0.005,-0.00396941116643919));
#4171=CARTESIAN_POINT('',(0.0218744252636334,-0.005,-0.00381776976031171));
#4172=CARTESIAN_POINT('',(0.0222180777657626,-0.005,-0.00368607797907631));
#4173=CARTESIAN_POINT('',(0.0223938111775397,-0.005,-0.00361873481737627));
#4174=CARTESIAN_POINT('',(0.0221945672106113,-0.005,-0.0036947511869757));
#4175=CARTESIAN_POINT('',(0.,-0.005,0.));
#4176=CARTESIAN_POINT('',(0.0223683643927748,-0.005,-0.00243028278026279));
#4177=CARTESIAN_POINT('',(0.0184237093645964,-0.005,-0.000984598013852902));
#4178=CARTESIAN_POINT('',(0.0188688349953764,-0.005,-0.00100646198303237));
#4179=CARTESIAN_POINT('',(0.019432645180902,-0.005,-0.00103415557708086));
#4180=CARTESIAN_POINT('',(0.0195152372078641,-0.005,-0.00104890448321937));
#4181=CARTESIAN_POINT('',(0.0196478482317449,-0.005,-0.00107137064684849));
#4182=CARTESIAN_POINT('',(0.0198090501517538,-0.005,-0.00110958977506946));
#4183=CARTESIAN_POINT('',(0.0200209733521799,-0.005,-0.00116984184568777));
#4184=CARTESIAN_POINT('',(0.0202737399778425,-0.005,-0.00125609567124985));
#4185=CARTESIAN_POINT('',(0.0205676910359968,-0.005,-0.00137290377792522));
#4186=CARTESIAN_POINT('',(0.0208995076566686,-0.005,-0.00152448192058911));
#4187=CARTESIAN_POINT('',(0.0212665689267258,-0.005,-0.00171470732925625));
#4188=CARTESIAN_POINT('',(0.021665677838199,-0.005,-0.00194816188667887));
#4189=CARTESIAN_POINT('',(0.0220932841915031,-0.005,-0.00222545280572613));
#4190=CARTESIAN_POINT('',(0.0223886631092783,-0.005,-0.0024449774339538));
#4191=CARTESIAN_POINT('',(0.022539710881857,-0.005,-0.00255723563562131));
#4192=CARTESIAN_POINT('',(0.0191035903237748,-0.005,-0.00101885194766502));
#4193=CARTESIAN_POINT('',(0.0191406922281418,-0.005,-0.000326370640267284));
#4194=CARTESIAN_POINT('',(0.0184473184952312,-0.005,-0.000314547827045209));
#4195=CARTESIAN_POINT('',(0.,-0.005,0.));
#4196=CARTESIAN_POINT('',(0.0184473184952312,-0.005,0.00031454782704521));
#4197=CARTESIAN_POINT('',(0.0191406922281417,-0.005,0.000326370640267282));
#4198=CARTESIAN_POINT('',(0.0191035903237746,-0.005,0.00101885194766502));
#4199=CARTESIAN_POINT('',(0.0184237093645964,-0.005,0.000984598013852902));
#4200=CARTESIAN_POINT('',(0.0188688349953764,-0.005,0.00100646198303237));
#4201=CARTESIAN_POINT('',(0.019432645180902,-0.005,0.00103415557708086));
#4202=CARTESIAN_POINT('',(0.0195152372078641,-0.005,0.00104890448321937));
#4203=CARTESIAN_POINT('',(0.0196478482317449,-0.005,0.00107137064684849));
#4204=CARTESIAN_POINT('',(0.0198090501517538,-0.005,0.00110958977506946));
#4205=CARTESIAN_POINT('',(0.0200209733521799,-0.005,0.00116984184568777));
#4206=CARTESIAN_POINT('',(0.0202737399778425,-0.005,0.00125609567124985));
#4207=CARTESIAN_POINT('',(0.0205676910359968,-0.005,0.00137290377792522));
#4208=CARTESIAN_POINT('',(0.0208995076566686,-0.005,0.00152448192058911));
#4209=CARTESIAN_POINT('',(0.0212665689267258,-0.005,0.00171470732925625));
#4210=CARTESIAN_POINT('',(0.021665677838199,-0.005,0.00194816188667887));
#4211=CARTESIAN_POINT('',(0.0220932841915031,-0.005,0.00222545280572613));
#4212=CARTESIAN_POINT('',(0.0223886631092783,-0.005,0.0024449774339538));
#4213=CARTESIAN_POINT('',(0.022539710881857,-0.005,0.00255723563562131));
#4214=CARTESIAN_POINT('',(0.0180061496092665,-0.005,0.00402257085067627));
#4215=CARTESIAN_POINT('',(0.0184406676024755,-0.005,0.00412161111472701));
#4216=CARTESIAN_POINT('',(0.018991041819157,-0.005,0.00424705864186918));
#4217=CARTESIAN_POINT('',(0.0190745503169701,-0.005,0.00425513972737661));
#4218=CARTESIAN_POINT('',(0.0192083050627651,-0.005,0.00426928469610061));
#4219=CARTESIAN_POINT('',(0.0193738405756858,-0.005,0.00427597459435199));
#4220=CARTESIAN_POINT('',(0.0195941609030746,-0.005,0.00427513302916336));
#4221=CARTESIAN_POINT('',(0.0198608252602263,-0.005,0.00426027334888977));
#4222=CARTESIAN_POINT('',(0.0201753902657831,-0.005,0.00422710385003789));
#4223=CARTESIAN_POINT('',(0.0205357975195261,-0.005,0.00417066968895627));
#4224=CARTESIAN_POINT('',(0.0209405693630305,-0.005,0.00408653029993611));
#4225=CARTESIAN_POINT('',(0.021387863519227,-0.005,0.00396941116643919));
#4226=CARTESIAN_POINT('',(0.0218744252636334,-0.005,0.00381776976031171));
#4227=CARTESIAN_POINT('',(0.0222180777657626,-0.005,0.00368607797907631));
#4228=CARTESIAN_POINT('',(0.0223938111775397,-0.005,0.00361873481737627));
#4229=CARTESIAN_POINT('',(0.0186700603389399,-0.005,0.00417301683320637));
#4230=CARTESIAN_POINT('',(0.018518957183226,-0.005,0.00484982902926686));
#4231=CARTESIAN_POINT('',(0.0178481058723802,-0.005,0.00467414342615913));
#4232=CARTESIAN_POINT('',(0.,-0.005,0.));
#4233=CARTESIAN_POINT('',(0.0176783778961577,-0.005,0.00527991050687817));
#4234=CARTESIAN_POINT('',(0.0183428496933367,-0.005,0.0054783648924591));
#4235=CARTESIAN_POINT('',(0.0181202944074056,-0.005,0.00613515714051558));
#4236=CARTESIAN_POINT('',(0.0174748668792163,-0.005,0.00591874374793081));
#4237=CARTESIAN_POINT('',(0.0178975872158466,-0.005,0.00605989039976743));
#4238=CARTESIAN_POINT('',(0.018433018148016,-0.005,0.00623867120782578));
#4239=CARTESIAN_POINT('',(0.0185085682313206,-0.005,0.0062751562467137));
#4240=CARTESIAN_POINT('',(0.0186302003803009,-0.005,0.00633256733011542));
#4241=CARTESIAN_POINT('',(0.0187751130984407,-0.005,0.00641286094690946));
#4242=CARTESIAN_POINT('',(0.0189629217976128,-0.005,0.00652805490251458));
#4243=CARTESIAN_POINT('',(0.0191830441474913,-0.005,0.00667930582170822));
#4244=CARTESIAN_POINT('',(0.0194345802529961,-0.005,0.0068710894132965));
#4245=CARTESIAN_POINT('',(0.0197131969198018,-0.005,0.00710656968012514));
#4246=CARTESIAN_POINT('',(0.0200153243612052,-0.005,0.00738877296010175));
#4247=CARTESIAN_POINT('',(0.0203366479457927,-0.005,0.00772124868490956));
#4248=CARTESIAN_POINT('',(0.0206735853009389,-0.005,0.00810362371793241));
#4249=CARTESIAN_POINT('',(0.0208987837312975,-0.005,0.00839470005573505));
#4250=CARTESIAN_POINT('',(0.0210139433423831,-0.005,0.00854354762009946));
#4251=CARTESIAN_POINT('',(0.0162531561100707,-0.005,0.00873140403724795));
#4252=CARTESIAN_POINT('',(0.0166448402539399,-0.005,0.0089440031712233));
#4253=CARTESIAN_POINT('',(0.0171409597639204,-0.005,0.00921328795035226));
#4254=CARTESIAN_POINT('',(0.0172191912893277,-0.005,0.00924359969036206));
#4255=CARTESIAN_POINT('',(0.0173441697794288,-0.005,0.00929330672381784));
#4256=CARTESIAN_POINT('',(0.0175017618735425,-0.005,0.00934440948939249));
#4257=CARTESIAN_POINT('',(0.0177141391771099,-0.005,0.0094030408446737));
#4258=CARTESIAN_POINT('',(0.0179749239902889,-0.005,0.00946067738419599));
#4259=CARTESIAN_POINT('',(0.0182867730958255,-0.005,0.00951360652315707));
#4260=CARTESIAN_POINT('',(0.0186490412253829,-0.005,0.00955650180721605));
#4261=CARTESIAN_POINT('',(0.0190615035664096,-0.005,0.00958468867141439));
#4262=CARTESIAN_POINT('',(0.0195238092059991,-0.005,0.00959259115219024));
#4263=CARTESIAN_POINT('',(0.0200332402827971,-0.005,0.00957784580836173));
#4264=CARTESIAN_POINT('',(0.0203996792353027,-0.005,0.00954375385108303));
#4265=CARTESIAN_POINT('',(0.0205870649430538,-0.005,0.00952632026357929));
#4266=CARTESIAN_POINT('',(0.0168518573886088,-0.005,0.00905539204584058));
#4267=CARTESIAN_POINT('',(0.0165237558026222,-0.005,0.0096663390661918));
#4268=CARTESIAN_POINT('',(0.0159251808866262,-0.005,0.00931617484422861));
#4269=CARTESIAN_POINT('',(0.,-0.005,0.));
#4270=CARTESIAN_POINT('',(0.0155983128817237,-0.005,0.00985368637839933));
#4271=CARTESIAN_POINT('',(0.0161846019097307,-0.005,0.010224053882429));
#4272=CARTESIAN_POINT('',(0.0157930991496704,-0.005,0.0107964457947305));
#4273=CARTESIAN_POINT('',(0.0152299934596013,-0.005,0.0104139233346757));
#4274=CARTESIAN_POINT('',(0.015598957268531,-0.005,0.0106638844677057));
#4275=CARTESIAN_POINT('',(0.0160662984845387,-0.005,0.010980493135108));
#4276=CARTESIAN_POINT('',(0.0161292034201258,-0.005,0.0110360083783189));
#4277=CARTESIAN_POINT('',(0.0162308357941457,-0.005,0.0111241064640756));
#4278=CARTESIAN_POINT('',(0.0163487117970435,-0.005,0.0112405195592039));
#4279=CARTESIAN_POINT('',(0.0164984770829115,-0.005,0.0114021119910859));
#4280=CARTESIAN_POINT('',(0.0166696296893082,-0.005,0.0116071424151614));
#4281=CARTESIAN_POINT('',(0.0168600955599196,-0.005,0.0118596777800261));
#4282=CARTESIAN_POINT('',(0.0170648485492683,-0.005,0.0121615956768793));
#4283=CARTESIAN_POINT('',(0.0172796347518303,-0.005,0.0125148471018836));
#4284=CARTESIAN_POINT('',(0.0174993419092209,-0.005,0.0129216857905429));
#4285=CARTESIAN_POINT('',(0.0177206211639638,-0.005,0.0133807859305914));
#4286=CARTESIAN_POINT('',(0.0178589371695404,-0.005,0.0137218261775798));
#4287=CARTESIAN_POINT('',(0.0179296677575988,-0.005,0.0138962237617245));
#4288=CARTESIAN_POINT('',(0.0132947403754327,-0.005,0.0127926689298926));
#4289=CARTESIAN_POINT('',(0.013614541248847,-0.005,0.0131030594286019));
#4290=CARTESIAN_POINT('',(0.014019611137667,-0.005,0.0134962098395455));
#4291=CARTESIAN_POINT('',(0.0140867636163145,-0.005,0.0135465041509682));
#4292=CARTESIAN_POINT('',(0.0141936967678493,-0.005,0.0136280867058789));
#4293=CARTESIAN_POINT('',(0.0143316575584715,-0.005,0.0137198122804337));
#4294=CARTESIAN_POINT('',(0.0145203407851734,-0.005,0.0138335681367841));
#4295=CARTESIAN_POINT('',(0.0147559048377976,-0.005,0.0139594262576356));
#4296=CARTESIAN_POINT('',(0.0150419096217708,-0.005,0.0140945285223076));
#4297=CARTESIAN_POINT('',(0.0153791708572398,-0.005,0.0142335719045214));
#4298=CARTESIAN_POINT('',(0.0157687332508447,-0.005,0.0143719945311669));
#4299=CARTESIAN_POINT('',(0.0162117632794462,-0.005,0.0145043325353679));
#4300=CARTESIAN_POINT('',(0.0167062815161618,-0.005,0.0146275768485346));
#4301=CARTESIAN_POINT('',(0.0170683298182834,-0.005,0.0146936131597237));
#4302=CARTESIAN_POINT('',(0.0172534702812969,-0.005,0.014727382115848));
#4303=CARTESIAN_POINT('',(0.0137838292678823,-0.005,0.0132661702560969));
#4304=CARTESIAN_POINT('',(0.0133030630452908,-0.005,0.0137659409551361));
#4305=CARTESIAN_POINT('',(0.0128211580873659,-0.005,0.0132672681927657));
#4306=CARTESIAN_POINT('',(0.,-0.005,0.));
#4307=CARTESIAN_POINT('',(0.0123613923583855,-0.005,0.0136966594088503));
#4308=CARTESIAN_POINT('',(0.0128260162421071,-0.005,0.0142114715678734));
#4309=CARTESIAN_POINT('',(0.0122946019766254,-0.005,0.0146570114548033));
#4310=CARTESIAN_POINT('',(0.0118555810976717,-0.005,0.0141367498682169));
#4311=CARTESIAN_POINT('',(0.0121434240210896,-0.005,0.0144769870086995));
#4312=CARTESIAN_POINT('',(0.012508014960888,-0.005,0.0149079421189728));
#4313=CARTESIAN_POINT('',(0.012553609377456,-0.005,0.0149783702548832));
#4314=CARTESIAN_POINT('',(0.0126277043682717,-0.005,0.0150906215109962));
#4315=CARTESIAN_POINT('',(0.0127098013320394,-0.005,0.0152345202577476));
#4316=CARTESIAN_POINT('',(0.0128104157984812,-0.005,0.01543052659447));
#4317=CARTESIAN_POINT('',(0.0129199050555506,-0.005,0.0156741303548254));
#4318=CARTESIAN_POINT('',(0.0130351747089686,-0.005,0.0159686881002268));
#4319=CARTESIAN_POINT('',(0.0131508784283232,-0.005,0.0163146517578776));
#4320=CARTESIAN_POINT('',(0.0132623936819811,-0.005,0.0167127522857347));
#4321=CARTESIAN_POINT('',(0.0133641897374046,-0.005,0.0171637805738707));
#4322=CARTESIAN_POINT('',(0.0134533996217051,-0.005,0.0176655564638009));
#4323=CARTESIAN_POINT('',(0.0134945749371196,-0.005,0.0180312672250113));
#4324=CARTESIAN_POINT('',(0.0135156307380055,-0.005,0.0182182805579361));
#4325=CARTESIAN_POINT('',(0.00935031456653915,-0.005,0.0159051600905733));
#4326=CARTESIAN_POINT('',(0.00957451400170911,-0.005,0.0162903217106694));
#4327=CARTESIAN_POINT('',(0.00985849208878627,-0.005,0.0167781795859915));
#4328=CARTESIAN_POINT('',(0.00990958512853485,-0.005,0.0168447263698299));
#4329=CARTESIAN_POINT('',(0.00999054219884063,-0.005,0.0169521338413132));
#4330=CARTESIAN_POINT('',(0.0100986397652595,-0.005,0.0170776793586001));
#4331=CARTESIAN_POINT('',(0.0102496351433398,-0.005,0.0172381229645526));
#4332=CARTESIAN_POINT('',(0.0104425077272596,-0.005,0.0174228683456722));
#4333=CARTESIAN_POINT('',(0.0106814565232271,-0.005,0.0176301238191361));
#4334=CARTESIAN_POINT('',(0.0109686977416405,-0.005,0.0178550030879271));
#4335=CARTESIAN_POINT('',(0.0113064681272191,-0.005,0.0180933953040429));
#4336=CARTESIAN_POINT('',(0.011697365034339,-0.005,0.0183403539273034));
#4337=CARTESIAN_POINT('',(0.0121402942756253,-0.005,0.0185924474305631));
#4338=CARTESIAN_POINT('',(0.0124711004610551,-0.005,0.018753714399115));
#4339=CARTESIAN_POINT('',(0.0126402646581508,-0.005,0.0188361814098744));
#4340=CARTESIAN_POINT('',(0.00969351758718014,-0.005,0.0164930573071492));
#4341=CARTESIAN_POINT('',(0.00909574295935426,-0.005,0.0168445859784274));
#4342=CARTESIAN_POINT('',(0.00876624864566118,-0.005,0.0162343889531588));
#4343=CARTESIAN_POINT('',(0.,-0.005,0.));
#4344=CARTESIAN_POINT('',(0.00820768391343312,-0.005,0.0165238138689944));
#4345=CARTESIAN_POINT('',(0.00851618362492652,-0.005,0.0171448894202851));
#4346=CARTESIAN_POINT('',(0.0078842704190356,-0.005,0.0174305336266391));
#4347=CARTESIAN_POINT('',(0.0076018945214025,-0.005,0.0168111183353598));
#4348=CARTESIAN_POINT('',(0.00778726856647235,-0.005,0.0172163976510669));
#4349=CARTESIAN_POINT('',(0.00802206918794932,-0.005,0.0177297372351706));
#4350=CARTESIAN_POINT('',(0.00804697155620192,-0.005,0.0178098549311273));
#4351=CARTESIAN_POINT('',(0.0080880338773067,-0.005,0.017937934195446));
#4352=CARTESIAN_POINT('',(0.00812826304571028,-0.005,0.0180986462820669));
#4353=CARTESIAN_POINT('',(0.00817226457803033,-0.005,0.0183145296303042));
#4354=CARTESIAN_POINT('',(0.00821197016845574,-0.005,0.0185786397504472));
#4355=CARTESIAN_POINT('',(0.00824349458180994,-0.005,0.018893373875921));
#4356=CARTESIAN_POINT('',(0.00826156781561503,-0.005,0.0192577247525597));
#4357=CARTESIAN_POINT('',(0.00826154154415342,-0.005,0.0196711490883073));
#4358=CARTESIAN_POINT('',(0.00823787674986493,-0.005,0.020132916271106));
#4359=CARTESIAN_POINT('',(0.00818840097471261,-0.005,0.0206401534886337));
#4360=CARTESIAN_POINT('',(0.00812938181518525,-0.005,0.0210034116699225));
#4361=CARTESIAN_POINT('',(0.00809920121647084,-0.005,0.0211891708282535));
#4362=CARTESIAN_POINT('',(0.00471241870108825,-0.005,0.0178380382886021));
#4363=CARTESIAN_POINT('',(0.00482438885155148,-0.005,0.0182694053547196));
#4364=CARTESIAN_POINT('',(0.00496621378128061,-0.005,0.0188157885076088));
#4365=CARTESIAN_POINT('',(0.00499745804510718,-0.005,0.0188936522933369));
#4366=CARTESIAN_POINT('',(0.00504643481863333,-0.005,0.0190189187605893));
#4367=CARTESIAN_POINT('',(0.005116652058861,-0.005,0.0191689730839236));
#4368=CARTESIAN_POINT('',(0.00521876095188537,-0.005,0.0193642050712054));
#4369=CARTESIAN_POINT('',(0.00535463758988501,-0.005,0.0195941359928294));
#4370=CARTESIAN_POINT('',(0.00552880865876783,-0.005,0.0198581734847492));
#4371=CARTESIAN_POINT('',(0.00574472649299699,-0.005,0.0201522103735053));
#4372=CARTESIAN_POINT('',(0.00600565398624771,-0.005,0.020472891718994));
#4373=CARTESIAN_POINT('',(0.00631542673651921,-0.005,0.0208161551699873));
#4374=CARTESIAN_POINT('',(0.00667391694681643,-0.005,0.0211784012414542));
#4375=CARTESIAN_POINT('',(0.00694894663411887,-0.005,0.0214229384340587));
#4376=CARTESIAN_POINT('',(0.00708958843067271,-0.005,0.0215479872985266));
#4377=CARTESIAN_POINT('',(0.00488428205192905,-0.005,0.018496729748447));
#4378=CARTESIAN_POINT('',(0.00421383322837765,-0.005,0.0186739451185521));
#4379=CARTESIAN_POINT('',(0.00406118664482688,-0.005,0.0179974793522838));
#4380=CARTESIAN_POINT('',(0.,-0.005,0.));
#4381=CARTESIAN_POINT('',(0.00344524910027685,-0.005,0.0181254726458938));
#4382=CARTESIAN_POINT('',(0.00357474462723285,-0.005,0.0188067492570444));
#4383=CARTESIAN_POINT('',(0.00288919859260309,-0.005,0.0189113128587725));
#4384=CARTESIAN_POINT('',(0.00278441020483426,-0.005,0.0182386830613182));
#4385=CARTESIAN_POINT('',(0.0028535670266631,-0.005,0.0186789468394332));
#4386=CARTESIAN_POINT('',(0.00294116324186501,-0.005,0.0192365988487868));
#4387=CARTESIAN_POINT('',(0.00294352666706971,-0.005,0.0193204641417946));
#4388=CARTESIAN_POINT('',(0.00294851091395478,-0.005,0.0194548723612081));
#4389=CARTESIAN_POINT('',(0.00294388867360997,-0.005,0.0196204785074428));
#4390=CARTESIAN_POINT('',(0.00292801387944973,-0.005,0.0198402277868569));
#4391=CARTESIAN_POINT('',(0.00289499102123026,-0.005,0.0201052564273997));
#4392=CARTESIAN_POINT('',(0.00284043217299676,-0.005,0.0204168245426723));
#4393=CARTESIAN_POINT('',(0.0027595345121806,-0.005,0.020772540400573));
#4394=CARTESIAN_POINT('',(0.00264796866403362,-0.005,0.0211706267525192));
#4395=CARTESIAN_POINT('',(0.00250059812956631,-0.005,0.0216088856704769));
#4396=CARTESIAN_POINT('',(0.00231610608686757,-0.005,0.0220839647516339));
#4397=CARTESIAN_POINT('',(0.00216126963346584,-0.005,0.0224178291554906));
#4398=CARTESIAN_POINT('',(0.00208209099209067,-0.005,0.022588557232246));
#4399=CARTESIAN_POINT('',(-0.000274975701541275,-0.005,0.0184479507903605));
#4400=CARTESIAN_POINT('',(-0.000283539149615277,-0.005,0.0188935307805785));
#4401=CARTESIAN_POINT('',(-0.000294385883466308,-0.005,0.0194579164721215));
#4402=CARTESIAN_POINT('',(-0.00028530763967676,-0.005,0.0195413224589551));
#4403=CARTESIAN_POINT('',(-0.000271943546168853,-0.005,0.0196751574811565));
#4404=CARTESIAN_POINT('',(-0.000244814323617528,-0.005,0.0198385917678293));
#4405=CARTESIAN_POINT('',(-0.000199164865127621,-0.005,0.0200541326730707));
#4406=CARTESIAN_POINT('',(-0.000130361521694384,-0.005,0.0203121962106062));
#4407=CARTESIAN_POINT('',(-3.388565129563E-5,-0.005,0.0206134332680972));
#4408=CARTESIAN_POINT('',(9.46951607428822E-5,-0.005,0.0209548204059086));
#4409=CARTESIAN_POINT('',(0.000259427963155186,-0.005,0.0213340074123949));
#4410=CARTESIAN_POINT('',(0.000465102128806659,-0.005,0.0217481174112867));
#4411=CARTESIAN_POINT('',(0.000712565729200714,-0.005,0.0221936499170056));
#4412=CARTESIAN_POINT('',(0.000911421224645588,-0.005,0.0225033211287705));
#4413=CARTESIAN_POINT('',(0.00101310986200064,-0.005,0.0226616775447298));
#4414=CARTESIAN_POINT('',(-0.000287198339010017,-0.005,0.0191285843612106));
#4415=CARTESIAN_POINT('',(-0.00098059723614341,-0.005,0.0191183431768483));
#4416=CARTESIAN_POINT('',(-0.000945074990761561,-0.005,0.0184257790408394));
#4417=CARTESIAN_POINT('',(0.,-0.005,0.));
#4418=CARTESIAN_POINT('',(-0.00157270407768106,-0.005,0.0183828480351671));
#4419=CARTESIAN_POINT('',(-0.00163181682609418,-0.005,0.0190737985365618));
#4420=CARTESIAN_POINT('',(-0.0023201518762387,-0.005,0.0189895265296706));
#4421=CARTESIAN_POINT('',(-0.00223958107879743,-0.005,0.0183135681010417));
#4422=CARTESIAN_POINT('',(-0.00229177052531322,-0.005,0.0187561639912146));
#4423=CARTESIAN_POINT('',(-0.0023578753269419,-0.005,0.0193167699273725));
#4424=CARTESIAN_POINT('',(-0.00237822612922058,-0.005,0.0193981629123073));
#4425=CARTESIAN_POINT('',(-0.00240968961534526,-0.005,0.0195289316440584));
#4426=CARTESIAN_POINT('',(-0.00245882045401743,-0.005,0.0196871495996383));
#4427=CARTESIAN_POINT('',(-0.00253339421379744,-0.005,0.0198944670114612));
#4428=CARTESIAN_POINT('',(-0.00263669636633719,-0.005,0.0201407582105602));
#4429=CARTESIAN_POINT('',(-0.00277329209597503,-0.005,0.0204260527338511));
#4430=CARTESIAN_POINT('',(-0.00294716084199187,-0.005,0.0207467517551251));
#4431=CARTESIAN_POINT('',(-0.00316199193824698,-0.005,0.0210999758796698));
#4432=CARTESIAN_POINT('',(-0.00342213841452699,-0.005,0.0214822228737426));
#4433=CARTESIAN_POINT('',(-0.00372796379396013,-0.005,0.0218899093764218));
#4434=CARTESIAN_POINT('',(-0.00396713402981706,-0.005,0.0221696188073402));
#4435=CARTESIAN_POINT('',(-0.00408943839624036,-0.005,0.022312653682096));
#4436=CARTESIAN_POINT('',(-0.00524197641431761,-0.005,0.0176896631757572));
#4437=CARTESIAN_POINT('',(-0.00537043834916036,-0.005,0.0181164094605939));
#4438=CARTESIAN_POINT('',(-0.00553315229396233,-0.005,0.0186569397859419));
#4439=CARTESIAN_POINT('',(-0.00554691336202148,-0.005,0.0187397021333945));
#4440=CARTESIAN_POINT('',(-0.00557015310221063,-0.005,0.0188721797792025));
#4441=CARTESIAN_POINT('',(-0.00558812394766435,-0.005,0.0190368728558336));
#4442=CARTESIAN_POINT('',(-0.00560231953521272,-0.005,0.0192567369961267));
#4443=CARTESIAN_POINT('',(-0.00560569231557398,-0.005,0.0195237937575569));
#4444=CARTESIAN_POINT('',(-0.00559406681761902,-0.005,0.019839889006133));
#4445=CARTESIAN_POINT('',(-0.00556235927838198,-0.005,0.0202033072707305));
#4446=CARTESIAN_POINT('',(-0.0055060386451606,-0.005,0.0206128773726082));
#4447=CARTESIAN_POINT('',(-0.00541971697609882,-0.005,0.0210671212752079));
#4448=CARTESIAN_POINT('',(-0.00530163322877851,-0.005,0.0215628971074052));
#4449=CARTESIAN_POINT('',(-0.00519370012758499,-0.005,0.0219147354412055));
#4450=CARTESIAN_POINT('',(-0.00513850643046679,-0.005,0.0220946548377169));
#4451=CARTESIAN_POINT('',(-0.00543737854298968,-0.005,0.0183417593793539));
#4452=CARTESIAN_POINT('',(-0.00610230128959357,-0.005,0.0181448211823181));
#4453=CARTESIAN_POINT('',(-0.00588124473771561,-0.005,0.0174875229902663));
#4454=CARTESIAN_POINT('',(0.,-0.005,0.));
#4455=CARTESIAN_POINT('',(-0.00647401698883979,-0.005,0.017276851681606));
#4456=CARTESIAN_POINT('',(-0.00671735389049504,-0.005,0.0179262314354446));
#4457=CARTESIAN_POINT('',(-0.00735742729440844,-0.005,0.0176593738891663));
#4458=CARTESIAN_POINT('',(-0.0070974728792164,-0.005,0.0170302195737104));
#4459=CARTESIAN_POINT('',(-0.00726713794157959,-0.005,0.0174423222635085));
#4460=CARTESIAN_POINT('',(-0.0074820410693114,-0.005,0.0179643045487873));
#4461=CARTESIAN_POINT('',(-0.00752359677316718,-0.005,0.0180371886803046));
#4462=CARTESIAN_POINT('',(-0.00758917448947162,-0.005,0.0181546194057866));
#4463=CARTESIAN_POINT('',(-0.00767917011692547,-0.005,0.0182937148687453));
#4464=CARTESIAN_POINT('',(-0.00780691204771461,-0.005,0.0184732246289561));
#4465=CARTESIAN_POINT('',(-0.00797283204649667,-0.005,0.0186825120950813));
#4466=CARTESIAN_POINT('',(-0.00818133397715549,-0.005,0.0189203740367336));
#4467=CARTESIAN_POINT('',(-0.00843527875887752,-0.005,0.0191822714420734));
#4468=CARTESIAN_POINT('',(-0.00873744206361838,-0.005,0.019464436321792));
#4469=CARTESIAN_POINT('',(-0.00909107060765636,-0.005,0.0197623218810933));
#4470=CARTESIAN_POINT('',(-0.00949554765448935,-0.005,0.0200723795624324));
#4471=CARTESIAN_POINT('',(-0.009801313510539,-0.005,0.020277189251507));
#4472=CARTESIAN_POINT('',(-0.00995767284665808,-0.005,0.0203819226819435));
#4473=CARTESIAN_POINT('',(-0.00982020371689044,-0.005,0.0156194141682321));
#4474=CARTESIAN_POINT('',(-0.0100590367044689,-0.005,0.0159956769279758));
#4475=CARTESIAN_POINT('',(-0.0103615501113026,-0.005,0.0164722632256593));
#4476=CARTESIAN_POINT('',(-0.0103971298957452,-0.005,0.0165482438290328));
#4477=CARTESIAN_POINT('',(-0.0104552498844163,-0.005,0.016669538837503));
#4478=CARTESIAN_POINT('',(-0.0105169879824789,-0.005,0.0168232761720191));
#4479=CARTESIAN_POINT('',(-0.0105899757942776,-0.005,0.01703115722989));
#4480=CARTESIAN_POINT('',(-0.0106652745547434,-0.005,0.017287400836923));
#4481=CARTESIAN_POINT('',(-0.0107393616392325,-0.005,0.0175949109380367));
#4482=CARTESIAN_POINT('',(-0.0108068789759298,-0.005,0.0179534072592632));
#4483=CARTESIAN_POINT('',(-0.0108631475556156,-0.005,0.0183629845157346));
#4484=CARTESIAN_POINT('',(-0.0109025804664424,-0.005,0.018823673129814));
#4485=CARTESIAN_POINT('',(-0.0109226343035374,-0.005,0.0193329228630391));
#4486=CARTESIAN_POINT('',(-0.0109136285009497,-0.005,0.01970083407921));
#4487=CARTESIAN_POINT('',(-0.0109090232080892,-0.005,0.0198889726577107));
#4488=CARTESIAN_POINT('',(-0.0101842932547875,-0.005,0.0161946100122964));
#4489=CARTESIAN_POINT('',(-0.0107714255725654,-0.005,0.0158255808077289));
#4490=CARTESIAN_POINT('',(-0.0103812294673777,-0.005,0.0152522973595996));
#4491=CARTESIAN_POINT('',(0.,-0.005,0.));
#4492=CARTESIAN_POINT('',(-0.0108951816765933,-0.005,0.0148895102751577));
#4493=CARTESIAN_POINT('',(-0.0113046955466872,-0.005,0.0154491577558125));
#4494=CARTESIAN_POINT('',(-0.0118490359881422,-0.005,0.0150195062735627));
#4495=CARTESIAN_POINT('',(-0.0114289775849618,-0.005,0.0144838175686674));
#4496=CARTESIAN_POINT('',(-0.011703534981663,-0.005,0.0148348632868329));
#4497=CARTESIAN_POINT('',(-0.0120512980536304,-0.005,0.0152795088830436));
#4498=CARTESIAN_POINT('',(-0.012110976662613,-0.005,0.0153384786785315));
#4499=CARTESIAN_POINT('',(-0.012205805009877,-0.005,0.015433862098045));
#4500=CARTESIAN_POINT('',(-0.0123299908621269,-0.005,0.0155435189942143));
#4501=CARTESIAN_POINT('',(-0.012501426929299,-0.005,0.0156819076851007));
#4502=CARTESIAN_POINT('',(-0.0127176592470472,-0.005,0.0158386695243161));
#4503=CARTESIAN_POINT('',(-0.0129826037443629,-0.005,0.0160114577522634));
#4504=CARTESIAN_POINT('',(-0.0132977906390498,-0.005,0.0161951298092159));
#4505=CARTESIAN_POINT('',(-0.013664876082269,-0.005,0.0163853085657981));
#4506=CARTESIAN_POINT('',(-0.0140857596826966,-0.005,0.0165767398811302));
#4507=CARTESIAN_POINT('',(-0.0145588901847252,-0.005,0.016766173181324));
#4508=CARTESIAN_POINT('',(-0.01490857440621,-0.005,0.0168808933308579));
#4509=CARTESIAN_POINT('',(-0.0150873922553613,-0.005,0.0169395577175633));
#4510=CARTESIAN_POINT('',(-0.0136701114342242,-0.005,0.0123907446659146));
#4511=CARTESIAN_POINT('',(-0.0140016023244379,-0.005,0.0126886182129625));
#4512=CARTESIAN_POINT('',(-0.0144214791578253,-0.005,0.0130659142575196));
#4513=CARTESIAN_POINT('',(-0.0144762388688059,-0.005,0.01312947798305));
#4514=CARTESIAN_POINT('',(-0.0145649286122805,-0.005,0.0132305944582918));
#4515=CARTESIAN_POINT('',(-0.0146658551306517,-0.005,0.0133619740558935));
#4516=CARTESIAN_POINT('',(-0.0147922219945966,-0.005,0.0135424544442724));
#4517=CARTESIAN_POINT('',(-0.0149338621705721,-0.005,0.013768880480811));
#4518=CARTESIAN_POINT('',(-0.0150881671373744,-0.005,0.0140449988170279));
#4519=CARTESIAN_POINT('',(-0.0152499018980146,-0.005,0.0143719851627493));
#4520=CARTESIAN_POINT('',(-0.0154145865074639,-0.005,0.0147511931023934));
#4521=CARTESIAN_POINT('',(-0.0155768494395769,-0.005,0.0151841592609563));
#4522=CARTESIAN_POINT('',(-0.0157335535597301,-0.005,0.0156691141721586));
#4523=CARTESIAN_POINT('',(-0.0158241429749272,-0.005,0.0160258119788785));
#4524=CARTESIAN_POINT('',(-0.0158704676398282,-0.005,0.0162082163616778));
#4525=CARTESIAN_POINT('',(-0.0141758855259192,-0.005,0.012846380506038));
#4526=CARTESIAN_POINT('',(-0.0146416824968133,-0.005,0.0123326295018454));
#4527=CARTESIAN_POINT('',(-0.0141112858984092,-0.005,0.011885878608389));
#4528=CARTESIAN_POINT('',(0.,-0.005,0.));
#4529=CARTESIAN_POINT('',(-0.0145083005815335,-0.005,0.0113978820065779));
#4530=CARTESIAN_POINT('',(-0.0150536196497225,-0.005,0.0118262907206258));
#4531=CARTESIAN_POINT('',(-0.0154618558883682,-0.005,0.011265710587318));
#4532=CARTESIAN_POINT('',(-0.0149128473073241,-0.005,0.0108632170736129));
#4533=CARTESIAN_POINT('',(-0.0152719343722664,-0.005,0.0111271703651566));
#4534=CARTESIAN_POINT('',(-0.0157267653923319,-0.005,0.0114615019425465));
#4535=CARTESIAN_POINT('',(-0.0158001408170245,-0.005,0.0115021838820425));
#4536=CARTESIAN_POINT('',(-0.0159171868105423,-0.005,0.0115684458437125));
#4537=CARTESIAN_POINT('',(-0.0160663525910392,-0.005,0.0116405314227504));
#4538=CARTESIAN_POINT('',(-0.01626876816576,-0.005,0.0117275353881954));
#4539=CARTESIAN_POINT('',(-0.016519275840664,-0.005,0.0118201452920241));
#4540=CARTESIAN_POINT('',(-0.016821013183311,-0.005,0.0119150448938532));
#4541=CARTESIAN_POINT('',(-0.0171740662208681,-0.005,0.0120068694861979));
#4542=CARTESIAN_POINT('',(-0.0175788487545462,-0.005,0.012090957431278));
#4543=CARTESIAN_POINT('',(-0.018035772400134,-0.005,0.0121617369177227));
#4544=CARTESIAN_POINT('',(-0.0185424664324508,-0.005,0.0122164964354954));
#4545=CARTESIAN_POINT('',(-0.0189101345403622,-0.005,0.0122326187768075));
#4546=CARTESIAN_POINT('',(-0.0190981488007114,-0.005,0.0122408632505916));
#4547=CARTESIAN_POINT('',(-0.0165061695230803,-0.005,0.00824311031561131));
#4548=CARTESIAN_POINT('',(-0.0169057331530719,-0.005,0.00844050273165973));
#4549=CARTESIAN_POINT('',(-0.0174118330690892,-0.005,0.00869052620148015));
#4550=CARTESIAN_POINT('',(-0.0174817114293534,-0.005,0.00873695881842953));
#4551=CARTESIAN_POINT('',(-0.0175943932150866,-0.005,0.00881039741405135));
#4552=CARTESIAN_POINT('',(-0.0177270228956069,-0.005,0.00890967545100614));
#4553=CARTESIAN_POINT('',(-0.0178973967594892,-0.005,0.00904936976512987));
#4554=CARTESIAN_POINT('',(-0.018094873547083,-0.005,0.00922918524787422));
#4555=CARTESIAN_POINT('',(-0.0183179523027092,-0.005,0.00945343338535442));
#4556=CARTESIAN_POINT('',(-0.0185619093599826,-0.005,0.00972465867417173));
#4557=CARTESIAN_POINT('',(-0.0188227960950946,-0.005,0.0100453731788658));
#4558=CARTESIAN_POINT('',(-0.0190958547491226,-0.005,0.0104185057626201));
#4559=CARTESIAN_POINT('',(-0.0193775871246157,-0.005,0.0108431989645566));
#4560=CARTESIAN_POINT('',(-0.0195610531550916,-0.005,0.011162228717285));
#4561=CARTESIAN_POINT('',(-0.0196548720892795,-0.005,0.0113253708057554));
#4562=CARTESIAN_POINT('',(-0.0171161172179547,-0.005,0.00854539372592717));
#4563=CARTESIAN_POINT('',(-0.0174260328115129,-0.005,0.00792502348383589));
#4564=CARTESIAN_POINT('',(-0.0167947728091931,-0.005,0.00763793861507071));
#4565=CARTESIAN_POINT('',(0.,-0.005,0.));
#4566=CARTESIAN_POINT('',(-0.0170454052034002,-0.005,0.00706092497141101));
#4567=CARTESIAN_POINT('',(-0.0176860856490654,-0.005,0.00732632180437039));
#4568=CARTESIAN_POINT('',(-0.017927940670638,-0.005,0.00667638868400872));
#4569=CARTESIAN_POINT('',(-0.0172906993666391,-0.005,0.0064369414641199));
#4570=CARTESIAN_POINT('',(-0.0177076842549298,-0.005,0.00659422612091398));
#4571=CARTESIAN_POINT('',(-0.0182358504870484,-0.005,0.00679344783585323));
#4572=CARTESIAN_POINT('',(-0.0183174808078719,-0.005,0.00681282472601243));
#4573=CARTESIAN_POINT('',(-0.018448063681754,-0.005,0.00684505088327007));
#4574=CARTESIAN_POINT('',(-0.0186111464469467,-0.005,0.00687421888754894));
#4575=CARTESIAN_POINT('',(-0.0188295292920287,-0.005,0.00690338544145222));
#4576=CARTESIAN_POINT('',(-0.0190957333158372,-0.005,0.00692497495698934));
#4577=CARTESIAN_POINT('',(-0.019411885025468,-0.005,0.00693494766336933));
#4578=CARTESIAN_POINT('',(-0.0197766198772099,-0.005,0.00692811458116158));
#4579=CARTESIAN_POINT('',(-0.0201890786325807,-0.005,0.00689987529652972));
#4580=CARTESIAN_POINT('',(-0.020648154386822,-0.005,0.00684475356337197));
#4581=CARTESIAN_POINT('',(-0.0211508327710211,-0.005,0.00676077803579854));
#4582=CARTESIAN_POINT('',(-0.021509216503765,-0.005,0.00667710684858861));
#4583=CARTESIAN_POINT('',(-0.0216924830177298,-0.005,0.00663431995454667));
#4584=CARTESIAN_POINT('',(-0.0181180405291104,-0.005,0.00348412218291958));
#4585=CARTESIAN_POINT('',(-0.0185560430923256,-0.005,0.00356639377548042));
#4586=CARTESIAN_POINT('',(-0.019110830975455,-0.005,0.00367060157358886));
#4587=CARTESIAN_POINT('',(-0.0191906454266942,-0.005,0.00369645938717318));
#4588=CARTESIAN_POINT('',(-0.019318962162123,-0.005,0.00373677349849697));
#4589=CARTESIAN_POINT('',(-0.0194734584681286,-0.005,0.00379658697697073));
#4590=CARTESIAN_POINT('',(-0.0196752034818727,-0.005,0.00388513472861967));
#4591=CARTESIAN_POINT('',(-0.0199138709311451,-0.005,0.00400500356581573));
#4592=CARTESIAN_POINT('',(-0.0201891787448078,-0.005,0.00416075004606929));
#4593=CARTESIAN_POINT('',(-0.0204972649198059,-0.005,0.00435609873908403));
#4594=CARTESIAN_POINT('',(-0.0208350050049146,-0.005,0.00459453388118628));
#4595=CARTESIAN_POINT('',(-0.0211986078696484,-0.005,0.00488015935336274));
#4596=CARTESIAN_POINT('',(-0.0215844736990312,-0.005,0.00521309329408805));
#4597=CARTESIAN_POINT('',(-0.0218472095086067,-0.005,0.00547079401552918));
#4598=CARTESIAN_POINT('',(-0.0219815645909258,-0.005,0.00560257430729399));
#4599=CARTESIAN_POINT('',(-0.0187869247969605,-0.005,0.00361063418573937));
#4600=CARTESIAN_POINT('',(-0.0189179739913783,-0.005,0.00292965472860031));
#4601=CARTESIAN_POINT('',(-0.0182326682516925,-0.005,0.00282352765591681));
#4602=CARTESIAN_POINT('',(0.,-0.005,0.));
#4603=CARTESIAN_POINT('',(-0.018318330098871,-0.005,0.0022002914326969));
#4604=CARTESIAN_POINT('',(-0.0190068555842753,-0.005,0.00228299311557695));
#4605=CARTESIAN_POINT('',(-0.0190643921082379,-0.005,0.0015919095744524));
#4606=CARTESIAN_POINT('',(-0.0183861793536167,-0.005,0.00153326735328087));
#4607=CARTESIAN_POINT('',(-0.0188301362036702,-0.005,0.00157221829186037));
#4608=CARTESIAN_POINT('',(-0.0193924659746056,-0.005,0.00162155478113066));
#4609=CARTESIAN_POINT('',(-0.0194762970440982,-0.005,0.00161818952665332));
#4610=CARTESIAN_POINT('',(-0.0196107320639658,-0.005,0.00161398981283966));
#4611=CARTESIAN_POINT('',(-0.0197756367112139,-0.005,0.00159807698491688));
#4612=CARTESIAN_POINT('',(-0.0199937903700724,-0.005,0.00156724297740351));
#4613=CARTESIAN_POINT('',(-0.0202559476081419,-0.005,0.00151621090904713));
#4614=CARTESIAN_POINT('',(-0.020563066158751,-0.005,0.00144051708996788));
#4615=CARTESIAN_POINT('',(-0.0209124321092748,-0.005,0.00133553311165581));
#4616=CARTESIAN_POINT('',(-0.0213019769073258,-0.005,0.00119706097586696));
#4617=CARTESIAN_POINT('',(-0.0217291572216605,-0.005,0.00102012614988999));
#4618=CARTESIAN_POINT('',(-0.0221905386015863,-0.005,0.000803643657688055));
#4619=CARTESIAN_POINT('',(-0.0225130582772016,-0.005,0.000626384451141193));
#4620=CARTESIAN_POINT('',(-0.02267798500583,-0.005,0.00053573949746736));
#4621=CARTESIAN_POINT('',(-0.0183861793536167,-0.005,-0.00153326735328088));
#4622=CARTESIAN_POINT('',(-0.0188301362036702,-0.005,-0.00157221829186038));
#4623=CARTESIAN_POINT('',(-0.0193924659746056,-0.005,-0.00162155478113066));
#4624=CARTESIAN_POINT('',(-0.0194762970440982,-0.005,-0.00161818952665332));
#4625=CARTESIAN_POINT('',(-0.0196107320639658,-0.005,-0.00161398981283967));
#4626=CARTESIAN_POINT('',(-0.0197756367112139,-0.005,-0.00159807698491688));
#4627=CARTESIAN_POINT('',(-0.0199937903700724,-0.005,-0.00156724297740351));
#4628=CARTESIAN_POINT('',(-0.0202559476081419,-0.005,-0.00151621090904714));
#4629=CARTESIAN_POINT('',(-0.020563066158751,-0.005,-0.00144051708996789));
#4630=CARTESIAN_POINT('',(-0.0209124321092748,-0.005,-0.00133553311165581));
#4631=CARTESIAN_POINT('',(-0.0213019769073258,-0.005,-0.00119706097586696));
#4632=CARTESIAN_POINT('',(-0.0217291572216605,-0.005,-0.00102012614988999));
#4633=CARTESIAN_POINT('',(-0.0221905386015863,-0.005,-0.000803643657688059));
#4634=CARTESIAN_POINT('',(-0.0225130582772016,-0.005,-0.000626384451141198));
#4635=CARTESIAN_POINT('',(-0.02267798500583,-0.005,-0.000535739497467364));
#4636=CARTESIAN_POINT('',(-0.019064392108238,-0.005,-0.0015919095744524));
#4637=CARTESIAN_POINT('',(-0.0190068555842755,-0.005,-0.00228299311557697));
#4638=CARTESIAN_POINT('',(-0.018318330098871,-0.005,-0.00220029143269691));
#4639=CARTESIAN_POINT('',(0.,-0.005,0.));
#4640=CARTESIAN_POINT('',(-0.0182326682516925,-0.005,-0.00282352765591682));
#4641=CARTESIAN_POINT('',(-0.0189179739913782,-0.005,-0.00292965472860029));
#4642=CARTESIAN_POINT('',(-0.0187869247969604,-0.005,-0.00361063418573935));
#4643=CARTESIAN_POINT('',(-0.0181180405291104,-0.005,-0.00348412218291959));
#4644=CARTESIAN_POINT('',(-0.0185560430923256,-0.005,-0.00356639377548042));
#4645=CARTESIAN_POINT('',(-0.019110830975455,-0.005,-0.00367060157358886));
#4646=CARTESIAN_POINT('',(-0.0191906454266942,-0.005,-0.00369645938717318));
#4647=CARTESIAN_POINT('',(-0.019318962162123,-0.005,-0.00373677349849697));
#4648=CARTESIAN_POINT('',(-0.0194734584681286,-0.005,-0.00379658697697073));
#4649=CARTESIAN_POINT('',(-0.0196752034818727,-0.005,-0.00388513472861967));
#4650=CARTESIAN_POINT('',(-0.0199138709311451,-0.005,-0.00400500356581574));
#4651=CARTESIAN_POINT('',(-0.0201891787448078,-0.005,-0.0041607500460693));
#4652=CARTESIAN_POINT('',(-0.0204972649198059,-0.005,-0.00435609873908403));
#4653=CARTESIAN_POINT('',(-0.0208350050049146,-0.005,-0.00459453388118628));
#4654=CARTESIAN_POINT('',(-0.0211986078696484,-0.005,-0.00488015935336274));
#4655=CARTESIAN_POINT('',(-0.0215844736990312,-0.005,-0.00521309329408805));
#4656=CARTESIAN_POINT('',(-0.0218472095086067,-0.005,-0.00547079401552918));
#4657=CARTESIAN_POINT('',(-0.0219815645909258,-0.005,-0.005602574307294));
#4658=CARTESIAN_POINT('',(-0.0172906993666391,-0.005,-0.00643694146411991));
#4659=CARTESIAN_POINT('',(-0.0177076842549298,-0.005,-0.00659422612091398));
#4660=CARTESIAN_POINT('',(-0.0182358504870484,-0.005,-0.00679344783585323));
#4661=CARTESIAN_POINT('',(-0.0183174808078719,-0.005,-0.00681282472601244));
#4662=CARTESIAN_POINT('',(-0.018448063681754,-0.005,-0.00684505088327007));
#4663=CARTESIAN_POINT('',(-0.0186111464469467,-0.005,-0.00687421888754895));
#4664=CARTESIAN_POINT('',(-0.0188295292920287,-0.005,-0.00690338544145223));
#4665=CARTESIAN_POINT('',(-0.0190957333158372,-0.005,-0.00692497495698934));
#4666=CARTESIAN_POINT('',(-0.019411885025468,-0.005,-0.00693494766336933));
#4667=CARTESIAN_POINT('',(-0.0197766198772099,-0.005,-0.00692811458116159));
#4668=CARTESIAN_POINT('',(-0.0201890786325807,-0.005,-0.00689987529652972));
#4669=CARTESIAN_POINT('',(-0.020648154386822,-0.005,-0.00684475356337198));
#4670=CARTESIAN_POINT('',(-0.0211508327710211,-0.005,-0.00676077803579854));
#4671=CARTESIAN_POINT('',(-0.021509216503765,-0.005,-0.00667710684858861));
#4672=CARTESIAN_POINT('',(-0.0216924830177298,-0.005,-0.00663431995454668));
#4673=CARTESIAN_POINT('',(-0.0179279406706381,-0.005,-0.00667638868400877));
#4674=CARTESIAN_POINT('',(-0.0176860856490656,-0.005,-0.00732632180437045));
#4675=CARTESIAN_POINT('',(-0.0170454052034002,-0.005,-0.00706092497141101));
#4676=CARTESIAN_POINT('',(0.,-0.005,0.));
#4677=CARTESIAN_POINT('',(-0.0167947728091931,-0.005,-0.00763793861507071));
#4678=CARTESIAN_POINT('',(-0.0174260328115128,-0.005,-0.00792502348383583));
#4679=CARTESIAN_POINT('',(-0.0171161172179546,-0.005,-0.00854539372592711));
#4680=CARTESIAN_POINT('',(-0.0165061695230802,-0.005,-0.00824311031561132));
#4681=CARTESIAN_POINT('',(-0.0169057331530719,-0.005,-0.00844050273165973));
#4682=CARTESIAN_POINT('',(-0.0174118330690892,-0.005,-0.00869052620148015));
#4683=CARTESIAN_POINT('',(-0.0174817114293534,-0.005,-0.00873695881842953));
#4684=CARTESIAN_POINT('',(-0.0175943932150866,-0.005,-0.00881039741405136));
#4685=CARTESIAN_POINT('',(-0.0177270228956069,-0.005,-0.00890967545100614));
#4686=CARTESIAN_POINT('',(-0.0178973967594892,-0.005,-0.00904936976512987));
#4687=CARTESIAN_POINT('',(-0.018094873547083,-0.005,-0.00922918524787423));
#4688=CARTESIAN_POINT('',(-0.0183179523027092,-0.005,-0.00945343338535443));
#4689=CARTESIAN_POINT('',(-0.0185619093599826,-0.005,-0.00972465867417174));
#4690=CARTESIAN_POINT('',(-0.0188227960950946,-0.005,-0.0100453731788658));
#4691=CARTESIAN_POINT('',(-0.0190958547491226,-0.005,-0.0104185057626201));
#4692=CARTESIAN_POINT('',(-0.0193775871246157,-0.005,-0.0108431989645566));
#4693=CARTESIAN_POINT('',(-0.0195610531550916,-0.005,-0.011162228717285));
#4694=CARTESIAN_POINT('',(-0.0196548720892795,-0.005,-0.0113253708057554));
#4695=CARTESIAN_POINT('',(-0.0149128473073241,-0.005,-0.0108632170736129));
#4696=CARTESIAN_POINT('',(-0.0152719343722664,-0.005,-0.0111271703651566));
#4697=CARTESIAN_POINT('',(-0.0157267653923319,-0.005,-0.0114615019425465));
#4698=CARTESIAN_POINT('',(-0.0158001408170245,-0.005,-0.0115021838820425));
#4699=CARTESIAN_POINT('',(-0.0159171868105423,-0.005,-0.0115684458437125));
#4700=CARTESIAN_POINT('',(-0.0160663525910392,-0.005,-0.0116405314227504));
#4701=CARTESIAN_POINT('',(-0.01626876816576,-0.005,-0.0117275353881954));
#4702=CARTESIAN_POINT('',(-0.016519275840664,-0.005,-0.0118201452920241));
#4703=CARTESIAN_POINT('',(-0.016821013183311,-0.005,-0.0119150448938532));
#4704=CARTESIAN_POINT('',(-0.0171740662208681,-0.005,-0.0120068694861979));
#4705=CARTESIAN_POINT('',(-0.0175788487545462,-0.005,-0.012090957431278));
#4706=CARTESIAN_POINT('',(-0.018035772400134,-0.005,-0.0121617369177227));
#4707=CARTESIAN_POINT('',(-0.0185424664324508,-0.005,-0.0122164964354954));
#4708=CARTESIAN_POINT('',(-0.0189101345403622,-0.005,-0.0122326187768075));
#4709=CARTESIAN_POINT('',(-0.0190981488007114,-0.005,-0.0122408632505916));
#4710=CARTESIAN_POINT('',(-0.0154618558883683,-0.005,-0.0112657105873181));
#4711=CARTESIAN_POINT('',(-0.0150536196497225,-0.005,-0.0118262907206259));
#4712=CARTESIAN_POINT('',(-0.0145083005815335,-0.005,-0.011397882006578));
#4713=CARTESIAN_POINT('',(0.,-0.005,0.));
#4714=CARTESIAN_POINT('',(0.,-0.005,0.));
#4715=CARTESIAN_POINT('',(0.,0.,0.));
#4716=CARTESIAN_POINT('',(0.0025,0.,0.));
#4717=CARTESIAN_POINT('',(0.,-0.005,0.));
#4718=CARTESIAN_POINT('',(0.0221945672106113,-0.005,-0.0036947511869757));
#4719=CARTESIAN_POINT('',(0.0221945672106113,0.,-0.0036947511869757));
#4720=CARTESIAN_POINT('',(0.,0.,0.));
#4721=CARTESIAN_POINT('',(0.0223683643927748,0.,-0.00243028278026279));
#4722=CARTESIAN_POINT('',(0.0223683643927748,-0.005,-0.00243028278026279));
#4723=CARTESIAN_POINT('',(0.,0.,0.));
#4724=CARTESIAN_POINT('',(-0.0150536196497225,0.,-0.0118262907206259));
#4725=CARTESIAN_POINT('',(-0.0154618558883683,0.,-0.0112657105873181));
#4726=CARTESIAN_POINT('',(-0.0145083005815335,0.,-0.011397882006578));
#4727=CARTESIAN_POINT('',(-0.0149128473073241,0.,-0.0108632170736129));
#4728=CARTESIAN_POINT('',(-0.0152719343722664,0.,-0.0111271703651566));
#4729=CARTESIAN_POINT('',(-0.0157267653923319,0.,-0.0114615019425465));
#4730=CARTESIAN_POINT('',(-0.0158001408170245,0.,-0.0115021838820425));
#4731=CARTESIAN_POINT('',(-0.0159171868105423,0.,-0.0115684458437125));
#4732=CARTESIAN_POINT('',(-0.0160663525910392,0.,-0.0116405314227504));
#4733=CARTESIAN_POINT('',(-0.01626876816576,0.,-0.0117275353881954));
#4734=CARTESIAN_POINT('',(-0.016519275840664,0.,-0.0118201452920241));
#4735=CARTESIAN_POINT('',(-0.016821013183311,0.,-0.0119150448938532));
#4736=CARTESIAN_POINT('',(-0.0171740662208681,0.,-0.0120068694861979));
#4737=CARTESIAN_POINT('',(-0.0175788487545462,0.,-0.012090957431278));
#4738=CARTESIAN_POINT('',(-0.018035772400134,0.,-0.0121617369177227));
#4739=CARTESIAN_POINT('',(-0.0185424664324508,0.,-0.0122164964354954));
#4740=CARTESIAN_POINT('',(-0.0189101345403622,0.,-0.0122326187768075));
#4741=CARTESIAN_POINT('',(-0.0190981488007114,0.,-0.0122408632505916));
#4742=CARTESIAN_POINT('',(-0.0165061695230802,0.,-0.00824311031561132));
#4743=CARTESIAN_POINT('',(-0.0169057331530719,0.,-0.00844050273165973));
#4744=CARTESIAN_POINT('',(-0.0174118330690892,0.,-0.00869052620148015));
#4745=CARTESIAN_POINT('',(-0.0174817114293534,0.,-0.00873695881842953));
#4746=CARTESIAN_POINT('',(-0.0175943932150866,0.,-0.00881039741405136));
#4747=CARTESIAN_POINT('',(-0.0177270228956069,0.,-0.00890967545100614));
#4748=CARTESIAN_POINT('',(-0.0178973967594892,0.,-0.00904936976512987));
#4749=CARTESIAN_POINT('',(-0.018094873547083,0.,-0.00922918524787423));
#4750=CARTESIAN_POINT('',(-0.0183179523027092,0.,-0.00945343338535443));
#4751=CARTESIAN_POINT('',(-0.0185619093599826,0.,-0.00972465867417174));
#4752=CARTESIAN_POINT('',(-0.0188227960950946,0.,-0.0100453731788658));
#4753=CARTESIAN_POINT('',(-0.0190958547491226,0.,-0.0104185057626201));
#4754=CARTESIAN_POINT('',(-0.0193775871246157,0.,-0.0108431989645566));
#4755=CARTESIAN_POINT('',(-0.0195610531550916,0.,-0.011162228717285));
#4756=CARTESIAN_POINT('',(-0.0196548720892795,0.,-0.0113253708057554));
#4757=CARTESIAN_POINT('',(-0.0171161172179546,0.,-0.00854539372592711));
#4758=CARTESIAN_POINT('',(-0.0174260328115128,0.,-0.00792502348383583));
#4759=CARTESIAN_POINT('',(-0.0167947728091931,0.,-0.00763793861507071));
#4760=CARTESIAN_POINT('',(0.,0.,0.));
#4761=CARTESIAN_POINT('',(-0.0170454052034002,0.,-0.00706092497141101));
#4762=CARTESIAN_POINT('',(-0.0176860856490656,0.,-0.00732632180437045));
#4763=CARTESIAN_POINT('',(-0.0179279406706381,0.,-0.00667638868400877));
#4764=CARTESIAN_POINT('',(-0.0172906993666391,0.,-0.00643694146411991));
#4765=CARTESIAN_POINT('',(-0.0177076842549298,0.,-0.00659422612091398));
#4766=CARTESIAN_POINT('',(-0.0182358504870484,0.,-0.00679344783585323));
#4767=CARTESIAN_POINT('',(-0.0183174808078719,0.,-0.00681282472601244));
#4768=CARTESIAN_POINT('',(-0.018448063681754,0.,-0.00684505088327007));
#4769=CARTESIAN_POINT('',(-0.0186111464469467,0.,-0.00687421888754895));
#4770=CARTESIAN_POINT('',(-0.0188295292920287,0.,-0.00690338544145223));
#4771=CARTESIAN_POINT('',(-0.0190957333158372,0.,-0.00692497495698934));
#4772=CARTESIAN_POINT('',(-0.019411885025468,0.,-0.00693494766336933));
#4773=CARTESIAN_POINT('',(-0.0197766198772099,0.,-0.00692811458116159));
#4774=CARTESIAN_POINT('',(-0.0201890786325807,0.,-0.00689987529652972));
#4775=CARTESIAN_POINT('',(-0.020648154386822,0.,-0.00684475356337198));
#4776=CARTESIAN_POINT('',(-0.0211508327710211,0.,-0.00676077803579854));
#4777=CARTESIAN_POINT('',(-0.021509216503765,0.,-0.00667710684858861));
#4778=CARTESIAN_POINT('',(-0.0216924830177298,0.,-0.00663431995454668));
#4779=CARTESIAN_POINT('',(-0.0181180405291104,0.,-0.00348412218291959));
#4780=CARTESIAN_POINT('',(-0.0185560430923256,0.,-0.00356639377548042));
#4781=CARTESIAN_POINT('',(-0.019110830975455,0.,-0.00367060157358886));
#4782=CARTESIAN_POINT('',(-0.0191906454266942,0.,-0.00369645938717318));
#4783=CARTESIAN_POINT('',(-0.019318962162123,0.,-0.00373677349849697));
#4784=CARTESIAN_POINT('',(-0.0194734584681286,0.,-0.00379658697697073));
#4785=CARTESIAN_POINT('',(-0.0196752034818727,0.,-0.00388513472861967));
#4786=CARTESIAN_POINT('',(-0.0199138709311451,0.,-0.00400500356581574));
#4787=CARTESIAN_POINT('',(-0.0201891787448078,0.,-0.0041607500460693));
#4788=CARTESIAN_POINT('',(-0.0204972649198059,0.,-0.00435609873908403));
#4789=CARTESIAN_POINT('',(-0.0208350050049146,0.,-0.00459453388118628));
#4790=CARTESIAN_POINT('',(-0.0211986078696484,0.,-0.00488015935336274));
#4791=CARTESIAN_POINT('',(-0.0215844736990312,0.,-0.00521309329408805));
#4792=CARTESIAN_POINT('',(-0.0218472095086067,0.,-0.00547079401552918));
#4793=CARTESIAN_POINT('',(-0.0219815645909258,0.,-0.005602574307294));
#4794=CARTESIAN_POINT('',(-0.0187869247969604,0.,-0.00361063418573935));
#4795=CARTESIAN_POINT('',(-0.0189179739913782,0.,-0.00292965472860029));
#4796=CARTESIAN_POINT('',(-0.0182326682516925,0.,-0.00282352765591682));
#4797=CARTESIAN_POINT('',(0.,0.,0.));
#4798=CARTESIAN_POINT('',(-0.018318330098871,0.,-0.00220029143269691));
#4799=CARTESIAN_POINT('',(-0.0190068555842755,0.,-0.00228299311557697));
#4800=CARTESIAN_POINT('',(-0.019064392108238,0.,-0.00159190957445241));
#4801=CARTESIAN_POINT('',(-0.0183861793536167,0.,-0.00153326735328088));
#4802=CARTESIAN_POINT('',(-0.0188301362036702,0.,-0.00157221829186038));
#4803=CARTESIAN_POINT('',(-0.0193924659746056,0.,-0.00162155478113066));
#4804=CARTESIAN_POINT('',(-0.0194762970440982,0.,-0.00161818952665332));
#4805=CARTESIAN_POINT('',(-0.0196107320639658,0.,-0.00161398981283967));
#4806=CARTESIAN_POINT('',(-0.0197756367112139,0.,-0.00159807698491688));
#4807=CARTESIAN_POINT('',(-0.0199937903700724,0.,-0.00156724297740351));
#4808=CARTESIAN_POINT('',(-0.0202559476081419,0.,-0.00151621090904714));
#4809=CARTESIAN_POINT('',(-0.020563066158751,0.,-0.00144051708996789));
#4810=CARTESIAN_POINT('',(-0.0209124321092748,0.,-0.00133553311165581));
#4811=CARTESIAN_POINT('',(-0.0213019769073258,0.,-0.00119706097586696));
#4812=CARTESIAN_POINT('',(-0.0217291572216605,0.,-0.00102012614988999));
#4813=CARTESIAN_POINT('',(-0.0221905386015863,0.,-0.000803643657688059));
#4814=CARTESIAN_POINT('',(-0.0225130582772016,0.,-0.000626384451141198));
#4815=CARTESIAN_POINT('',(-0.02267798500583,0.,-0.000535739497467364));
#4816=CARTESIAN_POINT('',(-0.0183861793536167,0.,0.00153326735328087));
#4817=CARTESIAN_POINT('',(-0.0188301362036702,0.,0.00157221829186037));
#4818=CARTESIAN_POINT('',(-0.0193924659746056,0.,0.00162155478113066));
#4819=CARTESIAN_POINT('',(-0.0194762970440982,0.,0.00161818952665332));
#4820=CARTESIAN_POINT('',(-0.0196107320639658,0.,0.00161398981283966));
#4821=CARTESIAN_POINT('',(-0.0197756367112139,0.,0.00159807698491688));
#4822=CARTESIAN_POINT('',(-0.0199937903700724,0.,0.00156724297740351));
#4823=CARTESIAN_POINT('',(-0.0202559476081419,0.,0.00151621090904713));
#4824=CARTESIAN_POINT('',(-0.020563066158751,0.,0.00144051708996788));
#4825=CARTESIAN_POINT('',(-0.0209124321092748,0.,0.00133553311165581));
#4826=CARTESIAN_POINT('',(-0.0213019769073258,0.,0.00119706097586696));
#4827=CARTESIAN_POINT('',(-0.0217291572216605,0.,0.00102012614988999));
#4828=CARTESIAN_POINT('',(-0.0221905386015863,0.,0.000803643657688055));
#4829=CARTESIAN_POINT('',(-0.0225130582772016,0.,0.000626384451141193));
#4830=CARTESIAN_POINT('',(-0.02267798500583,0.,0.00053573949746736));
#4831=CARTESIAN_POINT('',(-0.0190643921082379,0.,0.0015919095744524));
#4832=CARTESIAN_POINT('',(-0.0190068555842753,0.,0.00228299311557695));
#4833=CARTESIAN_POINT('',(-0.018318330098871,0.,0.0022002914326969));
#4834=CARTESIAN_POINT('',(0.,0.,0.));
#4835=CARTESIAN_POINT('',(-0.0182326682516925,0.,0.00282352765591681));
#4836=CARTESIAN_POINT('',(-0.0189179739913783,0.,0.00292965472860031));
#4837=CARTESIAN_POINT('',(-0.0187869247969605,0.,0.00361063418573937));
#4838=CARTESIAN_POINT('',(-0.0181180405291104,0.,0.00348412218291958));
#4839=CARTESIAN_POINT('',(-0.0185560430923256,0.,0.00356639377548042));
#4840=CARTESIAN_POINT('',(-0.019110830975455,0.,0.00367060157358886));
#4841=CARTESIAN_POINT('',(-0.0191906454266942,0.,0.00369645938717318));
#4842=CARTESIAN_POINT('',(-0.019318962162123,0.,0.00373677349849697));
#4843=CARTESIAN_POINT('',(-0.0194734584681286,0.,0.00379658697697073));
#4844=CARTESIAN_POINT('',(-0.0196752034818727,0.,0.00388513472861967));
#4845=CARTESIAN_POINT('',(-0.0199138709311451,0.,0.00400500356581573));
#4846=CARTESIAN_POINT('',(-0.0201891787448078,0.,0.00416075004606929));
#4847=CARTESIAN_POINT('',(-0.0204972649198059,0.,0.00435609873908403));
#4848=CARTESIAN_POINT('',(-0.0208350050049146,0.,0.00459453388118628));
#4849=CARTESIAN_POINT('',(-0.0211986078696484,0.,0.00488015935336274));
#4850=CARTESIAN_POINT('',(-0.0215844736990312,0.,0.00521309329408805));
#4851=CARTESIAN_POINT('',(-0.0218472095086067,0.,0.00547079401552918));
#4852=CARTESIAN_POINT('',(-0.0219815645909258,0.,0.00560257430729399));
#4853=CARTESIAN_POINT('',(-0.0172906993666391,0.,0.0064369414641199));
#4854=CARTESIAN_POINT('',(-0.0177076842549298,0.,0.00659422612091398));
#4855=CARTESIAN_POINT('',(-0.0182358504870484,0.,0.00679344783585323));
#4856=CARTESIAN_POINT('',(-0.0183174808078719,0.,0.00681282472601243));
#4857=CARTESIAN_POINT('',(-0.018448063681754,0.,0.00684505088327007));
#4858=CARTESIAN_POINT('',(-0.0186111464469467,0.,0.00687421888754894));
#4859=CARTESIAN_POINT('',(-0.0188295292920287,0.,0.00690338544145222));
#4860=CARTESIAN_POINT('',(-0.0190957333158372,0.,0.00692497495698934));
#4861=CARTESIAN_POINT('',(-0.019411885025468,0.,0.00693494766336933));
#4862=CARTESIAN_POINT('',(-0.0197766198772099,0.,0.00692811458116158));
#4863=CARTESIAN_POINT('',(-0.0201890786325807,0.,0.00689987529652972));
#4864=CARTESIAN_POINT('',(-0.020648154386822,0.,0.00684475356337197));
#4865=CARTESIAN_POINT('',(-0.0211508327710211,0.,0.00676077803579854));
#4866=CARTESIAN_POINT('',(-0.021509216503765,0.,0.00667710684858861));
#4867=CARTESIAN_POINT('',(-0.0216924830177298,0.,0.00663431995454667));
#4868=CARTESIAN_POINT('',(-0.017927940670638,0.,0.00667638868400872));
#4869=CARTESIAN_POINT('',(-0.0176860856490654,0.,0.00732632180437039));
#4870=CARTESIAN_POINT('',(-0.0170454052034002,0.,0.00706092497141101));
#4871=CARTESIAN_POINT('',(0.,0.,0.));
#4872=CARTESIAN_POINT('',(-0.0167947728091931,0.,0.00763793861507071));
#4873=CARTESIAN_POINT('',(-0.0174260328115129,0.,0.00792502348383589));
#4874=CARTESIAN_POINT('',(-0.0171161172179547,0.,0.00854539372592717));
#4875=CARTESIAN_POINT('',(-0.0165061695230803,0.,0.00824311031561131));
#4876=CARTESIAN_POINT('',(-0.0169057331530719,0.,0.00844050273165973));
#4877=CARTESIAN_POINT('',(-0.0174118330690892,0.,0.00869052620148015));
#4878=CARTESIAN_POINT('',(-0.0174817114293534,0.,0.00873695881842953));
#4879=CARTESIAN_POINT('',(-0.0175943932150866,0.,0.00881039741405135));
#4880=CARTESIAN_POINT('',(-0.0177270228956069,0.,0.00890967545100614));
#4881=CARTESIAN_POINT('',(-0.0178973967594892,0.,0.00904936976512987));
#4882=CARTESIAN_POINT('',(-0.018094873547083,0.,0.00922918524787422));
#4883=CARTESIAN_POINT('',(-0.0183179523027092,0.,0.00945343338535442));
#4884=CARTESIAN_POINT('',(-0.0185619093599826,0.,0.00972465867417173));
#4885=CARTESIAN_POINT('',(-0.0188227960950946,0.,0.0100453731788658));
#4886=CARTESIAN_POINT('',(-0.0190958547491226,0.,0.0104185057626201));
#4887=CARTESIAN_POINT('',(-0.0193775871246157,0.,0.0108431989645566));
#4888=CARTESIAN_POINT('',(-0.0195610531550916,0.,0.011162228717285));
#4889=CARTESIAN_POINT('',(-0.0196548720892795,0.,0.0113253708057554));
#4890=CARTESIAN_POINT('',(-0.0149128473073241,0.,0.0108632170736129));
#4891=CARTESIAN_POINT('',(-0.0152719343722664,0.,0.0111271703651566));
#4892=CARTESIAN_POINT('',(-0.0157267653923319,0.,0.0114615019425465));
#4893=CARTESIAN_POINT('',(-0.0158001408170245,0.,0.0115021838820425));
#4894=CARTESIAN_POINT('',(-0.0159171868105423,0.,0.0115684458437125));
#4895=CARTESIAN_POINT('',(-0.0160663525910392,0.,0.0116405314227504));
#4896=CARTESIAN_POINT('',(-0.01626876816576,0.,0.0117275353881954));
#4897=CARTESIAN_POINT('',(-0.016519275840664,0.,0.0118201452920241));
#4898=CARTESIAN_POINT('',(-0.016821013183311,0.,0.0119150448938532));
#4899=CARTESIAN_POINT('',(-0.0171740662208681,0.,0.0120068694861979));
#4900=CARTESIAN_POINT('',(-0.0175788487545462,0.,0.012090957431278));
#4901=CARTESIAN_POINT('',(-0.018035772400134,0.,0.0121617369177227));
#4902=CARTESIAN_POINT('',(-0.0185424664324508,0.,0.0122164964354954));
#4903=CARTESIAN_POINT('',(-0.0189101345403622,0.,0.0122326187768075));
#4904=CARTESIAN_POINT('',(-0.0190981488007114,0.,0.0122408632505916));
#4905=CARTESIAN_POINT('',(-0.0154618558883682,0.,0.011265710587318));
#4906=CARTESIAN_POINT('',(-0.0150536196497225,0.,0.0118262907206258));
#4907=CARTESIAN_POINT('',(-0.0145083005815335,0.,0.0113978820065779));
#4908=CARTESIAN_POINT('',(0.,0.,0.));
#4909=CARTESIAN_POINT('',(-0.0141112858984092,0.,0.011885878608389));
#4910=CARTESIAN_POINT('',(-0.0146416824968133,0.,0.0123326295018454));
#4911=CARTESIAN_POINT('',(-0.0141758855259192,0.,0.012846380506038));
#4912=CARTESIAN_POINT('',(-0.0136701114342242,0.,0.0123907446659146));
#4913=CARTESIAN_POINT('',(-0.0140016023244379,0.,0.0126886182129625));
#4914=CARTESIAN_POINT('',(-0.0144214791578253,0.,0.0130659142575196));
#4915=CARTESIAN_POINT('',(-0.0144762388688059,0.,0.01312947798305));
#4916=CARTESIAN_POINT('',(-0.0145649286122805,0.,0.0132305944582918));
#4917=CARTESIAN_POINT('',(-0.0146658551306517,0.,0.0133619740558935));
#4918=CARTESIAN_POINT('',(-0.0147922219945966,0.,0.0135424544442724));
#4919=CARTESIAN_POINT('',(-0.0149338621705721,0.,0.013768880480811));
#4920=CARTESIAN_POINT('',(-0.0150881671373744,0.,0.0140449988170279));
#4921=CARTESIAN_POINT('',(-0.0152499018980146,0.,0.0143719851627493));
#4922=CARTESIAN_POINT('',(-0.0154145865074639,0.,0.0147511931023934));
#4923=CARTESIAN_POINT('',(-0.0155768494395769,0.,0.0151841592609563));
#4924=CARTESIAN_POINT('',(-0.0157335535597301,0.,0.0156691141721586));
#4925=CARTESIAN_POINT('',(-0.0158241429749272,0.,0.0160258119788785));
#4926=CARTESIAN_POINT('',(-0.0158704676398282,0.,0.0162082163616778));
#4927=CARTESIAN_POINT('',(-0.0114289775849618,0.,0.0144838175686674));
#4928=CARTESIAN_POINT('',(-0.011703534981663,0.,0.0148348632868329));
#4929=CARTESIAN_POINT('',(-0.0120512980536304,0.,0.0152795088830436));
#4930=CARTESIAN_POINT('',(-0.012110976662613,0.,0.0153384786785315));
#4931=CARTESIAN_POINT('',(-0.012205805009877,0.,0.015433862098045));
#4932=CARTESIAN_POINT('',(-0.0123299908621269,0.,0.0155435189942143));
#4933=CARTESIAN_POINT('',(-0.012501426929299,0.,0.0156819076851007));
#4934=CARTESIAN_POINT('',(-0.0127176592470472,0.,0.0158386695243161));
#4935=CARTESIAN_POINT('',(-0.0129826037443629,0.,0.0160114577522634));
#4936=CARTESIAN_POINT('',(-0.0132977906390498,0.,0.0161951298092159));
#4937=CARTESIAN_POINT('',(-0.013664876082269,0.,0.0163853085657981));
#4938=CARTESIAN_POINT('',(-0.0140857596826966,0.,0.0165767398811302));
#4939=CARTESIAN_POINT('',(-0.0145588901847252,0.,0.016766173181324));
#4940=CARTESIAN_POINT('',(-0.01490857440621,0.,0.0168808933308579));
#4941=CARTESIAN_POINT('',(-0.0150873922553613,0.,0.0169395577175633));
#4942=CARTESIAN_POINT('',(-0.0118490359881422,0.,0.0150195062735627));
#4943=CARTESIAN_POINT('',(-0.0113046955466872,0.,0.0154491577558125));
#4944=CARTESIAN_POINT('',(-0.0108951816765933,0.,0.0148895102751577));
#4945=CARTESIAN_POINT('',(0.,0.,0.));
#4946=CARTESIAN_POINT('',(-0.0103812294673777,0.,0.0152522973595996));
#4947=CARTESIAN_POINT('',(-0.0107714255725654,0.,0.0158255808077289));
#4948=CARTESIAN_POINT('',(-0.0101842932547875,0.,0.0161946100122964));
#4949=CARTESIAN_POINT('',(-0.00982020371689044,0.,0.0156194141682321));
#4950=CARTESIAN_POINT('',(-0.0100590367044689,0.,0.0159956769279758));
#4951=CARTESIAN_POINT('',(-0.0103615501113026,0.,0.0164722632256593));
#4952=CARTESIAN_POINT('',(-0.0103971298957452,0.,0.0165482438290328));
#4953=CARTESIAN_POINT('',(-0.0104552498844163,0.,0.016669538837503));
#4954=CARTESIAN_POINT('',(-0.0105169879824789,0.,0.0168232761720191));
#4955=CARTESIAN_POINT('',(-0.0105899757942776,0.,0.01703115722989));
#4956=CARTESIAN_POINT('',(-0.0106652745547434,0.,0.017287400836923));
#4957=CARTESIAN_POINT('',(-0.0107393616392325,0.,0.0175949109380367));
#4958=CARTESIAN_POINT('',(-0.0108068789759298,0.,0.0179534072592632));
#4959=CARTESIAN_POINT('',(-0.0108631475556156,0.,0.0183629845157346));
#4960=CARTESIAN_POINT('',(-0.0109025804664424,0.,0.018823673129814));
#4961=CARTESIAN_POINT('',(-0.0109226343035374,0.,0.0193329228630391));
#4962=CARTESIAN_POINT('',(-0.0109136285009497,0.,0.01970083407921));
#4963=CARTESIAN_POINT('',(-0.0109090232080892,0.,0.0198889726577107));
#4964=CARTESIAN_POINT('',(-0.0070974728792164,0.,0.0170302195737104));
#4965=CARTESIAN_POINT('',(-0.00726713794157959,0.,0.0174423222635085));
#4966=CARTESIAN_POINT('',(-0.0074820410693114,0.,0.0179643045487873));
#4967=CARTESIAN_POINT('',(-0.00752359677316718,0.,0.0180371886803046));
#4968=CARTESIAN_POINT('',(-0.00758917448947162,0.,0.0181546194057866));
#4969=CARTESIAN_POINT('',(-0.00767917011692547,0.,0.0182937148687453));
#4970=CARTESIAN_POINT('',(-0.00780691204771461,0.,0.0184732246289561));
#4971=CARTESIAN_POINT('',(-0.00797283204649667,0.,0.0186825120950813));
#4972=CARTESIAN_POINT('',(-0.00818133397715549,0.,0.0189203740367336));
#4973=CARTESIAN_POINT('',(-0.00843527875887752,0.,0.0191822714420734));
#4974=CARTESIAN_POINT('',(-0.00873744206361838,0.,0.019464436321792));
#4975=CARTESIAN_POINT('',(-0.00909107060765636,0.,0.0197623218810933));
#4976=CARTESIAN_POINT('',(-0.00949554765448935,0.,0.0200723795624324));
#4977=CARTESIAN_POINT('',(-0.009801313510539,0.,0.020277189251507));
#4978=CARTESIAN_POINT('',(-0.00995767284665808,0.,0.0203819226819435));
#4979=CARTESIAN_POINT('',(-0.00735742729440844,0.,0.0176593738891663));
#4980=CARTESIAN_POINT('',(-0.00671735389049504,0.,0.0179262314354446));
#4981=CARTESIAN_POINT('',(-0.00647401698883979,0.,0.017276851681606));
#4982=CARTESIAN_POINT('',(0.,0.,0.));
#4983=CARTESIAN_POINT('',(-0.00588124473771561,0.,0.0174875229902663));
#4984=CARTESIAN_POINT('',(-0.00610230128959357,0.,0.0181448211823181));
#4985=CARTESIAN_POINT('',(-0.00543737854298968,0.,0.0183417593793539));
#4986=CARTESIAN_POINT('',(-0.00524197641431761,0.,0.0176896631757572));
#4987=CARTESIAN_POINT('',(-0.00537043834916036,0.,0.0181164094605939));
#4988=CARTESIAN_POINT('',(-0.00553315229396233,0.,0.0186569397859419));
#4989=CARTESIAN_POINT('',(-0.00554691336202148,0.,0.0187397021333945));
#4990=CARTESIAN_POINT('',(-0.00557015310221063,0.,0.0188721797792025));
#4991=CARTESIAN_POINT('',(-0.00558812394766435,0.,0.0190368728558336));
#4992=CARTESIAN_POINT('',(-0.00560231953521272,0.,0.0192567369961267));
#4993=CARTESIAN_POINT('',(-0.00560569231557398,0.,0.0195237937575569));
#4994=CARTESIAN_POINT('',(-0.00559406681761902,0.,0.019839889006133));
#4995=CARTESIAN_POINT('',(-0.00556235927838198,0.,0.0202033072707305));
#4996=CARTESIAN_POINT('',(-0.0055060386451606,0.,0.0206128773726082));
#4997=CARTESIAN_POINT('',(-0.00541971697609882,0.,0.0210671212752079));
#4998=CARTESIAN_POINT('',(-0.00530163322877851,0.,0.0215628971074052));
#4999=CARTESIAN_POINT('',(-0.00519370012758499,0.,0.0219147354412055));
#5000=CARTESIAN_POINT('',(-0.00513850643046679,0.,0.0220946548377169));
#5001=CARTESIAN_POINT('',(-0.00223958107879743,0.,0.0183135681010417));
#5002=CARTESIAN_POINT('',(-0.00229177052531322,0.,0.0187561639912146));
#5003=CARTESIAN_POINT('',(-0.0023578753269419,0.,0.0193167699273725));
#5004=CARTESIAN_POINT('',(-0.00237822612922058,0.,0.0193981629123073));
#5005=CARTESIAN_POINT('',(-0.00240968961534526,0.,0.0195289316440584));
#5006=CARTESIAN_POINT('',(-0.00245882045401743,0.,0.0196871495996383));
#5007=CARTESIAN_POINT('',(-0.00253339421379744,0.,0.0198944670114612));
#5008=CARTESIAN_POINT('',(-0.00263669636633719,0.,0.0201407582105602));
#5009=CARTESIAN_POINT('',(-0.00277329209597503,0.,0.0204260527338511));
#5010=CARTESIAN_POINT('',(-0.00294716084199187,0.,0.0207467517551251));
#5011=CARTESIAN_POINT('',(-0.00316199193824698,0.,0.0210999758796698));
#5012=CARTESIAN_POINT('',(-0.00342213841452699,0.,0.0214822228737426));
#5013=CARTESIAN_POINT('',(-0.00372796379396013,0.,0.0218899093764218));
#5014=CARTESIAN_POINT('',(-0.00396713402981706,0.,0.0221696188073402));
#5015=CARTESIAN_POINT('',(-0.00408943839624036,0.,0.022312653682096));
#5016=CARTESIAN_POINT('',(-0.0023201518762387,0.,0.0189895265296706));
#5017=CARTESIAN_POINT('',(-0.00163181682609418,0.,0.0190737985365618));
#5018=CARTESIAN_POINT('',(-0.00157270407768106,0.,0.0183828480351671));
#5019=CARTESIAN_POINT('',(0.,0.,0.));
#5020=CARTESIAN_POINT('',(-0.000945074990761561,0.,0.0184257790408394));
#5021=CARTESIAN_POINT('',(-0.00098059723614341,0.,0.0191183431768483));
#5022=CARTESIAN_POINT('',(-0.000287198339010017,0.,0.0191285843612106));
#5023=CARTESIAN_POINT('',(-0.000274975701541275,0.,0.0184479507903605));
#5024=CARTESIAN_POINT('',(-0.000283539149615277,0.,0.0188935307805785));
#5025=CARTESIAN_POINT('',(-0.000294385883466308,0.,0.0194579164721215));
#5026=CARTESIAN_POINT('',(-0.00028530763967676,0.,0.0195413224589551));
#5027=CARTESIAN_POINT('',(-0.000271943546168853,0.,0.0196751574811565));
#5028=CARTESIAN_POINT('',(-0.000244814323617528,0.,0.0198385917678293));
#5029=CARTESIAN_POINT('',(-0.000199164865127621,0.,0.0200541326730707));
#5030=CARTESIAN_POINT('',(-0.000130361521694384,0.,0.0203121962106062));
#5031=CARTESIAN_POINT('',(-3.388565129563E-5,0.,0.0206134332680972));
#5032=CARTESIAN_POINT('',(9.46951607428822E-5,0.,0.0209548204059086));
#5033=CARTESIAN_POINT('',(0.000259427963155186,0.,0.0213340074123949));
#5034=CARTESIAN_POINT('',(0.000465102128806659,0.,0.0217481174112867));
#5035=CARTESIAN_POINT('',(0.000712565729200714,0.,0.0221936499170056));
#5036=CARTESIAN_POINT('',(0.000911421224645588,0.,0.0225033211287705));
#5037=CARTESIAN_POINT('',(0.00101310986200064,0.,0.0226616775447298));
#5038=CARTESIAN_POINT('',(0.00278441020483426,0.,0.0182386830613182));
#5039=CARTESIAN_POINT('',(0.0028535670266631,0.,0.0186789468394332));
#5040=CARTESIAN_POINT('',(0.00294116324186501,0.,0.0192365988487868));
#5041=CARTESIAN_POINT('',(0.00294352666706971,0.,0.0193204641417946));
#5042=CARTESIAN_POINT('',(0.00294851091395478,0.,0.0194548723612081));
#5043=CARTESIAN_POINT('',(0.00294388867360997,0.,0.0196204785074428));
#5044=CARTESIAN_POINT('',(0.00292801387944973,0.,0.0198402277868569));
#5045=CARTESIAN_POINT('',(0.00289499102123026,0.,0.0201052564273997));
#5046=CARTESIAN_POINT('',(0.00284043217299676,0.,0.0204168245426723));
#5047=CARTESIAN_POINT('',(0.0027595345121806,0.,0.020772540400573));
#5048=CARTESIAN_POINT('',(0.00264796866403362,0.,0.0211706267525192));
#5049=CARTESIAN_POINT('',(0.00250059812956631,0.,0.0216088856704769));
#5050=CARTESIAN_POINT('',(0.00231610608686757,0.,0.0220839647516339));
#5051=CARTESIAN_POINT('',(0.00216126963346584,0.,0.0224178291554906));
#5052=CARTESIAN_POINT('',(0.00208209099209067,0.,0.022588557232246));
#5053=CARTESIAN_POINT('',(0.00288919859260309,0.,0.0189113128587725));
#5054=CARTESIAN_POINT('',(0.00357474462723285,0.,0.0188067492570444));
#5055=CARTESIAN_POINT('',(0.00344524910027685,0.,0.0181254726458938));
#5056=CARTESIAN_POINT('',(0.,0.,0.));
#5057=CARTESIAN_POINT('',(0.00406118664482688,0.,0.0179974793522838));
#5058=CARTESIAN_POINT('',(0.00421383322837765,0.,0.0186739451185521));
#5059=CARTESIAN_POINT('',(0.00488428205192905,0.,0.018496729748447));
#5060=CARTESIAN_POINT('',(0.00471241870108825,0.,0.0178380382886021));
#5061=CARTESIAN_POINT('',(0.00482438885155148,0.,0.0182694053547196));
#5062=CARTESIAN_POINT('',(0.00496621378128061,0.,0.0188157885076088));
#5063=CARTESIAN_POINT('',(0.00499745804510718,0.,0.0188936522933369));
#5064=CARTESIAN_POINT('',(0.00504643481863333,0.,0.0190189187605893));
#5065=CARTESIAN_POINT('',(0.005116652058861,0.,0.0191689730839236));
#5066=CARTESIAN_POINT('',(0.00521876095188537,0.,0.0193642050712054));
#5067=CARTESIAN_POINT('',(0.00535463758988501,0.,0.0195941359928294));
#5068=CARTESIAN_POINT('',(0.00552880865876783,0.,0.0198581734847492));
#5069=CARTESIAN_POINT('',(0.00574472649299699,0.,0.0201522103735053));
#5070=CARTESIAN_POINT('',(0.00600565398624771,0.,0.020472891718994));
#5071=CARTESIAN_POINT('',(0.00631542673651921,0.,0.0208161551699873));
#5072=CARTESIAN_POINT('',(0.00667391694681643,0.,0.0211784012414542));
#5073=CARTESIAN_POINT('',(0.00694894663411887,0.,0.0214229384340587));
#5074=CARTESIAN_POINT('',(0.00708958843067271,0.,0.0215479872985266));
#5075=CARTESIAN_POINT('',(0.0076018945214025,0.,0.0168111183353598));
#5076=CARTESIAN_POINT('',(0.00778726856647235,0.,0.0172163976510669));
#5077=CARTESIAN_POINT('',(0.00802206918794932,0.,0.0177297372351706));
#5078=CARTESIAN_POINT('',(0.00804697155620192,0.,0.0178098549311273));
#5079=CARTESIAN_POINT('',(0.0080880338773067,0.,0.017937934195446));
#5080=CARTESIAN_POINT('',(0.00812826304571028,0.,0.0180986462820669));
#5081=CARTESIAN_POINT('',(0.00817226457803033,0.,0.0183145296303042));
#5082=CARTESIAN_POINT('',(0.00821197016845574,0.,0.0185786397504472));
#5083=CARTESIAN_POINT('',(0.00824349458180994,0.,0.018893373875921));
#5084=CARTESIAN_POINT('',(0.00826156781561503,0.,0.0192577247525597));
#5085=CARTESIAN_POINT('',(0.00826154154415342,0.,0.0196711490883073));
#5086=CARTESIAN_POINT('',(0.00823787674986493,0.,0.020132916271106));
#5087=CARTESIAN_POINT('',(0.00818840097471261,0.,0.0206401534886337));
#5088=CARTESIAN_POINT('',(0.00812938181518525,0.,0.0210034116699225));
#5089=CARTESIAN_POINT('',(0.00809920121647084,0.,0.0211891708282535));
#5090=CARTESIAN_POINT('',(0.0078842704190356,0.,0.0174305336266391));
#5091=CARTESIAN_POINT('',(0.00851618362492652,0.,0.0171448894202851));
#5092=CARTESIAN_POINT('',(0.00820768391343312,0.,0.0165238138689944));
#5093=CARTESIAN_POINT('',(0.,0.,0.));
#5094=CARTESIAN_POINT('',(0.00876624864566118,0.,0.0162343889531588));
#5095=CARTESIAN_POINT('',(0.00909574295935426,0.,0.0168445859784274));
#5096=CARTESIAN_POINT('',(0.00969351758718014,0.,0.0164930573071492));
#5097=CARTESIAN_POINT('',(0.00935031456653915,0.,0.0159051600905733));
#5098=CARTESIAN_POINT('',(0.00957451400170911,0.,0.0162903217106694));
#5099=CARTESIAN_POINT('',(0.00985849208878627,0.,0.0167781795859915));
#5100=CARTESIAN_POINT('',(0.00990958512853485,0.,0.0168447263698299));
#5101=CARTESIAN_POINT('',(0.00999054219884063,0.,0.0169521338413132));
#5102=CARTESIAN_POINT('',(0.0100986397652595,0.,0.0170776793586001));
#5103=CARTESIAN_POINT('',(0.0102496351433398,0.,0.0172381229645526));
#5104=CARTESIAN_POINT('',(0.0104425077272596,0.,0.0174228683456722));
#5105=CARTESIAN_POINT('',(0.0106814565232271,0.,0.0176301238191361));
#5106=CARTESIAN_POINT('',(0.0109686977416405,0.,0.0178550030879271));
#5107=CARTESIAN_POINT('',(0.0113064681272191,0.,0.0180933953040429));
#5108=CARTESIAN_POINT('',(0.011697365034339,0.,0.0183403539273034));
#5109=CARTESIAN_POINT('',(0.0121402942756253,0.,0.0185924474305631));
#5110=CARTESIAN_POINT('',(0.0124711004610551,0.,0.018753714399115));
#5111=CARTESIAN_POINT('',(0.0126402646581508,0.,0.0188361814098744));
#5112=CARTESIAN_POINT('',(0.0118555810976717,0.,0.0141367498682169));
#5113=CARTESIAN_POINT('',(0.0121434240210896,0.,0.0144769870086995));
#5114=CARTESIAN_POINT('',(0.012508014960888,0.,0.0149079421189728));
#5115=CARTESIAN_POINT('',(0.012553609377456,0.,0.0149783702548832));
#5116=CARTESIAN_POINT('',(0.0126277043682717,0.,0.0150906215109962));
#5117=CARTESIAN_POINT('',(0.0127098013320394,0.,0.0152345202577476));
#5118=CARTESIAN_POINT('',(0.0128104157984812,0.,0.01543052659447));
#5119=CARTESIAN_POINT('',(0.0129199050555506,0.,0.0156741303548254));
#5120=CARTESIAN_POINT('',(0.0130351747089686,0.,0.0159686881002268));
#5121=CARTESIAN_POINT('',(0.0131508784283232,0.,0.0163146517578776));
#5122=CARTESIAN_POINT('',(0.0132623936819811,0.,0.0167127522857347));
#5123=CARTESIAN_POINT('',(0.0133641897374046,0.,0.0171637805738707));
#5124=CARTESIAN_POINT('',(0.0134533996217051,0.,0.0176655564638009));
#5125=CARTESIAN_POINT('',(0.0134945749371196,0.,0.0180312672250113));
#5126=CARTESIAN_POINT('',(0.0135156307380055,0.,0.0182182805579361));
#5127=CARTESIAN_POINT('',(0.0122946019766254,0.,0.0146570114548033));
#5128=CARTESIAN_POINT('',(0.0128260162421071,0.,0.0142114715678734));
#5129=CARTESIAN_POINT('',(0.0123613923583855,0.,0.0136966594088503));
#5130=CARTESIAN_POINT('',(0.,0.,0.));
#5131=CARTESIAN_POINT('',(0.0128211580873659,0.,0.0132672681927657));
#5132=CARTESIAN_POINT('',(0.0133030630452908,0.,0.0137659409551361));
#5133=CARTESIAN_POINT('',(0.0137838292678823,0.,0.0132661702560969));
#5134=CARTESIAN_POINT('',(0.0132947403754327,0.,0.0127926689298926));
#5135=CARTESIAN_POINT('',(0.013614541248847,0.,0.0131030594286019));
#5136=CARTESIAN_POINT('',(0.014019611137667,0.,0.0134962098395455));
#5137=CARTESIAN_POINT('',(0.0140867636163145,0.,0.0135465041509682));
#5138=CARTESIAN_POINT('',(0.0141936967678493,0.,0.0136280867058789));
#5139=CARTESIAN_POINT('',(0.0143316575584715,0.,0.0137198122804337));
#5140=CARTESIAN_POINT('',(0.0145203407851734,0.,0.0138335681367841));
#5141=CARTESIAN_POINT('',(0.0147559048377976,0.,0.0139594262576356));
#5142=CARTESIAN_POINT('',(0.0150419096217708,0.,0.0140945285223076));
#5143=CARTESIAN_POINT('',(0.0153791708572398,0.,0.0142335719045214));
#5144=CARTESIAN_POINT('',(0.0157687332508447,0.,0.0143719945311669));
#5145=CARTESIAN_POINT('',(0.0162117632794462,0.,0.0145043325353679));
#5146=CARTESIAN_POINT('',(0.0167062815161618,0.,0.0146275768485346));
#5147=CARTESIAN_POINT('',(0.0170683298182834,0.,0.0146936131597237));
#5148=CARTESIAN_POINT('',(0.0172534702812969,0.,0.014727382115848));
#5149=CARTESIAN_POINT('',(0.0152299934596013,0.,0.0104139233346757));
#5150=CARTESIAN_POINT('',(0.015598957268531,0.,0.0106638844677057));
#5151=CARTESIAN_POINT('',(0.0160662984845387,0.,0.010980493135108));
#5152=CARTESIAN_POINT('',(0.0161292034201258,0.,0.0110360083783189));
#5153=CARTESIAN_POINT('',(0.0162308357941457,0.,0.0111241064640756));
#5154=CARTESIAN_POINT('',(0.0163487117970435,0.,0.0112405195592039));
#5155=CARTESIAN_POINT('',(0.0164984770829115,0.,0.0114021119910859));
#5156=CARTESIAN_POINT('',(0.0166696296893082,0.,0.0116071424151614));
#5157=CARTESIAN_POINT('',(0.0168600955599196,0.,0.0118596777800261));
#5158=CARTESIAN_POINT('',(0.0170648485492683,0.,0.0121615956768793));
#5159=CARTESIAN_POINT('',(0.0172796347518303,0.,0.0125148471018836));
#5160=CARTESIAN_POINT('',(0.0174993419092209,0.,0.0129216857905429));
#5161=CARTESIAN_POINT('',(0.0177206211639638,0.,0.0133807859305914));
#5162=CARTESIAN_POINT('',(0.0178589371695404,0.,0.0137218261775798));
#5163=CARTESIAN_POINT('',(0.0179296677575988,0.,0.0138962237617245));
#5164=CARTESIAN_POINT('',(0.0157930991496704,0.,0.0107964457947305));
#5165=CARTESIAN_POINT('',(0.0161846019097307,0.,0.010224053882429));
#5166=CARTESIAN_POINT('',(0.0155983128817237,0.,0.00985368637839933));
#5167=CARTESIAN_POINT('',(0.,0.,0.));
#5168=CARTESIAN_POINT('',(0.0159251808866262,0.,0.00931617484422861));
#5169=CARTESIAN_POINT('',(0.0165237558026222,0.,0.0096663390661918));
#5170=CARTESIAN_POINT('',(0.0168518573886088,0.,0.00905539204584058));
#5171=CARTESIAN_POINT('',(0.0162531561100707,0.,0.00873140403724795));
#5172=CARTESIAN_POINT('',(0.0166448402539399,0.,0.0089440031712233));
#5173=CARTESIAN_POINT('',(0.0171409597639204,0.,0.00921328795035226));
#5174=CARTESIAN_POINT('',(0.0172191912893277,0.,0.00924359969036206));
#5175=CARTESIAN_POINT('',(0.0173441697794288,0.,0.00929330672381784));
#5176=CARTESIAN_POINT('',(0.0175017618735425,0.,0.00934440948939249));
#5177=CARTESIAN_POINT('',(0.0177141391771099,0.,0.0094030408446737));
#5178=CARTESIAN_POINT('',(0.0179749239902889,0.,0.00946067738419599));
#5179=CARTESIAN_POINT('',(0.0182867730958255,0.,0.00951360652315707));
#5180=CARTESIAN_POINT('',(0.0186490412253829,0.,0.00955650180721605));
#5181=CARTESIAN_POINT('',(0.0190615035664096,0.,0.00958468867141439));
#5182=CARTESIAN_POINT('',(0.0195238092059991,0.,0.00959259115219024));
#5183=CARTESIAN_POINT('',(0.0200332402827971,0.,0.00957784580836173));
#5184=CARTESIAN_POINT('',(0.0203996792353027,0.,0.00954375385108303));
#5185=CARTESIAN_POINT('',(0.0205870649430538,0.,0.00952632026357929));
#5186=CARTESIAN_POINT('',(0.0174748668792163,0.,0.00591874374793081));
#5187=CARTESIAN_POINT('',(0.0178975872158466,0.,0.00605989039976743));
#5188=CARTESIAN_POINT('',(0.018433018148016,0.,0.00623867120782578));
#5189=CARTESIAN_POINT('',(0.0185085682313206,0.,0.0062751562467137));
#5190=CARTESIAN_POINT('',(0.0186302003803009,0.,0.00633256733011542));
#5191=CARTESIAN_POINT('',(0.0187751130984407,0.,0.00641286094690946));
#5192=CARTESIAN_POINT('',(0.0189629217976128,0.,0.00652805490251458));
#5193=CARTESIAN_POINT('',(0.0191830441474913,0.,0.00667930582170822));
#5194=CARTESIAN_POINT('',(0.0194345802529961,0.,0.0068710894132965));
#5195=CARTESIAN_POINT('',(0.0197131969198018,0.,0.00710656968012514));
#5196=CARTESIAN_POINT('',(0.0200153243612052,0.,0.00738877296010175));
#5197=CARTESIAN_POINT('',(0.0203366479457927,0.,0.00772124868490956));
#5198=CARTESIAN_POINT('',(0.0206735853009389,0.,0.00810362371793241));
#5199=CARTESIAN_POINT('',(0.0208987837312975,0.,0.00839470005573505));
#5200=CARTESIAN_POINT('',(0.0210139433423831,0.,0.00854354762009946));
#5201=CARTESIAN_POINT('',(0.0181202944074056,0.,0.00613515714051558));
#5202=CARTESIAN_POINT('',(0.0183428496933367,0.,0.0054783648924591));
#5203=CARTESIAN_POINT('',(0.0176783778961577,0.,0.00527991050687817));
#5204=CARTESIAN_POINT('',(0.,0.,0.));
#5205=CARTESIAN_POINT('',(0.0178481058723802,0.,0.00467414342615913));
#5206=CARTESIAN_POINT('',(0.018518957183226,0.,0.00484982902926686));
#5207=CARTESIAN_POINT('',(0.0186700603389399,0.,0.00417301683320636));
#5208=CARTESIAN_POINT('',(0.0180061496092665,0.,0.00402257085067627));
#5209=CARTESIAN_POINT('',(0.0184406676024755,0.,0.00412161111472701));
#5210=CARTESIAN_POINT('',(0.018991041819157,0.,0.00424705864186918));
#5211=CARTESIAN_POINT('',(0.0190745503169701,0.,0.00425513972737661));
#5212=CARTESIAN_POINT('',(0.0192083050627651,0.,0.00426928469610061));
#5213=CARTESIAN_POINT('',(0.0193738405756858,0.,0.00427597459435199));
#5214=CARTESIAN_POINT('',(0.0195941609030746,0.,0.00427513302916336));
#5215=CARTESIAN_POINT('',(0.0198608252602263,0.,0.00426027334888977));
#5216=CARTESIAN_POINT('',(0.0201753902657831,0.,0.00422710385003789));
#5217=CARTESIAN_POINT('',(0.0205357975195261,0.,0.00417066968895627));
#5218=CARTESIAN_POINT('',(0.0209405693630305,0.,0.00408653029993611));
#5219=CARTESIAN_POINT('',(0.021387863519227,0.,0.00396941116643919));
#5220=CARTESIAN_POINT('',(0.0218744252636334,0.,0.00381776976031171));
#5221=CARTESIAN_POINT('',(0.0222180777657626,0.,0.00368607797907631));
#5222=CARTESIAN_POINT('',(0.0223938111775397,0.,0.00361873481737627));
#5223=CARTESIAN_POINT('',(0.0184237093645964,0.,0.000984598013852902));
#5224=CARTESIAN_POINT('',(0.0188688349953764,0.,0.00100646198303237));
#5225=CARTESIAN_POINT('',(0.019432645180902,0.,0.00103415557708086));
#5226=CARTESIAN_POINT('',(0.0195152372078641,0.,0.00104890448321937));
#5227=CARTESIAN_POINT('',(0.0196478482317449,0.,0.00107137064684849));
#5228=CARTESIAN_POINT('',(0.0198090501517538,0.,0.00110958977506946));
#5229=CARTESIAN_POINT('',(0.0200209733521799,0.,0.00116984184568777));
#5230=CARTESIAN_POINT('',(0.0202737399778425,0.,0.00125609567124985));
#5231=CARTESIAN_POINT('',(0.0205676910359968,0.,0.00137290377792522));
#5232=CARTESIAN_POINT('',(0.0208995076566686,0.,0.00152448192058911));
#5233=CARTESIAN_POINT('',(0.0212665689267258,0.,0.00171470732925625));
#5234=CARTESIAN_POINT('',(0.021665677838199,0.,0.00194816188667887));
#5235=CARTESIAN_POINT('',(0.0220932841915031,0.,0.00222545280572613));
#5236=CARTESIAN_POINT('',(0.0223886631092783,0.,0.0024449774339538));
#5237=CARTESIAN_POINT('',(0.022539710881857,0.,0.00255723563562131));
#5238=CARTESIAN_POINT('',(0.0191035903237746,0.,0.00101885194766502));
#5239=CARTESIAN_POINT('',(0.0191406922281417,0.,0.000326370640267282));
#5240=CARTESIAN_POINT('',(0.0184473184952312,0.,0.00031454782704521));
#5241=CARTESIAN_POINT('',(0.,0.,0.));
#5242=CARTESIAN_POINT('',(0.0184473184952312,0.,-0.000314547827045209));
#5243=CARTESIAN_POINT('',(0.0191406922281418,0.,-0.000326370640267284));
#5244=CARTESIAN_POINT('',(0.0191035903237748,0.,-0.00101885194766502));
#5245=CARTESIAN_POINT('',(0.0184237093645964,0.,-0.000984598013852902));
#5246=CARTESIAN_POINT('',(0.0188688349953764,0.,-0.00100646198303237));
#5247=CARTESIAN_POINT('',(0.019432645180902,0.,-0.00103415557708086));
#5248=CARTESIAN_POINT('',(0.0195152372078641,0.,-0.00104890448321937));
#5249=CARTESIAN_POINT('',(0.0196478482317449,0.,-0.00107137064684849));
#5250=CARTESIAN_POINT('',(0.0198090501517538,0.,-0.00110958977506946));
#5251=CARTESIAN_POINT('',(0.0200209733521799,0.,-0.00116984184568777));
#5252=CARTESIAN_POINT('',(0.0202737399778425,0.,-0.00125609567124985));
#5253=CARTESIAN_POINT('',(0.0205676910359968,0.,-0.00137290377792522));
#5254=CARTESIAN_POINT('',(0.0208995076566686,0.,-0.00152448192058911));
#5255=CARTESIAN_POINT('',(0.0212665689267258,0.,-0.00171470732925625));
#5256=CARTESIAN_POINT('',(0.021665677838199,0.,-0.00194816188667887));
#5257=CARTESIAN_POINT('',(0.0220932841915031,0.,-0.00222545280572613));
#5258=CARTESIAN_POINT('',(0.0223886631092783,0.,-0.0024449774339538));
#5259=CARTESIAN_POINT('',(0.022539710881857,0.,-0.00255723563562131));
#5260=CARTESIAN_POINT('',(0.0180061496092665,0.,-0.00402257085067627));
#5261=CARTESIAN_POINT('',(0.0184406676024755,0.,-0.00412161111472701));
#5262=CARTESIAN_POINT('',(0.018991041819157,0.,-0.00424705864186919));
#5263=CARTESIAN_POINT('',(0.0190745503169701,0.,-0.00425513972737662));
#5264=CARTESIAN_POINT('',(0.0192083050627651,0.,-0.00426928469610062));
#5265=CARTESIAN_POINT('',(0.0193738405756858,0.,-0.00427597459435199));
#5266=CARTESIAN_POINT('',(0.0195941609030746,0.,-0.00427513302916336));
#5267=CARTESIAN_POINT('',(0.0198608252602263,0.,-0.00426027334888978));
#5268=CARTESIAN_POINT('',(0.0201753902657831,0.,-0.0042271038500379));
#5269=CARTESIAN_POINT('',(0.0205357975195261,0.,-0.00417066968895627));
#5270=CARTESIAN_POINT('',(0.0209405693630305,0.,-0.00408653029993612));
#5271=CARTESIAN_POINT('',(0.021387863519227,0.,-0.00396941116643919));
#5272=CARTESIAN_POINT('',(0.0218744252636334,0.,-0.00381776976031171));
#5273=CARTESIAN_POINT('',(0.0222180777657626,0.,-0.00368607797907631));
#5274=CARTESIAN_POINT('',(0.0223938111775397,0.,-0.00361873481737627));
#5275=CARTESIAN_POINT('',(0.0186700603389398,0.,-0.00417301683320634));
#5276=CARTESIAN_POINT('',(0.0185189571832258,0.,-0.00484982902926683));
#5277=CARTESIAN_POINT('',(0.0178481058723802,0.,-0.00467414342615913));
#5278=CARTESIAN_POINT('',(0.,0.,0.));
#5279=CARTESIAN_POINT('',(0.0176783778961577,0.,-0.00527991050687817));
#5280=CARTESIAN_POINT('',(0.0183428496933368,0.,-0.00547836489245914));
#5281=CARTESIAN_POINT('',(0.0181202944074058,0.,-0.00613515714051563));
#5282=CARTESIAN_POINT('',(0.0174748668792163,0.,-0.00591874374793081));
#5283=CARTESIAN_POINT('',(0.0178975872158466,0.,-0.00605989039976743));
#5284=CARTESIAN_POINT('',(0.018433018148016,0.,-0.00623867120782578));
#5285=CARTESIAN_POINT('',(0.0185085682313206,0.,-0.0062751562467137));
#5286=CARTESIAN_POINT('',(0.0186302003803009,0.,-0.00633256733011543));
#5287=CARTESIAN_POINT('',(0.0187751130984407,0.,-0.00641286094690946));
#5288=CARTESIAN_POINT('',(0.0189629217976128,0.,-0.00652805490251459));
#5289=CARTESIAN_POINT('',(0.0191830441474913,0.,-0.00667930582170822));
#5290=CARTESIAN_POINT('',(0.0194345802529961,0.,-0.0068710894132965));
#5291=CARTESIAN_POINT('',(0.0197131969198018,0.,-0.00710656968012515));
#5292=CARTESIAN_POINT('',(0.0200153243612052,0.,-0.00738877296010175));
#5293=CARTESIAN_POINT('',(0.0203366479457927,0.,-0.00772124868490956));
#5294=CARTESIAN_POINT('',(0.0206735853009389,0.,-0.00810362371793241));
#5295=CARTESIAN_POINT('',(0.0208987837312975,0.,-0.00839470005573505));
#5296=CARTESIAN_POINT('',(0.0210139433423831,0.,-0.00854354762009947));
#5297=CARTESIAN_POINT('',(0.0162531561100707,0.,-0.00873140403724795));
#5298=CARTESIAN_POINT('',(0.0166448402539399,0.,-0.0089440031712233));
#5299=CARTESIAN_POINT('',(0.0171409597639204,0.,-0.00921328795035226));
#5300=CARTESIAN_POINT('',(0.0172191912893277,0.,-0.00924359969036206));
#5301=CARTESIAN_POINT('',(0.0173441697794288,0.,-0.00929330672381784));
#5302=CARTESIAN_POINT('',(0.0175017618735425,0.,-0.00934440948939249));
#5303=CARTESIAN_POINT('',(0.0177141391771099,0.,-0.0094030408446737));
#5304=CARTESIAN_POINT('',(0.0179749239902889,0.,-0.00946067738419599));
#5305=CARTESIAN_POINT('',(0.0182867730958255,0.,-0.00951360652315707));
#5306=CARTESIAN_POINT('',(0.0186490412253829,0.,-0.00955650180721605));
#5307=CARTESIAN_POINT('',(0.0190615035664096,0.,-0.00958468867141439));
#5308=CARTESIAN_POINT('',(0.0195238092059991,0.,-0.00959259115219024));
#5309=CARTESIAN_POINT('',(0.0200332402827971,0.,-0.00957784580836173));
#5310=CARTESIAN_POINT('',(0.0203996792353027,0.,-0.00954375385108303));
#5311=CARTESIAN_POINT('',(0.0205870649430538,0.,-0.00952632026357929));
#5312=CARTESIAN_POINT('',(0.0168518573886087,0.,-0.00905539204584052));
#5313=CARTESIAN_POINT('',(0.016523755802622,0.,-0.00966633906619173));
#5314=CARTESIAN_POINT('',(0.0159251808866262,0.,-0.00931617484422861));
#5315=CARTESIAN_POINT('',(0.,0.,0.));
#5316=CARTESIAN_POINT('',(0.0155983128817237,0.,-0.00985368637839933));
#5317=CARTESIAN_POINT('',(0.0161846019097309,0.,-0.0102240538824291));
#5318=CARTESIAN_POINT('',(0.0157930991496706,0.,-0.0107964457947305));
#5319=CARTESIAN_POINT('',(0.0152299934596013,0.,-0.0104139233346757));
#5320=CARTESIAN_POINT('',(0.015598957268531,0.,-0.0106638844677057));
#5321=CARTESIAN_POINT('',(0.0160662984845387,0.,-0.010980493135108));
#5322=CARTESIAN_POINT('',(0.0161292034201258,0.,-0.0110360083783189));
#5323=CARTESIAN_POINT('',(0.0162308357941457,0.,-0.0111241064640756));
#5324=CARTESIAN_POINT('',(0.0163487117970435,0.,-0.0112405195592039));
#5325=CARTESIAN_POINT('',(0.0164984770829115,0.,-0.0114021119910859));
#5326=CARTESIAN_POINT('',(0.0166696296893082,0.,-0.0116071424151614));
#5327=CARTESIAN_POINT('',(0.0168600955599196,0.,-0.0118596777800261));
#5328=CARTESIAN_POINT('',(0.0170648485492683,0.,-0.0121615956768793));
#5329=CARTESIAN_POINT('',(0.0172796347518303,0.,-0.0125148471018836));
#5330=CARTESIAN_POINT('',(0.0174993419092209,0.,-0.0129216857905429));
#5331=CARTESIAN_POINT('',(0.0177206211639638,0.,-0.0133807859305914));
#5332=CARTESIAN_POINT('',(0.0178589371695404,0.,-0.0137218261775798));
#5333=CARTESIAN_POINT('',(0.0179296677575988,0.,-0.0138962237617245));
#5334=CARTESIAN_POINT('',(0.0132947403754327,0.,-0.0127926689298926));
#5335=CARTESIAN_POINT('',(0.013614541248847,0.,-0.0131030594286019));
#5336=CARTESIAN_POINT('',(0.014019611137667,0.,-0.0134962098395455));
#5337=CARTESIAN_POINT('',(0.0140867636163146,0.,-0.0135465041509682));
#5338=CARTESIAN_POINT('',(0.0141936967678493,0.,-0.0136280867058789));
#5339=CARTESIAN_POINT('',(0.0143316575584715,0.,-0.0137198122804337));
#5340=CARTESIAN_POINT('',(0.0145203407851735,0.,-0.0138335681367841));
#5341=CARTESIAN_POINT('',(0.0147559048377976,0.,-0.0139594262576356));
#5342=CARTESIAN_POINT('',(0.0150419096217708,0.,-0.0140945285223076));
#5343=CARTESIAN_POINT('',(0.0153791708572398,0.,-0.0142335719045214));
#5344=CARTESIAN_POINT('',(0.0157687332508447,0.,-0.0143719945311669));
#5345=CARTESIAN_POINT('',(0.0162117632794462,0.,-0.0145043325353679));
#5346=CARTESIAN_POINT('',(0.0167062815161618,0.,-0.0146275768485346));
#5347=CARTESIAN_POINT('',(0.0170683298182834,0.,-0.0146936131597237));
#5348=CARTESIAN_POINT('',(0.0172534702812969,0.,-0.014727382115848));
#5349=CARTESIAN_POINT('',(0.0137838292678822,0.,-0.0132661702560968));
#5350=CARTESIAN_POINT('',(0.0133030630452907,0.,-0.013765940955136));
#5351=CARTESIAN_POINT('',(0.0128211580873659,0.,-0.0132672681927657));
#5352=CARTESIAN_POINT('',(0.,0.,0.));
#5353=CARTESIAN_POINT('',(0.0123613923583855,0.,-0.0136966594088503));
#5354=CARTESIAN_POINT('',(0.0128260162421072,0.,-0.0142114715678735));
#5355=CARTESIAN_POINT('',(0.0122946019766255,0.,-0.0146570114548034));
#5356=CARTESIAN_POINT('',(0.0118555810976717,0.,-0.0141367498682169));
#5357=CARTESIAN_POINT('',(0.0121434240210896,0.,-0.0144769870086995));
#5358=CARTESIAN_POINT('',(0.012508014960888,0.,-0.0149079421189728));
#5359=CARTESIAN_POINT('',(0.012553609377456,0.,-0.0149783702548832));
#5360=CARTESIAN_POINT('',(0.0126277043682718,0.,-0.0150906215109962));
#5361=CARTESIAN_POINT('',(0.0127098013320394,0.,-0.0152345202577476));
#5362=CARTESIAN_POINT('',(0.0128104157984812,0.,-0.01543052659447));
#5363=CARTESIAN_POINT('',(0.0129199050555506,0.,-0.0156741303548254));
#5364=CARTESIAN_POINT('',(0.0130351747089687,0.,-0.0159686881002268));
#5365=CARTESIAN_POINT('',(0.0131508784283232,0.,-0.0163146517578776));
#5366=CARTESIAN_POINT('',(0.0132623936819811,0.,-0.0167127522857347));
#5367=CARTESIAN_POINT('',(0.0133641897374046,0.,-0.0171637805738707));
#5368=CARTESIAN_POINT('',(0.0134533996217051,0.,-0.0176655564638009));
#5369=CARTESIAN_POINT('',(0.0134945749371196,0.,-0.0180312672250113));
#5370=CARTESIAN_POINT('',(0.0135156307380055,0.,-0.0182182805579361));
#5371=CARTESIAN_POINT('',(0.00935031456653914,0.,-0.0159051600905733));
#5372=CARTESIAN_POINT('',(0.0095745140017091,0.,-0.0162903217106694));
#5373=CARTESIAN_POINT('',(0.00985849208878626,0.,-0.0167781795859915));
#5374=CARTESIAN_POINT('',(0.00990958512853484,0.,-0.0168447263698299));
#5375=CARTESIAN_POINT('',(0.00999054219884062,0.,-0.0169521338413132));
#5376=CARTESIAN_POINT('',(0.0100986397652594,0.,-0.0170776793586001));
#5377=CARTESIAN_POINT('',(0.0102496351433398,0.,-0.0172381229645526));
#5378=CARTESIAN_POINT('',(0.0104425077272596,0.,-0.0174228683456722));
#5379=CARTESIAN_POINT('',(0.0106814565232271,0.,-0.0176301238191361));
#5380=CARTESIAN_POINT('',(0.0109686977416405,0.,-0.0178550030879271));
#5381=CARTESIAN_POINT('',(0.0113064681272191,0.,-0.0180933953040429));
#5382=CARTESIAN_POINT('',(0.011697365034339,0.,-0.0183403539273034));
#5383=CARTESIAN_POINT('',(0.0121402942756252,0.,-0.0185924474305631));
#5384=CARTESIAN_POINT('',(0.0124711004610551,0.,-0.018753714399115));
#5385=CARTESIAN_POINT('',(0.0126402646581508,0.,-0.0188361814098744));
#5386=CARTESIAN_POINT('',(0.00969351758718007,0.,-0.0164930573071491));
#5387=CARTESIAN_POINT('',(0.00909574295935418,0.,-0.0168445859784273));
#5388=CARTESIAN_POINT('',(0.00876624864566117,0.,-0.0162343889531588));
#5389=CARTESIAN_POINT('',(0.,0.,0.));
#5390=CARTESIAN_POINT('',(0.00820768391343311,0.,-0.0165238138689944));
#5391=CARTESIAN_POINT('',(0.00851618362492657,0.,-0.0171448894202852));
#5392=CARTESIAN_POINT('',(0.00788427041903564,0.,-0.0174305336266392));
#5393=CARTESIAN_POINT('',(0.00760189452140248,0.,-0.0168111183353598));
#5394=CARTESIAN_POINT('',(0.00778726856647233,0.,-0.0172163976510669));
#5395=CARTESIAN_POINT('',(0.00802206918794931,0.,-0.0177297372351707));
#5396=CARTESIAN_POINT('',(0.00804697155620191,0.,-0.0178098549311273));
#5397=CARTESIAN_POINT('',(0.00808803387730669,0.,-0.017937934195446));
#5398=CARTESIAN_POINT('',(0.00812826304571027,0.,-0.0180986462820669));
#5399=CARTESIAN_POINT('',(0.00817226457803032,0.,-0.0183145296303042));
#5400=CARTESIAN_POINT('',(0.00821197016845573,0.,-0.0185786397504472));
#5401=CARTESIAN_POINT('',(0.00824349458180993,0.,-0.018893373875921));
#5402=CARTESIAN_POINT('',(0.00826156781561501,0.,-0.0192577247525597));
#5403=CARTESIAN_POINT('',(0.00826154154415341,0.,-0.0196711490883073));
#5404=CARTESIAN_POINT('',(0.00823787674986492,0.,-0.0201329162711061));
#5405=CARTESIAN_POINT('',(0.00818840097471259,0.,-0.0206401534886337));
#5406=CARTESIAN_POINT('',(0.00812938181518524,0.,-0.0210034116699225));
#5407=CARTESIAN_POINT('',(0.00809920121647083,0.,-0.0211891708282536));
#5408=CARTESIAN_POINT('',(0.00471241870108826,0.,-0.0178380382886021));
#5409=CARTESIAN_POINT('',(0.00482438885155149,0.,-0.0182694053547196));
#5410=CARTESIAN_POINT('',(0.00496621378128062,0.,-0.0188157885076088));
#5411=CARTESIAN_POINT('',(0.00499745804510719,0.,-0.0188936522933369));
#5412=CARTESIAN_POINT('',(0.00504643481863334,0.,-0.0190189187605893));
#5413=CARTESIAN_POINT('',(0.00511665205886101,0.,-0.0191689730839236));
#5414=CARTESIAN_POINT('',(0.00521876095188538,0.,-0.0193642050712054));
#5415=CARTESIAN_POINT('',(0.00535463758988502,0.,-0.0195941359928294));
#5416=CARTESIAN_POINT('',(0.00552880865876783,0.,-0.0198581734847492));
#5417=CARTESIAN_POINT('',(0.00574472649299699,0.,-0.0201522103735053));
#5418=CARTESIAN_POINT('',(0.00600565398624772,0.,-0.020472891718994));
#5419=CARTESIAN_POINT('',(0.00631542673651922,0.,-0.0208161551699873));
#5420=CARTESIAN_POINT('',(0.00667391694681644,0.,-0.0211784012414542));
#5421=CARTESIAN_POINT('',(0.00694894663411888,0.,-0.0214229384340587));
#5422=CARTESIAN_POINT('',(0.00708958843067272,0.,-0.0215479872985266));
#5423=CARTESIAN_POINT('',(0.00488428205192902,0.,-0.0184967297484468));
#5424=CARTESIAN_POINT('',(0.00421383322837763,0.,-0.018673945118552));
#5425=CARTESIAN_POINT('',(0.00406118664482689,0.,-0.0179974793522838));
#5426=CARTESIAN_POINT('',(0.,0.,0.));
#5427=CARTESIAN_POINT('',(0.00344524910027686,0.,-0.0181254726458938));
#5428=CARTESIAN_POINT('',(0.00357474462723287,0.,-0.0188067492570445));
#5429=CARTESIAN_POINT('',(0.00288919859260312,0.,-0.0189113128587726));
#5430=CARTESIAN_POINT('',(0.00278441020483426,0.,-0.0182386830613182));
#5431=CARTESIAN_POINT('',(0.00285356702666311,0.,-0.0186789468394332));
#5432=CARTESIAN_POINT('',(0.00294116324186502,0.,-0.0192365988487868));
#5433=CARTESIAN_POINT('',(0.00294352666706971,0.,-0.0193204641417946));
#5434=CARTESIAN_POINT('',(0.00294851091395479,0.,-0.0194548723612081));
#5435=CARTESIAN_POINT('',(0.00294388867360998,0.,-0.0196204785074428));
#5436=CARTESIAN_POINT('',(0.00292801387944974,0.,-0.0198402277868569));
#5437=CARTESIAN_POINT('',(0.00289499102123026,0.,-0.0201052564273997));
#5438=CARTESIAN_POINT('',(0.00284043217299677,0.,-0.0204168245426723));
#5439=CARTESIAN_POINT('',(0.00275953451218061,0.,-0.020772540400573));
#5440=CARTESIAN_POINT('',(0.00264796866403363,0.,-0.0211706267525192));
#5441=CARTESIAN_POINT('',(0.00250059812956632,0.,-0.0216088856704769));
#5442=CARTESIAN_POINT('',(0.00231610608686757,0.,-0.0220839647516339));
#5443=CARTESIAN_POINT('',(0.00216126963346585,0.,-0.0224178291554906));
#5444=CARTESIAN_POINT('',(0.00208209099209068,0.,-0.022588557232246));
#5445=CARTESIAN_POINT('',(-0.000274975701541279,0.,-0.0184479507903605));
#5446=CARTESIAN_POINT('',(-0.000283539149615282,0.,-0.0188935307805785));
#5447=CARTESIAN_POINT('',(-0.000294385883466312,0.,-0.0194579164721215));
#5448=CARTESIAN_POINT('',(-0.000285307639676765,0.,-0.0195413224589551));
#5449=CARTESIAN_POINT('',(-0.000271943546168858,0.,-0.0196751574811565));
#5450=CARTESIAN_POINT('',(-0.000244814323617533,0.,-0.0198385917678293));
#5451=CARTESIAN_POINT('',(-0.000199164865127626,0.,-0.0200541326730707));
#5452=CARTESIAN_POINT('',(-0.000130361521694389,0.,-0.0203121962106062));
#5453=CARTESIAN_POINT('',(-3.38856512956351E-5,0.,-0.0206134332680972));
#5454=CARTESIAN_POINT('',(9.4695160742877E-5,0.,-0.0209548204059086));
#5455=CARTESIAN_POINT('',(0.000259427963155181,0.,-0.0213340074123949));
#5456=CARTESIAN_POINT('',(0.000465102128806653,0.,-0.0217481174112867));
#5457=CARTESIAN_POINT('',(0.000712565729200709,0.,-0.0221936499170056));
#5458=CARTESIAN_POINT('',(0.000911421224645582,0.,-0.0225033211287705));
#5459=CARTESIAN_POINT('',(0.00101310986200063,0.,-0.0226616775447298));
#5460=CARTESIAN_POINT('',(-0.00028719833901002,0.,-0.0191285843612104));
#5461=CARTESIAN_POINT('',(-0.000980597236143407,0.,-0.0191183431768482));
#5462=CARTESIAN_POINT('',(-0.000945074990761565,0.,-0.0184257790408394));
#5463=CARTESIAN_POINT('',(0.,0.,0.));
#5464=CARTESIAN_POINT('',(-0.00157270407768107,0.,-0.0183828480351671));
#5465=CARTESIAN_POINT('',(-0.00163181682609419,0.,-0.0190737985365619));
#5466=CARTESIAN_POINT('',(-0.00232015187623872,0.,-0.0189895265296707));
#5467=CARTESIAN_POINT('',(-0.00223958107879743,0.,-0.0183135681010417));
#5468=CARTESIAN_POINT('',(-0.00229177052531323,0.,-0.0187561639912146));
#5469=CARTESIAN_POINT('',(-0.0023578753269419,0.,-0.0193167699273725));
#5470=CARTESIAN_POINT('',(-0.00237822612922059,0.,-0.0193981629123073));
#5471=CARTESIAN_POINT('',(-0.00240968961534527,0.,-0.0195289316440584));
#5472=CARTESIAN_POINT('',(-0.00245882045401743,0.,-0.0196871495996383));
#5473=CARTESIAN_POINT('',(-0.00253339421379744,0.,-0.0198944670114612));
#5474=CARTESIAN_POINT('',(-0.0026366963663372,0.,-0.0201407582105602));
#5475=CARTESIAN_POINT('',(-0.00277329209597504,0.,-0.0204260527338511));
#5476=CARTESIAN_POINT('',(-0.00294716084199187,0.,-0.0207467517551251));
#5477=CARTESIAN_POINT('',(-0.00316199193824698,0.,-0.0210999758796698));
#5478=CARTESIAN_POINT('',(-0.003422138414527,0.,-0.0214822228737426));
#5479=CARTESIAN_POINT('',(-0.00372796379396013,0.,-0.0218899093764218));
#5480=CARTESIAN_POINT('',(-0.00396713402981706,0.,-0.0221696188073402));
#5481=CARTESIAN_POINT('',(-0.00408943839624037,0.,-0.022312653682096));
#5482=CARTESIAN_POINT('',(-0.00524197641431762,0.,-0.0176896631757572));
#5483=CARTESIAN_POINT('',(-0.00537043834916037,0.,-0.0181164094605939));
#5484=CARTESIAN_POINT('',(-0.00553315229396233,0.,-0.0186569397859419));
#5485=CARTESIAN_POINT('',(-0.00554691336202148,0.,-0.0187397021333945));
#5486=CARTESIAN_POINT('',(-0.00557015310221063,0.,-0.0188721797792025));
#5487=CARTESIAN_POINT('',(-0.00558812394766435,0.,-0.0190368728558336));
#5488=CARTESIAN_POINT('',(-0.00560231953521273,0.,-0.0192567369961267));
#5489=CARTESIAN_POINT('',(-0.00560569231557399,0.,-0.0195237937575569));
#5490=CARTESIAN_POINT('',(-0.00559406681761903,0.,-0.0198398890061329));
#5491=CARTESIAN_POINT('',(-0.00556235927838199,0.,-0.0202033072707305));
#5492=CARTESIAN_POINT('',(-0.0055060386451606,0.,-0.0206128773726082));
#5493=CARTESIAN_POINT('',(-0.00541971697609883,0.,-0.0210671212752079));
#5494=CARTESIAN_POINT('',(-0.00530163322877852,0.,-0.0215628971074052));
#5495=CARTESIAN_POINT('',(-0.00519370012758499,0.,-0.0219147354412055));
#5496=CARTESIAN_POINT('',(-0.00513850643046679,0.,-0.0220946548377169));
#5497=CARTESIAN_POINT('',(-0.00543737854298965,0.,-0.0183417593793537));
#5498=CARTESIAN_POINT('',(-0.00610230128959353,0.,-0.018144821182318));
#5499=CARTESIAN_POINT('',(-0.00588124473771562,0.,-0.0174875229902663));
#5500=CARTESIAN_POINT('',(0.,0.,0.));
#5501=CARTESIAN_POINT('',(-0.0064740169888398,0.,-0.017276851681606));
#5502=CARTESIAN_POINT('',(-0.00671735389049509,0.,-0.0179262314354447));
#5503=CARTESIAN_POINT('',(-0.00735742729440849,0.,-0.0176593738891664));
#5504=CARTESIAN_POINT('',(-0.00709747287921641,0.,-0.0170302195737104));
#5505=CARTESIAN_POINT('',(-0.0072671379415796,0.,-0.0174423222635085));
#5506=CARTESIAN_POINT('',(-0.0074820410693114,0.,-0.0179643045487873));
#5507=CARTESIAN_POINT('',(-0.00752359677316719,0.,-0.0180371886803046));
#5508=CARTESIAN_POINT('',(-0.00758917448947162,0.,-0.0181546194057865));
#5509=CARTESIAN_POINT('',(-0.00767917011692547,0.,-0.0182937148687453));
#5510=CARTESIAN_POINT('',(-0.00780691204771461,0.,-0.0184732246289561));
#5511=CARTESIAN_POINT('',(-0.00797283204649668,0.,-0.0186825120950813));
#5512=CARTESIAN_POINT('',(-0.0081813339771555,0.,-0.0189203740367336));
#5513=CARTESIAN_POINT('',(-0.00843527875887753,0.,-0.0191822714420734));
#5514=CARTESIAN_POINT('',(-0.00873744206361839,0.,-0.019464436321792));
#5515=CARTESIAN_POINT('',(-0.00909107060765637,0.,-0.0197623218810933));
#5516=CARTESIAN_POINT('',(-0.00949554765448935,0.,-0.0200723795624324));
#5517=CARTESIAN_POINT('',(-0.00980131351053901,0.,-0.020277189251507));
#5518=CARTESIAN_POINT('',(-0.00995767284665808,0.,-0.0203819226819435));
#5519=CARTESIAN_POINT('',(-0.00982020371689045,0.,-0.0156194141682321));
#5520=CARTESIAN_POINT('',(-0.0100590367044689,0.,-0.0159956769279758));
#5521=CARTESIAN_POINT('',(-0.0103615501113026,0.,-0.0164722632256593));
#5522=CARTESIAN_POINT('',(-0.0103971298957452,0.,-0.0165482438290328));
#5523=CARTESIAN_POINT('',(-0.0104552498844163,0.,-0.016669538837503));
#5524=CARTESIAN_POINT('',(-0.0105169879824789,0.,-0.0168232761720191));
#5525=CARTESIAN_POINT('',(-0.0105899757942776,0.,-0.01703115722989));
#5526=CARTESIAN_POINT('',(-0.0106652745547434,0.,-0.017287400836923));
#5527=CARTESIAN_POINT('',(-0.0107393616392325,0.,-0.0175949109380367));
#5528=CARTESIAN_POINT('',(-0.0108068789759298,0.,-0.0179534072592631));
#5529=CARTESIAN_POINT('',(-0.0108631475556156,0.,-0.0183629845157346));
#5530=CARTESIAN_POINT('',(-0.0109025804664424,0.,-0.018823673129814));
#5531=CARTESIAN_POINT('',(-0.0109226343035374,0.,-0.0193329228630391));
#5532=CARTESIAN_POINT('',(-0.0109136285009497,0.,-0.01970083407921));
#5533=CARTESIAN_POINT('',(-0.0109090232080892,0.,-0.0198889726577107));
#5534=CARTESIAN_POINT('',(-0.0101842932547874,0.,-0.0161946100122962));
#5535=CARTESIAN_POINT('',(-0.0107714255725653,0.,-0.0158255808077288));
#5536=CARTESIAN_POINT('',(-0.0103812294673777,0.,-0.0152522973595996));
#5537=CARTESIAN_POINT('',(0.,0.,0.));
#5538=CARTESIAN_POINT('',(-0.0108951816765933,0.,-0.0148895102751577));
#5539=CARTESIAN_POINT('',(-0.0113046955466872,0.,-0.0154491577558126));
#5540=CARTESIAN_POINT('',(-0.0118490359881422,0.,-0.0150195062735628));
#5541=CARTESIAN_POINT('',(-0.0114289775849618,0.,-0.0144838175686674));
#5542=CARTESIAN_POINT('',(-0.011703534981663,0.,-0.0148348632868329));
#5543=CARTESIAN_POINT('',(-0.0120512980536304,0.,-0.0152795088830436));
#5544=CARTESIAN_POINT('',(-0.012110976662613,0.,-0.0153384786785315));
#5545=CARTESIAN_POINT('',(-0.012205805009877,0.,-0.015433862098045));
#5546=CARTESIAN_POINT('',(-0.0123299908621269,0.,-0.0155435189942143));
#5547=CARTESIAN_POINT('',(-0.012501426929299,0.,-0.0156819076851007));
#5548=CARTESIAN_POINT('',(-0.0127176592470472,0.,-0.0158386695243161));
#5549=CARTESIAN_POINT('',(-0.0129826037443629,0.,-0.0160114577522634));
#5550=CARTESIAN_POINT('',(-0.0132977906390499,0.,-0.0161951298092159));
#5551=CARTESIAN_POINT('',(-0.013664876082269,0.,-0.0163853085657981));
#5552=CARTESIAN_POINT('',(-0.0140857596826966,0.,-0.0165767398811302));
#5553=CARTESIAN_POINT('',(-0.0145588901847252,0.,-0.016766173181324));
#5554=CARTESIAN_POINT('',(-0.01490857440621,0.,-0.0168808933308579));
#5555=CARTESIAN_POINT('',(-0.0150873922553613,0.,-0.0169395577175633));
#5556=CARTESIAN_POINT('',(-0.0136701114342242,0.,-0.0123907446659146));
#5557=CARTESIAN_POINT('',(-0.0140016023244379,0.,-0.0126886182129625));
#5558=CARTESIAN_POINT('',(-0.0144214791578253,0.,-0.0130659142575196));
#5559=CARTESIAN_POINT('',(-0.0144762388688059,0.,-0.01312947798305));
#5560=CARTESIAN_POINT('',(-0.0145649286122805,0.,-0.0132305944582918));
#5561=CARTESIAN_POINT('',(-0.0146658551306517,0.,-0.0133619740558935));
#5562=CARTESIAN_POINT('',(-0.0147922219945966,0.,-0.0135424544442724));
#5563=CARTESIAN_POINT('',(-0.0149338621705721,0.,-0.013768880480811));
#5564=CARTESIAN_POINT('',(-0.0150881671373744,0.,-0.0140449988170279));
#5565=CARTESIAN_POINT('',(-0.0152499018980146,0.,-0.0143719851627494));
#5566=CARTESIAN_POINT('',(-0.0154145865074639,0.,-0.0147511931023934));
#5567=CARTESIAN_POINT('',(-0.0155768494395769,0.,-0.0151841592609563));
#5568=CARTESIAN_POINT('',(-0.0157335535597301,0.,-0.0156691141721586));
#5569=CARTESIAN_POINT('',(-0.0158241429749272,0.,-0.0160258119788785));
#5570=CARTESIAN_POINT('',(-0.0158704676398282,0.,-0.0162082163616778));
#5571=CARTESIAN_POINT('',(-0.0141758855259191,0.,-0.0128463805060379));
#5572=CARTESIAN_POINT('',(-0.0146416824968131,0.,-0.0123326295018453));
#5573=CARTESIAN_POINT('',(-0.0141112858984092,0.,-0.011885878608389));
#5574=CARTESIAN_POINT('',(0.,0.,0.));
#5575=CARTESIAN_POINT('',(0.0191035902195239,-0.005,0.00101885194207945));
#5576=CARTESIAN_POINT('',(0.0191035902195239,-8.67361737988404E-19,0.00101885194207945));
#5577=CARTESIAN_POINT('',(0.0192370063242071,-0.005,0.00102600013700706));
#5578=CARTESIAN_POINT('',(0.0192370063242071,-8.67361737988404E-19,0.00102600013700706));
#5579=CARTESIAN_POINT('',(0.0194605514736519,-0.005,0.00103907049217704));
#5580=CARTESIAN_POINT('',(0.0194605514736519,1.73472347597681E-18,0.00103907049217704));
#5581=CARTESIAN_POINT('',(0.0195138886344042,-0.005,0.00104855374821737));
#5582=CARTESIAN_POINT('',(0.0195138886344042,-1.73472347597681E-18,0.00104855374821737));
#5583=CARTESIAN_POINT('',(0.0196697751488162,-0.005,0.00107577399330589));
#5584=CARTESIAN_POINT('',(0.0196697751488162,1.73472347597681E-18,0.00107577399330589));
#5585=CARTESIAN_POINT('',(0.0198724955139067,-0.005,0.00112584132174313));
#5586=CARTESIAN_POINT('',(0.0198724955139067,-2.60208521396521E-18,0.00112584132174313));
#5587=CARTESIAN_POINT('',(0.0201781254584189,-0.005,0.00121866289504182));
#5588=CARTESIAN_POINT('',(0.0201781254584189,3.46944695195361E-18,0.00121866289504182));
#5589=CARTESIAN_POINT('',(0.020709668470774,-0.00500000000000001,0.00142663421673758));
#5590=CARTESIAN_POINT('',(0.020709668470774,-5.20417042793042E-18,0.00142663421673758));
#5591=CARTESIAN_POINT('',(0.0214424188844515,-0.005,0.00179486774638332));
#5592=CARTESIAN_POINT('',(0.0214424188844515,8.67361737988404E-19,0.00179486774638332));
#5593=CARTESIAN_POINT('',(0.0220584274029044,-0.005,0.00220206315877272));
#5594=CARTESIAN_POINT('',(0.0220584274029044,2.60208521396521E-18,0.00220206315877272));
#5595=CARTESIAN_POINT('',(0.0223683643859831,-0.005,0.00243028277526176));
#5596=CARTESIAN_POINT('',(0.0223683643859831,0.,0.00243028277526176));
#5597=CARTESIAN_POINT('',(0.0191035903237746,-8.67361737988404E-19,0.00101885194766502));
#5598=CARTESIAN_POINT('',(0.,-0.005,0.));
#5599=CARTESIAN_POINT('',(0.0184473184952312,-0.005,-0.000314547827045209));
#5600=CARTESIAN_POINT('',(0.0184473184952312,-0.005,0.00031454782704521));
#5601=CARTESIAN_POINT('',(0.019103590219524,-0.005,-0.00101885194207946));
#5602=CARTESIAN_POINT('',(0.019103590219524,0.,-0.00101885194207946));
#5603=CARTESIAN_POINT('',(0.0192370063242072,-0.005,-0.00102600013700707));
#5604=CARTESIAN_POINT('',(0.0192370063242072,8.67361737988404E-19,-0.00102600013700707));
#5605=CARTESIAN_POINT('',(0.019460551473652,-0.005,-0.00103907049217705));
#5606=CARTESIAN_POINT('',(0.019460551473652,1.73472347597681E-18,-0.00103907049217705));
#5607=CARTESIAN_POINT('',(0.0195138886344042,-0.005,-0.00104855374821737));
#5608=CARTESIAN_POINT('',(0.0195138886344042,1.73472347597681E-18,-0.00104855374821737));
#5609=CARTESIAN_POINT('',(0.0196697751488163,-0.005,-0.0010757739933059));
#5610=CARTESIAN_POINT('',(0.0196697751488163,8.67361737988404E-19,-0.0010757739933059));
#5611=CARTESIAN_POINT('',(0.0198724955139067,-0.005,-0.00112584132174314));
#5612=CARTESIAN_POINT('',(0.0198724955139067,8.67361737988404E-19,-0.00112584132174314));
#5613=CARTESIAN_POINT('',(0.020178125458419,-0.005,-0.00121866289504183));
#5614=CARTESIAN_POINT('',(0.020178125458419,1.73472347597681E-18,-0.00121866289504183));
#5615=CARTESIAN_POINT('',(0.0207096684707741,-0.005,-0.00142663421673759));
#5616=CARTESIAN_POINT('',(0.0207096684707741,-8.67361737988404E-19,-0.00142663421673759));
#5617=CARTESIAN_POINT('',(0.0214424188844515,-0.005,-0.00179486774638333));
#5618=CARTESIAN_POINT('',(0.0214424188844515,-8.67361737988404E-19,-0.00179486774638333));
#5619=CARTESIAN_POINT('',(0.0220584274029044,-0.005,-0.00220206315877272));
#5620=CARTESIAN_POINT('',(0.0220584274029044,3.46944695195361E-18,-0.00220206315877272));
#5621=CARTESIAN_POINT('',(0.0223683643859831,-0.005,-0.00243028277526176));
#5622=CARTESIAN_POINT('',(0.0223683643859831,8.67361737988404E-19,-0.00243028277526176));
#5623=CARTESIAN_POINT('',(0.0191035903237748,-0.005,-0.00101885194766502));
#5624=CARTESIAN_POINT('',(0.0191406922281417,-0.0025,0.000326370640267282));
#5625=CARTESIAN_POINT('',(0.0191406922281418,-0.0025,-0.000326370640267284));
#5626=CARTESIAN_POINT('',(-0.000287198337468244,-0.005,-0.0191285842568216));
#5627=CARTESIAN_POINT('',(-0.000287198337468244,-8.67361737988404E-19,-0.0191285842568216));
#5628=CARTESIAN_POINT('',(-0.000289171443598181,-0.005,-0.0192621771478442));
#5629=CARTESIAN_POINT('',(-0.000289171443598181,-8.67361737988404E-19,-0.0192621771478442));
#5630=CARTESIAN_POINT('',(-0.000291386818936938,-0.005,-0.0194860931145296));
#5631=CARTESIAN_POINT('',(-0.000291386818936938,0.,-0.0194860931145296));
#5632=CARTESIAN_POINT('',(-0.000285565527127024,-0.005,-0.0195399530943282));
#5633=CARTESIAN_POINT('',(-0.000285565527127024,0.,-0.0195399530943282));
#5634=CARTESIAN_POINT('',(-0.000269046810666977,-0.005,-0.0196973337765123));
#5635=CARTESIAN_POINT('',(-0.000269046810666977,-1.73472347597681E-18,-0.0196973337765123));
#5636=CARTESIAN_POINT('',(-0.000232930327680279,-0.005,-0.0199029982689652));
#5637=CARTESIAN_POINT('',(-0.000232930327680279,1.73472347597681E-18,-0.0199029982689652));
#5638=CARTESIAN_POINT('',(-0.000161182067903072,-0.005,-0.0202142500877087));
#5639=CARTESIAN_POINT('',(-0.000161182067903072,-8.67361737988404E-19,-0.0202142500877087));
#5640=CARTESIAN_POINT('',(1.00306466698292E-5,-0.005,-0.02075874641552));
#5641=CARTESIAN_POINT('',(1.00306466698292E-5,1.73472347597681E-18,-0.02075874641552));
#5642=CARTESIAN_POINT('',(0.000327401082342871,-0.005,-0.0215149177636023));
#5643=CARTESIAN_POINT('',(0.000327401082342871,-1.73472347597681E-18,-0.0215149177636023));
#5644=CARTESIAN_POINT('',(0.000691609320289019,-0.005,-0.0221572782216705));
#5645=CARTESIAN_POINT('',(0.000691609320289019,-8.67361737988404E-19,-0.0221572782216705));
#5646=CARTESIAN_POINT('',(0.00089814605646052,-0.005,-0.0224820669275117));
#5647=CARTESIAN_POINT('',(0.00089814605646052,0.,-0.0224820669275117));
#5648=CARTESIAN_POINT('',(-0.00028719833901002,-8.67361737988404E-19,-0.0191285843612104));
#5649=CARTESIAN_POINT('',(0.,-0.005,0.));
#5650=CARTESIAN_POINT('',(-0.00157270407768107,-0.005,-0.0183828480351671));
#5651=CARTESIAN_POINT('',(-0.000945074990761565,-0.005,-0.0184257790408394));
#5652=CARTESIAN_POINT('',(-0.00232015186355186,-0.005,-0.0189895264260442));
#5653=CARTESIAN_POINT('',(-0.00232015186355186,-8.67361737988404E-19,-0.0189895264260442));
#5654=CARTESIAN_POINT('',(-0.00233638803135251,-0.005,-0.0191221436969206));
#5655=CARTESIAN_POINT('',(-0.00233638803135251,0.,-0.0191221436969206));
#5656=CARTESIAN_POINT('',(-0.00236468317700191,-0.005,-0.0193442757584454));
#5657=CARTESIAN_POINT('',(-0.00236468317700191,-3.46944695195361E-18,-0.0193442757584454));
#5658=CARTESIAN_POINT('',(-0.00237778418195533,-0.005,-0.0193968414176864));
#5659=CARTESIAN_POINT('',(-0.00237778418195533,-1.73472347597681E-18,-0.0193968414176864));
#5660=CARTESIAN_POINT('',(-0.00241557904232435,-0.005,-0.019550506949436));
#5661=CARTESIAN_POINT('',(-0.00241557904232435,8.67361737988404E-19,-0.019550506949436));
#5662=CARTESIAN_POINT('',(-0.00247936377921492,-0.005,-0.0197493380112424));
#5663=CARTESIAN_POINT('',(-0.00247936377921492,-1.73472347597681E-18,-0.0197493380112424));
#5664=CARTESIAN_POINT('',(-0.0025928258890122,-0.005,-0.0200479210936375));
#5665=CARTESIAN_POINT('',(-0.0025928258890122,0.,-0.0200479210936375));
#5666=CARTESIAN_POINT('',(-0.00283658615952557,-0.005,-0.0205640324916425));
#5667=CARTESIAN_POINT('',(-0.00283658615952557,-2.60208521396521E-18,-0.0205640324916425));
#5668=CARTESIAN_POINT('',(-0.00325396590844523,-0.005,-0.0212699455502351));
#5669=CARTESIAN_POINT('',(-0.00325396590844523,0.,-0.0212699455502351));
#5670=CARTESIAN_POINT('',(-0.00370224996229621,-0.005,-0.0218567300129984));
#5671=CARTESIAN_POINT('',(-0.00370224996229621,-8.67361737988404E-19,-0.0218567300129984));
#5672=CARTESIAN_POINT('',(-0.00395108839390023,-0.005,-0.0221503702040269));
#5673=CARTESIAN_POINT('',(-0.00395108839390023,-8.67361737988404E-19,-0.0221503702040269));
#5674=CARTESIAN_POINT('',(-0.00232015187623872,-0.005,-0.0189895265296707));
#5675=CARTESIAN_POINT('',(-0.000980597236143407,-0.0025,-0.0191183431768482));
#5676=CARTESIAN_POINT('',(-0.00163181682609419,-0.0025,-0.0190737985365619));
#5677=CARTESIAN_POINT('',(0.00488428202524984,-0.005,-0.018496729647513));
#5678=CARTESIAN_POINT('',(0.00488428202524984,-8.67361737988404E-19,-0.018496729647513));
#5679=CARTESIAN_POINT('',(0.00491842501789498,-0.005,-0.0186259008894085));
#5680=CARTESIAN_POINT('',(0.00491842501789498,-8.67361737988404E-19,-0.0186259008894085));
#5681=CARTESIAN_POINT('',(0.00497670359950557,-0.005,-0.0188421111457564));
#5682=CARTESIAN_POINT('',(0.00497670359950557,-8.67361737988404E-19,-0.0188421111457564));
#5683=CARTESIAN_POINT('',(0.00499684027066827,-0.005,-0.0188924032856664));
#5684=CARTESIAN_POINT('',(0.00499684027066827,-2.60208521396521E-18,-0.0188924032856664));
#5685=CARTESIAN_POINT('',(0.00505520722820821,-0.005,-0.0190394911688714));
#5686=CARTESIAN_POINT('',(0.00505520722820821,-1.73472347597681E-18,-0.0190394911688714));
#5687=CARTESIAN_POINT('',(0.00514547203003973,-0.005,-0.0192277849535526));
#5688=CARTESIAN_POINT('',(0.00514547203003973,8.67361737988404E-19,-0.0192277849535526));
#5689=CARTESIAN_POINT('',(0.00529853440543009,-0.005,-0.0195081372617152));
#5690=CARTESIAN_POINT('',(0.00529853440543009,-1.73472347597681E-18,-0.0195081372617152));
#5691=CARTESIAN_POINT('',(0.00561030143925642,-0.005,-0.0199862495510892));
#5692=CARTESIAN_POINT('',(0.00561030143925642,-8.67361737988404E-19,-0.0199862495510892));
#5693=CARTESIAN_POINT('',(0.00611991550641316,-0.005,-0.0206287544955495));
#5694=CARTESIAN_POINT('',(0.00611991550641316,-1.73472347597681E-18,-0.0206287544955495));
#5695=CARTESIAN_POINT('',(0.00664392469243174,-0.005,-0.0211490322787054));
#5696=CARTESIAN_POINT('',(0.00664392469243174,0.,-0.0211490322787054));
#5697=CARTESIAN_POINT('',(0.00693042943030791,-0.005,-0.0214060539937508));
#5698=CARTESIAN_POINT('',(0.00693042943030791,-2.60208521396521E-18,-0.0214060539937508));
#5699=CARTESIAN_POINT('',(0.00488428205192902,-8.67361737988404E-19,-0.0184967297484468));
#5700=CARTESIAN_POINT('',(0.,-0.005,0.));
#5701=CARTESIAN_POINT('',(0.00344524910027686,-0.005,-0.0181254726458938));
#5702=CARTESIAN_POINT('',(0.00406118664482689,-0.005,-0.0179974793522838));
#5703=CARTESIAN_POINT('',(0.00288919857686141,-0.005,-0.018911312755566));
#5704=CARTESIAN_POINT('',(0.00288919857686141,-8.67361737988404E-19,-0.018911312755566));
#5705=CARTESIAN_POINT('',(0.002909344201688,-0.005,-0.0190433926839424));
#5706=CARTESIAN_POINT('',(0.002909344201688,-8.67361737988404E-19,-0.0190433926839424));
#5707=CARTESIAN_POINT('',(0.002942028829764,-0.005,-0.0192649214249944));
#5708=CARTESIAN_POINT('',(0.002942028829764,-2.60208521396521E-18,-0.0192649214249944));
#5709=CARTESIAN_POINT('',(0.0029435956907497,-0.005,-0.0193190724158338));
#5710=CARTESIAN_POINT('',(0.0029435956907497,-8.67361737988404E-19,-0.0193190724158338));
#5711=CARTESIAN_POINT('',(0.00294866083063166,-0.005,-0.0194772365441189));
#5712=CARTESIAN_POINT('',(0.00294866083063166,-8.67361737988404E-19,-0.0194772365441189));
#5713=CARTESIAN_POINT('',(0.00294088538329187,-0.005,-0.0196859033268561));
#5714=CARTESIAN_POINT('',(0.00294088538329187,-2.60208521396521E-18,-0.0196859033268561));
#5715=CARTESIAN_POINT('',(0.00291218750786145,-0.005,-0.0200040258494759));
#5716=CARTESIAN_POINT('',(0.00291218750786145,8.67361737988404E-19,-0.0200040258494759));
#5717=CARTESIAN_POINT('',(0.00281671171815462,-0.005,-0.0205667641707331));
#5718=CARTESIAN_POINT('',(0.00281671171815462,-2.60208521396521E-18,-0.0205667641707331));
#5719=CARTESIAN_POINT('',(0.00260526260645687,-0.005,-0.0213591077668213));
#5720=CARTESIAN_POINT('',(0.00260526260645687,0.,-0.0213591077668213));
#5721=CARTESIAN_POINT('',(0.00233191469478005,-0.005,-0.0220450782602533));
#5722=CARTESIAN_POINT('',(0.00233191469478005,1.73472347597681E-18,-0.0220450782602533));
#5723=CARTESIAN_POINT('',(0.00217152704265344,-0.005,-0.0223949652818413));
#5724=CARTESIAN_POINT('',(0.00217152704265344,-1.73472347597681E-18,-0.0223949652818413));
#5725=CARTESIAN_POINT('',(0.00288919859260312,-0.005,-0.0189113128587726));
#5726=CARTESIAN_POINT('',(0.00421383322837763,-0.0025,-0.018673945118552));
#5727=CARTESIAN_POINT('',(0.00357474462723287,-0.0025,-0.0188067492570445));
#5728=CARTESIAN_POINT('',(0.0137838291926434,-0.005,-0.0132661701837191));
#5729=CARTESIAN_POINT('',(0.0137838291926434,0.,-0.0132661701837191));
#5730=CARTESIAN_POINT('',(0.0138801169321837,-0.005,-0.0133587964483193));
#5731=CARTESIAN_POINT('',(0.0138801169321837,0.,-0.0133587964483193));
#5732=CARTESIAN_POINT('',(0.0140422506622127,-0.005,-0.0135132500711693));
#5733=CARTESIAN_POINT('',(0.0140422506622127,1.73472347597681E-18,-0.0135132500711693));
#5734=CARTESIAN_POINT('',(0.0140855868135072,-0.005,-0.0135457579602612));
#5735=CARTESIAN_POINT('',(0.0140855868135072,0.,-0.0135457579602612));
#5736=CARTESIAN_POINT('',(0.0142118811779717,-0.005,-0.0136411061674952));
#5737=CARTESIAN_POINT('',(0.0142118811779717,8.67361737988404E-19,-0.0136411061674952));
#5738=CARTESIAN_POINT('',(0.0143868396046159,-0.005,-0.0137550878885974));
#5739=CARTESIAN_POINT('',(0.0143868396046159,-1.73472347597681E-18,-0.0137550878885974));
#5740=CARTESIAN_POINT('',(0.014663285627932,-0.005,-0.0139150975871938));
#5741=CARTESIAN_POINT('',(0.014663285627932,2.60208521396521E-18,-0.0139150975871938));
#5742=CARTESIAN_POINT('',(0.0151780849032047,-0.005,-0.0141616168578609));
#5743=CARTESIAN_POINT('',(0.0151780849032047,-3.46944695195361E-18,-0.0141616168578609));
#5744=CARTESIAN_POINT('',(0.0159473443079731,-0.005,-0.0144457982599178));
#5745=CARTESIAN_POINT('',(0.0159473443079731,8.67361737988404E-19,-0.0144457982599178));
#5746=CARTESIAN_POINT('',(0.0166653959103558,-0.005,-0.0146180669308743));
#5747=CARTESIAN_POINT('',(0.0166653959103558,0.,-0.0146180669308743));
#5748=CARTESIAN_POINT('',(0.0170437354758399,-0.005,-0.0146888080081894));
#5749=CARTESIAN_POINT('',(0.0170437354758399,0.,-0.0146888080081894));
#5750=CARTESIAN_POINT('',(0.0137838292678822,-8.67361737988404E-19,-0.0132661702560968));
#5751=CARTESIAN_POINT('',(0.,-0.005,0.));
#5752=CARTESIAN_POINT('',(0.0123613923583855,-0.005,-0.0136966594088503));
#5753=CARTESIAN_POINT('',(0.0128211580873659,-0.005,-0.0132672681927657));
#5754=CARTESIAN_POINT('',(0.012294601909551,-0.005,-0.0146570113748007));
#5755=CARTESIAN_POINT('',(0.012294601909551,-1.73472347597681E-18,-0.0146570113748007));
#5756=CARTESIAN_POINT('',(0.0123804413332257,-0.005,-0.0147593956852333));
#5757=CARTESIAN_POINT('',(0.0123804413332257,-8.67361737988404E-19,-0.0147593956852333));
#5758=CARTESIAN_POINT('',(0.0125234704920064,-0.005,-0.0149316917320917));
#5759=CARTESIAN_POINT('',(0.0125234704920064,-2.60208521396521E-18,-0.0149316917320917));
#5760=CARTESIAN_POINT('',(0.0125529452341555,-0.005,-0.0149771452736202));
#5761=CARTESIAN_POINT('',(0.0125529452341555,-8.67361737988404E-19,-0.0149771452736202));
#5762=CARTESIAN_POINT('',(0.0126394525304857,-0.005,-0.0151096520085429));
#5763=CARTESIAN_POINT('',(0.0126394525304857,-1.73472347597681E-18,-0.0151096520085429));
#5764=CARTESIAN_POINT('',(0.0127412289486153,-0.005,-0.0152919809544399));
#5765=CARTESIAN_POINT('',(0.0127412289486153,0.,-0.0152919809544399));
#5766=CARTESIAN_POINT('',(0.0128820002838763,-0.005,-0.0155787019662634));
#5767=CARTESIAN_POINT('',(0.0128820002838763,-3.46944695195361E-18,-0.0155787019662634));
#5768=CARTESIAN_POINT('',(0.0130928137162815,-0.005,-0.016109124195576));
#5769=CARTESIAN_POINT('',(0.0130928137162815,1.73472347597681E-18,-0.016109124195576));
#5770=CARTESIAN_POINT('',(0.0133238365076136,-0.005,-0.0168959835038292));
#5771=CARTESIAN_POINT('',(0.0133238365076136,0.,-0.0168959835038292));
#5772=CARTESIAN_POINT('',(0.0134467020062699,-0.005,-0.017624117192047));
#5773=CARTESIAN_POINT('',(0.0134467020062699,-8.67361737988404E-19,-0.017624117192047));
#5774=CARTESIAN_POINT('',(0.0134914593647861,-0.005,-0.0180064023025195));
#5775=CARTESIAN_POINT('',(0.0134914593647861,-8.67361737988404E-19,-0.0180064023025195));
#5776=CARTESIAN_POINT('',(0.0122946019766255,-0.005,-0.0146570114548034));
#5777=CARTESIAN_POINT('',(0.0133030630452907,-0.0025,-0.013765940955136));
#5778=CARTESIAN_POINT('',(0.0128260162421072,-0.0025,-0.0142114715678735));
#5779=CARTESIAN_POINT('',(0.0096935175342586,-0.005,-0.0164930572171562));
#5780=CARTESIAN_POINT('',(0.0096935175342586,-2.60208521396521E-18,-0.0164930572171562));
#5781=CARTESIAN_POINT('',(0.00976124439610812,-0.005,-0.0166082267698322));
#5782=CARTESIAN_POINT('',(0.00976124439610812,-1.73472347597681E-18,-0.0166082267698322));
#5783=CARTESIAN_POINT('',(0.00987569467887677,-0.005,-0.0168006959902254));
#5784=CARTESIAN_POINT('',(0.00987569467887677,-4.33680868994202E-18,-0.0168006959902254));
#5785=CARTESIAN_POINT('',(0.00990865328461126,-0.005,-0.0168436903523008));
#5786=CARTESIAN_POINT('',(0.00990865328461126,-8.67361737988404E-19,-0.0168436903523008));
#5787=CARTESIAN_POINT('',(0.0100045396730014,-0.005,-0.0169695766011119));
#5788=CARTESIAN_POINT('',(0.0100045396730014,-5.20417042793042E-18,-0.0169695766011119));
#5789=CARTESIAN_POINT('',(0.0101422582662599,-0.005,-0.0171265347893982));
#5790=CARTESIAN_POINT('',(0.0101422582662599,-2.60208521396521E-18,-0.0171265347893982));
#5791=CARTESIAN_POINT('',(0.0103652828210945,-0.005,-0.0173551951388099));
#5792=CARTESIAN_POINT('',(0.0103652828210945,-2.60208521396521E-18,-0.0173551951388099));
#5793=CARTESIAN_POINT('',(0.0107944818395146,-0.005,-0.0177314639884621));
#5794=CARTESIAN_POINT('',(0.0107944818395146,-6.07153216591882E-18,-0.0177314639884621));
#5795=CARTESIAN_POINT('',(0.0114585437941233,-0.005,-0.0182126508768341));
#5796=CARTESIAN_POINT('',(0.0114585437941233,-1.73472347597681E-18,-0.0182126508768341));
#5797=CARTESIAN_POINT('',(0.0121034905640698,-0.005,-0.0185722593620135));
#5798=CARTESIAN_POINT('',(0.0121034905640698,0.,-0.0185722593620135));
#5799=CARTESIAN_POINT('',(0.0124487145579143,-0.005,-0.0187424519614544));
#5800=CARTESIAN_POINT('',(0.0124487145579143,-3.46944695195361E-18,-0.0187424519614544));
#5801=CARTESIAN_POINT('',(0.00969351758718007,-8.67361737988404E-19,-0.0164930573071491));
#5802=CARTESIAN_POINT('',(0.,-0.005,0.));
#5803=CARTESIAN_POINT('',(0.00820768391343311,-0.005,-0.0165238138689944));
#5804=CARTESIAN_POINT('',(0.00876624864566117,-0.005,-0.0162343889531588));
#5805=CARTESIAN_POINT('',(0.00788427037603286,-0.005,-0.0174305335315068));
#5806=CARTESIAN_POINT('',(0.00788427037603286,8.67361737988404E-19,-0.0174305335315068));
#5807=CARTESIAN_POINT('',(0.00793930368465341,-0.005,-0.0175522803533209));
#5808=CARTESIAN_POINT('',(0.00793930368465341,8.67361737988404E-19,-0.0175522803533209));
#5809=CARTESIAN_POINT('',(0.00803054401711263,-0.005,-0.0177567760006029));
#5810=CARTESIAN_POINT('',(0.00803054401711263,8.67361737988404E-19,-0.0177567760006029));
#5811=CARTESIAN_POINT('',(0.00804666253712605,-0.005,-0.0178084961917744));
#5812=CARTESIAN_POINT('',(0.00804666253712605,1.73472347597681E-18,-0.0178084961917744));
#5813=CARTESIAN_POINT('',(0.00809421201900543,-0.005,-0.0179594286067528));
#5814=CARTESIAN_POINT('',(0.00809421201900543,-8.67361737988404E-19,-0.0179594286067528));
#5815=CARTESIAN_POINT('',(0.00814302253057528,-0.005,-0.0181624552497323));
#5816=CARTESIAN_POINT('',(0.00814302253057528,3.46944695195361E-18,-0.0181624552497323));
#5817=CARTESIAN_POINT('',(0.00820121727964835,-0.005,-0.0184765235203879));
#5818=CARTESIAN_POINT('',(0.00820121727964835,-8.67361737988404E-19,-0.0184765235203879));
#5819=CARTESIAN_POINT('',(0.00826110697329794,-0.005,-0.0190441530379659));
#5820=CARTESIAN_POINT('',(0.00826110697329794,8.67361737988404E-19,-0.0190441530379659));
#5821=CARTESIAN_POINT('',(0.0082712707121214,-0.005,-0.0198641626717588));
#5822=CARTESIAN_POINT('',(0.0082712707121214,-8.67361737988404E-19,-0.0198641626717588));
#5823=CARTESIAN_POINT('',(0.00819313190674431,-0.005,-0.0205984439024678));
#5824=CARTESIAN_POINT('',(0.00819313190674431,0.,-0.0205984439024678));
#5825=CARTESIAN_POINT('',(0.00813309025252866,-0.005,-0.0209786282348507));
#5826=CARTESIAN_POINT('',(0.00813309025252866,0.,-0.0209786282348507));
#5827=CARTESIAN_POINT('',(0.00788427041903564,-0.005,-0.0174305336266392));
#5828=CARTESIAN_POINT('',(0.00909574295935418,-0.0025,-0.0168445859784273));
#5829=CARTESIAN_POINT('',(0.00851618362492657,-0.0025,-0.0171448894202852));
#5830=CARTESIAN_POINT('',(0.0168518572966326,-0.005,-0.00905539199644593));
#5831=CARTESIAN_POINT('',(0.0168518572966326,8.67361737988404E-19,-0.00905539199644593));
#5832=CARTESIAN_POINT('',(0.0169695646927091,-0.005,-0.00911860530666196));
#5833=CARTESIAN_POINT('',(0.0169695646927091,8.67361737988404E-19,-0.00911860530666196));
#5834=CARTESIAN_POINT('',(0.0171673571529545,-0.005,-0.0092235882133402));
#5835=CARTESIAN_POINT('',(0.0171673571529545,2.60208521396521E-18,-0.0092235882133402));
#5836=CARTESIAN_POINT('',(0.0172178568057173,-0.005,-0.00924319866802841));
#5837=CARTESIAN_POINT('',(0.0172178568057173,-8.67361737988404E-19,-0.00924319866802841));
#5838=CARTESIAN_POINT('',(0.0173651924710021,-0.005,-0.00930093729334372));
#5839=CARTESIAN_POINT('',(0.0173651924710021,2.60208521396521E-18,-0.00930093729334372));
#5840=CARTESIAN_POINT('',(0.0175644148649093,-0.005,-0.00936348904443945));
#5841=CARTESIAN_POINT('',(0.0175644148649093,-1.73472347597681E-18,-0.00936348904443945));
#5842=CARTESIAN_POINT('',(0.0178737796198141,-0.005,-0.00944298090487132));
#5843=CARTESIAN_POINT('',(0.0178737796198141,2.60208521396521E-18,-0.00944298090487132));
#5844=CARTESIAN_POINT('',(0.0184359988447421,-0.005,-0.00954146738999847));
#5845=CARTESIAN_POINT('',(0.0184359988447421,0.,-0.00954146738999847));
#5846=CARTESIAN_POINT('',(0.0192534032487465,-0.005,-0.00960756687119315));
#5847=CARTESIAN_POINT('',(0.0192534032487465,1.73472347597681E-18,-0.00960756687119315));
#5848=CARTESIAN_POINT('',(0.0199913050810841,-0.005,-0.00957971934867854));
#5849=CARTESIAN_POINT('',(0.0199913050810841,8.67361737988404E-19,-0.00957971934867854));
#5850=CARTESIAN_POINT('',(0.0203747005034242,-0.005,-0.00954576236178229));
#5851=CARTESIAN_POINT('',(0.0203747005034242,8.67361737988404E-19,-0.00954576236178229));
#5852=CARTESIAN_POINT('',(0.0168518573886087,-8.67361737988404E-19,-0.00905539204584052));
#5853=CARTESIAN_POINT('',(0.,-0.005,0.));
#5854=CARTESIAN_POINT('',(0.0155983128817237,-0.005,-0.00985368637839933));
#5855=CARTESIAN_POINT('',(0.0159251808866262,-0.005,-0.00931617484422861));
#5856=CARTESIAN_POINT('',(0.0157930990634989,-0.005,-0.0107964457357911));
#5857=CARTESIAN_POINT('',(0.0157930990634989,8.67361737988404E-19,-0.0107964457357911));
#5858=CARTESIAN_POINT('',(0.0159033782848631,-0.005,-0.0108718741589144));
#5859=CARTESIAN_POINT('',(0.0159033782848631,8.67361737988404E-19,-0.0108718741589144));
#5860=CARTESIAN_POINT('',(0.0160875884515734,-0.005,-0.0109991921957557));
#5861=CARTESIAN_POINT('',(0.0160875884515734,0.,-0.0109991921957557));
#5862=CARTESIAN_POINT('',(0.0161282334090709,-0.005,-0.0110350080064022));
#5863=CARTESIAN_POINT('',(0.0161282334090709,8.67361737988404E-19,-0.0110350080064022));
#5864=CARTESIAN_POINT('',(0.0162472826694277,-0.005,-0.0111392616429178));
#5865=CARTESIAN_POINT('',(0.0162472826694277,-8.67361737988404E-19,-0.0111392616429178));
#5866=CARTESIAN_POINT('',(0.0163944767027805,-0.005,-0.0112873703879147));
#5867=CARTESIAN_POINT('',(0.0163944767027805,2.60208521396521E-18,-0.0112873703879147));
#5868=CARTESIAN_POINT('',(0.0166073842582792,-0.005,-0.0115254793551204));
#5869=CARTESIAN_POINT('',(0.0166073842582792,8.67361737988404E-19,-0.0115254793551204));
#5870=CARTESIAN_POINT('',(0.0169534863615658,-0.005,-0.0119793553059396));
#5871=CARTESIAN_POINT('',(0.0169534863615658,1.73472347597681E-18,-0.0119793553059396));
#5872=CARTESIAN_POINT('',(0.0173882343018324,-0.005,-0.0126747065334022));
#5873=CARTESIAN_POINT('',(0.0173882343018324,-1.73472347597681E-18,-0.0126747065334022));
#5874=CARTESIAN_POINT('',(0.0177029917325589,-0.005,-0.0133426903344632));
#5875=CARTESIAN_POINT('',(0.0177029917325589,2.60208521396521E-18,-0.0133426903344632));
#5876=CARTESIAN_POINT('',(0.017849228655277,-0.005,-0.0136987238852198));
#5877=CARTESIAN_POINT('',(0.017849228655277,0.,-0.0136987238852198));
#5878=CARTESIAN_POINT('',(0.0157930991496706,-0.005,-0.0107964457947305));
#5879=CARTESIAN_POINT('',(0.016523755802622,-0.0025,-0.00966633906619173));
#5880=CARTESIAN_POINT('',(0.0161846019097309,-0.0025,-0.0102240538824291));
#5881=CARTESIAN_POINT('',(0.0186700602370479,-0.005,-0.00417301681045826));
#5882=CARTESIAN_POINT('',(0.0186700602370479,8.67361737988404E-19,-0.00417301681045826));
#5883=CARTESIAN_POINT('',(0.0188004574705691,-0.005,-0.00420212892425302));
#5884=CARTESIAN_POINT('',(0.0188004574705691,8.67361737988404E-19,-0.00420212892425302));
#5885=CARTESIAN_POINT('',(0.019019239299095,-0.005,-0.0042498550128361));
#5886=CARTESIAN_POINT('',(0.019019239299095,-1.73472347597681E-18,-0.0042498550128361));
#5887=CARTESIAN_POINT('',(0.0190731571251011,-0.005,-0.00425511361540817));
#5888=CARTESIAN_POINT('',(0.0190731571251011,3.46944695195361E-18,-0.00425511361540817));
#5889=CARTESIAN_POINT('',(0.0192306068789279,-0.005,-0.00427096044910188));
#5890=CARTESIAN_POINT('',(0.0192306068789279,-2.60208521396521E-18,-0.00427096044910188));
#5891=CARTESIAN_POINT('',(0.0194393178265237,-0.005,-0.00427744305296751));
#5892=CARTESIAN_POINT('',(0.0194393178265237,2.60208521396521E-18,-0.00427744305296751));
#5893=CARTESIAN_POINT('',(0.0197586571443955,-0.005,-0.0042705215275977));
#5894=CARTESIAN_POINT('',(0.0197586571443955,1.73472347597681E-18,-0.0042705215275977));
#5895=CARTESIAN_POINT('',(0.0203265990910479,-0.005,-0.00421367093512876));
#5896=CARTESIAN_POINT('',(0.0203265990910479,-8.67361737988404E-19,-0.00421367093512876));
#5897=CARTESIAN_POINT('',(0.0211315253490194,-0.005,-0.00405678619932593));
#5898=CARTESIAN_POINT('',(0.0211315253490194,0.,-0.00405678619932593));
#5899=CARTESIAN_POINT('',(0.0218345506080837,-0.005,-0.00383088780669126));
#5900=CARTESIAN_POINT('',(0.0218345506080837,8.67361737988404E-19,-0.00383088780669126));
#5901=CARTESIAN_POINT('',(0.0221945672027222,-0.005,-0.00369475118995888));
#5902=CARTESIAN_POINT('',(0.0221945672027222,8.67361737988404E-19,-0.00369475118995888));
#5903=CARTESIAN_POINT('',(0.0186700603389398,-8.67361737988404E-19,-0.00417301683320634));
#5904=CARTESIAN_POINT('',(0.,-0.005,0.));
#5905=CARTESIAN_POINT('',(0.0176783778961577,-0.005,-0.00527991050687817));
#5906=CARTESIAN_POINT('',(0.0178481058723802,-0.005,-0.00467414342615913));
#5907=CARTESIAN_POINT('',(0.0181202943085279,-0.005,-0.00613515710701066));
#5908=CARTESIAN_POINT('',(0.0181202943085279,8.67361737988404E-19,-0.00613515710701066));
#5909=CARTESIAN_POINT('',(0.0182468344222269,-0.005,-0.00617803546174367));
#5910=CARTESIAN_POINT('',(0.0182468344222269,8.67361737988404E-19,-0.00617803546174367));
#5911=CARTESIAN_POINT('',(0.0184585635715073,-0.005,-0.00625093289221664));
#5912=CARTESIAN_POINT('',(0.0184585635715073,-3.46944695195361E-18,-0.00625093289221664));
#5913=CARTESIAN_POINT('',(0.0185073642937939,-0.005,-0.00627445467715184));
#5914=CARTESIAN_POINT('',(0.0185073642937939,3.46944695195361E-18,-0.00627445467715184));
#5915=CARTESIAN_POINT('',(0.0186501261791507,-0.005,-0.00634272319996874));
#5916=CARTESIAN_POINT('',(0.0186501261791507,0.,-0.00634272319996874));
#5917=CARTESIAN_POINT('',(0.0188318211196409,-0.005,-0.00644562719600144));
#5918=CARTESIAN_POINT('',(0.0188318211196409,8.67361737988404E-19,-0.00644562719600144));
#5919=CARTESIAN_POINT('',(0.0191010745159732,-0.005,-0.00661746466576789));
#5920=CARTESIAN_POINT('',(0.0191010745159732,1.73472347597681E-18,-0.00661746466576789));
#5921=CARTESIAN_POINT('',(0.0195567964804521,-0.005,-0.00696113243516579));
#5922=CARTESIAN_POINT('',(0.0195567964804521,0.,-0.00696113243516579));
#5923=CARTESIAN_POINT('',(0.0201630263037631,-0.005,-0.00751340456231692));
#5924=CARTESIAN_POINT('',(0.0201630263037631,-8.67361737988404E-19,-0.00751340456231692));
#5925=CARTESIAN_POINT('',(0.0206463315478423,-0.005,-0.00807169717351918));
#5926=CARTESIAN_POINT('',(0.0206463315478423,4.33680868994202E-18,-0.00807169717351918));
#5927=CARTESIAN_POINT('',(0.0208832023111938,-0.005,-0.00837507378484518));
#5928=CARTESIAN_POINT('',(0.0208832023111938,8.67361737988404E-19,-0.00837507378484518));
#5929=CARTESIAN_POINT('',(0.0181202944074058,-0.005,-0.00613515714051563));
#5930=CARTESIAN_POINT('',(0.0185189571832258,-0.0025,-0.00484982902926683));
#5931=CARTESIAN_POINT('',(0.0183428496933368,-0.0025,-0.00547836489245914));
#5932=CARTESIAN_POINT('',(0.0122946019095509,-0.005,0.0146570113748006));
#5933=CARTESIAN_POINT('',(0.0122946019095509,0.,0.0146570113748006));
#5934=CARTESIAN_POINT('',(0.0123804413332256,-0.005,0.0147593956852332));
#5935=CARTESIAN_POINT('',(0.0123804413332256,0.,0.0147593956852332));
#5936=CARTESIAN_POINT('',(0.0125234704920064,-0.005,0.0149316917320917));
#5937=CARTESIAN_POINT('',(0.0125234704920064,-8.67361737988404E-19,0.0149316917320917));
#5938=CARTESIAN_POINT('',(0.0125529452341555,-0.005,0.0149771452736202));
#5939=CARTESIAN_POINT('',(0.0125529452341555,1.73472347597681E-18,0.0149771452736202));
#5940=CARTESIAN_POINT('',(0.0126394525304856,-0.005,0.0151096520085428));
#5941=CARTESIAN_POINT('',(0.0126394525304856,1.73472347597681E-18,0.0151096520085428));
#5942=CARTESIAN_POINT('',(0.0127412289486153,-0.005,0.0152919809544399));
#5943=CARTESIAN_POINT('',(0.0127412289486153,-2.60208521396521E-18,0.0152919809544399));
#5944=CARTESIAN_POINT('',(0.0128820002838763,-0.005,0.0155787019662633));
#5945=CARTESIAN_POINT('',(0.0128820002838763,-8.67361737988404E-19,0.0155787019662633));
#5946=CARTESIAN_POINT('',(0.0130928137162815,-0.005,0.0161091241955759));
#5947=CARTESIAN_POINT('',(0.0130928137162815,-8.67361737988404E-19,0.0161091241955759));
#5948=CARTESIAN_POINT('',(0.0133238365076136,-0.005,0.0168959835038292));
#5949=CARTESIAN_POINT('',(0.0133238365076136,-8.67361737988404E-19,0.0168959835038292));
#5950=CARTESIAN_POINT('',(0.0134467020062699,-0.005,0.017624117192047));
#5951=CARTESIAN_POINT('',(0.0134467020062699,0.,0.017624117192047));
#5952=CARTESIAN_POINT('',(0.013491459364786,-0.005,0.0180064023025195));
#5953=CARTESIAN_POINT('',(0.013491459364786,0.,0.0180064023025195));
#5954=CARTESIAN_POINT('',(0.0122946019766254,-8.67361737988404E-19,0.0146570114548033));
#5955=CARTESIAN_POINT('',(0.,-0.005,0.));
#5956=CARTESIAN_POINT('',(0.0128211580873659,-0.005,0.0132672681927657));
#5957=CARTESIAN_POINT('',(0.0123613923583855,-0.005,0.0136966594088503));
#5958=CARTESIAN_POINT('',(0.0137838291926435,-0.005,0.0132661701837192));
#5959=CARTESIAN_POINT('',(0.0137838291926435,-8.67361737988404E-19,0.0132661701837192));
#5960=CARTESIAN_POINT('',(0.0138801169321838,-0.005,0.0133587964483194));
#5961=CARTESIAN_POINT('',(0.0138801169321838,-8.67361737988404E-19,0.0133587964483194));
#5962=CARTESIAN_POINT('',(0.0140422506622127,-0.005,0.0135132500711693));
#5963=CARTESIAN_POINT('',(0.0140422506622127,-1.73472347597681E-18,0.0135132500711693));
#5964=CARTESIAN_POINT('',(0.0140855868135072,-0.005,0.0135457579602612));
#5965=CARTESIAN_POINT('',(0.0140855868135072,0.,0.0135457579602612));
#5966=CARTESIAN_POINT('',(0.0142118811779718,-0.005,0.0136411061674952));
#5967=CARTESIAN_POINT('',(0.0142118811779718,-8.67361737988404E-19,0.0136411061674952));
#5968=CARTESIAN_POINT('',(0.0143868396046159,-0.005,0.0137550878885975));
#5969=CARTESIAN_POINT('',(0.0143868396046159,-2.60208521396521E-18,0.0137550878885975));
#5970=CARTESIAN_POINT('',(0.0146632856279321,-0.005,0.0139150975871938));
#5971=CARTESIAN_POINT('',(0.0146632856279321,8.67361737988404E-19,0.0139150975871938));
#5972=CARTESIAN_POINT('',(0.0151780849032047,-0.005,0.0141616168578609));
#5973=CARTESIAN_POINT('',(0.0151780849032047,-1.73472347597681E-18,0.0141616168578609));
#5974=CARTESIAN_POINT('',(0.0159473443079731,-0.005,0.0144457982599178));
#5975=CARTESIAN_POINT('',(0.0159473443079731,0.,0.0144457982599178));
#5976=CARTESIAN_POINT('',(0.0166653959103558,-0.005,0.0146180669308743));
#5977=CARTESIAN_POINT('',(0.0166653959103558,-8.67361737988404E-19,0.0146180669308743));
#5978=CARTESIAN_POINT('',(0.0170437354758399,-0.005,0.0146888080081894));
#5979=CARTESIAN_POINT('',(0.0170437354758399,-8.67361737988404E-19,0.0146888080081894));
#5980=CARTESIAN_POINT('',(0.0137838292678823,-0.005,0.0132661702560969));
#5981=CARTESIAN_POINT('',(0.0128260162421071,-0.0025,0.0142114715678734));
#5982=CARTESIAN_POINT('',(0.0133030630452908,-0.0025,0.0137659409551361));
#5983=CARTESIAN_POINT('',(0.00788427037603283,-0.005,0.0174305335315067));
#5984=CARTESIAN_POINT('',(0.00788427037603283,0.,0.0174305335315067));
#5985=CARTESIAN_POINT('',(0.00793930368465339,-0.005,0.0175522803533208));
#5986=CARTESIAN_POINT('',(0.00793930368465339,0.,0.0175522803533208));
#5987=CARTESIAN_POINT('',(0.00803054401711262,-0.005,0.0177567760006028));
#5988=CARTESIAN_POINT('',(0.00803054401711262,8.67361737988404E-19,0.0177567760006028));
#5989=CARTESIAN_POINT('',(0.00804666253712605,-0.005,0.0178084961917743));
#5990=CARTESIAN_POINT('',(0.00804666253712605,-8.67361737988404E-19,0.0178084961917743));
#5991=CARTESIAN_POINT('',(0.00809421201900543,-0.005,0.0179594286067528));
#5992=CARTESIAN_POINT('',(0.00809421201900543,-1.73472347597681E-18,0.0179594286067528));
#5993=CARTESIAN_POINT('',(0.0081430225305753,-0.005,0.0181624552497323));
#5994=CARTESIAN_POINT('',(0.0081430225305753,-8.67361737988404E-19,0.0181624552497323));
#5995=CARTESIAN_POINT('',(0.00820121727964835,-0.005,0.0184765235203878));
#5996=CARTESIAN_POINT('',(0.00820121727964835,8.67361737988404E-19,0.0184765235203878));
#5997=CARTESIAN_POINT('',(0.00826110697329796,-0.005,0.0190441530379659));
#5998=CARTESIAN_POINT('',(0.00826110697329796,-2.60208521396521E-18,0.0190441530379659));
#5999=CARTESIAN_POINT('',(0.0082712707121214,-0.005,0.0198641626717587));
#6000=CARTESIAN_POINT('',(0.0082712707121214,-8.67361737988404E-19,0.0198641626717587));
#6001=CARTESIAN_POINT('',(0.00819313190674433,-0.005,0.0205984439024679));
#6002=CARTESIAN_POINT('',(0.00819313190674433,-1.73472347597681E-18,0.0205984439024679));
#6003=CARTESIAN_POINT('',(0.00813309025252867,-0.005,0.0209786282348507));
#6004=CARTESIAN_POINT('',(0.00813309025252867,-8.67361737988404E-19,0.0209786282348507));
#6005=CARTESIAN_POINT('',(0.0078842704190356,-8.67361737988404E-19,0.0174305336266391));
#6006=CARTESIAN_POINT('',(0.,-0.005,0.));
#6007=CARTESIAN_POINT('',(0.00876624864566118,-0.005,0.0162343889531588));
#6008=CARTESIAN_POINT('',(0.00820768391343312,-0.005,0.0165238138689944));
#6009=CARTESIAN_POINT('',(0.00969351753425867,-0.005,0.0164930572171563));
#6010=CARTESIAN_POINT('',(0.00969351753425867,-8.67361737988404E-19,0.0164930572171563));
#6011=CARTESIAN_POINT('',(0.00976124439610819,-0.005,0.0166082267698323));
#6012=CARTESIAN_POINT('',(0.00976124439610819,-8.67361737988404E-19,0.0166082267698323));
#6013=CARTESIAN_POINT('',(0.0098756946788768,-0.005,0.0168006959902254));
#6014=CARTESIAN_POINT('',(0.0098756946788768,8.67361737988404E-19,0.0168006959902254));
#6015=CARTESIAN_POINT('',(0.00990865328461128,-0.005,0.0168436903523009));
#6016=CARTESIAN_POINT('',(0.00990865328461128,-8.67361737988404E-19,0.0168436903523009));
#6017=CARTESIAN_POINT('',(0.0100045396730014,-0.005,0.0169695766011119));
#6018=CARTESIAN_POINT('',(0.0100045396730014,-1.73472347597681E-18,0.0169695766011119));
#6019=CARTESIAN_POINT('',(0.01014225826626,-0.005,0.0171265347893982));
#6020=CARTESIAN_POINT('',(0.01014225826626,3.46944695195361E-18,0.0171265347893982));
#6021=CARTESIAN_POINT('',(0.0103652828210945,-0.005,0.0173551951388099));
#6022=CARTESIAN_POINT('',(0.0103652828210945,-2.60208521396521E-18,0.0173551951388099));
#6023=CARTESIAN_POINT('',(0.0107944818395147,-0.005,0.0177314639884621));
#6024=CARTESIAN_POINT('',(0.0107944818395147,8.67361737988404E-19,0.0177314639884621));
#6025=CARTESIAN_POINT('',(0.0114585437941233,-0.005,0.0182126508768341));
#6026=CARTESIAN_POINT('',(0.0114585437941233,0.,0.0182126508768341));
#6027=CARTESIAN_POINT('',(0.0121034905640698,-0.005,0.0185722593620135));
#6028=CARTESIAN_POINT('',(0.0121034905640698,0.,0.0185722593620135));
#6029=CARTESIAN_POINT('',(0.0124487145579143,-0.005,0.0187424519614544));
#6030=CARTESIAN_POINT('',(0.0124487145579143,0.,0.0187424519614544));
#6031=CARTESIAN_POINT('',(0.00969351758718014,-0.005,0.0164930573071492));
#6032=CARTESIAN_POINT('',(0.00851618362492652,-0.0025,0.0171448894202851));
#6033=CARTESIAN_POINT('',(0.00909574295935426,-0.0025,0.0168445859784274));
#6034=CARTESIAN_POINT('',(0.0157930990634988,-0.005,0.010796445735791));
#6035=CARTESIAN_POINT('',(0.0157930990634988,-8.67361737988404E-19,0.010796445735791));
#6036=CARTESIAN_POINT('',(0.015903378284863,-0.005,0.0108718741589143));
#6037=CARTESIAN_POINT('',(0.015903378284863,-8.67361737988404E-19,0.0108718741589143));
#6038=CARTESIAN_POINT('',(0.0160875884515733,-0.005,0.0109991921957557));
#6039=CARTESIAN_POINT('',(0.0160875884515733,0.,0.0109991921957557));
#6040=CARTESIAN_POINT('',(0.0161282334090709,-0.005,0.0110350080064022));
#6041=CARTESIAN_POINT('',(0.0161282334090709,-3.46944695195361E-18,0.0110350080064022));
#6042=CARTESIAN_POINT('',(0.0162472826694276,-0.005,0.0111392616429178));
#6043=CARTESIAN_POINT('',(0.0162472826694276,8.67361737988404E-19,0.0111392616429178));
#6044=CARTESIAN_POINT('',(0.0163944767027805,-0.005,0.0112873703879146));
#6045=CARTESIAN_POINT('',(0.0163944767027805,-4.33680868994202E-18,0.0112873703879146));
#6046=CARTESIAN_POINT('',(0.0166073842582792,-0.005,0.0115254793551204));
#6047=CARTESIAN_POINT('',(0.0166073842582792,8.67361737988404E-19,0.0115254793551204));
#6048=CARTESIAN_POINT('',(0.0169534863615657,-0.005,0.0119793553059396));
#6049=CARTESIAN_POINT('',(0.0169534863615657,-2.60208521396521E-18,0.0119793553059396));
#6050=CARTESIAN_POINT('',(0.0173882343018323,-0.005,0.0126747065334022));
#6051=CARTESIAN_POINT('',(0.0173882343018323,3.46944695195361E-18,0.0126747065334022));
#6052=CARTESIAN_POINT('',(0.0177029917325589,-0.005,0.0133426903344632));
#6053=CARTESIAN_POINT('',(0.0177029917325589,-8.67361737988404E-19,0.0133426903344632));
#6054=CARTESIAN_POINT('',(0.017849228655277,-0.005,0.0136987238852198));
#6055=CARTESIAN_POINT('',(0.017849228655277,-8.67361737988404E-19,0.0136987238852198));
#6056=CARTESIAN_POINT('',(0.0157930991496704,-8.67361737988404E-19,0.0107964457947305));
#6057=CARTESIAN_POINT('',(0.,-0.005,0.));
#6058=CARTESIAN_POINT('',(0.0159251808866262,-0.005,0.00931617484422861));
#6059=CARTESIAN_POINT('',(0.0155983128817237,-0.005,0.00985368637839933));
#6060=CARTESIAN_POINT('',(0.0168518572966327,-0.005,0.00905539199644599));
#6061=CARTESIAN_POINT('',(0.0168518572966327,-8.67361737988404E-19,0.00905539199644599));
#6062=CARTESIAN_POINT('',(0.0169695646927092,-0.005,0.00911860530666201));
#6063=CARTESIAN_POINT('',(0.0169695646927092,-8.67361737988404E-19,0.00911860530666201));
#6064=CARTESIAN_POINT('',(0.0171673571529546,-0.005,0.00922358821334022));
#6065=CARTESIAN_POINT('',(0.0171673571529546,8.67361737988404E-19,0.00922358821334022));
#6066=CARTESIAN_POINT('',(0.0172178568057173,-0.005,0.00924319866802842));
#6067=CARTESIAN_POINT('',(0.0172178568057173,8.67361737988404E-19,0.00924319866802842));
#6068=CARTESIAN_POINT('',(0.0173651924710022,-0.005,0.00930093729334373));
#6069=CARTESIAN_POINT('',(0.0173651924710022,8.67361737988404E-19,0.00930093729334373));
#6070=CARTESIAN_POINT('',(0.0175644148649093,-0.005,0.00936348904443947));
#6071=CARTESIAN_POINT('',(0.0175644148649093,-2.60208521396521E-18,0.00936348904443947));
#6072=CARTESIAN_POINT('',(0.0178737796198141,-0.005,0.00944298090487133));
#6073=CARTESIAN_POINT('',(0.0178737796198141,8.67361737988404E-19,0.00944298090487133));
#6074=CARTESIAN_POINT('',(0.0184359988447422,-0.005,0.00954146738999847));
#6075=CARTESIAN_POINT('',(0.0184359988447422,-1.73472347597681E-18,0.00954146738999847));
#6076=CARTESIAN_POINT('',(0.0192534032487465,-0.005,0.00960756687119315));
#6077=CARTESIAN_POINT('',(0.0192534032487465,1.73472347597681E-18,0.00960756687119315));
#6078=CARTESIAN_POINT('',(0.0199913050810841,-0.005,0.00957971934867854));
#6079=CARTESIAN_POINT('',(0.0199913050810841,-8.67361737988404E-19,0.00957971934867854));
#6080=CARTESIAN_POINT('',(0.0203747005034242,-0.005,0.00954576236178229));
#6081=CARTESIAN_POINT('',(0.0203747005034242,-8.67361737988404E-19,0.00954576236178229));
#6082=CARTESIAN_POINT('',(0.0168518573886088,-0.005,0.00905539204584058));
#6083=CARTESIAN_POINT('',(0.0161846019097307,-0.0025,0.010224053882429));
#6084=CARTESIAN_POINT('',(0.0165237558026222,-0.0025,0.0096663390661918));
#6085=CARTESIAN_POINT('',(0.0181202943085278,-0.005,0.00613515710701063));
#6086=CARTESIAN_POINT('',(0.0181202943085278,0.,0.00613515710701063));
#6087=CARTESIAN_POINT('',(0.0182468344222268,-0.005,0.00617803546174364));
#6088=CARTESIAN_POINT('',(0.0182468344222268,0.,0.00617803546174364));
#6089=CARTESIAN_POINT('',(0.0184585635715072,-0.005,0.00625093289221662));
#6090=CARTESIAN_POINT('',(0.0184585635715072,-1.73472347597681E-18,0.00625093289221662));
#6091=CARTESIAN_POINT('',(0.0185073642937939,-0.005,0.00627445467715184));
#6092=CARTESIAN_POINT('',(0.0185073642937939,-2.60208521396521E-18,0.00627445467715184));
#6093=CARTESIAN_POINT('',(0.0186501261791506,-0.005,0.00634272319996871));
#6094=CARTESIAN_POINT('',(0.0186501261791506,8.67361737988404E-19,0.00634272319996871));
#6095=CARTESIAN_POINT('',(0.0188318211196409,-0.005,0.00644562719600142));
#6096=CARTESIAN_POINT('',(0.0188318211196409,-8.67361737988404E-19,0.00644562719600142));
#6097=CARTESIAN_POINT('',(0.0191010745159732,-0.005,0.00661746466576786));
#6098=CARTESIAN_POINT('',(0.0191010745159732,8.67361737988404E-19,0.00661746466576786));
#6099=CARTESIAN_POINT('',(0.0195567964804521,-0.005,0.00696113243516577));
#6100=CARTESIAN_POINT('',(0.0195567964804521,-2.60208521396521E-18,0.00696113243516577));
#6101=CARTESIAN_POINT('',(0.0201630263037631,-0.005,0.0075134045623169));
#6102=CARTESIAN_POINT('',(0.0201630263037631,0.,0.0075134045623169));
#6103=CARTESIAN_POINT('',(0.0206463315478423,-0.005,0.00807169717351918));
#6104=CARTESIAN_POINT('',(0.0206463315478423,1.73472347597681E-18,0.00807169717351918));
#6105=CARTESIAN_POINT('',(0.0208832023111938,-0.005,0.00837507378484518));
#6106=CARTESIAN_POINT('',(0.0208832023111938,-8.67361737988404E-19,0.00837507378484518));
#6107=CARTESIAN_POINT('',(0.0181202944074056,-8.67361737988404E-19,0.00613515714051558));
#6108=CARTESIAN_POINT('',(0.,-0.005,0.));
#6109=CARTESIAN_POINT('',(0.0178481058723802,-0.005,0.00467414342615913));
#6110=CARTESIAN_POINT('',(0.0176783778961577,-0.005,0.00527991050687817));
#6111=CARTESIAN_POINT('',(0.0186700602370481,-0.005,0.00417301681045829));
#6112=CARTESIAN_POINT('',(0.0186700602370481,0.,0.00417301681045829));
#6113=CARTESIAN_POINT('',(0.0188004574705692,-0.005,0.00420212892425305));
#6114=CARTESIAN_POINT('',(0.0188004574705692,8.67361737988404E-19,0.00420212892425305));
#6115=CARTESIAN_POINT('',(0.0190192392990951,-0.005,0.0042498550128361));
#6116=CARTESIAN_POINT('',(0.0190192392990951,4.33680868994202E-18,0.0042498550128361));
#6117=CARTESIAN_POINT('',(0.0190731571251012,-0.005,0.00425511361540817));
#6118=CARTESIAN_POINT('',(0.0190731571251012,-8.67361737988404E-19,0.00425511361540817));
#6119=CARTESIAN_POINT('',(0.0192306068789279,-0.005,0.00427096044910188));
#6120=CARTESIAN_POINT('',(0.0192306068789279,-8.67361737988404E-19,0.00427096044910188));
#6121=CARTESIAN_POINT('',(0.0194393178265238,-0.005,0.00427744305296751));
#6122=CARTESIAN_POINT('',(0.0194393178265238,8.67361737988404E-19,0.00427744305296751));
#6123=CARTESIAN_POINT('',(0.0197586571443955,-0.005,0.00427052152759769));
#6124=CARTESIAN_POINT('',(0.0197586571443955,8.67361737988404E-19,0.00427052152759769));
#6125=CARTESIAN_POINT('',(0.020326599091048,-0.005,0.00421367093512875));
#6126=CARTESIAN_POINT('',(0.020326599091048,-1.73472347597681E-18,0.00421367093512875));
#6127=CARTESIAN_POINT('',(0.0211315253490194,-0.005,0.00405678619932592));
#6128=CARTESIAN_POINT('',(0.0211315253490194,8.67361737988404E-19,0.00405678619932592));
#6129=CARTESIAN_POINT('',(0.0218345506080837,-0.005,0.00383088780669126));
#6130=CARTESIAN_POINT('',(0.0218345506080837,0.,0.00383088780669126));
#6131=CARTESIAN_POINT('',(0.0221945672027222,-0.005,0.00369475118995888));
#6132=CARTESIAN_POINT('',(0.0221945672027222,0.,0.00369475118995888));
#6133=CARTESIAN_POINT('',(0.0186700603389399,-0.005,0.00417301683320637));
#6134=CARTESIAN_POINT('',(0.0183428496933367,-0.0025,0.0054783648924591));
#6135=CARTESIAN_POINT('',(0.018518957183226,-0.0025,0.00484982902926686));
#6136=CARTESIAN_POINT('',(0.00288919857686139,-0.005,0.0189113127555659));
#6137=CARTESIAN_POINT('',(0.00288919857686139,0.,0.0189113127555659));
#6138=CARTESIAN_POINT('',(0.00290934420168798,-0.005,0.0190433926839423));
#6139=CARTESIAN_POINT('',(0.00290934420168798,0.,0.0190433926839423));
#6140=CARTESIAN_POINT('',(0.00294202882976399,-0.005,0.0192649214249944));
#6141=CARTESIAN_POINT('',(0.00294202882976399,2.60208521396521E-18,0.0192649214249944));
#6142=CARTESIAN_POINT('',(0.0029435956907497,-0.005,0.0193190724158338));
#6143=CARTESIAN_POINT('',(0.0029435956907497,-8.67361737988404E-19,0.0193190724158338));
#6144=CARTESIAN_POINT('',(0.00294866083063165,-0.005,0.0194772365441189));
#6145=CARTESIAN_POINT('',(0.00294866083063165,-8.67361737988404E-19,0.0194772365441189));
#6146=CARTESIAN_POINT('',(0.00294088538329186,-0.005,0.0196859033268561));
#6147=CARTESIAN_POINT('',(0.00294088538329186,-1.73472347597681E-18,0.0196859033268561));
#6148=CARTESIAN_POINT('',(0.00291218750786145,-0.005,0.0200040258494759));
#6149=CARTESIAN_POINT('',(0.00291218750786145,8.67361737988404E-19,0.0200040258494759));
#6150=CARTESIAN_POINT('',(0.00281671171815462,-0.005,0.0205667641707331));
#6151=CARTESIAN_POINT('',(0.00281671171815462,-8.67361737988404E-19,0.0205667641707331));
#6152=CARTESIAN_POINT('',(0.00260526260645686,-0.005,0.0213591077668213));
#6153=CARTESIAN_POINT('',(0.00260526260645686,0.,0.0213591077668213));
#6154=CARTESIAN_POINT('',(0.00233191469478005,-0.005,0.0220450782602533));
#6155=CARTESIAN_POINT('',(0.00233191469478005,1.73472347597681E-18,0.0220450782602533));
#6156=CARTESIAN_POINT('',(0.00217152704265343,-0.005,0.0223949652818413));
#6157=CARTESIAN_POINT('',(0.00217152704265343,-8.67361737988404E-19,0.0223949652818413));
#6158=CARTESIAN_POINT('',(0.00288919859260309,-8.67361737988404E-19,0.0189113128587725));
#6159=CARTESIAN_POINT('',(0.,-0.005,0.));
#6160=CARTESIAN_POINT('',(0.00406118664482688,-0.005,0.0179974793522838));
#6161=CARTESIAN_POINT('',(0.00344524910027685,-0.005,0.0181254726458938));
#6162=CARTESIAN_POINT('',(0.00488428202524987,-0.005,0.0184967296475132));
#6163=CARTESIAN_POINT('',(0.00488428202524987,-8.67361737988404E-19,0.0184967296475132));
#6164=CARTESIAN_POINT('',(0.00491842501789501,-0.005,0.0186259008894086));
#6165=CARTESIAN_POINT('',(0.00491842501789501,-8.67361737988404E-19,0.0186259008894086));
#6166=CARTESIAN_POINT('',(0.00497670359950558,-0.005,0.0188421111457565));
#6167=CARTESIAN_POINT('',(0.00497670359950558,-8.67361737988404E-19,0.0188421111457565));
#6168=CARTESIAN_POINT('',(0.00499684027066827,-0.005,0.0188924032856664));
#6169=CARTESIAN_POINT('',(0.00499684027066827,-1.73472347597681E-18,0.0188924032856664));
#6170=CARTESIAN_POINT('',(0.00505520722820822,-0.005,0.0190394911688715));
#6171=CARTESIAN_POINT('',(0.00505520722820822,0.,0.0190394911688715));
#6172=CARTESIAN_POINT('',(0.00514547203003975,-0.005,0.0192277849535526));
#6173=CARTESIAN_POINT('',(0.00514547203003975,0.,0.0192277849535526));
#6174=CARTESIAN_POINT('',(0.00529853440543011,-0.005,0.0195081372617152));
#6175=CARTESIAN_POINT('',(0.00529853440543011,-8.67361737988404E-19,0.0195081372617152));
#6176=CARTESIAN_POINT('',(0.00561030143925645,-0.005,0.0199862495510893));
#6177=CARTESIAN_POINT('',(0.00561030143925645,0.,0.0199862495510893));
#6178=CARTESIAN_POINT('',(0.00611991550641316,-0.005,0.0206287544955495));
#6179=CARTESIAN_POINT('',(0.00611991550641316,0.,0.0206287544955495));
#6180=CARTESIAN_POINT('',(0.00664392469243174,-0.005,0.0211490322787054));
#6181=CARTESIAN_POINT('',(0.00664392469243174,-8.67361737988404E-19,0.0211490322787054));
#6182=CARTESIAN_POINT('',(0.0069304294303079,-0.005,0.0214060539937508));
#6183=CARTESIAN_POINT('',(0.0069304294303079,-8.67361737988404E-19,0.0214060539937508));
#6184=CARTESIAN_POINT('',(0.00488428205192905,-0.005,0.018496729748447));
#6185=CARTESIAN_POINT('',(0.00357474462723285,-0.0025,0.0188067492570444));
#6186=CARTESIAN_POINT('',(0.00421383322837765,-0.0025,0.0186739451185521));
#6187=CARTESIAN_POINT('',(-0.00232015186355183,-0.005,0.018989526426044));
#6188=CARTESIAN_POINT('',(-0.00232015186355183,-8.67361737988404E-19,0.018989526426044));
#6189=CARTESIAN_POINT('',(-0.00233638803135249,-0.005,0.0191221436969205));
#6190=CARTESIAN_POINT('',(-0.00233638803135249,-8.67361737988404E-19,0.0191221436969205));
#6191=CARTESIAN_POINT('',(-0.0023646831770019,-0.005,0.0193442757584453));
#6192=CARTESIAN_POINT('',(-0.0023646831770019,-2.60208521396521E-18,0.0193442757584453));
#6193=CARTESIAN_POINT('',(-0.00237778418195532,-0.005,0.0193968414176864));
#6194=CARTESIAN_POINT('',(-0.00237778418195532,-1.73472347597681E-18,0.0193968414176864));
#6195=CARTESIAN_POINT('',(-0.00241557904232433,-0.005,0.019550506949436));
#6196=CARTESIAN_POINT('',(-0.00241557904232433,8.67361737988404E-19,0.019550506949436));
#6197=CARTESIAN_POINT('',(-0.0024793637792149,-0.005,0.0197493380112423));
#6198=CARTESIAN_POINT('',(-0.0024793637792149,-3.46944695195361E-18,0.0197493380112423));
#6199=CARTESIAN_POINT('',(-0.00259282588901217,-0.005,0.0200479210936375));
#6200=CARTESIAN_POINT('',(-0.00259282588901217,0.,0.0200479210936375));
#6201=CARTESIAN_POINT('',(-0.00283658615952555,-0.005,0.0205640324916424));
#6202=CARTESIAN_POINT('',(-0.00283658615952555,-8.67361737988404E-19,0.0205640324916424));
#6203=CARTESIAN_POINT('',(-0.00325396590844521,-0.005,0.0212699455502351));
#6204=CARTESIAN_POINT('',(-0.00325396590844521,1.73472347597681E-18,0.0212699455502351));
#6205=CARTESIAN_POINT('',(-0.0037022499622962,-0.005,0.0218567300129984));
#6206=CARTESIAN_POINT('',(-0.0037022499622962,-8.67361737988404E-19,0.0218567300129984));
#6207=CARTESIAN_POINT('',(-0.00395108839390022,-0.005,0.0221503702040269));
#6208=CARTESIAN_POINT('',(-0.00395108839390022,-8.67361737988404E-19,0.0221503702040269));
#6209=CARTESIAN_POINT('',(-0.0023201518762387,-8.67361737988404E-19,0.0189895265296706));
#6210=CARTESIAN_POINT('',(0.,-0.005,0.));
#6211=CARTESIAN_POINT('',(-0.000945074990761561,-0.005,0.0184257790408394));
#6212=CARTESIAN_POINT('',(-0.00157270407768106,-0.005,0.0183828480351671));
#6213=CARTESIAN_POINT('',(-0.000287198337468241,-0.005,0.0191285842568217));
#6214=CARTESIAN_POINT('',(-0.000287198337468241,0.,0.0191285842568217));
#6215=CARTESIAN_POINT('',(-0.000289171443598177,-0.005,0.0192621771478443));
#6216=CARTESIAN_POINT('',(-0.000289171443598177,-8.67361737988404E-19,0.0192621771478443));
#6217=CARTESIAN_POINT('',(-0.000291386818936933,-0.005,0.0194860931145297));
#6218=CARTESIAN_POINT('',(-0.000291386818936933,-1.73472347597681E-18,0.0194860931145297));
#6219=CARTESIAN_POINT('',(-0.000285565527127015,-0.005,0.0195399530943282));
#6220=CARTESIAN_POINT('',(-0.000285565527127015,2.60208521396521E-18,0.0195399530943282));
#6221=CARTESIAN_POINT('',(-0.000269046810666965,-0.005,0.0196973337765123));
#6222=CARTESIAN_POINT('',(-0.000269046810666965,8.67361737988404E-19,0.0196973337765123));
#6223=CARTESIAN_POINT('',(-0.000232930327680263,-0.005,0.0199029982689652));
#6224=CARTESIAN_POINT('',(-0.000232930327680263,-1.73472347597681E-18,0.0199029982689652));
#6225=CARTESIAN_POINT('',(-0.000161182067903054,-0.005,0.0202142500877088));
#6226=CARTESIAN_POINT('',(-0.000161182067903054,1.73472347597681E-18,0.0202142500877088));
#6227=CARTESIAN_POINT('',(1.00306466698495E-5,-0.005,0.02075874641552));
#6228=CARTESIAN_POINT('',(1.00306466698495E-5,0.,0.02075874641552));
#6229=CARTESIAN_POINT('',(0.000327401082342889,-0.005,0.0215149177636023));
#6230=CARTESIAN_POINT('',(0.000327401082342889,-8.67361737988404E-19,0.0215149177636023));
#6231=CARTESIAN_POINT('',(0.00069160932028903,-0.005,0.0221572782216705));
#6232=CARTESIAN_POINT('',(0.00069160932028903,0.,0.0221572782216705));
#6233=CARTESIAN_POINT('',(0.000898146056460526,-0.005,0.0224820669275117));
#6234=CARTESIAN_POINT('',(0.000898146056460526,0.,0.0224820669275117));
#6235=CARTESIAN_POINT('',(-0.000287198339010017,-0.005,0.0191285843612106));
#6236=CARTESIAN_POINT('',(-0.00163181682609418,-0.0025,0.0190737985365618));
#6237=CARTESIAN_POINT('',(-0.00098059723614341,-0.0025,0.0191183431768483));
#6238=CARTESIAN_POINT('',(-0.00735742725423393,-0.005,0.0176593737928054));
#6239=CARTESIAN_POINT('',(-0.00735742725423393,-8.67361737988404E-19,0.0176593737928054));
#6240=CARTESIAN_POINT('',(-0.00740884105237159,-0.005,0.0177826927898846));
#6241=CARTESIAN_POINT('',(-0.00740884105237159,-8.67361737988404E-19,0.0177826927898846));
#6242=CARTESIAN_POINT('',(-0.00749601745023527,-0.005,0.0179889536530655));
#6243=CARTESIAN_POINT('',(-0.00749601745023527,-8.67361737988404E-19,0.0179889536530655));
#6244=CARTESIAN_POINT('',(-0.00752281467952353,-0.005,0.0180360354262342));
#6245=CARTESIAN_POINT('',(-0.00752281467952353,0.,0.0180360354262342));
#6246=CARTESIAN_POINT('',(-0.00760066646824994,-0.005,0.0181738056919315));
#6247=CARTESIAN_POINT('',(-0.00760066646824994,1.73472347597681E-18,0.0181738056919315));
#6248=CARTESIAN_POINT('',(-0.00771572987255187,-0.005,0.0183480546425444));
#6249=CARTESIAN_POINT('',(-0.00771572987255187,0.,0.0183480546425444));
#6250=CARTESIAN_POINT('',(-0.00790554125108693,-0.005,0.0186049537434203));
#6251=CARTESIAN_POINT('',(-0.00790554125108693,1.73472347597681E-18,0.0186049537434203));
#6252=CARTESIAN_POINT('',(-0.00827950741827191,-0.005,0.0190361605968356));
#6253=CARTESIAN_POINT('',(-0.00827950741827191,-1.73472347597681E-18,0.0190361605968356));
#6254=CARTESIAN_POINT('',(-0.00887186265782142,-0.005,0.0196032887757142));
#6255=CARTESIAN_POINT('',(-0.00887186265782142,2.60208521396521E-18,0.0196032887757142));
#6256=CARTESIAN_POINT('',(-0.00946183567633553,-0.005,0.0200473680885659));
#6257=CARTESIAN_POINT('',(-0.00946183567633553,0.,0.0200473680885659));
#6258=CARTESIAN_POINT('',(-0.00978066967930498,-0.005,0.0202629834993808));
#6259=CARTESIAN_POINT('',(-0.00978066967930498,0.,0.0202629834993808));
#6260=CARTESIAN_POINT('',(-0.00735742729440844,-8.67361737988404E-19,0.0176593738891663));
#6261=CARTESIAN_POINT('',(0.,-0.005,0.));
#6262=CARTESIAN_POINT('',(-0.00588124473771561,-0.005,0.0174875229902663));
#6263=CARTESIAN_POINT('',(-0.00647401698883979,-0.005,0.017276851681606));
#6264=CARTESIAN_POINT('',(-0.0054373785133413,-0.005,0.018341759279252));
#6265=CARTESIAN_POINT('',(-0.0054373785133413,0.,0.018341759279252));
#6266=CARTESIAN_POINT('',(-0.00547532138199101,-0.005,0.0184698658458214));
#6267=CARTESIAN_POINT('',(-0.00547532138199101,8.67361737988404E-19,0.0184698658458214));
#6268=CARTESIAN_POINT('',(-0.00553786641002489,-0.005,0.0186848806999426));
#6269=CARTESIAN_POINT('',(-0.00553786641002489,-1.73472347597681E-18,0.0186848806999426));
#6270=CARTESIAN_POINT('',(-0.00554679223615065,-0.005,0.0187383139713211));
#6271=CARTESIAN_POINT('',(-0.00554679223615065,1.73472347597681E-18,0.0187383139713211));
#6272=CARTESIAN_POINT('',(-0.00557334687840223,-0.005,0.0188943152472554));
#6273=CARTESIAN_POINT('',(-0.00557334687840223,-2.60208521396521E-18,0.0188943152472554));
#6274=CARTESIAN_POINT('',(-0.00559405730858157,-0.005,0.0191020972529273));
#6275=CARTESIAN_POINT('',(-0.00559405730858157,-8.67361737988404E-19,0.0191020972529273));
#6276=CARTESIAN_POINT('',(-0.00560894440461873,-0.005,0.0194211644587379));
#6277=CARTESIAN_POINT('',(-0.00560894440461873,8.67361737988404E-19,0.0194211644587379));
#6278=CARTESIAN_POINT('',(-0.00559098407309309,-0.005,0.0199916620232576));
#6279=CARTESIAN_POINT('',(-0.00559098407309309,-4.33680868994202E-18,0.0199916620232576));
#6280=CARTESIAN_POINT('',(-0.00548939518224447,-0.005,0.0208054180053283));
#6281=CARTESIAN_POINT('',(-0.00548939518224447,2.60208521396521E-18,0.0208054180053283));
#6282=CARTESIAN_POINT('',(-0.0053119995512374,-0.005,0.0215222202017375));
#6283=CARTESIAN_POINT('',(-0.0053119995512374,2.60208521396521E-18,0.0215222202017375));
#6284=CARTESIAN_POINT('',(-0.0052007487016497,-0.005,0.0218906878058717));
#6285=CARTESIAN_POINT('',(-0.0052007487016497,0.,0.0218906878058717));
#6286=CARTESIAN_POINT('',(-0.00543737854298968,-0.005,0.0183417593793539));
#6287=CARTESIAN_POINT('',(-0.00671735389049504,-0.0025,0.0179262314354446));
#6288=CARTESIAN_POINT('',(-0.00610230128959357,-0.0025,0.0181448211823181));
#6289=CARTESIAN_POINT('',(-0.0118490359234596,-0.005,0.015019506191614));
#6290=CARTESIAN_POINT('',(-0.0118490359234596,-8.67361737988404E-19,0.015019506191614));
#6291=CARTESIAN_POINT('',(-0.0119318142257288,-0.005,0.0151243809090296));
#6292=CARTESIAN_POINT('',(-0.0119318142257288,-8.67361737988404E-19,0.0151243809090296));
#6293=CARTESIAN_POINT('',(-0.0120714064011827,-0.005,0.0152994731492249));
#6294=CARTESIAN_POINT('',(-0.0120714064011827,1.73472347597681E-18,0.0152994731492249));
#6295=CARTESIAN_POINT('',(-0.0121099124268987,-0.005,0.0153375791965901));
#6296=CARTESIAN_POINT('',(-0.0121099124268987,-3.46944695195361E-18,0.0153375791965901));
#6297=CARTESIAN_POINT('',(-0.0122220472329609,-0.005,0.0154492364058854));
#6298=CARTESIAN_POINT('',(-0.0122220472329609,-8.67361737988404E-19,0.0154492364058854));
#6299=CARTESIAN_POINT('',(-0.0123798555783572,-0.005,0.0155859799977737));
#6300=CARTESIAN_POINT('',(-0.0123798555783572,-8.67361737988404E-19,0.0155859799977737));
#6301=CARTESIAN_POINT('',(-0.0126319387840133,-0.005,0.0157821420860537));
#6302=CARTESIAN_POINT('',(-0.0126319387840133,-8.67361737988404E-19,0.0157821420860537));
#6303=CARTESIAN_POINT('',(-0.0131083754880312,-0.005,0.0160964637552016));
#6304=CARTESIAN_POINT('',(-0.0131083754880312,0.,0.0160964637552016));
#6305=CARTESIAN_POINT('',(-0.0138317739399381,-0.005,0.0164827457517775));
#6306=CARTESIAN_POINT('',(-0.0138317739399381,-1.73472347597681E-18,0.0164827457517775));
#6307=CARTESIAN_POINT('',(-0.0145196803232791,-0.005,0.0167511845836111));
#6308=CARTESIAN_POINT('',(-0.0145196803232791,-8.67361737988404E-19,0.0167511845836111));
#6309=CARTESIAN_POINT('',(-0.0148848634381822,-0.005,0.0168727840055671));
#6310=CARTESIAN_POINT('',(-0.0148848634381822,-1.73472347597681E-18,0.0168727840055671));
#6311=CARTESIAN_POINT('',(-0.0118490359881422,-8.67361737988404E-19,0.0150195062735627));
#6312=CARTESIAN_POINT('',(0.,-0.005,0.));
#6313=CARTESIAN_POINT('',(-0.0103812294673777,-0.005,0.0152522973595996));
#6314=CARTESIAN_POINT('',(-0.0108951816765933,-0.005,0.0148895102751577));
#6315=CARTESIAN_POINT('',(-0.0101842931992314,-0.005,0.0161946099239056));
#6316=CARTESIAN_POINT('',(-0.0101842931992314,0.,0.0161946099239056));
#6317=CARTESIAN_POINT('',(-0.0102553917814102,-0.005,0.0163077290880279));
#6318=CARTESIAN_POINT('',(-0.0102553917814102,0.,0.0163077290880279));
#6319=CARTESIAN_POINT('',(-0.0103736277835344,-0.005,0.0164978961614824));
#6320=CARTESIAN_POINT('',(-0.0103736277835344,-4.33680868994202E-18,0.0164978961614824));
#6321=CARTESIAN_POINT('',(-0.010396638739905,-0.005,0.0165469398231436));
#6322=CARTESIAN_POINT('',(-0.010396638739905,0.,0.0165469398231436));
#6323=CARTESIAN_POINT('',(-0.0104642973045318,-0.005,0.0166899917918503));
#6324=CARTESIAN_POINT('',(-0.0104642973045318,0.,0.0166899917918503));
#6325=CARTESIAN_POINT('',(-0.0105402986500147,-0.005,0.0168844810699199));
#6326=CARTESIAN_POINT('',(-0.0105402986500147,-2.60208521396521E-18,0.0168844810699199));
#6327=CARTESIAN_POINT('',(-0.0106407169940571,-0.005,0.017187699907778));
#6328=CARTESIAN_POINT('',(-0.0106407169940571,0.,0.017187699907778));
#6329=CARTESIAN_POINT('',(-0.0107773410812049,-0.005,0.0177418875144984));
#6330=CARTESIAN_POINT('',(-0.0107773410812049,-2.60208521396521E-18,0.0177418875144984));
#6331=CARTESIAN_POINT('',(-0.0108990681184767,-0.005,0.0185528755720533));
#6332=CARTESIAN_POINT('',(-0.0108990681184767,-1.73472347597681E-18,0.0185528755720533));
#6333=CARTESIAN_POINT('',(-0.0109216417168295,-0.005,0.0192909575670477));
#6334=CARTESIAN_POINT('',(-0.0109216417168295,-8.67361737988404E-19,0.0192909575670477));
#6335=CARTESIAN_POINT('',(-0.0109139277204008,-0.005,0.0196757765129034));
#6336=CARTESIAN_POINT('',(-0.0109139277204008,-8.67361737988404E-19,0.0196757765129034));
#6337=CARTESIAN_POINT('',(-0.0101842932547875,-0.005,0.0161946100122964));
#6338=CARTESIAN_POINT('',(-0.0113046955466872,-0.0025,0.0154491577558125));
#6339=CARTESIAN_POINT('',(-0.0107714255725654,-0.0025,0.0158255808077289));
#6340=CARTESIAN_POINT('',(-0.0179279405727928,-0.005,0.00667638864759825));
#6341=CARTESIAN_POINT('',(-0.0179279405727928,8.67361737988404E-19,0.00667638864759825));
#6342=CARTESIAN_POINT('',(-0.0180531591804607,-0.005,0.00672298536393413));
#6343=CARTESIAN_POINT('',(-0.0180531591804607,8.67361737988404E-19,0.00672298536393413));
#6344=CARTESIAN_POINT('',(-0.0182634045616726,-0.005,0.00680005771762618));
#6345=CARTESIAN_POINT('',(-0.0182634045616726,2.60208521396521E-18,0.00680005771762618));
#6346=CARTESIAN_POINT('',(-0.0183161041478465,-0.005,0.00681260915098393));
#6347=CARTESIAN_POINT('',(-0.0183161041478465,2.60208521396521E-18,0.00681260915098393));
#6348=CARTESIAN_POINT('',(-0.0184699295959267,-0.005,0.00684974779179309));
#6349=CARTESIAN_POINT('',(-0.0184699295959267,2.60208521396521E-18,0.00684974779179309));
#6350=CARTESIAN_POINT('',(-0.018675813884048,-0.005,0.00688458948670031));
#6351=CARTESIAN_POINT('',(-0.018675813884048,0.,0.00688458948670031));
#6352=CARTESIAN_POINT('',(-0.0189931213391966,-0.005,0.00692121579363058));
#6353=CARTESIAN_POINT('',(-0.0189931213391966,8.67361737988404E-19,0.00692121579363058));
#6354=CARTESIAN_POINT('',(-0.0195635145985853,-0.005,0.00694222946240463));
#6355=CARTESIAN_POINT('',(-0.0195635145985853,2.60208521396521E-18,0.00694222946240463));
#6356=CARTESIAN_POINT('',(-0.0203823061987218,-0.005,0.0068964100708147));
#6357=CARTESIAN_POINT('',(-0.0203823061987218,-1.73472347597681E-18,0.0068964100708147));
#6358=CARTESIAN_POINT('',(-0.0211095432697468,-0.005,0.00676834430175616));
#6359=CARTESIAN_POINT('',(-0.0211095432697468,3.46944695195361E-18,0.00676834430175616));
#6360=CARTESIAN_POINT('',(-0.0214847439173147,-0.005,0.00668249792212941));
#6361=CARTESIAN_POINT('',(-0.0214847439173147,8.67361737988404E-19,0.00668249792212941));
#6362=CARTESIAN_POINT('',(-0.017927940670638,-8.67361737988404E-19,0.00667638868400872));
#6363=CARTESIAN_POINT('',(0.,-0.005,0.));
#6364=CARTESIAN_POINT('',(-0.0167947728091931,-0.005,0.00763793861507071));
#6365=CARTESIAN_POINT('',(-0.0170454052034002,-0.005,0.00706092497141101));
#6366=CARTESIAN_POINT('',(-0.01711611712456,-0.005,0.00854539367927042));
#6367=CARTESIAN_POINT('',(-0.01711611712456,0.,0.00854539367927042));
#6368=CARTESIAN_POINT('',(-0.0172356400349287,-0.005,0.00860510320595222));
#6369=CARTESIAN_POINT('',(-0.0172356400349287,8.67361737988404E-19,0.00860510320595222));
#6370=CARTESIAN_POINT('',(-0.0174354709286518,-0.005,0.00870615211459745));
#6371=CARTESIAN_POINT('',(-0.0174354709286518,0.,0.00870615211459745));
#6372=CARTESIAN_POINT('',(-0.0174806142357422,-0.005,0.0087360998471857));
#6373=CARTESIAN_POINT('',(-0.0174806142357422,1.73472347597681E-18,0.0087360998471857));
#6374=CARTESIAN_POINT('',(-0.0176127505332041,-0.005,0.00882317192084475));
#6375=CARTESIAN_POINT('',(-0.0176127505332041,-8.67361737988404E-19,0.00882317192084475));
#6376=CARTESIAN_POINT('',(-0.0177787410648952,-0.005,0.00894985825470961));
#6377=CARTESIAN_POINT('',(-0.0177787410648952,2.60208521396521E-18,0.00894985825470961));
#6378=CARTESIAN_POINT('',(-0.018022088088117,-0.005,0.00915675855374604));
#6379=CARTESIAN_POINT('',(-0.018022088088117,0.,0.00915675855374604));
#6380=CARTESIAN_POINT('',(-0.0184267693450649,-0.005,0.00955927951581683));
#6381=CARTESIAN_POINT('',(-0.0184267693450649,2.60208521396521E-18,0.00955927951581683));
#6382=CARTESIAN_POINT('',(-0.0189521516661439,-0.005,0.0101889560341955));
#6383=CARTESIAN_POINT('',(-0.0189521516661439,8.67361737988404E-19,0.0101889560341955));
#6384=CARTESIAN_POINT('',(-0.0193549345450162,-0.005,0.0108078587334664));
#6385=CARTESIAN_POINT('',(-0.0193549345450162,0.,0.0108078587334664));
#6386=CARTESIAN_POINT('',(-0.019548289304717,-0.005,0.0111406635767777));
#6387=CARTESIAN_POINT('',(-0.019548289304717,0.,0.0111406635767777));
#6388=CARTESIAN_POINT('',(-0.0171161172179547,-0.005,0.00854539372592717));
#6389=CARTESIAN_POINT('',(-0.0176860856490654,-0.0025,0.00732632180437039));
#6390=CARTESIAN_POINT('',(-0.0174260328115129,-0.0025,0.00792502348383589));
#6391=CARTESIAN_POINT('',(-0.0154618558039747,-0.005,0.0112657105258595));
#6392=CARTESIAN_POINT('',(-0.0154618558039747,8.67361737988404E-19,0.0112657105258595));
#6393=CARTESIAN_POINT('',(-0.0155698593223818,-0.005,0.0113443628855905));
#6394=CARTESIAN_POINT('',(-0.0155698593223818,1.73472347597681E-18,0.0113443628855905));
#6395=CARTESIAN_POINT('',(-0.0157515143623642,-0.005,0.0114753007123388));
#6396=CARTESIAN_POINT('',(-0.0157515143623642,-2.60208521396521E-18,0.0114753007123388));
#6397=CARTESIAN_POINT('',(-0.0157988733687339,-0.005,0.011501604882691));
#6398=CARTESIAN_POINT('',(-0.0157988733687339,4.33680868994202E-18,0.011501604882691));
#6399=CARTESIAN_POINT('',(-0.0159369746665488,-0.005,0.0115788679311686));
#6400=CARTESIAN_POINT('',(-0.0159369746665488,-3.46944695195361E-18,0.0115788679311686));
#6401=CARTESIAN_POINT('',(-0.0161258240299865,-0.005,0.0116679645176823));
#6402=CARTESIAN_POINT('',(-0.0161258240299865,1.73472347597681E-18,0.0116679645176823));
#6403=CARTESIAN_POINT('',(-0.0164214832046043,-0.005,0.0117888411486603));
#6404=CARTESIAN_POINT('',(-0.0164214832046043,2.60208521396521E-18,0.0117888411486603));
#6405=CARTESIAN_POINT('',(-0.0169650553146708,-0.005,0.0119629658332663));
#6406=CARTESIAN_POINT('',(-0.0169650553146708,-3.46944695195361E-18,0.0119629658332663));
#6407=CARTESIAN_POINT('',(-0.0177658458250849,-0.005,0.0121397528789759));
#6408=CARTESIAN_POINT('',(-0.0177658458250849,2.60208521396521E-18,0.0121397528789759));
#6409=CARTESIAN_POINT('',(-0.0185006667037627,-0.005,0.0122126423496601));
#6410=CARTESIAN_POINT('',(-0.0185006667037627,0.,0.0122126423496601));
#6411=CARTESIAN_POINT('',(-0.0188851149695687,-0.005,0.0122312073099112));
#6412=CARTESIAN_POINT('',(-0.0188851149695687,0.,0.0122312073099112));
#6413=CARTESIAN_POINT('',(-0.0154618558883682,-8.67361737988404E-19,0.011265710587318));
#6414=CARTESIAN_POINT('',(0.,-0.005,0.));
#6415=CARTESIAN_POINT('',(-0.0141112858984092,-0.005,0.011885878608389));
#6416=CARTESIAN_POINT('',(-0.0145083005815335,-0.005,0.0113978820065779));
#6417=CARTESIAN_POINT('',(-0.0141758854485758,-0.005,0.0128463804359138));
#6418=CARTESIAN_POINT('',(-0.0141758854485758,-1.73472347597681E-18,0.0128463804359138));
#6419=CARTESIAN_POINT('',(-0.0142748666876978,-0.005,0.0129361226666719));
#6420=CARTESIAN_POINT('',(-0.0142748666876978,-1.73472347597681E-18,0.0129361226666719));
#6421=CARTESIAN_POINT('',(-0.0144400246405285,-0.005,0.0130873381375779));
#6422=CARTESIAN_POINT('',(-0.0144400246405285,-2.60208521396521E-18,0.0130873381375779));
#6423=CARTESIAN_POINT('',(-0.0144754141097781,-0.005,0.0131283548454963));
#6424=CARTESIAN_POINT('',(-0.0144754141097781,0.,0.0131283548454963));
#6425=CARTESIAN_POINT('',(-0.0145791586705591,-0.005,0.0132478479968757));
#6426=CARTESIAN_POINT('',(-0.0145791586705591,0.,0.0132478479968757));
#6427=CARTESIAN_POINT('',(-0.0147048142592342,-0.00500000000000001,0.0134146201673178));
#6428=CARTESIAN_POINT('',(-0.0147048142592342,-4.33680868994202E-18,0.0134146201673178));
#6429=CARTESIAN_POINT('',(-0.0148833162820875,-0.005,0.0136795022831533));
#6430=CARTESIAN_POINT('',(-0.0148833162820875,4.33680868994202E-18,0.0136795022831533));
#6431=CARTESIAN_POINT('',(-0.0151643920043786,-0.00500000000000001,0.0141762783725235));
#6432=CARTESIAN_POINT('',(-0.0151643920043786,-7.80625564189563E-18,0.0141762783725235));
#6433=CARTESIAN_POINT('',(-0.0155004070322805,-0.005,0.0149243512313574));
#6434=CARTESIAN_POINT('',(-0.0155004070322805,0.,0.0149243512313574));
#6435=CARTESIAN_POINT('',(-0.0157212756794707,-0.005,0.0156289728598686));
#6436=CARTESIAN_POINT('',(-0.0157212756794707,-8.67361737988404E-19,0.0156289728598686));
#6437=CARTESIAN_POINT('',(-0.0158176706480268,-0.005,0.0160016028866612));
#6438=CARTESIAN_POINT('',(-0.0158176706480268,-8.67361737988404E-19,0.0160016028866612));
#6439=CARTESIAN_POINT('',(-0.0141758855259192,-0.005,0.012846380506038));
#6440=CARTESIAN_POINT('',(-0.0150536196497225,-0.0025,0.0118262907206258));
#6441=CARTESIAN_POINT('',(-0.0146416824968133,-0.0025,0.0123326295018454));
#6442=CARTESIAN_POINT('',(-0.0190643920041975,-0.005,0.00159190956579046));
#6443=CARTESIAN_POINT('',(-0.0190643920041975,-8.67361737988404E-19,0.00159190956579046));
#6444=CARTESIAN_POINT('',(-0.0191975388098325,-0.005,0.00160299477344634));
#6445=CARTESIAN_POINT('',(-0.0191975388098325,-8.67361737988404E-19,0.00160299477344634));
#6446=CARTESIAN_POINT('',(-0.0194207815941581,-0.005,0.00162048555019136));
#6447=CARTESIAN_POINT('',(-0.0194207815941581,0.,0.00162048555019136));
#6448=CARTESIAN_POINT('',(-0.0194749132729144,-0.005,0.00161835336416149));
#6449=CARTESIAN_POINT('',(-0.0194749132729144,-2.60208521396521E-18,0.00161835336416149));
#6450=CARTESIAN_POINT('',(-0.0196330543414802,-0.005,0.0016126131942114));
#6451=CARTESIAN_POINT('',(-0.0196330543414802,-8.67361737988404E-19,0.0016126131942114));
#6452=CARTESIAN_POINT('',(-0.0198407040584932,-0.005,0.00159061594839098));
#6453=CARTESIAN_POINT('',(-0.0198407040584932,-1.73472347597681E-18,0.00159061594839098));
#6454=CARTESIAN_POINT('',(-0.0201561265518093,-0.005,0.00154027552564269));
#6455=CARTESIAN_POINT('',(-0.0201561265518093,-8.67361737988404E-19,0.00154027552564269));
#6456=CARTESIAN_POINT('',(-0.0207110375018467,-0.005,0.00140661969090302));
#6457=CARTESIAN_POINT('',(-0.0207110375018467,-1.73472347597681E-18,0.00140661969090302));
#6458=CARTESIAN_POINT('',(-0.021487104164446,-0.005,0.00114159207667799));
#6459=CARTESIAN_POINT('',(-0.021487104164446,-2.60208521396521E-18,0.00114159207667799));
#6460=CARTESIAN_POINT('',(-0.0221528215811484,-0.005,0.000822069120105818));
#6461=CARTESIAN_POINT('',(-0.0221528215811484,-8.67361737988404E-19,0.000822069120105818));
#6462=CARTESIAN_POINT('',(-0.0224909476948768,-0.005,0.000638178233857161));
#6463=CARTESIAN_POINT('',(-0.0224909476948768,-8.67361737988404E-19,0.000638178233857161));
#6464=CARTESIAN_POINT('',(-0.0190643921082379,-8.67361737988403E-19,0.0015919095744524));
#6465=CARTESIAN_POINT('',(0.,-0.005,0.));
#6466=CARTESIAN_POINT('',(-0.0182326682516925,-0.005,0.00282352765591681));
#6467=CARTESIAN_POINT('',(-0.018318330098871,-0.005,0.0022002914326969));
#6468=CARTESIAN_POINT('',(-0.0187869246944414,-0.005,0.00361063416601036));
#6469=CARTESIAN_POINT('',(-0.0187869246944414,0.,0.00361063416601036));
#6470=CARTESIAN_POINT('',(-0.0189181248085756,-0.005,0.00363588260617486));
#6471=CARTESIAN_POINT('',(-0.0189181248085756,0.,0.00363588260617486));
#6472=CARTESIAN_POINT('',(-0.0191378080999691,-0.005,0.00367927061727307));
#6473=CARTESIAN_POINT('',(-0.0191378080999691,1.73472347597681E-18,0.00367927061727307));
#6474=CARTESIAN_POINT('',(-0.0191893571723303,-0.005,0.00369592828820682));
#6475=CARTESIAN_POINT('',(-0.0191893571723303,-1.73472347597681E-18,0.00369592828820682));
#6476=CARTESIAN_POINT('',(-0.0193400852617736,-0.005,0.00374412154677048));
#6477=CARTESIAN_POINT('',(-0.0193400852617736,0.,0.00374412154677048));
#6478=CARTESIAN_POINT('',(-0.0195340999781015,-0.005,0.00382132629822676));
#6479=CARTESIAN_POINT('',(-0.0195340999781015,-8.67361737988404E-19,0.00382132629822676));
#6480=CARTESIAN_POINT('',(-0.0198242440662178,-0.005,0.00395489993179047));
#6481=CARTESIAN_POINT('',(-0.0198242440662178,0.,0.00395489993179047));
#6482=CARTESIAN_POINT('',(-0.0203225175002884,-0.005,0.00423331262821598));
#6483=CARTESIAN_POINT('',(-0.0203225175002884,-1.73472347597681E-18,0.00423331262821598));
#6484=CARTESIAN_POINT('',(-0.0209983019112542,-0.005,0.00469789257934971));
#6485=CARTESIAN_POINT('',(-0.0209983019112542,-8.67361737988404E-19,0.00469789257934971));
#6486=CARTESIAN_POINT('',(-0.0215531264582916,-0.005,0.00518517516746681));
#6487=CARTESIAN_POINT('',(-0.0215531264582916,1.73472347597681E-18,0.00518517516746681));
#6488=CARTESIAN_POINT('',(-0.0218291007711494,-0.005,0.00545347221454915));
#6489=CARTESIAN_POINT('',(-0.0218291007711494,-8.67361737988404E-19,0.00545347221454915));
#6490=CARTESIAN_POINT('',(-0.0187869247969605,-0.005,0.00361063418573937));
#6491=CARTESIAN_POINT('',(-0.0190068555842753,-0.0025,0.00228299311557695));
#6492=CARTESIAN_POINT('',(-0.0189179739913783,-0.0025,0.00292965472860031));
#6493=CARTESIAN_POINT('',(-0.0187869246944412,-0.005,-0.00361063416601033));
#6494=CARTESIAN_POINT('',(-0.0187869246944412,8.67361737988404E-19,-0.00361063416601033));
#6495=CARTESIAN_POINT('',(-0.0189181248085755,-0.005,-0.00363588260617483));
#6496=CARTESIAN_POINT('',(-0.0189181248085755,8.67361737988404E-19,-0.00363588260617483));
#6497=CARTESIAN_POINT('',(-0.019137808099969,-0.005,-0.00367927061727306));
#6498=CARTESIAN_POINT('',(-0.019137808099969,2.60208521396521E-18,-0.00367927061727306));
#6499=CARTESIAN_POINT('',(-0.0191893571723303,-0.005,-0.00369592828820681));
#6500=CARTESIAN_POINT('',(-0.0191893571723303,8.67361737988404E-19,-0.00369592828820681));
#6501=CARTESIAN_POINT('',(-0.0193400852617736,-0.005,-0.00374412154677046));
#6502=CARTESIAN_POINT('',(-0.0193400852617736,1.73472347597681E-18,-0.00374412154677046));
#6503=CARTESIAN_POINT('',(-0.0195340999781015,-0.005,-0.00382132629822675));
#6504=CARTESIAN_POINT('',(-0.0195340999781015,0.,-0.00382132629822675));
#6505=CARTESIAN_POINT('',(-0.0198242440662177,-0.005,-0.00395489993179045));
#6506=CARTESIAN_POINT('',(-0.0198242440662177,8.67361737988404E-19,-0.00395489993179045));
#6507=CARTESIAN_POINT('',(-0.0203225175002883,-0.005,-0.00423331262821596));
#6508=CARTESIAN_POINT('',(-0.0203225175002883,1.73472347597681E-18,-0.00423331262821596));
#6509=CARTESIAN_POINT('',(-0.0209983019112541,-0.005,-0.0046978925793497));
#6510=CARTESIAN_POINT('',(-0.0209983019112541,0.,-0.0046978925793497));
#6511=CARTESIAN_POINT('',(-0.0215531264582916,-0.005,-0.00518517516746681));
#6512=CARTESIAN_POINT('',(-0.0215531264582916,2.60208521396521E-18,-0.00518517516746681));
#6513=CARTESIAN_POINT('',(-0.0218291007711494,-0.005,-0.00545347221454915));
#6514=CARTESIAN_POINT('',(-0.0218291007711494,0.,-0.00545347221454915));
#6515=CARTESIAN_POINT('',(-0.0187869247969604,-8.67361737988403E-19,-0.00361063418573935));
#6516=CARTESIAN_POINT('',(0.,-0.005,0.));
#6517=CARTESIAN_POINT('',(-0.018318330098871,-0.005,-0.00220029143269691));
#6518=CARTESIAN_POINT('',(-0.0182326682516925,-0.005,-0.00282352765591682));
#6519=CARTESIAN_POINT('',(-0.0190643920041977,-0.005,-0.00159190956579048));
#6520=CARTESIAN_POINT('',(-0.0190643920041977,0.,-0.00159190956579048));
#6521=CARTESIAN_POINT('',(-0.0191975388098326,-0.005,-0.00160299477344636));
#6522=CARTESIAN_POINT('',(-0.0191975388098326,0.,-0.00160299477344636));
#6523=CARTESIAN_POINT('',(-0.0194207815941582,-0.005,-0.00162048555019136));
#6524=CARTESIAN_POINT('',(-0.0194207815941582,-8.67361737988404E-19,-0.00162048555019136));
#6525=CARTESIAN_POINT('',(-0.0194749132729144,-0.005,-0.00161835336416149));
#6526=CARTESIAN_POINT('',(-0.0194749132729144,8.67361737988404E-19,-0.00161835336416149));
#6527=CARTESIAN_POINT('',(-0.0196330543414803,-0.005,-0.00161261319421141));
#6528=CARTESIAN_POINT('',(-0.0196330543414803,-8.67361737988404E-19,-0.00161261319421141));
#6529=CARTESIAN_POINT('',(-0.0198407040584932,-0.005,-0.00159061594839098));
#6530=CARTESIAN_POINT('',(-0.0198407040584932,0.,-0.00159061594839098));
#6531=CARTESIAN_POINT('',(-0.0201561265518093,-0.005,-0.00154027552564269));
#6532=CARTESIAN_POINT('',(-0.0201561265518093,8.67361737988404E-19,-0.00154027552564269));
#6533=CARTESIAN_POINT('',(-0.0207110375018468,-0.005,-0.00140661969090302));
#6534=CARTESIAN_POINT('',(-0.0207110375018468,-1.73472347597681E-18,-0.00140661969090302));
#6535=CARTESIAN_POINT('',(-0.021487104164446,-0.005,-0.00114159207667798));
#6536=CARTESIAN_POINT('',(-0.021487104164446,2.60208521396521E-18,-0.00114159207667798));
#6537=CARTESIAN_POINT('',(-0.0221528215811484,-0.005,-0.00082206912010582));
#6538=CARTESIAN_POINT('',(-0.0221528215811484,0.,-0.00082206912010582));
#6539=CARTESIAN_POINT('',(-0.0224909476948768,-0.005,-0.000638178233857167));
#6540=CARTESIAN_POINT('',(-0.0224909476948768,0.,-0.000638178233857167));
#6541=CARTESIAN_POINT('',(-0.019064392108238,-0.005,-0.0015919095744524));
#6542=CARTESIAN_POINT('',(-0.0189179739913782,-0.0025,-0.00292965472860029));
#6543=CARTESIAN_POINT('',(-0.0190068555842755,-0.0025,-0.00228299311557697));
#6544=CARTESIAN_POINT('',(-0.00543737851334127,-0.005,-0.0183417592792519));
#6545=CARTESIAN_POINT('',(-0.00543737851334127,-8.67361737988404E-19,-0.0183417592792519));
#6546=CARTESIAN_POINT('',(-0.00547532138199098,-0.005,-0.0184698658458213));
#6547=CARTESIAN_POINT('',(-0.00547532138199098,0.,-0.0184698658458213));
#6548=CARTESIAN_POINT('',(-0.00553786641002487,-0.005,-0.0186848806999426));
#6549=CARTESIAN_POINT('',(-0.00553786641002487,0.,-0.0186848806999426));
#6550=CARTESIAN_POINT('',(-0.00554679223615065,-0.005,-0.0187383139713211));
#6551=CARTESIAN_POINT('',(-0.00554679223615065,-4.33680868994202E-18,-0.0187383139713211));
#6552=CARTESIAN_POINT('',(-0.00557334687840223,-0.005,-0.0188943152472553));
#6553=CARTESIAN_POINT('',(-0.00557334687840223,-1.73472347597681E-18,-0.0188943152472553));
#6554=CARTESIAN_POINT('',(-0.00559405730858157,-0.005,-0.0191020972529272));
#6555=CARTESIAN_POINT('',(-0.00559405730858157,-2.60208521396521E-18,-0.0191020972529272));
#6556=CARTESIAN_POINT('',(-0.00560894440461875,-0.005,-0.0194211644587378));
#6557=CARTESIAN_POINT('',(-0.00560894440461875,-3.46944695195361E-18,-0.0194211644587378));
#6558=CARTESIAN_POINT('',(-0.0055909840730931,-0.005,-0.0199916620232575));
#6559=CARTESIAN_POINT('',(-0.0055909840730931,-8.67361737988404E-19,-0.0199916620232575));
#6560=CARTESIAN_POINT('',(-0.00548939518224447,-0.005,-0.0208054180053283));
#6561=CARTESIAN_POINT('',(-0.00548939518224447,-2.60208521396521E-18,-0.0208054180053283));
#6562=CARTESIAN_POINT('',(-0.00531199955123741,-0.005,-0.0215222202017375));
#6563=CARTESIAN_POINT('',(-0.00531199955123741,-1.73472347597681E-18,-0.0215222202017375));
#6564=CARTESIAN_POINT('',(-0.00520074870164971,-0.005,-0.0218906878058717));
#6565=CARTESIAN_POINT('',(-0.00520074870164971,-1.73472347597681E-18,-0.0218906878058717));
#6566=CARTESIAN_POINT('',(-0.00543737854298965,-8.67361737988403E-19,-0.0183417593793537));
#6567=CARTESIAN_POINT('',(0.,-0.005,0.));
#6568=CARTESIAN_POINT('',(-0.0064740169888398,-0.005,-0.017276851681606));
#6569=CARTESIAN_POINT('',(-0.00588124473771562,-0.005,-0.0174875229902663));
#6570=CARTESIAN_POINT('',(-0.00735742725423399,-0.005,-0.0176593737928055));
#6571=CARTESIAN_POINT('',(-0.00735742725423399,-1.73472347597681E-18,-0.0176593737928055));
#6572=CARTESIAN_POINT('',(-0.00740884105237165,-0.005,-0.0177826927898848));
#6573=CARTESIAN_POINT('',(-0.00740884105237165,-1.73472347597681E-18,-0.0177826927898848));
#6574=CARTESIAN_POINT('',(-0.0074960174502353,-0.005,-0.0179889536530655));
#6575=CARTESIAN_POINT('',(-0.0074960174502353,-8.67361737988404E-19,-0.0179889536530655));
#6576=CARTESIAN_POINT('',(-0.00752281467952355,-0.005,-0.0180360354262342));
#6577=CARTESIAN_POINT('',(-0.00752281467952355,-3.46944695195361E-18,-0.0180360354262342));
#6578=CARTESIAN_POINT('',(-0.00760066646824996,-0.005,-0.0181738056919316));
#6579=CARTESIAN_POINT('',(-0.00760066646824996,-2.60208521396521E-18,-0.0181738056919316));
#6580=CARTESIAN_POINT('',(-0.0077157298725519,-0.005,-0.0183480546425444));
#6581=CARTESIAN_POINT('',(-0.0077157298725519,3.46944695195361E-18,-0.0183480546425444));
#6582=CARTESIAN_POINT('',(-0.00790554125108697,-0.005,-0.0186049537434203));
#6583=CARTESIAN_POINT('',(-0.00790554125108697,-4.33680868994202E-18,-0.0186049537434203));
#6584=CARTESIAN_POINT('',(-0.00827950741827195,-0.005,-0.0190361605968357));
#6585=CARTESIAN_POINT('',(-0.00827950741827195,8.67361737988404E-19,-0.0190361605968357));
#6586=CARTESIAN_POINT('',(-0.00887186265782146,-0.005,-0.0196032887757142));
#6587=CARTESIAN_POINT('',(-0.00887186265782146,-2.60208521396521E-18,-0.0196032887757142));
#6588=CARTESIAN_POINT('',(-0.00946183567633556,-0.005,-0.0200473680885659));
#6589=CARTESIAN_POINT('',(-0.00946183567633556,-1.73472347597681E-18,-0.0200473680885659));
#6590=CARTESIAN_POINT('',(-0.00978066967930499,-0.005,-0.0202629834993808));
#6591=CARTESIAN_POINT('',(-0.00978066967930499,-1.73472347597681E-18,-0.0202629834993808));
#6592=CARTESIAN_POINT('',(-0.00735742729440849,-0.005,-0.0176593738891664));
#6593=CARTESIAN_POINT('',(-0.00610230128959353,-0.0025,-0.018144821182318));
#6594=CARTESIAN_POINT('',(-0.00671735389049509,-0.0025,-0.0179262314354447));
#6595=CARTESIAN_POINT('',(-0.0101842931992313,-0.005,-0.0161946099239055));
#6596=CARTESIAN_POINT('',(-0.0101842931992313,-8.67361737988404E-19,-0.0161946099239055));
#6597=CARTESIAN_POINT('',(-0.0102553917814101,-0.005,-0.0163077290880278));
#6598=CARTESIAN_POINT('',(-0.0102553917814101,-8.67361737988404E-19,-0.0163077290880278));
#6599=CARTESIAN_POINT('',(-0.0103736277835343,-0.005,-0.0164978961614823));
#6600=CARTESIAN_POINT('',(-0.0103736277835343,-1.73472347597681E-18,-0.0164978961614823));
#6601=CARTESIAN_POINT('',(-0.010396638739905,-0.005,-0.0165469398231436));
#6602=CARTESIAN_POINT('',(-0.010396638739905,8.67361737988404E-19,-0.0165469398231436));
#6603=CARTESIAN_POINT('',(-0.0104642973045318,-0.005,-0.0166899917918503));
#6604=CARTESIAN_POINT('',(-0.0104642973045318,-1.73472347597681E-18,-0.0166899917918503));
#6605=CARTESIAN_POINT('',(-0.0105402986500147,-0.005,-0.0168844810699198));
#6606=CARTESIAN_POINT('',(-0.0105402986500147,-8.67361737988404E-19,-0.0168844810699198));
#6607=CARTESIAN_POINT('',(-0.0106407169940571,-0.005,-0.017187699907778));
#6608=CARTESIAN_POINT('',(-0.0106407169940571,0.,-0.017187699907778));
#6609=CARTESIAN_POINT('',(-0.0107773410812049,-0.005,-0.0177418875144982));
#6610=CARTESIAN_POINT('',(-0.0107773410812049,0.,-0.0177418875144982));
#6611=CARTESIAN_POINT('',(-0.0108990681184767,-0.005,-0.0185528755720533));
#6612=CARTESIAN_POINT('',(-0.0108990681184767,1.73472347597681E-18,-0.0185528755720533));
#6613=CARTESIAN_POINT('',(-0.0109216417168295,-0.005,-0.0192909575670477));
#6614=CARTESIAN_POINT('',(-0.0109216417168295,-8.67361737988404E-19,-0.0192909575670477));
#6615=CARTESIAN_POINT('',(-0.0109139277204008,-0.005,-0.0196757765129034));
#6616=CARTESIAN_POINT('',(-0.0109139277204008,-8.67361737988404E-19,-0.0196757765129034));
#6617=CARTESIAN_POINT('',(-0.0101842932547874,-8.67361737988404E-19,-0.0161946100122962));
#6618=CARTESIAN_POINT('',(0.,-0.005,0.));
#6619=CARTESIAN_POINT('',(-0.0108951816765933,-0.005,-0.0148895102751577));
#6620=CARTESIAN_POINT('',(-0.0103812294673777,-0.005,-0.0152522973595996));
#6621=CARTESIAN_POINT('',(-0.0118490359234597,-0.005,-0.0150195061916141));
#6622=CARTESIAN_POINT('',(-0.0118490359234597,8.67361737988404E-19,-0.0150195061916141));
#6623=CARTESIAN_POINT('',(-0.0119318142257289,-0.005,-0.0151243809090296));
#6624=CARTESIAN_POINT('',(-0.0119318142257289,8.67361737988404E-19,-0.0151243809090296));
#6625=CARTESIAN_POINT('',(-0.0120714064011828,-0.005,-0.0152994731492249));
#6626=CARTESIAN_POINT('',(-0.0120714064011828,2.60208521396521E-18,-0.0152994731492249));
#6627=CARTESIAN_POINT('',(-0.0121099124268987,-0.005,-0.0153375791965901));
#6628=CARTESIAN_POINT('',(-0.0121099124268987,8.67361737988404E-19,-0.0153375791965901));
#6629=CARTESIAN_POINT('',(-0.0122220472329609,-0.005,-0.0154492364058854));
#6630=CARTESIAN_POINT('',(-0.0122220472329609,-8.67361737988404E-19,-0.0154492364058854));
#6631=CARTESIAN_POINT('',(-0.0123798555783572,-0.005,-0.0155859799977738));
#6632=CARTESIAN_POINT('',(-0.0123798555783572,3.46944695195361E-18,-0.0155859799977738));
#6633=CARTESIAN_POINT('',(-0.0126319387840134,-0.005,-0.0157821420860537));
#6634=CARTESIAN_POINT('',(-0.0126319387840134,8.67361737988404E-19,-0.0157821420860537));
#6635=CARTESIAN_POINT('',(-0.0131083754880312,-0.005,-0.0160964637552017));
#6636=CARTESIAN_POINT('',(-0.0131083754880312,1.73472347597681E-18,-0.0160964637552017));
#6637=CARTESIAN_POINT('',(-0.0138317739399381,-0.005,-0.0164827457517775));
#6638=CARTESIAN_POINT('',(-0.0138317739399381,-8.67361737988404E-19,-0.0164827457517775));
#6639=CARTESIAN_POINT('',(-0.0145196803232791,-0.005,-0.0167511845836111));
#6640=CARTESIAN_POINT('',(-0.0145196803232791,0.,-0.0167511845836111));
#6641=CARTESIAN_POINT('',(-0.0148848634381822,-0.005,-0.0168727840055671));
#6642=CARTESIAN_POINT('',(-0.0148848634381822,0.,-0.0168727840055671));
#6643=CARTESIAN_POINT('',(-0.0118490359881422,-0.005,-0.0150195062735628));
#6644=CARTESIAN_POINT('',(-0.0107714255725653,-0.0025,-0.0158255808077288));
#6645=CARTESIAN_POINT('',(-0.0113046955466872,-0.0025,-0.0154491577558126));
#6646=CARTESIAN_POINT('',(-0.0171161171245599,-0.005,-0.00854539367927036));
#6647=CARTESIAN_POINT('',(-0.0171161171245599,0.,-0.00854539367927036));
#6648=CARTESIAN_POINT('',(-0.0172356400349286,-0.005,-0.00860510320595217));
#6649=CARTESIAN_POINT('',(-0.0172356400349286,0.,-0.00860510320595217));
#6650=CARTESIAN_POINT('',(-0.0174354709286517,-0.005,-0.00870615211459743));
#6651=CARTESIAN_POINT('',(-0.0174354709286517,0.,-0.00870615211459743));
#6652=CARTESIAN_POINT('',(-0.0174806142357421,-0.005,-0.00873609984718569));
#6653=CARTESIAN_POINT('',(-0.0174806142357421,0.,-0.00873609984718569));
#6654=CARTESIAN_POINT('',(-0.0176127505332041,-0.005,-0.00882317192084472));
#6655=CARTESIAN_POINT('',(-0.0176127505332041,-8.67361737988404E-19,-0.00882317192084472));
#6656=CARTESIAN_POINT('',(-0.0177787410648952,-0.005,-0.00894985825470958));
#6657=CARTESIAN_POINT('',(-0.0177787410648952,8.67361737988404E-19,-0.00894985825470958));
#6658=CARTESIAN_POINT('',(-0.0180220880881169,-0.005,-0.00915675855374601));
#6659=CARTESIAN_POINT('',(-0.0180220880881169,0.,-0.00915675855374601));
#6660=CARTESIAN_POINT('',(-0.0184267693450649,-0.005,-0.00955927951581681));
#6661=CARTESIAN_POINT('',(-0.0184267693450649,-8.67361737988404E-19,-0.00955927951581681));
#6662=CARTESIAN_POINT('',(-0.0189521516661439,-0.005,-0.0101889560341955));
#6663=CARTESIAN_POINT('',(-0.0189521516661439,0.,-0.0101889560341955));
#6664=CARTESIAN_POINT('',(-0.0193549345450161,-0.005,-0.0108078587334664));
#6665=CARTESIAN_POINT('',(-0.0193549345450161,2.60208521396521E-18,-0.0108078587334664));
#6666=CARTESIAN_POINT('',(-0.019548289304717,-0.005,-0.0111406635767777));
#6667=CARTESIAN_POINT('',(-0.019548289304717,-8.67361737988404E-19,-0.0111406635767777));
#6668=CARTESIAN_POINT('',(-0.0171161172179546,-8.67361737988404E-19,-0.00854539372592711));
#6669=CARTESIAN_POINT('',(0.,-0.005,0.));
#6670=CARTESIAN_POINT('',(-0.0170454052034002,-0.005,-0.00706092497141101));
#6671=CARTESIAN_POINT('',(-0.0167947728091931,-0.005,-0.00763793861507071));
#6672=CARTESIAN_POINT('',(-0.0179279405727929,-0.005,-0.00667638864759829));
#6673=CARTESIAN_POINT('',(-0.0179279405727929,0.,-0.00667638864759829));
#6674=CARTESIAN_POINT('',(-0.0180531591804607,-0.005,-0.00672298536393416));
#6675=CARTESIAN_POINT('',(-0.0180531591804607,0.,-0.00672298536393416));
#6676=CARTESIAN_POINT('',(-0.0182634045616726,-0.005,-0.0068000577176262));
#6677=CARTESIAN_POINT('',(-0.0182634045616726,-1.73472347597681E-18,-0.0068000577176262));
#6678=CARTESIAN_POINT('',(-0.0183161041478465,-0.005,-0.00681260915098395));
#6679=CARTESIAN_POINT('',(-0.0183161041478465,-8.67361737988404E-19,-0.00681260915098395));
#6680=CARTESIAN_POINT('',(-0.0184699295959267,-0.005,-0.00684974779179309));
#6681=CARTESIAN_POINT('',(-0.0184699295959267,0.,-0.00684974779179309));
#6682=CARTESIAN_POINT('',(-0.018675813884048,-0.005,-0.00688458948670033));
#6683=CARTESIAN_POINT('',(-0.018675813884048,8.67361737988404E-19,-0.00688458948670033));
#6684=CARTESIAN_POINT('',(-0.0189931213391966,-0.005,-0.00692121579363059));
#6685=CARTESIAN_POINT('',(-0.0189931213391966,8.67361737988404E-19,-0.00692121579363059));
#6686=CARTESIAN_POINT('',(-0.0195635145985853,-0.005,-0.00694222946240463));
#6687=CARTESIAN_POINT('',(-0.0195635145985853,-1.73472347597681E-18,-0.00694222946240463));
#6688=CARTESIAN_POINT('',(-0.0203823061987218,-0.005,-0.0068964100708147));
#6689=CARTESIAN_POINT('',(-0.0203823061987218,3.46944695195361E-18,-0.0068964100708147));
#6690=CARTESIAN_POINT('',(-0.0211095432697468,-0.005,-0.00676834430175615));
#6691=CARTESIAN_POINT('',(-0.0211095432697468,-8.67361737988404E-19,-0.00676834430175615));
#6692=CARTESIAN_POINT('',(-0.0214847439173147,-0.005,-0.00668249792212941));
#6693=CARTESIAN_POINT('',(-0.0214847439173147,-8.67361737988404E-19,-0.00668249792212941));
#6694=CARTESIAN_POINT('',(-0.0179279406706381,-0.005,-0.00667638868400877));
#6695=CARTESIAN_POINT('',(-0.0174260328115128,-0.0025,-0.00792502348383583));
#6696=CARTESIAN_POINT('',(-0.0176860856490656,-0.0025,-0.00732632180437045));
#6697=CARTESIAN_POINT('',(-0.0141758854485757,-0.005,-0.0128463804359138));
#6698=CARTESIAN_POINT('',(-0.0141758854485757,-1.73472347597681E-18,-0.0128463804359138));
#6699=CARTESIAN_POINT('',(-0.0142748666876977,-0.005,-0.0129361226666718));
#6700=CARTESIAN_POINT('',(-0.0142748666876977,-1.73472347597681E-18,-0.0129361226666718));
#6701=CARTESIAN_POINT('',(-0.0144400246405285,-0.005,-0.0130873381375779));
#6702=CARTESIAN_POINT('',(-0.0144400246405285,-8.67361737988404E-19,-0.0130873381375779));
#6703=CARTESIAN_POINT('',(-0.0144754141097781,-0.005,-0.0131283548454963));
#6704=CARTESIAN_POINT('',(-0.0144754141097781,-3.46944695195361E-18,-0.0131283548454963));
#6705=CARTESIAN_POINT('',(-0.0145791586705591,-0.005,-0.0132478479968757));
#6706=CARTESIAN_POINT('',(-0.0145791586705591,-1.73472347597681E-18,-0.0132478479968757));
#6707=CARTESIAN_POINT('',(-0.0147048142592341,-0.005,-0.0134146201673178));
#6708=CARTESIAN_POINT('',(-0.0147048142592341,-2.60208521396521E-18,-0.0134146201673178));
#6709=CARTESIAN_POINT('',(-0.0148833162820875,-0.005,-0.0136795022831533));
#6710=CARTESIAN_POINT('',(-0.0148833162820875,1.73472347597681E-18,-0.0136795022831533));
#6711=CARTESIAN_POINT('',(-0.0151643920043786,-0.005,-0.0141762783725234));
#6712=CARTESIAN_POINT('',(-0.0151643920043786,-4.33680868994202E-18,-0.0141762783725234));
#6713=CARTESIAN_POINT('',(-0.0155004070322805,-0.005,-0.0149243512313573));
#6714=CARTESIAN_POINT('',(-0.0155004070322805,2.60208521396521E-18,-0.0149243512313573));
#6715=CARTESIAN_POINT('',(-0.0157212756794707,-0.005,-0.0156289728598686));
#6716=CARTESIAN_POINT('',(-0.0157212756794707,-1.73472347597681E-18,-0.0156289728598686));
#6717=CARTESIAN_POINT('',(-0.0158176706480268,-0.005,-0.0160016028866612));
#6718=CARTESIAN_POINT('',(-0.0158176706480268,-1.73472347597681E-18,-0.0160016028866612));
#6719=CARTESIAN_POINT('',(-0.0141758855259191,-8.67361737988404E-19,-0.0128463805060379));
#6720=CARTESIAN_POINT('',(0.,-0.005,0.));
#6721=CARTESIAN_POINT('',(-0.0145083005815335,-0.005,-0.011397882006578));
#6722=CARTESIAN_POINT('',(-0.0141112858984092,-0.005,-0.011885878608389));
#6723=CARTESIAN_POINT('',(-0.0154618558039748,-0.005,-0.0112657105258595));
#6724=CARTESIAN_POINT('',(-0.0154618558039748,-1.73472347597681E-18,-0.0112657105258595));
#6725=CARTESIAN_POINT('',(-0.0155698593223819,-0.005,-0.0113443628855906));
#6726=CARTESIAN_POINT('',(-0.0155698593223819,-1.73472347597681E-18,-0.0113443628855906));
#6727=CARTESIAN_POINT('',(-0.0157515143623643,-0.005,-0.0114753007123388));
#6728=CARTESIAN_POINT('',(-0.0157515143623643,-8.67361737988404E-19,-0.0114753007123388));
#6729=CARTESIAN_POINT('',(-0.0157988733687339,-0.005,-0.011501604882691));
#6730=CARTESIAN_POINT('',(-0.0157988733687339,-4.33680868994202E-18,-0.011501604882691));
#6731=CARTESIAN_POINT('',(-0.0159369746665488,-0.005,-0.0115788679311686));
#6732=CARTESIAN_POINT('',(-0.0159369746665488,-1.73472347597681E-18,-0.0115788679311686));
#6733=CARTESIAN_POINT('',(-0.0161258240299865,-0.005,-0.0116679645176823));
#6734=CARTESIAN_POINT('',(-0.0161258240299865,-3.46944695195361E-18,-0.0116679645176823));
#6735=CARTESIAN_POINT('',(-0.0164214832046043,-0.005,-0.0117888411486603));
#6736=CARTESIAN_POINT('',(-0.0164214832046043,-8.67361737988404E-19,-0.0117888411486603));
#6737=CARTESIAN_POINT('',(-0.0169650553146709,-0.005,-0.0119629658332663));
#6738=CARTESIAN_POINT('',(-0.0169650553146709,-1.73472347597681E-18,-0.0119629658332663));
#6739=CARTESIAN_POINT('',(-0.017765845825085,-0.005,-0.0121397528789759));
#6740=CARTESIAN_POINT('',(-0.017765845825085,-1.73472347597681E-18,-0.0121397528789759));
#6741=CARTESIAN_POINT('',(-0.0185006667037627,-0.005,-0.0122126423496601));
#6742=CARTESIAN_POINT('',(-0.0185006667037627,-8.67361737988404E-19,-0.0122126423496601));
#6743=CARTESIAN_POINT('',(-0.0188851149695687,-0.005,-0.0122312073099112));
#6744=CARTESIAN_POINT('',(-0.0188851149695687,-1.73472347597681E-18,-0.0122312073099112));
#6745=CARTESIAN_POINT('',(-0.0154618558883683,-0.005,-0.0112657105873181));
#6746=CARTESIAN_POINT('',(-0.0146416824968131,-0.0025,-0.0123326295018453));
#6747=CARTESIAN_POINT('',(-0.0150536196497225,-0.0025,-0.0118262907206259));
#6748=MECHANICAL_DESIGN_GEOMETRIC_PRESENTATION_REPRESENTATION('',(#2663),
#6749);
#6749=(
GEOMETRIC_REPRESENTATION_CONTEXT(3)
GLOBAL_UNCERTAINTY_ASSIGNED_CONTEXT((#6750))
GLOBAL_UNIT_ASSIGNED_CONTEXT((#6753,#6752,#6751))
REPRESENTATION_CONTEXT('sprockets','TOP_LEVEL_ASSEMBLY_PART')
);
#6750=UNCERTAINTY_MEASURE_WITH_UNIT(LENGTH_MEASURE(2.E-5),#6753,
'DISTANCE_ACCURACY_VALUE','Maximum Tolerance applied to model');
#6751=(
NAMED_UNIT(*)
SI_UNIT($,.STERADIAN.)
SOLID_ANGLE_UNIT()
);
#6752=(
NAMED_UNIT(*)
PLANE_ANGLE_UNIT()
SI_UNIT($,.RADIAN.)
);
#6753=(
LENGTH_UNIT()
NAMED_UNIT(*)
SI_UNIT($,.METRE.)
);
#6754=PRODUCT_DEFINITION_SHAPE('','',#6755);
#6755=PRODUCT_DEFINITION('','',#6757,#6756);
#6756=PRODUCT_DEFINITION_CONTEXT('',#6763,'design');
#6757=PRODUCT_DEFINITION_FORMATION_WITH_SPECIFIED_SOURCE('','',#6759,
 .NOT_KNOWN.);
#6758=PRODUCT_RELATED_PRODUCT_CATEGORY('','',(#6759));
#6759=PRODUCT('sprockets','sprockets','sprockets',(#6761));
#6760=PRODUCT_CATEGORY('','');
#6761=PRODUCT_CONTEXT('',#6763,'mechanical');
#6762=APPLICATION_PROTOCOL_DEFINITION('international standard',
'ap242_managed_model_based_3d_engineering',2020,#6763);
#6763=APPLICATION_CONTEXT('managed model based 3d engineering');
ENDSEC;
END-ISO-10303-21;
